{"time":"2026-07-19T23:31:03.564585+07:00","level":"INFO","msg":"Running wda","bundleid":"solumate.xxx","testbundleid":"solumate.xxx","xctestconfig":"WebDriverAgentRunner.xctest"}
{"time":"2026-07-19T23:31:03.777472+07:00","level":"INFO","msg":"got capabilities","module":"go-ios/testmanagerd","udid":"00008027-000404D13439002E","receivedCaps":{"CapabilitiesDictionary":{"authorize test session capability":1,"automation mode":1,"daemon container sandbox extension":1,"initiate daemon control session capability":4,"initiate test runner session capability":2,"record UI interaction capability":2,"recording events as source code":1,"report crashes capability":1,"request log archive capability":1,"request spindump capability":2,"request tailspin capability":1,"supports delayed attachment transfers":1}}}
{"time":"2026-07-19T23:31:03.95328+07:00","level":"INFO","msg":"got capabilities","module":"go-ios/testmanagerd","udid":"00008027-000404D13439002E","caps":{"CapabilitiesDictionary":{"authorize test session capability":1,"automation mode":1,"daemon container sandbox extension":1,"initiate daemon control session capability":4,"initiate test runner session capability":2,"record UI interaction capability":2,"recording events as source code":1,"report crashes capability":1,"request log archive capability":1,"request spindump capability":2,"request tailspin capability":1,"supports delayed attachment transfers":1}}}
{"time":"2026-07-19T23:31:03.959177+07:00","level":"INFO","msg":"authorized","module":"go-ios/testmanagerd","udid":"00008027-000404D13439002E","pid":1375,"authorized":true}
23:31:04.141 WebDriverAgentRunner-Runner[1375:148205] Creating future for 'requesting test configuration' with timeout 600.00
23:31:04.141 WebDriverAgentRunner-Runner[1375:148205] Notifying test runner ready
23:31:04.141 WebDriverAgentRunner-Runner[1375:148205] <XCTWaiter: 0x105e45830> entering wait loop for 600.00s with expectations: `requesting test configuration`
23:31:04.147 WebDriverAgentRunner-Runner[1375:148221] Received test runner ready reply. Waiting for request to start running tests.
23:31:04.147 WebDriverAgentRunner-Runner[1375:148205] Returning result XCTWaiterResultCompleted for synchronous waiter <XCTWaiter: 0x105e45830>
23:31:04.147 WebDriverAgentRunner-Runner[1375:148205] Wait <XCTWaiterWait: 0x105e494c0> completed after 0.006s
23:31:04.147 WebDriverAgentRunner-Runner[1375:148205] cleaning up requesting test configuration
23:31:04.147 WebDriverAgentRunner-Runner[1375:148205] Loading test bundle at: file:///private/var/containers/Bundle/Application/0F8289BD-BBB0-4578-B04E-EE86C3C770D4/WebDriverAgentRunner-Runner.app/PlugIns/WebDriverAgentRunner.xctest/
23:31:04.193 WebDriverAgentRunner-Runner[1375:148205] Finished loading test bundle
23:31:04.193 WebDriverAgentRunner-Runner[1375:148205] Interop: not enabled, so skipping install
23:31:04.193 WebDriverAgentRunner-Runner[1375:148205] Registering in-process symbolication service with image names: WebDriverAgentRunner
23:31:04.194 WebDriverAgentRunner-Runner[1375:148205] Running tests with active test configuration: <XCTestConfiguration: 0x105eec000>
	                  testBundleURL:file://PlugIns/WebDriverAgentRunner.xctest
	         testBundleRelativePath:(null)
	              productModuleName:WebDriverAgentRunner
	                  testSelection:<XCTTestSelection: 0x105e44060>
	            identifiersToRun:(null)
	            identifiersToSkip:
	            tagsToRun:(null)
	            tagsToSkip:<XCTTagSelection: 0x105cd7da0>
	            mode:and
	            tags:{(
)}
	  includeXCTests:NO


	             reportResultsToIDE:YES
	               testsDrivenByIDE:NO
	inProcessParallelizationEnabled:YES
	              sessionIdentifier:97F2F8D8-361A-4079-934D-531BF90A1AAD
	      disablePerformanceMetrics:NO
	treatMissingBaselinesAsFailures:NO
	                baselineFileURL:(null)
	       baselineFileRelativePath:(null)
	          targetApplicationPath:/private/var/containers/Bundle/Application/0F8289BD-BBB0-4578-B04E-EE86C3C770D4/WebDriverAgentRunner-Runner.app
	      targetApplicationBundleID:solumate.xxx
	 testApplicationDependencies:(null)
	 bundleIDsForCrashReportEmphasis:(null)
	 testApplicationUserOverrides:(null)
	     targetApplicationArguments:(null)
	   targetApplicationEnvironment:(null)
	                  reportActivities:YES
	          testsMustRunOnMainThread:YES
	            initializeForUITesting:YES
	            traceCollectionEnabled:(null)
	 enablePerformanceTestsDiagnostics:(null)
	 aggregateStatisticsBeforeCrash:
{
    XCSuiteRecordsKey =     {
    };
}
	        automationFrameworkPath:/System/Developer/Library/PrivateFrameworks/XCTAutomationSupport.framework
	                     emitOSLogs:NO
	       systemAttachmentLifetime:keepNever
	         userAttachmentLifetime:keepAlways
	   preferredScreenCaptureFormat:screenshots
	   gatherLocalizableStringsData:NO
	          testExecutionOrdering:alphabetical
	    randomExecutionOrderingSeed:(null)
	               repetitionPolicy:<XCTRepetitionPolicy: 0x105cd73e0>
	            mode:None
	            maximumIterations:1
	            repeatInNewRunnerProcess:NO

	       runtimeDiagnosticsPolicy:<XCTRuntimeDiagnosticsPolicy: 0x105e44000>
	            otherRuntimeIssuesDetectionPolicy:<XCTRuntimeIssueDetectionPolicy: 0x105cd6ca0>
	            detectionEnabled:YES
	            severity:warning

	            threadPerformanceCheckerRuntimeIssueDetectionPolicy:<XCTRuntimeIssueDetectionPolicy: 0x105cd6ca0>
	            detectionEnabled:YES
	            severity:warning

	            mainThreadCheckerDetectionPolicy:<XCTRuntimeIssueDetectionPolicy: 0x105cd6ca0>
	            detectionEnabled:YES
	            severity:warning

	            checkedAllocations:disabled

	            testTimeoutsEnabled:NO
	              leaksCheckingMode:off
	 defaultTestExecutionTimeAllowance:600
	 maximumTestExecutionTimeAllowance:0
	                IDECapabilities:<XCTCapabilities: 0x105df86a0>: {
    "XCTIssue capability" = 1;
    "daemon container sandbox extension" = 1;
    "delayed attachment transfer" = 1;
    "expected failure test capability" = 1;
    "request diagnostics for specific devices" = 1;
    "skipped test capability" = 1;
    "test case run configurations" = 1;
    "test iterations" = 1;
    "test timeout capability" = 1;
    "ubiquitous test identifiers" = 1;
}
	        symbolicationImageNames:(null)
	         applicationBundleInfos:(null)

23:31:04.194 WebDriverAgentRunner-Runner[1375:148205] <XCTWaiter: 0x105e463a0> entering wait loop for 600.00s with expectations: `requesting ready for testing`
23:31:04.194 WebDriverAgentRunner-Runner[1375:148205] Returning result XCTWaiterResultCompleted for synchronous waiter <XCTWaiter: 0x105e463a0>
23:31:04.194 WebDriverAgentRunner-Runner[1375:148205] Wait <XCTWaiterWait: 0x105e49700> completed after 0.000s
23:31:04.194 WebDriverAgentRunner-Runner[1375:148205] cleaning up requesting ready for testing
23:31:04.194 WebDriverAgentRunner-Runner[1375:148205] <XCTWaiter: 0x105e44600> entering wait loop for 600.00s with expectations: `IDE proxy`
23:31:04.194 WebDriverAgentRunner-Runner[1375:148205] Returning result XCTWaiterResultCompleted for synchronous waiter <XCTWaiter: 0x105e44600>
23:31:04.194 WebDriverAgentRunner-Runner[1375:148205] Wait <XCTWaiterWait: 0x105e49840> completed after 0.000s
23:31:04.194 WebDriverAgentRunner-Runner[1375:148205] cleaning up IDE proxy
23:31:04.195 WebDriverAgentRunner-Runner[1375:148205] Initializing for UI testing.
23:31:04.197 WebDriverAgentRunner-Runner[1375:148205] Linked XCTAutomationSupport.framework from /System/Developer/Library/PrivateFrameworks/XCTAutomationSupport.framework/XCTAutomationSupport, built with Xcode 2650(17F41), modified on lúc 12:04:18 Giờ Đông Dương Thứ Năm, ngày 30 tháng 4, 2026, bundle version: 24904
23:31:04.197 WebDriverAgentRunner-Runner[1375:148205] <XCTWaiter: 0x105e47090> entering wait loop for 60.00s with expectations: `initiating daemon session`
23:31:04.197 WebDriverAgentRunner-Runner[1375:148205] Returning result XCTWaiterResultCompleted for synchronous waiter <XCTWaiter: 0x105e47090>
23:31:04.197 WebDriverAgentRunner-Runner[1375:148205] Wait <XCTWaiterWait: 0x105e49a40> completed after 0.000s
23:31:04.197 WebDriverAgentRunner-Runner[1375:148205] cleaning up initiating daemon session
23:31:04.197 WebDriverAgentRunner-Runner[1375:148205] Creating future for 'enabling automation mode' with timeout 60.00
23:31:04.197 WebDriverAgentRunner-Runner[1375:148205] <XCTWaiter: 0x105e473f0> entering wait loop for 60.00s with expectations: `enabling automation mode`
23:31:04.203 WebDriverAgentRunner-Runner[1375:148205] Returning result XCTWaiterResultCompleted for synchronous waiter <XCTWaiter: 0x105e473f0>
23:31:04.203 WebDriverAgentRunner-Runner[1375:148205] Wait <XCTWaiterWait: 0x105e49c00> completed after 0.006s
23:31:04.203 WebDriverAgentRunner-Runner[1375:148205] cleaning up enabling automation mode
23:31:04.204 WebDriverAgentRunner-Runner[1375:148205] Creating future for 'loading Accessibility' with timeout 70.00
23:31:04.204 WebDriverAgentRunner-Runner[1375:148205] <XCTWaiter: 0x105e475d0> entering wait loop for 70.00s with expectations: `loading Accessibility`
23:31:04.514 WebDriverAgentRunner-Runner[1375:148205] Returning result XCTWaiterResultCompleted for synchronous waiter <XCTWaiter: 0x105e475d0>
23:31:04.515 WebDriverAgentRunner-Runner[1375:148205] Wait <XCTWaiterWait: 0x105e49d00> completed after 0.311s
23:31:04.515 WebDriverAgentRunner-Runner[1375:148205] cleaning up loading Accessibility
23:31:04.515 WebDriverAgentRunner-Runner[1375:148205] Creating future for 'enabling localized string gathering' with timeout 70.00
23:31:04.515 WebDriverAgentRunner-Runner[1375:148205] <XCTWaiter: 0x108d39f80> entering wait loop for 70.00s with expectations: `enabling localized string gathering`
23:31:04.515 WebDriverAgentRunner-Runner[1375:148205] Returning result XCTWaiterResultCompleted for synchronous waiter <XCTWaiter: 0x108d39f80>
23:31:04.515 WebDriverAgentRunner-Runner[1375:148205] Wait <XCTWaiterWait: 0x105c58e00> completed after 0.000s
23:31:04.515 WebDriverAgentRunner-Runner[1375:148205] cleaning up enabling localized string gathering
23:31:04.515 WebDriverAgentRunner-Runner[1375:148205] Creating future for 'setting AX timeout to 60.00s' with timeout 65.00
23:31:04.515 WebDriverAgentRunner-Runner[1375:148205] <XCTWaiter: 0x108d3a0a0> entering wait loop for 65.00s with expectations: `setting AX timeout to 60.00s`
23:31:04.516 WebDriverAgentRunner-Runner[1375:148205] Returning result XCTWaiterResultCompleted for synchronous waiter <XCTWaiter: 0x108d3a0a0>
23:31:04.516 WebDriverAgentRunner-Runner[1375:148205] Wait <XCTWaiterWait: 0x105c5bc00> completed after 0.000s
23:31:04.516 WebDriverAgentRunner-Runner[1375:148205] cleaning up setting AX timeout to 60.00s
23:31:04.516 WebDriverAgentRunner-Runner[1375:148205] Creating future for 'registering for kAXUserTestingNotification' with timeout 65.00
23:31:04.516 WebDriverAgentRunner-Runner[1375:148205] <XCTWaiter: 0x108d3a3d0> entering wait loop for 65.00s with expectations: `registering for kAXUserTestingNotification`
23:31:04.516 WebDriverAgentRunner-Runner[1375:148205] Returning result XCTWaiterResultCompleted for synchronous waiter <XCTWaiter: 0x108d3a3d0>
23:31:04.516 WebDriverAgentRunner-Runner[1375:148205] Wait <XCTWaiterWait: 0x105c59000> completed after 0.000s
23:31:04.516 WebDriverAgentRunner-Runner[1375:148205] cleaning up registering for kAXUserTestingNotification
23:31:04.516 WebDriverAgentRunner-Runner[1375:148205] Creating future for 'registering for kAXAlertNotification' with timeout 65.00
23:31:04.517 WebDriverAgentRunner-Runner[1375:148205] <XCTWaiter: 0x108d3a610> entering wait loop for 65.00s with expectations: `registering for kAXAlertNotification`
23:31:04.517 WebDriverAgentRunner-Runner[1375:148205] Returning result XCTWaiterResultCompleted for synchronous waiter <XCTWaiter: 0x108d3a610>
23:31:04.517 WebDriverAgentRunner-Runner[1375:148205] Wait <XCTWaiterWait: 0x105c590c0> completed after 0.000s
23:31:04.517 WebDriverAgentRunner-Runner[1375:148205] cleaning up registering for kAXAlertNotification
23:31:04.517 WebDriverAgentRunner-Runner[1375:148205] Creating future for 'registering for kAXPidStatusChangedNotification' with timeout 65.00
23:31:04.517 WebDriverAgentRunner-Runner[1375:148205] <XCTWaiter: 0x108d3a8e0> entering wait loop for 65.00s with expectations: `registering for kAXPidStatusChangedNotification`
23:31:04.517 WebDriverAgentRunner-Runner[1375:148205] Returning result XCTWaiterResultCompleted for synchronous waiter <XCTWaiter: 0x108d3a8e0>
23:31:04.517 WebDriverAgentRunner-Runner[1375:148205] Wait <XCTWaiterWait: 0x105c59280> completed after 0.000s
23:31:04.518 WebDriverAgentRunner-Runner[1375:148205] cleaning up registering for kAXPidStatusChangedNotification
23:31:04.518 WebDriverAgentRunner-Runner[1375:148205] Creating future for 'registering for AXNotification 3031' with timeout 65.00
23:31:04.518 WebDriverAgentRunner-Runner[1375:148205] <XCTWaiter: 0x108d3ab20> entering wait loop for 65.00s with expectations: `registering for AXNotification 3031`
23:31:04.518 WebDriverAgentRunner-Runner[1375:148205] Returning result XCTWaiterResultCompleted for synchronous waiter <XCTWaiter: 0x108d3ab20>
23:31:04.518 WebDriverAgentRunner-Runner[1375:148205] Wait <XCTWaiterWait: 0x105c5bd80> completed after 0.000s
23:31:04.518 WebDriverAgentRunner-Runner[1375:148205] cleaning up registering for AXNotification 3031
23:31:04.518 WebDriverAgentRunner-Runner[1375:148205] Creating future for 'requesting background assertion for test process' with timeout 30.00
23:31:04.518 WebDriverAgentRunner-Runner[1375:148205] <XCTWaiter: 0x108d3ad60> entering wait loop for 30.00s with expectations: `requesting background assertion for test process`
23:31:04.519 WebDriverAgentRunner-Runner[1375:148224] Got reply for background assertion for 1375, acquired: YES.
23:31:04.519 WebDriverAgentRunner-Runner[1375:148205] Returning result XCTWaiterResultCompleted for synchronous waiter <XCTWaiter: 0x108d3ad60>
23:31:04.519 WebDriverAgentRunner-Runner[1375:148205] Wait <XCTWaiterWait: 0x105c595c0> completed after 0.001s
23:31:04.519 WebDriverAgentRunner-Runner[1375:148205] cleaning up requesting background assertion for test process
23:31:04.519 WebDriverAgentRunner-Runner[1375:148205] Test runner is already executing in the background.
23:31:04.519 WebDriverAgentRunner-Runner[1375:148205] Done initializing for UI testing.
23:31:04.520 WebDriverAgentRunner-Runner[1375:148205] Loading test suite...
    t =      nans Interface orientation changed to Landscape Left
23:31:04.580 WebDriverAgentRunner-Runner[1375:148205] Finished loading test suite, took 0.059s
23:31:04.580 WebDriverAgentRunner-Runner[1375:148205] <XCTWaiter: 0x105e44720> entering wait loop for 599.55s with expectations: `preparing execution worker`
{"time":"2026-07-19T23:31:04.50483+07:00","level":"INFO","msg":"device called local method","module":"go-ios/testmanagerd","id":"","sel":"_XCT_didFormPlanWithData:"}
23:31:04.597 WebDriverAgentRunner-Runner[1375:148205] Returning result XCTWaiterResultCompleted for synchronous waiter <XCTWaiter: 0x105e44720>
23:31:04.597 WebDriverAgentRunner-Runner[1375:148205] Wait <XCTWaiterWait: 0x105c5b5c0> completed after 0.017s
23:31:04.597 WebDriverAgentRunner-Runner[1375:148205] cleaning up preparing execution worker
23:31:04.597 WebDriverAgentRunner-Runner[1375:148205] Entering test execution event loop
23:31:04.597 WebDriverAgentRunner-Runner[1375:148205] Setting a new interop record handler: Optional(XCTestCore.XCTestInteropRecordHandler())
23:31:04.597 WebDriverAgentRunner-Runner[1375:148205] -[XCTRunnerIDESession(_XCTestObservationInternal) testBundleWillStart:]
23:31:04.597 WebDriverAgentRunner-Runner[1375:148205] Running suite...
23:31:04.597 WebDriverAgentRunner-Runner[1375:148205] -[XCTRunnerIDESession(_XCTestObservationInternal) testSuiteWillStart:]
23:31:04.598 WebDriverAgentRunner-Runner[1375:148205] -[XCTRunnerIDESession(_XCTestObservationInternal) testSuiteWillStart:]
23:31:04.598 WebDriverAgentRunner-Runner[1375:148205] -[XCTRunnerIDESession(_XCTestObservationInternal) testSuiteWillStart:]
Test Suite 'All tests' started at 2026-07-19 23:31:04.597.
XCTestOutputBarrierTest Suite 'WebDriverAgentRunner.xctest' started at 2026-07-19 23:31:04.598.
XCTestOutputBarrier23:31:04.598 WebDriverAgentRunner-Runner[1375:148205] <XCTContext: 0x108d34780> started activity <XCActivityRecord: 0x108d4a220> 2026-07-19 16:31:04 +0000: Suite Set Up(Not reporting due to no test case running)
Test Suite 'UITestingUITests' started at 2026-07-19 23:31:04.598.
XCTestOutputBarrier    t =      nans Suite Set Up
23:31:04.675 WebDriverAgentRunner-Runner[1375:148205] <XCTContext: 0x108d34780> finished activity <XCActivityRecord: 0x108d4a220> 2026-07-19 16:31:04 +0000: Suite Set Up (0.0763041s)(Not reporting due to no test case running)
23:31:04.675 WebDriverAgentRunner-Runner[1375:148205] -[XCTRuntimeIssueDetectionManager runtimeIssueDetectionEnabled] runtimeIssueDetectionEnabled based on XCTDisableRuntimeIssues and runtime diagnostics policies: YES
23:31:04.676 WebDriverAgentRunner-Runner[1375:148205] -[XCTRunnerIDESession(_XCTestObservationInternal) testCaseWillStart:] UITestingUITests testRunner
23:31:04.677 WebDriverAgentRunner-Runner[1375:148205] <XCTContext: 0x105fc62b0> started activity <XCActivityRecord: 0x108d4a220> 2026-07-19 16:31:04 +0000: Start Test at 2026-07-19 23:31:04.676
Test Case '-[UITestingUITests testRunner]' started.
XCTestOutputBarrier23:31:04.677 WebDriverAgentRunner-Runner[1375:148205] Creating future for 'requesting to start screen recording' with timeout 30.00
23:31:04.677 WebDriverAgentRunner-Runner[1375:148205] Failed to start diagnostic screen recording - configuration prefers screenshots.
23:31:04.678 WebDriverAgentRunner-Runner[1375:148205] Error (com.apple.dt.xctest.ui-testing.error) 10005, userInfo keys: (null): Unknown error starting diagnostic screen recording.
23:31:04.678 WebDriverAgentRunner-Runner[1375:148205] <XCTWaiter: 0x105c504e0> entering wait loop for 30.00s with expectations: `requesting to start screen recording`
23:31:04.678 WebDriverAgentRunner-Runner[1375:148205] Returning result XCTWaiterResultCompleted for synchronous waiter <XCTWaiter: 0x105c504e0>
23:31:04.678 WebDriverAgentRunner-Runner[1375:148205] Wait <XCTWaiterWait: 0x105c58900> completed after 0.000s
23:31:04.678 WebDriverAgentRunner-Runner[1375:148205] cleaning up requesting to start screen recording
23:31:04.678 WebDriverAgentRunner-Runner[1375:148205] Creating future for 'getting screen identifiers' with timeout 30.00
23:31:04.678 WebDriverAgentRunner-Runner[1375:148205] <XCTWaiter: 0x105c510b0> entering wait loop for 30.00s with expectations: `getting screen identifiers`
23:31:04.678 WebDriverAgentRunner-Runner[1375:148205] Returning result XCTWaiterResultCompleted for synchronous waiter <XCTWaiter: 0x105c510b0>
23:31:04.678 WebDriverAgentRunner-Runner[1375:148205] Wait <XCTWaiterWait: 0x105c5b340> completed after 0.000s
23:31:04.678 WebDriverAgentRunner-Runner[1375:148205] cleaning up getting screen identifiers
23:31:04.678 WebDriverAgentRunner-Runner[1375:148205] <XCTContext: 0x105fc62b0> finished activity <XCActivityRecord: 0x108d4a220> 2026-07-19 16:31:04 +0000: Start Test at 2026-07-19 23:31:04.676 (0.00189698s)
23:31:04.680 WebDriverAgentRunner-Runner[1375:148205] <XCTContext: 0x105fc62b0> started activity <XCActivityRecord: 0x108d4a220> 2026-07-19 16:31:04 +0000: Set Up
23:31:04.680 WebDriverAgentRunner-Runner[1375:148205] <XCTWaiter: 0x108d388d0> entering indefinite wait loop for expectations: `failable invocation block completion`
23:31:04.680 WebDriverAgentRunner-Runner[1375:148205] Returning result XCTWaiterResultCompleted for synchronous waiter <XCTWaiter: 0x108d388d0>
23:31:04.680 WebDriverAgentRunner-Runner[1375:148205] Wait <XCTWaiterWait: 0x105c5b200> completed after 0.000s
23:31:04.680 WebDriverAgentRunner-Runner[1375:148205] cleaning up failable invocation block completion
23:31:04.680 WebDriverAgentRunner-Runner[1375:148205] <XCTContext: 0x105fc62b0> finished activity <XCActivityRecord: 0x108d4a220> 2026-07-19 16:31:04 +0000: Set Up (0.000751972s)
23:31:04.681 WebDriverAgentRunner-Runner[1375:148205] _assertObjectsInvalidAfterScope
    t =     0.00s Start Test at 2026-07-19 23:31:04.676
    t =     0.00s Set Up
23:31:04.710 WebDriverAgentRunner-Runner[1375:148205] Creating future for 'getting screen identifiers' with timeout 30.00
23:31:04.710 WebDriverAgentRunner-Runner[1375:148205] <XCTWaiter: 0x1095bb570> entering wait loop for 30.00s with expectations: `getting screen identifiers`
23:31:04.710 WebDriverAgentRunner-Runner[1375:148205] Returning result XCTWaiterResultCompleted for synchronous waiter <XCTWaiter: 0x1095bb570>
23:31:04.710 WebDriverAgentRunner-Runner[1375:148205] Wait <XCTWaiterWait: 0x105c5ba00> completed after 0.000s
23:31:04.710 WebDriverAgentRunner-Runner[1375:148205] cleaning up getting screen identifiers
23:31:04.824 WebDriverAgentRunner-Runner[1375:148221] Handling AXNotification 3031
23:31:05.682 WebDriverAgentRunner-Runner[1375:148205] Creating future for 'fetching attributes 'XC_kAXXCAttributeSystemAppApplication' for Device system-wide element' with timeout 65.00
23:31:05.684 WebDriverAgentRunner-Runner[1375:148205] <XCTWaiter: 0x1095efae0> entering wait loop for 65.00s with expectations: `fetching attributes 'XC_kAXXCAttributeSystemAppApplication' for Device system-wide element`
23:31:05.686 WebDriverAgentRunner-Runner[1375:148223] Got attribute fetch response with values {
    "XC_kAXXCAttributeSystemAppApplication" = "AX element pid: 174, elementOrHash.elementID: 0.1";
}, error: (null)
23:31:05.687 WebDriverAgentRunner-Runner[1375:148205] Returning result XCTWaiterResultCompleted for synchronous waiter <XCTWaiter: 0x1095efae0>
23:31:05.688 WebDriverAgentRunner-Runner[1375:148205] Wait <XCTWaiterWait: 0x105e4a2c0> completed after 0.004s
23:31:05.688 WebDriverAgentRunner-Runner[1375:148205] cleaning up fetching attributes 'XC_kAXXCAttributeSystemAppApplication' for Device system-wide element
23:31:05.689 WebDriverAgentRunner-Runner[1375:148205] Creating future for 'looking up application specifier for pid 174' with timeout 30.00
23:31:05.690 WebDriverAgentRunner-Runner[1375:148205] Requesting application specifier for pid 174
23:31:05.690 WebDriverAgentRunner-Runner[1375:148205] <XCTWaiter: 0x1095efd50> entering wait loop for 30.00s with expectations: `looking up application specifier for pid 174`
23:31:05.691 WebDriverAgentRunner-Runner[1375:148205] Returning result XCTWaiterResultCompleted for synchronous waiter <XCTWaiter: 0x1095efd50>
23:31:05.692 WebDriverAgentRunner-Runner[1375:148205] Wait <XCTWaiterWait: 0x105e4a6c0> completed after 0.001s
23:31:05.692 WebDriverAgentRunner-Runner[1375:148205] cleaning up looking up application specifier for pid 174
23:31:05.692 WebDriverAgentRunner-Runner[1375:148205] App specifier for pid 174: <XCUIApplicationSpecifier: 0x1095f0ea0> { com.apple.springboard }
23:31:05.693 WebDriverAgentRunner-Runner[1375:148205] Error (com.apple.dt.xctest.ui-testing.error) 10100, userInfo keys: (null): Unknown application: 'com.apple.springboard'
23:31:05.693 WebDriverAgentRunner-Runner[1375:148205] Error (com.apple.dt.xctest.ui-testing.error) 10100, userInfo keys: (null): Unknown application: 'com.apple.springboard'
23:31:05.693 WebDriverAgentRunner-Runner[1375:148205] XCUIApplicationImplDepot: Creating XCUIApplicationImpl for identifier: com.apple.springboard
23:31:05.694 WebDriverAgentRunner-Runner[1375:148205] updating com.apple.springboard crashBehavior to 1
23:31:05.695 WebDriverAgentRunner-Runner[1375:148205] KVO change: checked status of Expect value of 'isApplicationStateKnown' of Application 'com.apple.springboard' to be '1': fulfill=NO
23:31:05.696 WebDriverAgentRunner-Runner[1375:148205] KVO change: checked status of Expect value of 'isApplicationStateKnown' of Application 'com.apple.springboard' to be '1': fulfill=NO
23:31:05.696 WebDriverAgentRunner-Runner[1375:148205] <XCTWaiter: 0x1095bbf00> entering wait loop for 60.00s with expectations: `Expect value of 'isApplicationStateKnown' of Application 'com.apple.springboard' to be '1'`
23:31:05.697 WebDriverAgentRunner-Runner[1375:148227] -[XCTRunnerDaemonSession(XCTMessagingRole_UIApplicationStateUpdating) _XCT_applicationDidUpdateState:] com.apple.springboard@/System/Library/CoreServices/SpringBoard.app processName: SpringBoard pid: 174 state: running foreground
23:31:05.698 WebDriverAgentRunner-Runner[1375:148205] [AM:0] Processing state snapshot com.apple.springboard@/System/Library/CoreServices/SpringBoard.app processName: SpringBoard pid: 174 state: running foreground
23:31:05.698 WebDriverAgentRunner-Runner[1375:148227] -[XCTRunnerDaemonSession(XCTMessagingRole_UIApplicationStateUpdating) _XCT_applicationDidUpdateState:] com.apple.springboard@/System/Library/CoreServices/SpringBoard.app processName: SpringBoard pid: 174 state: running foreground
23:31:05.698 WebDriverAgentRunner-Runner[1375:148205] <XCUIApplicationImpl: 0x105e4a8c0 com.apple.springboard> changing currentProcess from (null) to com.apple.springboard (pid:0)
23:31:05.699 WebDriverAgentRunner-Runner[1375:148205] KVO change: checked status of Expect value of 'isApplicationStateKnown' of Application 'com.apple.springboard' to be '1': fulfill=NO
23:31:05.699 WebDriverAgentRunner-Runner[1375:148205] Setting pid for 0x109688900 0 -> 174
23:31:05.700 WebDriverAgentRunner-Runner[1375:148205] Done setting pid for <XCUIApplicationImpl: 0x105e4a8c0 com.apple.springboard> to 174
23:31:05.700 WebDriverAgentRunner-Runner[1375:148227] com.apple.springboard (pid:0) pid 0 -> 174
23:31:05.700 WebDriverAgentRunner-Runner[1375:148225] -[XCTRunnerDaemonSession(XCTMessagingRole_UIApplicationStateUpdating) _XCT_applicationDidUpdateState:] com.apple.springboard@/System/Library/CoreServices/SpringBoard.app processName: SpringBoard pid: 174 state: running foreground
23:31:05.700 WebDriverAgentRunner-Runner[1375:148227] com.apple.springboard (pid:0) checking for cached AX loaded value using pid 174
23:31:05.700 WebDriverAgentRunner-Runner[1375:148221] Monitor: set com.apple.springboard (pid:174) for pid 174
23:31:05.701 WebDriverAgentRunner-Runner[1375:148225] com.apple.springboard (pid:174) application state Unknown (0) -> Running Foreground (4)
23:31:05.701 WebDriverAgentRunner-Runner[1375:148205] KVO change: checked status of Expect value of 'isApplicationStateKnown' of Application 'com.apple.springboard' to be '1': fulfill=YES
23:31:05.702 WebDriverAgentRunner-Runner[1375:148205] KVO change: checked status of Expect value of 'isApplicationStateKnown' of Application 'com.apple.springboard' to be '1': fulfill=YES
23:31:05.702 WebDriverAgentRunner-Runner[1375:148205] App state updated for <XCUIApplicationImpl: 0x105e4a8c0 com.apple.springboard>: Running Foreground (4)
23:31:05.702 WebDriverAgentRunner-Runner[1375:148205] KVO change: checked status of Expect value of 'isApplicationStateKnown' of Application 'com.apple.springboard' to be '1': fulfill=YES
23:31:05.702 WebDriverAgentRunner-Runner[1375:148205] Returning result XCTWaiterResultCompleted for synchronous waiter <XCTWaiter: 0x1095bbf00>
23:31:05.703 WebDriverAgentRunner-Runner[1375:148205] Wait <XCTWaiterWait: 0x105e4aa00> completed after 0.006s
23:31:05.703 WebDriverAgentRunner-Runner[1375:148205] cleaning up Expect value of 'isApplicationStateKnown' of Application 'com.apple.springboard' to be '1'
23:31:05.703 WebDriverAgentRunner-Runner[1375:148205] cleaning up Expect value of 'isApplicationStateKnown' of Application 'com.apple.springboard' to be '1'
23:31:05.705 WebDriverAgentRunner-Runner[1375:148205] <XCTContext: 0x105d9cd20> started activity <XCActivityRecord: 0x108d48bd0> 2026-07-19 16:31:05 +0000: Get all elements bound by index for: Descendants matching type StatusBar
    t =     1.03s Get all elements bound by index for: Descendants matching type StatusBar
23:31:05.706 WebDriverAgentRunner-Runner[1375:148205] Creating future for 'getting screen identifiers' with timeout 30.00
23:31:05.706 WebDriverAgentRunner-Runner[1375:148205] <XCTWaiter: 0x1096c4540> entering wait loop for 30.00s with expectations: `getting screen identifiers`
23:31:05.706 WebDriverAgentRunner-Runner[1375:148205] Returning result XCTWaiterResultCompleted for synchronous waiter <XCTWaiter: 0x1096c4540>
23:31:05.706 WebDriverAgentRunner-Runner[1375:148205] Wait <XCTWaiterWait: 0x105e4abc0> completed after 0.000s
23:31:05.706 WebDriverAgentRunner-Runner[1375:148205] cleaning up getting screen identifiers
23:31:05.707 WebDriverAgentRunner-Runner[1375:148205] Executing query:
↪︎ Descendants matching type StatusBar
23:31:05.707 WebDriverAgentRunner-Runner[1375:148205] Creating future for 'getting unsupported bundle IDs for automation sessions' with timeout 30.00
23:31:05.707 WebDriverAgentRunner-Runner[1375:148205] Requesting unsupported bundle IDs for automation sessions
23:31:05.707 WebDriverAgentRunner-Runner[1375:148205] <XCTWaiter: 0x1096c48d0> entering wait loop for 30.00s with expectations: `getting unsupported bundle IDs for automation sessions`
23:31:05.708 WebDriverAgentRunner-Runner[1375:148205] [AM:0] Processing state snapshot com.apple.springboard@/System/Library/CoreServices/SpringBoard.app processName: SpringBoard pid: 174 state: running foreground
23:31:05.708 WebDriverAgentRunner-Runner[1375:148205] Done setting pid for <XCUIApplicationImpl: 0x105e4a8c0 com.apple.springboard> to 174
23:31:05.708 WebDriverAgentRunner-Runner[1375:148205] App state updated for <XCUIApplicationImpl: 0x105e4a8c0 com.apple.springboard>: Running Foreground (4)
23:31:05.708 WebDriverAgentRunner-Runner[1375:148205] [AM:0] Processing state snapshot com.apple.springboard@/System/Library/CoreServices/SpringBoard.app processName: SpringBoard pid: 174 state: running foreground
23:31:05.708 WebDriverAgentRunner-Runner[1375:148205] Done setting pid for <XCUIApplicationImpl: 0x105e4a8c0 com.apple.springboard> to 174
23:31:05.709 WebDriverAgentRunner-Runner[1375:148205] App state updated for <XCUIApplicationImpl: 0x105e4a8c0 com.apple.springboard>: Running Foreground (4)
23:31:05.709 WebDriverAgentRunner-Runner[1375:148205] Returning result XCTWaiterResultCompleted for synchronous waiter <XCTWaiter: 0x1096c48d0>
23:31:05.709 WebDriverAgentRunner-Runner[1375:148205] Wait <XCTWaiterWait: 0x105e4ae40> completed after 0.002s
23:31:05.709 WebDriverAgentRunner-Runner[1375:148205] cleaning up getting unsupported bundle IDs for automation sessions
23:31:05.709 WebDriverAgentRunner-Runner[1375:148205] Creating future for 'requesting automation session for com.apple.springboard (pid:174)' with timeout 60.00
23:31:05.710 WebDriverAgentRunner-Runner[1375:148205] Requesting automation session for pid 174, automation framework path: /System/Developer/Library/PrivateFrameworks/XCTAutomationSupport.framework
23:31:05.710 WebDriverAgentRunner-Runner[1375:148205] <XCTWaiter: 0x1096c4c60> entering wait loop for 60.00s with expectations: `requesting automation session for com.apple.springboard (pid:174)`
23:31:05.711 WebDriverAgentRunner-Runner[1375:148225] Got endpoint for automation session with pid 174
23:31:05.712 WebDriverAgentRunner-Runner[1375:148225] Exchanging capabilities for automation session connection to pid 174
23:31:05.714 WebDriverAgentRunner-Runner[1375:148227] Got remote interface capabilities for automation session connection to pid 174: <XCTCapabilities: 0x105df8f60>: {
    "accept remote connection capability" = 1;
    "containing transformer capability" = 1;
    "disclosed child rows transformer capability" = 2;
    "element sorting transformer capability" = 1;
    "evaluate query capability" = 1;
    "fetch element attributes capability" = 2;
    "indexing transformer capability" = 4;
    "main thread checker runtime issues" = 1;
    "malloc stack logging" = 1;
    "notify animations idle capability" = 1;
    "notify main run loop idle capability" = 1;
    "query runtime issue reporting" = 1;
    "query runtime issue reporting/automation type mismatch" = 1;
    "system provides kAXXCAttributeBannerIsStickyAttribute" = 1;
}
23:31:05.714 WebDriverAgentRunner-Runner[1375:148205] Returning result XCTWaiterResultCompleted for synchronous waiter <XCTWaiter: 0x1096c4c60>
23:31:05.714 WebDriverAgentRunner-Runner[1375:148205] Wait <XCTWaiterWait: 0x105e4af80> completed after 0.004s
23:31:05.714 WebDriverAgentRunner-Runner[1375:148205] cleaning up requesting automation session for com.apple.springboard (pid:174)
23:31:05.715 WebDriverAgentRunner-Runner[1375:148205] Creating future for 'checking for continuity enablement' with timeout 30.00
23:31:05.715 WebDriverAgentRunner-Runner[1375:148205] <XCTWaiter: 0x1096c4450> entering wait loop for 30.00s with expectations: `checking for continuity enablement`
23:31:05.718 WebDriverAgentRunner-Runner[1375:148205] Returning result XCTWaiterResultCompleted for synchronous waiter <XCTWaiter: 0x1096c4450>
23:31:05.718 WebDriverAgentRunner-Runner[1375:148205] Wait <XCTWaiterWait: 0x105e4b180> completed after 0.003s
23:31:05.718 WebDriverAgentRunner-Runner[1375:148205] cleaning up checking for continuity enablement
23:31:05.719 WebDriverAgentRunner-Runner[1375:148205] Should evaluate query remotely? XCTDisableRemoteQueryEvaluation(d-write): YES, hasAutomationSession: YES, supportsRemoteEvaluation: YES
23:31:05.719 WebDriverAgentRunner-Runner[1375:148205] Getting matching snapshots for locally evaluated query
23:31:05.719 WebDriverAgentRunner-Runner[1375:148205] Evaluating query:
 ↪︎ Descendants matching type StatusBar
23:31:05.719 WebDriverAgentRunner-Runner[1375:148205] Getting root element snapshot
23:31:05.719 WebDriverAgentRunner-Runner[1375:148205] Getting snapshot for App element pid: 174 for query ↪︎ Descendants matching type StatusBar
23:31:05.720 WebDriverAgentRunner-Runner[1375:148205] <XCTContext: 0x105d9cd20> started activity <XCActivityRecord: 0x108d48380> 2026-07-19 16:31:05 +0000: Requesting snapshot of accessibility hierarchy for app with pid 174
    t =     1.04s     Requesting snapshot of accessibility hierarchy for app with pid 174
23:31:05.720 WebDriverAgentRunner-Runner[1375:148205] Query requires iOS snapshot attributes XC_kAXXCAttributeElementType, XC_kAXXCAttributeElementBaseType, XC_kAXXCAttributeAutomationType, XC_kAXXCAttributeTraits.
23:31:05.720 WebDriverAgentRunner-Runner[1375:148205] XCUIElementQuery <XCTElementSnapshotProvider> getting snapshot
23:31:05.721 WebDriverAgentRunner-Runner[1375:148205] Snapshot request has custom attributes XC_kAXXCAttributeElementType, XC_kAXXCAttributeElementBaseType, XC_kAXXCAttributeAutomationType, XC_kAXXCAttributeTraits
23:31:05.721 WebDriverAgentRunner-Runner[1375:148205] Snapshot request has custom parameters {
    snapshotKeyHonorModalViews = 0;
}
23:31:05.721 WebDriverAgentRunner-Runner[1375:148205] Current snapshot generation is 0
23:31:05.721 WebDriverAgentRunner-Runner[1375:148205] Capturing a new snapshot
23:31:05.722 WebDriverAgentRunner-Runner[1375:148205] Fetching snapshot for App element pid: 174 from testmanagerd with attributes XC_kAXXCAttributeElementType, XC_kAXXCAttributeElementBaseType, XC_kAXXCAttributeParent, XC_kAXXCAttributeIdentifier, XC_kAXXCAttributeAutomationType, XC_kAXXCAttributeTraits and parameters {
    maxArrayCount = 2147483647;
    maxChildren = 2147483647;
    maxDepth = 50;
    snapshotKeyHonorModalViews = 0;
    traverseFromParentsToChildren = 1;
}.
23:31:05.722 WebDriverAgentRunner-Runner[1375:148205] Creating future for 'fetching snapshot from testmanagerd.' with timeout 65.00
23:31:05.722 WebDriverAgentRunner-Runner[1375:148205] <XCTWaiter: 0x1096c5950> entering wait loop for 65.00s with expectations: `fetching snapshot from testmanagerd.`
23:31:05.894 WebDriverAgentRunner-Runner[1375:148227] Got snapshot response with runtime issue support from testmanagerd.
23:31:05.895 WebDriverAgentRunner-Runner[1375:148205] Returning result XCTWaiterResultCompleted for synchronous waiter <XCTWaiter: 0x1096c5950>
23:31:05.895 WebDriverAgentRunner-Runner[1375:148205] Wait <XCTWaiterWait: 0x105e4b5c0> completed after 0.173s
23:31:05.896 WebDriverAgentRunner-Runner[1375:148205] cleaning up fetching snapshot from testmanagerd.
23:31:05.896 WebDriverAgentRunner-Runner[1375:148205] <XCTContext: 0x105d9cd20> finished activity <XCActivityRecord: 0x108d48380> 2026-07-19 16:31:05 +0000: Requesting snapshot of accessibility hierarchy for app with pid 174 (0.176613s)
23:31:05.897 WebDriverAgentRunner-Runner[1375:148205] XCTPerformOnMainRunLoop[MT]: already on MT; performing block without run loop dispatch - timeouts will not be enforced.
23:31:05.897 WebDriverAgentRunner-Runner[1375:148205] XCTElementQuery: set data source for rootElementSnapshot to (null)
23:31:05.897 WebDriverAgentRunner-Runner[1375:148205] Finding all matches with input Application, pid: 174 using transformers 
↪︎ Descendants matching type StatusBar
23:31:05.898 WebDriverAgentRunner-Runner[1375:148205] <XCTContext: 0x105d9cd20> started activity <XCActivityRecord: 0x108d48380> 2026-07-19 16:31:05 +0000: Find: Descendants matching type StatusBar
    t =     1.22s     Find: Descendants matching type StatusBar
23:31:05.901 WebDriverAgentRunner-Runner[1375:148205] <XCTContext: 0x105d9cd20> finished activity <XCActivityRecord: 0x108d48380> 2026-07-19 16:31:05 +0000: Find: Descendants matching type StatusBar (0.00299203s)
23:31:05.901 WebDriverAgentRunner-Runner[1375:148205] [Match All] applied transformer `Descendants matching type StatusBar` to input {(
    Application, pid: 174
)}, found {(
    StatusBar
)}
23:31:05.901 WebDriverAgentRunner-Runner[1375:148205] [Match All] setting out related elements {(
)}
23:31:05.904 WebDriverAgentRunner-Runner[1375:148205] Current tree:
Application, 0x105cc7d40, pid: 174 <App element pid: 174>
  Window, 0x105cc7e80 <AX element pid: 174, elementOrHash.elementID: 36032077824.11>
    Other, 0x109694000 <AX element pid: 174, elementOrHash.elementID: 35953538624.20>
      Other, 0x109694140 <AX element pid: 174, elementOrHash.elementID: 35953538176.33>
  Window, 0x109694280 <AX element pid: 174, elementOrHash.elementID: 36018690304.12>
    Other, 0x1096943c0 <AX element pid: 174, elementOrHash.elementID: 36017882432.21>
      Other, 0x109694500 <AX element pid: 174, elementOrHash.elementID: 36038462464.34>
        Other, 0x109694640 <AX element pid: 174, elementOrHash.elementID: 35920632704.46>
          Other, 0x109694780 <AX element pid: 174, elementOrHash.elementID: 35920548672.54>
            Other, 0x1096948c0 <AX element pid: 174, elementOrHash.elementID: 35887737344.1088>
            Other, 0x109694a00 <AX element pid: 174, elementOrHash.elementID: 35943852544.1089>
            Other, 0x109694b40 <AX element pid: 174, elementOrHash.elementID: 35920551360.69>
            Other, 0x109694c80 <AX element pid: 174, elementOrHash.elementID: 35920551808.70>
            Other, 0x109694dc0 <AX element pid: 174, elementOrHash.elementID: 35888128768.2180>
            Other, 0x109694f00 <AX element pid: 174, elementOrHash.elementID: 35887703232.1093>
            Other, 0x109695040 <AX element pid: 174, elementOrHash.elementID: 35890058048.2574>
            Other, 0x109695180 <AX element pid: 174, elementOrHash.elementID: 35920553152.73>
            Other, 0x1096952c0 <AX element pid: 174, elementOrHash.elementID: 35920549120.74>
      Other, 0x109695400 <AX element pid: 174, elementOrHash.elementID: 36056067584.1084>
        Other, 0x109695540 <AX element pid: 174, elementOrHash.elementID: 11494289431044805875.9999>
          Other, 0x109695680 <AX element pid: 333, elementOrHash.elementID: 4309013472.4>
            Other, 0x1096957c0 <AX element pid: 333, elementOrHash.elementID: 4309041312.5>
              Other, 0x109695900 <AX element pid: 333, elementOrHash.elementID: 4308983520.6>
                Other, 0x109695a40 <AX element pid: 333, elementOrHash.elementID: 4309005120.7>
      Other, 0x109695b80 <AX element pid: 174, elementOrHash.elementID: 36046696960.36>
        Other, 0x109695cc0 <AX element pid: 174, elementOrHash.elementID: 35906212864.47>
          Other, 0x109695e00 <AX element pid: 174, elementOrHash.elementID: 35922778688.55>
  Window, 0x109695f40 <AX element pid: 174, elementOrHash.elementID: 36018691584.13>
    Other, 0x109696080 <AX element pid: 174, elementOrHash.elementID: 36017885568.22>
  Window, 0x1096961c0 <AX element pid: 174, elementOrHash.elementID: 36018685184.1812>
    Other, 0x109696300 <AX element pid: 174, elementOrHash.elementID: 35889648896.1813>
      Other, 0x109696440 <AX element pid: 174, elementOrHash.elementID: 35887702784.1815>
  Window, 0x109696580 <AX element pid: 174, elementOrHash.elementID: 35951108864.14>
    Other, 0x1096966c0 <AX element pid: 174, elementOrHash.elementID: 35953539072.23>
      Other, 0x109696800 <AX element pid: 174, elementOrHash.elementID: 35953539968.37>
  Window, 0x109696940 <AX element pid: 174, elementOrHash.elementID: 35920354816.15>
    Other, 0x109696a80 <AX element pid: 174, elementOrHash.elementID: 35923110400.24>
      Other, 0x109696bc0 <AX element pid: 174, elementOrHash.elementID: 35923112192.38>
  Window, 0x109696d00 <AX element pid: 174, elementOrHash.elementID: 36036372480.9>
    Other, 0x109696e40 <AX element pid: 174, elementOrHash.elementID: 35942339840.25>
      Other, 0x109696f80 <AX element pid: 174, elementOrHash.elementID: 35942340288.39>
        Other, 0x1096970c0 <AX element pid: 174, elementOrHash.elementID: 35942345216.48>
        Other, 0x109697200 <AX element pid: 174, elementOrHash.elementID: 35942345664.49>
        Other, 0x109697340 <AX element pid: 174, elementOrHash.elementID: 35941851264.50>
          Other, 0x109697480 <AX element pid: 174, elementOrHash.elementID: 36036367360.56>
            Icon, 0x1096975c0 <AX element pid: 174, elementOrHash.elementID: 35943737856.6>
              Other, 0x109697700 <AX element pid: 174, elementOrHash.elementID: 35943844928.145>
                Other, 0x109697840 <AX element pid: 174, elementOrHash.elementID: 35943845376.185>
                  Other, 0x109697980 <AX element pid: 174, elementOrHash.elementID: 35943797760.251>
                    Other, 0x109697ac0 <AX element pid: 174, elementOrHash.elementID: 35943806720.319>
            Icon, 0x109697c00 <AX element pid: 174, elementOrHash.elementID: 35943739392.75>
              Other, 0x109697d40 <AX element pid: 174, elementOrHash.elementID: 35943845824.146>
                Other, 0x109697e80 <AX element pid: 174, elementOrHash.elementID: 35943846272.186>
                  Other, 0x1096e8000 <AX element pid: 174, elementOrHash.elementID: 35943792640.252>
                    Other, 0x1096e8140 <AX element pid: 174, elementOrHash.elementID: 35943808000.320>
            Icon, 0x1096e8280 <AX element pid: 174, elementOrHash.elementID: 35943740928.76>
              Other, 0x1096e83c0 <AX element pid: 174, elementOrHash.elementID: 35943846720.147>
                Other, 0x1096e8500 <AX element pid: 174, elementOrHash.elementID: 35943847168.187>
                  Other, 0x1096e8640 <AX element pid: 174, elementOrHash.elementID: 35941855104.253>
                    Other, 0x1096e8780 <AX element pid: 174, elementOrHash.elementID: 35944039040.321>
            Icon, 0x1096e88c0 <AX element pid: 174, elementOrHash.elementID: 35944136704.77>
              Other, 0x1096e8a00 <AX element pid: 174, elementOrHash.elementID: 35943847616.148>
                Other, 0x1096e8b40 <AX element pid: 174, elementOrHash.elementID: 35943848064.188>
                  Other, 0x1096e8c80 <AX element pid: 174, elementOrHash.elementID: 35943795840.254>
                    Other, 0x1096e8dc0 <AX element pid: 174, elementOrHash.elementID: 35944040320.322>
            Icon, 0x1096e8f00 <AX element pid: 174, elementOrHash.elementID: 35944138240.78>
              Other, 0x1096e9040 <AX element pid: 174, elementOrHash.elementID: 35943848512.149>
                Other, 0x1096e9180 <AX element pid: 174, elementOrHash.elementID: 35943848960.189>
                  Other, 0x1096e92c0 <AX element pid: 174, elementOrHash.elementID: 35941858304.255>
                    Other, 0x1096e9400 <AX element pid: 174, elementOrHash.elementID: 35875794176.2181>
            Icon, 0x1096e9540 <AX element pid: 174, elementOrHash.elementID: 35944139776.79>
              Other, 0x1096e9680 <AX element pid: 174, elementOrHash.elementID: 35943849856.150>
                Other, 0x1096e97c0 <AX element pid: 174, elementOrHash.elementID: 35943850304.190>
                  Other, 0x1096e9900 <AX element pid: 174, elementOrHash.elementID: 35943799040.256>
                    Other, 0x1096e9a40 <AX element pid: 174, elementOrHash.elementID: 35944043520.324>
            Icon, 0x1096e9b80 <AX element pid: 174, elementOrHash.elementID: 35944141312.80>
              Other, 0x1096e9cc0 <AX element pid: 174, elementOrHash.elementID: 35943850752.151>
                Other, 0x1096e9e00 <AX element pid: 174, elementOrHash.elementID: 35943851200.191>
                  Other, 0x1096e9f40 <AX element pid: 174, elementOrHash.elementID: 35941853184.257>
                    Other, 0x1096ea080 <AX element pid: 174, elementOrHash.elementID: 35944044800.325>
          Other, 0x1096ea1c0 <AX element pid: 174, elementOrHash.elementID: 36036369408.57>
            Icon, 0x1096ea300 <AX element pid: 174, elementOrHash.elementID: 35941698560.81>
              Other, 0x1096ea440 <AX element pid: 174, elementOrHash.elementID: 35942346112.152>
                Other, 0x1096ea580 <AX element pid: 174, elementOrHash.elementID: 35943611712.192>
                  Other, 0x1096ea6c0 <AX element pid: 174, elementOrHash.elementID: 35941853824.258>
                    Other, 0x1096ea800 <AX element pid: 174, elementOrHash.elementID: 35943800960.326>
            Icon, 0x1096ea940 <AX element pid: 174, elementOrHash.elementID: 35943734784.82>
              Other, 0x1096eaa80 <AX element pid: 174, elementOrHash.elementID: 35943841792.153>
                Other, 0x1096eabc0 <AX element pid: 174, elementOrHash.elementID: 35943842240.193>
                  Other, 0x1096ead00 <AX element pid: 174, elementOrHash.elementID: 35943794560.259>
                    Other, 0x1096eae40 <AX element pid: 174, elementOrHash.elementID: 35943802240.327>
                  Other, 0x1096eaf80 <AX element pid: 174, elementOrHash.elementID: 35943802880.260>
                    Other, 0x1096eb0c0 <AX element pid: 174, elementOrHash.elementID: 35943844032.328>
                      Image, 0x1096eb200 <AX element pid: 174, elementOrHash.elementID: 36036537344.415>
          Other, 0x1096eb340 <AX element pid: 174, elementOrHash.elementID: 36036368384.58>
          Icon, 0x1096eb480 <AX element pid: 174, elementOrHash.elementID: 35944142848.59>
            Other, 0x1096eb5c0 <AX element pid: 174, elementOrHash.elementID: 35887479808.1147>
            Other, 0x1096eb700 <AX element pid: 174, elementOrHash.elementID: 35887469568.1148>
            Other, 0x1096eb840 <AX element pid: 174, elementOrHash.elementID: 35891053184.513>
            Other, 0x1096eb980 <AX element pid: 174, elementOrHash.elementID: 35887477248.1149>
      Other, 0x1096ebac0 <AX element pid: 174, elementOrHash.elementID: 35944048000.40>
        Other, 0x1096ebc00 <AX element pid: 174, elementOrHash.elementID: 36037143040.51>
          Other, 0x1096ebd40 <AX element pid: 174, elementOrHash.elementID: 8666967316085091201.9999>
            Other, 0x1096ebe80 <AX element pid: 303, elementOrHash.elementID: 4312005392.4>
              Other, 0x1096ec000 <AX element pid: 303, elementOrHash.elementID: 33807598848.5>
                Other, 0x1096ec140 <AX element pid: 303, elementOrHash.elementID: 33807631232.6>
                  Other, 0x1096ec280 <AX element pid: 303, elementOrHash.elementID: 33807630336.7>
          Other, 0x1096ec3c0 <AX element pid: 174, elementOrHash.elementID: 989399453524512628.9999>
            Other, 0x1096ec500 <AX element pid: 303, elementOrHash.elementID: 33807632128.8>
              Other, 0x1096ec640 <AX element pid: 303, elementOrHash.elementID: 33807633920.9>
          Other, 0x1096ec780 <AX element pid: 174, elementOrHash.elementID: 13411371857668989829.9999>
  Window, 0x1096ec8c0 <AX element pid: 174, elementOrHash.elementID: 36022010880.16>
    StatusBar, 0x1096eca00 <AX element pid: 174, elementOrHash.elementID: 36017866624.26>
      Other, 0x1096ecb40 <AX element pid: 174, elementOrHash.elementID: 36021977088.41>
        Other, 0x1096ecc80 <AX element pid: 174, elementOrHash.elementID: 35889654720.2076>
          Other, 0x1096ecdc0 <AX element pid: 174, elementOrHash.elementID: 36057350656.2088>
          Other, 0x1096ecf00 <AX element pid: 174, elementOrHash.elementID: 35889647552.2077>
            StaticText, 0x1096ed040 <AX element pid: 174, elementOrHash.elementID: 35893191424.2079>
            StaticText, 0x1096ed180 <AX element pid: 174, elementOrHash.elementID: 35893197696.2080>
          Other, 0x1096ed2c0 <AX element pid: 174, elementOrHash.elementID: 36057351168.2089>
          Other, 0x1096ed400 <AX element pid: 174, elementOrHash.elementID: 35907105920.2078>
            Other, 0x1096ed540 <AX element pid: 174, elementOrHash.elementID: 36057354752.2081>
            Image, 0x1096ed680 <AX element pid: 174, elementOrHash.elementID: 35888208768.2082>
            StaticText, 0x1096ed7c0 <AX element pid: 174, elementOrHash.elementID: 35911293952.2083>
            Other, 0x1096ed900 <AX element pid: 174, elementOrHash.elementID: 35888203008.2084>
          Other, 0x1096eda40 <AX element pid: 174, elementOrHash.elementID: 36057352704.2090>
    Other, 0x1096edb80 <AX element pid: 174, elementOrHash.elementID: 36017881984.27>
  Window, 0x1096edcc0 <AX element pid: 174, elementOrHash.elementID: 36052796416.2573>
    Other, 0x1096ede00 <AX element pid: 174, elementOrHash.elementID: 35888121152.1814>
      Other, 0x1096edf40 <AX element pid: 174, elementOrHash.elementID: 35888134144.1816>
      Other, 0x1096ee080 <AX element pid: 174, elementOrHash.elementID: 35888122048.1817>
        Other, 0x1096ee1c0 <AX element pid: 174, elementOrHash.elementID: 35888133248.1819>
          Other, 0x1096ee300 <AX element pid: 174, elementOrHash.elementID: 35888122944.1820>
            Other, 0x1096ee440 <AX element pid: 174, elementOrHash.elementID: 35907062848.1822>
              Other, 0x1096ee580 <AX element pid: 174, elementOrHash.elementID: 35907065536.1823>
              Other, 0x1096ee6c0 <AX element pid: 174, elementOrHash.elementID: 35903851136.1824>
                Other, 0x1096ee800 <AX element pid: 174, elementOrHash.elementID: 36044862464.1825>
      Other, 0x1096ee940 <AX element pid: 174, elementOrHash.elementID: 35888132800.1818>
  Window, 0x1096eea80 <AX element pid: 174, elementOrHash.elementID: 36032072704.17>
    Other, 0x1096eebc0 <AX element pid: 174, elementOrHash.elementID: 35953535488.28>
  Window, 0x1096eed00 <AX element pid: 174, elementOrHash.elementID: 36032076800.18>
    Other, 0x1096eee40 <AX element pid: 174, elementOrHash.elementID: 35953537728.29>
23:31:05.904 WebDriverAgentRunner-Runner[1375:148205] Found matches {(
    StatusBar
)} with root Application, pid: 174
23:31:05.904 WebDriverAgentRunner-Runner[1375:148205] <XCTContext: 0x105d9cd20> finished activity <XCActivityRecord: 0x108d48bd0> 2026-07-19 16:31:05 +0000: Get all elements bound by index for: Descendants matching type StatusBar (0.19968s)
23:31:05.905 WebDriverAgentRunner-Runner[1375:148205] <XCTContext: 0x105d9cd20> started activity <XCActivityRecord: 0x108d48bd0> 2026-07-19 16:31:05 +0000: Find the StatusBar (Element at index 0)
    t =     1.23s Find the StatusBar (Element at index 0)
23:31:05.906 WebDriverAgentRunner-Runner[1375:148205] Executing query:
↪︎ Descendants matching type StatusBar
    ↪︎ Element at index 0
23:31:05.906 WebDriverAgentRunner-Runner[1375:148205] Creating future for 'checking for continuity enablement' with timeout 30.00
23:31:05.906 WebDriverAgentRunner-Runner[1375:148205] <XCTWaiter: 0x1096c4810> entering wait loop for 30.00s with expectations: `checking for continuity enablement`
23:31:05.907 WebDriverAgentRunner-Runner[1375:148205] Returning result XCTWaiterResultCompleted for synchronous waiter <XCTWaiter: 0x1096c4810>
23:31:05.908 WebDriverAgentRunner-Runner[1375:148205] Wait <XCTWaiterWait: 0x108c341c0> completed after 0.001s
23:31:05.908 WebDriverAgentRunner-Runner[1375:148205] cleaning up checking for continuity enablement
23:31:05.908 WebDriverAgentRunner-Runner[1375:148205] Should evaluate query remotely? XCTDisableRemoteQueryEvaluation(d-write): YES, hasAutomationSession: YES, supportsRemoteEvaluation: YES
23:31:05.908 WebDriverAgentRunner-Runner[1375:148205] Getting matching snapshots for locally evaluated query
23:31:05.909 WebDriverAgentRunner-Runner[1375:148205] Evaluating query:
 ↪︎ Descendants matching type StatusBar
    ↪︎ Element at index 0
23:31:05.909 WebDriverAgentRunner-Runner[1375:148205] Getting root element snapshot
23:31:05.909 WebDriverAgentRunner-Runner[1375:148205] Getting snapshot for App element pid: 174 for query ↪︎ Descendants matching type StatusBar
    ↪︎ Element at index 0
23:31:05.909 WebDriverAgentRunner-Runner[1375:148205] <XCTContext: 0x105d9cd20> started activity <XCActivityRecord: 0x108d48380> 2026-07-19 16:31:05 +0000: Requesting snapshot of accessibility hierarchy for app with pid 174
    t =     1.23s     Requesting snapshot of accessibility hierarchy for app with pid 174
23:31:05.910 WebDriverAgentRunner-Runner[1375:148205] Query requires iOS snapshot attributes XC_kAXXCAttributeElementType, XC_kAXXCAttributeElementBaseType, XC_kAXXCAttributeAutomationType, XC_kAXXCAttributeTraits.
23:31:05.910 WebDriverAgentRunner-Runner[1375:148205] XCUIElementQuery <XCTElementSnapshotProvider> getting snapshot
23:31:05.910 WebDriverAgentRunner-Runner[1375:148205] Snapshot request has custom attributes XC_kAXXCAttributeElementType, XC_kAXXCAttributeElementBaseType, XC_kAXXCAttributeAutomationType, XC_kAXXCAttributeTraits
23:31:05.910 WebDriverAgentRunner-Runner[1375:148205] Snapshot request has custom parameters {
    snapshotKeyHonorModalViews = 0;
}
23:31:05.910 WebDriverAgentRunner-Runner[1375:148205] Current snapshot generation is 3
23:31:05.911 WebDriverAgentRunner-Runner[1375:148205] Capturing a new snapshot
23:31:05.911 WebDriverAgentRunner-Runner[1375:148205] Fetching snapshot for App element pid: 174 from testmanagerd with attributes XC_kAXXCAttributeElementType, XC_kAXXCAttributeElementBaseType, XC_kAXXCAttributeParent, XC_kAXXCAttributeIdentifier, XC_kAXXCAttributeAutomationType, XC_kAXXCAttributeTraits and parameters {
    maxArrayCount = 2147483647;
    maxChildren = 2147483647;
    maxDepth = 50;
    snapshotKeyHonorModalViews = 0;
    traverseFromParentsToChildren = 1;
}.
23:31:05.911 WebDriverAgentRunner-Runner[1375:148205] Creating future for 'fetching snapshot from testmanagerd.' with timeout 65.00
23:31:05.911 WebDriverAgentRunner-Runner[1375:148205] <XCTWaiter: 0x1096c4e40> entering wait loop for 65.00s with expectations: `fetching snapshot from testmanagerd.`
23:31:06.061 WebDriverAgentRunner-Runner[1375:148227] Got snapshot response with runtime issue support from testmanagerd.
23:31:06.062 WebDriverAgentRunner-Runner[1375:148205] Returning result XCTWaiterResultCompleted for synchronous waiter <XCTWaiter: 0x1096c4e40>
23:31:06.062 WebDriverAgentRunner-Runner[1375:148205] Wait <XCTWaiterWait: 0x108c34740> completed after 0.151s
23:31:06.063 WebDriverAgentRunner-Runner[1375:148205] cleaning up fetching snapshot from testmanagerd.
23:31:06.063 WebDriverAgentRunner-Runner[1375:148205] <XCTContext: 0x105d9cd20> finished activity <XCActivityRecord: 0x108d48380> 2026-07-19 16:31:05 +0000: Requesting snapshot of accessibility hierarchy for app with pid 174 (0.154083s)
23:31:06.064 WebDriverAgentRunner-Runner[1375:148205] XCTPerformOnMainRunLoop[MT]: already on MT; performing block without run loop dispatch - timeouts will not be enforced.
23:31:06.064 WebDriverAgentRunner-Runner[1375:148205] XCTElementQuery: set data source for rootElementSnapshot to (null)
23:31:06.064 WebDriverAgentRunner-Runner[1375:148205] Finding all matches with input Application, pid: 174 using transformers 
↪︎ Descendants matching type StatusBar
    ↪︎ Element at index 0
23:31:06.064 WebDriverAgentRunner-Runner[1375:148205] <XCTContext: 0x105d9cd20> started activity <XCActivityRecord: 0x108d48380> 2026-07-19 16:31:06 +0000: Find: Descendants matching type StatusBar
    t =     1.39s     Find: Descendants matching type StatusBar
23:31:06.067 WebDriverAgentRunner-Runner[1375:148205] <XCTContext: 0x105d9cd20> finished activity <XCActivityRecord: 0x108d48380> 2026-07-19 16:31:06 +0000: Find: Descendants matching type StatusBar (0.00203896s)
23:31:06.067 WebDriverAgentRunner-Runner[1375:148205] [Match All] applied transformer `Descendants matching type StatusBar` to input {(
    Application, pid: 174
)}, found {(
    StatusBar
)}
23:31:06.067 WebDriverAgentRunner-Runner[1375:148205] <XCTContext: 0x105d9cd20> started activity <XCActivityRecord: 0x108d48380> 2026-07-19 16:31:06 +0000: Find: Element at index 0
23:31:06.068 WebDriverAgentRunner-Runner[1375:148205] <XCTContext: 0x105d9cd20> finished activity <XCActivityRecord: 0x108d48380> 2026-07-19 16:31:06 +0000: Find: Element at index 0 (0.000450969s)
23:31:06.068 WebDriverAgentRunner-Runner[1375:148205] [Match All] applied transformer `Element at index 0` to input {(
    StatusBar
)}, found {(
    StatusBar
)}
23:31:06.068 WebDriverAgentRunner-Runner[1375:148205] [Match All] setting out related elements {(
)}
23:31:06.071 WebDriverAgentRunner-Runner[1375:148205] Current tree:
Application, 0x1096eef80, pid: 174 <App element pid: 174>
  Window, 0x1096ef0c0 <AX element pid: 174, elementOrHash.elementID: 36032077824.11>
    Other, 0x1096ef200 <AX element pid: 174, elementOrHash.elementID: 35953538624.20>
      Other, 0x1096ef340 <AX element pid: 174, elementOrHash.elementID: 35953538176.33>
  Window, 0x1096ef480 <AX element pid: 174, elementOrHash.elementID: 36018690304.12>
    Other, 0x1096ef5c0 <AX element pid: 174, elementOrHash.elementID: 36017882432.21>
      Other, 0x1096ef700 <AX element pid: 174, elementOrHash.elementID: 36038462464.34>
        Other, 0x1096ef840 <AX element pid: 174, elementOrHash.elementID: 35920632704.46>
          Other, 0x1096ef980 <AX element pid: 174, elementOrHash.elementID: 35920548672.54>
            Other, 0x1096efac0 <AX element pid: 174, elementOrHash.elementID: 35887737344.1088>
            Other, 0x1096efc00 <AX element pid: 174, elementOrHash.elementID: 35943852544.1089>
            Other, 0x1096efd40 <AX element pid: 174, elementOrHash.elementID: 35920551360.69>
            Other, 0x1096efe80 <AX element pid: 174, elementOrHash.elementID: 35920551808.70>
            Other, 0x109704000 <AX element pid: 174, elementOrHash.elementID: 35888128768.2180>
            Other, 0x109704140 <AX element pid: 174, elementOrHash.elementID: 35887703232.1093>
            Other, 0x109704280 <AX element pid: 174, elementOrHash.elementID: 35890058048.2574>
            Other, 0x1097043c0 <AX element pid: 174, elementOrHash.elementID: 35920553152.73>
            Other, 0x109704500 <AX element pid: 174, elementOrHash.elementID: 35920549120.74>
      Other, 0x109704640 <AX element pid: 174, elementOrHash.elementID: 36056067584.1084>
        Other, 0x109704780 <AX element pid: 174, elementOrHash.elementID: 11494289431044805875.9999>
          Other, 0x1097048c0 <AX element pid: 333, elementOrHash.elementID: 4309013472.4>
            Other, 0x109704a00 <AX element pid: 333, elementOrHash.elementID: 4309041312.5>
              Other, 0x109704b40 <AX element pid: 333, elementOrHash.elementID: 4308983520.6>
                Other, 0x109704c80 <AX element pid: 333, elementOrHash.elementID: 4309005120.7>
      Other, 0x109704dc0 <AX element pid: 174, elementOrHash.elementID: 36046696960.36>
        Other, 0x109704f00 <AX element pid: 174, elementOrHash.elementID: 35906212864.47>
          Other, 0x109705040 <AX element pid: 174, elementOrHash.elementID: 35922778688.55>
  Window, 0x109705180 <AX element pid: 174, elementOrHash.elementID: 36018691584.13>
    Other, 0x1097052c0 <AX element pid: 174, elementOrHash.elementID: 36017885568.22>
  Window, 0x109705400 <AX element pid: 174, elementOrHash.elementID: 36018685184.1812>
    Other, 0x109705540 <AX element pid: 174, elementOrHash.elementID: 35889648896.1813>
      Other, 0x109705680 <AX element pid: 174, elementOrHash.elementID: 35887702784.1815>
  Window, 0x1097057c0 <AX element pid: 174, elementOrHash.elementID: 35951108864.14>
    Other, 0x109705900 <AX element pid: 174, elementOrHash.elementID: 35953539072.23>
      Other, 0x109705a40 <AX element pid: 174, elementOrHash.elementID: 35953539968.37>
  Window, 0x109705b80 <AX element pid: 174, elementOrHash.elementID: 35920354816.15>
    Other, 0x109705cc0 <AX element pid: 174, elementOrHash.elementID: 35923110400.24>
      Other, 0x109705e00 <AX element pid: 174, elementOrHash.elementID: 35923112192.38>
  Window, 0x109705f40 <AX element pid: 174, elementOrHash.elementID: 36036372480.9>
    Other, 0x109706080 <AX element pid: 174, elementOrHash.elementID: 35942339840.25>
      Other, 0x1097061c0 <AX element pid: 174, elementOrHash.elementID: 35942340288.39>
        Other, 0x109706300 <AX element pid: 174, elementOrHash.elementID: 35942345216.48>
        Other, 0x109706440 <AX element pid: 174, elementOrHash.elementID: 35942345664.49>
        Other, 0x109706580 <AX element pid: 174, elementOrHash.elementID: 35941851264.50>
          Other, 0x1097066c0 <AX element pid: 174, elementOrHash.elementID: 36036367360.56>
            Icon, 0x109706800 <AX element pid: 174, elementOrHash.elementID: 35943737856.6>
              Other, 0x109706940 <AX element pid: 174, elementOrHash.elementID: 35943844928.145>
                Other, 0x109706a80 <AX element pid: 174, elementOrHash.elementID: 35943845376.185>
                  Other, 0x109706bc0 <AX element pid: 174, elementOrHash.elementID: 35943797760.251>
                    Other, 0x109706d00 <AX element pid: 174, elementOrHash.elementID: 35943806720.319>
            Icon, 0x109706e40 <AX element pid: 174, elementOrHash.elementID: 35943739392.75>
              Other, 0x109706f80 <AX element pid: 174, elementOrHash.elementID: 35943845824.146>
                Other, 0x1097070c0 <AX element pid: 174, elementOrHash.elementID: 35943846272.186>
                  Other, 0x109707200 <AX element pid: 174, elementOrHash.elementID: 35943792640.252>
                    Other, 0x109707340 <AX element pid: 174, elementOrHash.elementID: 35943808000.320>
            Icon, 0x109707480 <AX element pid: 174, elementOrHash.elementID: 35943740928.76>
              Other, 0x1097075c0 <AX element pid: 174, elementOrHash.elementID: 35943846720.147>
                Other, 0x109707700 <AX element pid: 174, elementOrHash.elementID: 35943847168.187>
                  Other, 0x109707840 <AX element pid: 174, elementOrHash.elementID: 35941855104.253>
                    Other, 0x109707980 <AX element pid: 174, elementOrHash.elementID: 35944039040.321>
            Icon, 0x109707ac0 <AX element pid: 174, elementOrHash.elementID: 35944136704.77>
              Other, 0x109707c00 <AX element pid: 174, elementOrHash.elementID: 35943847616.148>
                Other, 0x109707d40 <AX element pid: 174, elementOrHash.elementID: 35943848064.188>
                  Other, 0x109707e80 <AX element pid: 174, elementOrHash.elementID: 35943795840.254>
                    Other, 0x10970c000 <AX element pid: 174, elementOrHash.elementID: 35944040320.322>
            Icon, 0x10970c140 <AX element pid: 174, elementOrHash.elementID: 35944138240.78>
              Other, 0x10970c280 <AX element pid: 174, elementOrHash.elementID: 35943848512.149>
                Other, 0x10970c3c0 <AX element pid: 174, elementOrHash.elementID: 35943848960.189>
                  Other, 0x10970c500 <AX element pid: 174, elementOrHash.elementID: 35941858304.255>
                    Other, 0x10970c640 <AX element pid: 174, elementOrHash.elementID: 35875794176.2181>
            Icon, 0x10970c780 <AX element pid: 174, elementOrHash.elementID: 35944139776.79>
              Other, 0x10970c8c0 <AX element pid: 174, elementOrHash.elementID: 35943849856.150>
                Other, 0x10970ca00 <AX element pid: 174, elementOrHash.elementID: 35943850304.190>
                  Other, 0x10970cb40 <AX element pid: 174, elementOrHash.elementID: 35943799040.256>
                    Other, 0x10970cc80 <AX element pid: 174, elementOrHash.elementID: 35944043520.324>
            Icon, 0x10970cdc0 <AX element pid: 174, elementOrHash.elementID: 35944141312.80>
              Other, 0x10970cf00 <AX element pid: 174, elementOrHash.elementID: 35943850752.151>
                Other, 0x10970d040 <AX element pid: 174, elementOrHash.elementID: 35943851200.191>
                  Other, 0x10970d180 <AX element pid: 174, elementOrHash.elementID: 35941853184.257>
                    Other, 0x10970d2c0 <AX element pid: 174, elementOrHash.elementID: 35944044800.325>
          Other, 0x10970d400 <AX element pid: 174, elementOrHash.elementID: 36036369408.57>
            Icon, 0x10970d540 <AX element pid: 174, elementOrHash.elementID: 35941698560.81>
              Other, 0x10970d680 <AX element pid: 174, elementOrHash.elementID: 35942346112.152>
                Other, 0x10970d7c0 <AX element pid: 174, elementOrHash.elementID: 35943611712.192>
                  Other, 0x10970d900 <AX element pid: 174, elementOrHash.elementID: 35941853824.258>
                    Other, 0x10970da40 <AX element pid: 174, elementOrHash.elementID: 35943800960.326>
            Icon, 0x10970db80 <AX element pid: 174, elementOrHash.elementID: 35943734784.82>
              Other, 0x10970dcc0 <AX element pid: 174, elementOrHash.elementID: 35943841792.153>
                Other, 0x10970de00 <AX element pid: 174, elementOrHash.elementID: 35943842240.193>
                  Other, 0x10970df40 <AX element pid: 174, elementOrHash.elementID: 35943794560.259>
                    Other, 0x10970e080 <AX element pid: 174, elementOrHash.elementID: 35943802240.327>
                  Other, 0x10970e1c0 <AX element pid: 174, elementOrHash.elementID: 35943802880.260>
                    Other, 0x10970e300 <AX element pid: 174, elementOrHash.elementID: 35943844032.328>
                      Image, 0x10970e440 <AX element pid: 174, elementOrHash.elementID: 36036537344.415>
          Other, 0x10970e580 <AX element pid: 174, elementOrHash.elementID: 36036368384.58>
          Icon, 0x10970e6c0 <AX element pid: 174, elementOrHash.elementID: 35944142848.59>
            Other, 0x10970e800 <AX element pid: 174, elementOrHash.elementID: 35887479808.1147>
            Other, 0x10970e940 <AX element pid: 174, elementOrHash.elementID: 35887469568.1148>
            Other, 0x10970ea80 <AX element pid: 174, elementOrHash.elementID: 35891053184.513>
            Other, 0x10970ebc0 <AX element pid: 174, elementOrHash.elementID: 35887477248.1149>
      Other, 0x10970ed00 <AX element pid: 174, elementOrHash.elementID: 35944048000.40>
        Other, 0x10970ee40 <AX element pid: 174, elementOrHash.elementID: 36037143040.51>
          Other, 0x10970ef80 <AX element pid: 174, elementOrHash.elementID: 8666967316085091201.9999>
            Other, 0x10970f0c0 <AX element pid: 303, elementOrHash.elementID: 4312005392.4>
              Other, 0x10970f200 <AX element pid: 303, elementOrHash.elementID: 33807598848.5>
                Other, 0x10970f340 <AX element pid: 303, elementOrHash.elementID: 33807631232.6>
                  Other, 0x10970f480 <AX element pid: 303, elementOrHash.elementID: 33807630336.7>
          Other, 0x10970f5c0 <AX element pid: 174, elementOrHash.elementID: 989399453524512628.9999>
            Other, 0x10970f700 <AX element pid: 303, elementOrHash.elementID: 33807632128.8>
              Other, 0x10970f840 <AX element pid: 303, elementOrHash.elementID: 33807633920.9>
          Other, 0x10970f980 <AX element pid: 174, elementOrHash.elementID: 13411371857668989829.9999>
  Window, 0x10970fac0 <AX element pid: 174, elementOrHash.elementID: 36022010880.16>
    StatusBar, 0x10970fc00 <AX element pid: 174, elementOrHash.elementID: 36017866624.26>
      Other, 0x10970fd40 <AX element pid: 174, elementOrHash.elementID: 36021977088.41>
        Other, 0x10970fe80 <AX element pid: 174, elementOrHash.elementID: 35889654720.2076>
          Other, 0x109710000 <AX element pid: 174, elementOrHash.elementID: 36057350656.2088>
          Other, 0x109710140 <AX element pid: 174, elementOrHash.elementID: 35889647552.2077>
            StaticText, 0x109710280 <AX element pid: 174, elementOrHash.elementID: 35893191424.2079>
            StaticText, 0x1097103c0 <AX element pid: 174, elementOrHash.elementID: 35893197696.2080>
          Other, 0x109710500 <AX element pid: 174, elementOrHash.elementID: 36057351168.2089>
          Other, 0x109710640 <AX element pid: 174, elementOrHash.elementID: 35907105920.2078>
            Other, 0x109710780 <AX element pid: 174, elementOrHash.elementID: 36057354752.2081>
            Image, 0x1097108c0 <AX element pid: 174, elementOrHash.elementID: 35888208768.2082>
            StaticText, 0x109710a00 <AX element pid: 174, elementOrHash.elementID: 35911293952.2083>
            Other, 0x109710b40 <AX element pid: 174, elementOrHash.elementID: 35888203008.2084>
          Other, 0x109710c80 <AX element pid: 174, elementOrHash.elementID: 36057352704.2090>
    Other, 0x109710dc0 <AX element pid: 174, elementOrHash.elementID: 36017881984.27>
  Window, 0x109710f00 <AX element pid: 174, elementOrHash.elementID: 36052796416.2573>
    Other, 0x109711040 <AX element pid: 174, elementOrHash.elementID: 35888121152.1814>
      Other, 0x109711180 <AX element pid: 174, elementOrHash.elementID: 35888134144.1816>
      Other, 0x1097112c0 <AX element pid: 174, elementOrHash.elementID: 35888122048.1817>
        Other, 0x109711400 <AX element pid: 174, elementOrHash.elementID: 35888133248.1819>
          Other, 0x109711540 <AX element pid: 174, elementOrHash.elementID: 35888122944.1820>
            Other, 0x109711680 <AX element pid: 174, elementOrHash.elementID: 35907062848.1822>
              Other, 0x1097117c0 <AX element pid: 174, elementOrHash.elementID: 35907065536.1823>
              Other, 0x109711900 <AX element pid: 174, elementOrHash.elementID: 35903851136.1824>
                Other, 0x109711a40 <AX element pid: 174, elementOrHash.elementID: 36044862464.1825>
      Other, 0x109711b80 <AX element pid: 174, elementOrHash.elementID: 35888132800.1818>
  Window, 0x109711cc0 <AX element pid: 174, elementOrHash.elementID: 36032072704.17>
    Other, 0x109711e00 <AX element pid: 174, elementOrHash.elementID: 35953535488.28>
  Window, 0x109711f40 <AX element pid: 174, elementOrHash.elementID: 36032076800.18>
    Other, 0x109712080 <AX element pid: 174, elementOrHash.elementID: 35953537728.29>
23:31:06.071 WebDriverAgentRunner-Runner[1375:148205] Found matches {(
    StatusBar
)} with root Application, pid: 174
23:31:06.071 WebDriverAgentRunner-Runner[1375:148205] <XCTContext: 0x105d9cd20> finished activity <XCActivityRecord: 0x108d48bd0> 2026-07-19 16:31:05 +0000: Find the StatusBar (Element at index 0) (0.166077s)
    t =     1.39s     Find: Element at index 0
23:31:06.072 WebDriverAgentRunner-Runner[1375:148205] Creating future for 'checking for continuity enablement' with timeout 30.00
23:31:06.072 WebDriverAgentRunner-Runner[1375:148205] <XCTWaiter: 0x1096c4690> entering wait loop for 30.00s with expectations: `checking for continuity enablement`
23:31:06.073 WebDriverAgentRunner-Runner[1375:148205] Returning result XCTWaiterResultCompleted for synchronous waiter <XCTWaiter: 0x1096c4690>
23:31:06.074 WebDriverAgentRunner-Runner[1375:148205] Wait <XCTWaiterWait: 0x108cbc100> completed after 0.001s
23:31:06.074 WebDriverAgentRunner-Runner[1375:148205] cleaning up checking for continuity enablement
23:31:06.074 WebDriverAgentRunner-Runner[1375:148205] Creating future for 'fetching attributes 'XC_kAXXCAttributeFrame', 'XC_kAXXCAttributeWindowDisplayId', 'XC_kAXXCAttributeWindowContextId' for AX element pid: 174, elementOrHash.elementID: 36017866624.26' with timeout 30.00
23:31:06.074 WebDriverAgentRunner-Runner[1375:148205] <XCTWaiter: 0x1096c5bc0> entering wait loop for 30.00s with expectations: `fetching attributes 'XC_kAXXCAttributeFrame', 'XC_kAXXCAttributeWindowDisplayId', 'XC_kAXXCAttributeWindowContextId' for AX element pid: 174, elementOrHash.elementID: 36017866624.26`
23:31:06.075 WebDriverAgentRunner-Runner[1375:148205] Returning result XCTWaiterResultCompleted for synchronous waiter <XCTWaiter: 0x1096c5bc0>
23:31:06.075 WebDriverAgentRunner-Runner[1375:148205] Wait <XCTWaiterWait: 0x108cbc500> completed after 0.001s
23:31:06.076 WebDriverAgentRunner-Runner[1375:148205] cleaning up fetching attributes 'XC_kAXXCAttributeFrame', 'XC_kAXXCAttributeWindowDisplayId', 'XC_kAXXCAttributeWindowContextId' for AX element pid: 174, elementOrHash.elementID: 36017866624.26
23:31:06.076 WebDriverAgentRunner-Runner[1375:148205] StatusBar (AX element pid: 174, elementOrHash.elementID: 36017866624.26) faulted in {
    "XC_kAXXCAttributeFrame" =     {
        Height = 1366;
        Width = 32;
        X = 0;
        Y = 0;
    };
    "XC_kAXXCAttributeWindowContextId" = 2087488016;
    "XC_kAXXCAttributeWindowDisplayId" = 1;
}: (no error) for frame using XC_kAXXCAttributeFrame, XC_kAXXCAttributeWindowDisplayId, XC_kAXXCAttributeWindowContextId
23:31:06.076 WebDriverAgentRunner-Runner[1375:148205] getting parameterized attribute XC_kAXXCParameterizedAttributeConvertHostedViewFrame with parameter (
        {
        Height = 1366;
        Width = 32;
        X = 0;
        Y = 0;
    },
    2087488016,
    1
)
23:31:06.076 WebDriverAgentRunner-Runner[1375:148205] Creating future for 'getting parameterized attribute XC_kAXXCParameterizedAttributeConvertHostedViewFrame' with timeout 65.00
23:31:06.077 WebDriverAgentRunner-Runner[1375:148205] <XCTWaiter: 0x1096c49c0> entering wait loop for 65.00s with expectations: `getting parameterized attribute XC_kAXXCParameterizedAttributeConvertHostedViewFrame`
23:31:06.078 WebDriverAgentRunner-Runner[1375:148227] Got parameterized attribute fetch for XC_kAXXCParameterizedAttributeConvertHostedViewFrame response with values {
    Height = 1366;
    Width = 32;
    X = 0;
    Y = 0;
}, error: (null)
23:31:06.078 WebDriverAgentRunner-Runner[1375:148205] Returning result XCTWaiterResultCompleted for synchronous waiter <XCTWaiter: 0x1096c49c0>
23:31:06.078 WebDriverAgentRunner-Runner[1375:148205] Wait <XCTWaiterWait: 0x108cbc700> completed after 0.002s
23:31:06.078 WebDriverAgentRunner-Runner[1375:148205] cleaning up getting parameterized attribute XC_kAXXCParameterizedAttributeConvertHostedViewFrame
23:31:06.079 WebDriverAgentRunner-Runner[1375:148205] No change when transforming rect {{0, 0}, {32, 1366}}, either portrait orientation or non-standard app configuration such as springboard
23:31:06.079 WebDriverAgentRunner-Runner[1375:148205] Fetching application interface orientation
23:31:06.079 WebDriverAgentRunner-Runner[1375:148205] Creating future for 'getting interface orientation' with timeout 65.00
23:31:06.079 WebDriverAgentRunner-Runner[1375:148205] <XCTWaiter: 0x1096c49f0> entering wait loop for 65.00s with expectations: `getting interface orientation`
23:31:06.080 WebDriverAgentRunner-Runner[1375:148205] Returning result XCTWaiterResultCompleted for synchronous waiter <XCTWaiter: 0x1096c49f0>
23:31:06.080 WebDriverAgentRunner-Runner[1375:148205] Wait <XCTWaiterWait: 0x108cbc880> completed after 0.001s
23:31:06.080 WebDriverAgentRunner-Runner[1375:148205] cleaning up getting interface orientation
23:31:06.080 WebDriverAgentRunner-Runner[1375:148205] Creating future for 'getting screen identifiers' with timeout 30.00
23:31:06.081 WebDriverAgentRunner-Runner[1375:148205] <XCTWaiter: 0x1096c59e0> entering wait loop for 30.00s with expectations: `getting screen identifiers`
23:31:06.081 WebDriverAgentRunner-Runner[1375:148205] Returning result XCTWaiterResultCompleted for synchronous waiter <XCTWaiter: 0x1096c59e0>
23:31:06.081 WebDriverAgentRunner-Runner[1375:148205] Wait <XCTWaiterWait: 0x108cbc9c0> completed after 0.000s
23:31:06.081 WebDriverAgentRunner-Runner[1375:148205] cleaning up getting screen identifiers
23:31:06.081 WebDriverAgentRunner-Runner[1375:148205] Creating future for 'getting screen bounds' with timeout 30.00
23:31:06.082 WebDriverAgentRunner-Runner[1375:148205] <XCTWaiter: 0x1096c44e0> entering wait loop for 30.00s with expectations: `getting screen bounds`
23:31:06.082 WebDriverAgentRunner-Runner[1375:148205] Returning result XCTWaiterResultCompleted for synchronous waiter <XCTWaiter: 0x1096c44e0>
23:31:06.082 WebDriverAgentRunner-Runner[1375:148205] Wait <XCTWaiterWait: 0x108cbcb40> completed after 0.000s
23:31:06.082 WebDriverAgentRunner-Runner[1375:148205] cleaning up getting screen bounds
23:31:06.082 WebDriverAgentRunner-Runner[1375:148205] Creating future for 'getting screen scale' with timeout 30.00
23:31:06.083 WebDriverAgentRunner-Runner[1375:148205] <XCTWaiter: 0x1096c58c0> entering wait loop for 30.00s with expectations: `getting screen scale`
23:31:06.083 WebDriverAgentRunner-Runner[1375:148205] Returning result XCTWaiterResultCompleted for synchronous waiter <XCTWaiter: 0x1096c58c0>
23:31:06.083 WebDriverAgentRunner-Runner[1375:148205] Wait <XCTWaiterWait: 0x108cbcb40> completed after 0.000s
23:31:06.083 WebDriverAgentRunner-Runner[1375:148205] cleaning up getting screen scale
23:31:06.084 WebDriverAgentRunner-Runner[1375:148205] <XCTContext: 0x105d9cd20> started activity <XCActivityRecord: 0x108d48380> 2026-07-19 16:31:06 +0000: Find the Application 'com.apple.springboard'
23:31:06.084 WebDriverAgentRunner-Runner[1375:148205] Executing query:

23:31:06.085 WebDriverAgentRunner-Runner[1375:148205] Creating future for 'checking for continuity enablement' with timeout 30.00
    t =     1.41s Find the Application 'com.apple.springboard'
23:31:06.085 WebDriverAgentRunner-Runner[1375:148205] <XCTWaiter: 0x1096c5ec0> entering wait loop for 30.00s with expectations: `checking for continuity enablement`
23:31:06.086 WebDriverAgentRunner-Runner[1375:148205] Returning result XCTWaiterResultCompleted for synchronous waiter <XCTWaiter: 0x1096c5ec0>
23:31:06.086 WebDriverAgentRunner-Runner[1375:148205] Wait <XCTWaiterWait: 0x108cbce00> completed after 0.001s
23:31:06.086 WebDriverAgentRunner-Runner[1375:148205] cleaning up checking for continuity enablement
23:31:06.086 WebDriverAgentRunner-Runner[1375:148205] Should evaluate query remotely? XCTDisableRemoteQueryEvaluation(d-write): YES, hasAutomationSession: YES, supportsRemoteEvaluation: YES
23:31:06.086 WebDriverAgentRunner-Runner[1375:148205] Getting matching snapshots for locally evaluated query
23:31:06.087 WebDriverAgentRunner-Runner[1375:148205] Evaluating query:
 
23:31:06.087 WebDriverAgentRunner-Runner[1375:148205] Getting root element snapshot
23:31:06.087 WebDriverAgentRunner-Runner[1375:148205] Getting snapshot for App element pid: 174 for query 
23:31:06.087 WebDriverAgentRunner-Runner[1375:148205] <XCTContext: 0x105d9cd20> started activity <XCActivityRecord: 0x108d48310> 2026-07-19 16:31:06 +0000: Requesting snapshot of accessibility hierarchy for app with pid 174
23:31:06.087 WebDriverAgentRunner-Runner[1375:148205] Query requires iOS snapshot attributes .
23:31:06.087 WebDriverAgentRunner-Runner[1375:148205] XCUIElementQuery <XCTElementSnapshotProvider> getting snapshot
23:31:06.087 WebDriverAgentRunner-Runner[1375:148205] Snapshot request has custom attributes 
23:31:06.087 WebDriverAgentRunner-Runner[1375:148205] Snapshot request has custom parameters {
    snapshotKeyHonorModalViews = 0;
}
    t =     1.41s     Requesting snapshot of accessibility hierarchy for app with pid 174
23:31:06.088 WebDriverAgentRunner-Runner[1375:148205] Current snapshot generation is 10
23:31:06.088 WebDriverAgentRunner-Runner[1375:148205] Capturing a new snapshot
23:31:06.088 WebDriverAgentRunner-Runner[1375:148205] Fetching snapshot for App element pid: 174 from testmanagerd with attributes XC_kAXXCAttributeElementType, XC_kAXXCAttributeElementBaseType, XC_kAXXCAttributeParent, XC_kAXXCAttributeIdentifier, XC_kAXXCAttributeAutomationType, XC_kAXXCAttributeTraits and parameters {
    maxArrayCount = 2147483647;
    maxChildren = 2147483647;
    maxDepth = 50;
    snapshotKeyHonorModalViews = 0;
    traverseFromParentsToChildren = 1;
}.
23:31:06.088 WebDriverAgentRunner-Runner[1375:148205] Creating future for 'fetching snapshot from testmanagerd.' with timeout 65.00
23:31:06.088 WebDriverAgentRunner-Runner[1375:148205] <XCTWaiter: 0x1096c67f0> entering wait loop for 65.00s with expectations: `fetching snapshot from testmanagerd.`
23:31:06.204 WebDriverAgentRunner-Runner[1375:148227] Got snapshot response with runtime issue support from testmanagerd.
23:31:06.204 WebDriverAgentRunner-Runner[1375:148205] Returning result XCTWaiterResultCompleted for synchronous waiter <XCTWaiter: 0x1096c67f0>
23:31:06.204 WebDriverAgentRunner-Runner[1375:148205] Wait <XCTWaiterWait: 0x108cbd240> completed after 0.116s
23:31:06.205 WebDriverAgentRunner-Runner[1375:148205] cleaning up fetching snapshot from testmanagerd.
23:31:06.205 WebDriverAgentRunner-Runner[1375:148205] <XCTContext: 0x105d9cd20> finished activity <XCActivityRecord: 0x108d48310> 2026-07-19 16:31:06 +0000: Requesting snapshot of accessibility hierarchy for app with pid 174 (0.118092s)
23:31:06.205 WebDriverAgentRunner-Runner[1375:148205] Found matches {(
    App element pid: 174
)} with root App element pid: 174
23:31:06.206 WebDriverAgentRunner-Runner[1375:148205] <XCTContext: 0x105d9cd20> finished activity <XCActivityRecord: 0x108d48380> 2026-07-19 16:31:06 +0000: Find the Application 'com.apple.springboard' (0.12184s)
23:31:06.206 WebDriverAgentRunner-Runner[1375:148205] XCUIElementQuery <XCTElementSnapshotProvider> getting snapshot
23:31:06.206 WebDriverAgentRunner-Runner[1375:148205] Snapshot request has custom attributes XC_kAXXCAttributeElementBaseType, XC_kAXXCAttributeValue, XC_kAXXCAttributeAutomationType, XC_kAXXCAttributeIdentifier, XC_kAXXCAttributeTraits, XC_kAXXCAttributeVerticalSizeClass, XC_kAXXCAttributeFrame, XC_kAXXCAttributeWindowDisplayId, XC_kAXXCAttributeWindowContextId, XC_kAXXCAttributeLabel, XC_kAXXCAttributeHorizontalSizeClass, XC_kAXXCAttributeHasNativeFocus, XC_kAXXCAttributePlaceholderValue, XC_kAXXCAttributeElementType
23:31:06.206 WebDriverAgentRunner-Runner[1375:148205] Current snapshot generation is 12
23:31:06.207 WebDriverAgentRunner-Runner[1375:148205] Query rootElementSnapshot is non-null with generation count 12
23:31:06.207 WebDriverAgentRunner-Runner[1375:148205] Capturing a new snapshot
23:31:06.207 WebDriverAgentRunner-Runner[1375:148205] Fetching snapshot for App element pid: 174 from testmanagerd with attributes XC_kAXXCAttributeElementBaseType, XC_kAXXCAttributeParent, XC_kAXXCAttributeAutomationType, XC_kAXXCAttributeIdentifier, XC_kAXXCAttributeTraits, XC_kAXXCAttributeVerticalSizeClass, XC_kAXXCAttributeFrame, XC_kAXXCAttributeWindowDisplayId, XC_kAXXCAttributeWindowContextId, XC_kAXXCAttributeLabel, XC_kAXXCAttributeHorizontalSizeClass, XC_kAXXCAttributeHasNativeFocus, XC_kAXXCAttributePlaceholderValue, XC_kAXXCAttributeTruncatedValue, XC_kAXXCAttributeElementType and parameters {
    maxArrayCount = 2147483647;
    maxChildren = 2147483647;
    maxDepth = 50;
    snapshotKeyHonorModalViews = 0;
    traverseFromParentsToChildren = 1;
}.
23:31:06.207 WebDriverAgentRunner-Runner[1375:148205] Creating future for 'fetching snapshot from testmanagerd.' with timeout 65.00
23:31:06.207 WebDriverAgentRunner-Runner[1375:148205] <XCTWaiter: 0x1096c5f80> entering wait loop for 65.00s with expectations: `fetching snapshot from testmanagerd.`
23:31:06.380 WebDriverAgentRunner-Runner[1375:148227] Got snapshot response with runtime issue support from testmanagerd.
23:31:06.381 WebDriverAgentRunner-Runner[1375:148205] Returning result XCTWaiterResultCompleted for synchronous waiter <XCTWaiter: 0x1096c5f80>
23:31:06.381 WebDriverAgentRunner-Runner[1375:148205] Wait <XCTWaiterWait: 0x109730840> completed after 0.174s
23:31:06.382 WebDriverAgentRunner-Runner[1375:148205] cleaning up fetching snapshot from testmanagerd.
23:31:06.382 WebDriverAgentRunner-Runner[1375:148205] Creating future for 'getting interface orientation' with timeout 65.00
23:31:06.382 WebDriverAgentRunner-Runner[1375:148205] <XCTWaiter: 0x1096c5e30> entering wait loop for 65.00s with expectations: `getting interface orientation`
23:31:06.383 WebDriverAgentRunner-Runner[1375:148205] Returning result XCTWaiterResultCompleted for synchronous waiter <XCTWaiter: 0x1096c5e30>
23:31:06.383 WebDriverAgentRunner-Runner[1375:148205] Wait <XCTWaiterWait: 0x109741440> completed after 0.001s
23:31:06.383 WebDriverAgentRunner-Runner[1375:148205] cleaning up getting interface orientation
23:31:06.384 WebDriverAgentRunner-Runner[1375:148205] Creating future for 'getting screen identifiers' with timeout 30.00
23:31:06.384 WebDriverAgentRunner-Runner[1375:148205] <XCTWaiter: 0x1096c6220> entering wait loop for 30.00s with expectations: `getting screen identifiers`
23:31:06.384 WebDriverAgentRunner-Runner[1375:148205] Returning result XCTWaiterResultCompleted for synchronous waiter <XCTWaiter: 0x1096c6220>
23:31:06.384 WebDriverAgentRunner-Runner[1375:148205] Wait <XCTWaiterWait: 0x109741c40> completed after 0.000s
23:31:06.384 WebDriverAgentRunner-Runner[1375:148205] cleaning up getting screen identifiers
23:31:06.384 WebDriverAgentRunner-Runner[1375:148205] Creating future for 'getting screen scale' with timeout 30.00
23:31:06.385 WebDriverAgentRunner-Runner[1375:148205] <XCTWaiter: 0x1096c6610> entering wait loop for 30.00s with expectations: `getting screen scale`
23:31:06.385 WebDriverAgentRunner-Runner[1375:148205] Returning result XCTWaiterResultCompleted for synchronous waiter <XCTWaiter: 0x1096c6610>
23:31:06.385 WebDriverAgentRunner-Runner[1375:148205] Wait <XCTWaiterWait: 0x109743340> completed after 0.000s
23:31:06.385 WebDriverAgentRunner-Runner[1375:148205] cleaning up getting screen scale
23:31:06.389 WebDriverAgentRunner-Runner[1375:148205] Creating future for 'fetching attributes 'XC_kAXXCAttributeSystemAppApplication' for Device system-wide element' with timeout 65.00
23:31:06.390 WebDriverAgentRunner-Runner[1375:148205] <XCTWaiter: 0x1096c40c0> entering wait loop for 65.00s with expectations: `fetching attributes 'XC_kAXXCAttributeSystemAppApplication' for Device system-wide element`
23:31:06.390 WebDriverAgentRunner-Runner[1375:148221] Got attribute fetch response with values {
    "XC_kAXXCAttributeSystemAppApplication" = "AX element pid: 174, elementOrHash.elementID: 0.1";
}, error: (null)
23:31:06.391 WebDriverAgentRunner-Runner[1375:148205] Returning result XCTWaiterResultCompleted for synchronous waiter <XCTWaiter: 0x1096c40c0>
23:31:06.391 WebDriverAgentRunner-Runner[1375:148205] Wait <XCTWaiterWait: 0x109741c80> completed after 0.001s
23:31:06.391 WebDriverAgentRunner-Runner[1375:148205] cleaning up fetching attributes 'XC_kAXXCAttributeSystemAppApplication' for Device system-wide element
23:31:06.392 WebDriverAgentRunner-Runner[1375:148205] <XCTContext: 0x105d9cd20> started activity <XCActivityRecord: 0x108d48bd0> 2026-07-19 16:31:06 +0000: Get all elements bound by index for: Descendants matching type StatusBar
    t =     1.72s Get all elements bound by index for: Descendants matching type StatusBar
23:31:06.392 WebDriverAgentRunner-Runner[1375:148205] Creating future for 'getting screen identifiers' with timeout 30.00
23:31:06.392 WebDriverAgentRunner-Runner[1375:148205] <XCTWaiter: 0x1096c50b0> entering wait loop for 30.00s with expectations: `getting screen identifiers`
23:31:06.393 WebDriverAgentRunner-Runner[1375:148205] Returning result XCTWaiterResultCompleted for synchronous waiter <XCTWaiter: 0x1096c50b0>
23:31:06.393 WebDriverAgentRunner-Runner[1375:148205] Wait <XCTWaiterWait: 0x1097413c0> completed after 0.000s
23:31:06.393 WebDriverAgentRunner-Runner[1375:148205] cleaning up getting screen identifiers
23:31:06.393 WebDriverAgentRunner-Runner[1375:148205] Executing query:
↪︎ Descendants matching type StatusBar
23:31:06.393 WebDriverAgentRunner-Runner[1375:148205] Creating future for 'checking for continuity enablement' with timeout 30.00
23:31:06.393 WebDriverAgentRunner-Runner[1375:148205] <XCTWaiter: 0x1096c5080> entering wait loop for 30.00s with expectations: `checking for continuity enablement`
23:31:06.395 WebDriverAgentRunner-Runner[1375:148205] Returning result XCTWaiterResultCompleted for synchronous waiter <XCTWaiter: 0x1096c5080>
23:31:06.395 WebDriverAgentRunner-Runner[1375:148205] Wait <XCTWaiterWait: 0x109741440> completed after 0.002s
23:31:06.395 WebDriverAgentRunner-Runner[1375:148205] cleaning up checking for continuity enablement
23:31:06.396 WebDriverAgentRunner-Runner[1375:148205] Should evaluate query remotely? XCTDisableRemoteQueryEvaluation(d-write): YES, hasAutomationSession: YES, supportsRemoteEvaluation: YES
23:31:06.396 WebDriverAgentRunner-Runner[1375:148205] Getting matching snapshots for locally evaluated query
23:31:06.396 WebDriverAgentRunner-Runner[1375:148205] Evaluating query:
 ↪︎ Descendants matching type StatusBar
23:31:06.396 WebDriverAgentRunner-Runner[1375:148205] Getting root element snapshot
23:31:06.396 WebDriverAgentRunner-Runner[1375:148205] Getting snapshot for App element pid: 174 for query ↪︎ Descendants matching type StatusBar
23:31:06.396 WebDriverAgentRunner-Runner[1375:148205] <XCTContext: 0x105d9cd20> started activity <XCActivityRecord: 0x108d48380> 2026-07-19 16:31:06 +0000: Requesting snapshot of accessibility hierarchy for app with pid 174
    t =     1.72s     Requesting snapshot of accessibility hierarchy for app with pid 174
23:31:06.397 WebDriverAgentRunner-Runner[1375:148205] Query requires iOS snapshot attributes XC_kAXXCAttributeElementType, XC_kAXXCAttributeElementBaseType, XC_kAXXCAttributeAutomationType, XC_kAXXCAttributeTraits.
23:31:06.397 WebDriverAgentRunner-Runner[1375:148205] XCUIElementQuery <XCTElementSnapshotProvider> getting snapshot
23:31:06.397 WebDriverAgentRunner-Runner[1375:148205] Snapshot request has custom attributes XC_kAXXCAttributeElementType, XC_kAXXCAttributeElementBaseType, XC_kAXXCAttributeAutomationType, XC_kAXXCAttributeTraits
23:31:06.397 WebDriverAgentRunner-Runner[1375:148205] Snapshot request has custom parameters {
    snapshotKeyHonorModalViews = 0;
}
23:31:06.397 WebDriverAgentRunner-Runner[1375:148205] Current snapshot generation is 20
23:31:06.398 WebDriverAgentRunner-Runner[1375:148205] Capturing a new snapshot
23:31:06.398 WebDriverAgentRunner-Runner[1375:148205] Fetching snapshot for App element pid: 174 from testmanagerd with attributes XC_kAXXCAttributeElementType, XC_kAXXCAttributeElementBaseType, XC_kAXXCAttributeParent, XC_kAXXCAttributeIdentifier, XC_kAXXCAttributeAutomationType, XC_kAXXCAttributeTraits and parameters {
    maxArrayCount = 2147483647;
    maxChildren = 2147483647;
    maxDepth = 50;
    snapshotKeyHonorModalViews = 0;
    traverseFromParentsToChildren = 1;
}.
23:31:06.398 WebDriverAgentRunner-Runner[1375:148205] Creating future for 'fetching snapshot from testmanagerd.' with timeout 65.00
23:31:06.398 WebDriverAgentRunner-Runner[1375:148205] <XCTWaiter: 0x1096c53b0> entering wait loop for 65.00s with expectations: `fetching snapshot from testmanagerd.`
23:31:06.515 WebDriverAgentRunner-Runner[1375:148224] Got snapshot response with runtime issue support from testmanagerd.
23:31:06.516 WebDriverAgentRunner-Runner[1375:148205] Returning result XCTWaiterResultCompleted for synchronous waiter <XCTWaiter: 0x1096c53b0>
23:31:06.516 WebDriverAgentRunner-Runner[1375:148205] Wait <XCTWaiterWait: 0x1097422c0> completed after 0.118s
23:31:06.516 WebDriverAgentRunner-Runner[1375:148205] cleaning up fetching snapshot from testmanagerd.
23:31:06.517 WebDriverAgentRunner-Runner[1375:148205] <XCTContext: 0x105d9cd20> finished activity <XCActivityRecord: 0x108d48380> 2026-07-19 16:31:06 +0000: Requesting snapshot of accessibility hierarchy for app with pid 174 (0.120423s)
23:31:06.518 WebDriverAgentRunner-Runner[1375:148205] XCTPerformOnMainRunLoop[MT]: already on MT; performing block without run loop dispatch - timeouts will not be enforced.
23:31:06.518 WebDriverAgentRunner-Runner[1375:148205] XCTElementQuery: set data source for rootElementSnapshot to (null)
23:31:06.518 WebDriverAgentRunner-Runner[1375:148205] Finding all matches with input Application, pid: 174 using transformers 
↪︎ Descendants matching type StatusBar
23:31:06.518 WebDriverAgentRunner-Runner[1375:148205] <XCTContext: 0x105d9cd20> started activity <XCActivityRecord: 0x108d48380> 2026-07-19 16:31:06 +0000: Find: Descendants matching type StatusBar
    t =     1.84s     Find: Descendants matching type StatusBar
23:31:06.521 WebDriverAgentRunner-Runner[1375:148205] <XCTContext: 0x105d9cd20> finished activity <XCActivityRecord: 0x108d48380> 2026-07-19 16:31:06 +0000: Find: Descendants matching type StatusBar (0.00293803s)
23:31:06.522 WebDriverAgentRunner-Runner[1375:148205] [Match All] applied transformer `Descendants matching type StatusBar` to input {(
    Application, pid: 174
)}, found {(
    StatusBar
)}
23:31:06.522 WebDriverAgentRunner-Runner[1375:148205] [Match All] setting out related elements {(
)}
23:31:06.525 WebDriverAgentRunner-Runner[1375:148205] Current tree:
Application, 0x109758640, pid: 174 <App element pid: 174>
  Window, 0x109758780 <AX element pid: 174, elementOrHash.elementID: 36032077824.11>
    Other, 0x1097588c0 <AX element pid: 174, elementOrHash.elementID: 35953538624.20>
      Other, 0x109758a00 <AX element pid: 174, elementOrHash.elementID: 35953538176.33>
  Window, 0x109758b40 <AX element pid: 174, elementOrHash.elementID: 36018690304.12>
    Other, 0x109758c80 <AX element pid: 174, elementOrHash.elementID: 36017882432.21>
      Other, 0x109758dc0 <AX element pid: 174, elementOrHash.elementID: 36038462464.34>
        Other, 0x109758f00 <AX element pid: 174, elementOrHash.elementID: 35920632704.46>
          Other, 0x109759040 <AX element pid: 174, elementOrHash.elementID: 35920548672.54>
            Other, 0x109759180 <AX element pid: 174, elementOrHash.elementID: 35887737344.1088>
            Other, 0x1097592c0 <AX element pid: 174, elementOrHash.elementID: 35943852544.1089>
            Other, 0x109759400 <AX element pid: 174, elementOrHash.elementID: 35920551360.69>
            Other, 0x109759540 <AX element pid: 174, elementOrHash.elementID: 35920551808.70>
            Other, 0x109759680 <AX element pid: 174, elementOrHash.elementID: 35888128768.2180>
            Other, 0x1097597c0 <AX element pid: 174, elementOrHash.elementID: 35887703232.1093>
            Other, 0x109759900 <AX element pid: 174, elementOrHash.elementID: 35890058048.2574>
            Other, 0x109759a40 <AX element pid: 174, elementOrHash.elementID: 35920553152.73>
            Other, 0x109759b80 <AX element pid: 174, elementOrHash.elementID: 35920549120.74>
      Other, 0x109759cc0 <AX element pid: 174, elementOrHash.elementID: 36056067584.1084>
        Other, 0x109759e00 <AX element pid: 174, elementOrHash.elementID: 11494289431044805875.9999>
          Other, 0x109759f40 <AX element pid: 333, elementOrHash.elementID: 4309013472.4>
            Other, 0x10975a080 <AX element pid: 333, elementOrHash.elementID: 4309041312.5>
              Other, 0x10975a1c0 <AX element pid: 333, elementOrHash.elementID: 4308983520.6>
                Other, 0x10975a300 <AX element pid: 333, elementOrHash.elementID: 4309005120.7>
      Other, 0x10975a440 <AX element pid: 174, elementOrHash.elementID: 36046696960.36>
        Other, 0x10975a580 <AX element pid: 174, elementOrHash.elementID: 35906212864.47>
          Other, 0x10975a6c0 <AX element pid: 174, elementOrHash.elementID: 35922778688.55>
  Window, 0x10975a800 <AX element pid: 174, elementOrHash.elementID: 36018691584.13>
    Other, 0x10975a940 <AX element pid: 174, elementOrHash.elementID: 36017885568.22>
  Window, 0x10975aa80 <AX element pid: 174, elementOrHash.elementID: 36018685184.1812>
    Other, 0x10975abc0 <AX element pid: 174, elementOrHash.elementID: 35889648896.1813>
      Other, 0x10975ad00 <AX element pid: 174, elementOrHash.elementID: 35887702784.1815>
  Window, 0x10975ae40 <AX element pid: 174, elementOrHash.elementID: 35951108864.14>
    Other, 0x10975af80 <AX element pid: 174, elementOrHash.elementID: 35953539072.23>
      Other, 0x10975b0c0 <AX element pid: 174, elementOrHash.elementID: 35953539968.37>
  Window, 0x10975b200 <AX element pid: 174, elementOrHash.elementID: 35920354816.15>
    Other, 0x10975b340 <AX element pid: 174, elementOrHash.elementID: 35923110400.24>
      Other, 0x10975b480 <AX element pid: 174, elementOrHash.elementID: 35923112192.38>
  Window, 0x10975b5c0 <AX element pid: 174, elementOrHash.elementID: 36036372480.9>
    Other, 0x10975b700 <AX element pid: 174, elementOrHash.elementID: 35942339840.25>
      Other, 0x10975b840 <AX element pid: 174, elementOrHash.elementID: 35942340288.39>
        Other, 0x10975b980 <AX element pid: 174, elementOrHash.elementID: 35942345216.48>
        Other, 0x10975bac0 <AX element pid: 174, elementOrHash.elementID: 35942345664.49>
        Other, 0x10975bc00 <AX element pid: 174, elementOrHash.elementID: 35941851264.50>
          Other, 0x10975bd40 <AX element pid: 174, elementOrHash.elementID: 36036367360.56>
            Icon, 0x10975be80 <AX element pid: 174, elementOrHash.elementID: 35943737856.6>
              Other, 0x105cc7d40 <AX element pid: 174, elementOrHash.elementID: 35943844928.145>
                Other, 0x105cc7e80 <AX element pid: 174, elementOrHash.elementID: 35943845376.185>
                  Other, 0x109711f40 <AX element pid: 174, elementOrHash.elementID: 35943797760.251>
                    Other, 0x109712080 <AX element pid: 174, elementOrHash.elementID: 35943806720.319>
            Icon, 0x109711cc0 <AX element pid: 174, elementOrHash.elementID: 35943739392.75>
              Other, 0x109711e00 <AX element pid: 174, elementOrHash.elementID: 35943845824.146>
                Other, 0x109710f00 <AX element pid: 174, elementOrHash.elementID: 35943846272.186>
                  Other, 0x109711040 <AX element pid: 174, elementOrHash.elementID: 35943792640.252>
                    Other, 0x109711b80 <AX element pid: 174, elementOrHash.elementID: 35943808000.320>
            Icon, 0x1097112c0 <AX element pid: 174, elementOrHash.elementID: 35943740928.76>
              Other, 0x109711400 <AX element pid: 174, elementOrHash.elementID: 35943846720.147>
                Other, 0x109711540 <AX element pid: 174, elementOrHash.elementID: 35943847168.187>
                  Other, 0x109711680 <AX element pid: 174, elementOrHash.elementID: 35941855104.253>
                    Other, 0x109711900 <AX element pid: 174, elementOrHash.elementID: 35944039040.321>
            Icon, 0x109711a40 <AX element pid: 174, elementOrHash.elementID: 35944136704.77>
              Other, 0x1097117c0 <AX element pid: 174, elementOrHash.elementID: 35943847616.148>
                Other, 0x109711180 <AX element pid: 174, elementOrHash.elementID: 35943848064.188>
                  Other, 0x109710dc0 <AX element pid: 174, elementOrHash.elementID: 35943795840.254>
                    Other, 0x109710c80 <AX element pid: 174, elementOrHash.elementID: 35944040320.322>
            Icon, 0x109710640 <AX element pid: 174, elementOrHash.elementID: 35944138240.78>
              Other, 0x109710b40 <AX element pid: 174, elementOrHash.elementID: 35943848512.149>
                Other, 0x109710a00 <AX element pid: 174, elementOrHash.elementID: 35943848960.189>
                  Other, 0x1097108c0 <AX element pid: 174, elementOrHash.elementID: 35941858304.255>
                    Other, 0x109710780 <AX element pid: 174, elementOrHash.elementID: 35875794176.2181>
            Icon, 0x109710500 <AX element pid: 174, elementOrHash.elementID: 35944139776.79>
              Other, 0x109710140 <AX element pid: 174, elementOrHash.elementID: 35943849856.150>
                Other, 0x1097103c0 <AX element pid: 174, elementOrHash.elementID: 35943850304.190>
                  Other, 0x109710280 <AX element pid: 174, elementOrHash.elementID: 35943799040.256>
                    Other, 0x109710000 <AX element pid: 174, elementOrHash.elementID: 35944043520.324>
            Icon, 0x1096ec000 <AX element pid: 174, elementOrHash.elementID: 35944141312.80>
              Other, 0x1096ec140 <AX element pid: 174, elementOrHash.elementID: 35943850752.151>
                Other, 0x1096ec280 <AX element pid: 174, elementOrHash.elementID: 35943851200.191>
                  Other, 0x1096ec3c0 <AX element pid: 174, elementOrHash.elementID: 35941853184.257>
                    Other, 0x1096ec500 <AX element pid: 174, elementOrHash.elementID: 35944044800.325>
          Other, 0x1096ec640 <AX element pid: 174, elementOrHash.elementID: 36036369408.57>
            Icon, 0x1096ec780 <AX element pid: 174, elementOrHash.elementID: 35941698560.81>
              Other, 0x1096ec8c0 <AX element pid: 174, elementOrHash.elementID: 35942346112.152>
                Other, 0x1096eca00 <AX element pid: 174, elementOrHash.elementID: 35943611712.192>
                  Other, 0x1096ecb40 <AX element pid: 174, elementOrHash.elementID: 35941853824.258>
                    Other, 0x1096ecc80 <AX element pid: 174, elementOrHash.elementID: 35943800960.326>
            Icon, 0x1096ecdc0 <AX element pid: 174, elementOrHash.elementID: 35943734784.82>
              Other, 0x1096ecf00 <AX element pid: 174, elementOrHash.elementID: 35943841792.153>
                Other, 0x1096ed040 <AX element pid: 174, elementOrHash.elementID: 35943842240.193>
                  Other, 0x1096ed180 <AX element pid: 174, elementOrHash.elementID: 35943794560.259>
                    Other, 0x1096ed2c0 <AX element pid: 174, elementOrHash.elementID: 35943802240.327>
                  Other, 0x1096ed400 <AX element pid: 174, elementOrHash.elementID: 35943802880.260>
                    Other, 0x1096ed540 <AX element pid: 174, elementOrHash.elementID: 35943844032.328>
                      Image, 0x1096ed680 <AX element pid: 174, elementOrHash.elementID: 36036537344.415>
          Other, 0x1096ed7c0 <AX element pid: 174, elementOrHash.elementID: 36036368384.58>
          Icon, 0x1096ed900 <AX element pid: 174, elementOrHash.elementID: 35944142848.59>
            Other, 0x1096eda40 <AX element pid: 174, elementOrHash.elementID: 35887479808.1147>
            Other, 0x1096edb80 <AX element pid: 174, elementOrHash.elementID: 35887469568.1148>
            Other, 0x1096edcc0 <AX element pid: 174, elementOrHash.elementID: 35891053184.513>
            Other, 0x1096ede00 <AX element pid: 174, elementOrHash.elementID: 35887477248.1149>
      Other, 0x1096edf40 <AX element pid: 174, elementOrHash.elementID: 35944048000.40>
        Other, 0x1096ee080 <AX element pid: 174, elementOrHash.elementID: 36037143040.51>
          Other, 0x1096ee1c0 <AX element pid: 174, elementOrHash.elementID: 8666967316085091201.9999>
            Other, 0x1096ee300 <AX element pid: 303, elementOrHash.elementID: 4312005392.4>
              Other, 0x1096ee440 <AX element pid: 303, elementOrHash.elementID: 33807598848.5>
                Other, 0x1096ee580 <AX element pid: 303, elementOrHash.elementID: 33807631232.6>
                  Other, 0x1096ee6c0 <AX element pid: 303, elementOrHash.elementID: 33807630336.7>
          Other, 0x1096ee800 <AX element pid: 174, elementOrHash.elementID: 989399453524512628.9999>
            Other, 0x1096ee940 <AX element pid: 303, elementOrHash.elementID: 33807632128.8>
              Other, 0x1096eea80 <AX element pid: 303, elementOrHash.elementID: 33807633920.9>
          Other, 0x1096eebc0 <AX element pid: 174, elementOrHash.elementID: 13411371857668989829.9999>
  Window, 0x1096eed00 <AX element pid: 174, elementOrHash.elementID: 36022010880.16>
    StatusBar, 0x1096eee40 <AX element pid: 174, elementOrHash.elementID: 36017866624.26>
      Other, 0x1096eef80 <AX element pid: 174, elementOrHash.elementID: 36021977088.41>
        Other, 0x1096ef0c0 <AX element pid: 174, elementOrHash.elementID: 35889654720.2076>
          Other, 0x1096ef200 <AX element pid: 174, elementOrHash.elementID: 36057350656.2088>
          Other, 0x1096ef340 <AX element pid: 174, elementOrHash.elementID: 35889647552.2077>
            StaticText, 0x1096ef480 <AX element pid: 174, elementOrHash.elementID: 35893191424.2079>
            StaticText, 0x1096ef5c0 <AX element pid: 174, elementOrHash.elementID: 35893197696.2080>
          Other, 0x1096ef700 <AX element pid: 174, elementOrHash.elementID: 36057351168.2089>
          Other, 0x1096ef840 <AX element pid: 174, elementOrHash.elementID: 35907105920.2078>
            Other, 0x1096ef980 <AX element pid: 174, elementOrHash.elementID: 36057354752.2081>
            Image, 0x1096efac0 <AX element pid: 174, elementOrHash.elementID: 35888208768.2082>
            StaticText, 0x1096efc00 <AX element pid: 174, elementOrHash.elementID: 35911293952.2083>
            Other, 0x1096efd40 <AX element pid: 174, elementOrHash.elementID: 35888203008.2084>
          Other, 0x1096efe80 <AX element pid: 174, elementOrHash.elementID: 36057352704.2090>
    Other, 0x109704000 <AX element pid: 174, elementOrHash.elementID: 36017881984.27>
  Window, 0x109704140 <AX element pid: 174, elementOrHash.elementID: 36052796416.2573>
    Other, 0x109704280 <AX element pid: 174, elementOrHash.elementID: 35888121152.1814>
      Other, 0x1097043c0 <AX element pid: 174, elementOrHash.elementID: 35888134144.1816>
      Other, 0x109704500 <AX element pid: 174, elementOrHash.elementID: 35888122048.1817>
        Other, 0x109704640 <AX element pid: 174, elementOrHash.elementID: 35888133248.1819>
          Other, 0x109704780 <AX element pid: 174, elementOrHash.elementID: 35888122944.1820>
            Other, 0x1097048c0 <AX element pid: 174, elementOrHash.elementID: 35907062848.1822>
              Other, 0x109704a00 <AX element pid: 174, elementOrHash.elementID: 35907065536.1823>
              Other, 0x109704b40 <AX element pid: 174, elementOrHash.elementID: 35903851136.1824>
                Other, 0x109704c80 <AX element pid: 174, elementOrHash.elementID: 36044862464.1825>
      Other, 0x109704dc0 <AX element pid: 174, elementOrHash.elementID: 35888132800.1818>
  Window, 0x109704f00 <AX element pid: 174, elementOrHash.elementID: 36032072704.17>
    Other, 0x109705040 <AX element pid: 174, elementOrHash.elementID: 35953535488.28>
  Window, 0x109705180 <AX element pid: 174, elementOrHash.elementID: 36032076800.18>
    Other, 0x1097052c0 <AX element pid: 174, elementOrHash.elementID: 35953537728.29>
23:31:06.525 WebDriverAgentRunner-Runner[1375:148205] Found matches {(
    StatusBar
)} with root Application, pid: 174
23:31:06.525 WebDriverAgentRunner-Runner[1375:148205] <XCTContext: 0x105d9cd20> finished activity <XCActivityRecord: 0x108d48bd0> 2026-07-19 16:31:06 +0000: Get all elements bound by index for: Descendants matching type StatusBar (0.133518s)
23:31:06.526 WebDriverAgentRunner-Runner[1375:148205] <XCTContext: 0x105d9cd20> started activity <XCActivityRecord: 0x108d48bd0> 2026-07-19 16:31:06 +0000: Find the StatusBar (Element at index 0)
    t =     1.85s Find the StatusBar (Element at index 0)
23:31:06.526 WebDriverAgentRunner-Runner[1375:148205] Executing query:
↪︎ Descendants matching type StatusBar
    ↪︎ Element at index 0
23:31:06.527 WebDriverAgentRunner-Runner[1375:148205] Creating future for 'checking for continuity enablement' with timeout 30.00
23:31:06.527 WebDriverAgentRunner-Runner[1375:148205] <XCTWaiter: 0x1096c4900> entering wait loop for 30.00s with expectations: `checking for continuity enablement`
23:31:06.528 WebDriverAgentRunner-Runner[1375:148205] Returning result XCTWaiterResultCompleted for synchronous waiter <XCTWaiter: 0x1096c4900>
23:31:06.528 WebDriverAgentRunner-Runner[1375:148205] Wait <XCTWaiterWait: 0x108c2ef40> completed after 0.001s
23:31:06.528 WebDriverAgentRunner-Runner[1375:148205] cleaning up checking for continuity enablement
23:31:06.529 WebDriverAgentRunner-Runner[1375:148205] Should evaluate query remotely? XCTDisableRemoteQueryEvaluation(d-write): YES, hasAutomationSession: YES, supportsRemoteEvaluation: YES
23:31:06.529 WebDriverAgentRunner-Runner[1375:148205] Getting matching snapshots for locally evaluated query
23:31:06.529 WebDriverAgentRunner-Runner[1375:148205] Evaluating query:
 ↪︎ Descendants matching type StatusBar
    ↪︎ Element at index 0
23:31:06.529 WebDriverAgentRunner-Runner[1375:148205] Getting root element snapshot
23:31:06.529 WebDriverAgentRunner-Runner[1375:148205] Getting snapshot for App element pid: 174 for query ↪︎ Descendants matching type StatusBar
    ↪︎ Element at index 0
23:31:06.529 WebDriverAgentRunner-Runner[1375:148205] <XCTContext: 0x105d9cd20> started activity <XCActivityRecord: 0x108d48380> 2026-07-19 16:31:06 +0000: Requesting snapshot of accessibility hierarchy for app with pid 174
    t =     1.85s     Requesting snapshot of accessibility hierarchy for app with pid 174
23:31:06.530 WebDriverAgentRunner-Runner[1375:148205] Query requires iOS snapshot attributes XC_kAXXCAttributeElementType, XC_kAXXCAttributeElementBaseType, XC_kAXXCAttributeAutomationType, XC_kAXXCAttributeTraits.
23:31:06.530 WebDriverAgentRunner-Runner[1375:148205] XCUIElementQuery <XCTElementSnapshotProvider> getting snapshot
23:31:06.530 WebDriverAgentRunner-Runner[1375:148205] Snapshot request has custom attributes XC_kAXXCAttributeElementType, XC_kAXXCAttributeElementBaseType, XC_kAXXCAttributeAutomationType, XC_kAXXCAttributeTraits
23:31:06.531 WebDriverAgentRunner-Runner[1375:148205] Snapshot request has custom parameters {
    snapshotKeyHonorModalViews = 0;
}
23:31:06.531 WebDriverAgentRunner-Runner[1375:148205] Current snapshot generation is 23
23:31:06.531 WebDriverAgentRunner-Runner[1375:148205] Capturing a new snapshot
23:31:06.531 WebDriverAgentRunner-Runner[1375:148205] Fetching snapshot for App element pid: 174 from testmanagerd with attributes XC_kAXXCAttributeElementType, XC_kAXXCAttributeElementBaseType, XC_kAXXCAttributeParent, XC_kAXXCAttributeIdentifier, XC_kAXXCAttributeAutomationType, XC_kAXXCAttributeTraits and parameters {
    maxArrayCount = 2147483647;
    maxChildren = 2147483647;
    maxDepth = 50;
    snapshotKeyHonorModalViews = 0;
    traverseFromParentsToChildren = 1;
}.
23:31:06.531 WebDriverAgentRunner-Runner[1375:148205] Creating future for 'fetching snapshot from testmanagerd.' with timeout 65.00
23:31:06.532 WebDriverAgentRunner-Runner[1375:148205] <XCTWaiter: 0x1096c4db0> entering wait loop for 65.00s with expectations: `fetching snapshot from testmanagerd.`
23:31:06.653 WebDriverAgentRunner-Runner[1375:148225] Got snapshot response with runtime issue support from testmanagerd.
23:31:06.654 WebDriverAgentRunner-Runner[1375:148205] Returning result XCTWaiterResultCompleted for synchronous waiter <XCTWaiter: 0x1096c4db0>
23:31:06.654 WebDriverAgentRunner-Runner[1375:148205] Wait <XCTWaiterWait: 0x108c2de40> completed after 0.122s
23:31:06.654 WebDriverAgentRunner-Runner[1375:148205] cleaning up fetching snapshot from testmanagerd.
23:31:06.654 WebDriverAgentRunner-Runner[1375:148205] <XCTContext: 0x105d9cd20> finished activity <XCActivityRecord: 0x108d48380> 2026-07-19 16:31:06 +0000: Requesting snapshot of accessibility hierarchy for app with pid 174 (0.124838s)
23:31:06.655 WebDriverAgentRunner-Runner[1375:148205] XCTPerformOnMainRunLoop[MT]: already on MT; performing block without run loop dispatch - timeouts will not be enforced.
23:31:06.655 WebDriverAgentRunner-Runner[1375:148205] XCTElementQuery: set data source for rootElementSnapshot to (null)
23:31:06.655 WebDriverAgentRunner-Runner[1375:148205] Finding all matches with input Application, pid: 174 using transformers 
↪︎ Descendants matching type StatusBar
    ↪︎ Element at index 0
23:31:06.655 WebDriverAgentRunner-Runner[1375:148205] <XCTContext: 0x105d9cd20> started activity <XCActivityRecord: 0x108d48380> 2026-07-19 16:31:06 +0000: Find: Descendants matching type StatusBar
    t =     1.98s     Find: Descendants matching type StatusBar
23:31:06.657 WebDriverAgentRunner-Runner[1375:148205] <XCTContext: 0x105d9cd20> finished activity <XCActivityRecord: 0x108d48380> 2026-07-19 16:31:06 +0000: Find: Descendants matching type StatusBar (0.00205803s)
23:31:06.658 WebDriverAgentRunner-Runner[1375:148205] [Match All] applied transformer `Descendants matching type StatusBar` to input {(
    Application, pid: 174
)}, found {(
    StatusBar
)}
23:31:06.658 WebDriverAgentRunner-Runner[1375:148205] <XCTContext: 0x105d9cd20> started activity <XCActivityRecord: 0x108d48380> 2026-07-19 16:31:06 +0000: Find: Element at index 0
23:31:06.659 WebDriverAgentRunner-Runner[1375:148205] <XCTContext: 0x105d9cd20> finished activity <XCActivityRecord: 0x108d48380> 2026-07-19 16:31:06 +0000: Find: Element at index 0 (0.000658989s)
23:31:06.659 WebDriverAgentRunner-Runner[1375:148205] [Match All] applied transformer `Element at index 0` to input {(
    StatusBar
)}, found {(
    StatusBar
)}
23:31:06.659 WebDriverAgentRunner-Runner[1375:148205] [Match All] setting out related elements {(
)}
23:31:06.662 WebDriverAgentRunner-Runner[1375:148205] Current tree:
Application, 0x109705400, pid: 174 <App element pid: 174>
  Window, 0x109705540 <AX element pid: 174, elementOrHash.elementID: 36032077824.11>
    Other, 0x109705680 <AX element pid: 174, elementOrHash.elementID: 35953538624.20>
      Other, 0x1097057c0 <AX element pid: 174, elementOrHash.elementID: 35953538176.33>
  Window, 0x109705900 <AX element pid: 174, elementOrHash.elementID: 36018690304.12>
    Other, 0x109705a40 <AX element pid: 174, elementOrHash.elementID: 36017882432.21>
      Other, 0x109705b80 <AX element pid: 174, elementOrHash.elementID: 36038462464.34>
        Other, 0x109705cc0 <AX element pid: 174, elementOrHash.elementID: 35920632704.46>
          Other, 0x109705e00 <AX element pid: 174, elementOrHash.elementID: 35920548672.54>
            Other, 0x109705f40 <AX element pid: 174, elementOrHash.elementID: 35887737344.1088>
            Other, 0x109706080 <AX element pid: 174, elementOrHash.elementID: 35943852544.1089>
            Other, 0x1097061c0 <AX element pid: 174, elementOrHash.elementID: 35920551360.69>
            Other, 0x109706300 <AX element pid: 174, elementOrHash.elementID: 35920551808.70>
            Other, 0x109706440 <AX element pid: 174, elementOrHash.elementID: 35888128768.2180>
            Other, 0x109706580 <AX element pid: 174, elementOrHash.elementID: 35887703232.1093>
            Other, 0x1097066c0 <AX element pid: 174, elementOrHash.elementID: 35890058048.2574>
            Other, 0x109706800 <AX element pid: 174, elementOrHash.elementID: 35920553152.73>
            Other, 0x109706940 <AX element pid: 174, elementOrHash.elementID: 35920549120.74>
      Other, 0x109706a80 <AX element pid: 174, elementOrHash.elementID: 36056067584.1084>
        Other, 0x109706bc0 <AX element pid: 174, elementOrHash.elementID: 11494289431044805875.9999>
          Other, 0x109706d00 <AX element pid: 333, elementOrHash.elementID: 4309013472.4>
            Other, 0x109706e40 <AX element pid: 333, elementOrHash.elementID: 4309041312.5>
              Other, 0x109706f80 <AX element pid: 333, elementOrHash.elementID: 4308983520.6>
                Other, 0x1097070c0 <AX element pid: 333, elementOrHash.elementID: 4309005120.7>
      Other, 0x109707200 <AX element pid: 174, elementOrHash.elementID: 36046696960.36>
        Other, 0x109707340 <AX element pid: 174, elementOrHash.elementID: 35906212864.47>
          Other, 0x109707480 <AX element pid: 174, elementOrHash.elementID: 35922778688.55>
  Window, 0x1097075c0 <AX element pid: 174, elementOrHash.elementID: 36018691584.13>
    Other, 0x109707700 <AX element pid: 174, elementOrHash.elementID: 36017885568.22>
  Window, 0x109707840 <AX element pid: 174, elementOrHash.elementID: 36018685184.1812>
    Other, 0x109707980 <AX element pid: 174, elementOrHash.elementID: 35889648896.1813>
      Other, 0x109707ac0 <AX element pid: 174, elementOrHash.elementID: 35887702784.1815>
  Window, 0x109707c00 <AX element pid: 174, elementOrHash.elementID: 35951108864.14>
    Other, 0x109707d40 <AX element pid: 174, elementOrHash.elementID: 35953539072.23>
      Other, 0x109707e80 <AX element pid: 174, elementOrHash.elementID: 35953539968.37>
  Window, 0x105cc6e40 <AX element pid: 174, elementOrHash.elementID: 35920354816.15>
    Other, 0x10970c000 <AX element pid: 174, elementOrHash.elementID: 35923110400.24>
      Other, 0x10970c140 <AX element pid: 174, elementOrHash.elementID: 35923112192.38>
  Window, 0x10970c280 <AX element pid: 174, elementOrHash.elementID: 36036372480.9>
    Other, 0x10970c3c0 <AX element pid: 174, elementOrHash.elementID: 35942339840.25>
      Other, 0x10970c500 <AX element pid: 174, elementOrHash.elementID: 35942340288.39>
        Other, 0x10970c640 <AX element pid: 174, elementOrHash.elementID: 35942345216.48>
        Other, 0x10970c780 <AX element pid: 174, elementOrHash.elementID: 35942345664.49>
        Other, 0x10970c8c0 <AX element pid: 174, elementOrHash.elementID: 35941851264.50>
          Other, 0x10970ca00 <AX element pid: 174, elementOrHash.elementID: 36036367360.56>
            Icon, 0x10970cb40 <AX element pid: 174, elementOrHash.elementID: 35943737856.6>
              Other, 0x10970cc80 <AX element pid: 174, elementOrHash.elementID: 35943844928.145>
                Other, 0x10970cdc0 <AX element pid: 174, elementOrHash.elementID: 35943845376.185>
                  Other, 0x10970cf00 <AX element pid: 174, elementOrHash.elementID: 35943797760.251>
                    Other, 0x10970d040 <AX element pid: 174, elementOrHash.elementID: 35943806720.319>
            Icon, 0x10970d180 <AX element pid: 174, elementOrHash.elementID: 35943739392.75>
              Other, 0x10970d2c0 <AX element pid: 174, elementOrHash.elementID: 35943845824.146>
                Other, 0x10970d400 <AX element pid: 174, elementOrHash.elementID: 35943846272.186>
                  Other, 0x10970d540 <AX element pid: 174, elementOrHash.elementID: 35943792640.252>
                    Other, 0x10970d680 <AX element pid: 174, elementOrHash.elementID: 35943808000.320>
            Icon, 0x10970d7c0 <AX element pid: 174, elementOrHash.elementID: 35943740928.76>
              Other, 0x10970d900 <AX element pid: 174, elementOrHash.elementID: 35943846720.147>
                Other, 0x10970da40 <AX element pid: 174, elementOrHash.elementID: 35943847168.187>
                  Other, 0x10970db80 <AX element pid: 174, elementOrHash.elementID: 35941855104.253>
                    Other, 0x10970dcc0 <AX element pid: 174, elementOrHash.elementID: 35944039040.321>
            Icon, 0x10970de00 <AX element pid: 174, elementOrHash.elementID: 35944136704.77>
              Other, 0x10970df40 <AX element pid: 174, elementOrHash.elementID: 35943847616.148>
                Other, 0x10970e080 <AX element pid: 174, elementOrHash.elementID: 35943848064.188>
                  Other, 0x10970e1c0 <AX element pid: 174, elementOrHash.elementID: 35943795840.254>
                    Other, 0x10970e300 <AX element pid: 174, elementOrHash.elementID: 35944040320.322>
            Icon, 0x10970e440 <AX element pid: 174, elementOrHash.elementID: 35944138240.78>
              Other, 0x10970e580 <AX element pid: 174, elementOrHash.elementID: 35943848512.149>
                Other, 0x10970e6c0 <AX element pid: 174, elementOrHash.elementID: 35943848960.189>
                  Other, 0x10970e800 <AX element pid: 174, elementOrHash.elementID: 35941858304.255>
                    Other, 0x10970e940 <AX element pid: 174, elementOrHash.elementID: 35875794176.2181>
            Icon, 0x10970ea80 <AX element pid: 174, elementOrHash.elementID: 35944139776.79>
              Other, 0x10970ebc0 <AX element pid: 174, elementOrHash.elementID: 35943849856.150>
                Other, 0x10970ed00 <AX element pid: 174, elementOrHash.elementID: 35943850304.190>
                  Other, 0x10970ee40 <AX element pid: 174, elementOrHash.elementID: 35943799040.256>
                    Other, 0x10970ef80 <AX element pid: 174, elementOrHash.elementID: 35944043520.324>
            Icon, 0x10970f0c0 <AX element pid: 174, elementOrHash.elementID: 35944141312.80>
              Other, 0x10970f200 <AX element pid: 174, elementOrHash.elementID: 35943850752.151>
                Other, 0x10970f340 <AX element pid: 174, elementOrHash.elementID: 35943851200.191>
                  Other, 0x10970f480 <AX element pid: 174, elementOrHash.elementID: 35941853184.257>
                    Other, 0x10970f5c0 <AX element pid: 174, elementOrHash.elementID: 35944044800.325>
          Other, 0x10970f700 <AX element pid: 174, elementOrHash.elementID: 36036369408.57>
            Icon, 0x10970f840 <AX element pid: 174, elementOrHash.elementID: 35941698560.81>
              Other, 0x10970f980 <AX element pid: 174, elementOrHash.elementID: 35942346112.152>
                Other, 0x10970fac0 <AX element pid: 174, elementOrHash.elementID: 35943611712.192>
                  Other, 0x10970fc00 <AX element pid: 174, elementOrHash.elementID: 35941853824.258>
                    Other, 0x10970fd40 <AX element pid: 174, elementOrHash.elementID: 35943800960.326>
            Icon, 0x10970fe80 <AX element pid: 174, elementOrHash.elementID: 35943734784.82>
              Other, 0x109694000 <AX element pid: 174, elementOrHash.elementID: 35943841792.153>
                Other, 0x109694140 <AX element pid: 174, elementOrHash.elementID: 35943842240.193>
                  Other, 0x109694280 <AX element pid: 174, elementOrHash.elementID: 35943794560.259>
                    Other, 0x1096943c0 <AX element pid: 174, elementOrHash.elementID: 35943802240.327>
                  Other, 0x109694500 <AX element pid: 174, elementOrHash.elementID: 35943802880.260>
                    Other, 0x109694640 <AX element pid: 174, elementOrHash.elementID: 35943844032.328>
                      Image, 0x109694780 <AX element pid: 174, elementOrHash.elementID: 36036537344.415>
          Other, 0x1096948c0 <AX element pid: 174, elementOrHash.elementID: 36036368384.58>
          Icon, 0x109694a00 <AX element pid: 174, elementOrHash.elementID: 35944142848.59>
            Other, 0x109694b40 <AX element pid: 174, elementOrHash.elementID: 35887479808.1147>
            Other, 0x109694c80 <AX element pid: 174, elementOrHash.elementID: 35887469568.1148>
            Other, 0x109694dc0 <AX element pid: 174, elementOrHash.elementID: 35891053184.513>
            Other, 0x109694f00 <AX element pid: 174, elementOrHash.elementID: 35887477248.1149>
      Other, 0x109695040 <AX element pid: 174, elementOrHash.elementID: 35944048000.40>
        Other, 0x109695180 <AX element pid: 174, elementOrHash.elementID: 36037143040.51>
          Other, 0x1096952c0 <AX element pid: 174, elementOrHash.elementID: 8666967316085091201.9999>
            Other, 0x109695400 <AX element pid: 303, elementOrHash.elementID: 4312005392.4>
              Other, 0x109695540 <AX element pid: 303, elementOrHash.elementID: 33807598848.5>
                Other, 0x109695680 <AX element pid: 303, elementOrHash.elementID: 33807631232.6>
                  Other, 0x1096957c0 <AX element pid: 303, elementOrHash.elementID: 33807630336.7>
          Other, 0x109695900 <AX element pid: 174, elementOrHash.elementID: 989399453524512628.9999>
            Other, 0x109695a40 <AX element pid: 303, elementOrHash.elementID: 33807632128.8>
              Other, 0x109695b80 <AX element pid: 303, elementOrHash.elementID: 33807633920.9>
          Other, 0x109695cc0 <AX element pid: 174, elementOrHash.elementID: 13411371857668989829.9999>
  Window, 0x109695e00 <AX element pid: 174, elementOrHash.elementID: 36022010880.16>
    StatusBar, 0x109695f40 <AX element pid: 174, elementOrHash.elementID: 36017866624.26>
      Other, 0x109696080 <AX element pid: 174, elementOrHash.elementID: 36021977088.41>
        Other, 0x1096961c0 <AX element pid: 174, elementOrHash.elementID: 35889654720.2076>
          Other, 0x109696300 <AX element pid: 174, elementOrHash.elementID: 36057350656.2088>
          Other, 0x109696440 <AX element pid: 174, elementOrHash.elementID: 35889647552.2077>
            StaticText, 0x109696580 <AX element pid: 174, elementOrHash.elementID: 35893191424.2079>
            StaticText, 0x1096966c0 <AX element pid: 174, elementOrHash.elementID: 35893197696.2080>
          Other, 0x109696800 <AX element pid: 174, elementOrHash.elementID: 36057351168.2089>
          Other, 0x109696940 <AX element pid: 174, elementOrHash.elementID: 35907105920.2078>
            Other, 0x109696a80 <AX element pid: 174, elementOrHash.elementID: 36057354752.2081>
            Image, 0x109696bc0 <AX element pid: 174, elementOrHash.elementID: 35888208768.2082>
            StaticText, 0x109696d00 <AX element pid: 174, elementOrHash.elementID: 35911293952.2083>
            Other, 0x109696e40 <AX element pid: 174, elementOrHash.elementID: 35888203008.2084>
          Other, 0x109696f80 <AX element pid: 174, elementOrHash.elementID: 36057352704.2090>
    Other, 0x1096970c0 <AX element pid: 174, elementOrHash.elementID: 36017881984.27>
  Window, 0x109697200 <AX element pid: 174, elementOrHash.elementID: 36052796416.2573>
    Other, 0x109697340 <AX element pid: 174, elementOrHash.elementID: 35888121152.1814>
      Other, 0x109697480 <AX element pid: 174, elementOrHash.elementID: 35888134144.1816>
      Other, 0x1096975c0 <AX element pid: 174, elementOrHash.elementID: 35888122048.1817>
        Other, 0x109697700 <AX element pid: 174, elementOrHash.elementID: 35888133248.1819>
          Other, 0x109697840 <AX element pid: 174, elementOrHash.elementID: 35888122944.1820>
            Other, 0x109697980 <AX element pid: 174, elementOrHash.elementID: 35907062848.1822>
              Other, 0x109697ac0 <AX element pid: 174, elementOrHash.elementID: 35907065536.1823>
              Other, 0x109697c00 <AX element pid: 174, elementOrHash.elementID: 35903851136.1824>
                Other, 0x109697d40 <AX element pid: 174, elementOrHash.elementID: 36044862464.1825>
      Other, 0x109697e80 <AX element pid: 174, elementOrHash.elementID: 35888132800.1818>
  Window, 0x1096e8000 <AX element pid: 174, elementOrHash.elementID: 36032072704.17>
    Other, 0x1096e8140 <AX element pid: 174, elementOrHash.elementID: 35953535488.28>
  Window, 0x1096e8280 <AX element pid: 174, elementOrHash.elementID: 36032076800.18>
    Other, 0x1096e83c0 <AX element pid: 174, elementOrHash.elementID: 35953537728.29>
23:31:06.662 WebDriverAgentRunner-Runner[1375:148205] Found matches {(
    StatusBar
)} with root Application, pid: 174
23:31:06.662 WebDriverAgentRunner-Runner[1375:148205] <XCTContext: 0x105d9cd20> finished activity <XCActivityRecord: 0x108d48bd0> 2026-07-19 16:31:06 +0000: Find the StatusBar (Element at index 0) (0.136449s)
23:31:06.663 WebDriverAgentRunner-Runner[1375:148205] Creating future for 'checking for continuity enablement' with timeout 30.00
23:31:06.663 WebDriverAgentRunner-Runner[1375:148205] <XCTWaiter: 0x1096c52f0> entering wait loop for 30.00s with expectations: `checking for continuity enablement`
    t =     1.98s     Find: Element at index 0
23:31:06.664 WebDriverAgentRunner-Runner[1375:148205] Returning result XCTWaiterResultCompleted for synchronous waiter <XCTWaiter: 0x1096c52f0>
23:31:06.664 WebDriverAgentRunner-Runner[1375:148205] Wait <XCTWaiterWait: 0x108cbf740> completed after 0.001s
23:31:06.665 WebDriverAgentRunner-Runner[1375:148205] cleaning up checking for continuity enablement
23:31:06.665 WebDriverAgentRunner-Runner[1375:148205] Creating future for 'fetching attributes 'XC_kAXXCAttributeFrame', 'XC_kAXXCAttributeWindowDisplayId', 'XC_kAXXCAttributeWindowContextId' for AX element pid: 174, elementOrHash.elementID: 36017866624.26' with timeout 30.00
23:31:06.665 WebDriverAgentRunner-Runner[1375:148205] <XCTWaiter: 0x1096c44b0> entering wait loop for 30.00s with expectations: `fetching attributes 'XC_kAXXCAttributeFrame', 'XC_kAXXCAttributeWindowDisplayId', 'XC_kAXXCAttributeWindowContextId' for AX element pid: 174, elementOrHash.elementID: 36017866624.26`
23:31:06.666 WebDriverAgentRunner-Runner[1375:148205] Returning result XCTWaiterResultCompleted for synchronous waiter <XCTWaiter: 0x1096c44b0>
23:31:06.666 WebDriverAgentRunner-Runner[1375:148205] Wait <XCTWaiterWait: 0x108cbcc80> completed after 0.001s
23:31:06.666 WebDriverAgentRunner-Runner[1375:148205] cleaning up fetching attributes 'XC_kAXXCAttributeFrame', 'XC_kAXXCAttributeWindowDisplayId', 'XC_kAXXCAttributeWindowContextId' for AX element pid: 174, elementOrHash.elementID: 36017866624.26
23:31:06.667 WebDriverAgentRunner-Runner[1375:148205] StatusBar (AX element pid: 174, elementOrHash.elementID: 36017866624.26) faulted in {
    "XC_kAXXCAttributeFrame" =     {
        Height = 1366;
        Width = 32;
        X = 0;
        Y = 0;
    };
    "XC_kAXXCAttributeWindowContextId" = 2087488016;
    "XC_kAXXCAttributeWindowDisplayId" = 1;
}: (no error) for frame using XC_kAXXCAttributeFrame, XC_kAXXCAttributeWindowDisplayId, XC_kAXXCAttributeWindowContextId
23:31:06.667 WebDriverAgentRunner-Runner[1375:148205] getting parameterized attribute XC_kAXXCParameterizedAttributeConvertHostedViewFrame with parameter (
        {
        Height = 1366;
        Width = 32;
        X = 0;
        Y = 0;
    },
    2087488016,
    1
)
23:31:06.667 WebDriverAgentRunner-Runner[1375:148205] Creating future for 'getting parameterized attribute XC_kAXXCParameterizedAttributeConvertHostedViewFrame' with timeout 65.00
23:31:06.668 WebDriverAgentRunner-Runner[1375:148205] <XCTWaiter: 0x1096c53b0> entering wait loop for 65.00s with expectations: `getting parameterized attribute XC_kAXXCParameterizedAttributeConvertHostedViewFrame`
23:31:06.668 WebDriverAgentRunner-Runner[1375:148224] Got parameterized attribute fetch for XC_kAXXCParameterizedAttributeConvertHostedViewFrame response with values {
    Height = 1366;
    Width = 32;
    X = 0;
    Y = 0;
}, error: (null)
23:31:06.669 WebDriverAgentRunner-Runner[1375:148205] Returning result XCTWaiterResultCompleted for synchronous waiter <XCTWaiter: 0x1096c53b0>
23:31:06.669 WebDriverAgentRunner-Runner[1375:148205] Wait <XCTWaiterWait: 0x108cbc280> completed after 0.001s
23:31:06.669 WebDriverAgentRunner-Runner[1375:148205] cleaning up getting parameterized attribute XC_kAXXCParameterizedAttributeConvertHostedViewFrame
23:31:06.669 WebDriverAgentRunner-Runner[1375:148205] No change when transforming rect {{0, 0}, {32, 1366}}, either portrait orientation or non-standard app configuration such as springboard
23:31:06.669 WebDriverAgentRunner-Runner[1375:148205] Fetching application interface orientation
23:31:06.670 WebDriverAgentRunner-Runner[1375:148205] Creating future for 'getting interface orientation' with timeout 65.00
23:31:06.670 WebDriverAgentRunner-Runner[1375:148205] <XCTWaiter: 0x1096c5b90> entering wait loop for 65.00s with expectations: `getting interface orientation`
23:31:06.670 WebDriverAgentRunner-Runner[1375:148205] Returning result XCTWaiterResultCompleted for synchronous waiter <XCTWaiter: 0x1096c5b90>
23:31:06.671 WebDriverAgentRunner-Runner[1375:148205] Wait <XCTWaiterWait: 0x108cbc400> completed after 0.001s
23:31:06.671 WebDriverAgentRunner-Runner[1375:148205] cleaning up getting interface orientation
23:31:06.671 WebDriverAgentRunner-Runner[1375:148205] Creating future for 'getting screen identifiers' with timeout 30.00
23:31:06.671 WebDriverAgentRunner-Runner[1375:148205] <XCTWaiter: 0x1096c4450> entering wait loop for 30.00s with expectations: `getting screen identifiers`
23:31:06.671 WebDriverAgentRunner-Runner[1375:148205] Returning result XCTWaiterResultCompleted for synchronous waiter <XCTWaiter: 0x1096c4450>
23:31:06.672 WebDriverAgentRunner-Runner[1375:148205] Wait <XCTWaiterWait: 0x108cbc940> completed after 0.000s
23:31:06.672 WebDriverAgentRunner-Runner[1375:148205] cleaning up getting screen identifiers
23:31:06.672 WebDriverAgentRunner-Runner[1375:148205] Creating future for 'getting screen bounds' with timeout 30.00
23:31:06.672 WebDriverAgentRunner-Runner[1375:148205] <XCTWaiter: 0x1096c45a0> entering wait loop for 30.00s with expectations: `getting screen bounds`
23:31:06.672 WebDriverAgentRunner-Runner[1375:148205] Returning result XCTWaiterResultCompleted for synchronous waiter <XCTWaiter: 0x1096c45a0>
23:31:06.672 WebDriverAgentRunner-Runner[1375:148205] Wait <XCTWaiterWait: 0x108cbfc40> completed after 0.000s
23:31:06.673 WebDriverAgentRunner-Runner[1375:148205] cleaning up getting screen bounds
23:31:06.673 WebDriverAgentRunner-Runner[1375:148205] Creating future for 'getting screen scale' with timeout 30.00
23:31:06.673 WebDriverAgentRunner-Runner[1375:148205] <XCTWaiter: 0x1096c5cb0> entering wait loop for 30.00s with expectations: `getting screen scale`
23:31:06.673 WebDriverAgentRunner-Runner[1375:148205] Returning result XCTWaiterResultCompleted for synchronous waiter <XCTWaiter: 0x1096c5cb0>
23:31:06.673 WebDriverAgentRunner-Runner[1375:148205] Wait <XCTWaiterWait: 0x108cbfc40> completed after 0.000s
23:31:06.673 WebDriverAgentRunner-Runner[1375:148205] cleaning up getting screen scale
    t =     2.00s Find the Application 'com.apple.springboard'
23:31:06.674 WebDriverAgentRunner-Runner[1375:148205] <XCTContext: 0x105d9cd20> started activity <XCActivityRecord: 0x108d48380> 2026-07-19 16:31:06 +0000: Find the Application 'com.apple.springboard'
23:31:06.674 WebDriverAgentRunner-Runner[1375:148205] Executing query:

23:31:06.674 WebDriverAgentRunner-Runner[1375:148205] Creating future for 'checking for continuity enablement' with timeout 30.00
23:31:06.675 WebDriverAgentRunner-Runner[1375:148205] <XCTWaiter: 0x1096c6010> entering wait loop for 30.00s with expectations: `checking for continuity enablement`
23:31:06.676 WebDriverAgentRunner-Runner[1375:148205] Returning result XCTWaiterResultCompleted for synchronous waiter <XCTWaiter: 0x1096c6010>
23:31:06.676 WebDriverAgentRunner-Runner[1375:148205] Wait <XCTWaiterWait: 0x108cbdf40> completed after 0.001s
23:31:06.676 WebDriverAgentRunner-Runner[1375:148205] cleaning up checking for continuity enablement
23:31:06.676 WebDriverAgentRunner-Runner[1375:148205] Should evaluate query remotely? XCTDisableRemoteQueryEvaluation(d-write): YES, hasAutomationSession: YES, supportsRemoteEvaluation: YES
23:31:06.676 WebDriverAgentRunner-Runner[1375:148205] Getting matching snapshots for locally evaluated query
23:31:06.677 WebDriverAgentRunner-Runner[1375:148205] Evaluating query:
 
23:31:06.677 WebDriverAgentRunner-Runner[1375:148205] Getting root element snapshot
23:31:06.677 WebDriverAgentRunner-Runner[1375:148205] Getting snapshot for App element pid: 174 for query 
23:31:06.677 WebDriverAgentRunner-Runner[1375:148205] <XCTContext: 0x105d9cd20> started activity <XCActivityRecord: 0x108d48310> 2026-07-19 16:31:06 +0000: Requesting snapshot of accessibility hierarchy for app with pid 174
23:31:06.677 WebDriverAgentRunner-Runner[1375:148205] Query requires iOS snapshot attributes .
23:31:06.678 WebDriverAgentRunner-Runner[1375:148205] XCUIElementQuery <XCTElementSnapshotProvider> getting snapshot
23:31:06.678 WebDriverAgentRunner-Runner[1375:148205] Snapshot request has custom attributes 
23:31:06.678 WebDriverAgentRunner-Runner[1375:148205] Snapshot request has custom parameters {
    snapshotKeyHonorModalViews = 0;
}
23:31:06.678 WebDriverAgentRunner-Runner[1375:148205] Current snapshot generation is 30
23:31:06.678 WebDriverAgentRunner-Runner[1375:148205] Query rootElementSnapshot is non-null with generation count 12
23:31:06.678 WebDriverAgentRunner-Runner[1375:148205] Capturing a new snapshot
23:31:06.679 WebDriverAgentRunner-Runner[1375:148205] Fetching snapshot for App element pid: 174 from testmanagerd with attributes XC_kAXXCAttributeElementType, XC_kAXXCAttributeElementBaseType, XC_kAXXCAttributeParent, XC_kAXXCAttributeIdentifier, XC_kAXXCAttributeAutomationType, XC_kAXXCAttributeTraits and parameters {
    maxArrayCount = 2147483647;
    maxChildren = 2147483647;
    maxDepth = 50;
    snapshotKeyHonorModalViews = 0;
    traverseFromParentsToChildren = 1;
}.
23:31:06.679 WebDriverAgentRunner-Runner[1375:148205] Creating future for 'fetching snapshot from testmanagerd.' with timeout 65.00
23:31:06.679 WebDriverAgentRunner-Runner[1375:148205] <XCTWaiter: 0x1096c6ca0> entering wait loop for 65.00s with expectations: `fetching snapshot from testmanagerd.`
    t =     2.00s     Requesting snapshot of accessibility hierarchy for app with pid 174
23:31:06.797 WebDriverAgentRunner-Runner[1375:148221] Got snapshot response with runtime issue support from testmanagerd.
23:31:06.797 WebDriverAgentRunner-Runner[1375:148205] Returning result XCTWaiterResultCompleted for synchronous waiter <XCTWaiter: 0x1096c6ca0>
23:31:06.797 WebDriverAgentRunner-Runner[1375:148205] Wait <XCTWaiterWait: 0x108cbdc40> completed after 0.118s
23:31:06.797 WebDriverAgentRunner-Runner[1375:148205] cleaning up fetching snapshot from testmanagerd.
23:31:06.797 WebDriverAgentRunner-Runner[1375:148205] <XCTContext: 0x105d9cd20> finished activity <XCActivityRecord: 0x108d48310> 2026-07-19 16:31:06 +0000: Requesting snapshot of accessibility hierarchy for app with pid 174 (0.120545s)
23:31:06.798 WebDriverAgentRunner-Runner[1375:148205] Found matches {(
    App element pid: 174
)} with root App element pid: 174
23:31:06.798 WebDriverAgentRunner-Runner[1375:148205] <XCTContext: 0x105d9cd20> finished activity <XCActivityRecord: 0x108d48380> 2026-07-19 16:31:06 +0000: Find the Application 'com.apple.springboard' (0.124791s)
23:31:06.799 WebDriverAgentRunner-Runner[1375:148205] XCUIElementQuery <XCTElementSnapshotProvider> getting snapshot
23:31:06.799 WebDriverAgentRunner-Runner[1375:148205] Snapshot request has custom attributes XC_kAXXCAttributeElementBaseType, XC_kAXXCAttributeValue, XC_kAXXCAttributeAutomationType, XC_kAXXCAttributeIdentifier, XC_kAXXCAttributeTraits, XC_kAXXCAttributeVerticalSizeClass, XC_kAXXCAttributeFrame, XC_kAXXCAttributeWindowDisplayId, XC_kAXXCAttributeWindowContextId, XC_kAXXCAttributeLabel, XC_kAXXCAttributeHorizontalSizeClass, XC_kAXXCAttributeHasNativeFocus, XC_kAXXCAttributePlaceholderValue, XC_kAXXCAttributeElementType
23:31:06.800 WebDriverAgentRunner-Runner[1375:148205] Current snapshot generation is 32
23:31:06.800 WebDriverAgentRunner-Runner[1375:148205] Query rootElementSnapshot is non-null with generation count 32
23:31:06.800 WebDriverAgentRunner-Runner[1375:148205] Capturing a new snapshot
23:31:06.800 WebDriverAgentRunner-Runner[1375:148205] Fetching snapshot for App element pid: 174 from testmanagerd with attributes XC_kAXXCAttributeElementBaseType, XC_kAXXCAttributeParent, XC_kAXXCAttributeAutomationType, XC_kAXXCAttributeIdentifier, XC_kAXXCAttributeTraits, XC_kAXXCAttributeVerticalSizeClass, XC_kAXXCAttributeFrame, XC_kAXXCAttributeWindowDisplayId, XC_kAXXCAttributeWindowContextId, XC_kAXXCAttributeLabel, XC_kAXXCAttributeHorizontalSizeClass, XC_kAXXCAttributeHasNativeFocus, XC_kAXXCAttributePlaceholderValue, XC_kAXXCAttributeTruncatedValue, XC_kAXXCAttributeElementType and parameters {
    maxArrayCount = 2147483647;
    maxChildren = 2147483647;
    maxDepth = 50;
    snapshotKeyHonorModalViews = 0;
    traverseFromParentsToChildren = 1;
}.
23:31:06.801 WebDriverAgentRunner-Runner[1375:148205] Creating future for 'fetching snapshot from testmanagerd.' with timeout 65.00
23:31:06.801 WebDriverAgentRunner-Runner[1375:148205] <XCTWaiter: 0x1096c5e60> entering wait loop for 65.00s with expectations: `fetching snapshot from testmanagerd.`
23:31:06.977 WebDriverAgentRunner-Runner[1375:148224] Got snapshot response with runtime issue support from testmanagerd.
23:31:06.978 WebDriverAgentRunner-Runner[1375:148205] Returning result XCTWaiterResultCompleted for synchronous waiter <XCTWaiter: 0x1096c5e60>
23:31:06.978 WebDriverAgentRunner-Runner[1375:148205] Wait <XCTWaiterWait: 0x109769700> completed after 0.177s
23:31:06.978 WebDriverAgentRunner-Runner[1375:148205] cleaning up fetching snapshot from testmanagerd.
23:31:06.978 WebDriverAgentRunner-Runner[1375:148205] Creating future for 'getting interface orientation' with timeout 65.00
23:31:06.979 WebDriverAgentRunner-Runner[1375:148205] <XCTWaiter: 0x1096c61f0> entering wait loop for 65.00s with expectations: `getting interface orientation`
23:31:06.979 WebDriverAgentRunner-Runner[1375:148205] Returning result XCTWaiterResultCompleted for synchronous waiter <XCTWaiter: 0x1096c61f0>
23:31:06.979 WebDriverAgentRunner-Runner[1375:148205] Wait <XCTWaiterWait: 0x109732500> completed after 0.001s
23:31:06.979 WebDriverAgentRunner-Runner[1375:148205] cleaning up getting interface orientation
23:31:06.980 WebDriverAgentRunner-Runner[1375:148205] Creating future for 'getting screen identifiers' with timeout 30.00
23:31:06.980 WebDriverAgentRunner-Runner[1375:148205] <XCTWaiter: 0x1096c4390> entering wait loop for 30.00s with expectations: `getting screen identifiers`
23:31:06.980 WebDriverAgentRunner-Runner[1375:148205] Returning result XCTWaiterResultCompleted for synchronous waiter <XCTWaiter: 0x1096c4390>
23:31:06.980 WebDriverAgentRunner-Runner[1375:148205] Wait <XCTWaiterWait: 0x109730fc0> completed after 0.000s
23:31:06.980 WebDriverAgentRunner-Runner[1375:148205] cleaning up getting screen identifiers
23:31:06.980 WebDriverAgentRunner-Runner[1375:148205] Creating future for 'getting screen scale' with timeout 30.00
23:31:06.981 WebDriverAgentRunner-Runner[1375:148205] <XCTWaiter: 0x1096c6c70> entering wait loop for 30.00s with expectations: `getting screen scale`
23:31:06.981 WebDriverAgentRunner-Runner[1375:148205] Returning result XCTWaiterResultCompleted for synchronous waiter <XCTWaiter: 0x1096c6c70>
23:31:06.981 WebDriverAgentRunner-Runner[1375:148205] Wait <XCTWaiterWait: 0x109730580> completed after 0.000s
23:31:06.981 WebDriverAgentRunner-Runner[1375:148205] cleaning up getting screen scale
23:31:06.997 WebDriverAgentRunner-Runner[1375:148205] Creating future for 'fetching attributes 'XC_kAXXCAttributeSystemAppApplication' for Device system-wide element' with timeout 65.00
23:31:06.997 WebDriverAgentRunner-Runner[1375:148205] <XCTWaiter: 0x1096c5d70> entering wait loop for 65.00s with expectations: `fetching attributes 'XC_kAXXCAttributeSystemAppApplication' for Device system-wide element`
23:31:06.998 WebDriverAgentRunner-Runner[1375:148222] Got attribute fetch response with values {
    "XC_kAXXCAttributeSystemAppApplication" = "AX element pid: 174, elementOrHash.elementID: 0.1";
}, error: (null)
23:31:06.999 WebDriverAgentRunner-Runner[1375:148205] Returning result XCTWaiterResultCompleted for synchronous waiter <XCTWaiter: 0x1096c5d70>
23:31:06.999 WebDriverAgentRunner-Runner[1375:148205] Wait <XCTWaiterWait: 0x109731040> completed after 0.002s
23:31:06.999 WebDriverAgentRunner-Runner[1375:148205] cleaning up fetching attributes 'XC_kAXXCAttributeSystemAppApplication' for Device system-wide element
23:31:06.999 WebDriverAgentRunner-Runner[1375:148205] Creating future for 'fetching attributes 'XC_kAXXCAttributeFocusedApplications' for AX element pid: 174, elementOrHash.elementID: 0.1' with timeout 65.00
23:31:07.000 WebDriverAgentRunner-Runner[1375:148205] <XCTWaiter: 0x1096c4030> entering wait loop for 65.00s with expectations: `fetching attributes 'XC_kAXXCAttributeFocusedApplications' for AX element pid: 174, elementOrHash.elementID: 0.1`
23:31:07.001 WebDriverAgentRunner-Runner[1375:148221] Got attribute fetch response with values {
    "XC_kAXXCAttributeFocusedApplications" =     (
        "AX element pid: 305, elementOrHash.elementID: 0.1"
    );
}, error: (null)
23:31:07.001 WebDriverAgentRunner-Runner[1375:148205] Returning result XCTWaiterResultCompleted for synchronous waiter <XCTWaiter: 0x1096c4030>
23:31:07.002 WebDriverAgentRunner-Runner[1375:148205] Wait <XCTWaiterWait: 0x109732940> completed after 0.002s
23:31:07.002 WebDriverAgentRunner-Runner[1375:148205] cleaning up fetching attributes 'XC_kAXXCAttributeFocusedApplications' for AX element pid: 174, elementOrHash.elementID: 0.1
23:31:07.002 WebDriverAgentRunner-Runner[1375:148205] Active application elements: (
    "AX element pid: 305, elementOrHash.elementID: 0.1"
)
23:31:07.002 WebDriverAgentRunner-Runner[1375:148205] Creating future for 'looking up application specifier for pid 305' with timeout 30.00
23:31:07.003 WebDriverAgentRunner-Runner[1375:148205] Requesting application specifier for pid 305
23:31:07.003 WebDriverAgentRunner-Runner[1375:148205] <XCTWaiter: 0x1096c4810> entering wait loop for 30.00s with expectations: `looking up application specifier for pid 305`
23:31:07.004 WebDriverAgentRunner-Runner[1375:148205] Returning result XCTWaiterResultCompleted for synchronous waiter <XCTWaiter: 0x1096c4810>
23:31:07.004 WebDriverAgentRunner-Runner[1375:148205] Wait <XCTWaiterWait: 0x109732500> completed after 0.001s
23:31:07.004 WebDriverAgentRunner-Runner[1375:148205] cleaning up looking up application specifier for pid 305
23:31:07.004 WebDriverAgentRunner-Runner[1375:148205] App specifier for pid 305: <XCUIApplicationSpecifier: 0x1095f3d40> { com.apple.Spotlight }
23:31:07.004 WebDriverAgentRunner-Runner[1375:148205] Error (com.apple.dt.xctest.ui-testing.error) 10100, userInfo keys: (null): Unknown application: 'com.apple.Spotlight'
23:31:07.005 WebDriverAgentRunner-Runner[1375:148205] Error (com.apple.dt.xctest.ui-testing.error) 10100, userInfo keys: (null): Unknown application: 'com.apple.Spotlight'
23:31:07.005 WebDriverAgentRunner-Runner[1375:148205] XCUIApplicationImplDepot: Creating XCUIApplicationImpl for identifier: com.apple.Spotlight
23:31:07.005 WebDriverAgentRunner-Runner[1375:148205] updating com.apple.Spotlight crashBehavior to 1
23:31:07.005 WebDriverAgentRunner-Runner[1375:148205] KVO change: checked status of Expect value of 'isApplicationStateKnown' of Application 'com.apple.Spotlight' to be '1': fulfill=NO
23:31:07.005 WebDriverAgentRunner-Runner[1375:148205] KVO change: checked status of Expect value of 'isApplicationStateKnown' of Application 'com.apple.Spotlight' to be '1': fulfill=NO
23:31:07.006 WebDriverAgentRunner-Runner[1375:148205] <XCTWaiter: 0x1096c4960> entering wait loop for 60.00s with expectations: `Expect value of 'isApplicationStateKnown' of Application 'com.apple.Spotlight' to be '1'`
23:31:07.008 WebDriverAgentRunner-Runner[1375:148227] -[XCTRunnerDaemonSession(XCTMessagingRole_UIApplicationStateUpdating) _XCT_applicationDidUpdateState:] com.apple.Spotlight@/Applications/Spotlight.app processName: Spotlight pid: 305 state: running foreground
23:31:07.008 WebDriverAgentRunner-Runner[1375:148205] [AM:0] Processing state snapshot com.apple.Spotlight@/Applications/Spotlight.app processName: Spotlight pid: 305 state: running foreground
23:31:07.008 WebDriverAgentRunner-Runner[1375:148227] -[XCTRunnerDaemonSession(XCTMessagingRole_UIApplicationStateUpdating) _XCT_applicationDidUpdateState:] com.apple.Spotlight@/Applications/Spotlight.app processName: Spotlight pid: 305 state: running foreground
23:31:07.008 WebDriverAgentRunner-Runner[1375:148205] <XCUIApplicationImpl: 0x109731880 com.apple.Spotlight> changing currentProcess from (null) to com.apple.Spotlight (pid:0)
23:31:07.009 WebDriverAgentRunner-Runner[1375:148205] KVO change: checked status of Expect value of 'isApplicationStateKnown' of Application 'com.apple.Spotlight' to be '1': fulfill=NO
23:31:07.009 WebDriverAgentRunner-Runner[1375:148205] Setting pid for 0x109689d80 0 -> 305
23:31:07.009 WebDriverAgentRunner-Runner[1375:148205] Done setting pid for <XCUIApplicationImpl: 0x109731880 com.apple.Spotlight> to 305
23:31:07.009 WebDriverAgentRunner-Runner[1375:148221] com.apple.Spotlight (pid:0) pid 0 -> 305
23:31:07.009 WebDriverAgentRunner-Runner[1375:148222] -[XCTRunnerDaemonSession(XCTMessagingRole_UIApplicationStateUpdating) _XCT_applicationDidUpdateState:] com.apple.Spotlight@/Applications/Spotlight.app processName: Spotlight pid: 305 state: running foreground
23:31:07.009 WebDriverAgentRunner-Runner[1375:148221] com.apple.Spotlight (pid:0) checking for cached AX loaded value using pid 305
23:31:07.009 WebDriverAgentRunner-Runner[1375:148224] Monitor: set com.apple.Spotlight (pid:305) for pid 305
23:31:07.010 WebDriverAgentRunner-Runner[1375:148222] com.apple.Spotlight (pid:305) application state Unknown (0) -> Running Foreground (4)
23:31:07.010 WebDriverAgentRunner-Runner[1375:148205] KVO change: checked status of Expect value of 'isApplicationStateKnown' of Application 'com.apple.Spotlight' to be '1': fulfill=YES
23:31:07.010 WebDriverAgentRunner-Runner[1375:148205] KVO change: checked status of Expect value of 'isApplicationStateKnown' of Application 'com.apple.Spotlight' to be '1': fulfill=YES
23:31:07.011 WebDriverAgentRunner-Runner[1375:148205] App state updated for <XCUIApplicationImpl: 0x109731880 com.apple.Spotlight>: Running Foreground (4)
23:31:07.011 WebDriverAgentRunner-Runner[1375:148205] KVO change: checked status of Expect value of 'isApplicationStateKnown' of Application 'com.apple.Spotlight' to be '1': fulfill=YES
23:31:07.011 WebDriverAgentRunner-Runner[1375:148205] Returning result XCTWaiterResultCompleted for synchronous waiter <XCTWaiter: 0x1096c4960>
23:31:07.011 WebDriverAgentRunner-Runner[1375:148205] Wait <XCTWaiterWait: 0x1097330c0> completed after 0.006s
23:31:07.012 WebDriverAgentRunner-Runner[1375:148205] cleaning up Expect value of 'isApplicationStateKnown' of Application 'com.apple.Spotlight' to be '1'
23:31:07.012 WebDriverAgentRunner-Runner[1375:148205] cleaning up Expect value of 'isApplicationStateKnown' of Application 'com.apple.Spotlight' to be '1'
23:31:07.012 WebDriverAgentRunner-Runner[1375:148205] <XCTContext: 0x105d9cd20> started activity <XCActivityRecord: 0x108d48bd0> 2026-07-19 16:31:07 +0000: Find the Application 'com.apple.Spotlight'
    t =     2.34s Find the Application 'com.apple.Spotlight'
23:31:07.013 WebDriverAgentRunner-Runner[1375:148205] Executing query:

23:31:07.013 WebDriverAgentRunner-Runner[1375:148205] Creating future for 'requesting automation session for com.apple.Spotlight (pid:305)' with timeout 60.00
23:31:07.014 WebDriverAgentRunner-Runner[1375:148205] Requesting automation session for pid 305, automation framework path: /System/Developer/Library/PrivateFrameworks/XCTAutomationSupport.framework
23:31:07.014 WebDriverAgentRunner-Runner[1375:148205] <XCTWaiter: 0x1096c41e0> entering wait loop for 60.00s with expectations: `requesting automation session for com.apple.Spotlight (pid:305)`
23:31:07.014 WebDriverAgentRunner-Runner[1375:148205] [AM:0] Processing state snapshot com.apple.Spotlight@/Applications/Spotlight.app processName: Spotlight pid: 305 state: running foreground
23:31:07.014 WebDriverAgentRunner-Runner[1375:148205] Done setting pid for <XCUIApplicationImpl: 0x109731880 com.apple.Spotlight> to 305
23:31:07.015 WebDriverAgentRunner-Runner[1375:148205] App state updated for <XCUIApplicationImpl: 0x109731880 com.apple.Spotlight>: Running Foreground (4)
23:31:07.015 WebDriverAgentRunner-Runner[1375:148222] Got endpoint for automation session with pid 305
23:31:07.015 WebDriverAgentRunner-Runner[1375:148205] [AM:0] Processing state snapshot com.apple.Spotlight@/Applications/Spotlight.app processName: Spotlight pid: 305 state: running foreground
23:31:07.015 WebDriverAgentRunner-Runner[1375:148222] Exchanging capabilities for automation session connection to pid 305
23:31:07.015 WebDriverAgentRunner-Runner[1375:148205] Done setting pid for <XCUIApplicationImpl: 0x109731880 com.apple.Spotlight> to 305
23:31:07.016 WebDriverAgentRunner-Runner[1375:148205] App state updated for <XCUIApplicationImpl: 0x109731880 com.apple.Spotlight>: Running Foreground (4)
23:31:07.017 WebDriverAgentRunner-Runner[1375:148229] Got remote interface capabilities for automation session connection to pid 305: <XCTCapabilities: 0x105dfa100>: {
    "accept remote connection capability" = 1;
    "containing transformer capability" = 1;
    "disclosed child rows transformer capability" = 2;
    "element sorting transformer capability" = 1;
    "evaluate query capability" = 1;
    "fetch element attributes capability" = 2;
    "indexing transformer capability" = 4;
    "main thread checker runtime issues" = 1;
    "malloc stack logging" = 1;
    "notify animations idle capability" = 1;
    "notify main run loop idle capability" = 1;
    "query runtime issue reporting" = 1;
    "query runtime issue reporting/automation type mismatch" = 1;
    "system provides kAXXCAttributeBannerIsStickyAttribute" = 1;
}
23:31:07.017 WebDriverAgentRunner-Runner[1375:148205] Returning result XCTWaiterResultCompleted for synchronous waiter <XCTWaiter: 0x1096c41e0>
23:31:07.018 WebDriverAgentRunner-Runner[1375:148205] Wait <XCTWaiterWait: 0x109733700> completed after 0.004s
23:31:07.018 WebDriverAgentRunner-Runner[1375:148205] cleaning up requesting automation session for com.apple.Spotlight (pid:305)
23:31:07.018 WebDriverAgentRunner-Runner[1375:148205] Creating future for 'checking for continuity enablement' with timeout 30.00
23:31:07.019 WebDriverAgentRunner-Runner[1375:148205] <XCTWaiter: 0x1096c5020> entering wait loop for 30.00s with expectations: `checking for continuity enablement`
23:31:07.020 WebDriverAgentRunner-Runner[1375:148205] Returning result XCTWaiterResultCompleted for synchronous waiter <XCTWaiter: 0x1096c5020>
23:31:07.020 WebDriverAgentRunner-Runner[1375:148205] Wait <XCTWaiterWait: 0x1097321c0> completed after 0.001s
23:31:07.020 WebDriverAgentRunner-Runner[1375:148205] cleaning up checking for continuity enablement
23:31:07.020 WebDriverAgentRunner-Runner[1375:148205] Should evaluate query remotely? XCTDisableRemoteQueryEvaluation(d-write): YES, hasAutomationSession: YES, supportsRemoteEvaluation: YES
23:31:07.021 WebDriverAgentRunner-Runner[1375:148205] Getting matching snapshots for locally evaluated query
23:31:07.021 WebDriverAgentRunner-Runner[1375:148205] Evaluating query:
 
23:31:07.021 WebDriverAgentRunner-Runner[1375:148205] Getting root element snapshot
23:31:07.021 WebDriverAgentRunner-Runner[1375:148205] Getting snapshot for App element pid: 305 for query 
23:31:07.021 WebDriverAgentRunner-Runner[1375:148205] <XCTContext: 0x105d9cd20> started activity <XCActivityRecord: 0x108d48230> 2026-07-19 16:31:07 +0000: Requesting snapshot of accessibility hierarchy for app with pid 305
    t =     2.35s     Requesting snapshot of accessibility hierarchy for app with pid 305
23:31:07.022 WebDriverAgentRunner-Runner[1375:148205] Query requires iOS snapshot attributes .
23:31:07.022 WebDriverAgentRunner-Runner[1375:148205] XCUIElementQuery <XCTElementSnapshotProvider> getting snapshot
23:31:07.022 WebDriverAgentRunner-Runner[1375:148205] Snapshot request has custom attributes 
23:31:07.022 WebDriverAgentRunner-Runner[1375:148205] Snapshot request has custom parameters {
    snapshotKeyHonorModalViews = 0;
}
23:31:07.022 WebDriverAgentRunner-Runner[1375:148205] Current snapshot generation is 47
23:31:07.023 WebDriverAgentRunner-Runner[1375:148205] Capturing a new snapshot
23:31:07.023 WebDriverAgentRunner-Runner[1375:148205] Fetching snapshot for App element pid: 305 from testmanagerd with attributes XC_kAXXCAttributeElementType, XC_kAXXCAttributeElementBaseType, XC_kAXXCAttributeParent, XC_kAXXCAttributeIdentifier, XC_kAXXCAttributeAutomationType, XC_kAXXCAttributeTraits and parameters {
    maxArrayCount = 2147483647;
    maxChildren = 2147483647;
    maxDepth = 50;
    snapshotKeyHonorModalViews = 0;
    traverseFromParentsToChildren = 1;
}.
23:31:07.023 WebDriverAgentRunner-Runner[1375:148205] Creating future for 'fetching snapshot from testmanagerd.' with timeout 65.00
23:31:07.024 WebDriverAgentRunner-Runner[1375:148205] <XCTWaiter: 0x1096c69a0> entering wait loop for 65.00s with expectations: `fetching snapshot from testmanagerd.`
23:31:07.329 WebDriverAgentRunner-Runner[1375:148222] Got snapshot response with runtime issue support from testmanagerd.
23:31:07.329 WebDriverAgentRunner-Runner[1375:148205] Returning result XCTWaiterResultCompleted for synchronous waiter <XCTWaiter: 0x1096c69a0>
23:31:07.329 WebDriverAgentRunner-Runner[1375:148205] Wait <XCTWaiterWait: 0x109730d80> completed after 0.306s
23:31:07.330 WebDriverAgentRunner-Runner[1375:148205] cleaning up fetching snapshot from testmanagerd.
23:31:07.330 WebDriverAgentRunner-Runner[1375:148205] <XCTContext: 0x105d9cd20> finished activity <XCActivityRecord: 0x108d48230> 2026-07-19 16:31:07 +0000: Requesting snapshot of accessibility hierarchy for app with pid 305 (0.308662s)
23:31:07.330 WebDriverAgentRunner-Runner[1375:148205] Found matches {(
    App element pid: 305
)} with root App element pid: 305
23:31:07.330 WebDriverAgentRunner-Runner[1375:148205] <XCTContext: 0x105d9cd20> finished activity <XCActivityRecord: 0x108d48bd0> 2026-07-19 16:31:07 +0000: Find the Application 'com.apple.Spotlight' (0.318068s)
23:31:07.331 WebDriverAgentRunner-Runner[1375:148205] XCUIElementQuery <XCTElementSnapshotProvider> getting snapshot
23:31:07.331 WebDriverAgentRunner-Runner[1375:148205] Snapshot request has custom attributes XC_kAXXCAttributeElementBaseType, XC_kAXXCAttributeValue, XC_kAXXCAttributeAutomationType, XC_kAXXCAttributeIdentifier, XC_kAXXCAttributeTraits, XC_kAXXCAttributeVerticalSizeClass, XC_kAXXCAttributeFrame, XC_kAXXCAttributeWindowDisplayId, XC_kAXXCAttributeWindowContextId, XC_kAXXCAttributeLabel, XC_kAXXCAttributeHorizontalSizeClass, XC_kAXXCAttributeHasNativeFocus, XC_kAXXCAttributePlaceholderValue, XC_kAXXCAttributeElementType
23:31:07.331 WebDriverAgentRunner-Runner[1375:148205] Current snapshot generation is 50
23:31:07.331 WebDriverAgentRunner-Runner[1375:148205] Query rootElementSnapshot is non-null with generation count 50
23:31:07.331 WebDriverAgentRunner-Runner[1375:148205] Capturing a new snapshot
23:31:07.331 WebDriverAgentRunner-Runner[1375:148205] Fetching snapshot for App element pid: 305 from testmanagerd with attributes XC_kAXXCAttributeElementBaseType, XC_kAXXCAttributeParent, XC_kAXXCAttributeAutomationType, XC_kAXXCAttributeIdentifier, XC_kAXXCAttributeTraits, XC_kAXXCAttributeVerticalSizeClass, XC_kAXXCAttributeFrame, XC_kAXXCAttributeWindowDisplayId, XC_kAXXCAttributeWindowContextId, XC_kAXXCAttributeLabel, XC_kAXXCAttributeHorizontalSizeClass, XC_kAXXCAttributeHasNativeFocus, XC_kAXXCAttributePlaceholderValue, XC_kAXXCAttributeTruncatedValue, XC_kAXXCAttributeElementType and parameters {
    maxArrayCount = 2147483647;
    maxChildren = 2147483647;
    maxDepth = 50;
    snapshotKeyHonorModalViews = 0;
    traverseFromParentsToChildren = 1;
}.
23:31:07.331 WebDriverAgentRunner-Runner[1375:148205] Creating future for 'fetching snapshot from testmanagerd.' with timeout 65.00
23:31:07.331 WebDriverAgentRunner-Runner[1375:148205] <XCTWaiter: 0x1095eff30> entering wait loop for 65.00s with expectations: `fetching snapshot from testmanagerd.`
23:31:07.706 WebDriverAgentRunner-Runner[1375:148222] Got snapshot response with runtime issue support from testmanagerd.
23:31:07.707 WebDriverAgentRunner-Runner[1375:148205] Returning result XCTWaiterResultCompleted for synchronous waiter <XCTWaiter: 0x1095eff30>
23:31:07.707 WebDriverAgentRunner-Runner[1375:148205] Wait <XCTWaiterWait: 0x109779a00> completed after 0.375s
23:31:07.707 WebDriverAgentRunner-Runner[1375:148205] cleaning up fetching snapshot from testmanagerd.
23:31:07.707 WebDriverAgentRunner-Runner[1375:148205] Creating future for 'getting interface orientation' with timeout 65.00
23:31:07.707 WebDriverAgentRunner-Runner[1375:148205] <XCTWaiter: 0x1096c49f0> entering wait loop for 65.00s with expectations: `getting interface orientation`
23:31:07.708 WebDriverAgentRunner-Runner[1375:148205] Returning result XCTWaiterResultCompleted for synchronous waiter <XCTWaiter: 0x1096c49f0>
23:31:07.708 WebDriverAgentRunner-Runner[1375:148205] Wait <XCTWaiterWait: 0x1097b44c0> completed after 0.001s
23:31:07.708 WebDriverAgentRunner-Runner[1375:148205] cleaning up getting interface orientation
23:31:19.127 WebDriverAgentRunner-Runner[1375:148205] Creating future for 'fetching attributes 'XC_kAXXCAttributeSystemAppApplication' for Device system-wide element' with timeout 65.00
23:31:19.128 WebDriverAgentRunner-Runner[1375:148205] <XCTWaiter: 0x1096c73f0> entering wait loop for 65.00s with expectations: `fetching attributes 'XC_kAXXCAttributeSystemAppApplication' for Device system-wide element`
23:31:19.129 WebDriverAgentRunner-Runner[1375:148223] Got attribute fetch response with values {
    "XC_kAXXCAttributeSystemAppApplication" = "AX element pid: 174, elementOrHash.elementID: 0.1";
}, error: (null)
23:31:19.129 WebDriverAgentRunner-Runner[1375:148205] Returning result XCTWaiterResultCompleted for synchronous waiter <XCTWaiter: 0x1096c73f0>
23:31:19.129 WebDriverAgentRunner-Runner[1375:148205] Wait <XCTWaiterWait: 0x1097b7780> completed after 0.002s
23:31:19.129 WebDriverAgentRunner-Runner[1375:148205] cleaning up fetching attributes 'XC_kAXXCAttributeSystemAppApplication' for Device system-wide element
23:31:19.129 WebDriverAgentRunner-Runner[1375:148205] Creating future for 'fetching attributes 'XC_kAXXCAttributeFocusedApplications' for AX element pid: 174, elementOrHash.elementID: 0.1' with timeout 65.00
23:31:19.129 WebDriverAgentRunner-Runner[1375:148205] <XCTWaiter: 0x1096c7690> entering wait loop for 65.00s with expectations: `fetching attributes 'XC_kAXXCAttributeFocusedApplications' for AX element pid: 174, elementOrHash.elementID: 0.1`
23:31:19.132 WebDriverAgentRunner-Runner[1375:148223] Got attribute fetch response with values {
    "XC_kAXXCAttributeFocusedApplications" =     (
        "AX element pid: 305, elementOrHash.elementID: 0.1"
    );
}, error: (null)
23:31:19.132 WebDriverAgentRunner-Runner[1375:148205] Returning result XCTWaiterResultCompleted for synchronous waiter <XCTWaiter: 0x1096c7690>
23:31:19.132 WebDriverAgentRunner-Runner[1375:148205] Wait <XCTWaiterWait: 0x1097b7840> completed after 0.003s
23:31:19.132 WebDriverAgentRunner-Runner[1375:148205] cleaning up fetching attributes 'XC_kAXXCAttributeFocusedApplications' for AX element pid: 174, elementOrHash.elementID: 0.1
23:31:19.132 WebDriverAgentRunner-Runner[1375:148205] Active application elements: (
    "AX element pid: 305, elementOrHash.elementID: 0.1"
)
23:31:19.132 WebDriverAgentRunner-Runner[1375:148205] Creating future for 'fetching attributes 'XC_kAXXCAttributeSystemAppApplication' for Device system-wide element' with timeout 65.00
23:31:19.133 WebDriverAgentRunner-Runner[1375:148205] <XCTWaiter: 0x1096c7a80> entering wait loop for 65.00s with expectations: `fetching attributes 'XC_kAXXCAttributeSystemAppApplication' for Device system-wide element`
23:31:19.133 WebDriverAgentRunner-Runner[1375:148231] Got attribute fetch response with values {
    "XC_kAXXCAttributeSystemAppApplication" = "AX element pid: 174, elementOrHash.elementID: 0.1";
}, error: (null)
23:31:19.133 WebDriverAgentRunner-Runner[1375:148205] Returning result XCTWaiterResultCompleted for synchronous waiter <XCTWaiter: 0x1096c7a80>
23:31:19.133 WebDriverAgentRunner-Runner[1375:148205] Wait <XCTWaiterWait: 0x1097b7a80> completed after 0.001s
23:31:19.133 WebDriverAgentRunner-Runner[1375:148205] cleaning up fetching attributes 'XC_kAXXCAttributeSystemAppApplication' for Device system-wide element
23:31:19.134 WebDriverAgentRunner-Runner[1375:148205] Creating future for 'fetching attributes 'XC_kAXXCAttributeFocusedApplications' for AX element pid: 174, elementOrHash.elementID: 0.1' with timeout 65.00
23:31:19.134 WebDriverAgentRunner-Runner[1375:148205] <XCTWaiter: 0x1096c7cf0> entering wait loop for 65.00s with expectations: `fetching attributes 'XC_kAXXCAttributeFocusedApplications' for AX element pid: 174, elementOrHash.elementID: 0.1`
23:31:19.136 WebDriverAgentRunner-Runner[1375:148231] Got attribute fetch response with values {
    "XC_kAXXCAttributeFocusedApplications" =     (
        "AX element pid: 305, elementOrHash.elementID: 0.1"
    );
}, error: (null)
23:31:19.136 WebDriverAgentRunner-Runner[1375:148205] Returning result XCTWaiterResultCompleted for synchronous waiter <XCTWaiter: 0x1096c7cf0>
23:31:19.136 WebDriverAgentRunner-Runner[1375:148205] Wait <XCTWaiterWait: 0x1097b7b40> completed after 0.002s
23:31:19.136 WebDriverAgentRunner-Runner[1375:148205] cleaning up fetching attributes 'XC_kAXXCAttributeFocusedApplications' for AX element pid: 174, elementOrHash.elementID: 0.1
    t =    14.46s Setting device orientation to Landscape Right
23:31:19.136 WebDriverAgentRunner-Runner[1375:148205] Active application elements: (
    "AX element pid: 305, elementOrHash.elementID: 0.1"
)
23:31:19.136 WebDriverAgentRunner-Runner[1375:148205] <XCTContext: 0x105d9cd20> started activity <XCActivityRecord: 0x108d48000> 2026-07-19 16:31:19 +0000: Setting device orientation to Landscape Right
23:31:19.136 WebDriverAgentRunner-Runner[1375:148205] Creating future for 'getting screen identifiers' with timeout 30.00
23:31:19.137 WebDriverAgentRunner-Runner[1375:148205] <XCTWaiter: 0x1095efa20> entering wait loop for 30.00s with expectations: `getting screen identifiers`
23:31:19.137 WebDriverAgentRunner-Runner[1375:148205] Returning result XCTWaiterResultCompleted for synchronous waiter <XCTWaiter: 0x1095efa20>
23:31:19.137 WebDriverAgentRunner-Runner[1375:148205] Wait <XCTWaiterWait: 0x1097b7d40> completed after 0.000s
23:31:19.137 WebDriverAgentRunner-Runner[1375:148205] cleaning up getting screen identifiers
23:31:19.137 WebDriverAgentRunner-Runner[1375:148205] Creating future for 'setting device orientation to Landscape Right' with timeout 30.00
23:31:19.137 WebDriverAgentRunner-Runner[1375:148205] <XCTWaiter: 0x1095efdb0> entering wait loop for 30.00s with expectations: `setting device orientation to Landscape Right`
23:31:19.137 WebDriverAgentRunner-Runner[1375:148205] Returning result XCTWaiterResultCompleted for synchronous waiter <XCTWaiter: 0x1095efdb0>
23:31:19.138 WebDriverAgentRunner-Runner[1375:148205] Wait <XCTWaiterWait: 0x1097b7e80> completed after 0.000s
23:31:19.138 WebDriverAgentRunner-Runner[1375:148205] cleaning up setting device orientation to Landscape Right
23:31:19.138 WebDriverAgentRunner-Runner[1375:148205] Creating future for 'fetching attributes 'XC_kAXXCAttributeSystemAppApplication' for Device system-wide element' with timeout 65.00
23:31:19.138 WebDriverAgentRunner-Runner[1375:148205] <XCTWaiter: 0x1095ef810> entering wait loop for 65.00s with expectations: `fetching attributes 'XC_kAXXCAttributeSystemAppApplication' for Device system-wide element`
23:31:19.138 WebDriverAgentRunner-Runner[1375:148223] Got attribute fetch response with values {
    "XC_kAXXCAttributeSystemAppApplication" = "AX element pid: 174, elementOrHash.elementID: 0.1";
}, error: (null)
23:31:19.139 WebDriverAgentRunner-Runner[1375:148205] Returning result XCTWaiterResultCompleted for synchronous waiter <XCTWaiter: 0x1095ef810>
23:31:19.139 WebDriverAgentRunner-Runner[1375:148205] Wait <XCTWaiterWait: 0x105c5b0c0> completed after 0.001s
23:31:19.139 WebDriverAgentRunner-Runner[1375:148205] cleaning up fetching attributes 'XC_kAXXCAttributeSystemAppApplication' for Device system-wide element
23:31:19.139 WebDriverAgentRunner-Runner[1375:148205] Creating future for 'fetching attributes 'XC_kAXXCAttributeFocusedApplications' for AX element pid: 174, elementOrHash.elementID: 0.1' with timeout 65.00
23:31:19.139 WebDriverAgentRunner-Runner[1375:148205] <XCTWaiter: 0x1095bbf90> entering wait loop for 65.00s with expectations: `fetching attributes 'XC_kAXXCAttributeFocusedApplications' for AX element pid: 174, elementOrHash.elementID: 0.1`
23:31:19.141 WebDriverAgentRunner-Runner[1375:148226] Got attribute fetch response with values {
    "XC_kAXXCAttributeFocusedApplications" =     (
        "AX element pid: 305, elementOrHash.elementID: 0.1"
    );
}, error: (null)
23:31:19.141 WebDriverAgentRunner-Runner[1375:148205] Returning result XCTWaiterResultCompleted for synchronous waiter <XCTWaiter: 0x1095bbf90>
23:31:19.141 WebDriverAgentRunner-Runner[1375:148205] Wait <XCTWaiterWait: 0x105e4b2c0> completed after 0.002s
23:31:19.141 WebDriverAgentRunner-Runner[1375:148205] cleaning up fetching attributes 'XC_kAXXCAttributeFocusedApplications' for AX element pid: 174, elementOrHash.elementID: 0.1
23:31:19.141 WebDriverAgentRunner-Runner[1375:148205] Active application elements: (
    "AX element pid: 305, elementOrHash.elementID: 0.1"
)
23:31:19.142 WebDriverAgentRunner-Runner[1375:148205] Error (com.apple.dt.xctest.ui-testing.error) 10100, userInfo keys: (null): Unknown application: 'com.apple.Spotlight'
23:31:19.142 WebDriverAgentRunner-Runner[1375:148205] Error (com.apple.dt.xctest.ui-testing.error) 10100, userInfo keys: (null): Unknown application: 'com.apple.Spotlight'
23:31:19.142 WebDriverAgentRunner-Runner[1375:148205] updating com.apple.Spotlight crashBehavior to 1
23:31:19.142 WebDriverAgentRunner-Runner[1375:148205] KVO change: checked status of Expect value of 'isApplicationStateKnown' of Application 'com.apple.Spotlight' to be '1': fulfill=YES
23:31:19.142 WebDriverAgentRunner-Runner[1375:148205] <XCTWaiter: 0x114400210> entering wait loop for 60.00s with expectations: `Expect value of 'isApplicationStateKnown' of Application 'com.apple.Spotlight' to be '1'`
23:31:19.142 WebDriverAgentRunner-Runner[1375:148205] Returning result XCTWaiterResultCompleted for synchronous waiter <XCTWaiter: 0x114400210>
23:31:19.142 WebDriverAgentRunner-Runner[1375:148205] Wait <XCTWaiterWait: 0x105e4aa00> completed after 0.000s
23:31:19.142 WebDriverAgentRunner-Runner[1375:148205] cleaning up Expect value of 'isApplicationStateKnown' of Application 'com.apple.Spotlight' to be '1'
23:31:19.142 WebDriverAgentRunner-Runner[1375:148205] cleaning up Expect value of 'isApplicationStateKnown' of Application 'com.apple.Spotlight' to be '1'
23:31:19.142 WebDriverAgentRunner-Runner[1375:148205] Overriding application state timeout, 60.0 -> 10.0
23:31:19.143 WebDriverAgentRunner-Runner[1375:148205] <XCTContext: 0x105d9cd20> started activity <XCActivityRecord: 0x108d481c0> 2026-07-19 16:31:19 +0000: Wait for com.apple.Spotlight to idle
    t =    14.47s     Wait for com.apple.Spotlight to idle
23:31:19.143 WebDriverAgentRunner-Runner[1375:148205] Creating future for 'getting screen identifiers' with timeout 30.00
23:31:19.143 WebDriverAgentRunner-Runner[1375:148205] <XCTWaiter: 0x114400450> entering wait loop for 30.00s with expectations: `getting screen identifiers`
23:31:19.143 WebDriverAgentRunner-Runner[1375:148205] Returning result XCTWaiterResultCompleted for synchronous waiter <XCTWaiter: 0x114400450>
23:31:19.143 WebDriverAgentRunner-Runner[1375:148205] Wait <XCTWaiterWait: 0x105e4a880> completed after 0.000s
23:31:19.143 WebDriverAgentRunner-Runner[1375:148205] cleaning up getting screen identifiers
23:31:19.143 WebDriverAgentRunner-Runner[1375:148205] Waiting for com.apple.Spotlight (PID 305) quiescence...
23:31:19.144 WebDriverAgentRunner-Runner[1375:148205] Requesting main run loop idle notification using automation session for com.apple.Spotlight (pid:305)
23:31:19.144 WebDriverAgentRunner-Runner[1375:148205] Requesting animations idle notification using automation session for com.apple.Spotlight (pid:305)
23:31:19.144 WebDriverAgentRunner-Runner[1375:148205] Waiting on quiescence state variables
23:31:19.144 WebDriverAgentRunner-Runner[1375:148205] KVO change: checked status of Expect value of 'foreground' of com.apple.Spotlight (pid:305) to be '0': fulfill=NO
23:31:19.144 WebDriverAgentRunner-Runner[1375:148205] KVO change: checked status of Expect value of 'foreground' of com.apple.Spotlight (pid:305) to be '0': fulfill=NO
23:31:19.144 WebDriverAgentRunner-Runner[1375:148205] isQuiescent: self.eventLoopHasIdled: NO && self.animationsHaveFinished: NO
23:31:19.144 WebDriverAgentRunner-Runner[1375:148205] KVO change: checked status of Expect value of 'isQuiescent' of com.apple.Spotlight (pid:305) to be '1': fulfill=NO
23:31:19.144 WebDriverAgentRunner-Runner[1375:148558] Got event loop idle reply for com.apple.Spotlight (PID 305)
23:31:19.145 WebDriverAgentRunner-Runner[1375:148205] isQuiescent: self.eventLoopHasIdled: NO && self.animationsHaveFinished: NO
23:31:19.145 WebDriverAgentRunner-Runner[1375:148558] Event loop is idle.
23:31:19.145 WebDriverAgentRunner-Runner[1375:148205] KVO change: checked status of Expect value of 'isQuiescent' of com.apple.Spotlight (pid:305) to be '1': fulfill=NO
23:31:19.145 WebDriverAgentRunner-Runner[1375:148223] com.apple.Spotlight (pid:305) eventLoopHasIdled NO -> YES
23:31:19.145 WebDriverAgentRunner-Runner[1375:148223] Posting KVO notifications for eventLoopHasIdled
23:31:19.145 WebDriverAgentRunner-Runner[1375:148205] Not fulfilling (Expect value of 'foreground' of com.apple.Spotlight (pid:305) to be '0' OR Expect value of 'isQuiescent' of com.apple.Spotlight (pid:305) to be '1') because no subexpectations are fulfilled
23:31:19.145 WebDriverAgentRunner-Runner[1375:148558] Got animations reply for com.apple.Spotlight (PID 305)
23:31:19.145 WebDriverAgentRunner-Runner[1375:148223] isQuiescent: self.eventLoopHasIdled: YES && self.animationsHaveFinished: NO
23:31:19.145 WebDriverAgentRunner-Runner[1375:148205] <XCTWaiter: 0x114400c00> entering wait loop for 10.00s with expectations: `(Expect value of 'foreground' of com.apple.Spotlight (pid:305) to be '0' OR Expect value of 'isQuiescent' of com.apple.Spotlight (pid:305) to be '1')`
23:31:19.145 WebDriverAgentRunner-Runner[1375:148558] Animations are not active.
23:31:19.146 WebDriverAgentRunner-Runner[1375:148223] isQuiescent: self.eventLoopHasIdled: YES && self.animationsHaveFinished: NO
23:31:19.146 WebDriverAgentRunner-Runner[1375:148226] com.apple.Spotlight (pid:305) animationsHaveFinished NO -> YES
23:31:19.146 WebDriverAgentRunner-Runner[1375:148231] Posting KVO notifications for animationsHaveFinished
23:31:19.146 WebDriverAgentRunner-Runner[1375:148223] KVO change: checked status of Expect value of 'isQuiescent' of com.apple.Spotlight (pid:305) to be '1': fulfill=YES
23:31:19.146 WebDriverAgentRunner-Runner[1375:148231] isQuiescent: self.eventLoopHasIdled: YES && self.animationsHaveFinished: YES
23:31:19.146 WebDriverAgentRunner-Runner[1375:148223] Fulfilling (Expect value of 'foreground' of com.apple.Spotlight (pid:305) to be '0' OR Expect value of 'isQuiescent' of com.apple.Spotlight (pid:305) to be '1') because Expect value of 'isQuiescent' of com.apple.Spotlight (pid:305) to be '1' is fulfilled
23:31:19.146 WebDriverAgentRunner-Runner[1375:148231] isQuiescent: self.eventLoopHasIdled: YES && self.animationsHaveFinished: YES
23:31:19.147 WebDriverAgentRunner-Runner[1375:148205] Returning result XCTWaiterResultCompleted for synchronous waiter <XCTWaiter: 0x114400c00>
23:31:19.147 WebDriverAgentRunner-Runner[1375:148231] KVO change: checked status of Expect value of 'isQuiescent' of com.apple.Spotlight (pid:305) to be '1': fulfill=YES
23:31:19.147 WebDriverAgentRunner-Runner[1375:148205] Wait <XCTWaiterWait: 0x109733fc0> completed after 0.001s
23:31:19.147 WebDriverAgentRunner-Runner[1375:148205] cleaning up (Expect value of 'foreground' of com.apple.Spotlight (pid:305) to be '0' OR Expect value of 'isQuiescent' of com.apple.Spotlight (pid:305) to be '1')
23:31:19.147 WebDriverAgentRunner-Runner[1375:148205] cleaning up Expect value of 'foreground' of com.apple.Spotlight (pid:305) to be '0'
23:31:19.147 WebDriverAgentRunner-Runner[1375:148205] cleaning up Expect value of 'foreground' of com.apple.Spotlight (pid:305) to be '0'
23:31:19.147 WebDriverAgentRunner-Runner[1375:148205] cleaning up Expect value of 'isQuiescent' of com.apple.Spotlight (pid:305) to be '1'
23:31:19.147 WebDriverAgentRunner-Runner[1375:148205] cleaning up Expect value of 'isQuiescent' of com.apple.Spotlight (pid:305) to be '1'
23:31:19.147 WebDriverAgentRunner-Runner[1375:148205] com.apple.Spotlight has quiesced or quiescence timeout has elapsed.
23:31:19.148 WebDriverAgentRunner-Runner[1375:148205] <XCTContext: 0x105d9cd20> finished activity <XCActivityRecord: 0x108d481c0> 2026-07-19 16:31:19 +0000: Wait for com.apple.Spotlight to idle (0.00500798s)
23:31:19.148 WebDriverAgentRunner-Runner[1375:148205] Overriding application state timeout, 10.0 -> 60.0
23:31:19.148 WebDriverAgentRunner-Runner[1375:148205] <XCTContext: 0x105d9cd20> finished activity <XCActivityRecord: 0x108d48000> 2026-07-19 16:31:19 +0000: Setting device orientation to Landscape Right (0.011803s)
23:31:19.148 WebDriverAgentRunner-Runner[1375:148205] Overriding application state timeout, 60.0 -> 2.0
23:31:19.148 WebDriverAgentRunner-Runner[1375:148205] <XCTContext: 0x105d9cd20> started activity <XCActivityRecord: 0x108d48000> 2026-07-19 16:31:19 +0000: Wait for com.apple.Spotlight to idle
23:31:19.149 WebDriverAgentRunner-Runner[1375:148205] Creating future for 'getting screen identifiers' with timeout 30.00
23:31:19.149 WebDriverAgentRunner-Runner[1375:148205] <XCTWaiter: 0x114400660> entering wait loop for 30.00s with expectations: `getting screen identifiers`
23:31:19.149 WebDriverAgentRunner-Runner[1375:148205] Returning result XCTWaiterResultCompleted for synchronous waiter <XCTWaiter: 0x114400660>
23:31:19.149 WebDriverAgentRunner-Runner[1375:148205] Wait <XCTWaiterWait: 0x109733900> completed after 0.000s
23:31:19.149 WebDriverAgentRunner-Runner[1375:148205] cleaning up getting screen identifiers
23:31:19.149 WebDriverAgentRunner-Runner[1375:148205] Waiting for com.apple.Spotlight (PID 305) quiescence...
23:31:19.149 WebDriverAgentRunner-Runner[1375:148559] com.apple.Spotlight (pid:305) eventLoopHasIdled YES -> NO
23:31:19.149 WebDriverAgentRunner-Runner[1375:148231] Posting KVO notifications for eventLoopHasIdled
23:31:19.149 WebDriverAgentRunner-Runner[1375:148205] Requesting main run loop idle notification using automation session for com.apple.Spotlight (pid:305)
23:31:19.150 WebDriverAgentRunner-Runner[1375:148559] com.apple.Spotlight (pid:305) animationsHaveFinished YES -> NO
23:31:19.150 WebDriverAgentRunner-Runner[1375:148231] Posting KVO notifications for animationsHaveFinished
23:31:19.150 WebDriverAgentRunner-Runner[1375:148205] Requesting animations idle notification using automation session for com.apple.Spotlight (pid:305)
23:31:19.150 WebDriverAgentRunner-Runner[1375:148205] Waiting on quiescence state variables
23:31:19.150 WebDriverAgentRunner-Runner[1375:148205] KVO change: checked status of Expect value of 'foreground' of com.apple.Spotlight (pid:305) to be '0': fulfill=NO
23:31:19.150 WebDriverAgentRunner-Runner[1375:148559] Got event loop idle reply for com.apple.Spotlight (PID 305)
23:31:19.150 WebDriverAgentRunner-Runner[1375:148559] Event loop is idle.
23:31:19.150 WebDriverAgentRunner-Runner[1375:148205] KVO change: checked status of Expect value of 'foreground' of com.apple.Spotlight (pid:305) to be '0': fulfill=NO
23:31:19.150 WebDriverAgentRunner-Runner[1375:148231] com.apple.Spotlight (pid:305) eventLoopHasIdled NO -> YES
23:31:19.150 WebDriverAgentRunner-Runner[1375:148205] isQuiescent: self.eventLoopHasIdled: NO && self.animationsHaveFinished: NO
23:31:19.151 WebDriverAgentRunner-Runner[1375:148223] Posting KVO notifications for eventLoopHasIdled
23:31:19.151 WebDriverAgentRunner-Runner[1375:148559] Got animations reply for com.apple.Spotlight (PID 305)
    t =    14.47s Wait for com.apple.Spotlight to idle
23:31:19.151 WebDriverAgentRunner-Runner[1375:148559] Animations are not active.
23:31:19.151 WebDriverAgentRunner-Runner[1375:148205] KVO change: checked status of Expect value of 'isQuiescent' of com.apple.Spotlight (pid:305) to be '1': fulfill=NO
23:31:19.151 WebDriverAgentRunner-Runner[1375:148231] com.apple.Spotlight (pid:305) animationsHaveFinished NO -> YES
23:31:19.151 WebDriverAgentRunner-Runner[1375:148205] isQuiescent: self.eventLoopHasIdled: YES && self.animationsHaveFinished: NO
23:31:19.151 WebDriverAgentRunner-Runner[1375:148559] Posting KVO notifications for animationsHaveFinished
23:31:19.151 WebDriverAgentRunner-Runner[1375:148205] KVO change: checked status of Expect value of 'isQuiescent' of com.apple.Spotlight (pid:305) to be '1': fulfill=YES
23:31:19.151 WebDriverAgentRunner-Runner[1375:148559] isQuiescent: self.eventLoopHasIdled: YES && self.animationsHaveFinished: YES
23:31:19.151 WebDriverAgentRunner-Runner[1375:148205] Fulfilling (Expect value of 'foreground' of com.apple.Spotlight (pid:305) to be '0' OR Expect value of 'isQuiescent' of com.apple.Spotlight (pid:305) to be '1') because Expect value of 'isQuiescent' of com.apple.Spotlight (pid:305) to be '1' is fulfilled
23:31:19.151 WebDriverAgentRunner-Runner[1375:148559] isQuiescent: self.eventLoopHasIdled: YES && self.animationsHaveFinished: YES
23:31:19.151 WebDriverAgentRunner-Runner[1375:148205] <XCTWaiter: 0x114401590> entering wait loop for 2.00s with expectations: `(Expect value of 'foreground' of com.apple.Spotlight (pid:305) to be '0' OR Expect value of 'isQuiescent' of com.apple.Spotlight (pid:305) to be '1')`
23:31:19.151 WebDriverAgentRunner-Runner[1375:148559] KVO change: checked status of Expect value of 'isQuiescent' of com.apple.Spotlight (pid:305) to be '1': fulfill=YES
23:31:19.152 WebDriverAgentRunner-Runner[1375:148205] Returning result XCTWaiterResultCompleted for synchronous waiter <XCTWaiter: 0x114401590>
23:31:19.152 WebDriverAgentRunner-Runner[1375:148205] Wait <XCTWaiterWait: 0x1097317c0> completed after 0.000s
23:31:19.152 WebDriverAgentRunner-Runner[1375:148205] cleaning up (Expect value of 'foreground' of com.apple.Spotlight (pid:305) to be '0' OR Expect value of 'isQuiescent' of com.apple.Spotlight (pid:305) to be '1')
23:31:19.152 WebDriverAgentRunner-Runner[1375:148205] cleaning up Expect value of 'foreground' of com.apple.Spotlight (pid:305) to be '0'
23:31:19.152 WebDriverAgentRunner-Runner[1375:148205] cleaning up Expect value of 'foreground' of com.apple.Spotlight (pid:305) to be '0'
23:31:19.152 WebDriverAgentRunner-Runner[1375:148205] cleaning up Expect value of 'isQuiescent' of com.apple.Spotlight (pid:305) to be '1'
23:31:19.152 WebDriverAgentRunner-Runner[1375:148205] cleaning up Expect value of 'isQuiescent' of com.apple.Spotlight (pid:305) to be '1'
23:31:19.152 WebDriverAgentRunner-Runner[1375:148205] com.apple.Spotlight has quiesced or quiescence timeout has elapsed.
23:31:19.152 WebDriverAgentRunner-Runner[1375:148205] <XCTContext: 0x105d9cd20> finished activity <XCActivityRecord: 0x108d48000> 2026-07-19 16:31:19 +0000: Wait for com.apple.Spotlight to idle (0.00415492s)
23:31:19.153 WebDriverAgentRunner-Runner[1375:148205] Overriding application state timeout, 2.0 -> 60.0
23:31:19.153 WebDriverAgentRunner-Runner[1375:148205] Creating future for 'getting interface orientation' with timeout 65.00
23:31:19.153 WebDriverAgentRunner-Runner[1375:148205] <XCTWaiter: 0x114400960> entering wait loop for 65.00s with expectations: `getting interface orientation`
23:31:19.154 WebDriverAgentRunner-Runner[1375:148205] Returning result XCTWaiterResultCompleted for synchronous waiter <XCTWaiter: 0x114400960>
23:31:19.154 WebDriverAgentRunner-Runner[1375:148205] Wait <XCTWaiterWait: 0x109733cc0> completed after 0.001s
23:31:19.154 WebDriverAgentRunner-Runner[1375:148205] cleaning up getting interface orientation
23:31:21.201 WebDriverAgentRunner-Runner[1375:148205] Creating future for 'fetching attributes 'XC_kAXXCAttributeSystemAppApplication' for Device system-wide element' with timeout 65.00
23:31:21.201 WebDriverAgentRunner-Runner[1375:148205] <XCTWaiter: 0x1144014d0> entering wait loop for 65.00s with expectations: `fetching attributes 'XC_kAXXCAttributeSystemAppApplication' for Device system-wide element`
23:31:21.202 WebDriverAgentRunner-Runner[1375:148231] Got attribute fetch response with values {
    "XC_kAXXCAttributeSystemAppApplication" = "AX element pid: 174, elementOrHash.elementID: 0.1";
}, error: (null)
23:31:21.202 WebDriverAgentRunner-Runner[1375:148205] Returning result XCTWaiterResultCompleted for synchronous waiter <XCTWaiter: 0x1144014d0>
23:31:21.202 WebDriverAgentRunner-Runner[1375:148205] Wait <XCTWaiterWait: 0x109731ec0> completed after 0.001s
23:31:21.202 WebDriverAgentRunner-Runner[1375:148205] cleaning up fetching attributes 'XC_kAXXCAttributeSystemAppApplication' for Device system-wide element
23:31:21.202 WebDriverAgentRunner-Runner[1375:148205] Creating future for 'fetching attributes 'XC_kAXXCAttributeFocusedApplications' for AX element pid: 174, elementOrHash.elementID: 0.1' with timeout 65.00
23:31:21.202 WebDriverAgentRunner-Runner[1375:148205] <XCTWaiter: 0x114401140> entering wait loop for 65.00s with expectations: `fetching attributes 'XC_kAXXCAttributeFocusedApplications' for AX element pid: 174, elementOrHash.elementID: 0.1`
23:31:21.205 WebDriverAgentRunner-Runner[1375:148231] Got attribute fetch response with values {
    "XC_kAXXCAttributeFocusedApplications" =     (
        "AX element pid: 305, elementOrHash.elementID: 0.1"
    );
}, error: (null)
23:31:21.205 WebDriverAgentRunner-Runner[1375:148205] Returning result XCTWaiterResultCompleted for synchronous waiter <XCTWaiter: 0x114401140>
23:31:21.205 WebDriverAgentRunner-Runner[1375:148205] Wait <XCTWaiterWait: 0x109731000> completed after 0.003s
23:31:21.205 WebDriverAgentRunner-Runner[1375:148205] cleaning up fetching attributes 'XC_kAXXCAttributeFocusedApplications' for AX element pid: 174, elementOrHash.elementID: 0.1
23:31:21.205 WebDriverAgentRunner-Runner[1375:148205] Active application elements: (
    "AX element pid: 305, elementOrHash.elementID: 0.1"
)
23:31:21.205 WebDriverAgentRunner-Runner[1375:148205] Creating future for 'getting interface orientation' with timeout 65.00
23:31:21.205 WebDriverAgentRunner-Runner[1375:148205] <XCTWaiter: 0x114400450> entering wait loop for 65.00s with expectations: `getting interface orientation`
23:31:21.206 WebDriverAgentRunner-Runner[1375:148205] Returning result XCTWaiterResultCompleted for synchronous waiter <XCTWaiter: 0x114400450>
23:31:21.206 WebDriverAgentRunner-Runner[1375:148205] Wait <XCTWaiterWait: 0x109732440> completed after 0.001s
23:31:21.206 WebDriverAgentRunner-Runner[1375:148205] cleaning up getting interface orientation
23:31:21.228 WebDriverAgentRunner-Runner[1375:148205] Creating future for 'fetching attributes 'XC_kAXXCAttributeSystemAppApplication' for Device system-wide element' with timeout 65.00
23:31:21.228 WebDriverAgentRunner-Runner[1375:148205] <XCTWaiter: 0x114401860> entering wait loop for 65.00s with expectations: `fetching attributes 'XC_kAXXCAttributeSystemAppApplication' for Device system-wide element`
23:31:21.229 WebDriverAgentRunner-Runner[1375:148559] Got attribute fetch response with values {
    "XC_kAXXCAttributeSystemAppApplication" = "AX element pid: 174, elementOrHash.elementID: 0.1";
}, error: (null)
23:31:21.229 WebDriverAgentRunner-Runner[1375:148205] Returning result XCTWaiterResultCompleted for synchronous waiter <XCTWaiter: 0x114401860>
23:31:21.229 WebDriverAgentRunner-Runner[1375:148205] Wait <XCTWaiterWait: 0x109731d80> completed after 0.001s
23:31:21.229 WebDriverAgentRunner-Runner[1375:148205] cleaning up fetching attributes 'XC_kAXXCAttributeSystemAppApplication' for Device system-wide element
23:31:21.229 WebDriverAgentRunner-Runner[1375:148205] <XCTContext: 0x105d9cd20> started activity <XCActivityRecord: 0x108d48000> 2026-07-19 16:31:21 +0000: Get all elements bound by index for: Descendants matching type StatusBar
    t =    16.55s Get all elements bound by index for: Descendants matching type StatusBar
23:31:21.230 WebDriverAgentRunner-Runner[1375:148205] Creating future for 'getting screen identifiers' with timeout 30.00
23:31:21.230 WebDriverAgentRunner-Runner[1375:148205] <XCTWaiter: 0x114400f60> entering wait loop for 30.00s with expectations: `getting screen identifiers`
23:31:21.230 WebDriverAgentRunner-Runner[1375:148205] Returning result XCTWaiterResultCompleted for synchronous waiter <XCTWaiter: 0x114400f60>
23:31:21.230 WebDriverAgentRunner-Runner[1375:148205] Wait <XCTWaiterWait: 0x109731cc0> completed after 0.000s
23:31:21.230 WebDriverAgentRunner-Runner[1375:148205] cleaning up getting screen identifiers
23:31:21.230 WebDriverAgentRunner-Runner[1375:148205] Executing query:
↪︎ Descendants matching type StatusBar
23:31:21.230 WebDriverAgentRunner-Runner[1375:148205] Creating future for 'checking for continuity enablement' with timeout 30.00
23:31:21.230 WebDriverAgentRunner-Runner[1375:148205] <XCTWaiter: 0x114400e70> entering wait loop for 30.00s with expectations: `checking for continuity enablement`
23:31:21.231 WebDriverAgentRunner-Runner[1375:148205] Returning result XCTWaiterResultCompleted for synchronous waiter <XCTWaiter: 0x114400e70>
23:31:21.232 WebDriverAgentRunner-Runner[1375:148205] Wait <XCTWaiterWait: 0x109731000> completed after 0.001s
23:31:21.232 WebDriverAgentRunner-Runner[1375:148205] cleaning up checking for continuity enablement
23:31:21.232 WebDriverAgentRunner-Runner[1375:148205] Should evaluate query remotely? XCTDisableRemoteQueryEvaluation(d-write): YES, hasAutomationSession: YES, supportsRemoteEvaluation: YES
23:31:21.232 WebDriverAgentRunner-Runner[1375:148205] Getting matching snapshots for locally evaluated query
23:31:21.232 WebDriverAgentRunner-Runner[1375:148205] Evaluating query:
 ↪︎ Descendants matching type StatusBar
23:31:21.232 WebDriverAgentRunner-Runner[1375:148205] Getting root element snapshot
23:31:21.232 WebDriverAgentRunner-Runner[1375:148205] Getting snapshot for App element pid: 174 for query ↪︎ Descendants matching type StatusBar
23:31:21.232 WebDriverAgentRunner-Runner[1375:148205] <XCTContext: 0x105d9cd20> started activity <XCActivityRecord: 0x108d4a4c0> 2026-07-19 16:31:21 +0000: Requesting snapshot of accessibility hierarchy for app with pid 174
23:31:21.233 WebDriverAgentRunner-Runner[1375:148205] Query requires iOS snapshot attributes XC_kAXXCAttributeElementType, XC_kAXXCAttributeElementBaseType, XC_kAXXCAttributeAutomationType, XC_kAXXCAttributeTraits.
23:31:21.233 WebDriverAgentRunner-Runner[1375:148205] XCUIElementQuery <XCTElementSnapshotProvider> getting snapshot
23:31:21.233 WebDriverAgentRunner-Runner[1375:148205] Snapshot request has custom attributes XC_kAXXCAttributeElementType, XC_kAXXCAttributeElementBaseType, XC_kAXXCAttributeAutomationType, XC_kAXXCAttributeTraits
23:31:21.233 WebDriverAgentRunner-Runner[1375:148205] Snapshot request has custom parameters {
    snapshotKeyHonorModalViews = 0;
}
23:31:21.233 WebDriverAgentRunner-Runner[1375:148205] Current snapshot generation is 346
23:31:21.233 WebDriverAgentRunner-Runner[1375:148205] Capturing a new snapshot
23:31:21.233 WebDriverAgentRunner-Runner[1375:148205] Fetching snapshot for App element pid: 174 from testmanagerd with attributes XC_kAXXCAttributeElementType, XC_kAXXCAttributeElementBaseType, XC_kAXXCAttributeParent, XC_kAXXCAttributeIdentifier, XC_kAXXCAttributeAutomationType, XC_kAXXCAttributeTraits and parameters {
    maxArrayCount = 2147483647;
    maxChildren = 2147483647;
    maxDepth = 50;
    snapshotKeyHonorModalViews = 0;
    traverseFromParentsToChildren = 1;
}.
    t =    16.56s     Requesting snapshot of accessibility hierarchy for app with pid 174
23:31:21.233 WebDriverAgentRunner-Runner[1375:148205] Creating future for 'fetching snapshot from testmanagerd.' with timeout 65.00
23:31:21.233 WebDriverAgentRunner-Runner[1375:148205] <XCTWaiter: 0x114400270> entering wait loop for 65.00s with expectations: `fetching snapshot from testmanagerd.`
23:31:21.368 WebDriverAgentRunner-Runner[1375:148559] Got snapshot response with runtime issue support from testmanagerd.
23:31:21.368 WebDriverAgentRunner-Runner[1375:148205] Returning result XCTWaiterResultCompleted for synchronous waiter <XCTWaiter: 0x114400270>
23:31:21.368 WebDriverAgentRunner-Runner[1375:148205] Wait <XCTWaiterWait: 0x109730740> completed after 0.135s
23:31:21.369 WebDriverAgentRunner-Runner[1375:148205] cleaning up fetching snapshot from testmanagerd.
23:31:21.369 WebDriverAgentRunner-Runner[1375:148205] <XCTContext: 0x105d9cd20> finished activity <XCActivityRecord: 0x108d4a4c0> 2026-07-19 16:31:21 +0000: Requesting snapshot of accessibility hierarchy for app with pid 174 (0.136382s)
23:31:21.369 WebDriverAgentRunner-Runner[1375:148205] XCTPerformOnMainRunLoop[MT]: already on MT; performing block without run loop dispatch - timeouts will not be enforced.
23:31:21.369 WebDriverAgentRunner-Runner[1375:148205] XCTElementQuery: set data source for rootElementSnapshot to (null)
23:31:21.369 WebDriverAgentRunner-Runner[1375:148205] Finding all matches with input Application, pid: 174 using transformers 
↪︎ Descendants matching type StatusBar
23:31:21.369 WebDriverAgentRunner-Runner[1375:148205] <XCTContext: 0x105d9cd20> started activity <XCActivityRecord: 0x108d4a4c0> 2026-07-19 16:31:21 +0000: Find: Descendants matching type StatusBar
    t =    16.69s     Find: Descendants matching type StatusBar
23:31:21.370 WebDriverAgentRunner-Runner[1375:148205] <XCTContext: 0x105d9cd20> finished activity <XCActivityRecord: 0x108d4a4c0> 2026-07-19 16:31:21 +0000: Find: Descendants matching type StatusBar (0.00115299s)
23:31:21.371 WebDriverAgentRunner-Runner[1375:148205] [Match All] applied transformer `Descendants matching type StatusBar` to input {(
    Application, pid: 174
)}, found {(
    StatusBar
)}
23:31:21.371 WebDriverAgentRunner-Runner[1375:148205] [Match All] setting out related elements {(
)}
23:31:21.372 WebDriverAgentRunner-Runner[1375:148205] Current tree:
Application, 0x1097ba580, pid: 174 <App element pid: 174>
  Window, 0x1097ba440 <AX element pid: 174, elementOrHash.elementID: 36032077824.11>
    Other, 0x1097ba6c0 <AX element pid: 174, elementOrHash.elementID: 35953538624.20>
      Other, 0x1097ba800 <AX element pid: 174, elementOrHash.elementID: 35953538176.33>
  Window, 0x1097ba940 <AX element pid: 174, elementOrHash.elementID: 36018690304.12>
    Other, 0x1097baa80 <AX element pid: 174, elementOrHash.elementID: 36017882432.21>
      Other, 0x1097babc0 <AX element pid: 174, elementOrHash.elementID: 36038462464.34>
        Other, 0x1097bad00 <AX element pid: 174, elementOrHash.elementID: 35920632704.46>
          Other, 0x1097bae40 <AX element pid: 174, elementOrHash.elementID: 35920548672.54>
            Other, 0x1097baf80 <AX element pid: 174, elementOrHash.elementID: 35887737344.1088>
            Other, 0x1097bb0c0 <AX element pid: 174, elementOrHash.elementID: 35943852544.1089>
            Other, 0x1097bb200 <AX element pid: 174, elementOrHash.elementID: 35920551360.69>
            Other, 0x1097bb340 <AX element pid: 174, elementOrHash.elementID: 35920551808.70>
            Other, 0x1097bb480 <AX element pid: 174, elementOrHash.elementID: 35888128768.2180>
            Other, 0x1097bb5c0 <AX element pid: 174, elementOrHash.elementID: 35887703232.1093>
            Other, 0x1097bb700 <AX element pid: 174, elementOrHash.elementID: 35890058048.2574>
            Other, 0x1097bb840 <AX element pid: 174, elementOrHash.elementID: 35920553152.73>
            Other, 0x1097bb980 <AX element pid: 174, elementOrHash.elementID: 35920549120.74>
      Other, 0x1097bbac0 <AX element pid: 174, elementOrHash.elementID: 36056067584.1084>
        Other, 0x1097bbc00 <AX element pid: 174, elementOrHash.elementID: 11494289431044805875.9999>
          Other, 0x1097bbd40 <AX element pid: 333, elementOrHash.elementID: 4309013472.4>
            Other, 0x1097bbe80 <AX element pid: 333, elementOrHash.elementID: 4309041312.5>
              Other, 0x105cc7ac0 <AX element pid: 333, elementOrHash.elementID: 4308983520.6>
                Other, 0x114408000 <AX element pid: 333, elementOrHash.elementID: 4309005120.7>
      Other, 0x114408140 <AX element pid: 174, elementOrHash.elementID: 36046696960.36>
        Other, 0x114408280 <AX element pid: 174, elementOrHash.elementID: 35906212864.47>
          Other, 0x1144083c0 <AX element pid: 174, elementOrHash.elementID: 35922778688.55>
  Window, 0x114408500 <AX element pid: 174, elementOrHash.elementID: 36018691584.13>
    Other, 0x114408640 <AX element pid: 174, elementOrHash.elementID: 36017885568.22>
  Window, 0x114408780 <AX element pid: 174, elementOrHash.elementID: 36018685184.1812>
    Other, 0x1144088c0 <AX element pid: 174, elementOrHash.elementID: 35889648896.1813>
      Other, 0x114408a00 <AX element pid: 174, elementOrHash.elementID: 35887702784.1815>
  Window, 0x114408b40 <AX element pid: 174, elementOrHash.elementID: 35951108864.14>
    Other, 0x114408c80 <AX element pid: 174, elementOrHash.elementID: 35953539072.23>
      Other, 0x114408dc0 <AX element pid: 174, elementOrHash.elementID: 35953539968.37>
  Window, 0x114408f00 <AX element pid: 174, elementOrHash.elementID: 35920354816.15>
    Other, 0x114409040 <AX element pid: 174, elementOrHash.elementID: 35923110400.24>
      Other, 0x114409180 <AX element pid: 174, elementOrHash.elementID: 35923112192.38>
  Window, 0x1144092c0 <AX element pid: 174, elementOrHash.elementID: 36036372480.9>
    Other, 0x114409400 <AX element pid: 174, elementOrHash.elementID: 35942339840.25>
      Other, 0x114409540 <AX element pid: 174, elementOrHash.elementID: 35942340288.39>
        Other, 0x114409680 <AX element pid: 174, elementOrHash.elementID: 35942345216.48>
        Other, 0x1144097c0 <AX element pid: 174, elementOrHash.elementID: 35942345664.49>
        Other, 0x114409900 <AX element pid: 174, elementOrHash.elementID: 35941851264.50>
          Other, 0x114409a40 <AX element pid: 174, elementOrHash.elementID: 36036367360.56>
            Icon, 0x114409b80 <AX element pid: 174, elementOrHash.elementID: 35943737856.6>
              Other, 0x114409cc0 <AX element pid: 174, elementOrHash.elementID: 35943844928.145>
                Other, 0x114409e00 <AX element pid: 174, elementOrHash.elementID: 35943845376.185>
                  Other, 0x114409f40 <AX element pid: 174, elementOrHash.elementID: 35943797760.251>
                    Other, 0x11440a080 <AX element pid: 174, elementOrHash.elementID: 35943806720.319>
            Icon, 0x11440a1c0 <AX element pid: 174, elementOrHash.elementID: 35943739392.75>
              Other, 0x11440a300 <AX element pid: 174, elementOrHash.elementID: 35943845824.146>
                Other, 0x11440a440 <AX element pid: 174, elementOrHash.elementID: 35943846272.186>
                  Other, 0x11440a580 <AX element pid: 174, elementOrHash.elementID: 35943792640.252>
                    Other, 0x11440a6c0 <AX element pid: 174, elementOrHash.elementID: 35943808000.320>
            Icon, 0x11440a800 <AX element pid: 174, elementOrHash.elementID: 35943740928.76>
              Other, 0x11440a940 <AX element pid: 174, elementOrHash.elementID: 35943846720.147>
                Other, 0x11440aa80 <AX element pid: 174, elementOrHash.elementID: 35943847168.187>
                  Other, 0x11440abc0 <AX element pid: 174, elementOrHash.elementID: 35941855104.253>
                    Other, 0x11440ad00 <AX element pid: 174, elementOrHash.elementID: 35944039040.321>
            Icon, 0x11440ae40 <AX element pid: 174, elementOrHash.elementID: 35944136704.77>
              Other, 0x11440af80 <AX element pid: 174, elementOrHash.elementID: 35943847616.148>
                Other, 0x11440b0c0 <AX element pid: 174, elementOrHash.elementID: 35943848064.188>
                  Other, 0x11440b200 <AX element pid: 174, elementOrHash.elementID: 35943795840.254>
                    Other, 0x11440b340 <AX element pid: 174, elementOrHash.elementID: 35944040320.322>
            Icon, 0x11440b480 <AX element pid: 174, elementOrHash.elementID: 35944138240.78>
              Other, 0x11440b5c0 <AX element pid: 174, elementOrHash.elementID: 35943848512.149>
                Other, 0x11440b700 <AX element pid: 174, elementOrHash.elementID: 35943848960.189>
                  Other, 0x11440b840 <AX element pid: 174, elementOrHash.elementID: 35941858304.255>
                    Other, 0x11440b980 <AX element pid: 174, elementOrHash.elementID: 35875794176.2181>
            Icon, 0x11440bac0 <AX element pid: 174, elementOrHash.elementID: 35944139776.79>
              Other, 0x11440bc00 <AX element pid: 174, elementOrHash.elementID: 35943849856.150>
                Other, 0x11440bd40 <AX element pid: 174, elementOrHash.elementID: 35943850304.190>
                  Other, 0x11440be80 <AX element pid: 174, elementOrHash.elementID: 35943799040.256>
                    Other, 0x11440c000 <AX element pid: 174, elementOrHash.elementID: 35944043520.324>
            Icon, 0x11440c140 <AX element pid: 174, elementOrHash.elementID: 35944141312.80>
              Other, 0x11440c280 <AX element pid: 174, elementOrHash.elementID: 35943850752.151>
                Other, 0x11440c3c0 <AX element pid: 174, elementOrHash.elementID: 35943851200.191>
                  Other, 0x11440c500 <AX element pid: 174, elementOrHash.elementID: 35941853184.257>
                    Other, 0x11440c640 <AX element pid: 174, elementOrHash.elementID: 35944044800.325>
          Other, 0x11440c780 <AX element pid: 174, elementOrHash.elementID: 36036369408.57>
            Icon, 0x11440c8c0 <AX element pid: 174, elementOrHash.elementID: 35941698560.81>
              Other, 0x11440ca00 <AX element pid: 174, elementOrHash.elementID: 35942346112.152>
                Other, 0x11440cb40 <AX element pid: 174, elementOrHash.elementID: 35943611712.192>
                  Other, 0x11440cc80 <AX element pid: 174, elementOrHash.elementID: 35941853824.258>
                    Other, 0x11440cdc0 <AX element pid: 174, elementOrHash.elementID: 35943800960.326>
            Icon, 0x11440cf00 <AX element pid: 174, elementOrHash.elementID: 35943734784.82>
              Other, 0x11440d040 <AX element pid: 174, elementOrHash.elementID: 35943841792.153>
                Other, 0x11440d180 <AX element pid: 174, elementOrHash.elementID: 35943842240.193>
                  Other, 0x11440d2c0 <AX element pid: 174, elementOrHash.elementID: 35943794560.259>
                    Other, 0x11440d400 <AX element pid: 174, elementOrHash.elementID: 35943802240.327>
                  Other, 0x11440d540 <AX element pid: 174, elementOrHash.elementID: 35943802880.260>
                    Other, 0x11440d680 <AX element pid: 174, elementOrHash.elementID: 35943844032.328>
                      Image, 0x11440d7c0 <AX element pid: 174, elementOrHash.elementID: 36036537344.415>
          Other, 0x11440d900 <AX element pid: 174, elementOrHash.elementID: 36036368384.58>
          Icon, 0x11440da40 <AX element pid: 174, elementOrHash.elementID: 35944142848.59>
            Other, 0x11440db80 <AX element pid: 174, elementOrHash.elementID: 35887479808.1147>
            Other, 0x11440dcc0 <AX element pid: 174, elementOrHash.elementID: 35887469568.1148>
            Other, 0x11440de00 <AX element pid: 174, elementOrHash.elementID: 35891053184.513>
            Other, 0x11440df40 <AX element pid: 174, elementOrHash.elementID: 35887477248.1149>
      Other, 0x11440e080 <AX element pid: 174, elementOrHash.elementID: 35944048000.40>
        Other, 0x11440e1c0 <AX element pid: 174, elementOrHash.elementID: 36037143040.51>
          Other, 0x11440e300 <AX element pid: 174, elementOrHash.elementID: 8666967316085091201.9999>
            Other, 0x11440e440 <AX element pid: 303, elementOrHash.elementID: 4312005392.4>
              Other, 0x11440e580 <AX element pid: 303, elementOrHash.elementID: 33807598848.5>
                Other, 0x11440e6c0 <AX element pid: 303, elementOrHash.elementID: 33807631232.6>
                  Other, 0x11440e800 <AX element pid: 303, elementOrHash.elementID: 33807630336.7>
          Other, 0x11440e940 <AX element pid: 174, elementOrHash.elementID: 989399453524512628.9999>
            Other, 0x11440ea80 <AX element pid: 303, elementOrHash.elementID: 33807632128.8>
              Other, 0x11440ebc0 <AX element pid: 303, elementOrHash.elementID: 33807633920.9>
          Other, 0x11440ed00 <AX element pid: 174, elementOrHash.elementID: 13411371857668989829.9999>
  Window, 0x11440ee40 <AX element pid: 174, elementOrHash.elementID: 36022010880.16>
    StatusBar, 0x11440ef80 <AX element pid: 174, elementOrHash.elementID: 36017866624.26>
      Other, 0x11440f0c0 <AX element pid: 174, elementOrHash.elementID: 36021977088.41>
        Other, 0x11440f200 <AX element pid: 174, elementOrHash.elementID: 35889654720.2076>
          Other, 0x11440f340 <AX element pid: 174, elementOrHash.elementID: 36057350656.2088>
          Other, 0x11440f480 <AX element pid: 174, elementOrHash.elementID: 35889647552.2077>
            StaticText, 0x11440f5c0 <AX element pid: 174, elementOrHash.elementID: 35893191424.2079>
            StaticText, 0x11440f700 <AX element pid: 174, elementOrHash.elementID: 35893197696.2080>
          Other, 0x11440f840 <AX element pid: 174, elementOrHash.elementID: 36057351168.2089>
          Other, 0x11440f980 <AX element pid: 174, elementOrHash.elementID: 35907105920.2078>
            Other, 0x11440fac0 <AX element pid: 174, elementOrHash.elementID: 36057354752.2081>
            Image, 0x11440fc00 <AX element pid: 174, elementOrHash.elementID: 35888208768.2082>
            StaticText, 0x11440fd40 <AX element pid: 174, elementOrHash.elementID: 35911293952.2083>
            Other, 0x11440fe80 <AX element pid: 174, elementOrHash.elementID: 35888203008.2084>
          Other, 0x114414000 <AX element pid: 174, elementOrHash.elementID: 36057352704.2090>
    Other, 0x114414140 <AX element pid: 174, elementOrHash.elementID: 36017881984.27>
  Window, 0x114414280 <AX element pid: 174, elementOrHash.elementID: 36052796416.2573>
    Other, 0x1144143c0 <AX element pid: 174, elementOrHash.elementID: 35888121152.1814>
      Other, 0x114414500 <AX element pid: 174, elementOrHash.elementID: 35888134144.1816>
      Other, 0x114414640 <AX element pid: 174, elementOrHash.elementID: 35888122048.1817>
        Other, 0x114414780 <AX element pid: 174, elementOrHash.elementID: 35888133248.1819>
          Other, 0x1144148c0 <AX element pid: 174, elementOrHash.elementID: 35888122944.1820>
            Other, 0x114414a00 <AX element pid: 174, elementOrHash.elementID: 35907062848.1822>
              Other, 0x114414b40 <AX element pid: 174, elementOrHash.elementID: 35907065536.1823>
              Other, 0x114414c80 <AX element pid: 174, elementOrHash.elementID: 35903851136.1824>
                Other, 0x114414dc0 <AX element pid: 174, elementOrHash.elementID: 36044862464.1825>
      Other, 0x114414f00 <AX element pid: 174, elementOrHash.elementID: 35888132800.1818>
  Window, 0x114415040 <AX element pid: 174, elementOrHash.elementID: 36032072704.17>
    Other, 0x114415180 <AX element pid: 174, elementOrHash.elementID: 35953535488.28>
  Window, 0x1144152c0 <AX element pid: 174, elementOrHash.elementID: 36032076800.18>
    Other, 0x114415400 <AX element pid: 174, elementOrHash.elementID: 35953537728.29>
23:31:21.373 WebDriverAgentRunner-Runner[1375:148205] Found matches {(
    StatusBar
)} with root Application, pid: 174
23:31:21.373 WebDriverAgentRunner-Runner[1375:148205] <XCTContext: 0x105d9cd20> finished activity <XCActivityRecord: 0x108d48000> 2026-07-19 16:31:21 +0000: Get all elements bound by index for: Descendants matching type StatusBar (0.143391s)
23:31:21.373 WebDriverAgentRunner-Runner[1375:148205] <XCTContext: 0x105d9cd20> started activity <XCActivityRecord: 0x108d48000> 2026-07-19 16:31:21 +0000: Find the StatusBar (Element at index 0)
23:31:21.373 WebDriverAgentRunner-Runner[1375:148205] Executing query:
↪︎ Descendants matching type StatusBar
    ↪︎ Element at index 0
23:31:21.373 WebDriverAgentRunner-Runner[1375:148205] Creating future for 'checking for continuity enablement' with timeout 30.00
23:31:21.374 WebDriverAgentRunner-Runner[1375:148205] <XCTWaiter: 0x114400210> entering wait loop for 30.00s with expectations: `checking for continuity enablement`
23:31:21.375 WebDriverAgentRunner-Runner[1375:148205] Returning result XCTWaiterResultCompleted for synchronous waiter <XCTWaiter: 0x114400210>
23:31:21.375 WebDriverAgentRunner-Runner[1375:148205] Wait <XCTWaiterWait: 0x108c376c0> completed after 0.001s
23:31:21.375 WebDriverAgentRunner-Runner[1375:148205] cleaning up checking for continuity enablement
23:31:21.375 WebDriverAgentRunner-Runner[1375:148205] Should evaluate query remotely? XCTDisableRemoteQueryEvaluation(d-write): YES, hasAutomationSession: YES, supportsRemoteEvaluation: YES
23:31:21.375 WebDriverAgentRunner-Runner[1375:148205] Getting matching snapshots for locally evaluated query
23:31:21.375 WebDriverAgentRunner-Runner[1375:148205] Evaluating query:
 ↪︎ Descendants matching type StatusBar
    ↪︎ Element at index 0
23:31:21.375 WebDriverAgentRunner-Runner[1375:148205] Getting root element snapshot
23:31:21.375 WebDriverAgentRunner-Runner[1375:148205] Getting snapshot for App element pid: 174 for query ↪︎ Descendants matching type StatusBar
    ↪︎ Element at index 0
23:31:21.376 WebDriverAgentRunner-Runner[1375:148205] <XCTContext: 0x105d9cd20> started activity <XCActivityRecord: 0x108d4a4c0> 2026-07-19 16:31:21 +0000: Requesting snapshot of accessibility hierarchy for app with pid 174
23:31:21.376 WebDriverAgentRunner-Runner[1375:148205] Query requires iOS snapshot attributes XC_kAXXCAttributeElementType, XC_kAXXCAttributeElementBaseType, XC_kAXXCAttributeAutomationType, XC_kAXXCAttributeTraits.
23:31:21.376 WebDriverAgentRunner-Runner[1375:148205] XCUIElementQuery <XCTElementSnapshotProvider> getting snapshot
    t =    16.70s Find the StatusBar (Element at index 0)
23:31:21.376 WebDriverAgentRunner-Runner[1375:148205] Snapshot request has custom attributes XC_kAXXCAttributeElementType, XC_kAXXCAttributeElementBaseType, XC_kAXXCAttributeAutomationType, XC_kAXXCAttributeTraits
23:31:21.376 WebDriverAgentRunner-Runner[1375:148205] Snapshot request has custom parameters {
    snapshotKeyHonorModalViews = 0;
}
23:31:21.376 WebDriverAgentRunner-Runner[1375:148205] Current snapshot generation is 349
23:31:21.376 WebDriverAgentRunner-Runner[1375:148205] Capturing a new snapshot
23:31:21.376 WebDriverAgentRunner-Runner[1375:148205] Fetching snapshot for App element pid: 174 from testmanagerd with attributes XC_kAXXCAttributeElementType, XC_kAXXCAttributeElementBaseType, XC_kAXXCAttributeParent, XC_kAXXCAttributeIdentifier, XC_kAXXCAttributeAutomationType, XC_kAXXCAttributeTraits and parameters {
    maxArrayCount = 2147483647;
    maxChildren = 2147483647;
    maxDepth = 50;
    snapshotKeyHonorModalViews = 0;
    traverseFromParentsToChildren = 1;
}.
23:31:21.376 WebDriverAgentRunner-Runner[1375:148205] Creating future for 'fetching snapshot from testmanagerd.' with timeout 65.00
23:31:21.377 WebDriverAgentRunner-Runner[1375:148205] <XCTWaiter: 0x1144007e0> entering wait loop for 65.00s with expectations: `fetching snapshot from testmanagerd.`
    t =    16.70s     Requesting snapshot of accessibility hierarchy for app with pid 174
23:31:21.465 WebDriverAgentRunner-Runner[1375:148223] Got snapshot response with runtime issue support from testmanagerd.
23:31:21.465 WebDriverAgentRunner-Runner[1375:148205] Returning result XCTWaiterResultCompleted for synchronous waiter <XCTWaiter: 0x1144007e0>
23:31:21.466 WebDriverAgentRunner-Runner[1375:148205] Wait <XCTWaiterWait: 0x108c34c00> completed after 0.089s
23:31:21.466 WebDriverAgentRunner-Runner[1375:148205] cleaning up fetching snapshot from testmanagerd.
23:31:21.466 WebDriverAgentRunner-Runner[1375:148205] <XCTContext: 0x105d9cd20> finished activity <XCActivityRecord: 0x108d4a4c0> 2026-07-19 16:31:21 +0000: Requesting snapshot of accessibility hierarchy for app with pid 174 (0.090263s)
23:31:21.466 WebDriverAgentRunner-Runner[1375:148205] XCTPerformOnMainRunLoop[MT]: already on MT; performing block without run loop dispatch - timeouts will not be enforced.
23:31:21.466 WebDriverAgentRunner-Runner[1375:148205] XCTElementQuery: set data source for rootElementSnapshot to (null)
23:31:21.466 WebDriverAgentRunner-Runner[1375:148205] Finding all matches with input Application, pid: 174 using transformers 
↪︎ Descendants matching type StatusBar
    ↪︎ Element at index 0
23:31:21.466 WebDriverAgentRunner-Runner[1375:148205] <XCTContext: 0x105d9cd20> started activity <XCActivityRecord: 0x108d4a4c0> 2026-07-19 16:31:21 +0000: Find: Descendants matching type StatusBar
    t =    16.79s     Find: Descendants matching type StatusBar
23:31:21.467 WebDriverAgentRunner-Runner[1375:148205] <XCTContext: 0x105d9cd20> finished activity <XCActivityRecord: 0x108d4a4c0> 2026-07-19 16:31:21 +0000: Find: Descendants matching type StatusBar (0.00106597s)
23:31:21.468 WebDriverAgentRunner-Runner[1375:148205] [Match All] applied transformer `Descendants matching type StatusBar` to input {(
    Application, pid: 174
)}, found {(
    StatusBar
)}
23:31:21.468 WebDriverAgentRunner-Runner[1375:148205] <XCTContext: 0x105d9cd20> started activity <XCActivityRecord: 0x108d4a4c0> 2026-07-19 16:31:21 +0000: Find: Element at index 0
23:31:21.468 WebDriverAgentRunner-Runner[1375:148205] <XCTContext: 0x105d9cd20> finished activity <XCActivityRecord: 0x108d4a4c0> 2026-07-19 16:31:21 +0000: Find: Element at index 0 (0.000251889s)
23:31:21.468 WebDriverAgentRunner-Runner[1375:148205] [Match All] applied transformer `Element at index 0` to input {(
    StatusBar
)}, found {(
    StatusBar
)}
23:31:21.468 WebDriverAgentRunner-Runner[1375:148205] [Match All] setting out related elements {(
)}
23:31:21.470 WebDriverAgentRunner-Runner[1375:148205] Current tree:
Application, 0x114415680, pid: 174 <App element pid: 174>
  Window, 0x1144157c0 <AX element pid: 174, elementOrHash.elementID: 36032077824.11>
    Other, 0x114415900 <AX element pid: 174, elementOrHash.elementID: 35953538624.20>
      Other, 0x114415a40 <AX element pid: 174, elementOrHash.elementID: 35953538176.33>
  Window, 0x114415b80 <AX element pid: 174, elementOrHash.elementID: 36018690304.12>
    Other, 0x114415cc0 <AX element pid: 174, elementOrHash.elementID: 36017882432.21>
      Other, 0x114415e00 <AX element pid: 174, elementOrHash.elementID: 36038462464.34>
        Other, 0x114415f40 <AX element pid: 174, elementOrHash.elementID: 35920632704.46>
          Other, 0x114416080 <AX element pid: 174, elementOrHash.elementID: 35920548672.54>
            Other, 0x1144161c0 <AX element pid: 174, elementOrHash.elementID: 35887737344.1088>
            Other, 0x114416300 <AX element pid: 174, elementOrHash.elementID: 35943852544.1089>
            Other, 0x114416440 <AX element pid: 174, elementOrHash.elementID: 35920551360.69>
            Other, 0x114416580 <AX element pid: 174, elementOrHash.elementID: 35920551808.70>
            Other, 0x1144166c0 <AX element pid: 174, elementOrHash.elementID: 35888128768.2180>
            Other, 0x114416800 <AX element pid: 174, elementOrHash.elementID: 35887703232.1093>
            Other, 0x114416940 <AX element pid: 174, elementOrHash.elementID: 35890058048.2574>
            Other, 0x114416a80 <AX element pid: 174, elementOrHash.elementID: 35920553152.73>
            Other, 0x114416bc0 <AX element pid: 174, elementOrHash.elementID: 35920549120.74>
      Other, 0x114416d00 <AX element pid: 174, elementOrHash.elementID: 36056067584.1084>
        Other, 0x114416e40 <AX element pid: 174, elementOrHash.elementID: 11494289431044805875.9999>
          Other, 0x114416f80 <AX element pid: 333, elementOrHash.elementID: 4309013472.4>
            Other, 0x1144170c0 <AX element pid: 333, elementOrHash.elementID: 4309041312.5>
              Other, 0x114417200 <AX element pid: 333, elementOrHash.elementID: 4308983520.6>
                Other, 0x114417340 <AX element pid: 333, elementOrHash.elementID: 4309005120.7>
      Other, 0x114417480 <AX element pid: 174, elementOrHash.elementID: 36046696960.36>
        Other, 0x1144175c0 <AX element pid: 174, elementOrHash.elementID: 35906212864.47>
          Other, 0x114417700 <AX element pid: 174, elementOrHash.elementID: 35922778688.55>
  Window, 0x114417840 <AX element pid: 174, elementOrHash.elementID: 36018691584.13>
    Other, 0x114417980 <AX element pid: 174, elementOrHash.elementID: 36017885568.22>
  Window, 0x114417ac0 <AX element pid: 174, elementOrHash.elementID: 36018685184.1812>
    Other, 0x114417c00 <AX element pid: 174, elementOrHash.elementID: 35889648896.1813>
      Other, 0x114417d40 <AX element pid: 174, elementOrHash.elementID: 35887702784.1815>
  Window, 0x114417e80 <AX element pid: 174, elementOrHash.elementID: 35951108864.14>
    Other, 0x114434000 <AX element pid: 174, elementOrHash.elementID: 35953539072.23>
      Other, 0x114434140 <AX element pid: 174, elementOrHash.elementID: 35953539968.37>
  Window, 0x114434280 <AX element pid: 174, elementOrHash.elementID: 35920354816.15>
    Other, 0x1144343c0 <AX element pid: 174, elementOrHash.elementID: 35923110400.24>
      Other, 0x114434500 <AX element pid: 174, elementOrHash.elementID: 35923112192.38>
  Window, 0x114434640 <AX element pid: 174, elementOrHash.elementID: 36036372480.9>
    Other, 0x114434780 <AX element pid: 174, elementOrHash.elementID: 35942339840.25>
      Other, 0x1144348c0 <AX element pid: 174, elementOrHash.elementID: 35942340288.39>
        Other, 0x114434a00 <AX element pid: 174, elementOrHash.elementID: 35942345216.48>
        Other, 0x114434b40 <AX element pid: 174, elementOrHash.elementID: 35942345664.49>
        Other, 0x114434c80 <AX element pid: 174, elementOrHash.elementID: 35941851264.50>
          Other, 0x114434dc0 <AX element pid: 174, elementOrHash.elementID: 36036367360.56>
            Icon, 0x114434f00 <AX element pid: 174, elementOrHash.elementID: 35943737856.6>
              Other, 0x114435040 <AX element pid: 174, elementOrHash.elementID: 35943844928.145>
                Other, 0x114435180 <AX element pid: 174, elementOrHash.elementID: 35943845376.185>
                  Other, 0x1144352c0 <AX element pid: 174, elementOrHash.elementID: 35943797760.251>
                    Other, 0x114435400 <AX element pid: 174, elementOrHash.elementID: 35943806720.319>
            Icon, 0x114435540 <AX element pid: 174, elementOrHash.elementID: 35943739392.75>
              Other, 0x114435680 <AX element pid: 174, elementOrHash.elementID: 35943845824.146>
                Other, 0x1144357c0 <AX element pid: 174, elementOrHash.elementID: 35943846272.186>
                  Other, 0x114435900 <AX element pid: 174, elementOrHash.elementID: 35943792640.252>
                    Other, 0x114435a40 <AX element pid: 174, elementOrHash.elementID: 35943808000.320>
            Icon, 0x114435b80 <AX element pid: 174, elementOrHash.elementID: 35943740928.76>
              Other, 0x114435cc0 <AX element pid: 174, elementOrHash.elementID: 35943846720.147>
                Other, 0x114435e00 <AX element pid: 174, elementOrHash.elementID: 35943847168.187>
                  Other, 0x114435f40 <AX element pid: 174, elementOrHash.elementID: 35941855104.253>
                    Other, 0x114436080 <AX element pid: 174, elementOrHash.elementID: 35944039040.321>
            Icon, 0x1144361c0 <AX element pid: 174, elementOrHash.elementID: 35944136704.77>
              Other, 0x114436300 <AX element pid: 174, elementOrHash.elementID: 35943847616.148>
                Other, 0x114436440 <AX element pid: 174, elementOrHash.elementID: 35943848064.188>
                  Other, 0x114436580 <AX element pid: 174, elementOrHash.elementID: 35943795840.254>
                    Other, 0x1144366c0 <AX element pid: 174, elementOrHash.elementID: 35944040320.322>
            Icon, 0x114436800 <AX element pid: 174, elementOrHash.elementID: 35944138240.78>
              Other, 0x114436940 <AX element pid: 174, elementOrHash.elementID: 35943848512.149>
                Other, 0x114436a80 <AX element pid: 174, elementOrHash.elementID: 35943848960.189>
                  Other, 0x114436bc0 <AX element pid: 174, elementOrHash.elementID: 35941858304.255>
                    Other, 0x114436d00 <AX element pid: 174, elementOrHash.elementID: 35875794176.2181>
            Icon, 0x114436e40 <AX element pid: 174, elementOrHash.elementID: 35944139776.79>
              Other, 0x114436f80 <AX element pid: 174, elementOrHash.elementID: 35943849856.150>
                Other, 0x1144370c0 <AX element pid: 174, elementOrHash.elementID: 35943850304.190>
                  Other, 0x114437200 <AX element pid: 174, elementOrHash.elementID: 35943799040.256>
                    Other, 0x114437340 <AX element pid: 174, elementOrHash.elementID: 35944043520.324>
            Icon, 0x114437480 <AX element pid: 174, elementOrHash.elementID: 35944141312.80>
              Other, 0x1144375c0 <AX element pid: 174, elementOrHash.elementID: 35943850752.151>
                Other, 0x114437700 <AX element pid: 174, elementOrHash.elementID: 35943851200.191>
                  Other, 0x114437840 <AX element pid: 174, elementOrHash.elementID: 35941853184.257>
                    Other, 0x114437980 <AX element pid: 174, elementOrHash.elementID: 35944044800.325>
          Other, 0x114437ac0 <AX element pid: 174, elementOrHash.elementID: 36036369408.57>
            Icon, 0x114437c00 <AX element pid: 174, elementOrHash.elementID: 35941698560.81>
              Other, 0x114437d40 <AX element pid: 174, elementOrHash.elementID: 35942346112.152>
                Other, 0x114437e80 <AX element pid: 174, elementOrHash.elementID: 35943611712.192>
                  Other, 0x11443c000 <AX element pid: 174, elementOrHash.elementID: 35941853824.258>
                    Other, 0x11443c140 <AX element pid: 174, elementOrHash.elementID: 35943800960.326>
            Icon, 0x11443c280 <AX element pid: 174, elementOrHash.elementID: 35943734784.82>
              Other, 0x11443c3c0 <AX element pid: 174, elementOrHash.elementID: 35943841792.153>
                Other, 0x11443c500 <AX element pid: 174, elementOrHash.elementID: 35943842240.193>
                  Other, 0x11443c640 <AX element pid: 174, elementOrHash.elementID: 35943794560.259>
                    Other, 0x11443c780 <AX element pid: 174, elementOrHash.elementID: 35943802240.327>
                  Other, 0x11443c8c0 <AX element pid: 174, elementOrHash.elementID: 35943802880.260>
                    Other, 0x11443ca00 <AX element pid: 174, elementOrHash.elementID: 35943844032.328>
                      Image, 0x11443cb40 <AX element pid: 174, elementOrHash.elementID: 36036537344.415>
          Other, 0x11443cc80 <AX element pid: 174, elementOrHash.elementID: 36036368384.58>
          Icon, 0x11443cdc0 <AX element pid: 174, elementOrHash.elementID: 35944142848.59>
            Other, 0x11443cf00 <AX element pid: 174, elementOrHash.elementID: 35887479808.1147>
            Other, 0x11443d040 <AX element pid: 174, elementOrHash.elementID: 35887469568.1148>
            Other, 0x11443d180 <AX element pid: 174, elementOrHash.elementID: 35891053184.513>
            Other, 0x11443d2c0 <AX element pid: 174, elementOrHash.elementID: 35887477248.1149>
      Other, 0x11443d400 <AX element pid: 174, elementOrHash.elementID: 35944048000.40>
        Other, 0x11443d540 <AX element pid: 174, elementOrHash.elementID: 36037143040.51>
          Other, 0x11443d680 <AX element pid: 174, elementOrHash.elementID: 8666967316085091201.9999>
            Other, 0x11443d7c0 <AX element pid: 303, elementOrHash.elementID: 4312005392.4>
              Other, 0x11443d900 <AX element pid: 303, elementOrHash.elementID: 33807598848.5>
                Other, 0x11443da40 <AX element pid: 303, elementOrHash.elementID: 33807631232.6>
                  Other, 0x11443db80 <AX element pid: 303, elementOrHash.elementID: 33807630336.7>
          Other, 0x11443dcc0 <AX element pid: 174, elementOrHash.elementID: 989399453524512628.9999>
            Other, 0x11443de00 <AX element pid: 303, elementOrHash.elementID: 33807632128.8>
              Other, 0x11443df40 <AX element pid: 303, elementOrHash.elementID: 33807633920.9>
          Other, 0x11443e080 <AX element pid: 174, elementOrHash.elementID: 13411371857668989829.9999>
  Window, 0x11443e1c0 <AX element pid: 174, elementOrHash.elementID: 36022010880.16>
    StatusBar, 0x11443e300 <AX element pid: 174, elementOrHash.elementID: 36017866624.26>
      Other, 0x11443e440 <AX element pid: 174, elementOrHash.elementID: 36021977088.41>
        Other, 0x11443e580 <AX element pid: 174, elementOrHash.elementID: 35889654720.2076>
          Other, 0x11443e6c0 <AX element pid: 174, elementOrHash.elementID: 36057350656.2088>
          Other, 0x11443e800 <AX element pid: 174, elementOrHash.elementID: 35889647552.2077>
            StaticText, 0x11443e940 <AX element pid: 174, elementOrHash.elementID: 35893191424.2079>
            StaticText, 0x11443ea80 <AX element pid: 174, elementOrHash.elementID: 35893197696.2080>
          Other, 0x11443ebc0 <AX element pid: 174, elementOrHash.elementID: 36057351168.2089>
          Other, 0x11443ed00 <AX element pid: 174, elementOrHash.elementID: 35907105920.2078>
            Other, 0x11443ee40 <AX element pid: 174, elementOrHash.elementID: 36057354752.2081>
            Image, 0x11443ef80 <AX element pid: 174, elementOrHash.elementID: 35888208768.2082>
            StaticText, 0x11443f0c0 <AX element pid: 174, elementOrHash.elementID: 35911293952.2083>
            Other, 0x11443f200 <AX element pid: 174, elementOrHash.elementID: 35888203008.2084>
          Other, 0x11443f340 <AX element pid: 174, elementOrHash.elementID: 36057352704.2090>
    Other, 0x11443f480 <AX element pid: 174, elementOrHash.elementID: 36017881984.27>
  Window, 0x11443f5c0 <AX element pid: 174, elementOrHash.elementID: 36052796416.2573>
    Other, 0x11443f700 <AX element pid: 174, elementOrHash.elementID: 35888121152.1814>
      Other, 0x11443f840 <AX element pid: 174, elementOrHash.elementID: 35888134144.1816>
      Other, 0x11443f980 <AX element pid: 174, elementOrHash.elementID: 35888122048.1817>
        Other, 0x11443fac0 <AX element pid: 174, elementOrHash.elementID: 35888133248.1819>
          Other, 0x11443fc00 <AX element pid: 174, elementOrHash.elementID: 35888122944.1820>
            Other, 0x11443fd40 <AX element pid: 174, elementOrHash.elementID: 35907062848.1822>
              Other, 0x11443fe80 <AX element pid: 174, elementOrHash.elementID: 35907065536.1823>
              Other, 0x114440000 <AX element pid: 174, elementOrHash.elementID: 35903851136.1824>
                Other, 0x114440140 <AX element pid: 174, elementOrHash.elementID: 36044862464.1825>
      Other, 0x114440280 <AX element pid: 174, elementOrHash.elementID: 35888132800.1818>
  Window, 0x1144403c0 <AX element pid: 174, elementOrHash.elementID: 36032072704.17>
    Other, 0x114440500 <AX element pid: 174, elementOrHash.elementID: 35953535488.28>
  Window, 0x114440640 <AX element pid: 174, elementOrHash.elementID: 36032076800.18>
    Other, 0x114440780 <AX element pid: 174, elementOrHash.elementID: 35953537728.29>
23:31:21.470 WebDriverAgentRunner-Runner[1375:148205] Found matches {(
    StatusBar
)} with root Application, pid: 174
23:31:21.470 WebDriverAgentRunner-Runner[1375:148205] <XCTContext: 0x105d9cd20> finished activity <XCActivityRecord: 0x108d48000> 2026-07-19 16:31:21 +0000: Find the StatusBar (Element at index 0) (0.0968729s)
23:31:21.470 WebDriverAgentRunner-Runner[1375:148205] Creating future for 'checking for continuity enablement' with timeout 30.00
23:31:21.471 WebDriverAgentRunner-Runner[1375:148205] <XCTWaiter: 0x114400900> entering wait loop for 30.00s with expectations: `checking for continuity enablement`
23:31:21.471 WebDriverAgentRunner-Runner[1375:148205] Returning result XCTWaiterResultCompleted for synchronous waiter <XCTWaiter: 0x114400900>
23:31:21.472 WebDriverAgentRunner-Runner[1375:148205] Wait <XCTWaiterWait: 0x10979a1c0> completed after 0.001s
23:31:21.472 WebDriverAgentRunner-Runner[1375:148205] cleaning up checking for continuity enablement
23:31:21.472 WebDriverAgentRunner-Runner[1375:148205] Creating future for 'fetching attributes 'XC_kAXXCAttributeFrame', 'XC_kAXXCAttributeWindowDisplayId', 'XC_kAXXCAttributeWindowContextId' for AX element pid: 174, elementOrHash.elementID: 36017866624.26' with timeout 30.00
23:31:21.472 WebDriverAgentRunner-Runner[1375:148205] <XCTWaiter: 0x114400600> entering wait loop for 30.00s with expectations: `fetching attributes 'XC_kAXXCAttributeFrame', 'XC_kAXXCAttributeWindowDisplayId', 'XC_kAXXCAttributeWindowContextId' for AX element pid: 174, elementOrHash.elementID: 36017866624.26`
23:31:21.472 WebDriverAgentRunner-Runner[1375:148205] Returning result XCTWaiterResultCompleted for synchronous waiter <XCTWaiter: 0x114400600>
23:31:21.473 WebDriverAgentRunner-Runner[1375:148205] Wait <XCTWaiterWait: 0x1097999c0> completed after 0.001s
    t =    16.79s     Find: Element at index 0
23:31:21.473 WebDriverAgentRunner-Runner[1375:148205] cleaning up fetching attributes 'XC_kAXXCAttributeFrame', 'XC_kAXXCAttributeWindowDisplayId', 'XC_kAXXCAttributeWindowContextId' for AX element pid: 174, elementOrHash.elementID: 36017866624.26
23:31:21.473 WebDriverAgentRunner-Runner[1375:148205] StatusBar (AX element pid: 174, elementOrHash.elementID: 36017866624.26) faulted in {
    "XC_kAXXCAttributeFrame" =     {
        Height = 1366;
        Width = 32;
        X = 0;
        Y = 0;
    };
    "XC_kAXXCAttributeWindowContextId" = 2087488016;
    "XC_kAXXCAttributeWindowDisplayId" = 1;
}: (no error) for frame using XC_kAXXCAttributeFrame, XC_kAXXCAttributeWindowDisplayId, XC_kAXXCAttributeWindowContextId
23:31:21.473 WebDriverAgentRunner-Runner[1375:148205] getting parameterized attribute XC_kAXXCParameterizedAttributeConvertHostedViewFrame with parameter (
        {
        Height = 1366;
        Width = 32;
        X = 0;
        Y = 0;
    },
    2087488016,
    1
)
23:31:21.473 WebDriverAgentRunner-Runner[1375:148205] Creating future for 'getting parameterized attribute XC_kAXXCParameterizedAttributeConvertHostedViewFrame' with timeout 65.00
23:31:21.473 WebDriverAgentRunner-Runner[1375:148205] <XCTWaiter: 0x114400000> entering wait loop for 65.00s with expectations: `getting parameterized attribute XC_kAXXCParameterizedAttributeConvertHostedViewFrame`
23:31:21.474 WebDriverAgentRunner-Runner[1375:148558] Got parameterized attribute fetch for XC_kAXXCParameterizedAttributeConvertHostedViewFrame response with values {
    Height = 1366;
    Width = 32;
    X = 0;
    Y = 0;
}, error: (null)
23:31:21.474 WebDriverAgentRunner-Runner[1375:148205] Returning result XCTWaiterResultCompleted for synchronous waiter <XCTWaiter: 0x114400000>
23:31:21.474 WebDriverAgentRunner-Runner[1375:148205] Wait <XCTWaiterWait: 0x10979a780> completed after 0.001s
23:31:21.474 WebDriverAgentRunner-Runner[1375:148205] cleaning up getting parameterized attribute XC_kAXXCParameterizedAttributeConvertHostedViewFrame
23:31:21.475 WebDriverAgentRunner-Runner[1375:148205] No change when transforming rect {{0, 0}, {32, 1366}}, either portrait orientation or non-standard app configuration such as springboard
23:31:21.475 WebDriverAgentRunner-Runner[1375:148205] Fetching application interface orientation
23:31:21.475 WebDriverAgentRunner-Runner[1375:148205] Creating future for 'getting interface orientation' with timeout 65.00
23:31:21.475 WebDriverAgentRunner-Runner[1375:148205] <XCTWaiter: 0x114400cc0> entering wait loop for 65.00s with expectations: `getting interface orientation`
23:31:21.475 WebDriverAgentRunner-Runner[1375:148205] Returning result XCTWaiterResultCompleted for synchronous waiter <XCTWaiter: 0x114400cc0>
23:31:21.475 WebDriverAgentRunner-Runner[1375:148205] Wait <XCTWaiterWait: 0x109799a40> completed after 0.000s
23:31:21.475 WebDriverAgentRunner-Runner[1375:148205] cleaning up getting interface orientation
23:31:21.476 WebDriverAgentRunner-Runner[1375:148205] Creating future for 'getting screen identifiers' with timeout 30.00
23:31:21.476 WebDriverAgentRunner-Runner[1375:148205] <XCTWaiter: 0x114401260> entering wait loop for 30.00s with expectations: `getting screen identifiers`
23:31:21.476 WebDriverAgentRunner-Runner[1375:148205] Returning result XCTWaiterResultCompleted for synchronous waiter <XCTWaiter: 0x114401260>
23:31:21.476 WebDriverAgentRunner-Runner[1375:148205] Wait <XCTWaiterWait: 0x10979a000> completed after 0.000s
23:31:21.476 WebDriverAgentRunner-Runner[1375:148205] cleaning up getting screen identifiers
23:31:21.476 WebDriverAgentRunner-Runner[1375:148205] Creating future for 'getting screen bounds' with timeout 30.00
23:31:21.476 WebDriverAgentRunner-Runner[1375:148205] <XCTWaiter: 0x114400660> entering wait loop for 30.00s with expectations: `getting screen bounds`
23:31:21.476 WebDriverAgentRunner-Runner[1375:148205] Returning result XCTWaiterResultCompleted for synchronous waiter <XCTWaiter: 0x114400660>
23:31:21.476 WebDriverAgentRunner-Runner[1375:148205] Wait <XCTWaiterWait: 0x109798a00> completed after 0.000s
23:31:21.476 WebDriverAgentRunner-Runner[1375:148205] cleaning up getting screen bounds
23:31:21.476 WebDriverAgentRunner-Runner[1375:148205] Creating future for 'getting screen scale' with timeout 30.00
23:31:21.477 WebDriverAgentRunner-Runner[1375:148205] <XCTWaiter: 0x114401bc0> entering wait loop for 30.00s with expectations: `getting screen scale`
23:31:21.477 WebDriverAgentRunner-Runner[1375:148205] Returning result XCTWaiterResultCompleted for synchronous waiter <XCTWaiter: 0x114401bc0>
23:31:21.477 WebDriverAgentRunner-Runner[1375:148205] Wait <XCTWaiterWait: 0x109798a00> completed after 0.000s
23:31:21.477 WebDriverAgentRunner-Runner[1375:148205] cleaning up getting screen scale
23:31:21.477 WebDriverAgentRunner-Runner[1375:148205] <XCTContext: 0x105d9cd20> started activity <XCActivityRecord: 0x108d4a4c0> 2026-07-19 16:31:21 +0000: Find the Application 'com.apple.springboard'
23:31:21.477 WebDriverAgentRunner-Runner[1375:148205] Executing query:

23:31:21.477 WebDriverAgentRunner-Runner[1375:148205] Creating future for 'checking for continuity enablement' with timeout 30.00
23:31:21.478 WebDriverAgentRunner-Runner[1375:148205] <XCTWaiter: 0x114402040> entering wait loop for 30.00s with expectations: `checking for continuity enablement`
    t =    16.80s Find the Application 'com.apple.springboard'
23:31:21.478 WebDriverAgentRunner-Runner[1375:148205] Returning result XCTWaiterResultCompleted for synchronous waiter <XCTWaiter: 0x114402040>
23:31:21.479 WebDriverAgentRunner-Runner[1375:148205] Wait <XCTWaiterWait: 0x10979b5c0> completed after 0.001s
23:31:21.479 WebDriverAgentRunner-Runner[1375:148205] cleaning up checking for continuity enablement
23:31:21.479 WebDriverAgentRunner-Runner[1375:148205] Should evaluate query remotely? XCTDisableRemoteQueryEvaluation(d-write): YES, hasAutomationSession: YES, supportsRemoteEvaluation: YES
23:31:21.479 WebDriverAgentRunner-Runner[1375:148205] Getting matching snapshots for locally evaluated query
23:31:21.479 WebDriverAgentRunner-Runner[1375:148205] Evaluating query:
 
23:31:21.479 WebDriverAgentRunner-Runner[1375:148205] Getting root element snapshot
23:31:21.479 WebDriverAgentRunner-Runner[1375:148205] Getting snapshot for App element pid: 174 for query 
23:31:21.479 WebDriverAgentRunner-Runner[1375:148205] <XCTContext: 0x105d9cd20> started activity <XCActivityRecord: 0x108d48150> 2026-07-19 16:31:21 +0000: Requesting snapshot of accessibility hierarchy for app with pid 174
23:31:21.479 WebDriverAgentRunner-Runner[1375:148205] Query requires iOS snapshot attributes .
23:31:21.479 WebDriverAgentRunner-Runner[1375:148205] XCUIElementQuery <XCTElementSnapshotProvider> getting snapshot
23:31:21.480 WebDriverAgentRunner-Runner[1375:148205] Snapshot request has custom attributes 
23:31:21.480 WebDriverAgentRunner-Runner[1375:148205] Snapshot request has custom parameters {
    snapshotKeyHonorModalViews = 0;
}
23:31:21.480 WebDriverAgentRunner-Runner[1375:148205] Current snapshot generation is 355
23:31:21.480 WebDriverAgentRunner-Runner[1375:148205] Query rootElementSnapshot is non-null with generation count 32
23:31:21.480 WebDriverAgentRunner-Runner[1375:148205] Capturing a new snapshot
23:31:21.480 WebDriverAgentRunner-Runner[1375:148205] Fetching snapshot for App element pid: 174 from testmanagerd with attributes XC_kAXXCAttributeElementType, XC_kAXXCAttributeElementBaseType, XC_kAXXCAttributeParent, XC_kAXXCAttributeIdentifier, XC_kAXXCAttributeAutomationType, XC_kAXXCAttributeTraits and parameters {
    maxArrayCount = 2147483647;
    maxChildren = 2147483647;
    maxDepth = 50;
    snapshotKeyHonorModalViews = 0;
    traverseFromParentsToChildren = 1;
}.
23:31:21.480 WebDriverAgentRunner-Runner[1375:148205] Creating future for 'fetching snapshot from testmanagerd.' with timeout 65.00
23:31:21.480 WebDriverAgentRunner-Runner[1375:148205] <XCTWaiter: 0x1144027f0> entering wait loop for 65.00s with expectations: `fetching snapshot from testmanagerd.`
    t =    16.80s     Requesting snapshot of accessibility hierarchy for app with pid 174
23:31:21.555 WebDriverAgentRunner-Runner[1375:148226] Got snapshot response with runtime issue support from testmanagerd.
23:31:21.556 WebDriverAgentRunner-Runner[1375:148205] Returning result XCTWaiterResultCompleted for synchronous waiter <XCTWaiter: 0x1144027f0>
23:31:21.556 WebDriverAgentRunner-Runner[1375:148205] Wait <XCTWaiterWait: 0x10979bac0> completed after 0.076s
23:31:21.556 WebDriverAgentRunner-Runner[1375:148205] cleaning up fetching snapshot from testmanagerd.
23:31:21.556 WebDriverAgentRunner-Runner[1375:148205] <XCTContext: 0x105d9cd20> finished activity <XCActivityRecord: 0x108d48150> 2026-07-19 16:31:21 +0000: Requesting snapshot of accessibility hierarchy for app with pid 174 (0.0769861s)
23:31:21.557 WebDriverAgentRunner-Runner[1375:148205] Found matches {(
    App element pid: 174
)} with root App element pid: 174
23:31:21.557 WebDriverAgentRunner-Runner[1375:148205] <XCTContext: 0x105d9cd20> finished activity <XCActivityRecord: 0x108d4a4c0> 2026-07-19 16:31:21 +0000: Find the Application 'com.apple.springboard' (0.079767s)
23:31:21.557 WebDriverAgentRunner-Runner[1375:148205] XCUIElementQuery <XCTElementSnapshotProvider> getting snapshot
23:31:21.557 WebDriverAgentRunner-Runner[1375:148205] Snapshot request has custom attributes XC_kAXXCAttributeElementBaseType, XC_kAXXCAttributeValue, XC_kAXXCAttributeAutomationType, XC_kAXXCAttributeIdentifier, XC_kAXXCAttributeTraits, XC_kAXXCAttributeVerticalSizeClass, XC_kAXXCAttributeFrame, XC_kAXXCAttributeWindowDisplayId, XC_kAXXCAttributeWindowContextId, XC_kAXXCAttributeLabel, XC_kAXXCAttributeHorizontalSizeClass, XC_kAXXCAttributeHasNativeFocus, XC_kAXXCAttributePlaceholderValue, XC_kAXXCAttributeElementType
23:31:21.557 WebDriverAgentRunner-Runner[1375:148205] Current snapshot generation is 356
23:31:21.557 WebDriverAgentRunner-Runner[1375:148205] Query rootElementSnapshot is non-null with generation count 356
23:31:21.557 WebDriverAgentRunner-Runner[1375:148205] Capturing a new snapshot
23:31:21.557 WebDriverAgentRunner-Runner[1375:148205] Fetching snapshot for App element pid: 174 from testmanagerd with attributes XC_kAXXCAttributeElementBaseType, XC_kAXXCAttributeParent, XC_kAXXCAttributeAutomationType, XC_kAXXCAttributeIdentifier, XC_kAXXCAttributeTraits, XC_kAXXCAttributeVerticalSizeClass, XC_kAXXCAttributeFrame, XC_kAXXCAttributeWindowDisplayId, XC_kAXXCAttributeWindowContextId, XC_kAXXCAttributeLabel, XC_kAXXCAttributeHorizontalSizeClass, XC_kAXXCAttributeHasNativeFocus, XC_kAXXCAttributePlaceholderValue, XC_kAXXCAttributeTruncatedValue, XC_kAXXCAttributeElementType and parameters {
    maxArrayCount = 2147483647;
    maxChildren = 2147483647;
    maxDepth = 50;
    snapshotKeyHonorModalViews = 0;
    traverseFromParentsToChildren = 1;
}.
23:31:21.558 WebDriverAgentRunner-Runner[1375:148205] Creating future for 'fetching snapshot from testmanagerd.' with timeout 65.00
23:31:21.558 WebDriverAgentRunner-Runner[1375:148205] <XCTWaiter: 0x114402280> entering wait loop for 65.00s with expectations: `fetching snapshot from testmanagerd.`
23:31:21.669 WebDriverAgentRunner-Runner[1375:148229] Got snapshot response with runtime issue support from testmanagerd.
23:31:21.669 WebDriverAgentRunner-Runner[1375:148205] Returning result XCTWaiterResultCompleted for synchronous waiter <XCTWaiter: 0x114402280>
23:31:21.669 WebDriverAgentRunner-Runner[1375:148205] Wait <XCTWaiterWait: 0x114458240> completed after 0.112s
23:31:21.670 WebDriverAgentRunner-Runner[1375:148205] cleaning up fetching snapshot from testmanagerd.
23:31:21.670 WebDriverAgentRunner-Runner[1375:148205] Creating future for 'getting interface orientation' with timeout 65.00
23:31:21.670 WebDriverAgentRunner-Runner[1375:148205] <XCTWaiter: 0x1144009c0> entering wait loop for 65.00s with expectations: `getting interface orientation`
23:31:21.670 WebDriverAgentRunner-Runner[1375:148205] Returning result XCTWaiterResultCompleted for synchronous waiter <XCTWaiter: 0x1144009c0>
23:31:21.670 WebDriverAgentRunner-Runner[1375:148205] Wait <XCTWaiterWait: 0x1097ac8c0> completed after 0.000s
23:31:21.670 WebDriverAgentRunner-Runner[1375:148205] cleaning up getting interface orientation
23:31:21.671 WebDriverAgentRunner-Runner[1375:148205] Creating future for 'getting screen identifiers' with timeout 30.00
23:31:21.671 WebDriverAgentRunner-Runner[1375:148205] <XCTWaiter: 0x114402340> entering wait loop for 30.00s with expectations: `getting screen identifiers`
23:31:21.671 WebDriverAgentRunner-Runner[1375:148205] Returning result XCTWaiterResultCompleted for synchronous waiter <XCTWaiter: 0x114402340>
23:31:21.671 WebDriverAgentRunner-Runner[1375:148205] Wait <XCTWaiterWait: 0x1097ad680> completed after 0.000s
23:31:21.671 WebDriverAgentRunner-Runner[1375:148205] cleaning up getting screen identifiers
23:31:21.671 WebDriverAgentRunner-Runner[1375:148205] Creating future for 'getting screen scale' with timeout 30.00
23:31:21.671 WebDriverAgentRunner-Runner[1375:148205] <XCTWaiter: 0x114402550> entering wait loop for 30.00s with expectations: `getting screen scale`
23:31:21.671 WebDriverAgentRunner-Runner[1375:148205] Returning result XCTWaiterResultCompleted for synchronous waiter <XCTWaiter: 0x114402550>
23:31:21.671 WebDriverAgentRunner-Runner[1375:148205] Wait <XCTWaiterWait: 0x1097ac440> completed after 0.000s
23:31:21.671 WebDriverAgentRunner-Runner[1375:148205] cleaning up getting screen scale
23:31:34.114 WebDriverAgentRunner-Runner[1375:148205] Creating future for 'fetching attributes 'XC_kAXXCAttributeSystemAppApplication' for Device system-wide element' with timeout 65.00
23:31:34.114 WebDriverAgentRunner-Runner[1375:148205] <XCTWaiter: 0x114402910> entering wait loop for 65.00s with expectations: `fetching attributes 'XC_kAXXCAttributeSystemAppApplication' for Device system-wide element`
23:31:34.115 WebDriverAgentRunner-Runner[1375:148229] Got attribute fetch response with values {
    "XC_kAXXCAttributeSystemAppApplication" = "AX element pid: 174, elementOrHash.elementID: 0.1";
}, error: (null)
23:31:34.115 WebDriverAgentRunner-Runner[1375:148205] Returning result XCTWaiterResultCompleted for synchronous waiter <XCTWaiter: 0x114402910>
23:31:34.115 WebDriverAgentRunner-Runner[1375:148205] Wait <XCTWaiterWait: 0x1097acb00> completed after 0.001s
23:31:34.115 WebDriverAgentRunner-Runner[1375:148205] cleaning up fetching attributes 'XC_kAXXCAttributeSystemAppApplication' for Device system-wide element
23:31:34.116 WebDriverAgentRunner-Runner[1375:148205] Creating future for 'fetching attributes 'XC_kAXXCAttributeFocusedApplications' for AX element pid: 174, elementOrHash.elementID: 0.1' with timeout 65.00
23:31:34.116 WebDriverAgentRunner-Runner[1375:148205] <XCTWaiter: 0x114401230> entering wait loop for 65.00s with expectations: `fetching attributes 'XC_kAXXCAttributeFocusedApplications' for AX element pid: 174, elementOrHash.elementID: 0.1`
23:31:34.118 WebDriverAgentRunner-Runner[1375:148229] Got attribute fetch response with values {
    "XC_kAXXCAttributeFocusedApplications" =     (
        "AX element pid: 305, elementOrHash.elementID: 0.1"
    );
}, error: (null)
23:31:34.118 WebDriverAgentRunner-Runner[1375:148205] Returning result XCTWaiterResultCompleted for synchronous waiter <XCTWaiter: 0x114401230>
23:31:34.118 WebDriverAgentRunner-Runner[1375:148205] Wait <XCTWaiterWait: 0x1097acb00> completed after 0.003s
23:31:34.118 WebDriverAgentRunner-Runner[1375:148205] cleaning up fetching attributes 'XC_kAXXCAttributeFocusedApplications' for AX element pid: 174, elementOrHash.elementID: 0.1
23:31:34.119 WebDriverAgentRunner-Runner[1375:148205] Active application elements: (
    "AX element pid: 305, elementOrHash.elementID: 0.1"
)
    t =    29.44s Tap Application 'com.apple.Spotlight'[0.00, 0.00] -> (1284.0, 181.0)
23:31:34.120 WebDriverAgentRunner-Runner[1375:148205] <XCTContext: 0x105d9cd20> started activity <XCActivityRecord: 0x108d48000> 2026-07-19 16:31:34 +0000: Tap Application 'com.apple.Spotlight'[0.00, 0.00] -> (1284.0, 181.0)
23:31:34.120 WebDriverAgentRunner-Runner[1375:148205] Overriding application state timeout, 60.0 -> 10.0
23:31:34.120 WebDriverAgentRunner-Runner[1375:148205] <XCTContext: 0x105d9cd20> started activity <XCActivityRecord: 0x108d4a4c0> 2026-07-19 16:31:34 +0000: Wait for com.apple.Spotlight to idle
23:31:34.120 WebDriverAgentRunner-Runner[1375:148205] Creating future for 'getting screen identifiers' with timeout 30.00
23:31:34.121 WebDriverAgentRunner-Runner[1375:148205] <XCTWaiter: 0x1144013b0> entering wait loop for 30.00s with expectations: `getting screen identifiers`
23:31:34.121 WebDriverAgentRunner-Runner[1375:148205] Returning result XCTWaiterResultCompleted for synchronous waiter <XCTWaiter: 0x1144013b0>
23:31:34.121 WebDriverAgentRunner-Runner[1375:148205] Wait <XCTWaiterWait: 0x1097b7cc0> completed after 0.000s
23:31:34.121 WebDriverAgentRunner-Runner[1375:148205] cleaning up getting screen identifiers
23:31:34.121 WebDriverAgentRunner-Runner[1375:148205] Waiting for com.apple.Spotlight (PID 305) quiescence...
23:31:34.121 WebDriverAgentRunner-Runner[1375:148825] com.apple.Spotlight (pid:305) eventLoopHasIdled YES -> NO
23:31:34.121 WebDriverAgentRunner-Runner[1375:148825] Posting KVO notifications for eventLoopHasIdled
23:31:34.121 WebDriverAgentRunner-Runner[1375:148205] Requesting main run loop idle notification using automation session for com.apple.Spotlight (pid:305)
    t =    29.45s     Wait for com.apple.Spotlight to idle
23:31:34.122 WebDriverAgentRunner-Runner[1375:148825] com.apple.Spotlight (pid:305) animationsHaveFinished YES -> NO
23:31:34.122 WebDriverAgentRunner-Runner[1375:148231] Posting KVO notifications for animationsHaveFinished
23:31:34.122 WebDriverAgentRunner-Runner[1375:148205] Requesting animations idle notification using automation session for com.apple.Spotlight (pid:305)
23:31:34.122 WebDriverAgentRunner-Runner[1375:148205] Waiting on quiescence state variables
23:31:34.122 WebDriverAgentRunner-Runner[1375:148205] KVO change: checked status of Expect value of 'foreground' of com.apple.Spotlight (pid:305) to be '0': fulfill=NO
23:31:34.122 WebDriverAgentRunner-Runner[1375:148205] KVO change: checked status of Expect value of 'foreground' of com.apple.Spotlight (pid:305) to be '0': fulfill=NO
23:31:34.122 WebDriverAgentRunner-Runner[1375:148205] isQuiescent: self.eventLoopHasIdled: NO && self.animationsHaveFinished: NO
23:31:34.122 WebDriverAgentRunner-Runner[1375:148205] KVO change: checked status of Expect value of 'isQuiescent' of com.apple.Spotlight (pid:305) to be '1': fulfill=NO
23:31:34.122 WebDriverAgentRunner-Runner[1375:148205] isQuiescent: self.eventLoopHasIdled: NO && self.animationsHaveFinished: NO
23:31:34.122 WebDriverAgentRunner-Runner[1375:148231] Got event loop idle reply for com.apple.Spotlight (PID 305)
23:31:34.123 WebDriverAgentRunner-Runner[1375:148205] KVO change: checked status of Expect value of 'isQuiescent' of com.apple.Spotlight (pid:305) to be '1': fulfill=NO
23:31:34.123 WebDriverAgentRunner-Runner[1375:148231] Event loop is idle.
23:31:34.123 WebDriverAgentRunner-Runner[1375:148205] Not fulfilling (Expect value of 'foreground' of com.apple.Spotlight (pid:305) to be '0' OR Expect value of 'isQuiescent' of com.apple.Spotlight (pid:305) to be '1') because no subexpectations are fulfilled
23:31:34.123 WebDriverAgentRunner-Runner[1375:148229] com.apple.Spotlight (pid:305) eventLoopHasIdled NO -> YES
23:31:34.123 WebDriverAgentRunner-Runner[1375:148205] <XCTWaiter: 0x114400840> entering wait loop for 10.00s with expectations: `(Expect value of 'foreground' of com.apple.Spotlight (pid:305) to be '0' OR Expect value of 'isQuiescent' of com.apple.Spotlight (pid:305) to be '1')`
23:31:34.123 WebDriverAgentRunner-Runner[1375:148229] Posting KVO notifications for eventLoopHasIdled
23:31:34.123 WebDriverAgentRunner-Runner[1375:148231] Got animations reply for com.apple.Spotlight (PID 305)
23:31:34.123 WebDriverAgentRunner-Runner[1375:148229] isQuiescent: self.eventLoopHasIdled: YES && self.animationsHaveFinished: NO
23:31:34.123 WebDriverAgentRunner-Runner[1375:148231] Animations are not active.
23:31:34.124 WebDriverAgentRunner-Runner[1375:148229] isQuiescent: self.eventLoopHasIdled: YES && self.animationsHaveFinished: NO
23:31:34.124 WebDriverAgentRunner-Runner[1375:148826] com.apple.Spotlight (pid:305) animationsHaveFinished NO -> YES
23:31:34.124 WebDriverAgentRunner-Runner[1375:148231] Posting KVO notifications for animationsHaveFinished
23:31:34.124 WebDriverAgentRunner-Runner[1375:148229] KVO change: checked status of Expect value of 'isQuiescent' of com.apple.Spotlight (pid:305) to be '1': fulfill=YES
23:31:34.124 WebDriverAgentRunner-Runner[1375:148231] isQuiescent: self.eventLoopHasIdled: YES && self.animationsHaveFinished: YES
23:31:34.124 WebDriverAgentRunner-Runner[1375:148229] Fulfilling (Expect value of 'foreground' of com.apple.Spotlight (pid:305) to be '0' OR Expect value of 'isQuiescent' of com.apple.Spotlight (pid:305) to be '1') because Expect value of 'isQuiescent' of com.apple.Spotlight (pid:305) to be '1' is fulfilled
23:31:34.124 WebDriverAgentRunner-Runner[1375:148231] isQuiescent: self.eventLoopHasIdled: YES && self.animationsHaveFinished: YES
23:31:34.124 WebDriverAgentRunner-Runner[1375:148205] Returning result XCTWaiterResultCompleted for synchronous waiter <XCTWaiter: 0x114400840>
23:31:34.125 WebDriverAgentRunner-Runner[1375:148231] KVO change: checked status of Expect value of 'isQuiescent' of com.apple.Spotlight (pid:305) to be '1': fulfill=YES
23:31:34.125 WebDriverAgentRunner-Runner[1375:148205] Wait <XCTWaiterWait: 0x1097b6640> completed after 0.002s
23:31:34.125 WebDriverAgentRunner-Runner[1375:148205] cleaning up (Expect value of 'foreground' of com.apple.Spotlight (pid:305) to be '0' OR Expect value of 'isQuiescent' of com.apple.Spotlight (pid:305) to be '1')
23:31:34.125 WebDriverAgentRunner-Runner[1375:148205] cleaning up Expect value of 'foreground' of com.apple.Spotlight (pid:305) to be '0'
23:31:34.125 WebDriverAgentRunner-Runner[1375:148205] cleaning up Expect value of 'foreground' of com.apple.Spotlight (pid:305) to be '0'
23:31:34.125 WebDriverAgentRunner-Runner[1375:148205] cleaning up Expect value of 'isQuiescent' of com.apple.Spotlight (pid:305) to be '1'
23:31:34.125 WebDriverAgentRunner-Runner[1375:148205] cleaning up Expect value of 'isQuiescent' of com.apple.Spotlight (pid:305) to be '1'
23:31:34.125 WebDriverAgentRunner-Runner[1375:148205] com.apple.Spotlight has quiesced or quiescence timeout has elapsed.
23:31:34.126 WebDriverAgentRunner-Runner[1375:148205] <XCTContext: 0x105d9cd20> finished activity <XCActivityRecord: 0x108d4a4c0> 2026-07-19 16:31:34 +0000: Wait for com.apple.Spotlight to idle (0.00530601s)
23:31:34.126 WebDriverAgentRunner-Runner[1375:148205] Overriding application state timeout, 10.0 -> 60.0
23:31:34.126 WebDriverAgentRunner-Runner[1375:148205] <XCTContext: 0x105d9cd20> started activity <XCActivityRecord: 0x108d4a4c0> 2026-07-19 16:31:34 +0000: Find the Application 'com.apple.Spotlight'
23:31:34.126 WebDriverAgentRunner-Runner[1375:148205] Executing query:

23:31:34.126 WebDriverAgentRunner-Runner[1375:148205] Creating future for 'checking for continuity enablement' with timeout 30.00
23:31:34.126 WebDriverAgentRunner-Runner[1375:148205] <XCTWaiter: 0x114400cf0> entering wait loop for 30.00s with expectations: `checking for continuity enablement`
    t =    29.45s     Find the Application 'com.apple.Spotlight'
23:31:34.127 WebDriverAgentRunner-Runner[1375:148205] Returning result XCTWaiterResultCompleted for synchronous waiter <XCTWaiter: 0x114400cf0>
23:31:34.127 WebDriverAgentRunner-Runner[1375:148205] Wait <XCTWaiterWait: 0x1097b7d00> completed after 0.001s
23:31:34.127 WebDriverAgentRunner-Runner[1375:148205] cleaning up checking for continuity enablement
23:31:34.128 WebDriverAgentRunner-Runner[1375:148205] Should evaluate query remotely? XCTDisableRemoteQueryEvaluation(d-write): YES, hasAutomationSession: YES, supportsRemoteEvaluation: YES
23:31:34.128 WebDriverAgentRunner-Runner[1375:148205] Getting matching snapshots for locally evaluated query
23:31:34.128 WebDriverAgentRunner-Runner[1375:148205] Evaluating query:
 
23:31:34.128 WebDriverAgentRunner-Runner[1375:148205] Getting root element snapshot
23:31:34.128 WebDriverAgentRunner-Runner[1375:148205] Getting snapshot for App element pid: 305 for query 
23:31:34.128 WebDriverAgentRunner-Runner[1375:148205] <XCTContext: 0x105d9cd20> started activity <XCActivityRecord: 0x108d48150> 2026-07-19 16:31:34 +0000: Requesting snapshot of accessibility hierarchy for app with pid 305
23:31:34.128 WebDriverAgentRunner-Runner[1375:148205] Query requires iOS snapshot attributes .
23:31:34.128 WebDriverAgentRunner-Runner[1375:148205] XCUIElementQuery <XCTElementSnapshotProvider> getting snapshot
23:31:34.128 WebDriverAgentRunner-Runner[1375:148205] Snapshot request has custom attributes 
23:31:34.128 WebDriverAgentRunner-Runner[1375:148205] Snapshot request has custom parameters {
    snapshotKeyHonorModalViews = 0;
}
23:31:34.129 WebDriverAgentRunner-Runner[1375:148205] Current snapshot generation is 614
23:31:34.129 WebDriverAgentRunner-Runner[1375:148205] Query rootElementSnapshot is non-null with generation count 50
23:31:34.129 WebDriverAgentRunner-Runner[1375:148205] Capturing a new snapshot
23:31:34.129 WebDriverAgentRunner-Runner[1375:148205] Fetching snapshot for App element pid: 305 from testmanagerd with attributes XC_kAXXCAttributeElementType, XC_kAXXCAttributeElementBaseType, XC_kAXXCAttributeParent, XC_kAXXCAttributeIdentifier, XC_kAXXCAttributeAutomationType, XC_kAXXCAttributeTraits and parameters {
    maxArrayCount = 2147483647;
    maxChildren = 2147483647;
    maxDepth = 50;
    snapshotKeyHonorModalViews = 0;
    traverseFromParentsToChildren = 1;
}.
23:31:34.129 WebDriverAgentRunner-Runner[1375:148205] Creating future for 'fetching snapshot from testmanagerd.' with timeout 65.00
23:31:34.129 WebDriverAgentRunner-Runner[1375:148205] <XCTWaiter: 0x114400660> entering wait loop for 65.00s with expectations: `fetching snapshot from testmanagerd.`
    t =    29.45s         Requesting snapshot of accessibility hierarchy for app with pid 305
23:31:34.356 WebDriverAgentRunner-Runner[1375:148229] Got snapshot response with runtime issue support from testmanagerd.
23:31:34.357 WebDriverAgentRunner-Runner[1375:148205] Returning result XCTWaiterResultCompleted for synchronous waiter <XCTWaiter: 0x114400660>
23:31:34.357 WebDriverAgentRunner-Runner[1375:148205] Wait <XCTWaiterWait: 0x1097b7c80> completed after 0.228s
23:31:34.357 WebDriverAgentRunner-Runner[1375:148205] cleaning up fetching snapshot from testmanagerd.
23:31:34.357 WebDriverAgentRunner-Runner[1375:148205] <XCTContext: 0x105d9cd20> finished activity <XCActivityRecord: 0x108d48150> 2026-07-19 16:31:34 +0000: Requesting snapshot of accessibility hierarchy for app with pid 305 (0.229068s)
23:31:34.358 WebDriverAgentRunner-Runner[1375:148205] Found matches {(
    App element pid: 305
)} with root App element pid: 305
23:31:34.358 WebDriverAgentRunner-Runner[1375:148205] <XCTContext: 0x105d9cd20> finished activity <XCActivityRecord: 0x108d4a4c0> 2026-07-19 16:31:34 +0000: Find the Application 'com.apple.Spotlight' (0.232509s)
    t =    29.68s Application is configured to skip UI interruption handling
23:31:34.359 WebDriverAgentRunner-Runner[1375:148205] <XCTContext: 0x105fc62b0> started activity <XCActivityRecord: 0x108d4a4c0> 2026-07-19 16:31:34 +0000: Application is configured to skip UI interruption handling
23:31:34.359 WebDriverAgentRunner-Runner[1375:148205] <XCTContext: 0x105fc62b0> finished activity <XCActivityRecord: 0x108d4a4c0> 2026-07-19 16:31:34 +0000: Application is configured to skip UI interruption handling (0.000352979s)
23:31:34.360 WebDriverAgentRunner-Runner[1375:148205] Creating future for 'checking for continuity enablement' with timeout 30.00
23:31:34.360 WebDriverAgentRunner-Runner[1375:148205] <XCTWaiter: 0x1144010b0> entering wait loop for 30.00s with expectations: `checking for continuity enablement`
23:31:34.360 WebDriverAgentRunner-Runner[1375:148205] Returning result XCTWaiterResultCompleted for synchronous waiter <XCTWaiter: 0x1144010b0>
23:31:34.361 WebDriverAgentRunner-Runner[1375:148205] Wait <XCTWaiterWait: 0x114464180> completed after 0.001s
23:31:34.361 WebDriverAgentRunner-Runner[1375:148205] cleaning up checking for continuity enablement
23:31:34.361 WebDriverAgentRunner-Runner[1375:148205] Creating future for 'fetching attributes 'XC_kAXXCAttributeElementType', 'XC_kAXXCAttributeElementBaseType', 'XC_kAXXCAttributeTraits', 'XC_kAXXCAttributeAutomationType' for App element pid: 305' with timeout 30.00
23:31:34.361 WebDriverAgentRunner-Runner[1375:148205] <XCTWaiter: 0x114400270> entering wait loop for 30.00s with expectations: `fetching attributes 'XC_kAXXCAttributeElementType', 'XC_kAXXCAttributeElementBaseType', 'XC_kAXXCAttributeTraits', 'XC_kAXXCAttributeAutomationType' for App element pid: 305`
23:31:34.364 WebDriverAgentRunner-Runner[1375:148205] Returning result XCTWaiterResultCompleted for synchronous waiter <XCTWaiter: 0x114400270>
23:31:34.364 WebDriverAgentRunner-Runner[1375:148205] Wait <XCTWaiterWait: 0x114464b00> completed after 0.003s
23:31:34.364 WebDriverAgentRunner-Runner[1375:148205] cleaning up fetching attributes 'XC_kAXXCAttributeElementType', 'XC_kAXXCAttributeElementBaseType', 'XC_kAXXCAttributeTraits', 'XC_kAXXCAttributeAutomationType' for App element pid: 305
23:31:34.364 WebDriverAgentRunner-Runner[1375:148205] App element pid: 305 (App element pid: 305) faulted in {
    "XC_kAXXCAttributeAutomationType" = 1;
    "XC_kAXXCAttributeElementBaseType" = UIApplication;
    "XC_kAXXCAttributeElementType" = SPUIApplication;
    "XC_kAXXCAttributeTraits" = 0;
}: (no error) for elementType using XC_kAXXCAttributeElementType, XC_kAXXCAttributeElementBaseType, XC_kAXXCAttributeTraits, XC_kAXXCAttributeAutomationType
23:31:34.364 WebDriverAgentRunner-Runner[1375:148205] Computed elementType Application.
23:31:34.364 WebDriverAgentRunner-Runner[1375:148205] <XCTContext: 0x105d9cd20> started activity <XCActivityRecord: 0x108d48150> 2026-07-19 16:31:34 +0000: Synthesize event
23:31:34.365 WebDriverAgentRunner-Runner[1375:148205] Creating future for 'checking for continuity enablement' with timeout 30.00
23:31:34.365 WebDriverAgentRunner-Runner[1375:148205] <XCTWaiter: 0x114401680> entering wait loop for 30.00s with expectations: `checking for continuity enablement`
    t =    29.69s     Synthesize event
23:31:34.366 WebDriverAgentRunner-Runner[1375:148205] Returning result XCTWaiterResultCompleted for synchronous waiter <XCTWaiter: 0x114401680>
23:31:34.366 WebDriverAgentRunner-Runner[1375:148205] Wait <XCTWaiterWait: 0x114464780> completed after 0.001s
23:31:34.366 WebDriverAgentRunner-Runner[1375:148205] cleaning up checking for continuity enablement
23:31:34.366 WebDriverAgentRunner-Runner[1375:148205] Creating future for 'fetching attributes 'XC_kAXXCAttributeWindowDisplayId' for App element pid: 305' with timeout 30.00
23:31:34.366 WebDriverAgentRunner-Runner[1375:148205] <XCTWaiter: 0x114400e10> entering wait loop for 30.00s with expectations: `fetching attributes 'XC_kAXXCAttributeWindowDisplayId' for App element pid: 305`
23:31:34.368 WebDriverAgentRunner-Runner[1375:148205] Returning result XCTWaiterResultCompleted for synchronous waiter <XCTWaiter: 0x114400e10>
23:31:34.368 WebDriverAgentRunner-Runner[1375:148205] Wait <XCTWaiterWait: 0x114464480> completed after 0.002s
23:31:34.368 WebDriverAgentRunner-Runner[1375:148205] cleaning up fetching attributes 'XC_kAXXCAttributeWindowDisplayId' for App element pid: 305
23:31:34.368 WebDriverAgentRunner-Runner[1375:148205] Application, pid: 305 (App element pid: 305) faulted in {
    "XC_kAXXCAttributeWindowDisplayId" = 0;
}: (no error) for displayID using XC_kAXXCAttributeWindowDisplayId
23:31:34.368 WebDriverAgentRunner-Runner[1375:148205] Fetched display ID for Application, pid: 305 was 0, checked nearest remote ancestor (null), got (null)
23:31:34.368 WebDriverAgentRunner-Runner[1375:148205] Creating future for 'getting screen identifiers' with timeout 30.00
23:31:34.368 WebDriverAgentRunner-Runner[1375:148205] <XCTWaiter: 0x114401410> entering wait loop for 30.00s with expectations: `getting screen identifiers`
23:31:34.369 WebDriverAgentRunner-Runner[1375:148205] Returning result XCTWaiterResultCompleted for synchronous waiter <XCTWaiter: 0x114401410>
23:31:34.369 WebDriverAgentRunner-Runner[1375:148205] Wait <XCTWaiterWait: 0x114464c80> completed after 0.000s
23:31:34.369 WebDriverAgentRunner-Runner[1375:148205] cleaning up getting screen identifiers
23:31:34.369 WebDriverAgentRunner-Runner[1375:148205] Creating future for 'synthesizing event' with timeout TBD
23:31:34.369 WebDriverAgentRunner-Runner[1375:148205] <XCTContext: 0x105d9cd20> started activity <XCActivityRecord: 0x108d4aa00> 2026-07-19 16:31:34 +0000: Find the Application 'com.apple.Spotlight'
    t =    29.69s         Find the Application 'com.apple.Spotlight'
23:31:34.370 WebDriverAgentRunner-Runner[1375:148205] Executing query:

23:31:34.370 WebDriverAgentRunner-Runner[1375:148205] Creating future for 'checking for continuity enablement' with timeout 30.00
23:31:34.370 WebDriverAgentRunner-Runner[1375:148205] <XCTWaiter: 0x114401f50> entering wait loop for 30.00s with expectations: `checking for continuity enablement`
23:31:34.371 WebDriverAgentRunner-Runner[1375:148205] Returning result XCTWaiterResultCompleted for synchronous waiter <XCTWaiter: 0x114401f50>
23:31:34.371 WebDriverAgentRunner-Runner[1375:148205] Wait <XCTWaiterWait: 0x114464ec0> completed after 0.001s
23:31:34.371 WebDriverAgentRunner-Runner[1375:148205] cleaning up checking for continuity enablement
23:31:34.371 WebDriverAgentRunner-Runner[1375:148205] Should evaluate query remotely? XCTDisableRemoteQueryEvaluation(d-write): YES, hasAutomationSession: YES, supportsRemoteEvaluation: YES
23:31:34.372 WebDriverAgentRunner-Runner[1375:148205] Getting matching snapshots for locally evaluated query
23:31:34.372 WebDriverAgentRunner-Runner[1375:148205] Evaluating query:
 
23:31:34.372 WebDriverAgentRunner-Runner[1375:148205] Getting root element snapshot
23:31:34.372 WebDriverAgentRunner-Runner[1375:148205] Getting snapshot for App element pid: 305 for query 
23:31:34.372 WebDriverAgentRunner-Runner[1375:148205] <XCTContext: 0x105d9cd20> started activity <XCActivityRecord: 0x108d4aa70> 2026-07-19 16:31:34 +0000: Requesting snapshot of accessibility hierarchy for app with pid 305
23:31:34.372 WebDriverAgentRunner-Runner[1375:148205] Query requires iOS snapshot attributes .
23:31:34.372 WebDriverAgentRunner-Runner[1375:148205] XCUIElementQuery <XCTElementSnapshotProvider> getting snapshot
23:31:34.373 WebDriverAgentRunner-Runner[1375:148205] Snapshot request has custom attributes 
23:31:34.373 WebDriverAgentRunner-Runner[1375:148205] Snapshot request has custom parameters {
    snapshotKeyHonorModalViews = 0;
}
23:31:34.373 WebDriverAgentRunner-Runner[1375:148205] Current snapshot generation is 622
23:31:34.373 WebDriverAgentRunner-Runner[1375:148205] Query rootElementSnapshot is non-null with generation count 617
23:31:34.373 WebDriverAgentRunner-Runner[1375:148205] Capturing a new snapshot
23:31:34.373 WebDriverAgentRunner-Runner[1375:148205] Fetching snapshot for App element pid: 305 from testmanagerd with attributes XC_kAXXCAttributeElementType, XC_kAXXCAttributeElementBaseType, XC_kAXXCAttributeParent, XC_kAXXCAttributeIdentifier, XC_kAXXCAttributeAutomationType, XC_kAXXCAttributeTraits and parameters {
    maxArrayCount = 2147483647;
    maxChildren = 2147483647;
    maxDepth = 50;
    snapshotKeyHonorModalViews = 0;
    traverseFromParentsToChildren = 1;
}.
23:31:34.373 WebDriverAgentRunner-Runner[1375:148205] Creating future for 'fetching snapshot from testmanagerd.' with timeout 65.00
23:31:34.373 WebDriverAgentRunner-Runner[1375:148205] <XCTWaiter: 0x114401da0> entering wait loop for 65.00s with expectations: `fetching snapshot from testmanagerd.`
    t =    29.70s             Requesting snapshot of accessibility hierarchy for app with pid 305
23:31:34.572 WebDriverAgentRunner-Runner[1375:148826] Got snapshot response with runtime issue support from testmanagerd.
23:31:34.572 WebDriverAgentRunner-Runner[1375:148205] Returning result XCTWaiterResultCompleted for synchronous waiter <XCTWaiter: 0x114401da0>
23:31:34.573 WebDriverAgentRunner-Runner[1375:148205] Wait <XCTWaiterWait: 0x114465340> completed after 0.199s
23:31:34.573 WebDriverAgentRunner-Runner[1375:148205] cleaning up fetching snapshot from testmanagerd.
23:31:34.573 WebDriverAgentRunner-Runner[1375:148205] <XCTContext: 0x105d9cd20> finished activity <XCActivityRecord: 0x108d4aa70> 2026-07-19 16:31:34 +0000: Requesting snapshot of accessibility hierarchy for app with pid 305 (0.20093s)
23:31:34.573 WebDriverAgentRunner-Runner[1375:148205] Found matches {(
    App element pid: 305
)} with root App element pid: 305
23:31:34.573 WebDriverAgentRunner-Runner[1375:148205] <XCTContext: 0x105d9cd20> finished activity <XCActivityRecord: 0x108d4aa00> 2026-07-19 16:31:34 +0000: Find the Application 'com.apple.Spotlight' (0.20427s)
23:31:34.574 WebDriverAgentRunner-Runner[1375:148205] Creating future for 'checking for continuity enablement' with timeout 30.00
23:31:34.574 WebDriverAgentRunner-Runner[1375:148205] <XCTWaiter: 0x114400390> entering wait loop for 30.00s with expectations: `checking for continuity enablement`
23:31:34.575 WebDriverAgentRunner-Runner[1375:148205] Returning result XCTWaiterResultCompleted for synchronous waiter <XCTWaiter: 0x114400390>
23:31:34.575 WebDriverAgentRunner-Runner[1375:148205] Wait <XCTWaiterWait: 0x10979bdc0> completed after 0.001s
23:31:34.575 WebDriverAgentRunner-Runner[1375:148205] cleaning up checking for continuity enablement
23:31:34.575 WebDriverAgentRunner-Runner[1375:148205] Creating future for 'fetching attributes 'XC_kAXXCAttributeFrame', 'XC_kAXXCAttributeWindowDisplayId', 'XC_kAXXCAttributeWindowContextId' for App element pid: 305' with timeout 30.00
23:31:34.575 WebDriverAgentRunner-Runner[1375:148205] <XCTWaiter: 0x114400db0> entering wait loop for 30.00s with expectations: `fetching attributes 'XC_kAXXCAttributeFrame', 'XC_kAXXCAttributeWindowDisplayId', 'XC_kAXXCAttributeWindowContextId' for App element pid: 305`
23:31:34.576 WebDriverAgentRunner-Runner[1375:148205] Returning result XCTWaiterResultCompleted for synchronous waiter <XCTWaiter: 0x114400db0>
23:31:34.576 WebDriverAgentRunner-Runner[1375:148205] Wait <XCTWaiterWait: 0x10979ba80> completed after 0.001s
23:31:34.576 WebDriverAgentRunner-Runner[1375:148205] cleaning up fetching attributes 'XC_kAXXCAttributeFrame', 'XC_kAXXCAttributeWindowDisplayId', 'XC_kAXXCAttributeWindowContextId' for App element pid: 305
23:31:34.576 WebDriverAgentRunner-Runner[1375:148205] App element pid: 305 (App element pid: 305) faulted in {
    "XC_kAXXCAttributeFrame" =     {
        Height = 1024;
        Width = 1366;
        X = 0;
        Y = 0;
    };
    "XC_kAXXCAttributeWindowContextId" = 3494286145;
    "XC_kAXXCAttributeWindowDisplayId" = 0;
}: (no error) for frame using XC_kAXXCAttributeFrame, XC_kAXXCAttributeWindowDisplayId, XC_kAXXCAttributeWindowContextId
23:31:34.576 WebDriverAgentRunner-Runner[1375:148205] Creating future for 'checking for continuity enablement' with timeout 30.00
23:31:34.577 WebDriverAgentRunner-Runner[1375:148205] <XCTWaiter: 0x1144015f0> entering wait loop for 30.00s with expectations: `checking for continuity enablement`
23:31:34.578 WebDriverAgentRunner-Runner[1375:148205] Returning result XCTWaiterResultCompleted for synchronous waiter <XCTWaiter: 0x1144015f0>
23:31:34.578 WebDriverAgentRunner-Runner[1375:148205] Wait <XCTWaiterWait: 0x10979b6c0> completed after 0.002s
23:31:34.578 WebDriverAgentRunner-Runner[1375:148205] cleaning up checking for continuity enablement
23:31:34.578 WebDriverAgentRunner-Runner[1375:148205] Creating future for 'fetching attributes 'XC_kAXXCAttributeElementType', 'XC_kAXXCAttributeElementBaseType', 'XC_kAXXCAttributeTraits', 'XC_kAXXCAttributeAutomationType' for App element pid: 305' with timeout 30.00
23:31:34.578 WebDriverAgentRunner-Runner[1375:148205] <XCTWaiter: 0x1144015f0> entering wait loop for 30.00s with expectations: `fetching attributes 'XC_kAXXCAttributeElementType', 'XC_kAXXCAttributeElementBaseType', 'XC_kAXXCAttributeTraits', 'XC_kAXXCAttributeAutomationType' for App element pid: 305`
23:31:34.579 WebDriverAgentRunner-Runner[1375:148205] Returning result XCTWaiterResultCompleted for synchronous waiter <XCTWaiter: 0x1144015f0>
23:31:34.579 WebDriverAgentRunner-Runner[1375:148205] Wait <XCTWaiterWait: 0x10979b280> completed after 0.001s
23:31:34.579 WebDriverAgentRunner-Runner[1375:148205] cleaning up fetching attributes 'XC_kAXXCAttributeElementType', 'XC_kAXXCAttributeElementBaseType', 'XC_kAXXCAttributeTraits', 'XC_kAXXCAttributeAutomationType' for App element pid: 305
23:31:34.579 WebDriverAgentRunner-Runner[1375:148205] App element pid: 305 (App element pid: 305) faulted in {
    "XC_kAXXCAttributeAutomationType" = 1;
    "XC_kAXXCAttributeElementBaseType" = UIApplication;
    "XC_kAXXCAttributeElementType" = SPUIApplication;
    "XC_kAXXCAttributeTraits" = 0;
}: (no error) for elementType using XC_kAXXCAttributeElementType, XC_kAXXCAttributeElementBaseType, XC_kAXXCAttributeTraits, XC_kAXXCAttributeAutomationType
23:31:34.579 WebDriverAgentRunner-Runner[1375:148205] Computed elementType Application.
23:31:34.579 WebDriverAgentRunner-Runner[1375:148205] <XCTContext: 0x105d9cd20> started activity <XCActivityRecord: 0x108d4aae0> 2026-07-19 16:31:34 +0000: Find the Application 'com.apple.Spotlight'
    t =    29.90s         Find the Application 'com.apple.Spotlight'
23:31:34.580 WebDriverAgentRunner-Runner[1375:148205] Executing query:

23:31:34.580 WebDriverAgentRunner-Runner[1375:148205] Creating future for 'checking for continuity enablement' with timeout 30.00
23:31:34.580 WebDriverAgentRunner-Runner[1375:148205] <XCTWaiter: 0x114402a60> entering wait loop for 30.00s with expectations: `checking for continuity enablement`
23:31:34.580 WebDriverAgentRunner-Runner[1375:148205] Returning result XCTWaiterResultCompleted for synchronous waiter <XCTWaiter: 0x114402a60>
23:31:34.581 WebDriverAgentRunner-Runner[1375:148205] Wait <XCTWaiterWait: 0x10979ae00> completed after 0.001s
23:31:34.581 WebDriverAgentRunner-Runner[1375:148205] cleaning up checking for continuity enablement
23:31:34.581 WebDriverAgentRunner-Runner[1375:148205] Should evaluate query remotely? XCTDisableRemoteQueryEvaluation(d-write): YES, hasAutomationSession: YES, supportsRemoteEvaluation: YES
23:31:34.581 WebDriverAgentRunner-Runner[1375:148205] Getting matching snapshots for locally evaluated query
23:31:34.581 WebDriverAgentRunner-Runner[1375:148205] Evaluating query:
 
23:31:34.581 WebDriverAgentRunner-Runner[1375:148205] Getting root element snapshot
23:31:34.581 WebDriverAgentRunner-Runner[1375:148205] Getting snapshot for App element pid: 305 for query 
23:31:34.581 WebDriverAgentRunner-Runner[1375:148205] <XCTContext: 0x105d9cd20> started activity <XCActivityRecord: 0x108d4ab50> 2026-07-19 16:31:34 +0000: Requesting snapshot of accessibility hierarchy for app with pid 305
23:31:34.581 WebDriverAgentRunner-Runner[1375:148205] Query requires iOS snapshot attributes .
23:31:34.581 WebDriverAgentRunner-Runner[1375:148205] XCUIElementQuery <XCTElementSnapshotProvider> getting snapshot
23:31:34.582 WebDriverAgentRunner-Runner[1375:148205] Snapshot request has custom attributes 
23:31:34.582 WebDriverAgentRunner-Runner[1375:148205] Snapshot request has custom parameters {
    snapshotKeyHonorModalViews = 0;
}
23:31:34.582 WebDriverAgentRunner-Runner[1375:148205] Current snapshot generation is 629
23:31:34.582 WebDriverAgentRunner-Runner[1375:148205] Query rootElementSnapshot is non-null with generation count 624
23:31:34.582 WebDriverAgentRunner-Runner[1375:148205] Capturing a new snapshot
23:31:34.582 WebDriverAgentRunner-Runner[1375:148205] Fetching snapshot for App element pid: 305 from testmanagerd with attributes XC_kAXXCAttributeElementType, XC_kAXXCAttributeElementBaseType, XC_kAXXCAttributeParent, XC_kAXXCAttributeIdentifier, XC_kAXXCAttributeAutomationType, XC_kAXXCAttributeTraits and parameters {
    maxArrayCount = 2147483647;
    maxChildren = 2147483647;
    maxDepth = 50;
    snapshotKeyHonorModalViews = 0;
    traverseFromParentsToChildren = 1;
}.
23:31:34.582 WebDriverAgentRunner-Runner[1375:148205] Creating future for 'fetching snapshot from testmanagerd.' with timeout 65.00
23:31:34.582 WebDriverAgentRunner-Runner[1375:148205] <XCTWaiter: 0x114403600> entering wait loop for 65.00s with expectations: `fetching snapshot from testmanagerd.`
    t =    29.91s             Requesting snapshot of accessibility hierarchy for app with pid 305
23:31:34.760 WebDriverAgentRunner-Runner[1375:148825] Got snapshot response with runtime issue support from testmanagerd.
23:31:34.760 WebDriverAgentRunner-Runner[1375:148205] Returning result XCTWaiterResultCompleted for synchronous waiter <XCTWaiter: 0x114403600>
23:31:34.761 WebDriverAgentRunner-Runner[1375:148205] Wait <XCTWaiterWait: 0x10979a2c0> completed after 0.178s
23:31:34.761 WebDriverAgentRunner-Runner[1375:148205] cleaning up fetching snapshot from testmanagerd.
23:31:34.761 WebDriverAgentRunner-Runner[1375:148205] <XCTContext: 0x105d9cd20> finished activity <XCActivityRecord: 0x108d4ab50> 2026-07-19 16:31:34 +0000: Requesting snapshot of accessibility hierarchy for app with pid 305 (0.179706s)
23:31:34.761 WebDriverAgentRunner-Runner[1375:148205] Found matches {(
    App element pid: 305
)} with root App element pid: 305
23:31:34.761 WebDriverAgentRunner-Runner[1375:148205] <XCTContext: 0x105d9cd20> finished activity <XCActivityRecord: 0x108d4aae0> 2026-07-19 16:31:34 +0000: Find the Application 'com.apple.Spotlight' (0.182096s)
23:31:34.762 WebDriverAgentRunner-Runner[1375:148205] Creating future for 'checking for continuity enablement' with timeout 30.00
23:31:34.762 WebDriverAgentRunner-Runner[1375:148205] <XCTWaiter: 0x114400ea0> entering wait loop for 30.00s with expectations: `checking for continuity enablement`
23:31:34.763 WebDriverAgentRunner-Runner[1375:148205] Returning result XCTWaiterResultCompleted for synchronous waiter <XCTWaiter: 0x114400ea0>
23:31:34.763 WebDriverAgentRunner-Runner[1375:148205] Wait <XCTWaiterWait: 0x109730300> completed after 0.002s
23:31:34.764 WebDriverAgentRunner-Runner[1375:148205] cleaning up checking for continuity enablement
23:31:34.764 WebDriverAgentRunner-Runner[1375:148205] Creating future for 'fetching attributes 'XC_kAXXCAttributeFrame', 'XC_kAXXCAttributeWindowDisplayId', 'XC_kAXXCAttributeWindowContextId' for App element pid: 305' with timeout 30.00
23:31:34.764 WebDriverAgentRunner-Runner[1375:148205] <XCTWaiter: 0x114400930> entering wait loop for 30.00s with expectations: `fetching attributes 'XC_kAXXCAttributeFrame', 'XC_kAXXCAttributeWindowDisplayId', 'XC_kAXXCAttributeWindowContextId' for App element pid: 305`
23:31:34.766 WebDriverAgentRunner-Runner[1375:148205] Returning result XCTWaiterResultCompleted for synchronous waiter <XCTWaiter: 0x114400930>
23:31:34.766 WebDriverAgentRunner-Runner[1375:148205] Wait <XCTWaiterWait: 0x109733e00> completed after 0.002s
23:31:34.766 WebDriverAgentRunner-Runner[1375:148205] cleaning up fetching attributes 'XC_kAXXCAttributeFrame', 'XC_kAXXCAttributeWindowDisplayId', 'XC_kAXXCAttributeWindowContextId' for App element pid: 305
23:31:34.766 WebDriverAgentRunner-Runner[1375:148205] App element pid: 305 (App element pid: 305) faulted in {
    "XC_kAXXCAttributeFrame" =     {
        Height = 1024;
        Width = 1366;
        X = 0;
        Y = 0;
    };
    "XC_kAXXCAttributeWindowContextId" = 3494286145;
    "XC_kAXXCAttributeWindowDisplayId" = 0;
}: (no error) for frame using XC_kAXXCAttributeFrame, XC_kAXXCAttributeWindowDisplayId, XC_kAXXCAttributeWindowContextId
23:31:34.766 WebDriverAgentRunner-Runner[1375:148205] Creating future for 'checking for continuity enablement' with timeout 30.00
23:31:34.766 WebDriverAgentRunner-Runner[1375:148205] <XCTWaiter: 0x114402520> entering wait loop for 30.00s with expectations: `checking for continuity enablement`
23:31:34.767 WebDriverAgentRunner-Runner[1375:148205] Returning result XCTWaiterResultCompleted for synchronous waiter <XCTWaiter: 0x114402520>
23:31:34.767 WebDriverAgentRunner-Runner[1375:148205] Wait <XCTWaiterWait: 0x109731300> completed after 0.001s
23:31:34.767 WebDriverAgentRunner-Runner[1375:148205] cleaning up checking for continuity enablement
23:31:34.767 WebDriverAgentRunner-Runner[1375:148205] Creating future for 'fetching attributes 'XC_kAXXCAttributeElementType', 'XC_kAXXCAttributeElementBaseType', 'XC_kAXXCAttributeTraits', 'XC_kAXXCAttributeAutomationType' for App element pid: 305' with timeout 30.00
23:31:34.768 WebDriverAgentRunner-Runner[1375:148205] <XCTWaiter: 0x114403330> entering wait loop for 30.00s with expectations: `fetching attributes 'XC_kAXXCAttributeElementType', 'XC_kAXXCAttributeElementBaseType', 'XC_kAXXCAttributeTraits', 'XC_kAXXCAttributeAutomationType' for App element pid: 305`
23:31:34.770 WebDriverAgentRunner-Runner[1375:148205] Returning result XCTWaiterResultCompleted for synchronous waiter <XCTWaiter: 0x114403330>
23:31:34.770 WebDriverAgentRunner-Runner[1375:148205] Wait <XCTWaiterWait: 0x109730140> completed after 0.002s
23:31:34.770 WebDriverAgentRunner-Runner[1375:148205] cleaning up fetching attributes 'XC_kAXXCAttributeElementType', 'XC_kAXXCAttributeElementBaseType', 'XC_kAXXCAttributeTraits', 'XC_kAXXCAttributeAutomationType' for App element pid: 305
23:31:34.770 WebDriverAgentRunner-Runner[1375:148205] App element pid: 305 (App element pid: 305) faulted in {
    "XC_kAXXCAttributeAutomationType" = 1;
    "XC_kAXXCAttributeElementBaseType" = UIApplication;
    "XC_kAXXCAttributeElementType" = SPUIApplication;
    "XC_kAXXCAttributeTraits" = 0;
}: (no error) for elementType using XC_kAXXCAttributeElementType, XC_kAXXCAttributeElementBaseType, XC_kAXXCAttributeTraits, XC_kAXXCAttributeAutomationType
23:31:34.770 WebDriverAgentRunner-Runner[1375:148205] Computed elementType Application.
23:31:34.770 WebDriverAgentRunner-Runner[1375:148205] Creating future for 'getting interface orientation' with timeout 65.00
23:31:34.771 WebDriverAgentRunner-Runner[1375:148205] <XCTWaiter: 0x1144031b0> entering wait loop for 65.00s with expectations: `getting interface orientation`
23:31:34.771 WebDriverAgentRunner-Runner[1375:148205] Returning result XCTWaiterResultCompleted for synchronous waiter <XCTWaiter: 0x1144031b0>
23:31:34.771 WebDriverAgentRunner-Runner[1375:148205] Wait <XCTWaiterWait: 0x1097334c0> completed after 0.001s
23:31:34.772 WebDriverAgentRunner-Runner[1375:148205] cleaning up getting interface orientation
23:31:34.772 WebDriverAgentRunner-Runner[1375:148205] Creating future for 'checking for continuity enablement' with timeout 30.00
23:31:34.772 WebDriverAgentRunner-Runner[1375:148205] <XCTWaiter: 0x1144039c0> entering wait loop for 30.00s with expectations: `checking for continuity enablement`
23:31:34.772 WebDriverAgentRunner-Runner[1375:148205] Returning result XCTWaiterResultCompleted for synchronous waiter <XCTWaiter: 0x1144039c0>
23:31:34.773 WebDriverAgentRunner-Runner[1375:148205] Wait <XCTWaiterWait: 0x109733a80> completed after 0.001s
23:31:34.773 WebDriverAgentRunner-Runner[1375:148205] cleaning up checking for continuity enablement
23:31:34.773 WebDriverAgentRunner-Runner[1375:148205] Creating future for 'fetching attributes 'XC_kAXXCAttributeWindowDisplayId' for App element pid: 305' with timeout 30.00
23:31:34.773 WebDriverAgentRunner-Runner[1375:148205] <XCTWaiter: 0x114403c90> entering wait loop for 30.00s with expectations: `fetching attributes 'XC_kAXXCAttributeWindowDisplayId' for App element pid: 305`
23:31:34.775 WebDriverAgentRunner-Runner[1375:148205] Returning result XCTWaiterResultCompleted for synchronous waiter <XCTWaiter: 0x114403c90>
23:31:34.775 WebDriverAgentRunner-Runner[1375:148205] Wait <XCTWaiterWait: 0x109730c40> completed after 0.002s
23:31:34.775 WebDriverAgentRunner-Runner[1375:148205] cleaning up fetching attributes 'XC_kAXXCAttributeWindowDisplayId' for App element pid: 305
23:31:34.775 WebDriverAgentRunner-Runner[1375:148205] Application, pid: 305 (App element pid: 305) faulted in {
    "XC_kAXXCAttributeWindowDisplayId" = 0;
}: (no error) for displayID using XC_kAXXCAttributeWindowDisplayId
23:31:34.775 WebDriverAgentRunner-Runner[1375:148205] Fetched display ID for Application, pid: 305 was 0, checked nearest remote ancestor (null), got (null)
23:31:34.775 WebDriverAgentRunner-Runner[1375:148205] Creating future for 'getting screen identifiers' with timeout 30.00
23:31:34.775 WebDriverAgentRunner-Runner[1375:148205] <XCTWaiter: 0x1096c6670> entering wait loop for 30.00s with expectations: `getting screen identifiers`
23:31:34.775 WebDriverAgentRunner-Runner[1375:148205] Returning result XCTWaiterResultCompleted for synchronous waiter <XCTWaiter: 0x1096c6670>
23:31:34.775 WebDriverAgentRunner-Runner[1375:148205] Wait <XCTWaiterWait: 0x109733b00> completed after 0.000s
23:31:34.776 WebDriverAgentRunner-Runner[1375:148205] cleaning up getting screen identifiers
23:31:34.776 WebDriverAgentRunner-Runner[1375:148205] Creating future for 'getting screen bounds' with timeout 30.00
23:31:34.776 WebDriverAgentRunner-Runner[1375:148205] <XCTWaiter: 0x1096c5b30> entering wait loop for 30.00s with expectations: `getting screen bounds`
23:31:34.776 WebDriverAgentRunner-Runner[1375:148205] Returning result XCTWaiterResultCompleted for synchronous waiter <XCTWaiter: 0x1096c5b30>
23:31:34.776 WebDriverAgentRunner-Runner[1375:148205] Wait <XCTWaiterWait: 0x109733180> completed after 0.000s
23:31:34.776 WebDriverAgentRunner-Runner[1375:148205] cleaning up getting screen bounds
23:31:34.776 WebDriverAgentRunner-Runner[1375:148205] Creating future for 'getting screen scale' with timeout 30.00
23:31:34.776 WebDriverAgentRunner-Runner[1375:148205] <XCTWaiter: 0x1096c7120> entering wait loop for 30.00s with expectations: `getting screen scale`
23:31:34.776 WebDriverAgentRunner-Runner[1375:148205] Returning result XCTWaiterResultCompleted for synchronous waiter <XCTWaiter: 0x1096c7120>
23:31:34.776 WebDriverAgentRunner-Runner[1375:148205] Wait <XCTWaiterWait: 0x109733180> completed after 0.000s
23:31:34.776 WebDriverAgentRunner-Runner[1375:148205] cleaning up getting screen scale
23:31:34.777 WebDriverAgentRunner-Runner[1375:148205] Creating future for 'checking for continuity enablement' with timeout 30.00
23:31:34.777 WebDriverAgentRunner-Runner[1375:148205] <XCTWaiter: 0x1096c6e50> entering wait loop for 30.00s with expectations: `checking for continuity enablement`
23:31:34.778 WebDriverAgentRunner-Runner[1375:148205] Returning result XCTWaiterResultCompleted for synchronous waiter <XCTWaiter: 0x1096c6e50>
23:31:34.778 WebDriverAgentRunner-Runner[1375:148205] Wait <XCTWaiterWait: 0x1097336c0> completed after 0.001s
23:31:34.778 WebDriverAgentRunner-Runner[1375:148205] cleaning up checking for continuity enablement
23:31:34.778 WebDriverAgentRunner-Runner[1375:148205] Creating future for 'fetching attributes 'XC_kAXXCAttributeWindowDisplayId' for App element pid: 305' with timeout 30.00
23:31:34.778 WebDriverAgentRunner-Runner[1375:148205] <XCTWaiter: 0x1096c5710> entering wait loop for 30.00s with expectations: `fetching attributes 'XC_kAXXCAttributeWindowDisplayId' for App element pid: 305`
23:31:34.780 WebDriverAgentRunner-Runner[1375:148205] Returning result XCTWaiterResultCompleted for synchronous waiter <XCTWaiter: 0x1096c5710>
23:31:34.780 WebDriverAgentRunner-Runner[1375:148205] Wait <XCTWaiterWait: 0x109733740> completed after 0.002s
23:31:34.780 WebDriverAgentRunner-Runner[1375:148205] cleaning up fetching attributes 'XC_kAXXCAttributeWindowDisplayId' for App element pid: 305
23:31:34.780 WebDriverAgentRunner-Runner[1375:148205] Application, pid: 305 (App element pid: 305) faulted in {
    "XC_kAXXCAttributeWindowDisplayId" = 0;
}: (no error) for displayID using XC_kAXXCAttributeWindowDisplayId
23:31:34.780 WebDriverAgentRunner-Runner[1375:148205] Fetched display ID for Application, pid: 305 was 0, checked nearest remote ancestor (null), got (null)
23:31:34.780 WebDriverAgentRunner-Runner[1375:148205] Creating future for 'getting interface orientation' with timeout 65.00
23:31:34.781 WebDriverAgentRunner-Runner[1375:148205] <XCTWaiter: 0x1096c7780> entering wait loop for 65.00s with expectations: `getting interface orientation`
23:31:34.781 WebDriverAgentRunner-Runner[1375:148205] Returning result XCTWaiterResultCompleted for synchronous waiter <XCTWaiter: 0x1096c7780>
23:31:34.782 WebDriverAgentRunner-Runner[1375:148205] Wait <XCTWaiterWait: 0x109733000> completed after 0.001s
23:31:34.782 WebDriverAgentRunner-Runner[1375:148205] cleaning up getting interface orientation
23:31:34.782 WebDriverAgentRunner-Runner[1375:148205] <XCTContext: 0x105d9cd20> started activity <XCActivityRecord: 0x108d4aca0> 2026-07-19 16:31:34 +0000: Find the Application 'com.apple.Spotlight'
    t =    30.11s         Find the Application 'com.apple.Spotlight'
23:31:34.782 WebDriverAgentRunner-Runner[1375:148205] Executing query:

23:31:34.782 WebDriverAgentRunner-Runner[1375:148205] Creating future for 'checking for continuity enablement' with timeout 30.00
23:31:34.782 WebDriverAgentRunner-Runner[1375:148205] <XCTWaiter: 0x1096c7c90> entering wait loop for 30.00s with expectations: `checking for continuity enablement`
23:31:34.783 WebDriverAgentRunner-Runner[1375:148205] Returning result XCTWaiterResultCompleted for synchronous waiter <XCTWaiter: 0x1096c7c90>
23:31:34.783 WebDriverAgentRunner-Runner[1375:148205] Wait <XCTWaiterWait: 0x109733400> completed after 0.001s
23:31:34.783 WebDriverAgentRunner-Runner[1375:148205] cleaning up checking for continuity enablement
23:31:34.783 WebDriverAgentRunner-Runner[1375:148205] Should evaluate query remotely? XCTDisableRemoteQueryEvaluation(d-write): YES, hasAutomationSession: YES, supportsRemoteEvaluation: YES
23:31:34.783 WebDriverAgentRunner-Runner[1375:148205] Getting matching snapshots for locally evaluated query
23:31:34.783 WebDriverAgentRunner-Runner[1375:148205] Evaluating query:
 
23:31:34.783 WebDriverAgentRunner-Runner[1375:148205] Getting root element snapshot
23:31:34.783 WebDriverAgentRunner-Runner[1375:148205] Getting snapshot for App element pid: 305 for query 
23:31:34.783 WebDriverAgentRunner-Runner[1375:148205] <XCTContext: 0x105d9cd20> started activity <XCActivityRecord: 0x108d4ad10> 2026-07-19 16:31:34 +0000: Requesting snapshot of accessibility hierarchy for app with pid 305
23:31:34.784 WebDriverAgentRunner-Runner[1375:148205] Query requires iOS snapshot attributes .
23:31:34.784 WebDriverAgentRunner-Runner[1375:148205] XCUIElementQuery <XCTElementSnapshotProvider> getting snapshot
23:31:34.784 WebDriverAgentRunner-Runner[1375:148205] Snapshot request has custom attributes 
23:31:34.784 WebDriverAgentRunner-Runner[1375:148205] Snapshot request has custom parameters {
    snapshotKeyHonorModalViews = 0;
}
23:31:34.784 WebDriverAgentRunner-Runner[1375:148205] Current snapshot generation is 642
23:31:34.784 WebDriverAgentRunner-Runner[1375:148205] Query rootElementSnapshot is non-null with generation count 631
23:31:34.784 WebDriverAgentRunner-Runner[1375:148205] Capturing a new snapshot
23:31:34.784 WebDriverAgentRunner-Runner[1375:148205] Fetching snapshot for App element pid: 305 from testmanagerd with attributes XC_kAXXCAttributeElementType, XC_kAXXCAttributeElementBaseType, XC_kAXXCAttributeParent, XC_kAXXCAttributeIdentifier, XC_kAXXCAttributeAutomationType, XC_kAXXCAttributeTraits and parameters {
    maxArrayCount = 2147483647;
    maxChildren = 2147483647;
    maxDepth = 50;
    snapshotKeyHonorModalViews = 0;
    traverseFromParentsToChildren = 1;
}.
23:31:34.784 WebDriverAgentRunner-Runner[1375:148205] Creating future for 'fetching snapshot from testmanagerd.' with timeout 65.00
23:31:34.784 WebDriverAgentRunner-Runner[1375:148205] <XCTWaiter: 0x1095efb40> entering wait loop for 65.00s with expectations: `fetching snapshot from testmanagerd.`
    t =    30.11s             Requesting snapshot of accessibility hierarchy for app with pid 305
23:31:34.982 WebDriverAgentRunner-Runner[1375:148229] Got snapshot response with runtime issue support from testmanagerd.
23:31:34.983 WebDriverAgentRunner-Runner[1375:148205] Returning result XCTWaiterResultCompleted for synchronous waiter <XCTWaiter: 0x1095efb40>
23:31:34.983 WebDriverAgentRunner-Runner[1375:148205] Wait <XCTWaiterWait: 0x11445ab00> completed after 0.198s
23:31:34.983 WebDriverAgentRunner-Runner[1375:148205] cleaning up fetching snapshot from testmanagerd.
23:31:34.983 WebDriverAgentRunner-Runner[1375:148205] <XCTContext: 0x105d9cd20> finished activity <XCActivityRecord: 0x108d4ad10> 2026-07-19 16:31:34 +0000: Requesting snapshot of accessibility hierarchy for app with pid 305 (0.199736s)
23:31:34.983 WebDriverAgentRunner-Runner[1375:148205] Found matches {(
    App element pid: 305
)} with root App element pid: 305
23:31:34.984 WebDriverAgentRunner-Runner[1375:148205] <XCTContext: 0x105d9cd20> finished activity <XCActivityRecord: 0x108d4aca0> 2026-07-19 16:31:34 +0000: Find the Application 'com.apple.Spotlight' (0.202041s)
23:31:34.984 WebDriverAgentRunner-Runner[1375:148205] Creating future for 'checking for continuity enablement' with timeout 30.00
23:31:34.984 WebDriverAgentRunner-Runner[1375:148205] <XCTWaiter: 0x1144903c0> entering wait loop for 30.00s with expectations: `checking for continuity enablement`
23:31:34.985 WebDriverAgentRunner-Runner[1375:148205] Returning result XCTWaiterResultCompleted for synchronous waiter <XCTWaiter: 0x1144903c0>
23:31:34.985 WebDriverAgentRunner-Runner[1375:148205] Wait <XCTWaiterWait: 0x1097aefc0> completed after 0.001s
23:31:34.985 WebDriverAgentRunner-Runner[1375:148205] cleaning up checking for continuity enablement
23:31:34.985 WebDriverAgentRunner-Runner[1375:148205] Creating future for 'fetching attributes 'XC_kAXXCAttributeFrame', 'XC_kAXXCAttributeWindowDisplayId', 'XC_kAXXCAttributeWindowContextId' for App element pid: 305' with timeout 30.00
23:31:34.986 WebDriverAgentRunner-Runner[1375:148205] <XCTWaiter: 0x114490540> entering wait loop for 30.00s with expectations: `fetching attributes 'XC_kAXXCAttributeFrame', 'XC_kAXXCAttributeWindowDisplayId', 'XC_kAXXCAttributeWindowContextId' for App element pid: 305`
23:31:34.986 WebDriverAgentRunner-Runner[1375:148205] Returning result XCTWaiterResultCompleted for synchronous waiter <XCTWaiter: 0x114490540>
23:31:34.986 WebDriverAgentRunner-Runner[1375:148205] Wait <XCTWaiterWait: 0x1097af600> completed after 0.001s
23:31:34.986 WebDriverAgentRunner-Runner[1375:148205] cleaning up fetching attributes 'XC_kAXXCAttributeFrame', 'XC_kAXXCAttributeWindowDisplayId', 'XC_kAXXCAttributeWindowContextId' for App element pid: 305
23:31:34.987 WebDriverAgentRunner-Runner[1375:148205] App element pid: 305 (App element pid: 305) faulted in {
    "XC_kAXXCAttributeFrame" =     {
        Height = 1024;
        Width = 1366;
        X = 0;
        Y = 0;
    };
    "XC_kAXXCAttributeWindowContextId" = 3494286145;
    "XC_kAXXCAttributeWindowDisplayId" = 0;
}: (no error) for frame using XC_kAXXCAttributeFrame, XC_kAXXCAttributeWindowDisplayId, XC_kAXXCAttributeWindowContextId
23:31:34.987 WebDriverAgentRunner-Runner[1375:148205] Creating future for 'checking for continuity enablement' with timeout 30.00
23:31:34.987 WebDriverAgentRunner-Runner[1375:148205] <XCTWaiter: 0x114490870> entering wait loop for 30.00s with expectations: `checking for continuity enablement`
23:31:34.988 WebDriverAgentRunner-Runner[1375:148205] Returning result XCTWaiterResultCompleted for synchronous waiter <XCTWaiter: 0x114490870>
23:31:34.988 WebDriverAgentRunner-Runner[1375:148205] Wait <XCTWaiterWait: 0x1097afec0> completed after 0.001s
23:31:34.988 WebDriverAgentRunner-Runner[1375:148205] cleaning up checking for continuity enablement
23:31:34.988 WebDriverAgentRunner-Runner[1375:148205] Creating future for 'fetching attributes 'XC_kAXXCAttributeElementType', 'XC_kAXXCAttributeElementBaseType', 'XC_kAXXCAttributeTraits', 'XC_kAXXCAttributeAutomationType' for App element pid: 305' with timeout 30.00
23:31:34.988 WebDriverAgentRunner-Runner[1375:148205] <XCTWaiter: 0x114490990> entering wait loop for 30.00s with expectations: `fetching attributes 'XC_kAXXCAttributeElementType', 'XC_kAXXCAttributeElementBaseType', 'XC_kAXXCAttributeTraits', 'XC_kAXXCAttributeAutomationType' for App element pid: 305`
23:31:34.989 WebDriverAgentRunner-Runner[1375:148205] Returning result XCTWaiterResultCompleted for synchronous waiter <XCTWaiter: 0x114490990>
23:31:34.989 WebDriverAgentRunner-Runner[1375:148205] Wait <XCTWaiterWait: 0x1097aec80> completed after 0.000s
23:31:34.989 WebDriverAgentRunner-Runner[1375:148205] cleaning up fetching attributes 'XC_kAXXCAttributeElementType', 'XC_kAXXCAttributeElementBaseType', 'XC_kAXXCAttributeTraits', 'XC_kAXXCAttributeAutomationType' for App element pid: 305
23:31:34.989 WebDriverAgentRunner-Runner[1375:148205] App element pid: 305 (App element pid: 305) faulted in {
    "XC_kAXXCAttributeAutomationType" = 1;
    "XC_kAXXCAttributeElementBaseType" = UIApplication;
    "XC_kAXXCAttributeElementType" = SPUIApplication;
    "XC_kAXXCAttributeTraits" = 0;
}: (no error) for elementType using XC_kAXXCAttributeElementType, XC_kAXXCAttributeElementBaseType, XC_kAXXCAttributeTraits, XC_kAXXCAttributeAutomationType
23:31:34.989 WebDriverAgentRunner-Runner[1375:148205] Computed elementType Application.
23:31:34.989 WebDriverAgentRunner-Runner[1375:148205] Creating future for 'checking for continuity enablement' with timeout 30.00
23:31:34.989 WebDriverAgentRunner-Runner[1375:148205] <XCTWaiter: 0x114490db0> entering wait loop for 30.00s with expectations: `checking for continuity enablement`
23:31:34.990 WebDriverAgentRunner-Runner[1375:148205] Returning result XCTWaiterResultCompleted for synchronous waiter <XCTWaiter: 0x114490db0>
23:31:34.990 WebDriverAgentRunner-Runner[1375:148205] Wait <XCTWaiterWait: 0x1097ae700> completed after 0.001s
23:31:34.990 WebDriverAgentRunner-Runner[1375:148205] cleaning up checking for continuity enablement
23:31:34.990 WebDriverAgentRunner-Runner[1375:148205] Creating future for 'fetching attributes 'XC_kAXXCAttributeSystemAutomationProperties' for App element pid: 305' with timeout 30.00
23:31:34.990 WebDriverAgentRunner-Runner[1375:148205] <XCTWaiter: 0x1144910e0> entering wait loop for 30.00s with expectations: `fetching attributes 'XC_kAXXCAttributeSystemAutomationProperties' for App element pid: 305`
23:31:34.992 WebDriverAgentRunner-Runner[1375:148205] Returning result XCTWaiterResultCompleted for synchronous waiter <XCTWaiter: 0x1144910e0>
23:31:34.992 WebDriverAgentRunner-Runner[1375:148205] Wait <XCTWaiterWait: 0x1097ae500> completed after 0.002s
23:31:34.992 WebDriverAgentRunner-Runner[1375:148205] cleaning up fetching attributes 'XC_kAXXCAttributeSystemAutomationProperties' for App element pid: 305
23:31:34.992 WebDriverAgentRunner-Runner[1375:148205] Application, pid: 305 (App element pid: 305) faulted in {
}: (no error) for systemAutomationProperties using XC_kAXXCAttributeSystemAutomationProperties
23:31:34.992 WebDriverAgentRunner-Runner[1375:148205] Requesting local synthesis of event: 
<XCSynthesizedEventRecord 'tap display 0'>
Path 1:
	Touch down at 181.0, 82.0, offset=0.00s
	Touch up at 181.0, 82.0, offset=0.05s
23:31:34.993 WebDriverAgentRunner-Runner[1375:148205] Event upper bound on duration 30.05
23:31:34.993 WebDriverAgentRunner-Runner[1375:148205] Computed timeout 30.05 for future for 'synthesizing event'
23:31:34.993 WebDriverAgentRunner-Runner[1375:148205] <XCTWaiter: 0x1144914a0> entering wait loop for 30.05s with expectations: `synthesizing event`
23:31:35.113 WebDriverAgentRunner-Runner[1375:148229] Handling kAXUserTestingNotification
23:31:35.113 WebDriverAgentRunner-Runner[1375:148229] Received kAXUserTestingNotification from AX element pid: 174, elementOrHash.elementID: 0.1: {
    event = TouchEventsCompleted;
}
23:31:35.113 WebDriverAgentRunner-Runner[1375:148229] Handling kAXUserTestingNotification
23:31:35.113 WebDriverAgentRunner-Runner[1375:148229] Received kAXUserTestingNotification from AX element pid: 174, elementOrHash.elementID: 0.1: {
    event = TouchEventsCompleted;
}
23:31:35.121 WebDriverAgentRunner-Runner[1375:148229] Handling kAXPidStatusChangedNotification
23:31:35.121 WebDriverAgentRunner-Runner[1375:148229] Got kAXPidStatusChangedNotification for pid 1313: active
23:31:35.202 WebDriverAgentRunner-Runner[1375:148826] Handling kAXUserTestingNotification
23:31:35.202 WebDriverAgentRunner-Runner[1375:148826] Received kAXUserTestingNotification from AX element pid: 174, elementOrHash.elementID: 0.1: {
    controllerClass = UICompatibilityInputViewController;
    event = ViewDidDisappear;
}
23:31:35.202 WebDriverAgentRunner-Runner[1375:148826] Handling kAXUserTestingNotification
23:31:35.202 WebDriverAgentRunner-Runner[1375:148826] Received kAXUserTestingNotification from AX element pid: 174, elementOrHash.elementID: 0.1: {
    controllerClass = UICompatibilityInputViewController;
    event = ViewDidDisappear;
}
23:31:35.203 WebDriverAgentRunner-Runner[1375:148205] No application process found matching pid 1313, caching
23:31:35.230 WebDriverAgentRunner-Runner[1375:148229] Handling kAXPidStatusChangedNotification
23:31:35.230 WebDriverAgentRunner-Runner[1375:148229] Got kAXPidStatusChangedNotification for pid 1313: active
23:31:35.277 WebDriverAgentRunner-Runner[1375:148229] Got event completion callback
23:31:35.277 WebDriverAgentRunner-Runner[1375:148205] No application process found matching pid 1313, caching
23:31:35.277 WebDriverAgentRunner-Runner[1375:148205] Returning result XCTWaiterResultCompleted for synchronous waiter <XCTWaiter: 0x1144914a0>
23:31:35.278 WebDriverAgentRunner-Runner[1375:148205] Wait <XCTWaiterWait: 0x1097ae000> completed after 0.284s
23:31:35.278 WebDriverAgentRunner-Runner[1375:148205] cleaning up synthesizing event
23:31:35.278 WebDriverAgentRunner-Runner[1375:148205] Cancelation not currently supported for daemon event requests - this is a no-op.
23:31:35.278 WebDriverAgentRunner-Runner[1375:148205] Creating future for 'getting screen scale' with timeout 30.00
23:31:35.278 WebDriverAgentRunner-Runner[1375:148205] <XCTWaiter: 0x114491860> entering wait loop for 30.00s with expectations: `getting screen scale`
23:31:35.279 WebDriverAgentRunner-Runner[1375:148205] Returning result XCTWaiterResultCompleted for synchronous waiter <XCTWaiter: 0x114491860>
23:31:35.279 WebDriverAgentRunner-Runner[1375:148205] Wait <XCTWaiterWait: 0x1097adb00> completed after 0.002s
23:31:35.280 WebDriverAgentRunner-Runner[1375:148205] cleaning up getting screen scale
23:31:35.280 WebDriverAgentRunner-Runner[1375:148205] Event synthesis future completed in 0.28s
23:31:35.280 WebDriverAgentRunner-Runner[1375:148205] <XCTContext: 0x105d9cd20> finished activity <XCActivityRecord: 0x108d48150> 2026-07-19 16:31:34 +0000: Synthesize event (0.915562s)
23:31:35.281 WebDriverAgentRunner-Runner[1375:148205] Overriding application state timeout, 60.0 -> 10.0
23:31:35.281 WebDriverAgentRunner-Runner[1375:148205] <XCTContext: 0x105d9cd20> started activity <XCActivityRecord: 0x108d481c0> 2026-07-19 16:31:35 +0000: Wait for com.apple.Spotlight to idle
    t =    30.61s     Wait for com.apple.Spotlight to idle
23:31:35.281 WebDriverAgentRunner-Runner[1375:148205] Creating future for 'getting screen identifiers' with timeout 30.00
23:31:35.281 WebDriverAgentRunner-Runner[1375:148205] <XCTWaiter: 0x114491650> entering wait loop for 30.00s with expectations: `getting screen identifiers`
23:31:35.281 WebDriverAgentRunner-Runner[1375:148205] Returning result XCTWaiterResultCompleted for synchronous waiter <XCTWaiter: 0x114491650>
23:31:35.281 WebDriverAgentRunner-Runner[1375:148205] Wait <XCTWaiterWait: 0x1097af100> completed after 0.000s
23:31:35.281 WebDriverAgentRunner-Runner[1375:148205] cleaning up getting screen identifiers
23:31:35.281 WebDriverAgentRunner-Runner[1375:148205] Waiting for com.apple.Spotlight (PID 305) quiescence...
23:31:35.282 WebDriverAgentRunner-Runner[1375:148825] com.apple.Spotlight (pid:305) eventLoopHasIdled YES -> NO
23:31:35.282 WebDriverAgentRunner-Runner[1375:148229] Posting KVO notifications for eventLoopHasIdled
23:31:35.282 WebDriverAgentRunner-Runner[1375:148205] Requesting main run loop idle notification using automation session for com.apple.Spotlight (pid:305)
23:31:35.282 WebDriverAgentRunner-Runner[1375:148229] com.apple.Spotlight (pid:305) animationsHaveFinished YES -> NO
23:31:35.282 WebDriverAgentRunner-Runner[1375:148229] Posting KVO notifications for animationsHaveFinished
23:31:35.282 WebDriverAgentRunner-Runner[1375:148827] Got event loop idle reply for com.apple.Spotlight (PID 305)
23:31:35.282 WebDriverAgentRunner-Runner[1375:148205] Requesting animations idle notification using automation session for com.apple.Spotlight (pid:305)
23:31:35.282 WebDriverAgentRunner-Runner[1375:148827] Event loop is idle.
23:31:35.283 WebDriverAgentRunner-Runner[1375:148205] Waiting on quiescence state variables
23:31:35.283 WebDriverAgentRunner-Runner[1375:148827] com.apple.Spotlight (pid:305) eventLoopHasIdled NO -> YES
23:31:35.283 WebDriverAgentRunner-Runner[1375:148825] Posting KVO notifications for eventLoopHasIdled
23:31:35.283 WebDriverAgentRunner-Runner[1375:148205] KVO change: checked status of Expect value of 'foreground' of com.apple.Spotlight (pid:305) to be '0': fulfill=NO
23:31:35.283 WebDriverAgentRunner-Runner[1375:148205] KVO change: checked status of Expect value of 'foreground' of com.apple.Spotlight (pid:305) to be '0': fulfill=NO
23:31:35.283 WebDriverAgentRunner-Runner[1375:148205] isQuiescent: self.eventLoopHasIdled: YES && self.animationsHaveFinished: NO
23:31:35.283 WebDriverAgentRunner-Runner[1375:148205] KVO change: checked status of Expect value of 'isQuiescent' of com.apple.Spotlight (pid:305) to be '1': fulfill=NO
23:31:35.283 WebDriverAgentRunner-Runner[1375:148205] isQuiescent: self.eventLoopHasIdled: YES && self.animationsHaveFinished: NO
23:31:35.283 WebDriverAgentRunner-Runner[1375:148205] KVO change: checked status of Expect value of 'isQuiescent' of com.apple.Spotlight (pid:305) to be '1': fulfill=NO
23:31:35.284 WebDriverAgentRunner-Runner[1375:148205] Not fulfilling (Expect value of 'foreground' of com.apple.Spotlight (pid:305) to be '0' OR Expect value of 'isQuiescent' of com.apple.Spotlight (pid:305) to be '1') because no subexpectations are fulfilled
23:31:35.284 WebDriverAgentRunner-Runner[1375:148205] <XCTWaiter: 0x1144901e0> entering wait loop for 10.00s with expectations: `(Expect value of 'foreground' of com.apple.Spotlight (pid:305) to be '0' OR Expect value of 'isQuiescent' of com.apple.Spotlight (pid:305) to be '1')`
23:31:35.644 WebDriverAgentRunner-Runner[1375:148229] Handling kAXUserTestingNotification
23:31:35.645 WebDriverAgentRunner-Runner[1375:148229] Received kAXUserTestingNotification from AX element pid: 1212, elementOrHash.elementID: 0.1: {
    controllerClass = KeyboardViewController;
    event = ViewDidDisappear;
}
23:31:35.645 WebDriverAgentRunner-Runner[1375:148827] Handling kAXUserTestingNotification
23:31:35.646 WebDriverAgentRunner-Runner[1375:148229] Got animations reply for com.apple.Spotlight (PID 305)
23:31:35.646 WebDriverAgentRunner-Runner[1375:148827] Received kAXUserTestingNotification from AX element pid: 1212, elementOrHash.elementID: 0.1: {
    controllerClass = KVBackgroundViewController;
    event = ViewDidDisappear;
}
23:31:35.646 WebDriverAgentRunner-Runner[1375:148229] Animations are not active.
23:31:35.646 WebDriverAgentRunner-Runner[1375:148229] com.apple.Spotlight (pid:305) animationsHaveFinished NO -> YES
23:31:35.646 WebDriverAgentRunner-Runner[1375:148229] Posting KVO notifications for animationsHaveFinished
23:31:35.646 WebDriverAgentRunner-Runner[1375:148229] isQuiescent: self.eventLoopHasIdled: YES && self.animationsHaveFinished: YES
23:31:35.646 WebDriverAgentRunner-Runner[1375:148229] isQuiescent: self.eventLoopHasIdled: YES && self.animationsHaveFinished: YES
23:31:35.646 WebDriverAgentRunner-Runner[1375:148229] KVO change: checked status of Expect value of 'isQuiescent' of com.apple.Spotlight (pid:305) to be '1': fulfill=YES
23:31:35.646 WebDriverAgentRunner-Runner[1375:148229] Fulfilling (Expect value of 'foreground' of com.apple.Spotlight (pid:305) to be '0' OR Expect value of 'isQuiescent' of com.apple.Spotlight (pid:305) to be '1') because Expect value of 'isQuiescent' of com.apple.Spotlight (pid:305) to be '1' is fulfilled
23:31:35.647 WebDriverAgentRunner-Runner[1375:148205] Returning result XCTWaiterResultCompleted for synchronous waiter <XCTWaiter: 0x1144901e0>
23:31:35.647 WebDriverAgentRunner-Runner[1375:148205] Wait <XCTWaiterWait: 0x1097aeac0> completed after 0.363s
23:31:35.647 WebDriverAgentRunner-Runner[1375:148229] Handling kAXUserTestingNotification
23:31:35.647 WebDriverAgentRunner-Runner[1375:148205] cleaning up (Expect value of 'foreground' of com.apple.Spotlight (pid:305) to be '0' OR Expect value of 'isQuiescent' of com.apple.Spotlight (pid:305) to be '1')
23:31:35.647 WebDriverAgentRunner-Runner[1375:148229] Received kAXUserTestingNotification from AX element pid: 1212, elementOrHash.elementID: 0.1: {
    controllerClass = UIViewController;
    event = ViewDidDisappear;
}
23:31:35.647 WebDriverAgentRunner-Runner[1375:148205] cleaning up Expect value of 'foreground' of com.apple.Spotlight (pid:305) to be '0'
23:31:35.647 WebDriverAgentRunner-Runner[1375:148205] cleaning up Expect value of 'foreground' of com.apple.Spotlight (pid:305) to be '0'
23:31:35.647 WebDriverAgentRunner-Runner[1375:148205] cleaning up Expect value of 'isQuiescent' of com.apple.Spotlight (pid:305) to be '1'
23:31:35.648 WebDriverAgentRunner-Runner[1375:148205] cleaning up Expect value of 'isQuiescent' of com.apple.Spotlight (pid:305) to be '1'
23:31:35.648 WebDriverAgentRunner-Runner[1375:148205] com.apple.Spotlight has quiesced or quiescence timeout has elapsed.
23:31:35.648 WebDriverAgentRunner-Runner[1375:148205] <XCTContext: 0x105d9cd20> finished activity <XCActivityRecord: 0x108d481c0> 2026-07-19 16:31:35 +0000: Wait for com.apple.Spotlight to idle (0.367079s)
23:31:35.648 WebDriverAgentRunner-Runner[1375:148205] Overriding application state timeout, 10.0 -> 60.0
23:31:35.648 WebDriverAgentRunner-Runner[1375:148205] <XCTContext: 0x105d9cd20> finished activity <XCActivityRecord: 0x108d48000> 2026-07-19 16:31:34 +0000: Tap Application 'com.apple.Spotlight'[0.00, 0.00] -> (1284.0, 181.0) (1.52844s)
23:31:35.649 WebDriverAgentRunner-Runner[1375:148205] Creating future for 'fetching attributes 'XC_kAXXCAttributeSystemAppApplication' for Device system-wide element' with timeout 65.00
23:31:35.649 WebDriverAgentRunner-Runner[1375:148205] <XCTWaiter: 0x114490b40> entering wait loop for 65.00s with expectations: `fetching attributes 'XC_kAXXCAttributeSystemAppApplication' for Device system-wide element`
23:31:35.650 WebDriverAgentRunner-Runner[1375:148558] Got attribute fetch response with values {
    "XC_kAXXCAttributeSystemAppApplication" = "AX element pid: 174, elementOrHash.elementID: 0.1";
}, error: (null)
23:31:35.650 WebDriverAgentRunner-Runner[1375:148205] Returning result XCTWaiterResultCompleted for synchronous waiter <XCTWaiter: 0x114490b40>
23:31:35.650 WebDriverAgentRunner-Runner[1375:148205] Wait <XCTWaiterWait: 0x1097ae900> completed after 0.001s
23:31:35.650 WebDriverAgentRunner-Runner[1375:148205] cleaning up fetching attributes 'XC_kAXXCAttributeSystemAppApplication' for Device system-wide element
23:31:35.650 WebDriverAgentRunner-Runner[1375:148205] Creating future for 'fetching attributes 'XC_kAXXCAttributeFocusedApplications' for AX element pid: 174, elementOrHash.elementID: 0.1' with timeout 65.00
23:31:35.650 WebDriverAgentRunner-Runner[1375:148229] Handling kAXUserTestingNotification
23:31:35.651 WebDriverAgentRunner-Runner[1375:148205] <XCTWaiter: 0x1144915c0> entering wait loop for 65.00s with expectations: `fetching attributes 'XC_kAXXCAttributeFocusedApplications' for AX element pid: 174, elementOrHash.elementID: 0.1`
23:31:35.651 WebDriverAgentRunner-Runner[1375:148229] Received kAXUserTestingNotification from AX element pid: 1212, elementOrHash.elementID: 0.1: {
    controllerClass = KVKeyboardViewController;
    event = ViewDidDisappear;
}
23:31:35.655 WebDriverAgentRunner-Runner[1375:148825] Got attribute fetch response with values {
    "XC_kAXXCAttributeFocusedApplications" =     (
        "AX element pid: 305, elementOrHash.elementID: 0.1"
    );
}, error: (null)
23:31:35.655 WebDriverAgentRunner-Runner[1375:148205] Returning result XCTWaiterResultCompleted for synchronous waiter <XCTWaiter: 0x1144915c0>
23:31:35.656 WebDriverAgentRunner-Runner[1375:148205] Wait <XCTWaiterWait: 0x1097af600> completed after 0.005s
23:31:35.656 WebDriverAgentRunner-Runner[1375:148205] cleaning up fetching attributes 'XC_kAXXCAttributeFocusedApplications' for AX element pid: 174, elementOrHash.elementID: 0.1
23:31:35.656 WebDriverAgentRunner-Runner[1375:148205] Active application elements: (
    "AX element pid: 305, elementOrHash.elementID: 0.1"
)
23:31:35.656 WebDriverAgentRunner-Runner[1375:148205] Creating future for 'getting interface orientation' with timeout 65.00
23:31:35.656 WebDriverAgentRunner-Runner[1375:148205] <XCTWaiter: 0x114490240> entering wait loop for 65.00s with expectations: `getting interface orientation`
23:31:35.656 WebDriverAgentRunner-Runner[1375:148825] Handling kAXUserTestingNotification
23:31:35.657 WebDriverAgentRunner-Runner[1375:148825] Received kAXUserTestingNotification from AX element pid: 1212, elementOrHash.elementID: 0.1: {
    controllerClass = KVEffectViewController;
    event = ViewDidDisappear;
}
23:31:35.657 WebDriverAgentRunner-Runner[1375:148205] Returning result XCTWaiterResultCompleted for synchronous waiter <XCTWaiter: 0x114490240>
23:31:35.657 WebDriverAgentRunner-Runner[1375:148825] Handling kAXUserTestingNotification
23:31:35.657 WebDriverAgentRunner-Runner[1375:148205] Wait <XCTWaiterWait: 0x1097ae280> completed after 0.001s
23:31:35.657 WebDriverAgentRunner-Runner[1375:148825] Received kAXUserTestingNotification from AX element pid: 305, elementOrHash.elementID: 0.1: {
    controllerClass = UICompatibilityInputViewController;
    event = ViewDidDisappear;
}
23:31:35.657 WebDriverAgentRunner-Runner[1375:148205] cleaning up getting interface orientation
23:31:35.657 WebDriverAgentRunner-Runner[1375:148825] Handling kAXUserTestingNotification
23:31:35.657 WebDriverAgentRunner-Runner[1375:148205] Creating future for 'getting interface orientation' with timeout 65.00
23:31:35.657 WebDriverAgentRunner-Runner[1375:148825] Received kAXUserTestingNotification from AX element pid: 305, elementOrHash.elementID: 0.1: {
    controllerClass = UICompatibilityInputViewController;
    event = ViewDidDisappear;
}
23:31:35.658 WebDriverAgentRunner-Runner[1375:148205] <XCTWaiter: 0x114490660> entering wait loop for 65.00s with expectations: `getting interface orientation`
23:31:35.658 WebDriverAgentRunner-Runner[1375:148825] Handling kAXUserTestingNotification
23:31:35.658 WebDriverAgentRunner-Runner[1375:148825] Received kAXUserTestingNotification from AX element pid: 305, elementOrHash.elementID: 0.1: {
    controllerClass = "_UIRemoteInputViewController";
    event = ViewDidDisappear;
}
23:31:35.658 WebDriverAgentRunner-Runner[1375:148825] Handling kAXUserTestingNotification
23:31:35.658 WebDriverAgentRunner-Runner[1375:148825] Received kAXUserTestingNotification from AX element pid: 305, elementOrHash.elementID: 0.1: {
    controllerClass = UISystemInputAssistantViewController;
    event = ViewDidDisappear;
}
23:31:35.658 WebDriverAgentRunner-Runner[1375:148825] Handling kAXUserTestingNotification
23:31:35.658 WebDriverAgentRunner-Runner[1375:148205] Returning result XCTWaiterResultCompleted for synchronous waiter <XCTWaiter: 0x114490660>
23:31:35.658 WebDriverAgentRunner-Runner[1375:148825] Received kAXUserTestingNotification from AX element pid: 305, elementOrHash.elementID: 0.1: {
    controllerClass = UIPredictionViewController;
    event = ViewDidDisappear;
}
23:31:35.658 WebDriverAgentRunner-Runner[1375:148205] Wait <XCTWaiterWait: 0x1097ad9c0> completed after 0.001s
23:31:35.659 WebDriverAgentRunner-Runner[1375:148825] Handling kAXUserTestingNotification
23:31:35.659 WebDriverAgentRunner-Runner[1375:148205] cleaning up getting interface orientation
23:31:35.659 WebDriverAgentRunner-Runner[1375:148825] Received kAXUserTestingNotification from AX element pid: 305, elementOrHash.elementID: 0.1: {
    controllerClass = UICompatibilityInputViewController;
    event = ViewDidDisappear;
}
23:31:35.659 WebDriverAgentRunner-Runner[1375:148205] <XCTContext: 0x105d9cd20> started activity <XCActivityRecord: 0x108d4a4c0> 2026-07-19 16:31:35 +0000: Find the Application 'com.apple.Spotlight'
23:31:35.659 WebDriverAgentRunner-Runner[1375:148825] Handling kAXUserTestingNotification
23:31:35.659 WebDriverAgentRunner-Runner[1375:148825] Received kAXUserTestingNotification from AX element pid: 305, elementOrHash.elementID: 0.1: {
    controllerClass = UICompatibilityInputViewController;
    event = ViewDidDisappear;
}
23:31:35.659 WebDriverAgentRunner-Runner[1375:148205] Executing query:

    t =    30.98s Find the Application 'com.apple.Spotlight'
23:31:35.659 WebDriverAgentRunner-Runner[1375:148205] Creating future for 'checking for continuity enablement' with timeout 30.00
23:31:35.660 WebDriverAgentRunner-Runner[1375:148205] <XCTWaiter: 0x1144914d0> entering wait loop for 30.00s with expectations: `checking for continuity enablement`
23:31:35.661 WebDriverAgentRunner-Runner[1375:148205] Returning result XCTWaiterResultCompleted for synchronous waiter <XCTWaiter: 0x1144914d0>
23:31:35.661 WebDriverAgentRunner-Runner[1375:148205] Wait <XCTWaiterWait: 0x1097ae000> completed after 0.002s
23:31:35.661 WebDriverAgentRunner-Runner[1375:148205] cleaning up checking for continuity enablement
23:31:35.661 WebDriverAgentRunner-Runner[1375:148205] Should evaluate query remotely? XCTDisableRemoteQueryEvaluation(d-write): YES, hasAutomationSession: YES, supportsRemoteEvaluation: YES
23:31:35.661 WebDriverAgentRunner-Runner[1375:148205] Getting matching snapshots for locally evaluated query
23:31:35.661 WebDriverAgentRunner-Runner[1375:148205] Evaluating query:
 
23:31:35.662 WebDriverAgentRunner-Runner[1375:148205] Getting root element snapshot
23:31:35.662 WebDriverAgentRunner-Runner[1375:148205] Getting snapshot for App element pid: 305 for query 
23:31:35.662 WebDriverAgentRunner-Runner[1375:148205] <XCTContext: 0x105d9cd20> started activity <XCActivityRecord: 0x108d48000> 2026-07-19 16:31:35 +0000: Requesting snapshot of accessibility hierarchy for app with pid 305
23:31:35.662 WebDriverAgentRunner-Runner[1375:148205] Query requires iOS snapshot attributes .
23:31:35.662 WebDriverAgentRunner-Runner[1375:148205] XCUIElementQuery <XCTElementSnapshotProvider> getting snapshot
23:31:35.662 WebDriverAgentRunner-Runner[1375:148205] Snapshot request has custom attributes 
23:31:35.662 WebDriverAgentRunner-Runner[1375:148205] Snapshot request has custom parameters {
    snapshotKeyHonorModalViews = 0;
}
23:31:35.662 WebDriverAgentRunner-Runner[1375:148205] Current snapshot generation is 665
23:31:35.662 WebDriverAgentRunner-Runner[1375:148205] Query rootElementSnapshot is non-null with generation count 644
23:31:35.662 WebDriverAgentRunner-Runner[1375:148205] Capturing a new snapshot
23:31:35.662 WebDriverAgentRunner-Runner[1375:148205] Fetching snapshot for App element pid: 305 from testmanagerd with attributes XC_kAXXCAttributeElementType, XC_kAXXCAttributeElementBaseType, XC_kAXXCAttributeParent, XC_kAXXCAttributeIdentifier, XC_kAXXCAttributeAutomationType, XC_kAXXCAttributeTraits and parameters {
    maxArrayCount = 2147483647;
    maxChildren = 2147483647;
    maxDepth = 50;
    snapshotKeyHonorModalViews = 0;
    traverseFromParentsToChildren = 1;
}.
23:31:35.663 WebDriverAgentRunner-Runner[1375:148205] Creating future for 'fetching snapshot from testmanagerd.' with timeout 65.00
23:31:35.663 WebDriverAgentRunner-Runner[1375:148205] <XCTWaiter: 0x114491fe0> entering wait loop for 65.00s with expectations: `fetching snapshot from testmanagerd.`
    t =    30.99s     Requesting snapshot of accessibility hierarchy for app with pid 305
23:31:35.735 WebDriverAgentRunner-Runner[1375:148229] Got snapshot response with runtime issue support from testmanagerd.
23:31:35.735 WebDriverAgentRunner-Runner[1375:148205] Returning result XCTWaiterResultCompleted for synchronous waiter <XCTWaiter: 0x114491fe0>
23:31:35.735 WebDriverAgentRunner-Runner[1375:148205] Wait <XCTWaiterWait: 0x1097acc00> completed after 0.073s
23:31:35.735 WebDriverAgentRunner-Runner[1375:148205] cleaning up fetching snapshot from testmanagerd.
23:31:35.736 WebDriverAgentRunner-Runner[1375:148205] <XCTContext: 0x105d9cd20> finished activity <XCActivityRecord: 0x108d48000> 2026-07-19 16:31:35 +0000: Requesting snapshot of accessibility hierarchy for app with pid 305 (0.073957s)
23:31:35.736 WebDriverAgentRunner-Runner[1375:148205] Found matches {(
    App element pid: 305
)} with root App element pid: 305
23:31:35.737 WebDriverAgentRunner-Runner[1375:148205] <XCTContext: 0x105d9cd20> finished activity <XCActivityRecord: 0x108d4a4c0> 2026-07-19 16:31:35 +0000: Find the Application 'com.apple.Spotlight' (0.0778799s)
23:31:35.737 WebDriverAgentRunner-Runner[1375:148205] XCUIElementQuery <XCTElementSnapshotProvider> getting snapshot
23:31:35.737 WebDriverAgentRunner-Runner[1375:148205] Snapshot request has custom attributes XC_kAXXCAttributeElementBaseType, XC_kAXXCAttributeValue, XC_kAXXCAttributeAutomationType, XC_kAXXCAttributeIdentifier, XC_kAXXCAttributeTraits, XC_kAXXCAttributeVerticalSizeClass, XC_kAXXCAttributeFrame, XC_kAXXCAttributeWindowDisplayId, XC_kAXXCAttributeWindowContextId, XC_kAXXCAttributeLabel, XC_kAXXCAttributeHorizontalSizeClass, XC_kAXXCAttributeHasNativeFocus, XC_kAXXCAttributePlaceholderValue, XC_kAXXCAttributeElementType
23:31:35.738 WebDriverAgentRunner-Runner[1375:148205] Current snapshot generation is 666
23:31:35.738 WebDriverAgentRunner-Runner[1375:148205] Query rootElementSnapshot is non-null with generation count 666
23:31:35.738 WebDriverAgentRunner-Runner[1375:148205] Capturing a new snapshot
23:31:35.738 WebDriverAgentRunner-Runner[1375:148205] Fetching snapshot for App element pid: 305 from testmanagerd with attributes XC_kAXXCAttributeElementBaseType, XC_kAXXCAttributeParent, XC_kAXXCAttributeAutomationType, XC_kAXXCAttributeIdentifier, XC_kAXXCAttributeTraits, XC_kAXXCAttributeVerticalSizeClass, XC_kAXXCAttributeFrame, XC_kAXXCAttributeWindowDisplayId, XC_kAXXCAttributeWindowContextId, XC_kAXXCAttributeLabel, XC_kAXXCAttributeHorizontalSizeClass, XC_kAXXCAttributeHasNativeFocus, XC_kAXXCAttributePlaceholderValue, XC_kAXXCAttributeTruncatedValue, XC_kAXXCAttributeElementType and parameters {
    maxArrayCount = 2147483647;
    maxChildren = 2147483647;
    maxDepth = 50;
    snapshotKeyHonorModalViews = 0;
    traverseFromParentsToChildren = 1;
}.
23:31:35.738 WebDriverAgentRunner-Runner[1375:148205] Creating future for 'fetching snapshot from testmanagerd.' with timeout 65.00
23:31:35.738 WebDriverAgentRunner-Runner[1375:148205] <XCTWaiter: 0x114491290> entering wait loop for 65.00s with expectations: `fetching snapshot from testmanagerd.`
23:31:35.849 WebDriverAgentRunner-Runner[1375:148231] Got snapshot response with runtime issue support from testmanagerd.
23:31:35.849 WebDriverAgentRunner-Runner[1375:148205] Returning result XCTWaiterResultCompleted for synchronous waiter <XCTWaiter: 0x114491290>
23:31:35.849 WebDriverAgentRunner-Runner[1375:148205] Wait <XCTWaiterWait: 0x10978f400> completed after 0.111s
23:31:35.849 WebDriverAgentRunner-Runner[1375:148205] cleaning up fetching snapshot from testmanagerd.
23:31:35.850 WebDriverAgentRunner-Runner[1375:148205] Creating future for 'getting interface orientation' with timeout 65.00
23:31:35.850 WebDriverAgentRunner-Runner[1375:148205] <XCTWaiter: 0x114491a10> entering wait loop for 65.00s with expectations: `getting interface orientation`
23:31:35.851 WebDriverAgentRunner-Runner[1375:148205] Returning result XCTWaiterResultCompleted for synchronous waiter <XCTWaiter: 0x114491a10>
23:31:35.851 WebDriverAgentRunner-Runner[1375:148205] Wait <XCTWaiterWait: 0x108cbe380> completed after 0.001s
23:31:35.851 WebDriverAgentRunner-Runner[1375:148205] cleaning up getting interface orientation
23:31:35.851 WebDriverAgentRunner-Runner[1375:148205] Requesting local synthesis of event: 
<XCSynthesizedEventRecord 'Swipe Point Array display 0'>
Path 1:
	Touch down at 134.0, 646.0, offset=0.00s
	Move to 153.0, 646.0, offset=0.04s
	Move to 296.0, 662.0, offset=0.08s
	Move to 612.0, 689.0, offset=0.12s
	Move to 805.0, 698.0, offset=0.15s
	Move to 880.0, 702.0, offset=0.19s
	Move to 882.0, 702.0, offset=0.21s
	Touch up at 882.0, 702.0, offset=0.22s
23:31:35.966 WebDriverAgentRunner-Runner[1375:148825] Handling kAXPidStatusChangedNotification
23:31:35.966 WebDriverAgentRunner-Runner[1375:148825] Got kAXPidStatusChangedNotification for pid 1313: active
23:31:35.982 WebDriverAgentRunner-Runner[1375:148826] Handling kAXUserTestingNotification
23:31:35.982 WebDriverAgentRunner-Runner[1375:148826] Received kAXUserTestingNotification from AX element pid: 174, elementOrHash.elementID: 0.1: {
    controllerClass = UICompatibilityInputViewController;
    event = ViewDidAppear;
}
23:31:36.009 WebDriverAgentRunner-Runner[1375:148826] Handling kAXUserTestingNotification
23:31:36.011 WebDriverAgentRunner-Runner[1375:148826] Received kAXUserTestingNotification from AX element pid: 305, elementOrHash.elementID: 0.1: {
    controllerClass = UICompatibilityInputViewController;
    event = ViewDidAppear;
}
23:31:36.012 WebDriverAgentRunner-Runner[1375:148826] Handling kAXUserTestingNotification
23:31:36.013 WebDriverAgentRunner-Runner[1375:148826] Received kAXUserTestingNotification from AX element pid: 305, elementOrHash.elementID: 0.1: {
    controllerClass = UISystemInputAssistantViewController;
    event = ViewDidAppear;
}
23:31:36.013 WebDriverAgentRunner-Runner[1375:148826] Handling kAXUserTestingNotification
23:31:36.013 WebDriverAgentRunner-Runner[1375:148826] Received kAXUserTestingNotification from AX element pid: 305, elementOrHash.elementID: 0.1: {
    controllerClass = UIPredictionViewController;
    event = ViewDidAppear;
}
23:31:36.013 WebDriverAgentRunner-Runner[1375:148826] Handling kAXUserTestingNotification
23:31:36.013 WebDriverAgentRunner-Runner[1375:148826] Received kAXUserTestingNotification from AX element pid: 305, elementOrHash.elementID: 0.1: {
    controllerClass = UICompatibilityInputViewController;
    event = ViewDidDisappear;
}
23:31:36.015 WebDriverAgentRunner-Runner[1375:148826] Handling kAXUserTestingNotification
23:31:36.015 WebDriverAgentRunner-Runner[1375:148826] Received kAXUserTestingNotification from AX element pid: 305, elementOrHash.elementID: 0.1: {
    controllerClass = UISystemInputAssistantViewController;
    event = ViewDidDisappear;
}
23:31:36.016 WebDriverAgentRunner-Runner[1375:148826] Handling kAXUserTestingNotification
23:31:36.017 WebDriverAgentRunner-Runner[1375:148826] Received kAXUserTestingNotification from AX element pid: 305, elementOrHash.elementID: 0.1: {
    controllerClass = UIPredictionViewController;
    event = ViewDidDisappear;
}
23:31:36.017 WebDriverAgentRunner-Runner[1375:148826] Handling kAXUserTestingNotification
23:31:36.017 WebDriverAgentRunner-Runner[1375:148826] Received kAXUserTestingNotification from AX element pid: 305, elementOrHash.elementID: 0.1: {
    controllerClass = UICompatibilityInputViewController;
    event = ViewDidAppear;
}
23:31:36.017 WebDriverAgentRunner-Runner[1375:148826] Handling kAXUserTestingNotification
23:31:36.019 WebDriverAgentRunner-Runner[1375:148826] Received kAXUserTestingNotification from AX element pid: 305, elementOrHash.elementID: 0.1: {
    controllerClass = UICompatibilityInputViewController;
    event = ViewDidDisappear;
}
23:31:36.021 WebDriverAgentRunner-Runner[1375:148558] Handling kAXUserTestingNotification
23:31:36.021 WebDriverAgentRunner-Runner[1375:148558] Received kAXUserTestingNotification from AX element pid: 305, elementOrHash.elementID: 0.1: {
    controllerClass = UIInputWindowController;
    event = ViewDidAppear;
}
23:31:36.021 WebDriverAgentRunner-Runner[1375:148558] Handling kAXUserTestingNotification
23:31:36.021 WebDriverAgentRunner-Runner[1375:148558] Received kAXUserTestingNotification from AX element pid: 305, elementOrHash.elementID: 0.1: {
    controllerClass = UICompatibilityInputViewController;
    event = ViewDidAppear;
}
23:31:36.021 WebDriverAgentRunner-Runner[1375:148558] Handling kAXUserTestingNotification
23:31:36.021 WebDriverAgentRunner-Runner[1375:148558] Received kAXUserTestingNotification from AX element pid: 305, elementOrHash.elementID: 0.1: {
    controllerClass = UISystemInputAssistantViewController;
    event = ViewDidAppear;
}
23:31:36.022 WebDriverAgentRunner-Runner[1375:148558] Handling kAXUserTestingNotification
23:31:36.022 WebDriverAgentRunner-Runner[1375:148558] Received kAXUserTestingNotification from AX element pid: 305, elementOrHash.elementID: 0.1: {
    controllerClass = UIPredictionViewController;
    event = ViewDidAppear;
}
23:31:36.052 WebDriverAgentRunner-Runner[1375:148205] No application process found matching pid 1313, caching
23:31:36.075 WebDriverAgentRunner-Runner[1375:148558] Handling kAXUserTestingNotification
23:31:36.075 WebDriverAgentRunner-Runner[1375:148558] Received kAXUserTestingNotification from AX element pid: 1212, elementOrHash.elementID: 0.1: {
    controllerClass = "_UIViewServiceViewControllerOperator";
    event = ViewDidAppear;
}
23:31:36.077 WebDriverAgentRunner-Runner[1375:148826] Handling kAXPidStatusChangedNotification
23:31:36.077 WebDriverAgentRunner-Runner[1375:148826] Got kAXPidStatusChangedNotification for pid 1313: active
23:31:36.104 WebDriverAgentRunner-Runner[1375:148826] Handling kAXUserTestingNotification
23:31:36.104 WebDriverAgentRunner-Runner[1375:148826] Received kAXUserTestingNotification from AX element pid: 305, elementOrHash.elementID: 0.1: {
    controllerClass = "_UIRemoteInputViewController";
    event = ViewDidAppear;
}
23:31:36.114 WebDriverAgentRunner-Runner[1375:148825] Handling kAXUserTestingNotification
23:31:36.114 WebDriverAgentRunner-Runner[1375:148825] Received kAXUserTestingNotification from AX element pid: 1212, elementOrHash.elementID: 0.1: {
    controllerClass = UIViewController;
    event = ViewDidAppear;
}
23:31:36.114 WebDriverAgentRunner-Runner[1375:148825] Handling kAXUserTestingNotification
23:31:36.115 WebDriverAgentRunner-Runner[1375:148825] Received kAXUserTestingNotification from AX element pid: 1212, elementOrHash.elementID: 0.1: {
    controllerClass = KVKeyboardViewController;
    event = ViewDidAppear;
}
23:31:36.116 WebDriverAgentRunner-Runner[1375:148825] Handling kAXUserTestingNotification
23:31:36.116 WebDriverAgentRunner-Runner[1375:148825] Received kAXUserTestingNotification from AX element pid: 1212, elementOrHash.elementID: 0.1: {
    controllerClass = KVEffectViewController;
    event = ViewDidAppear;
}
23:31:36.116 WebDriverAgentRunner-Runner[1375:148825] Handling kAXUserTestingNotification
23:31:36.117 WebDriverAgentRunner-Runner[1375:148825] Received kAXUserTestingNotification from AX element pid: 174, elementOrHash.elementID: 0.1: {
    event = TouchEventsCompleted;
}
23:31:36.118 WebDriverAgentRunner-Runner[1375:148825] Handling kAXUserTestingNotification
23:31:36.141 WebDriverAgentRunner-Runner[1375:148825] Received kAXUserTestingNotification from AX element pid: 174, elementOrHash.elementID: 0.1: {
    controllerClass = SBSpotlightTransientOverlayViewController;
    event = ViewDidAppear;
}
23:31:36.142 WebDriverAgentRunner-Runner[1375:148825] Handling kAXUserTestingNotification
23:31:36.142 WebDriverAgentRunner-Runner[1375:148825] Received kAXUserTestingNotification from AX element pid: 174, elementOrHash.elementID: 0.1: {
    controllerClass = SBSpotlightTransientOverlaySpotlightViewController;
    event = ViewDidAppear;
}
23:31:36.142 WebDriverAgentRunner-Runner[1375:148825] Handling kAXUserTestingNotification
23:31:36.143 WebDriverAgentRunner-Runner[1375:148825] Received kAXUserTestingNotification from AX element pid: 174, elementOrHash.elementID: 0.1: {
    controllerClass = SPUIRemoteSearchViewController;
    event = ViewDidAppear;
}
23:31:36.143 WebDriverAgentRunner-Runner[1375:148825] Handling kAXUserTestingNotification
23:31:36.143 WebDriverAgentRunner-Runner[1375:148825] Received kAXUserTestingNotification from AX element pid: 174, elementOrHash.elementID: 0.1: {
    event = TouchEventsCompleted;
}
23:31:36.145 WebDriverAgentRunner-Runner[1375:148825] Handling kAXUserTestingNotification
23:31:36.146 WebDriverAgentRunner-Runner[1375:148825] Received kAXUserTestingNotification from AX element pid: 1212, elementOrHash.elementID: 0.1: {
    controllerClass = KeyboardViewController;
    event = ViewDidAppear;
}
23:31:36.146 WebDriverAgentRunner-Runner[1375:148825] Handling kAXUserTestingNotification
23:31:36.146 WebDriverAgentRunner-Runner[1375:148825] Received kAXUserTestingNotification from AX element pid: 1212, elementOrHash.elementID: 0.1: {
    controllerClass = KVBackgroundViewController;
    event = ViewDidAppear;
}
23:31:36.146 WebDriverAgentRunner-Runner[1375:148825] Handling kAXUserTestingNotification
23:31:36.147 WebDriverAgentRunner-Runner[1375:148825] Received kAXUserTestingNotification from AX element pid: 1212, elementOrHash.elementID: 0.1: {
    controllerClass = UIViewController;
    event = ViewDidAppear;
}
23:31:36.147 WebDriverAgentRunner-Runner[1375:148825] Handling kAXUserTestingNotification
23:31:36.147 WebDriverAgentRunner-Runner[1375:148825] Received kAXUserTestingNotification from AX element pid: 1212, elementOrHash.elementID: 0.1: {
    controllerClass = KVKeyboardViewController;
    event = ViewDidAppear;
}
23:31:36.147 WebDriverAgentRunner-Runner[1375:148825] Handling kAXUserTestingNotification
23:31:36.147 WebDriverAgentRunner-Runner[1375:148825] Received kAXUserTestingNotification from AX element pid: 1212, elementOrHash.elementID: 0.1: {
    controllerClass = KVEffectViewController;
    event = ViewDidAppear;
}
23:31:36.154 WebDriverAgentRunner-Runner[1375:148205] No application process found matching pid 1313, caching
23:31:36.388 WebDriverAgentRunner-Runner[1375:148205] Creating future for 'fetching attributes 'XC_kAXXCAttributeSystemAppApplication' for Device system-wide element' with timeout 65.00
23:31:36.388 WebDriverAgentRunner-Runner[1375:148205] <XCTWaiter: 0x114491980> entering wait loop for 65.00s with expectations: `fetching attributes 'XC_kAXXCAttributeSystemAppApplication' for Device system-wide element`
23:31:36.388 WebDriverAgentRunner-Runner[1375:148825] Got attribute fetch response with values {
    "XC_kAXXCAttributeSystemAppApplication" = "AX element pid: 174, elementOrHash.elementID: 0.1";
}, error: (null)
23:31:36.389 WebDriverAgentRunner-Runner[1375:148205] Returning result XCTWaiterResultCompleted for synchronous waiter <XCTWaiter: 0x114491980>
23:31:36.389 WebDriverAgentRunner-Runner[1375:148205] Wait <XCTWaiterWait: 0x108cbf080> completed after 0.001s
23:31:36.389 WebDriverAgentRunner-Runner[1375:148205] cleaning up fetching attributes 'XC_kAXXCAttributeSystemAppApplication' for Device system-wide element
23:31:36.389 WebDriverAgentRunner-Runner[1375:148205] Creating future for 'fetching attributes 'XC_kAXXCAttributeFocusedApplications' for AX element pid: 174, elementOrHash.elementID: 0.1' with timeout 65.00
23:31:36.389 WebDriverAgentRunner-Runner[1375:148205] <XCTWaiter: 0x114490900> entering wait loop for 65.00s with expectations: `fetching attributes 'XC_kAXXCAttributeFocusedApplications' for AX element pid: 174, elementOrHash.elementID: 0.1`
23:31:36.390 WebDriverAgentRunner-Runner[1375:148827] Got attribute fetch response with values {
    "XC_kAXXCAttributeFocusedApplications" =     (
        "AX element pid: 305, elementOrHash.elementID: 0.1"
    );
}, error: (null)
23:31:36.390 WebDriverAgentRunner-Runner[1375:148205] Returning result XCTWaiterResultCompleted for synchronous waiter <XCTWaiter: 0x114490900>
23:31:36.390 WebDriverAgentRunner-Runner[1375:148205] Wait <XCTWaiterWait: 0x108cbdb80> completed after 0.001s
23:31:36.390 WebDriverAgentRunner-Runner[1375:148205] cleaning up fetching attributes 'XC_kAXXCAttributeFocusedApplications' for AX element pid: 174, elementOrHash.elementID: 0.1
23:31:36.390 WebDriverAgentRunner-Runner[1375:148205] Active application elements: (
    "AX element pid: 305, elementOrHash.elementID: 0.1"
)
23:31:36.390 WebDriverAgentRunner-Runner[1375:148205] Creating future for 'getting interface orientation' with timeout 65.00
23:31:36.391 WebDriverAgentRunner-Runner[1375:148205] <XCTWaiter: 0x114490990> entering wait loop for 65.00s with expectations: `getting interface orientation`
23:31:36.391 WebDriverAgentRunner-Runner[1375:148205] Returning result XCTWaiterResultCompleted for synchronous waiter <XCTWaiter: 0x114490990>
23:31:36.391 WebDriverAgentRunner-Runner[1375:148205] Wait <XCTWaiterWait: 0x108cbf980> completed after 0.000s
23:31:36.391 WebDriverAgentRunner-Runner[1375:148205] cleaning up getting interface orientation
23:31:36.391 WebDriverAgentRunner-Runner[1375:148205] Creating future for 'getting interface orientation' with timeout 65.00
23:31:36.391 WebDriverAgentRunner-Runner[1375:148205] <XCTWaiter: 0x114491470> entering wait loop for 65.00s with expectations: `getting interface orientation`
23:31:36.392 WebDriverAgentRunner-Runner[1375:148205] Returning result XCTWaiterResultCompleted for synchronous waiter <XCTWaiter: 0x114491470>
23:31:36.392 WebDriverAgentRunner-Runner[1375:148205] Wait <XCTWaiterWait: 0x108cbc900> completed after 0.000s
23:31:36.392 WebDriverAgentRunner-Runner[1375:148205] cleaning up getting interface orientation
23:31:36.392 WebDriverAgentRunner-Runner[1375:148205] Creating future for 'getting interface orientation' with timeout 65.00
23:31:36.392 WebDriverAgentRunner-Runner[1375:148205] <XCTWaiter: 0x114491680> entering wait loop for 65.00s with expectations: `getting interface orientation`
23:31:36.392 WebDriverAgentRunner-Runner[1375:148205] Returning result XCTWaiterResultCompleted for synchronous waiter <XCTWaiter: 0x114491680>
23:31:36.392 WebDriverAgentRunner-Runner[1375:148205] Wait <XCTWaiterWait: 0x108cbe000> completed after 0.000s
23:31:36.392 WebDriverAgentRunner-Runner[1375:148205] cleaning up getting interface orientation
23:31:36.393 WebDriverAgentRunner-Runner[1375:148205] Requesting local synthesis of event: 
<XCSynthesizedEventRecord 'Swipe Point Array display 0'>
Path 1:
	Touch down at 134.0, 646.0, offset=0.00s
	Move to 153.0, 646.0, offset=0.04s
	Move to 296.0, 662.0, offset=0.08s
	Move to 612.0, 689.0, offset=0.12s
	Move to 805.0, 698.0, offset=0.15s
	Move to 880.0, 702.0, offset=0.19s
	Move to 882.0, 702.0, offset=0.21s
	Touch up at 882.0, 702.0, offset=0.22s
23:31:36.537 WebDriverAgentRunner-Runner[1375:148827] Handling kAXUserTestingNotification
23:31:36.537 WebDriverAgentRunner-Runner[1375:148827] Received kAXUserTestingNotification from AX element pid: 305, elementOrHash.elementID: 0.1: {
    controllerClass = UICompatibilityInputViewController;
    event = ViewDidAppear;
}
23:31:36.653 WebDriverAgentRunner-Runner[1375:148825] Handling kAXUserTestingNotification
23:31:36.654 WebDriverAgentRunner-Runner[1375:148825] Received kAXUserTestingNotification from AX element pid: 174, elementOrHash.elementID: 0.1: {
    event = TouchEventsCompleted;
}
23:31:36.655 WebDriverAgentRunner-Runner[1375:148825] Handling kAXUserTestingNotification
23:31:36.655 WebDriverAgentRunner-Runner[1375:148825] Received kAXUserTestingNotification from AX element pid: 305, elementOrHash.elementID: 0.1: {
    event = TouchEventsCompleted;
}
23:31:37.478 WebDriverAgentRunner-Runner[1375:148205] Creating future for 'fetching attributes 'XC_kAXXCAttributeSystemAppApplication' for Device system-wide element' with timeout 65.00
23:31:37.478 WebDriverAgentRunner-Runner[1375:148205] <XCTWaiter: 0x114490720> entering wait loop for 65.00s with expectations: `fetching attributes 'XC_kAXXCAttributeSystemAppApplication' for Device system-wide element`
23:31:37.478 WebDriverAgentRunner-Runner[1375:148827] Got attribute fetch response with values {
    "XC_kAXXCAttributeSystemAppApplication" = "AX element pid: 174, elementOrHash.elementID: 0.1";
}, error: (null)
23:31:37.479 WebDriverAgentRunner-Runner[1375:148205] Returning result XCTWaiterResultCompleted for synchronous waiter <XCTWaiter: 0x114490720>
23:31:37.479 WebDriverAgentRunner-Runner[1375:148205] Wait <XCTWaiterWait: 0x108cbcb40> completed after 0.001s
23:31:37.479 WebDriverAgentRunner-Runner[1375:148205] cleaning up fetching attributes 'XC_kAXXCAttributeSystemAppApplication' for Device system-wide element
23:31:37.479 WebDriverAgentRunner-Runner[1375:148205] Creating future for 'fetching attributes 'XC_kAXXCAttributeFocusedApplications' for AX element pid: 174, elementOrHash.elementID: 0.1' with timeout 65.00
23:31:37.479 WebDriverAgentRunner-Runner[1375:148205] <XCTWaiter: 0x1144908a0> entering wait loop for 65.00s with expectations: `fetching attributes 'XC_kAXXCAttributeFocusedApplications' for AX element pid: 174, elementOrHash.elementID: 0.1`
23:31:37.481 WebDriverAgentRunner-Runner[1375:148827] Got attribute fetch response with values {
    "XC_kAXXCAttributeFocusedApplications" =     (
        "AX element pid: 305, elementOrHash.elementID: 0.1"
    );
}, error: (null)
23:31:37.481 WebDriverAgentRunner-Runner[1375:148205] Returning result XCTWaiterResultCompleted for synchronous waiter <XCTWaiter: 0x1144908a0>
23:31:37.481 WebDriverAgentRunner-Runner[1375:148205] Wait <XCTWaiterWait: 0x108cbe480> completed after 0.002s
23:31:37.481 WebDriverAgentRunner-Runner[1375:148205] cleaning up fetching attributes 'XC_kAXXCAttributeFocusedApplications' for AX element pid: 174, elementOrHash.elementID: 0.1
    t =    32.81s Tap Application 'com.apple.Spotlight'[0.00, 0.00] -> (1308.0, 340.0)
23:31:37.482 WebDriverAgentRunner-Runner[1375:148205] Active application elements: (
    "AX element pid: 305, elementOrHash.elementID: 0.1"
)
23:31:37.482 WebDriverAgentRunner-Runner[1375:148205] <XCTContext: 0x105d9cd20> started activity <XCActivityRecord: 0x108d4a4c0> 2026-07-19 16:31:37 +0000: Tap Application 'com.apple.Spotlight'[0.00, 0.00] -> (1308.0, 340.0)
23:31:37.482 WebDriverAgentRunner-Runner[1375:148205] Overriding application state timeout, 60.0 -> 10.0
23:31:37.482 WebDriverAgentRunner-Runner[1375:148205] <XCTContext: 0x105d9cd20> started activity <XCActivityRecord: 0x108d48000> 2026-07-19 16:31:37 +0000: Wait for com.apple.Spotlight to idle
23:31:37.482 WebDriverAgentRunner-Runner[1375:148205] Creating future for 'getting screen identifiers' with timeout 30.00
23:31:37.483 WebDriverAgentRunner-Runner[1375:148205] <XCTWaiter: 0x114490090> entering wait loop for 30.00s with expectations: `getting screen identifiers`
23:31:37.483 WebDriverAgentRunner-Runner[1375:148205] Returning result XCTWaiterResultCompleted for synchronous waiter <XCTWaiter: 0x114490090>
23:31:37.483 WebDriverAgentRunner-Runner[1375:148205] Wait <XCTWaiterWait: 0x108cbe100> completed after 0.000s
23:31:37.483 WebDriverAgentRunner-Runner[1375:148205] cleaning up getting screen identifiers
23:31:37.483 WebDriverAgentRunner-Runner[1375:148205] Waiting for com.apple.Spotlight (PID 305) quiescence...
23:31:37.483 WebDriverAgentRunner-Runner[1375:148558] com.apple.Spotlight (pid:305) eventLoopHasIdled YES -> NO
23:31:37.483 WebDriverAgentRunner-Runner[1375:148205] Requesting main run loop idle notification using automation session for com.apple.Spotlight (pid:305)
23:31:37.483 WebDriverAgentRunner-Runner[1375:148229] Posting KVO notifications for eventLoopHasIdled
23:31:37.483 WebDriverAgentRunner-Runner[1375:148558] com.apple.Spotlight (pid:305) animationsHaveFinished YES -> NO
23:31:37.484 WebDriverAgentRunner-Runner[1375:148229] Posting KVO notifications for animationsHaveFinished
23:31:37.484 WebDriverAgentRunner-Runner[1375:148205] Requesting animations idle notification using automation session for com.apple.Spotlight (pid:305)
23:31:37.484 WebDriverAgentRunner-Runner[1375:148558] Got event loop idle reply for com.apple.Spotlight (PID 305)
23:31:37.484 WebDriverAgentRunner-Runner[1375:148205] Waiting on quiescence state variables
23:31:37.484 WebDriverAgentRunner-Runner[1375:148558] Event loop is idle.
23:31:37.484 WebDriverAgentRunner-Runner[1375:148205] KVO change: checked status of Expect value of 'foreground' of com.apple.Spotlight (pid:305) to be '0': fulfill=NO
23:31:37.484 WebDriverAgentRunner-Runner[1375:148231] com.apple.Spotlight (pid:305) eventLoopHasIdled NO -> YES
23:31:37.484 WebDriverAgentRunner-Runner[1375:148558] Posting KVO notifications for eventLoopHasIdled
23:31:37.484 WebDriverAgentRunner-Runner[1375:148205] KVO change: checked status of Expect value of 'foreground' of com.apple.Spotlight (pid:305) to be '0': fulfill=NO
23:31:37.485 WebDriverAgentRunner-Runner[1375:148205] isQuiescent: self.eventLoopHasIdled: YES && self.animationsHaveFinished: NO
23:31:37.485 WebDriverAgentRunner-Runner[1375:148205] KVO change: checked status of Expect value of 'isQuiescent' of com.apple.Spotlight (pid:305) to be '1': fulfill=NO
23:31:37.485 WebDriverAgentRunner-Runner[1375:148205] isQuiescent: self.eventLoopHasIdled: YES && self.animationsHaveFinished: NO
23:31:37.485 WebDriverAgentRunner-Runner[1375:148205] KVO change: checked status of Expect value of 'isQuiescent' of com.apple.Spotlight (pid:305) to be '1': fulfill=NO
23:31:37.485 WebDriverAgentRunner-Runner[1375:148205] Not fulfilling (Expect value of 'foreground' of com.apple.Spotlight (pid:305) to be '0' OR Expect value of 'isQuiescent' of com.apple.Spotlight (pid:305) to be '1') because no subexpectations are fulfilled
23:31:37.485 WebDriverAgentRunner-Runner[1375:148205] <XCTWaiter: 0x1144913e0> entering wait loop for 10.00s with expectations: `(Expect value of 'foreground' of com.apple.Spotlight (pid:305) to be '0' OR Expect value of 'isQuiescent' of com.apple.Spotlight (pid:305) to be '1')`
    t =    32.81s     Wait for com.apple.Spotlight to idle
23:31:37.570 WebDriverAgentRunner-Runner[1375:148558] Got animations reply for com.apple.Spotlight (PID 305)
23:31:37.570 WebDriverAgentRunner-Runner[1375:148558] Animations are not active.
23:31:37.570 WebDriverAgentRunner-Runner[1375:148826] com.apple.Spotlight (pid:305) animationsHaveFinished NO -> YES
23:31:37.570 WebDriverAgentRunner-Runner[1375:148558] Posting KVO notifications for animationsHaveFinished
23:31:37.571 WebDriverAgentRunner-Runner[1375:148558] isQuiescent: self.eventLoopHasIdled: YES && self.animationsHaveFinished: YES
23:31:37.571 WebDriverAgentRunner-Runner[1375:148558] isQuiescent: self.eventLoopHasIdled: YES && self.animationsHaveFinished: YES
23:31:37.571 WebDriverAgentRunner-Runner[1375:148558] KVO change: checked status of Expect value of 'isQuiescent' of com.apple.Spotlight (pid:305) to be '1': fulfill=YES
23:31:37.571 WebDriverAgentRunner-Runner[1375:148558] Fulfilling (Expect value of 'foreground' of com.apple.Spotlight (pid:305) to be '0' OR Expect value of 'isQuiescent' of com.apple.Spotlight (pid:305) to be '1') because Expect value of 'isQuiescent' of com.apple.Spotlight (pid:305) to be '1' is fulfilled
23:31:37.571 WebDriverAgentRunner-Runner[1375:148205] Returning result XCTWaiterResultCompleted for synchronous waiter <XCTWaiter: 0x1144913e0>
23:31:37.571 WebDriverAgentRunner-Runner[1375:148205] Wait <XCTWaiterWait: 0x108cbd540> completed after 0.086s
23:31:37.571 WebDriverAgentRunner-Runner[1375:148205] cleaning up (Expect value of 'foreground' of com.apple.Spotlight (pid:305) to be '0' OR Expect value of 'isQuiescent' of com.apple.Spotlight (pid:305) to be '1')
23:31:37.571 WebDriverAgentRunner-Runner[1375:148205] cleaning up Expect value of 'foreground' of com.apple.Spotlight (pid:305) to be '0'
23:31:37.571 WebDriverAgentRunner-Runner[1375:148205] cleaning up Expect value of 'foreground' of com.apple.Spotlight (pid:305) to be '0'
23:31:37.571 WebDriverAgentRunner-Runner[1375:148205] cleaning up Expect value of 'isQuiescent' of com.apple.Spotlight (pid:305) to be '1'
23:31:37.571 WebDriverAgentRunner-Runner[1375:148205] cleaning up Expect value of 'isQuiescent' of com.apple.Spotlight (pid:305) to be '1'
23:31:37.572 WebDriverAgentRunner-Runner[1375:148205] com.apple.Spotlight has quiesced or quiescence timeout has elapsed.
23:31:37.572 WebDriverAgentRunner-Runner[1375:148205] <XCTContext: 0x105d9cd20> finished activity <XCActivityRecord: 0x108d48000> 2026-07-19 16:31:37 +0000: Wait for com.apple.Spotlight to idle (0.0894661s)
23:31:37.572 WebDriverAgentRunner-Runner[1375:148205] Overriding application state timeout, 10.0 -> 60.0
23:31:37.572 WebDriverAgentRunner-Runner[1375:148205] <XCTContext: 0x105d9cd20> started activity <XCActivityRecord: 0x108d48000> 2026-07-19 16:31:37 +0000: Find the Application 'com.apple.Spotlight'
23:31:37.572 WebDriverAgentRunner-Runner[1375:148205] Executing query:

23:31:37.572 WebDriverAgentRunner-Runner[1375:148205] Creating future for 'checking for continuity enablement' with timeout 30.00
    t =    32.90s     Find the Application 'com.apple.Spotlight'
23:31:37.573 WebDriverAgentRunner-Runner[1375:148205] <XCTWaiter: 0x114491500> entering wait loop for 30.00s with expectations: `checking for continuity enablement`
23:31:37.574 WebDriverAgentRunner-Runner[1375:148205] Returning result XCTWaiterResultCompleted for synchronous waiter <XCTWaiter: 0x114491500>
23:31:37.574 WebDriverAgentRunner-Runner[1375:148205] Wait <XCTWaiterWait: 0x108cbcc40> completed after 0.001s
23:31:37.574 WebDriverAgentRunner-Runner[1375:148205] cleaning up checking for continuity enablement
23:31:37.574 WebDriverAgentRunner-Runner[1375:148205] Should evaluate query remotely? XCTDisableRemoteQueryEvaluation(d-write): YES, hasAutomationSession: YES, supportsRemoteEvaluation: YES
23:31:37.574 WebDriverAgentRunner-Runner[1375:148205] Getting matching snapshots for locally evaluated query
23:31:37.574 WebDriverAgentRunner-Runner[1375:148205] Evaluating query:
 
23:31:37.574 WebDriverAgentRunner-Runner[1375:148205] Getting root element snapshot
23:31:37.574 WebDriverAgentRunner-Runner[1375:148205] Getting snapshot for App element pid: 305 for query 
23:31:37.574 WebDriverAgentRunner-Runner[1375:148205] <XCTContext: 0x105d9cd20> started activity <XCActivityRecord: 0x108d481c0> 2026-07-19 16:31:37 +0000: Requesting snapshot of accessibility hierarchy for app with pid 305
23:31:37.575 WebDriverAgentRunner-Runner[1375:148205] Query requires iOS snapshot attributes .
23:31:37.575 WebDriverAgentRunner-Runner[1375:148205] XCUIElementQuery <XCTElementSnapshotProvider> getting snapshot
23:31:37.575 WebDriverAgentRunner-Runner[1375:148205] Snapshot request has custom attributes 
23:31:37.575 WebDriverAgentRunner-Runner[1375:148205] Snapshot request has custom parameters {
    snapshotKeyHonorModalViews = 0;
}
23:31:37.575 WebDriverAgentRunner-Runner[1375:148205] Current snapshot generation is 705
23:31:37.575 WebDriverAgentRunner-Runner[1375:148205] Query rootElementSnapshot is non-null with generation count 666
23:31:37.575 WebDriverAgentRunner-Runner[1375:148205] Capturing a new snapshot
23:31:37.575 WebDriverAgentRunner-Runner[1375:148205] Fetching snapshot for App element pid: 305 from testmanagerd with attributes XC_kAXXCAttributeElementType, XC_kAXXCAttributeElementBaseType, XC_kAXXCAttributeParent, XC_kAXXCAttributeIdentifier, XC_kAXXCAttributeAutomationType, XC_kAXXCAttributeTraits and parameters {
    maxArrayCount = 2147483647;
    maxChildren = 2147483647;
    maxDepth = 50;
    snapshotKeyHonorModalViews = 0;
    traverseFromParentsToChildren = 1;
}.
23:31:37.575 WebDriverAgentRunner-Runner[1375:148205] Creating future for 'fetching snapshot from testmanagerd.' with timeout 65.00
23:31:37.576 WebDriverAgentRunner-Runner[1375:148205] <XCTWaiter: 0x114492100> entering wait loop for 65.00s with expectations: `fetching snapshot from testmanagerd.`
    t =    32.90s         Requesting snapshot of accessibility hierarchy for app with pid 305
23:31:37.804 WebDriverAgentRunner-Runner[1375:148558] Got snapshot response with runtime issue support from testmanagerd.
23:31:37.805 WebDriverAgentRunner-Runner[1375:148205] Returning result XCTWaiterResultCompleted for synchronous waiter <XCTWaiter: 0x114492100>
23:31:37.805 WebDriverAgentRunner-Runner[1375:148205] Wait <XCTWaiterWait: 0x108cbc900> completed after 0.229s
23:31:37.805 WebDriverAgentRunner-Runner[1375:148205] cleaning up fetching snapshot from testmanagerd.
23:31:37.805 WebDriverAgentRunner-Runner[1375:148205] <XCTContext: 0x105d9cd20> finished activity <XCActivityRecord: 0x108d481c0> 2026-07-19 16:31:37 +0000: Requesting snapshot of accessibility hierarchy for app with pid 305 (0.230563s)
    t =    33.13s Application is configured to skip UI interruption handling
23:31:37.805 WebDriverAgentRunner-Runner[1375:148205] Found matches {(
    App element pid: 305
)} with root App element pid: 305
23:31:37.806 WebDriverAgentRunner-Runner[1375:148205] <XCTContext: 0x105d9cd20> finished activity <XCActivityRecord: 0x108d48000> 2026-07-19 16:31:37 +0000: Find the Application 'com.apple.Spotlight' (0.233644s)
23:31:37.806 WebDriverAgentRunner-Runner[1375:148205] <XCTContext: 0x105fc62b0> started activity <XCActivityRecord: 0x108d48000> 2026-07-19 16:31:37 +0000: Application is configured to skip UI interruption handling
23:31:37.806 WebDriverAgentRunner-Runner[1375:148205] <XCTContext: 0x105fc62b0> finished activity <XCActivityRecord: 0x108d48000> 2026-07-19 16:31:37 +0000: Application is configured to skip UI interruption handling (0.000250936s)
23:31:37.806 WebDriverAgentRunner-Runner[1375:148205] Creating future for 'checking for continuity enablement' with timeout 30.00
23:31:37.807 WebDriverAgentRunner-Runner[1375:148205] <XCTWaiter: 0x114491ec0> entering wait loop for 30.00s with expectations: `checking for continuity enablement`
23:31:37.807 WebDriverAgentRunner-Runner[1375:148205] Returning result XCTWaiterResultCompleted for synchronous waiter <XCTWaiter: 0x114491ec0>
23:31:37.807 WebDriverAgentRunner-Runner[1375:148205] Wait <XCTWaiterWait: 0x108c2cd00> completed after 0.001s
23:31:37.807 WebDriverAgentRunner-Runner[1375:148205] cleaning up checking for continuity enablement
23:31:37.807 WebDriverAgentRunner-Runner[1375:148205] Creating future for 'fetching attributes 'XC_kAXXCAttributeElementType', 'XC_kAXXCAttributeElementBaseType', 'XC_kAXXCAttributeTraits', 'XC_kAXXCAttributeAutomationType' for App element pid: 305' with timeout 30.00
23:31:37.808 WebDriverAgentRunner-Runner[1375:148205] <XCTWaiter: 0x1144913b0> entering wait loop for 30.00s with expectations: `fetching attributes 'XC_kAXXCAttributeElementType', 'XC_kAXXCAttributeElementBaseType', 'XC_kAXXCAttributeTraits', 'XC_kAXXCAttributeAutomationType' for App element pid: 305`
23:31:37.810 WebDriverAgentRunner-Runner[1375:148205] Returning result XCTWaiterResultCompleted for synchronous waiter <XCTWaiter: 0x1144913b0>
23:31:37.810 WebDriverAgentRunner-Runner[1375:148205] Wait <XCTWaiterWait: 0x108c2df00> completed after 0.002s
23:31:37.810 WebDriverAgentRunner-Runner[1375:148205] cleaning up fetching attributes 'XC_kAXXCAttributeElementType', 'XC_kAXXCAttributeElementBaseType', 'XC_kAXXCAttributeTraits', 'XC_kAXXCAttributeAutomationType' for App element pid: 305
23:31:37.810 WebDriverAgentRunner-Runner[1375:148205] App element pid: 305 (App element pid: 305) faulted in {
    "XC_kAXXCAttributeAutomationType" = 1;
    "XC_kAXXCAttributeElementBaseType" = UIApplication;
    "XC_kAXXCAttributeElementType" = SPUIApplication;
    "XC_kAXXCAttributeTraits" = 0;
}: (no error) for elementType using XC_kAXXCAttributeElementType, XC_kAXXCAttributeElementBaseType, XC_kAXXCAttributeTraits, XC_kAXXCAttributeAutomationType
23:31:37.810 WebDriverAgentRunner-Runner[1375:148205] Computed elementType Application.
23:31:37.810 WebDriverAgentRunner-Runner[1375:148205] <XCTContext: 0x105d9cd20> started activity <XCActivityRecord: 0x108d481c0> 2026-07-19 16:31:37 +0000: Synthesize event
23:31:37.811 WebDriverAgentRunner-Runner[1375:148205] Creating future for 'checking for continuity enablement' with timeout 30.00
    t =    33.14s     Synthesize event
23:31:37.811 WebDriverAgentRunner-Runner[1375:148205] <XCTWaiter: 0x1144934b0> entering wait loop for 30.00s with expectations: `checking for continuity enablement`
23:31:37.812 WebDriverAgentRunner-Runner[1375:148205] Returning result XCTWaiterResultCompleted for synchronous waiter <XCTWaiter: 0x1144934b0>
23:31:37.812 WebDriverAgentRunner-Runner[1375:148205] Wait <XCTWaiterWait: 0x108c2dfc0> completed after 0.001s
23:31:37.812 WebDriverAgentRunner-Runner[1375:148205] cleaning up checking for continuity enablement
23:31:37.812 WebDriverAgentRunner-Runner[1375:148205] Creating future for 'fetching attributes 'XC_kAXXCAttributeWindowDisplayId' for App element pid: 305' with timeout 30.00
23:31:37.812 WebDriverAgentRunner-Runner[1375:148205] <XCTWaiter: 0x1144933c0> entering wait loop for 30.00s with expectations: `fetching attributes 'XC_kAXXCAttributeWindowDisplayId' for App element pid: 305`
23:31:37.814 WebDriverAgentRunner-Runner[1375:148205] Returning result XCTWaiterResultCompleted for synchronous waiter <XCTWaiter: 0x1144933c0>
23:31:37.814 WebDriverAgentRunner-Runner[1375:148205] Wait <XCTWaiterWait: 0x108c2ec80> completed after 0.002s
23:31:37.815 WebDriverAgentRunner-Runner[1375:148205] cleaning up fetching attributes 'XC_kAXXCAttributeWindowDisplayId' for App element pid: 305
23:31:37.815 WebDriverAgentRunner-Runner[1375:148205] Application, pid: 305 (App element pid: 305) faulted in {
    "XC_kAXXCAttributeWindowDisplayId" = 0;
}: (no error) for displayID using XC_kAXXCAttributeWindowDisplayId
23:31:37.815 WebDriverAgentRunner-Runner[1375:148205] Fetched display ID for Application, pid: 305 was 0, checked nearest remote ancestor (null), got (null)
23:31:37.815 WebDriverAgentRunner-Runner[1375:148205] Creating future for 'getting screen identifiers' with timeout 30.00
23:31:37.815 WebDriverAgentRunner-Runner[1375:148205] <XCTWaiter: 0x114491680> entering wait loop for 30.00s with expectations: `getting screen identifiers`
23:31:37.815 WebDriverAgentRunner-Runner[1375:148205] Returning result XCTWaiterResultCompleted for synchronous waiter <XCTWaiter: 0x114491680>
23:31:37.815 WebDriverAgentRunner-Runner[1375:148205] Wait <XCTWaiterWait: 0x108c2f040> completed after 0.000s
23:31:37.815 WebDriverAgentRunner-Runner[1375:148205] cleaning up getting screen identifiers
23:31:37.815 WebDriverAgentRunner-Runner[1375:148205] Creating future for 'synthesizing event' with timeout TBD
23:31:37.815 WebDriverAgentRunner-Runner[1375:148205] <XCTContext: 0x105d9cd20> started activity <XCActivityRecord: 0x108d4aae0> 2026-07-19 16:31:37 +0000: Find the Application 'com.apple.Spotlight'
    t =    33.14s         Find the Application 'com.apple.Spotlight'
23:31:37.816 WebDriverAgentRunner-Runner[1375:148205] Executing query:

23:31:37.816 WebDriverAgentRunner-Runner[1375:148205] Creating future for 'checking for continuity enablement' with timeout 30.00
23:31:37.816 WebDriverAgentRunner-Runner[1375:148205] <XCTWaiter: 0x114490ab0> entering wait loop for 30.00s with expectations: `checking for continuity enablement`
23:31:37.817 WebDriverAgentRunner-Runner[1375:148205] Returning result XCTWaiterResultCompleted for synchronous waiter <XCTWaiter: 0x114490ab0>
23:31:37.817 WebDriverAgentRunner-Runner[1375:148205] Wait <XCTWaiterWait: 0x108c2f700> completed after 0.001s
23:31:37.817 WebDriverAgentRunner-Runner[1375:148205] cleaning up checking for continuity enablement
23:31:37.817 WebDriverAgentRunner-Runner[1375:148205] Should evaluate query remotely? XCTDisableRemoteQueryEvaluation(d-write): YES, hasAutomationSession: YES, supportsRemoteEvaluation: YES
23:31:37.817 WebDriverAgentRunner-Runner[1375:148205] Getting matching snapshots for locally evaluated query
23:31:37.817 WebDriverAgentRunner-Runner[1375:148205] Evaluating query:
 
23:31:37.817 WebDriverAgentRunner-Runner[1375:148205] Getting root element snapshot
23:31:37.817 WebDriverAgentRunner-Runner[1375:148205] Getting snapshot for App element pid: 305 for query 
23:31:37.817 WebDriverAgentRunner-Runner[1375:148205] <XCTContext: 0x105d9cd20> started activity <XCActivityRecord: 0x108d4ab50> 2026-07-19 16:31:37 +0000: Requesting snapshot of accessibility hierarchy for app with pid 305
23:31:37.818 WebDriverAgentRunner-Runner[1375:148205] Query requires iOS snapshot attributes .
23:31:37.818 WebDriverAgentRunner-Runner[1375:148205] XCUIElementQuery <XCTElementSnapshotProvider> getting snapshot
23:31:37.818 WebDriverAgentRunner-Runner[1375:148205] Snapshot request has custom attributes 
23:31:37.818 WebDriverAgentRunner-Runner[1375:148205] Snapshot request has custom parameters {
    snapshotKeyHonorModalViews = 0;
}
23:31:37.818 WebDriverAgentRunner-Runner[1375:148205] Current snapshot generation is 713
23:31:37.818 WebDriverAgentRunner-Runner[1375:148205] Query rootElementSnapshot is non-null with generation count 708
23:31:37.818 WebDriverAgentRunner-Runner[1375:148205] Capturing a new snapshot
23:31:37.818 WebDriverAgentRunner-Runner[1375:148205] Fetching snapshot for App element pid: 305 from testmanagerd with attributes XC_kAXXCAttributeElementType, XC_kAXXCAttributeElementBaseType, XC_kAXXCAttributeParent, XC_kAXXCAttributeIdentifier, XC_kAXXCAttributeAutomationType, XC_kAXXCAttributeTraits and parameters {
    maxArrayCount = 2147483647;
    maxChildren = 2147483647;
    maxDepth = 50;
    snapshotKeyHonorModalViews = 0;
    traverseFromParentsToChildren = 1;
}.
23:31:37.818 WebDriverAgentRunner-Runner[1375:148205] Creating future for 'fetching snapshot from testmanagerd.' with timeout 65.00
23:31:37.818 WebDriverAgentRunner-Runner[1375:148205] <XCTWaiter: 0x114492040> entering wait loop for 65.00s with expectations: `fetching snapshot from testmanagerd.`
    t =    33.14s             Requesting snapshot of accessibility hierarchy for app with pid 305
23:31:38.015 WebDriverAgentRunner-Runner[1375:148558] Got snapshot response with runtime issue support from testmanagerd.
23:31:38.015 WebDriverAgentRunner-Runner[1375:148205] Returning result XCTWaiterResultCompleted for synchronous waiter <XCTWaiter: 0x114492040>
23:31:38.016 WebDriverAgentRunner-Runner[1375:148205] Wait <XCTWaiterWait: 0x108c2fa00> completed after 0.197s
23:31:38.016 WebDriverAgentRunner-Runner[1375:148205] cleaning up fetching snapshot from testmanagerd.
23:31:38.016 WebDriverAgentRunner-Runner[1375:148205] <XCTContext: 0x105d9cd20> finished activity <XCActivityRecord: 0x108d4ab50> 2026-07-19 16:31:37 +0000: Requesting snapshot of accessibility hierarchy for app with pid 305 (0.198372s)
23:31:38.016 WebDriverAgentRunner-Runner[1375:148205] Found matches {(
    App element pid: 305
)} with root App element pid: 305
23:31:38.016 WebDriverAgentRunner-Runner[1375:148205] <XCTContext: 0x105d9cd20> finished activity <XCActivityRecord: 0x108d4aae0> 2026-07-19 16:31:37 +0000: Find the Application 'com.apple.Spotlight' (0.200801s)
23:31:38.016 WebDriverAgentRunner-Runner[1375:148205] Creating future for 'checking for continuity enablement' with timeout 30.00
23:31:38.017 WebDriverAgentRunner-Runner[1375:148205] <XCTWaiter: 0x1095eff30> entering wait loop for 30.00s with expectations: `checking for continuity enablement`
23:31:38.017 WebDriverAgentRunner-Runner[1375:148205] Returning result XCTWaiterResultCompleted for synchronous waiter <XCTWaiter: 0x1095eff30>
23:31:38.017 WebDriverAgentRunner-Runner[1375:148205] Wait <XCTWaiterWait: 0x109768840> completed after 0.001s
23:31:38.017 WebDriverAgentRunner-Runner[1375:148205] cleaning up checking for continuity enablement
23:31:38.018 WebDriverAgentRunner-Runner[1375:148205] Creating future for 'fetching attributes 'XC_kAXXCAttributeFrame', 'XC_kAXXCAttributeWindowDisplayId', 'XC_kAXXCAttributeWindowContextId' for App element pid: 305' with timeout 30.00
23:31:38.018 WebDriverAgentRunner-Runner[1375:148205] <XCTWaiter: 0x1095efe10> entering wait loop for 30.00s with expectations: `fetching attributes 'XC_kAXXCAttributeFrame', 'XC_kAXXCAttributeWindowDisplayId', 'XC_kAXXCAttributeWindowContextId' for App element pid: 305`
23:31:38.020 WebDriverAgentRunner-Runner[1375:148205] Returning result XCTWaiterResultCompleted for synchronous waiter <XCTWaiter: 0x1095efe10>
23:31:38.020 WebDriverAgentRunner-Runner[1375:148205] Wait <XCTWaiterWait: 0x10976af40> completed after 0.002s
23:31:38.020 WebDriverAgentRunner-Runner[1375:148205] cleaning up fetching attributes 'XC_kAXXCAttributeFrame', 'XC_kAXXCAttributeWindowDisplayId', 'XC_kAXXCAttributeWindowContextId' for App element pid: 305
23:31:38.020 WebDriverAgentRunner-Runner[1375:148205] App element pid: 305 (App element pid: 305) faulted in {
    "XC_kAXXCAttributeFrame" =     {
        Height = 1024;
        Width = 1366;
        X = 0;
        Y = 0;
    };
    "XC_kAXXCAttributeWindowContextId" = 3494286145;
    "XC_kAXXCAttributeWindowDisplayId" = 0;
}: (no error) for frame using XC_kAXXCAttributeFrame, XC_kAXXCAttributeWindowDisplayId, XC_kAXXCAttributeWindowContextId
23:31:38.020 WebDriverAgentRunner-Runner[1375:148205] Creating future for 'checking for continuity enablement' with timeout 30.00
23:31:38.021 WebDriverAgentRunner-Runner[1375:148205] <XCTWaiter: 0x114491860> entering wait loop for 30.00s with expectations: `checking for continuity enablement`
23:31:38.021 WebDriverAgentRunner-Runner[1375:148205] Returning result XCTWaiterResultCompleted for synchronous waiter <XCTWaiter: 0x114491860>
23:31:38.021 WebDriverAgentRunner-Runner[1375:148205] Wait <XCTWaiterWait: 0x10976bf00> completed after 0.001s
23:31:38.022 WebDriverAgentRunner-Runner[1375:148205] cleaning up checking for continuity enablement
23:31:38.022 WebDriverAgentRunner-Runner[1375:148205] Creating future for 'fetching attributes 'XC_kAXXCAttributeElementType', 'XC_kAXXCAttributeElementBaseType', 'XC_kAXXCAttributeTraits', 'XC_kAXXCAttributeAutomationType' for App element pid: 305' with timeout 30.00
23:31:38.022 WebDriverAgentRunner-Runner[1375:148205] <XCTWaiter: 0x114490ab0> entering wait loop for 30.00s with expectations: `fetching attributes 'XC_kAXXCAttributeElementType', 'XC_kAXXCAttributeElementBaseType', 'XC_kAXXCAttributeTraits', 'XC_kAXXCAttributeAutomationType' for App element pid: 305`
23:31:38.024 WebDriverAgentRunner-Runner[1375:148205] Returning result XCTWaiterResultCompleted for synchronous waiter <XCTWaiter: 0x114490ab0>
23:31:38.024 WebDriverAgentRunner-Runner[1375:148205] Wait <XCTWaiterWait: 0x10976b300> completed after 0.002s
23:31:38.024 WebDriverAgentRunner-Runner[1375:148205] cleaning up fetching attributes 'XC_kAXXCAttributeElementType', 'XC_kAXXCAttributeElementBaseType', 'XC_kAXXCAttributeTraits', 'XC_kAXXCAttributeAutomationType' for App element pid: 305
23:31:38.024 WebDriverAgentRunner-Runner[1375:148205] App element pid: 305 (App element pid: 305) faulted in {
    "XC_kAXXCAttributeAutomationType" = 1;
    "XC_kAXXCAttributeElementBaseType" = UIApplication;
    "XC_kAXXCAttributeElementType" = SPUIApplication;
    "XC_kAXXCAttributeTraits" = 0;
}: (no error) for elementType using XC_kAXXCAttributeElementType, XC_kAXXCAttributeElementBaseType, XC_kAXXCAttributeTraits, XC_kAXXCAttributeAutomationType
    t =    33.35s         Find the Application 'com.apple.Spotlight'
23:31:38.024 WebDriverAgentRunner-Runner[1375:148205] Computed elementType Application.
23:31:38.024 WebDriverAgentRunner-Runner[1375:148205] <XCTContext: 0x105d9cd20> started activity <XCActivityRecord: 0x108d4abc0> 2026-07-19 16:31:38 +0000: Find the Application 'com.apple.Spotlight'
23:31:38.025 WebDriverAgentRunner-Runner[1375:148205] Executing query:

23:31:38.025 WebDriverAgentRunner-Runner[1375:148205] Creating future for 'checking for continuity enablement' with timeout 30.00
23:31:38.025 WebDriverAgentRunner-Runner[1375:148205] <XCTWaiter: 0x114491050> entering wait loop for 30.00s with expectations: `checking for continuity enablement`
23:31:38.025 WebDriverAgentRunner-Runner[1375:148205] Returning result XCTWaiterResultCompleted for synchronous waiter <XCTWaiter: 0x114491050>
23:31:38.026 WebDriverAgentRunner-Runner[1375:148205] Wait <XCTWaiterWait: 0x1097692c0> completed after 0.001s
23:31:38.026 WebDriverAgentRunner-Runner[1375:148205] cleaning up checking for continuity enablement
23:31:38.026 WebDriverAgentRunner-Runner[1375:148205] Should evaluate query remotely? XCTDisableRemoteQueryEvaluation(d-write): YES, hasAutomationSession: YES, supportsRemoteEvaluation: YES
23:31:38.026 WebDriverAgentRunner-Runner[1375:148205] Getting matching snapshots for locally evaluated query
23:31:38.026 WebDriverAgentRunner-Runner[1375:148205] Evaluating query:
 
23:31:38.026 WebDriverAgentRunner-Runner[1375:148205] Getting root element snapshot
23:31:38.026 WebDriverAgentRunner-Runner[1375:148205] Getting snapshot for App element pid: 305 for query 
23:31:38.026 WebDriverAgentRunner-Runner[1375:148205] <XCTContext: 0x105d9cd20> started activity <XCActivityRecord: 0x108d4ac30> 2026-07-19 16:31:38 +0000: Requesting snapshot of accessibility hierarchy for app with pid 305
23:31:38.026 WebDriverAgentRunner-Runner[1375:148205] Query requires iOS snapshot attributes .
23:31:38.026 WebDriverAgentRunner-Runner[1375:148205] XCUIElementQuery <XCTElementSnapshotProvider> getting snapshot
23:31:38.027 WebDriverAgentRunner-Runner[1375:148205] Snapshot request has custom attributes 
23:31:38.027 WebDriverAgentRunner-Runner[1375:148205] Snapshot request has custom parameters {
    snapshotKeyHonorModalViews = 0;
}
23:31:38.027 WebDriverAgentRunner-Runner[1375:148205] Current snapshot generation is 720
23:31:38.027 WebDriverAgentRunner-Runner[1375:148205] Query rootElementSnapshot is non-null with generation count 715
23:31:38.027 WebDriverAgentRunner-Runner[1375:148205] Capturing a new snapshot
23:31:38.027 WebDriverAgentRunner-Runner[1375:148205] Fetching snapshot for App element pid: 305 from testmanagerd with attributes XC_kAXXCAttributeElementType, XC_kAXXCAttributeElementBaseType, XC_kAXXCAttributeParent, XC_kAXXCAttributeIdentifier, XC_kAXXCAttributeAutomationType, XC_kAXXCAttributeTraits and parameters {
    maxArrayCount = 2147483647;
    maxChildren = 2147483647;
    maxDepth = 50;
    snapshotKeyHonorModalViews = 0;
    traverseFromParentsToChildren = 1;
}.
23:31:38.027 WebDriverAgentRunner-Runner[1375:148205] Creating future for 'fetching snapshot from testmanagerd.' with timeout 65.00
23:31:38.027 WebDriverAgentRunner-Runner[1375:148205] <XCTWaiter: 0x114492400> entering wait loop for 65.00s with expectations: `fetching snapshot from testmanagerd.`
    t =    33.35s             Requesting snapshot of accessibility hierarchy for app with pid 305
23:31:38.206 WebDriverAgentRunner-Runner[1375:148229] Got snapshot response with runtime issue support from testmanagerd.
23:31:38.206 WebDriverAgentRunner-Runner[1375:148205] Returning result XCTWaiterResultCompleted for synchronous waiter <XCTWaiter: 0x114492400>
23:31:38.206 WebDriverAgentRunner-Runner[1375:148205] Wait <XCTWaiterWait: 0x1097699c0> completed after 0.179s
23:31:38.206 WebDriverAgentRunner-Runner[1375:148205] cleaning up fetching snapshot from testmanagerd.
23:31:38.206 WebDriverAgentRunner-Runner[1375:148205] <XCTContext: 0x105d9cd20> finished activity <XCActivityRecord: 0x108d4ac30> 2026-07-19 16:31:38 +0000: Requesting snapshot of accessibility hierarchy for app with pid 305 (0.180315s)
23:31:38.207 WebDriverAgentRunner-Runner[1375:148205] Found matches {(
    App element pid: 305
)} with root App element pid: 305
23:31:38.207 WebDriverAgentRunner-Runner[1375:148205] <XCTContext: 0x105d9cd20> finished activity <XCActivityRecord: 0x108d4abc0> 2026-07-19 16:31:38 +0000: Find the Application 'com.apple.Spotlight' (0.182887s)
23:31:38.207 WebDriverAgentRunner-Runner[1375:148205] Creating future for 'checking for continuity enablement' with timeout 30.00
23:31:38.208 WebDriverAgentRunner-Runner[1375:148205] <XCTWaiter: 0x114491e90> entering wait loop for 30.00s with expectations: `checking for continuity enablement`
23:31:38.208 WebDriverAgentRunner-Runner[1375:148205] Returning result XCTWaiterResultCompleted for synchronous waiter <XCTWaiter: 0x114491e90>
23:31:38.208 WebDriverAgentRunner-Runner[1375:148205] Wait <XCTWaiterWait: 0x114461680> completed after 0.001s
23:31:38.208 WebDriverAgentRunner-Runner[1375:148205] cleaning up checking for continuity enablement
23:31:38.208 WebDriverAgentRunner-Runner[1375:148205] Creating future for 'fetching attributes 'XC_kAXXCAttributeFrame', 'XC_kAXXCAttributeWindowDisplayId', 'XC_kAXXCAttributeWindowContextId' for App element pid: 305' with timeout 30.00
23:31:38.209 WebDriverAgentRunner-Runner[1375:148205] <XCTWaiter: 0x114491ef0> entering wait loop for 30.00s with expectations: `fetching attributes 'XC_kAXXCAttributeFrame', 'XC_kAXXCAttributeWindowDisplayId', 'XC_kAXXCAttributeWindowContextId' for App element pid: 305`
23:31:38.210 WebDriverAgentRunner-Runner[1375:148205] Returning result XCTWaiterResultCompleted for synchronous waiter <XCTWaiter: 0x114491ef0>
23:31:38.211 WebDriverAgentRunner-Runner[1375:148205] Wait <XCTWaiterWait: 0x114460880> completed after 0.002s
23:31:38.211 WebDriverAgentRunner-Runner[1375:148205] cleaning up fetching attributes 'XC_kAXXCAttributeFrame', 'XC_kAXXCAttributeWindowDisplayId', 'XC_kAXXCAttributeWindowContextId' for App element pid: 305
23:31:38.211 WebDriverAgentRunner-Runner[1375:148205] App element pid: 305 (App element pid: 305) faulted in {
    "XC_kAXXCAttributeFrame" =     {
        Height = 1024;
        Width = 1366;
        X = 0;
        Y = 0;
    };
    "XC_kAXXCAttributeWindowContextId" = 3494286145;
    "XC_kAXXCAttributeWindowDisplayId" = 0;
}: (no error) for frame using XC_kAXXCAttributeFrame, XC_kAXXCAttributeWindowDisplayId, XC_kAXXCAttributeWindowContextId
23:31:38.211 WebDriverAgentRunner-Runner[1375:148205] Creating future for 'checking for continuity enablement' with timeout 30.00
23:31:38.211 WebDriverAgentRunner-Runner[1375:148205] <XCTWaiter: 0x114493b10> entering wait loop for 30.00s with expectations: `checking for continuity enablement`
23:31:38.212 WebDriverAgentRunner-Runner[1375:148205] Returning result XCTWaiterResultCompleted for synchronous waiter <XCTWaiter: 0x114493b10>
23:31:38.212 WebDriverAgentRunner-Runner[1375:148205] Wait <XCTWaiterWait: 0x114462080> completed after 0.001s
23:31:38.212 WebDriverAgentRunner-Runner[1375:148205] cleaning up checking for continuity enablement
23:31:38.212 WebDriverAgentRunner-Runner[1375:148205] Creating future for 'fetching attributes 'XC_kAXXCAttributeElementType', 'XC_kAXXCAttributeElementBaseType', 'XC_kAXXCAttributeTraits', 'XC_kAXXCAttributeAutomationType' for App element pid: 305' with timeout 30.00
23:31:38.212 WebDriverAgentRunner-Runner[1375:148205] <XCTWaiter: 0x114493ab0> entering wait loop for 30.00s with expectations: `fetching attributes 'XC_kAXXCAttributeElementType', 'XC_kAXXCAttributeElementBaseType', 'XC_kAXXCAttributeTraits', 'XC_kAXXCAttributeAutomationType' for App element pid: 305`
23:31:38.214 WebDriverAgentRunner-Runner[1375:148205] Returning result XCTWaiterResultCompleted for synchronous waiter <XCTWaiter: 0x114493ab0>
23:31:38.214 WebDriverAgentRunner-Runner[1375:148205] Wait <XCTWaiterWait: 0x114460680> completed after 0.002s
23:31:38.214 WebDriverAgentRunner-Runner[1375:148205] cleaning up fetching attributes 'XC_kAXXCAttributeElementType', 'XC_kAXXCAttributeElementBaseType', 'XC_kAXXCAttributeTraits', 'XC_kAXXCAttributeAutomationType' for App element pid: 305
23:31:38.215 WebDriverAgentRunner-Runner[1375:148205] App element pid: 305 (App element pid: 305) faulted in {
    "XC_kAXXCAttributeAutomationType" = 1;
    "XC_kAXXCAttributeElementBaseType" = UIApplication;
    "XC_kAXXCAttributeElementType" = SPUIApplication;
    "XC_kAXXCAttributeTraits" = 0;
}: (no error) for elementType using XC_kAXXCAttributeElementType, XC_kAXXCAttributeElementBaseType, XC_kAXXCAttributeTraits, XC_kAXXCAttributeAutomationType
23:31:38.215 WebDriverAgentRunner-Runner[1375:148205] Computed elementType Application.
23:31:38.215 WebDriverAgentRunner-Runner[1375:148205] Creating future for 'getting interface orientation' with timeout 65.00
23:31:38.215 WebDriverAgentRunner-Runner[1375:148205] <XCTWaiter: 0x114492430> entering wait loop for 65.00s with expectations: `getting interface orientation`
23:31:38.216 WebDriverAgentRunner-Runner[1375:148205] Returning result XCTWaiterResultCompleted for synchronous waiter <XCTWaiter: 0x114492430>
23:31:38.216 WebDriverAgentRunner-Runner[1375:148205] Wait <XCTWaiterWait: 0x114461e80> completed after 0.001s
23:31:38.216 WebDriverAgentRunner-Runner[1375:148205] cleaning up getting interface orientation
23:31:38.216 WebDriverAgentRunner-Runner[1375:148205] Creating future for 'checking for continuity enablement' with timeout 30.00
23:31:38.216 WebDriverAgentRunner-Runner[1375:148205] <XCTWaiter: 0x114492a60> entering wait loop for 30.00s with expectations: `checking for continuity enablement`
23:31:38.217 WebDriverAgentRunner-Runner[1375:148205] Returning result XCTWaiterResultCompleted for synchronous waiter <XCTWaiter: 0x114492a60>
23:31:38.217 WebDriverAgentRunner-Runner[1375:148205] Wait <XCTWaiterWait: 0x114461d80> completed after 0.001s
23:31:38.217 WebDriverAgentRunner-Runner[1375:148205] cleaning up checking for continuity enablement
23:31:38.217 WebDriverAgentRunner-Runner[1375:148205] Creating future for 'fetching attributes 'XC_kAXXCAttributeWindowDisplayId' for App element pid: 305' with timeout 30.00
23:31:38.217 WebDriverAgentRunner-Runner[1375:148205] <XCTWaiter: 0x114492cd0> entering wait loop for 30.00s with expectations: `fetching attributes 'XC_kAXXCAttributeWindowDisplayId' for App element pid: 305`
23:31:38.219 WebDriverAgentRunner-Runner[1375:148205] Returning result XCTWaiterResultCompleted for synchronous waiter <XCTWaiter: 0x114492cd0>
23:31:38.219 WebDriverAgentRunner-Runner[1375:148205] Wait <XCTWaiterWait: 0x114460380> completed after 0.002s
23:31:38.219 WebDriverAgentRunner-Runner[1375:148205] cleaning up fetching attributes 'XC_kAXXCAttributeWindowDisplayId' for App element pid: 305
23:31:38.219 WebDriverAgentRunner-Runner[1375:148205] Application, pid: 305 (App element pid: 305) faulted in {
    "XC_kAXXCAttributeWindowDisplayId" = 0;
}: (no error) for displayID using XC_kAXXCAttributeWindowDisplayId
23:31:38.219 WebDriverAgentRunner-Runner[1375:148205] Fetched display ID for Application, pid: 305 was 0, checked nearest remote ancestor (null), got (null)
23:31:38.219 WebDriverAgentRunner-Runner[1375:148205] Creating future for 'getting screen identifiers' with timeout 30.00
23:31:38.220 WebDriverAgentRunner-Runner[1375:148205] <XCTWaiter: 0x114493120> entering wait loop for 30.00s with expectations: `getting screen identifiers`
23:31:38.220 WebDriverAgentRunner-Runner[1375:148205] Returning result XCTWaiterResultCompleted for synchronous waiter <XCTWaiter: 0x114493120>
23:31:38.220 WebDriverAgentRunner-Runner[1375:148205] Wait <XCTWaiterWait: 0x114461b80> completed after 0.000s
23:31:38.220 WebDriverAgentRunner-Runner[1375:148205] cleaning up getting screen identifiers
23:31:38.220 WebDriverAgentRunner-Runner[1375:148205] Creating future for 'getting screen bounds' with timeout 30.00
23:31:38.220 WebDriverAgentRunner-Runner[1375:148205] <XCTWaiter: 0x114493630> entering wait loop for 30.00s with expectations: `getting screen bounds`
23:31:38.220 WebDriverAgentRunner-Runner[1375:148205] Returning result XCTWaiterResultCompleted for synchronous waiter <XCTWaiter: 0x114493630>
23:31:38.220 WebDriverAgentRunner-Runner[1375:148205] Wait <XCTWaiterWait: 0x114461a80> completed after 0.000s
23:31:38.220 WebDriverAgentRunner-Runner[1375:148205] cleaning up getting screen bounds
23:31:38.220 WebDriverAgentRunner-Runner[1375:148205] Creating future for 'getting screen scale' with timeout 30.00
23:31:38.220 WebDriverAgentRunner-Runner[1375:148205] <XCTWaiter: 0x1144938a0> entering wait loop for 30.00s with expectations: `getting screen scale`
23:31:38.220 WebDriverAgentRunner-Runner[1375:148205] Returning result XCTWaiterResultCompleted for synchronous waiter <XCTWaiter: 0x1144938a0>
23:31:38.221 WebDriverAgentRunner-Runner[1375:148205] Wait <XCTWaiterWait: 0x114461a80> completed after 0.000s
23:31:38.221 WebDriverAgentRunner-Runner[1375:148205] cleaning up getting screen scale
23:31:38.221 WebDriverAgentRunner-Runner[1375:148205] Creating future for 'checking for continuity enablement' with timeout 30.00
23:31:38.221 WebDriverAgentRunner-Runner[1375:148205] <XCTWaiter: 0x114493c90> entering wait loop for 30.00s with expectations: `checking for continuity enablement`
23:31:38.221 WebDriverAgentRunner-Runner[1375:148205] Returning result XCTWaiterResultCompleted for synchronous waiter <XCTWaiter: 0x114493c90>
23:31:38.222 WebDriverAgentRunner-Runner[1375:148205] Wait <XCTWaiterWait: 0x114460c80> completed after 0.001s
23:31:38.222 WebDriverAgentRunner-Runner[1375:148205] cleaning up checking for continuity enablement
23:31:38.222 WebDriverAgentRunner-Runner[1375:148205] Creating future for 'fetching attributes 'XC_kAXXCAttributeWindowDisplayId' for App element pid: 305' with timeout 30.00
23:31:38.222 WebDriverAgentRunner-Runner[1375:148205] <XCTWaiter: 0x114493ed0> entering wait loop for 30.00s with expectations: `fetching attributes 'XC_kAXXCAttributeWindowDisplayId' for App element pid: 305`
23:31:38.224 WebDriverAgentRunner-Runner[1375:148205] Returning result XCTWaiterResultCompleted for synchronous waiter <XCTWaiter: 0x114493ed0>
23:31:38.224 WebDriverAgentRunner-Runner[1375:148205] Wait <XCTWaiterWait: 0x114461800> completed after 0.002s
23:31:38.224 WebDriverAgentRunner-Runner[1375:148205] cleaning up fetching attributes 'XC_kAXXCAttributeWindowDisplayId' for App element pid: 305
23:31:38.224 WebDriverAgentRunner-Runner[1375:148205] Application, pid: 305 (App element pid: 305) faulted in {
    "XC_kAXXCAttributeWindowDisplayId" = 0;
}: (no error) for displayID using XC_kAXXCAttributeWindowDisplayId
23:31:38.224 WebDriverAgentRunner-Runner[1375:148205] Fetched display ID for Application, pid: 305 was 0, checked nearest remote ancestor (null), got (null)
23:31:38.224 WebDriverAgentRunner-Runner[1375:148205] Creating future for 'getting interface orientation' with timeout 65.00
23:31:38.224 WebDriverAgentRunner-Runner[1375:148205] <XCTWaiter: 0x1096c6670> entering wait loop for 65.00s with expectations: `getting interface orientation`
23:31:38.225 WebDriverAgentRunner-Runner[1375:148205] Returning result XCTWaiterResultCompleted for synchronous waiter <XCTWaiter: 0x1096c6670>
23:31:38.225 WebDriverAgentRunner-Runner[1375:148205] Wait <XCTWaiterWait: 0x1144621c0> completed after 0.001s
23:31:38.225 WebDriverAgentRunner-Runner[1375:148205] cleaning up getting interface orientation
23:31:38.225 WebDriverAgentRunner-Runner[1375:148205] <XCTContext: 0x105d9cd20> started activity <XCActivityRecord: 0x108d4ae60> 2026-07-19 16:31:38 +0000: Find the Application 'com.apple.Spotlight'
    t =    33.55s         Find the Application 'com.apple.Spotlight'
23:31:38.226 WebDriverAgentRunner-Runner[1375:148205] Executing query:

23:31:38.226 WebDriverAgentRunner-Runner[1375:148205] Creating future for 'checking for continuity enablement' with timeout 30.00
23:31:38.226 WebDriverAgentRunner-Runner[1375:148205] <XCTWaiter: 0x1096c72a0> entering wait loop for 30.00s with expectations: `checking for continuity enablement`
23:31:38.227 WebDriverAgentRunner-Runner[1375:148205] Returning result XCTWaiterResultCompleted for synchronous waiter <XCTWaiter: 0x1096c72a0>
23:31:38.227 WebDriverAgentRunner-Runner[1375:148205] Wait <XCTWaiterWait: 0x114462380> completed after 0.001s
23:31:38.227 WebDriverAgentRunner-Runner[1375:148205] cleaning up checking for continuity enablement
23:31:38.227 WebDriverAgentRunner-Runner[1375:148205] Should evaluate query remotely? XCTDisableRemoteQueryEvaluation(d-write): YES, hasAutomationSession: YES, supportsRemoteEvaluation: YES
23:31:38.227 WebDriverAgentRunner-Runner[1375:148205] Getting matching snapshots for locally evaluated query
23:31:38.227 WebDriverAgentRunner-Runner[1375:148205] Evaluating query:
 
23:31:38.227 WebDriverAgentRunner-Runner[1375:148205] Getting root element snapshot
23:31:38.227 WebDriverAgentRunner-Runner[1375:148205] Getting snapshot for App element pid: 305 for query 
23:31:38.228 WebDriverAgentRunner-Runner[1375:148205] <XCTContext: 0x105d9cd20> started activity <XCActivityRecord: 0x108d4afb0> 2026-07-19 16:31:38 +0000: Requesting snapshot of accessibility hierarchy for app with pid 305
23:31:38.228 WebDriverAgentRunner-Runner[1375:148205] Query requires iOS snapshot attributes .
23:31:38.228 WebDriverAgentRunner-Runner[1375:148205] XCUIElementQuery <XCTElementSnapshotProvider> getting snapshot
23:31:38.228 WebDriverAgentRunner-Runner[1375:148205] Snapshot request has custom attributes 
23:31:38.228 WebDriverAgentRunner-Runner[1375:148205] Snapshot request has custom parameters {
    snapshotKeyHonorModalViews = 0;
}
23:31:38.228 WebDriverAgentRunner-Runner[1375:148205] Current snapshot generation is 733
23:31:38.228 WebDriverAgentRunner-Runner[1375:148205] Query rootElementSnapshot is non-null with generation count 722
23:31:38.228 WebDriverAgentRunner-Runner[1375:148205] Capturing a new snapshot
23:31:38.228 WebDriverAgentRunner-Runner[1375:148205] Fetching snapshot for App element pid: 305 from testmanagerd with attributes XC_kAXXCAttributeElementType, XC_kAXXCAttributeElementBaseType, XC_kAXXCAttributeParent, XC_kAXXCAttributeIdentifier, XC_kAXXCAttributeAutomationType, XC_kAXXCAttributeTraits and parameters {
    maxArrayCount = 2147483647;
    maxChildren = 2147483647;
    maxDepth = 50;
    snapshotKeyHonorModalViews = 0;
    traverseFromParentsToChildren = 1;
}.
23:31:38.228 WebDriverAgentRunner-Runner[1375:148205] Creating future for 'fetching snapshot from testmanagerd.' with timeout 65.00
23:31:38.229 WebDriverAgentRunner-Runner[1375:148205] <XCTWaiter: 0x1096c7b70> entering wait loop for 65.00s with expectations: `fetching snapshot from testmanagerd.`
    t =    33.55s             Requesting snapshot of accessibility hierarchy for app with pid 305
23:31:38.424 WebDriverAgentRunner-Runner[1375:148826] Got snapshot response with runtime issue support from testmanagerd.
23:31:38.424 WebDriverAgentRunner-Runner[1375:148205] Returning result XCTWaiterResultCompleted for synchronous waiter <XCTWaiter: 0x1096c7b70>
23:31:38.424 WebDriverAgentRunner-Runner[1375:148205] Wait <XCTWaiterWait: 0x114462800> completed after 0.196s
23:31:38.424 WebDriverAgentRunner-Runner[1375:148205] cleaning up fetching snapshot from testmanagerd.
23:31:38.424 WebDriverAgentRunner-Runner[1375:148205] <XCTContext: 0x105d9cd20> finished activity <XCActivityRecord: 0x108d4afb0> 2026-07-19 16:31:38 +0000: Requesting snapshot of accessibility hierarchy for app with pid 305 (0.196902s)
23:31:38.425 WebDriverAgentRunner-Runner[1375:148205] Found matches {(
    App element pid: 305
)} with root App element pid: 305
23:31:38.425 WebDriverAgentRunner-Runner[1375:148205] <XCTContext: 0x105d9cd20> finished activity <XCActivityRecord: 0x108d4ae60> 2026-07-19 16:31:38 +0000: Find the Application 'com.apple.Spotlight' (0.199886s)
23:31:38.425 WebDriverAgentRunner-Runner[1375:148205] Creating future for 'checking for continuity enablement' with timeout 30.00
23:31:38.426 WebDriverAgentRunner-Runner[1375:148205] <XCTWaiter: 0x1144023a0> entering wait loop for 30.00s with expectations: `checking for continuity enablement`
23:31:38.427 WebDriverAgentRunner-Runner[1375:148205] Returning result XCTWaiterResultCompleted for synchronous waiter <XCTWaiter: 0x1144023a0>
23:31:38.427 WebDriverAgentRunner-Runner[1375:148205] Wait <XCTWaiterWait: 0x10976bd00> completed after 0.001s
23:31:38.427 WebDriverAgentRunner-Runner[1375:148205] cleaning up checking for continuity enablement
23:31:38.427 WebDriverAgentRunner-Runner[1375:148205] Creating future for 'fetching attributes 'XC_kAXXCAttributeFrame', 'XC_kAXXCAttributeWindowDisplayId', 'XC_kAXXCAttributeWindowContextId' for App element pid: 305' with timeout 30.00
23:31:38.427 WebDriverAgentRunner-Runner[1375:148205] <XCTWaiter: 0x114401590> entering wait loop for 30.00s with expectations: `fetching attributes 'XC_kAXXCAttributeFrame', 'XC_kAXXCAttributeWindowDisplayId', 'XC_kAXXCAttributeWindowContextId' for App element pid: 305`
23:31:38.430 WebDriverAgentRunner-Runner[1375:148205] Returning result XCTWaiterResultCompleted for synchronous waiter <XCTWaiter: 0x114401590>
23:31:38.430 WebDriverAgentRunner-Runner[1375:148205] Wait <XCTWaiterWait: 0x10976a7c0> completed after 0.002s
23:31:38.430 WebDriverAgentRunner-Runner[1375:148205] cleaning up fetching attributes 'XC_kAXXCAttributeFrame', 'XC_kAXXCAttributeWindowDisplayId', 'XC_kAXXCAttributeWindowContextId' for App element pid: 305
23:31:38.430 WebDriverAgentRunner-Runner[1375:148205] App element pid: 305 (App element pid: 305) faulted in {
    "XC_kAXXCAttributeFrame" =     {
        Height = 1024;
        Width = 1366;
        X = 0;
        Y = 0;
    };
    "XC_kAXXCAttributeWindowContextId" = 3494286145;
    "XC_kAXXCAttributeWindowDisplayId" = 0;
}: (no error) for frame using XC_kAXXCAttributeFrame, XC_kAXXCAttributeWindowDisplayId, XC_kAXXCAttributeWindowContextId
23:31:38.430 WebDriverAgentRunner-Runner[1375:148205] Creating future for 'checking for continuity enablement' with timeout 30.00
23:31:38.430 WebDriverAgentRunner-Runner[1375:148205] <XCTWaiter: 0x1144017a0> entering wait loop for 30.00s with expectations: `checking for continuity enablement`
23:31:38.431 WebDriverAgentRunner-Runner[1375:148205] Returning result XCTWaiterResultCompleted for synchronous waiter <XCTWaiter: 0x1144017a0>
23:31:38.431 WebDriverAgentRunner-Runner[1375:148205] Wait <XCTWaiterWait: 0x10976b3c0> completed after 0.001s
23:31:38.432 WebDriverAgentRunner-Runner[1375:148205] cleaning up checking for continuity enablement
23:31:38.432 WebDriverAgentRunner-Runner[1375:148205] Creating future for 'fetching attributes 'XC_kAXXCAttributeElementType', 'XC_kAXXCAttributeElementBaseType', 'XC_kAXXCAttributeTraits', 'XC_kAXXCAttributeAutomationType' for App element pid: 305' with timeout 30.00
23:31:38.432 WebDriverAgentRunner-Runner[1375:148205] <XCTWaiter: 0x114401650> entering wait loop for 30.00s with expectations: `fetching attributes 'XC_kAXXCAttributeElementType', 'XC_kAXXCAttributeElementBaseType', 'XC_kAXXCAttributeTraits', 'XC_kAXXCAttributeAutomationType' for App element pid: 305`
23:31:38.434 WebDriverAgentRunner-Runner[1375:148205] Returning result XCTWaiterResultCompleted for synchronous waiter <XCTWaiter: 0x114401650>
23:31:38.434 WebDriverAgentRunner-Runner[1375:148205] Wait <XCTWaiterWait: 0x10976a080> completed after 0.002s
23:31:38.434 WebDriverAgentRunner-Runner[1375:148205] cleaning up fetching attributes 'XC_kAXXCAttributeElementType', 'XC_kAXXCAttributeElementBaseType', 'XC_kAXXCAttributeTraits', 'XC_kAXXCAttributeAutomationType' for App element pid: 305
23:31:38.434 WebDriverAgentRunner-Runner[1375:148205] App element pid: 305 (App element pid: 305) faulted in {
    "XC_kAXXCAttributeAutomationType" = 1;
    "XC_kAXXCAttributeElementBaseType" = UIApplication;
    "XC_kAXXCAttributeElementType" = SPUIApplication;
    "XC_kAXXCAttributeTraits" = 0;
}: (no error) for elementType using XC_kAXXCAttributeElementType, XC_kAXXCAttributeElementBaseType, XC_kAXXCAttributeTraits, XC_kAXXCAttributeAutomationType
23:31:38.434 WebDriverAgentRunner-Runner[1375:148205] Computed elementType Application.
23:31:38.434 WebDriverAgentRunner-Runner[1375:148205] Creating future for 'checking for continuity enablement' with timeout 30.00
23:31:38.434 WebDriverAgentRunner-Runner[1375:148205] <XCTWaiter: 0x114401cb0> entering wait loop for 30.00s with expectations: `checking for continuity enablement`
23:31:38.435 WebDriverAgentRunner-Runner[1375:148205] Returning result XCTWaiterResultCompleted for synchronous waiter <XCTWaiter: 0x114401cb0>
23:31:38.435 WebDriverAgentRunner-Runner[1375:148205] Wait <XCTWaiterWait: 0x10976bdc0> completed after 0.001s
23:31:38.435 WebDriverAgentRunner-Runner[1375:148205] cleaning up checking for continuity enablement
23:31:38.435 WebDriverAgentRunner-Runner[1375:148205] Creating future for 'fetching attributes 'XC_kAXXCAttributeSystemAutomationProperties' for App element pid: 305' with timeout 30.00
23:31:38.435 WebDriverAgentRunner-Runner[1375:148205] <XCTWaiter: 0x1144013e0> entering wait loop for 30.00s with expectations: `fetching attributes 'XC_kAXXCAttributeSystemAutomationProperties' for App element pid: 305`
23:31:38.437 WebDriverAgentRunner-Runner[1375:148205] Returning result XCTWaiterResultCompleted for synchronous waiter <XCTWaiter: 0x1144013e0>
23:31:38.437 WebDriverAgentRunner-Runner[1375:148205] Wait <XCTWaiterWait: 0x109768f00> completed after 0.002s
23:31:38.437 WebDriverAgentRunner-Runner[1375:148205] cleaning up fetching attributes 'XC_kAXXCAttributeSystemAutomationProperties' for App element pid: 305
23:31:38.437 WebDriverAgentRunner-Runner[1375:148205] Application, pid: 305 (App element pid: 305) faulted in {
}: (no error) for systemAutomationProperties using XC_kAXXCAttributeSystemAutomationProperties
23:31:38.437 WebDriverAgentRunner-Runner[1375:148205] Requesting local synthesis of event: 
<XCSynthesizedEventRecord 'tap display 0'>
Path 1:
	Touch down at 340.0, 58.0, offset=0.00s
	Touch up at 340.0, 58.0, offset=0.05s
23:31:38.438 WebDriverAgentRunner-Runner[1375:148205] Event upper bound on duration 30.05
23:31:38.438 WebDriverAgentRunner-Runner[1375:148205] Computed timeout 30.05 for future for 'synthesizing event'
23:31:38.438 WebDriverAgentRunner-Runner[1375:148205] <XCTWaiter: 0x114401260> entering wait loop for 30.05s with expectations: `synthesizing event`
23:31:38.535 WebDriverAgentRunner-Runner[1375:148229] Handling kAXUserTestingNotification
23:31:38.535 WebDriverAgentRunner-Runner[1375:148229] Received kAXUserTestingNotification from AX element pid: 174, elementOrHash.elementID: 0.1: {
    event = TouchEventsCompleted;
}
23:31:38.536 WebDriverAgentRunner-Runner[1375:148229] Handling kAXUserTestingNotification
23:31:38.536 WebDriverAgentRunner-Runner[1375:148229] Received kAXUserTestingNotification from AX element pid: 174, elementOrHash.elementID: 0.1: {
    event = TouchEventsCompleted;
}
23:31:38.546 WebDriverAgentRunner-Runner[1375:148826] Handling kAXPidStatusChangedNotification
23:31:38.546 WebDriverAgentRunner-Runner[1375:148826] Got kAXPidStatusChangedNotification for pid 1313: active
23:31:38.568 WebDriverAgentRunner-Runner[1375:148826] Handling kAXUserTestingNotification
23:31:38.568 WebDriverAgentRunner-Runner[1375:148826] Received kAXUserTestingNotification from AX element pid: 174, elementOrHash.elementID: 0.1: {
    controllerClass = UICompatibilityInputViewController;
    event = ViewDidDisappear;
}
23:31:38.569 WebDriverAgentRunner-Runner[1375:148826] Handling kAXUserTestingNotification
23:31:38.569 WebDriverAgentRunner-Runner[1375:148826] Received kAXUserTestingNotification from AX element pid: 174, elementOrHash.elementID: 0.1: {
    controllerClass = UICompatibilityInputViewController;
    event = ViewDidDisappear;
}
23:31:38.643 WebDriverAgentRunner-Runner[1375:148205] No application process found matching pid 1313, caching
23:31:38.656 WebDriverAgentRunner-Runner[1375:148826] Handling kAXPidStatusChangedNotification
23:31:38.656 WebDriverAgentRunner-Runner[1375:148826] Got kAXPidStatusChangedNotification for pid 1313: active
23:31:38.712 WebDriverAgentRunner-Runner[1375:148826] Got event completion callback
23:31:38.712 WebDriverAgentRunner-Runner[1375:148205] No application process found matching pid 1313, caching
23:31:38.713 WebDriverAgentRunner-Runner[1375:148205] Returning result XCTWaiterResultCompleted for synchronous waiter <XCTWaiter: 0x114401260>
23:31:38.713 WebDriverAgentRunner-Runner[1375:148205] Wait <XCTWaiterWait: 0x109769a40> completed after 0.275s
23:31:38.713 WebDriverAgentRunner-Runner[1375:148205] cleaning up synthesizing event
23:31:38.713 WebDriverAgentRunner-Runner[1375:148205] Cancelation not currently supported for daemon event requests - this is a no-op.
23:31:38.713 WebDriverAgentRunner-Runner[1375:148205] Creating future for 'getting screen scale' with timeout 30.00
23:31:38.713 WebDriverAgentRunner-Runner[1375:148205] <XCTWaiter: 0x1144016e0> entering wait loop for 30.00s with expectations: `getting screen scale`
23:31:38.713 WebDriverAgentRunner-Runner[1375:148205] Returning result XCTWaiterResultCompleted for synchronous waiter <XCTWaiter: 0x1144016e0>
23:31:38.713 WebDriverAgentRunner-Runner[1375:148205] Wait <XCTWaiterWait: 0x1097680c0> completed after 0.000s
23:31:38.713 WebDriverAgentRunner-Runner[1375:148205] cleaning up getting screen scale
23:31:38.714 WebDriverAgentRunner-Runner[1375:148205] Event synthesis future completed in 0.28s
23:31:38.714 WebDriverAgentRunner-Runner[1375:148205] <XCTContext: 0x105d9cd20> finished activity <XCActivityRecord: 0x108d481c0> 2026-07-19 16:31:37 +0000: Synthesize event (0.903277s)
23:31:38.714 WebDriverAgentRunner-Runner[1375:148205] Overriding application state timeout, 60.0 -> 10.0
23:31:38.715 WebDriverAgentRunner-Runner[1375:148205] <XCTContext: 0x105d9cd20> started activity <XCActivityRecord: 0x108d4aa00> 2026-07-19 16:31:38 +0000: Wait for com.apple.Spotlight to idle
    t =    34.04s     Wait for com.apple.Spotlight to idle
23:31:38.715 WebDriverAgentRunner-Runner[1375:148205] Creating future for 'getting screen identifiers' with timeout 30.00
23:31:38.715 WebDriverAgentRunner-Runner[1375:148205] <XCTWaiter: 0x114401110> entering wait loop for 30.00s with expectations: `getting screen identifiers`
23:31:38.715 WebDriverAgentRunner-Runner[1375:148205] Returning result XCTWaiterResultCompleted for synchronous waiter <XCTWaiter: 0x114401110>
23:31:38.715 WebDriverAgentRunner-Runner[1375:148205] Wait <XCTWaiterWait: 0x10976a9c0> completed after 0.000s
23:31:38.715 WebDriverAgentRunner-Runner[1375:148205] cleaning up getting screen identifiers
23:31:38.715 WebDriverAgentRunner-Runner[1375:148205] Waiting for com.apple.Spotlight (PID 305) quiescence...
23:31:38.715 WebDriverAgentRunner-Runner[1375:148826] com.apple.Spotlight (pid:305) eventLoopHasIdled YES -> NO
23:31:38.715 WebDriverAgentRunner-Runner[1375:148826] Posting KVO notifications for eventLoopHasIdled
23:31:38.715 WebDriverAgentRunner-Runner[1375:148205] Requesting main run loop idle notification using automation session for com.apple.Spotlight (pid:305)
23:31:38.716 WebDriverAgentRunner-Runner[1375:148826] com.apple.Spotlight (pid:305) animationsHaveFinished YES -> NO
23:31:38.716 WebDriverAgentRunner-Runner[1375:148826] Posting KVO notifications for animationsHaveFinished
23:31:38.716 WebDriverAgentRunner-Runner[1375:148205] Requesting animations idle notification using automation session for com.apple.Spotlight (pid:305)
23:31:38.716 WebDriverAgentRunner-Runner[1375:148205] Waiting on quiescence state variables
23:31:38.716 WebDriverAgentRunner-Runner[1375:148205] KVO change: checked status of Expect value of 'foreground' of com.apple.Spotlight (pid:305) to be '0': fulfill=NO
23:31:38.716 WebDriverAgentRunner-Runner[1375:148205] KVO change: checked status of Expect value of 'foreground' of com.apple.Spotlight (pid:305) to be '0': fulfill=NO
23:31:38.716 WebDriverAgentRunner-Runner[1375:148205] isQuiescent: self.eventLoopHasIdled: NO && self.animationsHaveFinished: NO
23:31:38.716 WebDriverAgentRunner-Runner[1375:148229] Got event loop idle reply for com.apple.Spotlight (PID 305)
23:31:38.716 WebDriverAgentRunner-Runner[1375:148205] KVO change: checked status of Expect value of 'isQuiescent' of com.apple.Spotlight (pid:305) to be '1': fulfill=NO
23:31:38.716 WebDriverAgentRunner-Runner[1375:148229] Event loop is idle.
23:31:38.717 WebDriverAgentRunner-Runner[1375:148205] isQuiescent: self.eventLoopHasIdled: NO && self.animationsHaveFinished: NO
23:31:38.717 WebDriverAgentRunner-Runner[1375:148826] com.apple.Spotlight (pid:305) eventLoopHasIdled NO -> YES
23:31:38.717 WebDriverAgentRunner-Runner[1375:148826] Posting KVO notifications for eventLoopHasIdled
23:31:38.717 WebDriverAgentRunner-Runner[1375:148205] KVO change: checked status of Expect value of 'isQuiescent' of com.apple.Spotlight (pid:305) to be '1': fulfill=NO
23:31:38.717 WebDriverAgentRunner-Runner[1375:148826] isQuiescent: self.eventLoopHasIdled: YES && self.animationsHaveFinished: NO
23:31:38.717 WebDriverAgentRunner-Runner[1375:148205] Not fulfilling (Expect value of 'foreground' of com.apple.Spotlight (pid:305) to be '0' OR Expect value of 'isQuiescent' of com.apple.Spotlight (pid:305) to be '1') because no subexpectations are fulfilled
23:31:38.717 WebDriverAgentRunner-Runner[1375:148826] isQuiescent: self.eventLoopHasIdled: YES && self.animationsHaveFinished: NO
23:31:38.717 WebDriverAgentRunner-Runner[1375:148205] <XCTWaiter: 0x114401650> entering wait loop for 10.00s with expectations: `(Expect value of 'foreground' of com.apple.Spotlight (pid:305) to be '0' OR Expect value of 'isQuiescent' of com.apple.Spotlight (pid:305) to be '1')`
23:31:38.717 WebDriverAgentRunner-Runner[1375:148826] KVO change: checked status of Expect value of 'isQuiescent' of com.apple.Spotlight (pid:305) to be '1': fulfill=NO
23:31:38.984 WebDriverAgentRunner-Runner[1375:148229] Got animations reply for com.apple.Spotlight (PID 305)
23:31:38.984 WebDriverAgentRunner-Runner[1375:148229] Animations are not active.
23:31:38.984 WebDriverAgentRunner-Runner[1375:148231] Handling kAXUserTestingNotification
23:31:38.984 WebDriverAgentRunner-Runner[1375:148229] com.apple.Spotlight (pid:305) animationsHaveFinished NO -> YES
23:31:38.984 WebDriverAgentRunner-Runner[1375:148231] Received kAXUserTestingNotification from AX element pid: 1212, elementOrHash.elementID: 0.1: {
    controllerClass = KeyboardViewController;
    event = ViewDidDisappear;
}
23:31:38.984 WebDriverAgentRunner-Runner[1375:148558] Posting KVO notifications for animationsHaveFinished
23:31:38.984 WebDriverAgentRunner-Runner[1375:148558] isQuiescent: self.eventLoopHasIdled: YES && self.animationsHaveFinished: YES
23:31:38.985 WebDriverAgentRunner-Runner[1375:148558] isQuiescent: self.eventLoopHasIdled: YES && self.animationsHaveFinished: YES
23:31:38.985 WebDriverAgentRunner-Runner[1375:148558] KVO change: checked status of Expect value of 'isQuiescent' of com.apple.Spotlight (pid:305) to be '1': fulfill=YES
23:31:38.985 WebDriverAgentRunner-Runner[1375:148558] Fulfilling (Expect value of 'foreground' of com.apple.Spotlight (pid:305) to be '0' OR Expect value of 'isQuiescent' of com.apple.Spotlight (pid:305) to be '1') because Expect value of 'isQuiescent' of com.apple.Spotlight (pid:305) to be '1' is fulfilled
23:31:38.985 WebDriverAgentRunner-Runner[1375:148231] Handling kAXUserTestingNotification
23:31:38.985 WebDriverAgentRunner-Runner[1375:148205] Returning result XCTWaiterResultCompleted for synchronous waiter <XCTWaiter: 0x114401650>
23:31:38.985 WebDriverAgentRunner-Runner[1375:148231] Received kAXUserTestingNotification from AX element pid: 1212, elementOrHash.elementID: 0.1: {
    controllerClass = KVBackgroundViewController;
    event = ViewDidDisappear;
}
23:31:38.985 WebDriverAgentRunner-Runner[1375:148205] Wait <XCTWaiterWait: 0x10976a340> completed after 0.268s
23:31:38.985 WebDriverAgentRunner-Runner[1375:148205] cleaning up (Expect value of 'foreground' of com.apple.Spotlight (pid:305) to be '0' OR Expect value of 'isQuiescent' of com.apple.Spotlight (pid:305) to be '1')
23:31:38.985 WebDriverAgentRunner-Runner[1375:148205] cleaning up Expect value of 'foreground' of com.apple.Spotlight (pid:305) to be '0'
23:31:38.985 WebDriverAgentRunner-Runner[1375:148205] cleaning up Expect value of 'foreground' of com.apple.Spotlight (pid:305) to be '0'
23:31:38.985 WebDriverAgentRunner-Runner[1375:148205] cleaning up Expect value of 'isQuiescent' of com.apple.Spotlight (pid:305) to be '1'
23:31:38.986 WebDriverAgentRunner-Runner[1375:148205] cleaning up Expect value of 'isQuiescent' of com.apple.Spotlight (pid:305) to be '1'
23:31:38.986 WebDriverAgentRunner-Runner[1375:148205] com.apple.Spotlight has quiesced or quiescence timeout has elapsed.
23:31:38.986 WebDriverAgentRunner-Runner[1375:148205] <XCTContext: 0x105d9cd20> finished activity <XCActivityRecord: 0x108d4aa00> 2026-07-19 16:31:38 +0000: Wait for com.apple.Spotlight to idle (0.271179s)
23:31:38.986 WebDriverAgentRunner-Runner[1375:148205] Overriding application state timeout, 10.0 -> 60.0
23:31:38.986 WebDriverAgentRunner-Runner[1375:148205] <XCTContext: 0x105d9cd20> finished activity <XCActivityRecord: 0x108d4a4c0> 2026-07-19 16:31:37 +0000: Tap Application 'com.apple.Spotlight'[0.00, 0.00] -> (1308.0, 340.0) (1.50435s)
23:31:38.993 WebDriverAgentRunner-Runner[1375:148825] Handling kAXUserTestingNotification
23:31:38.994 WebDriverAgentRunner-Runner[1375:148825] Received kAXUserTestingNotification from AX element pid: 1212, elementOrHash.elementID: 0.1: {
    controllerClass = UIViewController;
    event = ViewDidDisappear;
}
23:31:38.994 WebDriverAgentRunner-Runner[1375:148825] Handling kAXUserTestingNotification
23:31:38.994 WebDriverAgentRunner-Runner[1375:148825] Received kAXUserTestingNotification from AX element pid: 1212, elementOrHash.elementID: 0.1: {
    controllerClass = KVKeyboardViewController;
    event = ViewDidDisappear;
}
23:31:38.994 WebDriverAgentRunner-Runner[1375:148825] Handling kAXUserTestingNotification
23:31:38.994 WebDriverAgentRunner-Runner[1375:148825] Received kAXUserTestingNotification from AX element pid: 1212, elementOrHash.elementID: 0.1: {
    controllerClass = KVEffectViewController;
    event = ViewDidDisappear;
}
23:31:38.994 WebDriverAgentRunner-Runner[1375:148825] Handling kAXUserTestingNotification
23:31:38.994 WebDriverAgentRunner-Runner[1375:148825] Received kAXUserTestingNotification from AX element pid: 305, elementOrHash.elementID: 0.1: {
    controllerClass = UICompatibilityInputViewController;
    event = ViewDidDisappear;
}
23:31:38.994 WebDriverAgentRunner-Runner[1375:148825] Handling kAXUserTestingNotification
23:31:38.995 WebDriverAgentRunner-Runner[1375:148825] Received kAXUserTestingNotification from AX element pid: 305, elementOrHash.elementID: 0.1: {
    controllerClass = UICompatibilityInputViewController;
    event = ViewDidDisappear;
}
23:31:38.995 WebDriverAgentRunner-Runner[1375:148825] Handling kAXUserTestingNotification
23:31:38.995 WebDriverAgentRunner-Runner[1375:148825] Received kAXUserTestingNotification from AX element pid: 305, elementOrHash.elementID: 0.1: {
    controllerClass = "_UIRemoteInputViewController";
    event = ViewDidDisappear;
}
23:31:38.995 WebDriverAgentRunner-Runner[1375:148825] Handling kAXUserTestingNotification
23:31:38.995 WebDriverAgentRunner-Runner[1375:148825] Received kAXUserTestingNotification from AX element pid: 305, elementOrHash.elementID: 0.1: {
    controllerClass = UISystemInputAssistantViewController;
    event = ViewDidDisappear;
}
23:31:38.995 WebDriverAgentRunner-Runner[1375:148825] Handling kAXUserTestingNotification
23:31:38.995 WebDriverAgentRunner-Runner[1375:148825] Received kAXUserTestingNotification from AX element pid: 305, elementOrHash.elementID: 0.1: {
    controllerClass = UIPredictionViewController;
    event = ViewDidDisappear;
}
23:31:38.995 WebDriverAgentRunner-Runner[1375:148825] Handling kAXUserTestingNotification
23:31:38.995 WebDriverAgentRunner-Runner[1375:148825] Received kAXUserTestingNotification from AX element pid: 305, elementOrHash.elementID: 0.1: {
    controllerClass = UICompatibilityInputViewController;
    event = ViewDidDisappear;
}
23:31:38.996 WebDriverAgentRunner-Runner[1375:148825] Handling kAXUserTestingNotification
23:31:38.996 WebDriverAgentRunner-Runner[1375:148825] Received kAXUserTestingNotification from AX element pid: 305, elementOrHash.elementID: 0.1: {
    controllerClass = UICompatibilityInputViewController;
    event = ViewDidDisappear;
}
23:31:39.625 WebDriverAgentRunner-Runner[1375:148825] Handling kAXUserTestingNotification
23:31:39.626 WebDriverAgentRunner-Runner[1375:148825] Received kAXUserTestingNotification from AX element pid: 174, elementOrHash.elementID: 0.1: {
    controllerClass = SBSpotlightTransientOverlayViewController;
    event = ViewDidDisappear;
}
23:31:39.627 WebDriverAgentRunner-Runner[1375:148825] Handling kAXUserTestingNotification
23:31:39.627 WebDriverAgentRunner-Runner[1375:148825] Received kAXUserTestingNotification from AX element pid: 174, elementOrHash.elementID: 0.1: {
    controllerClass = SBSpotlightTransientOverlaySpotlightViewController;
    event = ViewDidDisappear;
}
23:31:39.681 WebDriverAgentRunner-Runner[1375:148231] Handling kAXUserTestingNotification
23:31:39.682 WebDriverAgentRunner-Runner[1375:148231] Received kAXUserTestingNotification from AX element pid: 174, elementOrHash.elementID: 0.1: {
    controllerClass = SPUIRemoteSearchViewController;
    event = ViewDidDisappear;
}
23:31:39.705 WebDriverAgentRunner-Runner[1375:148231] -[XCTRunnerDaemonSession(XCTMessagingRole_UIApplicationStateUpdating) _XCT_applicationDidUpdateState:] com.apple.Spotlight@/Applications/Spotlight.app processName: Spotlight pid: 305 state: running background
23:31:39.706 WebDriverAgentRunner-Runner[1375:148205] [AM:0] Processing state snapshot com.apple.Spotlight@/Applications/Spotlight.app processName: Spotlight pid: 305 state: running background
23:31:39.706 WebDriverAgentRunner-Runner[1375:148205] Done setting pid for <XCUIApplicationImpl: 0x109731880 com.apple.Spotlight> to 305
23:31:39.707 WebDriverAgentRunner-Runner[1375:148205] App state updated for <XCUIApplicationImpl: 0x109731880 com.apple.Spotlight>: Running Background (3)
23:31:39.707 WebDriverAgentRunner-Runner[1375:148231] com.apple.Spotlight (pid:305) application state Running Foreground (4) -> Running Background (3)
23:31:39.718 WebDriverAgentRunner-Runner[1375:148827] Handling kAXUserTestingNotification
23:31:39.719 WebDriverAgentRunner-Runner[1375:148827] Received kAXUserTestingNotification from AX element pid: 305, elementOrHash.elementID: 0.1: {
    controllerClass = SPUIProactiveResultsViewController;
    event = ViewDidAppear;
}
23:31:39.719 WebDriverAgentRunner-Runner[1375:148827] Handling kAXUserTestingNotification
23:31:39.719 WebDriverAgentRunner-Runner[1375:148827] Received kAXUserTestingNotification from AX element pid: 305, elementOrHash.elementID: 0.1: {
    controllerClass = SearchUIResultsCollectionViewController;
    event = ViewDidAppear;
}
23:31:39.719 WebDriverAgentRunner-Runner[1375:148827] Handling kAXUserTestingNotification
23:31:39.719 WebDriverAgentRunner-Runner[1375:148827] Received kAXUserTestingNotification from AX element pid: 305, elementOrHash.elementID: 0.1: {
    controllerClass = SPUIResultsViewController;
    event = ViewDidDisappear;
}
23:31:39.719 WebDriverAgentRunner-Runner[1375:148827] Handling kAXUserTestingNotification
23:31:39.719 WebDriverAgentRunner-Runner[1375:148827] Received kAXUserTestingNotification from AX element pid: 305, elementOrHash.elementID: 0.1: {
    controllerClass = SearchUIResultsCollectionViewController;
    event = ViewDidDisappear;
}
23:31:42.290 WebDriverAgentRunner-Runner[1375:148827] Handling kAXPidStatusChangedNotification
23:31:42.290 WebDriverAgentRunner-Runner[1375:148827] Got kAXPidStatusChangedNotification for pid 1212: active
23:31:42.312 WebDriverAgentRunner-Runner[1375:148827] Handling kAXPidStatusChangedNotification
23:31:42.312 WebDriverAgentRunner-Runner[1375:148827] Got kAXPidStatusChangedNotification for pid 305: active
23:31:42.318 WebDriverAgentRunner-Runner[1375:148827] -[XCTRunnerDaemonSession(XCTMessagingRole_UIApplicationStateUpdating) _XCT_applicationDidUpdateState:] com.apple.Spotlight@/Applications/Spotlight.app processName: Spotlight pid: 305 state: background suspended
23:31:42.319 WebDriverAgentRunner-Runner[1375:148205] No application process found matching pid 1212, caching
23:31:42.319 WebDriverAgentRunner-Runner[1375:148205] [AM:0] Processing state snapshot com.apple.Spotlight@/Applications/Spotlight.app processName: Spotlight pid: 305 state: background suspended
23:31:42.319 WebDriverAgentRunner-Runner[1375:148231] com.apple.Spotlight (pid:305) accessibility active (loaded) NO -> YES
23:31:42.319 WebDriverAgentRunner-Runner[1375:148205] Done setting pid for <XCUIApplicationImpl: 0x109731880 com.apple.Spotlight> to 305
23:31:42.319 WebDriverAgentRunner-Runner[1375:148205] App state updated for <XCUIApplicationImpl: 0x109731880 com.apple.Spotlight>: Running Background Suspended (2)
23:31:42.319 WebDriverAgentRunner-Runner[1375:148231] com.apple.Spotlight (pid:305) application state Running Background (3) -> Running Background Suspended (2)
23:32:01.838 WebDriverAgentRunner-Runner[1375:148558] Handling kAXPidStatusChangedNotification
23:32:01.838 WebDriverAgentRunner-Runner[1375:148558] Got kAXPidStatusChangedNotification for pid 1376: active
23:32:01.865 WebDriverAgentRunner-Runner[1375:148825] Handling kAXPidStatusChangedNotification
23:32:01.865 WebDriverAgentRunner-Runner[1375:148825] Got kAXPidStatusChangedNotification for pid 1376: active
23:32:01.914 WebDriverAgentRunner-Runner[1375:148205] No application process found matching pid 1376, caching
23:32:01.914 WebDriverAgentRunner-Runner[1375:148205] No application process found matching pid 1376, caching
23:32:01.972 WebDriverAgentRunner-Runner[1375:148826] Handling kAXPidStatusChangedNotification
23:32:01.972 WebDriverAgentRunner-Runner[1375:148826] Got kAXPidStatusChangedNotification for pid 1377: active
23:32:02.003 WebDriverAgentRunner-Runner[1375:148558] Handling kAXPidStatusChangedNotification
23:32:02.003 WebDriverAgentRunner-Runner[1375:148558] Got kAXPidStatusChangedNotification for pid 1377: active
23:32:02.038 WebDriverAgentRunner-Runner[1375:148205] No application process found matching pid 1377, caching
23:32:02.039 WebDriverAgentRunner-Runner[1375:148205] No application process found matching pid 1377, caching
23:32:02.162 WebDriverAgentRunner-Runner[1375:148826] Handling kAXPidStatusChangedNotification
23:32:02.162 WebDriverAgentRunner-Runner[1375:148826] Got kAXPidStatusChangedNotification for pid 1376: active
23:32:02.233 WebDriverAgentRunner-Runner[1375:148205] No application process found matching pid 1376, caching
23:32:02.299 WebDriverAgentRunner-Runner[1375:148826] Handling kAXPidStatusChangedNotification
23:32:02.299 WebDriverAgentRunner-Runner[1375:148826] Got kAXPidStatusChangedNotification for pid 1377: active
23:32:02.334 WebDriverAgentRunner-Runner[1375:148205] No application process found matching pid 1377, caching
23:32:30.352 WebDriverAgentRunner-Runner[1375:148205] Creating future for 'fetching attributes 'XC_kAXXCAttributeSystemAppApplication' for Device system-wide element' with timeout 65.00
23:32:30.352 WebDriverAgentRunner-Runner[1375:148205] <XCTWaiter: 0x1144027f0> entering wait loop for 65.00s with expectations: `fetching attributes 'XC_kAXXCAttributeSystemAppApplication' for Device system-wide element`
23:32:30.353 WebDriverAgentRunner-Runner[1375:149845] Got attribute fetch response with values {
    "XC_kAXXCAttributeSystemAppApplication" = "AX element pid: 174, elementOrHash.elementID: 0.1";
}, error: (null)
23:32:30.353 WebDriverAgentRunner-Runner[1375:148205] Returning result XCTWaiterResultCompleted for synchronous waiter <XCTWaiter: 0x1144027f0>
23:32:30.353 WebDriverAgentRunner-Runner[1375:148205] Wait <XCTWaiterWait: 0x1097ad800> completed after 0.001s
23:32:30.353 WebDriverAgentRunner-Runner[1375:148205] cleaning up fetching attributes 'XC_kAXXCAttributeSystemAppApplication' for Device system-wide element
23:32:30.353 WebDriverAgentRunner-Runner[1375:148205] Creating future for 'fetching attributes 'XC_kAXXCAttributeFocusedApplications' for AX element pid: 174, elementOrHash.elementID: 0.1' with timeout 65.00
23:32:30.354 WebDriverAgentRunner-Runner[1375:148205] <XCTWaiter: 0x1144012f0> entering wait loop for 65.00s with expectations: `fetching attributes 'XC_kAXXCAttributeFocusedApplications' for AX element pid: 174, elementOrHash.elementID: 0.1`
23:32:30.358 WebDriverAgentRunner-Runner[1375:149845] Got attribute fetch response with values {
    "XC_kAXXCAttributeFocusedApplications" =     (
        "AX element pid: 303, elementOrHash.elementID: 0.1",
        "AX element pid: 174, elementOrHash.elementID: 0.1"
    );
}, error: (null)
23:32:30.358 WebDriverAgentRunner-Runner[1375:148205] Returning result XCTWaiterResultCompleted for synchronous waiter <XCTWaiter: 0x1144012f0>
23:32:30.358 WebDriverAgentRunner-Runner[1375:148205] Wait <XCTWaiterWait: 0x1097ada80> completed after 0.005s
23:32:30.359 WebDriverAgentRunner-Runner[1375:148205] cleaning up fetching attributes 'XC_kAXXCAttributeFocusedApplications' for AX element pid: 174, elementOrHash.elementID: 0.1
23:32:30.359 WebDriverAgentRunner-Runner[1375:148205] Active application elements: (
    "AX element pid: 303, elementOrHash.elementID: 0.1",
    "AX element pid: 174, elementOrHash.elementID: 0.1"
)
23:32:30.387 WebDriverAgentRunner-Runner[1375:148205] Creating future for 'getting interface orientation' with timeout 65.00
23:32:30.387 WebDriverAgentRunner-Runner[1375:148205] <XCTWaiter: 0x114401890> entering wait loop for 65.00s with expectations: `getting interface orientation`
23:32:30.388 WebDriverAgentRunner-Runner[1375:148205] Returning result XCTWaiterResultCompleted for synchronous waiter <XCTWaiter: 0x114401890>
23:32:30.388 WebDriverAgentRunner-Runner[1375:148205] Wait <XCTWaiterWait: 0x1097aeac0> completed after 0.000s
23:32:30.388 WebDriverAgentRunner-Runner[1375:148205] cleaning up getting interface orientation
23:32:30.388 WebDriverAgentRunner-Runner[1375:148205] Creating future for 'getting interface orientation' with timeout 65.00
23:32:30.388 WebDriverAgentRunner-Runner[1375:148205] <XCTWaiter: 0x114400660> entering wait loop for 65.00s with expectations: `getting interface orientation`
23:32:30.388 WebDriverAgentRunner-Runner[1375:148205] Returning result XCTWaiterResultCompleted for synchronous waiter <XCTWaiter: 0x114400660>
23:32:30.388 WebDriverAgentRunner-Runner[1375:148205] Wait <XCTWaiterWait: 0x1097af900> completed after 0.000s
23:32:30.389 WebDriverAgentRunner-Runner[1375:148205] cleaning up getting interface orientation
23:32:30.389 WebDriverAgentRunner-Runner[1375:148205] Creating future for 'getting interface orientation' with timeout 65.00
23:32:30.389 WebDriverAgentRunner-Runner[1375:148205] <XCTWaiter: 0x114402f40> entering wait loop for 65.00s with expectations: `getting interface orientation`
23:32:30.389 WebDriverAgentRunner-Runner[1375:148205] Returning result XCTWaiterResultCompleted for synchronous waiter <XCTWaiter: 0x114402f40>
23:32:30.389 WebDriverAgentRunner-Runner[1375:148205] Wait <XCTWaiterWait: 0x1097aedc0> completed after 0.000s
23:32:30.389 WebDriverAgentRunner-Runner[1375:148205] cleaning up getting interface orientation
23:32:30.389 WebDriverAgentRunner-Runner[1375:148205] Requesting local synthesis of event: 
<XCSynthesizedEventRecord 'Swipe Point Array display 0'>
Path 1:
	Touch down at 717.0, 180.0, offset=0.00s
	Move to 717.0, 198.0, offset=0.04s
	Move to 717.0, 318.0, offset=0.08s
	Move to 710.0, 631.0, offset=0.12s
	Move to 700.0, 831.0, offset=0.15s
	Move to 695.0, 913.0, offset=0.17s
	Touch up at 695.0, 913.0, offset=0.18s
23:32:30.610 WebDriverAgentRunner-Runner[1375:148826] Handling kAXUserTestingNotification
23:32:30.611 WebDriverAgentRunner-Runner[1375:148826] Received kAXUserTestingNotification from AX element pid: 174, elementOrHash.elementID: 0.1: {
    event = TouchEventsCompleted;
}
23:32:30.611 WebDriverAgentRunner-Runner[1375:148826] Handling kAXUserTestingNotification
23:32:30.611 WebDriverAgentRunner-Runner[1375:148826] Received kAXUserTestingNotification from AX element pid: 174, elementOrHash.elementID: 0.1: {
    event = TouchEventsCompleted;
}
23:32:31.478 WebDriverAgentRunner-Runner[1375:148205] Creating future for 'fetching attributes 'XC_kAXXCAttributeSystemAppApplication' for Device system-wide element' with timeout 65.00
23:32:31.478 WebDriverAgentRunner-Runner[1375:148205] <XCTWaiter: 0x114400420> entering wait loop for 65.00s with expectations: `fetching attributes 'XC_kAXXCAttributeSystemAppApplication' for Device system-wide element`
23:32:31.479 WebDriverAgentRunner-Runner[1375:149845] Got attribute fetch response with values {
    "XC_kAXXCAttributeSystemAppApplication" = "AX element pid: 174, elementOrHash.elementID: 0.1";
}, error: (null)
23:32:31.479 WebDriverAgentRunner-Runner[1375:148205] Returning result XCTWaiterResultCompleted for synchronous waiter <XCTWaiter: 0x114400420>
23:32:31.479 WebDriverAgentRunner-Runner[1375:148205] Wait <XCTWaiterWait: 0x1097aea00> completed after 0.001s
23:32:31.479 WebDriverAgentRunner-Runner[1375:148205] cleaning up fetching attributes 'XC_kAXXCAttributeSystemAppApplication' for Device system-wide element
23:32:31.479 WebDriverAgentRunner-Runner[1375:148205] Creating future for 'fetching attributes 'XC_kAXXCAttributeFocusedApplications' for AX element pid: 174, elementOrHash.elementID: 0.1' with timeout 65.00
23:32:31.479 WebDriverAgentRunner-Runner[1375:148205] <XCTWaiter: 0x114400120> entering wait loop for 65.00s with expectations: `fetching attributes 'XC_kAXXCAttributeFocusedApplications' for AX element pid: 174, elementOrHash.elementID: 0.1`
23:32:31.482 WebDriverAgentRunner-Runner[1375:148826] Got attribute fetch response with values {
    "XC_kAXXCAttributeFocusedApplications" =     (
        "AX element pid: 303, elementOrHash.elementID: 0.1",
        "AX element pid: 174, elementOrHash.elementID: 0.1"
    );
}, error: (null)
23:32:31.482 WebDriverAgentRunner-Runner[1375:148205] Returning result XCTWaiterResultCompleted for synchronous waiter <XCTWaiter: 0x114400120>
23:32:31.483 WebDriverAgentRunner-Runner[1375:148205] Wait <XCTWaiterWait: 0x1097aed40> completed after 0.003s
23:32:31.483 WebDriverAgentRunner-Runner[1375:148205] cleaning up fetching attributes 'XC_kAXXCAttributeFocusedApplications' for AX element pid: 174, elementOrHash.elementID: 0.1
23:32:31.483 WebDriverAgentRunner-Runner[1375:148205] Active application elements: (
    "AX element pid: 303, elementOrHash.elementID: 0.1",
    "AX element pid: 174, elementOrHash.elementID: 0.1"
)
23:32:31.491 WebDriverAgentRunner-Runner[1375:148205] Creating future for 'getting interface orientation' with timeout 65.00
23:32:31.491 WebDriverAgentRunner-Runner[1375:148205] <XCTWaiter: 0x114400990> entering wait loop for 65.00s with expectations: `getting interface orientation`
23:32:31.492 WebDriverAgentRunner-Runner[1375:148205] Returning result XCTWaiterResultCompleted for synchronous waiter <XCTWaiter: 0x114400990>
23:32:31.492 WebDriverAgentRunner-Runner[1375:148205] Wait <XCTWaiterWait: 0x1097ace80> completed after 0.001s
23:32:31.492 WebDriverAgentRunner-Runner[1375:148205] cleaning up getting interface orientation
23:32:31.492 WebDriverAgentRunner-Runner[1375:148205] Creating future for 'getting interface orientation' with timeout 65.00
23:32:31.493 WebDriverAgentRunner-Runner[1375:148205] <XCTWaiter: 0x1144010e0> entering wait loop for 65.00s with expectations: `getting interface orientation`
23:32:31.493 WebDriverAgentRunner-Runner[1375:148205] Returning result XCTWaiterResultCompleted for synchronous waiter <XCTWaiter: 0x1144010e0>
23:32:31.493 WebDriverAgentRunner-Runner[1375:148205] Wait <XCTWaiterWait: 0x1097af400> completed after 0.001s
23:32:31.493 WebDriverAgentRunner-Runner[1375:148205] cleaning up getting interface orientation
23:32:31.494 WebDriverAgentRunner-Runner[1375:148205] Creating future for 'getting interface orientation' with timeout 65.00
23:32:31.494 WebDriverAgentRunner-Runner[1375:148205] <XCTWaiter: 0x114402f70> entering wait loop for 65.00s with expectations: `getting interface orientation`
23:32:31.494 WebDriverAgentRunner-Runner[1375:148205] Returning result XCTWaiterResultCompleted for synchronous waiter <XCTWaiter: 0x114402f70>
23:32:31.494 WebDriverAgentRunner-Runner[1375:148205] Wait <XCTWaiterWait: 0x1097add40> completed after 0.001s
23:32:31.495 WebDriverAgentRunner-Runner[1375:148205] cleaning up getting interface orientation
23:32:31.495 WebDriverAgentRunner-Runner[1375:148205] Requesting local synthesis of event: 
<XCSynthesizedEventRecord 'Swipe Point Array display 0'>
Path 1:
	Touch down at 579.0, 1117.0, offset=0.00s
	Move to 573.0, 1089.0, offset=0.04s
	Move to 556.0, 965.0, offset=0.07s
	Move to 537.0, 698.0, offset=0.11s
	Move to 533.0, 579.0, offset=0.13s
	Touch up at 533.0, 579.0, offset=0.14s
23:32:31.686 WebDriverAgentRunner-Runner[1375:149845] Handling kAXUserTestingNotification
23:32:31.687 WebDriverAgentRunner-Runner[1375:149845] Received kAXUserTestingNotification from AX element pid: 174, elementOrHash.elementID: 0.1: {
    event = TouchEventsCompleted;
}
23:32:31.687 WebDriverAgentRunner-Runner[1375:149845] Handling kAXUserTestingNotification
23:32:31.687 WebDriverAgentRunner-Runner[1375:149845] Received kAXUserTestingNotification from AX element pid: 174, elementOrHash.elementID: 0.1: {
    event = TouchEventsCompleted;
}
23:32:32.641 WebDriverAgentRunner-Runner[1375:148205] Creating future for 'fetching attributes 'XC_kAXXCAttributeSystemAppApplication' for Device system-wide element' with timeout 65.00
23:32:32.641 WebDriverAgentRunner-Runner[1375:148205] <XCTWaiter: 0x114400d50> entering wait loop for 65.00s with expectations: `fetching attributes 'XC_kAXXCAttributeSystemAppApplication' for Device system-wide element`
23:32:32.642 WebDriverAgentRunner-Runner[1375:148558] Got attribute fetch response with values {
    "XC_kAXXCAttributeSystemAppApplication" = "AX element pid: 174, elementOrHash.elementID: 0.1";
}, error: (null)
23:32:32.642 WebDriverAgentRunner-Runner[1375:148205] Returning result XCTWaiterResultCompleted for synchronous waiter <XCTWaiter: 0x114400d50>
23:32:32.642 WebDriverAgentRunner-Runner[1375:148205] Wait <XCTWaiterWait: 0x1097af240> completed after 0.001s
23:32:32.642 WebDriverAgentRunner-Runner[1375:148205] cleaning up fetching attributes 'XC_kAXXCAttributeSystemAppApplication' for Device system-wide element
23:32:32.642 WebDriverAgentRunner-Runner[1375:148205] Creating future for 'fetching attributes 'XC_kAXXCAttributeFocusedApplications' for AX element pid: 174, elementOrHash.elementID: 0.1' with timeout 65.00
23:32:32.643 WebDriverAgentRunner-Runner[1375:148205] <XCTWaiter: 0x114401860> entering wait loop for 65.00s with expectations: `fetching attributes 'XC_kAXXCAttributeFocusedApplications' for AX element pid: 174, elementOrHash.elementID: 0.1`
23:32:32.645 WebDriverAgentRunner-Runner[1375:148826] Got attribute fetch response with values {
    "XC_kAXXCAttributeFocusedApplications" =     (
        "AX element pid: 303, elementOrHash.elementID: 0.1",
        "AX element pid: 174, elementOrHash.elementID: 0.1"
    );
}, error: (null)
23:32:32.646 WebDriverAgentRunner-Runner[1375:148205] Returning result XCTWaiterResultCompleted for synchronous waiter <XCTWaiter: 0x114401860>
23:32:32.646 WebDriverAgentRunner-Runner[1375:148205] Wait <XCTWaiterWait: 0x1097ad080> completed after 0.003s
23:32:32.646 WebDriverAgentRunner-Runner[1375:148205] cleaning up fetching attributes 'XC_kAXXCAttributeFocusedApplications' for AX element pid: 174, elementOrHash.elementID: 0.1
23:32:32.646 WebDriverAgentRunner-Runner[1375:148205] Active application elements: (
    "AX element pid: 303, elementOrHash.elementID: 0.1",
    "AX element pid: 174, elementOrHash.elementID: 0.1"
)
23:32:32.671 WebDriverAgentRunner-Runner[1375:148205] Creating future for 'getting interface orientation' with timeout 65.00
23:32:32.671 WebDriverAgentRunner-Runner[1375:148205] <XCTWaiter: 0x114401890> entering wait loop for 65.00s with expectations: `getting interface orientation`
23:32:32.672 WebDriverAgentRunner-Runner[1375:148205] Returning result XCTWaiterResultCompleted for synchronous waiter <XCTWaiter: 0x114401890>
23:32:32.672 WebDriverAgentRunner-Runner[1375:148205] Wait <XCTWaiterWait: 0x1097acf40> completed after 0.001s
23:32:32.672 WebDriverAgentRunner-Runner[1375:148205] cleaning up getting interface orientation
23:32:32.672 WebDriverAgentRunner-Runner[1375:148205] Creating future for 'getting interface orientation' with timeout 65.00
23:32:32.672 WebDriverAgentRunner-Runner[1375:148205] <XCTWaiter: 0x114402e50> entering wait loop for 65.00s with expectations: `getting interface orientation`
23:32:32.673 WebDriverAgentRunner-Runner[1375:148205] Returning result XCTWaiterResultCompleted for synchronous waiter <XCTWaiter: 0x114402e50>
23:32:32.673 WebDriverAgentRunner-Runner[1375:148205] Wait <XCTWaiterWait: 0x1097ad380> completed after 0.001s
23:32:32.673 WebDriverAgentRunner-Runner[1375:148205] cleaning up getting interface orientation
23:32:32.673 WebDriverAgentRunner-Runner[1375:148205] Creating future for 'getting interface orientation' with timeout 65.00
23:32:32.673 WebDriverAgentRunner-Runner[1375:148205] <XCTWaiter: 0x114400c90> entering wait loop for 65.00s with expectations: `getting interface orientation`
23:32:32.674 WebDriverAgentRunner-Runner[1375:148205] Returning result XCTWaiterResultCompleted for synchronous waiter <XCTWaiter: 0x114400c90>
23:32:32.674 WebDriverAgentRunner-Runner[1375:148205] Wait <XCTWaiterWait: 0x1097ae0c0> completed after 0.001s
23:32:32.674 WebDriverAgentRunner-Runner[1375:148205] cleaning up getting interface orientation
23:32:32.674 WebDriverAgentRunner-Runner[1375:148205] Requesting local synthesis of event: 
<XCSynthesizedEventRecord 'Swipe Point Array display 0'>
Path 1:
	Touch down at 643.0, 1154.0, offset=0.00s
	Move to 609.0, 975.0, offset=0.04s
	Move to 605.0, 726.0, offset=0.08s
	Move to 607.0, 566.0, offset=0.11s
	Touch up at 607.0, 566.0, offset=0.12s
23:32:32.739 WebDriverAgentRunner-Runner[1375:149647] Handling kAXPidStatusChangedNotification
23:32:32.739 WebDriverAgentRunner-Runner[1375:149647] Got kAXPidStatusChangedNotification for pid 308: active
23:32:32.746 WebDriverAgentRunner-Runner[1375:149647] Handling kAXUserTestingNotification
23:32:32.746 WebDriverAgentRunner-Runner[1375:149647] Received kAXUserTestingNotification from AX element pid: 174, elementOrHash.elementID: 0.1: {
    controllerClass = SBHWidgetViewController;
    event = ViewDidAppear;
}
23:32:32.746 WebDriverAgentRunner-Runner[1375:149647] Handling kAXUserTestingNotification
23:32:32.747 WebDriverAgentRunner-Runner[1375:149647] Received kAXUserTestingNotification from AX element pid: 174, elementOrHash.elementID: 0.1: {
    controllerClass = SBHWidgetContainerViewController;
    event = ViewDidAppear;
}
23:32:32.747 WebDriverAgentRunner-Runner[1375:149647] Handling kAXUserTestingNotification
23:32:32.747 WebDriverAgentRunner-Runner[1375:149647] Received kAXUserTestingNotification from AX element pid: 174, elementOrHash.elementID: 0.1: {
    controllerClass = SBHMultiplexingViewController;
    event = ViewDidAppear;
}
23:32:32.747 WebDriverAgentRunner-Runner[1375:149647] Handling kAXUserTestingNotification
23:32:32.747 WebDriverAgentRunner-Runner[1375:149647] Received kAXUserTestingNotification from AX element pid: 174, elementOrHash.elementID: 0.1: {
    controllerClass = SBHWidgetStackViewController;
    event = ViewDidAppear;
}
23:32:32.776 WebDriverAgentRunner-Runner[1375:148205] No application process found matching pid 308, caching
23:32:32.821 WebDriverAgentRunner-Runner[1375:149845] Handling kAXUserTestingNotification
23:32:32.821 WebDriverAgentRunner-Runner[1375:149845] Received kAXUserTestingNotification from AX element pid: 174, elementOrHash.elementID: 0.1: {
    controllerClass = SBHWidgetViewController;
    event = ViewDidAppear;
}
23:32:32.822 WebDriverAgentRunner-Runner[1375:149845] Handling kAXUserTestingNotification
23:32:32.822 WebDriverAgentRunner-Runner[1375:149845] Received kAXUserTestingNotification from AX element pid: 174, elementOrHash.elementID: 0.1: {
    controllerClass = SBHWidgetContainerViewController;
    event = ViewDidAppear;
}
23:32:32.822 WebDriverAgentRunner-Runner[1375:149845] Handling kAXUserTestingNotification
23:32:32.822 WebDriverAgentRunner-Runner[1375:149845] Received kAXUserTestingNotification from AX element pid: 174, elementOrHash.elementID: 0.1: {
    controllerClass = SBHMultiplexingViewController;
    event = ViewDidAppear;
}
23:32:32.822 WebDriverAgentRunner-Runner[1375:149845] Handling kAXUserTestingNotification
23:32:32.822 WebDriverAgentRunner-Runner[1375:149845] Received kAXUserTestingNotification from AX element pid: 174, elementOrHash.elementID: 0.1: {
    controllerClass = SBHWidgetStackViewController;
    event = ViewDidAppear;
}
23:32:32.828 WebDriverAgentRunner-Runner[1375:149647] Handling kAXUserTestingNotification
23:32:32.828 WebDriverAgentRunner-Runner[1375:149647] Received kAXUserTestingNotification from AX element pid: 174, elementOrHash.elementID: 0.1: {
    event = TouchEventsCompleted;
}
23:32:32.828 WebDriverAgentRunner-Runner[1375:149647] Handling kAXUserTestingNotification
23:32:32.829 WebDriverAgentRunner-Runner[1375:149647] Received kAXUserTestingNotification from AX element pid: 174, elementOrHash.elementID: 0.1: {
    event = TouchEventsCompleted;
}
23:32:32.830 WebDriverAgentRunner-Runner[1375:149647] Handling AXNotification 3031
23:32:32.837 WebDriverAgentRunner-Runner[1375:149845] Handling kAXUserTestingNotification
23:32:32.837 WebDriverAgentRunner-Runner[1375:149845] Received kAXUserTestingNotification from AX element pid: 308, elementOrHash.elementID: 0.1: {
    controllerClass = "WidgetRenderer.WidgetSceneContentViewController";
    event = ViewDidAppear;
}
23:32:32.838 WebDriverAgentRunner-Runner[1375:149845] Handling kAXUserTestingNotification
23:32:32.838 WebDriverAgentRunner-Runner[1375:149845] Received kAXUserTestingNotification from AX element pid: 308, elementOrHash.elementID: 0.1: {
    controllerClass = "WidgetRenderer.SecureHostingController";
    event = ViewDidAppear;
}
23:32:32.907 WebDriverAgentRunner-Runner[1375:149647] Handling kAXUserTestingNotification
23:32:32.907 WebDriverAgentRunner-Runner[1375:149647] Received kAXUserTestingNotification from AX element pid: 308, elementOrHash.elementID: 0.1: {
    controllerClass = "WidgetRenderer.WidgetSceneContentViewController";
    event = ViewDidAppear;
}
23:32:32.907 WebDriverAgentRunner-Runner[1375:149647] Handling kAXUserTestingNotification
23:32:32.907 WebDriverAgentRunner-Runner[1375:149647] Received kAXUserTestingNotification from AX element pid: 308, elementOrHash.elementID: 0.1: {
    controllerClass = "WidgetRenderer.SecureHostingController";
    event = ViewDidAppear;
}
23:32:32.911 WebDriverAgentRunner-Runner[1375:148558] Handling kAXUserTestingNotification
23:32:32.911 WebDriverAgentRunner-Runner[1375:148558] Received kAXUserTestingNotification from AX element pid: 174, elementOrHash.elementID: 0.1: {
    controllerClass = SBHWidgetViewController;
    event = ViewDidAppear;
}
23:32:32.912 WebDriverAgentRunner-Runner[1375:148558] Handling kAXUserTestingNotification
23:32:32.912 WebDriverAgentRunner-Runner[1375:148558] Received kAXUserTestingNotification from AX element pid: 174, elementOrHash.elementID: 0.1: {
    controllerClass = SBHWidgetContainerViewController;
    event = ViewDidAppear;
}
23:32:32.912 WebDriverAgentRunner-Runner[1375:148558] Handling kAXUserTestingNotification
23:32:32.912 WebDriverAgentRunner-Runner[1375:148558] Received kAXUserTestingNotification from AX element pid: 174, elementOrHash.elementID: 0.1: {
    controllerClass = SBHMultiplexingViewController;
    event = ViewDidAppear;
}
23:32:32.912 WebDriverAgentRunner-Runner[1375:148558] Handling kAXUserTestingNotification
23:32:32.912 WebDriverAgentRunner-Runner[1375:148558] Received kAXUserTestingNotification from AX element pid: 174, elementOrHash.elementID: 0.1: {
    controllerClass = SBHWidgetStackViewController;
    event = ViewDidAppear;
}
23:32:32.912 WebDriverAgentRunner-Runner[1375:148558] Handling kAXUserTestingNotification
23:32:32.913 WebDriverAgentRunner-Runner[1375:148558] Received kAXUserTestingNotification from AX element pid: 174, elementOrHash.elementID: 0.1: {
    controllerClass = SBHWidgetViewController;
    event = ViewDidAppear;
}
23:32:32.913 WebDriverAgentRunner-Runner[1375:148558] Handling kAXUserTestingNotification
23:32:32.913 WebDriverAgentRunner-Runner[1375:148558] Received kAXUserTestingNotification from AX element pid: 174, elementOrHash.elementID: 0.1: {
    controllerClass = SBHWidgetContainerViewController;
    event = ViewDidAppear;
}
23:32:32.913 WebDriverAgentRunner-Runner[1375:148558] Handling kAXUserTestingNotification
23:32:32.913 WebDriverAgentRunner-Runner[1375:148558] Received kAXUserTestingNotification from AX element pid: 174, elementOrHash.elementID: 0.1: {
    controllerClass = SBHMultiplexingViewController;
    event = ViewDidAppear;
}
23:32:32.913 WebDriverAgentRunner-Runner[1375:148558] Handling kAXUserTestingNotification
23:32:32.913 WebDriverAgentRunner-Runner[1375:148558] Received kAXUserTestingNotification from AX element pid: 174, elementOrHash.elementID: 0.1: {
    controllerClass = SBHWidgetStackViewController;
    event = ViewDidAppear;
}
23:32:32.915 WebDriverAgentRunner-Runner[1375:148826] Handling kAXUserTestingNotification
23:32:32.915 WebDriverAgentRunner-Runner[1375:148826] Received kAXUserTestingNotification from AX element pid: 308, elementOrHash.elementID: 0.1: {
    controllerClass = "WidgetRenderer.WidgetSceneContentViewController";
    event = ViewDidAppear;
}
23:32:32.915 WebDriverAgentRunner-Runner[1375:148826] Handling kAXUserTestingNotification
23:32:32.915 WebDriverAgentRunner-Runner[1375:148826] Received kAXUserTestingNotification from AX element pid: 308, elementOrHash.elementID: 0.1: {
    controllerClass = "WidgetRenderer.SecureHostingController";
    event = ViewDidAppear;
}
23:32:32.968 WebDriverAgentRunner-Runner[1375:148826] Handling kAXUserTestingNotification
23:32:32.968 WebDriverAgentRunner-Runner[1375:148826] Received kAXUserTestingNotification from AX element pid: 174, elementOrHash.elementID: 0.1: {
    controllerClass = SBHWidgetViewController;
    event = ViewDidAppear;
}
23:32:32.969 WebDriverAgentRunner-Runner[1375:148826] Handling kAXUserTestingNotification
23:32:32.969 WebDriverAgentRunner-Runner[1375:148826] Received kAXUserTestingNotification from AX element pid: 174, elementOrHash.elementID: 0.1: {
    controllerClass = SBHWidgetContainerViewController;
    event = ViewDidAppear;
}
23:32:32.969 WebDriverAgentRunner-Runner[1375:148826] Handling kAXUserTestingNotification
23:32:32.969 WebDriverAgentRunner-Runner[1375:148826] Received kAXUserTestingNotification from AX element pid: 174, elementOrHash.elementID: 0.1: {
    controllerClass = SBHMultiplexingViewController;
    event = ViewDidAppear;
}
23:32:32.969 WebDriverAgentRunner-Runner[1375:148826] Handling kAXUserTestingNotification
23:32:32.969 WebDriverAgentRunner-Runner[1375:148826] Received kAXUserTestingNotification from AX element pid: 174, elementOrHash.elementID: 0.1: {
    controllerClass = SBHWidgetStackViewController;
    event = ViewDidAppear;
}
23:32:32.969 WebDriverAgentRunner-Runner[1375:148826] Handling kAXUserTestingNotification
23:32:32.970 WebDriverAgentRunner-Runner[1375:148826] Received kAXUserTestingNotification from AX element pid: 308, elementOrHash.elementID: 0.1: {
    controllerClass = "WidgetRenderer.WidgetSceneContentViewController";
    event = ViewDidAppear;
}
23:32:32.970 WebDriverAgentRunner-Runner[1375:148826] Handling kAXUserTestingNotification
23:32:32.970 WebDriverAgentRunner-Runner[1375:148826] Received kAXUserTestingNotification from AX element pid: 308, elementOrHash.elementID: 0.1: {
    controllerClass = "WidgetRenderer.SecureHostingController";
    event = ViewDidAppear;
}
23:32:33.309 WebDriverAgentRunner-Runner[1375:148205] Creating future for 'fetching attributes 'XC_kAXXCAttributeSystemAppApplication' for Device system-wide element' with timeout 65.00
23:32:33.309 WebDriverAgentRunner-Runner[1375:148205] <XCTWaiter: 0x1144007e0> entering wait loop for 65.00s with expectations: `fetching attributes 'XC_kAXXCAttributeSystemAppApplication' for Device system-wide element`
23:32:33.310 WebDriverAgentRunner-Runner[1375:149844] Got attribute fetch response with values {
    "XC_kAXXCAttributeSystemAppApplication" = "AX element pid: 174, elementOrHash.elementID: 0.1";
}, error: (null)
23:32:33.310 WebDriverAgentRunner-Runner[1375:148205] Returning result XCTWaiterResultCompleted for synchronous waiter <XCTWaiter: 0x1144007e0>
23:32:33.310 WebDriverAgentRunner-Runner[1375:148205] Wait <XCTWaiterWait: 0x108cbcb40> completed after 0.001s
23:32:33.310 WebDriverAgentRunner-Runner[1375:148205] cleaning up fetching attributes 'XC_kAXXCAttributeSystemAppApplication' for Device system-wide element
23:32:33.310 WebDriverAgentRunner-Runner[1375:148205] Creating future for 'fetching attributes 'XC_kAXXCAttributeFocusedApplications' for AX element pid: 174, elementOrHash.elementID: 0.1' with timeout 65.00
23:32:33.310 WebDriverAgentRunner-Runner[1375:148205] <XCTWaiter: 0x1144004b0> entering wait loop for 65.00s with expectations: `fetching attributes 'XC_kAXXCAttributeFocusedApplications' for AX element pid: 174, elementOrHash.elementID: 0.1`
23:32:33.311 WebDriverAgentRunner-Runner[1375:149844] Got attribute fetch response with values {
    "XC_kAXXCAttributeFocusedApplications" =     (
        "AX element pid: 303, elementOrHash.elementID: 0.1",
        "AX element pid: 174, elementOrHash.elementID: 0.1"
    );
}, error: (null)
23:32:33.311 WebDriverAgentRunner-Runner[1375:148205] Returning result XCTWaiterResultCompleted for synchronous waiter <XCTWaiter: 0x1144004b0>
23:32:33.311 WebDriverAgentRunner-Runner[1375:148205] Wait <XCTWaiterWait: 0x108cbd480> completed after 0.001s
23:32:33.312 WebDriverAgentRunner-Runner[1375:148205] cleaning up fetching attributes 'XC_kAXXCAttributeFocusedApplications' for AX element pid: 174, elementOrHash.elementID: 0.1
23:32:33.312 WebDriverAgentRunner-Runner[1375:148205] Active application elements: (
    "AX element pid: 303, elementOrHash.elementID: 0.1",
    "AX element pid: 174, elementOrHash.elementID: 0.1"
)
23:32:33.330 WebDriverAgentRunner-Runner[1375:148205] Creating future for 'looking up application specifier for pid 303' with timeout 30.00
23:32:33.330 WebDriverAgentRunner-Runner[1375:148205] Requesting application specifier for pid 303
23:32:33.330 WebDriverAgentRunner-Runner[1375:148205] <XCTWaiter: 0x114401dd0> entering wait loop for 30.00s with expectations: `looking up application specifier for pid 303`
23:32:33.331 WebDriverAgentRunner-Runner[1375:148205] Returning result XCTWaiterResultCompleted for synchronous waiter <XCTWaiter: 0x114401dd0>
23:32:33.331 WebDriverAgentRunner-Runner[1375:148205] Wait <XCTWaiterWait: 0x108cbe180> completed after 0.001s
23:32:33.331 WebDriverAgentRunner-Runner[1375:148205] cleaning up looking up application specifier for pid 303
23:32:33.331 WebDriverAgentRunner-Runner[1375:148205] App specifier for pid 303: <XCUIApplicationSpecifier: 0x1095eb240> { com.apple.DocumentManager.DockFolderViewService }
23:32:33.331 WebDriverAgentRunner-Runner[1375:148205] Error (com.apple.dt.xctest.ui-testing.error) 10100, userInfo keys: (null): Unknown application: 'com.apple.DocumentManager.DockFolderViewService'
23:32:33.331 WebDriverAgentRunner-Runner[1375:148205] Error (com.apple.dt.xctest.ui-testing.error) 10100, userInfo keys: (null): Unknown application: 'com.apple.DocumentManager.DockFolderViewService'
23:32:33.331 WebDriverAgentRunner-Runner[1375:148205] XCUIApplicationImplDepot: Creating XCUIApplicationImpl for identifier: com.apple.DocumentManager.DockFolderViewService
23:32:33.331 WebDriverAgentRunner-Runner[1375:148205] updating com.apple.DocumentManager.DockFolderViewService crashBehavior to 1
23:32:33.332 WebDriverAgentRunner-Runner[1375:148205] KVO change: checked status of Expect value of 'isApplicationStateKnown' of Application 'com.apple.DocumentManager.DockFolderViewService' to be '1': fulfill=NO
23:32:33.332 WebDriverAgentRunner-Runner[1375:148205] KVO change: checked status of Expect value of 'isApplicationStateKnown' of Application 'com.apple.DocumentManager.DockFolderViewService' to be '1': fulfill=NO
23:32:33.332 WebDriverAgentRunner-Runner[1375:148205] <XCTWaiter: 0x114401cb0> entering wait loop for 60.00s with expectations: `Expect value of 'isApplicationStateKnown' of Application 'com.apple.DocumentManager.DockFolderViewService' to be '1'`
23:32:33.333 WebDriverAgentRunner-Runner[1375:149844] -[XCTRunnerDaemonSession(XCTMessagingRole_UIApplicationStateUpdating) _XCT_applicationDidUpdateState:] com.apple.DocumentManager.DockFolderViewService@/Applications/DockFolderViewService.app processName: DockFolderViewS pid: 303 state: running foreground
23:32:33.333 WebDriverAgentRunner-Runner[1375:148205] [AM:0] Processing state snapshot com.apple.DocumentManager.DockFolderViewService@/Applications/DockFolderViewService.app processName: DockFolderViewS pid: 303 state: running foreground
23:32:33.333 WebDriverAgentRunner-Runner[1375:148205] <XCUIApplicationImpl: 0x108cbffc0 com.apple.DocumentManager.DockFolderViewService> changing currentProcess from (null) to com.apple.DocumentManager.DockFolderViewService (pid:0)
23:32:33.333 WebDriverAgentRunner-Runner[1375:148205] KVO change: checked status of Expect value of 'isApplicationStateKnown' of Application 'com.apple.DocumentManager.DockFolderViewService' to be '1': fulfill=NO
23:32:33.333 WebDriverAgentRunner-Runner[1375:148205] Setting pid for 0x108c7ea00 0 -> 303
23:32:33.333 WebDriverAgentRunner-Runner[1375:148205] Done setting pid for <XCUIApplicationImpl: 0x108cbffc0 com.apple.DocumentManager.DockFolderViewService> to 303
23:32:33.333 WebDriverAgentRunner-Runner[1375:148558] com.apple.DocumentManager.DockFolderViewService (pid:0) pid 0 -> 303
23:32:33.333 WebDriverAgentRunner-Runner[1375:149844] -[XCTRunnerDaemonSession(XCTMessagingRole_UIApplicationStateUpdating) _XCT_applicationDidUpdateState:] com.apple.DocumentManager.DockFolderViewService@/Applications/DockFolderViewService.app processName: DockFolderViewS pid: 303 state: running foreground
23:32:33.333 WebDriverAgentRunner-Runner[1375:148558] com.apple.DocumentManager.DockFolderViewService (pid:0) checking for cached AX loaded value using pid 303
23:32:33.333 WebDriverAgentRunner-Runner[1375:148826] Monitor: set com.apple.DocumentManager.DockFolderViewService (pid:303) for pid 303
23:32:33.334 WebDriverAgentRunner-Runner[1375:149845] com.apple.DocumentManager.DockFolderViewService (pid:303) application state Unknown (0) -> Running Foreground (4)
23:32:33.334 WebDriverAgentRunner-Runner[1375:148205] KVO change: checked status of Expect value of 'isApplicationStateKnown' of Application 'com.apple.DocumentManager.DockFolderViewService' to be '1': fulfill=YES
23:32:33.334 WebDriverAgentRunner-Runner[1375:148205] KVO change: checked status of Expect value of 'isApplicationStateKnown' of Application 'com.apple.DocumentManager.DockFolderViewService' to be '1': fulfill=YES
23:32:33.334 WebDriverAgentRunner-Runner[1375:148205] App state updated for <XCUIApplicationImpl: 0x108cbffc0 com.apple.DocumentManager.DockFolderViewService>: Running Foreground (4)
23:32:33.334 WebDriverAgentRunner-Runner[1375:148205] KVO change: checked status of Expect value of 'isApplicationStateKnown' of Application 'com.apple.DocumentManager.DockFolderViewService' to be '1': fulfill=YES
23:32:33.335 WebDriverAgentRunner-Runner[1375:148205] Returning result XCTWaiterResultCompleted for synchronous waiter <XCTWaiter: 0x114401cb0>
23:32:33.335 WebDriverAgentRunner-Runner[1375:148205] Wait <XCTWaiterWait: 0x108cbdf40> completed after 0.003s
23:32:33.335 WebDriverAgentRunner-Runner[1375:148205] cleaning up Expect value of 'isApplicationStateKnown' of Application 'com.apple.DocumentManager.DockFolderViewService' to be '1'
23:32:33.335 WebDriverAgentRunner-Runner[1375:148205] cleaning up Expect value of 'isApplicationStateKnown' of Application 'com.apple.DocumentManager.DockFolderViewService' to be '1'
23:32:33.335 WebDriverAgentRunner-Runner[1375:148205] Creating future for 'getting interface orientation' with timeout 65.00
23:32:33.335 WebDriverAgentRunner-Runner[1375:148205] <XCTWaiter: 0x114400990> entering wait loop for 65.00s with expectations: `getting interface orientation`
23:32:33.335 WebDriverAgentRunner-Runner[1375:148205] [AM:0] Processing state snapshot com.apple.DocumentManager.DockFolderViewService@/Applications/DockFolderViewService.app processName: DockFolderViewS pid: 303 state: running foreground
23:32:33.335 WebDriverAgentRunner-Runner[1375:148205] Done setting pid for <XCUIApplicationImpl: 0x108cbffc0 com.apple.DocumentManager.DockFolderViewService> to 303
23:32:33.335 WebDriverAgentRunner-Runner[1375:148205] App state updated for <XCUIApplicationImpl: 0x108cbffc0 com.apple.DocumentManager.DockFolderViewService>: Running Foreground (4)
23:32:33.335 WebDriverAgentRunner-Runner[1375:149845] -[XCTRunnerDaemonSession(XCTMessagingRole_UIApplicationStateUpdating) _XCT_applicationDidUpdateState:] com.apple.DocumentManager.DockFolderViewService@/Applications/DockFolderViewService.app processName: DockFolderViewS pid: 303 state: running foreground
23:32:33.336 WebDriverAgentRunner-Runner[1375:148205] [AM:0] Processing state snapshot com.apple.DocumentManager.DockFolderViewService@/Applications/DockFolderViewService.app processName: DockFolderViewS pid: 303 state: running foreground
23:32:33.336 WebDriverAgentRunner-Runner[1375:148205] Done setting pid for <XCUIApplicationImpl: 0x108cbffc0 com.apple.DocumentManager.DockFolderViewService> to 303
23:32:33.336 WebDriverAgentRunner-Runner[1375:148205] App state updated for <XCUIApplicationImpl: 0x108cbffc0 com.apple.DocumentManager.DockFolderViewService>: Running Foreground (4)
23:32:33.336 WebDriverAgentRunner-Runner[1375:148205] Returning result XCTWaiterResultCompleted for synchronous waiter <XCTWaiter: 0x114400990>
23:32:33.336 WebDriverAgentRunner-Runner[1375:148205] Wait <XCTWaiterWait: 0x108cbf5c0> completed after 0.001s
23:32:33.336 WebDriverAgentRunner-Runner[1375:148205] cleaning up getting interface orientation
23:32:33.336 WebDriverAgentRunner-Runner[1375:148205] Creating future for 'getting interface orientation' with timeout 65.00
23:32:33.337 WebDriverAgentRunner-Runner[1375:148205] <XCTWaiter: 0x1144019b0> entering wait loop for 65.00s with expectations: `getting interface orientation`
23:32:33.337 WebDriverAgentRunner-Runner[1375:148205] Returning result XCTWaiterResultCompleted for synchronous waiter <XCTWaiter: 0x1144019b0>
23:32:33.337 WebDriverAgentRunner-Runner[1375:148205] Wait <XCTWaiterWait: 0x108cbc1c0> completed after 0.000s
23:32:33.337 WebDriverAgentRunner-Runner[1375:148205] cleaning up getting interface orientation
23:32:33.337 WebDriverAgentRunner-Runner[1375:148205] Creating future for 'getting interface orientation' with timeout 65.00
23:32:33.337 WebDriverAgentRunner-Runner[1375:148205] <XCTWaiter: 0x1144022b0> entering wait loop for 65.00s with expectations: `getting interface orientation`
23:32:33.337 WebDriverAgentRunner-Runner[1375:148205] Returning result XCTWaiterResultCompleted for synchronous waiter <XCTWaiter: 0x1144022b0>
23:32:33.338 WebDriverAgentRunner-Runner[1375:148205] Wait <XCTWaiterWait: 0x108cbe9c0> completed after 0.000s
23:32:33.338 WebDriverAgentRunner-Runner[1375:148205] cleaning up getting interface orientation
23:32:33.338 WebDriverAgentRunner-Runner[1375:148205] Requesting local synthesis of event: 
<XCSynthesizedEventRecord 'Swipe Point Array display 0'>
Path 1:
	Touch down at 656.0, 187.0, offset=0.00s
	Move to 656.0, 215.0, offset=0.04s
	Move to 650.0, 403.0, offset=0.08s
	Move to 628.0, 718.0, offset=0.11s
	Touch up at 628.0, 718.0, offset=0.12s
23:32:33.469 WebDriverAgentRunner-Runner[1375:149845] Handling kAXUserTestingNotification
23:32:33.470 WebDriverAgentRunner-Runner[1375:149845] Received kAXUserTestingNotification from AX element pid: 174, elementOrHash.elementID: 0.1: {
    controllerClass = SBHWidgetStackViewController;
    event = ViewDidDisappear;
}
23:32:33.470 WebDriverAgentRunner-Runner[1375:149845] Handling kAXUserTestingNotification
23:32:33.470 WebDriverAgentRunner-Runner[1375:149845] Received kAXUserTestingNotification from AX element pid: 174, elementOrHash.elementID: 0.1: {
    controllerClass = SBHWidgetContainerViewController;
    event = ViewDidDisappear;
}
23:32:33.470 WebDriverAgentRunner-Runner[1375:149845] Handling kAXUserTestingNotification
23:32:33.470 WebDriverAgentRunner-Runner[1375:149845] Received kAXUserTestingNotification from AX element pid: 174, elementOrHash.elementID: 0.1: {
    controllerClass = SBHMultiplexingViewController;
    event = ViewDidDisappear;
}
23:32:33.470 WebDriverAgentRunner-Runner[1375:149845] Handling kAXUserTestingNotification
23:32:33.470 WebDriverAgentRunner-Runner[1375:149845] Received kAXUserTestingNotification from AX element pid: 174, elementOrHash.elementID: 0.1: {
    controllerClass = SBHWidgetViewController;
    event = ViewDidDisappear;
}
23:32:33.482 WebDriverAgentRunner-Runner[1375:148826] Handling kAXUserTestingNotification
23:32:33.482 WebDriverAgentRunner-Runner[1375:148826] Received kAXUserTestingNotification from AX element pid: 308, elementOrHash.elementID: 0.1: {
    controllerClass = "WidgetRenderer.WidgetSceneContentViewController";
    event = ViewDidDisappear;
}
23:32:33.483 WebDriverAgentRunner-Runner[1375:148826] Handling kAXUserTestingNotification
23:32:33.483 WebDriverAgentRunner-Runner[1375:148826] Received kAXUserTestingNotification from AX element pid: 308, elementOrHash.elementID: 0.1: {
    controllerClass = "WidgetRenderer.SecureHostingController";
    event = ViewDidDisappear;
}
23:32:33.486 WebDriverAgentRunner-Runner[1375:149844] Handling kAXUserTestingNotification
23:32:33.486 WebDriverAgentRunner-Runner[1375:149844] Received kAXUserTestingNotification from AX element pid: 174, elementOrHash.elementID: 0.1: {
    controllerClass = SBHWidgetStackViewController;
    event = ViewDidDisappear;
}
23:32:33.486 WebDriverAgentRunner-Runner[1375:149844] Handling kAXUserTestingNotification
23:32:33.487 WebDriverAgentRunner-Runner[1375:149844] Received kAXUserTestingNotification from AX element pid: 174, elementOrHash.elementID: 0.1: {
    controllerClass = SBHWidgetContainerViewController;
    event = ViewDidDisappear;
}
23:32:33.487 WebDriverAgentRunner-Runner[1375:149844] Handling kAXUserTestingNotification
23:32:33.487 WebDriverAgentRunner-Runner[1375:149844] Received kAXUserTestingNotification from AX element pid: 174, elementOrHash.elementID: 0.1: {
    controllerClass = SBHMultiplexingViewController;
    event = ViewDidDisappear;
}
23:32:33.487 WebDriverAgentRunner-Runner[1375:149844] Handling kAXUserTestingNotification
23:32:33.487 WebDriverAgentRunner-Runner[1375:149844] Received kAXUserTestingNotification from AX element pid: 174, elementOrHash.elementID: 0.1: {
    controllerClass = SBHWidgetViewController;
    event = ViewDidDisappear;
}
23:32:33.487 WebDriverAgentRunner-Runner[1375:149844] Handling kAXUserTestingNotification
23:32:33.487 WebDriverAgentRunner-Runner[1375:149844] Received kAXUserTestingNotification from AX element pid: 174, elementOrHash.elementID: 0.1: {
    controllerClass = SBHWidgetStackViewController;
    event = ViewDidDisappear;
}
23:32:33.487 WebDriverAgentRunner-Runner[1375:149844] Handling kAXUserTestingNotification
23:32:33.488 WebDriverAgentRunner-Runner[1375:149844] Received kAXUserTestingNotification from AX element pid: 174, elementOrHash.elementID: 0.1: {
    controllerClass = SBHWidgetContainerViewController;
    event = ViewDidDisappear;
}
23:32:33.488 WebDriverAgentRunner-Runner[1375:149844] Handling kAXUserTestingNotification
23:32:33.488 WebDriverAgentRunner-Runner[1375:149844] Received kAXUserTestingNotification from AX element pid: 174, elementOrHash.elementID: 0.1: {
    controllerClass = SBHMultiplexingViewController;
    event = ViewDidDisappear;
}
23:32:33.488 WebDriverAgentRunner-Runner[1375:149844] Handling kAXUserTestingNotification
23:32:33.488 WebDriverAgentRunner-Runner[1375:149844] Received kAXUserTestingNotification from AX element pid: 174, elementOrHash.elementID: 0.1: {
    controllerClass = SBHWidgetViewController;
    event = ViewDidDisappear;
}
23:32:33.496 WebDriverAgentRunner-Runner[1375:149845] Handling kAXUserTestingNotification
23:32:33.496 WebDriverAgentRunner-Runner[1375:149845] Received kAXUserTestingNotification from AX element pid: 174, elementOrHash.elementID: 0.1: {
    event = TouchEventsCompleted;
}
23:32:33.497 WebDriverAgentRunner-Runner[1375:149845] Handling kAXUserTestingNotification
23:32:33.497 WebDriverAgentRunner-Runner[1375:149845] Received kAXUserTestingNotification from AX element pid: 174, elementOrHash.elementID: 0.1: {
    event = TouchEventsCompleted;
}
23:32:33.498 WebDriverAgentRunner-Runner[1375:149845] Handling kAXUserTestingNotification
23:32:33.498 WebDriverAgentRunner-Runner[1375:149845] Received kAXUserTestingNotification from AX element pid: 308, elementOrHash.elementID: 0.1: {
    controllerClass = "WidgetRenderer.WidgetSceneContentViewController";
    event = ViewDidDisappear;
}
23:32:33.498 WebDriverAgentRunner-Runner[1375:149845] Handling kAXUserTestingNotification
23:32:33.498 WebDriverAgentRunner-Runner[1375:149845] Received kAXUserTestingNotification from AX element pid: 308, elementOrHash.elementID: 0.1: {
    controllerClass = "WidgetRenderer.SecureHostingController";
    event = ViewDidDisappear;
}
23:32:33.500 WebDriverAgentRunner-Runner[1375:149844] Handling kAXUserTestingNotification
23:32:33.500 WebDriverAgentRunner-Runner[1375:149844] Received kAXUserTestingNotification from AX element pid: 308, elementOrHash.elementID: 0.1: {
    controllerClass = "WidgetRenderer.WidgetSceneContentViewController";
    event = ViewDidDisappear;
}
23:32:33.501 WebDriverAgentRunner-Runner[1375:149844] Handling kAXUserTestingNotification
23:32:33.501 WebDriverAgentRunner-Runner[1375:149844] Received kAXUserTestingNotification from AX element pid: 308, elementOrHash.elementID: 0.1: {
    controllerClass = "WidgetRenderer.SecureHostingController";
    event = ViewDidDisappear;
}
23:32:33.541 WebDriverAgentRunner-Runner[1375:149844] Handling kAXUserTestingNotification
23:32:33.541 WebDriverAgentRunner-Runner[1375:149844] Received kAXUserTestingNotification from AX element pid: 174, elementOrHash.elementID: 0.1: {
    controllerClass = SBHWidgetStackViewController;
    event = ViewDidDisappear;
}
23:32:33.541 WebDriverAgentRunner-Runner[1375:149844] Handling kAXUserTestingNotification
23:32:33.541 WebDriverAgentRunner-Runner[1375:149844] Received kAXUserTestingNotification from AX element pid: 174, elementOrHash.elementID: 0.1: {
    controllerClass = SBHWidgetContainerViewController;
    event = ViewDidDisappear;
}
23:32:33.541 WebDriverAgentRunner-Runner[1375:149844] Handling kAXUserTestingNotification
23:32:33.541 WebDriverAgentRunner-Runner[1375:149844] Received kAXUserTestingNotification from AX element pid: 174, elementOrHash.elementID: 0.1: {
    controllerClass = SBHMultiplexingViewController;
    event = ViewDidDisappear;
}
23:32:33.542 WebDriverAgentRunner-Runner[1375:149844] Handling kAXUserTestingNotification
23:32:33.542 WebDriverAgentRunner-Runner[1375:149844] Received kAXUserTestingNotification from AX element pid: 174, elementOrHash.elementID: 0.1: {
    controllerClass = SBHWidgetViewController;
    event = ViewDidDisappear;
}
23:32:33.551 WebDriverAgentRunner-Runner[1375:149845] Handling kAXUserTestingNotification
23:32:33.551 WebDriverAgentRunner-Runner[1375:149845] Received kAXUserTestingNotification from AX element pid: 308, elementOrHash.elementID: 0.1: {
    controllerClass = "WidgetRenderer.WidgetSceneContentViewController";
    event = ViewDidDisappear;
}
23:32:33.551 WebDriverAgentRunner-Runner[1375:149845] Handling kAXUserTestingNotification
23:32:33.551 WebDriverAgentRunner-Runner[1375:149845] Received kAXUserTestingNotification from AX element pid: 308, elementOrHash.elementID: 0.1: {
    controllerClass = "WidgetRenderer.SecureHostingController";
    event = ViewDidDisappear;
}
23:32:33.766 WebDriverAgentRunner-Runner[1375:149647] Handling kAXUserTestingNotification
23:32:33.767 WebDriverAgentRunner-Runner[1375:149647] Received kAXUserTestingNotification from AX element pid: 174, elementOrHash.elementID: 0.1: {
    controllerClass = SBHWidgetStackViewController;
    event = ViewDidDisappear;
}
23:32:33.767 WebDriverAgentRunner-Runner[1375:149647] Handling kAXUserTestingNotification
23:32:33.767 WebDriverAgentRunner-Runner[1375:149647] Received kAXUserTestingNotification from AX element pid: 174, elementOrHash.elementID: 0.1: {
    controllerClass = SBHWidgetContainerViewController;
    event = ViewDidDisappear;
}
23:32:33.767 WebDriverAgentRunner-Runner[1375:149647] Handling kAXUserTestingNotification
23:32:33.768 WebDriverAgentRunner-Runner[1375:149647] Received kAXUserTestingNotification from AX element pid: 174, elementOrHash.elementID: 0.1: {
    controllerClass = SBHMultiplexingViewController;
    event = ViewDidDisappear;
}
23:32:33.768 WebDriverAgentRunner-Runner[1375:149647] Handling kAXUserTestingNotification
23:32:33.768 WebDriverAgentRunner-Runner[1375:149647] Received kAXUserTestingNotification from AX element pid: 174, elementOrHash.elementID: 0.1: {
    controllerClass = SBHWidgetViewController;
    event = ViewDidDisappear;
}
23:32:33.787 WebDriverAgentRunner-Runner[1375:148558] Handling kAXUserTestingNotification
23:32:33.787 WebDriverAgentRunner-Runner[1375:148558] Received kAXUserTestingNotification from AX element pid: 308, elementOrHash.elementID: 0.1: {
    controllerClass = "WidgetRenderer.WidgetSceneContentViewController";
    event = ViewDidDisappear;
}
23:32:33.787 WebDriverAgentRunner-Runner[1375:148558] Handling kAXUserTestingNotification
23:32:33.788 WebDriverAgentRunner-Runner[1375:148558] Received kAXUserTestingNotification from AX element pid: 308, elementOrHash.elementID: 0.1: {
    controllerClass = "WidgetRenderer.SecureHostingController";
    event = ViewDidDisappear;
}
23:32:34.187 WebDriverAgentRunner-Runner[1375:148205] Creating future for 'fetching attributes 'XC_kAXXCAttributeSystemAppApplication' for Device system-wide element' with timeout 65.00
23:32:34.187 WebDriverAgentRunner-Runner[1375:148205] <XCTWaiter: 0x114400f90> entering wait loop for 65.00s with expectations: `fetching attributes 'XC_kAXXCAttributeSystemAppApplication' for Device system-wide element`
23:32:34.188 WebDriverAgentRunner-Runner[1375:149647] Got attribute fetch response with values {
    "XC_kAXXCAttributeSystemAppApplication" = "AX element pid: 174, elementOrHash.elementID: 0.1";
}, error: (null)
23:32:34.188 WebDriverAgentRunner-Runner[1375:148205] Returning result XCTWaiterResultCompleted for synchronous waiter <XCTWaiter: 0x114400f90>
23:32:34.188 WebDriverAgentRunner-Runner[1375:148205] Wait <XCTWaiterWait: 0x108cbe480> completed after 0.001s
23:32:34.188 WebDriverAgentRunner-Runner[1375:148205] cleaning up fetching attributes 'XC_kAXXCAttributeSystemAppApplication' for Device system-wide element
23:32:34.188 WebDriverAgentRunner-Runner[1375:148205] Creating future for 'fetching attributes 'XC_kAXXCAttributeFocusedApplications' for AX element pid: 174, elementOrHash.elementID: 0.1' with timeout 65.00
23:32:34.189 WebDriverAgentRunner-Runner[1375:148205] <XCTWaiter: 0x114402100> entering wait loop for 65.00s with expectations: `fetching attributes 'XC_kAXXCAttributeFocusedApplications' for AX element pid: 174, elementOrHash.elementID: 0.1`
23:32:34.191 WebDriverAgentRunner-Runner[1375:149647] Got attribute fetch response with values {
    "XC_kAXXCAttributeFocusedApplications" =     (
        "AX element pid: 303, elementOrHash.elementID: 0.1",
        "AX element pid: 174, elementOrHash.elementID: 0.1"
    );
}, error: (null)
23:32:34.191 WebDriverAgentRunner-Runner[1375:148205] Returning result XCTWaiterResultCompleted for synchronous waiter <XCTWaiter: 0x114402100>
23:32:34.191 WebDriverAgentRunner-Runner[1375:148205] Wait <XCTWaiterWait: 0x108cbe2c0> completed after 0.003s
23:32:34.191 WebDriverAgentRunner-Runner[1375:148205] cleaning up fetching attributes 'XC_kAXXCAttributeFocusedApplications' for AX element pid: 174, elementOrHash.elementID: 0.1
23:32:34.191 WebDriverAgentRunner-Runner[1375:148205] Active application elements: (
    "AX element pid: 303, elementOrHash.elementID: 0.1",
    "AX element pid: 174, elementOrHash.elementID: 0.1"
)
23:32:34.218 WebDriverAgentRunner-Runner[1375:148205] Creating future for 'getting interface orientation' with timeout 65.00
23:32:34.218 WebDriverAgentRunner-Runner[1375:148205] <XCTWaiter: 0x114401860> entering wait loop for 65.00s with expectations: `getting interface orientation`
23:32:34.219 WebDriverAgentRunner-Runner[1375:148205] Returning result XCTWaiterResultCompleted for synchronous waiter <XCTWaiter: 0x114401860>
23:32:34.219 WebDriverAgentRunner-Runner[1375:148205] Wait <XCTWaiterWait: 0x108cbcfc0> completed after 0.001s
23:32:34.219 WebDriverAgentRunner-Runner[1375:148205] cleaning up getting interface orientation
23:32:34.219 WebDriverAgentRunner-Runner[1375:148205] Creating future for 'getting interface orientation' with timeout 65.00
23:32:34.219 WebDriverAgentRunner-Runner[1375:148205] <XCTWaiter: 0x114401650> entering wait loop for 65.00s with expectations: `getting interface orientation`
23:32:34.220 WebDriverAgentRunner-Runner[1375:148205] Returning result XCTWaiterResultCompleted for synchronous waiter <XCTWaiter: 0x114401650>
23:32:34.220 WebDriverAgentRunner-Runner[1375:148205] Wait <XCTWaiterWait: 0x108cbdd00> completed after 0.001s
23:32:34.220 WebDriverAgentRunner-Runner[1375:148205] cleaning up getting interface orientation
23:32:34.220 WebDriverAgentRunner-Runner[1375:148205] Creating future for 'getting interface orientation' with timeout 65.00
23:32:34.220 WebDriverAgentRunner-Runner[1375:148205] <XCTWaiter: 0x114400900> entering wait loop for 65.00s with expectations: `getting interface orientation`
23:32:34.221 WebDriverAgentRunner-Runner[1375:148205] Returning result XCTWaiterResultCompleted for synchronous waiter <XCTWaiter: 0x114400900>
23:32:34.221 WebDriverAgentRunner-Runner[1375:148205] Wait <XCTWaiterWait: 0x108cbd280> completed after 0.001s
23:32:34.221 WebDriverAgentRunner-Runner[1375:148205] cleaning up getting interface orientation
23:32:34.221 WebDriverAgentRunner-Runner[1375:148205] Requesting local synthesis of event: 
<XCSynthesizedEventRecord 'Swipe Point Array display 0'>
Path 1:
	Touch down at 442.0, 1073.0, offset=0.00s
	Move to 448.0, 1001.0, offset=0.04s
	Move to 451.0, 697.0, offset=0.08s
	Move to 451.0, 447.0, offset=0.11s
	Touch up at 451.0, 447.0, offset=0.12s
23:32:34.267 WebDriverAgentRunner-Runner[1375:149647] Handling kAXUserTestingNotification
23:32:34.267 WebDriverAgentRunner-Runner[1375:149647] Received kAXUserTestingNotification from AX element pid: 174, elementOrHash.elementID: 0.1: {
    controllerClass = SBHWidgetViewController;
    event = ViewDidAppear;
}
23:32:34.267 WebDriverAgentRunner-Runner[1375:149647] Handling kAXUserTestingNotification
23:32:34.267 WebDriverAgentRunner-Runner[1375:149647] Received kAXUserTestingNotification from AX element pid: 174, elementOrHash.elementID: 0.1: {
    controllerClass = SBHWidgetContainerViewController;
    event = ViewDidAppear;
}
23:32:34.268 WebDriverAgentRunner-Runner[1375:149647] Handling kAXUserTestingNotification
23:32:34.268 WebDriverAgentRunner-Runner[1375:149647] Received kAXUserTestingNotification from AX element pid: 174, elementOrHash.elementID: 0.1: {
    controllerClass = SBHMultiplexingViewController;
    event = ViewDidAppear;
}
23:32:34.268 WebDriverAgentRunner-Runner[1375:149647] Handling kAXUserTestingNotification
23:32:34.268 WebDriverAgentRunner-Runner[1375:149647] Received kAXUserTestingNotification from AX element pid: 174, elementOrHash.elementID: 0.1: {
    controllerClass = SBHWidgetStackViewController;
    event = ViewDidAppear;
}
23:32:34.301 WebDriverAgentRunner-Runner[1375:148826] Handling kAXUserTestingNotification
23:32:34.301 WebDriverAgentRunner-Runner[1375:148826] Received kAXUserTestingNotification from AX element pid: 308, elementOrHash.elementID: 0.1: {
    controllerClass = "WidgetRenderer.WidgetSceneContentViewController";
    event = ViewDidAppear;
}
23:32:34.301 WebDriverAgentRunner-Runner[1375:148826] Handling kAXUserTestingNotification
23:32:34.301 WebDriverAgentRunner-Runner[1375:148826] Received kAXUserTestingNotification from AX element pid: 308, elementOrHash.elementID: 0.1: {
    controllerClass = "WidgetRenderer.SecureHostingController";
    event = ViewDidAppear;
}
23:32:34.346 WebDriverAgentRunner-Runner[1375:149647] Handling kAXUserTestingNotification
23:32:34.346 WebDriverAgentRunner-Runner[1375:149647] Received kAXUserTestingNotification from AX element pid: 174, elementOrHash.elementID: 0.1: {
    controllerClass = SBHWidgetViewController;
    event = ViewDidAppear;
}
23:32:34.347 WebDriverAgentRunner-Runner[1375:149647] Handling kAXUserTestingNotification
23:32:34.347 WebDriverAgentRunner-Runner[1375:149647] Received kAXUserTestingNotification from AX element pid: 174, elementOrHash.elementID: 0.1: {
    controllerClass = SBHWidgetContainerViewController;
    event = ViewDidAppear;
}
23:32:34.347 WebDriverAgentRunner-Runner[1375:149647] Handling kAXUserTestingNotification
23:32:34.347 WebDriverAgentRunner-Runner[1375:149647] Received kAXUserTestingNotification from AX element pid: 174, elementOrHash.elementID: 0.1: {
    controllerClass = SBHMultiplexingViewController;
    event = ViewDidAppear;
}
23:32:34.347 WebDriverAgentRunner-Runner[1375:149647] Handling kAXUserTestingNotification
23:32:34.347 WebDriverAgentRunner-Runner[1375:149647] Received kAXUserTestingNotification from AX element pid: 174, elementOrHash.elementID: 0.1: {
    controllerClass = SBHWidgetStackViewController;
    event = ViewDidAppear;
}
23:32:34.352 WebDriverAgentRunner-Runner[1375:148558] Handling kAXUserTestingNotification
23:32:34.353 WebDriverAgentRunner-Runner[1375:148558] Received kAXUserTestingNotification from AX element pid: 308, elementOrHash.elementID: 0.1: {
    controllerClass = "WidgetRenderer.WidgetSceneContentViewController";
    event = ViewDidAppear;
}
23:32:34.353 WebDriverAgentRunner-Runner[1375:148558] Handling kAXUserTestingNotification
23:32:34.353 WebDriverAgentRunner-Runner[1375:148558] Received kAXUserTestingNotification from AX element pid: 308, elementOrHash.elementID: 0.1: {
    controllerClass = "WidgetRenderer.SecureHostingController";
    event = ViewDidAppear;
}
23:32:34.371 WebDriverAgentRunner-Runner[1375:148558] Handling kAXUserTestingNotification
23:32:34.371 WebDriverAgentRunner-Runner[1375:148558] Received kAXUserTestingNotification from AX element pid: 174, elementOrHash.elementID: 0.1: {
    event = TouchEventsCompleted;
}
23:32:34.371 WebDriverAgentRunner-Runner[1375:148558] Handling kAXUserTestingNotification
23:32:34.371 WebDriverAgentRunner-Runner[1375:148558] Received kAXUserTestingNotification from AX element pid: 174, elementOrHash.elementID: 0.1: {
    event = TouchEventsCompleted;
}
23:32:34.413 WebDriverAgentRunner-Runner[1375:148826] Handling kAXUserTestingNotification
23:32:34.413 WebDriverAgentRunner-Runner[1375:148826] Received kAXUserTestingNotification from AX element pid: 308, elementOrHash.elementID: 0.1: {
    controllerClass = "WidgetRenderer.WidgetSceneContentViewController";
    event = ViewDidAppear;
}
23:32:34.413 WebDriverAgentRunner-Runner[1375:148826] Handling kAXUserTestingNotification
23:32:34.414 WebDriverAgentRunner-Runner[1375:148826] Received kAXUserTestingNotification from AX element pid: 308, elementOrHash.elementID: 0.1: {
    controllerClass = "WidgetRenderer.SecureHostingController";
    event = ViewDidAppear;
}
23:32:34.414 WebDriverAgentRunner-Runner[1375:148826] Handling kAXUserTestingNotification
23:32:34.415 WebDriverAgentRunner-Runner[1375:148826] Received kAXUserTestingNotification from AX element pid: 174, elementOrHash.elementID: 0.1: {
    controllerClass = SBHWidgetViewController;
    event = ViewDidAppear;
}
23:32:34.415 WebDriverAgentRunner-Runner[1375:148826] Handling kAXUserTestingNotification
23:32:34.415 WebDriverAgentRunner-Runner[1375:148826] Received kAXUserTestingNotification from AX element pid: 174, elementOrHash.elementID: 0.1: {
    controllerClass = SBHWidgetContainerViewController;
    event = ViewDidAppear;
}
23:32:34.416 WebDriverAgentRunner-Runner[1375:148826] Handling kAXUserTestingNotification
23:32:34.416 WebDriverAgentRunner-Runner[1375:148826] Received kAXUserTestingNotification from AX element pid: 174, elementOrHash.elementID: 0.1: {
    controllerClass = SBHMultiplexingViewController;
    event = ViewDidAppear;
}
23:32:34.416 WebDriverAgentRunner-Runner[1375:148826] Handling kAXUserTestingNotification
23:32:34.416 WebDriverAgentRunner-Runner[1375:148826] Received kAXUserTestingNotification from AX element pid: 174, elementOrHash.elementID: 0.1: {
    controllerClass = SBHWidgetStackViewController;
    event = ViewDidAppear;
}
23:32:34.416 WebDriverAgentRunner-Runner[1375:148826] Handling kAXUserTestingNotification
23:32:34.416 WebDriverAgentRunner-Runner[1375:148826] Received kAXUserTestingNotification from AX element pid: 174, elementOrHash.elementID: 0.1: {
    controllerClass = SBHWidgetViewController;
    event = ViewDidAppear;
}
23:32:34.416 WebDriverAgentRunner-Runner[1375:148826] Handling kAXUserTestingNotification
23:32:34.416 WebDriverAgentRunner-Runner[1375:148826] Received kAXUserTestingNotification from AX element pid: 174, elementOrHash.elementID: 0.1: {
    controllerClass = SBHWidgetContainerViewController;
    event = ViewDidAppear;
}
23:32:34.417 WebDriverAgentRunner-Runner[1375:148826] Handling kAXUserTestingNotification
23:32:34.417 WebDriverAgentRunner-Runner[1375:148826] Received kAXUserTestingNotification from AX element pid: 174, elementOrHash.elementID: 0.1: {
    controllerClass = SBHMultiplexingViewController;
    event = ViewDidAppear;
}
23:32:34.417 WebDriverAgentRunner-Runner[1375:148826] Handling kAXUserTestingNotification
23:32:34.417 WebDriverAgentRunner-Runner[1375:148826] Received kAXUserTestingNotification from AX element pid: 174, elementOrHash.elementID: 0.1: {
    controllerClass = SBHWidgetStackViewController;
    event = ViewDidAppear;
}
23:32:34.420 WebDriverAgentRunner-Runner[1375:148826] Handling kAXUserTestingNotification
23:32:34.421 WebDriverAgentRunner-Runner[1375:148826] Received kAXUserTestingNotification from AX element pid: 308, elementOrHash.elementID: 0.1: {
    controllerClass = "WidgetRenderer.WidgetSceneContentViewController";
    event = ViewDidAppear;
}
23:32:34.421 WebDriverAgentRunner-Runner[1375:148826] Handling kAXUserTestingNotification
23:32:34.421 WebDriverAgentRunner-Runner[1375:148826] Received kAXUserTestingNotification from AX element pid: 308, elementOrHash.elementID: 0.1: {
    controllerClass = "WidgetRenderer.SecureHostingController";
    event = ViewDidAppear;
}
23:32:34.457 WebDriverAgentRunner-Runner[1375:149647] Handling kAXUserTestingNotification
23:32:34.457 WebDriverAgentRunner-Runner[1375:149647] Received kAXUserTestingNotification from AX element pid: 308, elementOrHash.elementID: 0.1: {
    controllerClass = "WidgetRenderer.WidgetSceneContentViewController";
    event = ViewDidAppear;
}
23:32:34.457 WebDriverAgentRunner-Runner[1375:149647] Handling kAXUserTestingNotification
23:32:34.458 WebDriverAgentRunner-Runner[1375:149647] Received kAXUserTestingNotification from AX element pid: 308, elementOrHash.elementID: 0.1: {
    controllerClass = "WidgetRenderer.SecureHostingController";
    event = ViewDidAppear;
}
23:32:34.461 WebDriverAgentRunner-Runner[1375:148558] Handling kAXUserTestingNotification
23:32:34.461 WebDriverAgentRunner-Runner[1375:148558] Received kAXUserTestingNotification from AX element pid: 174, elementOrHash.elementID: 0.1: {
    controllerClass = SBHWidgetViewController;
    event = ViewDidAppear;
}
23:32:34.461 WebDriverAgentRunner-Runner[1375:148558] Handling kAXUserTestingNotification
23:32:34.461 WebDriverAgentRunner-Runner[1375:148558] Received kAXUserTestingNotification from AX element pid: 174, elementOrHash.elementID: 0.1: {
    controllerClass = SBHWidgetContainerViewController;
    event = ViewDidAppear;
}
23:32:34.462 WebDriverAgentRunner-Runner[1375:148558] Handling kAXUserTestingNotification
23:32:34.462 WebDriverAgentRunner-Runner[1375:148558] Received kAXUserTestingNotification from AX element pid: 174, elementOrHash.elementID: 0.1: {
    controllerClass = SBHMultiplexingViewController;
    event = ViewDidAppear;
}
23:32:34.462 WebDriverAgentRunner-Runner[1375:148558] Handling kAXUserTestingNotification
23:32:34.462 WebDriverAgentRunner-Runner[1375:148558] Received kAXUserTestingNotification from AX element pid: 174, elementOrHash.elementID: 0.1: {
    controllerClass = SBHWidgetStackViewController;
    event = ViewDidAppear;
}
23:32:35.363 WebDriverAgentRunner-Runner[1375:148205] Creating future for 'fetching attributes 'XC_kAXXCAttributeSystemAppApplication' for Device system-wide element' with timeout 65.00
23:32:35.363 WebDriverAgentRunner-Runner[1375:148205] <XCTWaiter: 0x114401c20> entering wait loop for 65.00s with expectations: `fetching attributes 'XC_kAXXCAttributeSystemAppApplication' for Device system-wide element`
23:32:35.364 WebDriverAgentRunner-Runner[1375:149647] Got attribute fetch response with values {
    "XC_kAXXCAttributeSystemAppApplication" = "AX element pid: 174, elementOrHash.elementID: 0.1";
}, error: (null)
23:32:35.364 WebDriverAgentRunner-Runner[1375:148205] Returning result XCTWaiterResultCompleted for synchronous waiter <XCTWaiter: 0x114401c20>
23:32:35.365 WebDriverAgentRunner-Runner[1375:148205] Wait <XCTWaiterWait: 0x108cbd480> completed after 0.001s
23:32:35.365 WebDriverAgentRunner-Runner[1375:148205] cleaning up fetching attributes 'XC_kAXXCAttributeSystemAppApplication' for Device system-wide element
23:32:35.365 WebDriverAgentRunner-Runner[1375:148205] Creating future for 'fetching attributes 'XC_kAXXCAttributeFocusedApplications' for AX element pid: 174, elementOrHash.elementID: 0.1' with timeout 65.00
23:32:35.365 WebDriverAgentRunner-Runner[1375:148205] <XCTWaiter: 0x1144024c0> entering wait loop for 65.00s with expectations: `fetching attributes 'XC_kAXXCAttributeFocusedApplications' for AX element pid: 174, elementOrHash.elementID: 0.1`
23:32:35.368 WebDriverAgentRunner-Runner[1375:148826] Got attribute fetch response with values {
    "XC_kAXXCAttributeFocusedApplications" =     (
        "AX element pid: 303, elementOrHash.elementID: 0.1",
        "AX element pid: 174, elementOrHash.elementID: 0.1"
    );
}, error: (null)
23:32:35.368 WebDriverAgentRunner-Runner[1375:148205] Returning result XCTWaiterResultCompleted for synchronous waiter <XCTWaiter: 0x1144024c0>
23:32:35.368 WebDriverAgentRunner-Runner[1375:148205] Wait <XCTWaiterWait: 0x108cbc480> completed after 0.003s
23:32:35.368 WebDriverAgentRunner-Runner[1375:148205] cleaning up fetching attributes 'XC_kAXXCAttributeFocusedApplications' for AX element pid: 174, elementOrHash.elementID: 0.1
23:32:35.368 WebDriverAgentRunner-Runner[1375:148205] Active application elements: (
    "AX element pid: 303, elementOrHash.elementID: 0.1",
    "AX element pid: 174, elementOrHash.elementID: 0.1"
)
    t =    90.70s Tap Application 'com.apple.DocumentManager.DockFolderViewService'[0.00, 0.00] -> (978.0, 764.0)
23:32:35.376 WebDriverAgentRunner-Runner[1375:148205] <XCTContext: 0x105d9cd20> started activity <XCActivityRecord: 0x108d48000> 2026-07-19 16:32:35 +0000: Tap Application 'com.apple.DocumentManager.DockFolderViewService'[0.00, 0.00] -> (978.0, 764.0)
23:32:35.376 WebDriverAgentRunner-Runner[1375:148205] Overriding application state timeout, 60.0 -> 10.0
23:32:35.377 WebDriverAgentRunner-Runner[1375:148205] <XCTContext: 0x105d9cd20> started activity <XCActivityRecord: 0x108d4aa00> 2026-07-19 16:32:35 +0000: Wait for com.apple.DocumentManager.DockFolderViewService to idle
23:32:35.377 WebDriverAgentRunner-Runner[1375:148205] Creating future for 'getting screen identifiers' with timeout 30.00
23:32:35.377 WebDriverAgentRunner-Runner[1375:148205] <XCTWaiter: 0x114400f90> entering wait loop for 30.00s with expectations: `getting screen identifiers`
23:32:35.377 WebDriverAgentRunner-Runner[1375:148205] Returning result XCTWaiterResultCompleted for synchronous waiter <XCTWaiter: 0x114400f90>
23:32:35.377 WebDriverAgentRunner-Runner[1375:148205] Wait <XCTWaiterWait: 0x108cbe740> completed after 0.000s
23:32:35.377 WebDriverAgentRunner-Runner[1375:148205] cleaning up getting screen identifiers
23:32:35.377 WebDriverAgentRunner-Runner[1375:148205] Waiting for com.apple.DocumentManager.DockFolderViewService (PID 303) quiescence...
23:32:35.377 WebDriverAgentRunner-Runner[1375:148205] Creating future for 'requesting automation session for com.apple.DocumentManager.DockFolderViewService (pid:303)' with timeout 10.00
23:32:35.378 WebDriverAgentRunner-Runner[1375:148205] Requesting automation session for pid 303, automation framework path: /System/Developer/Library/PrivateFrameworks/XCTAutomationSupport.framework
23:32:35.378 WebDriverAgentRunner-Runner[1375:148205] <XCTWaiter: 0x114401860> entering wait loop for 10.00s with expectations: `requesting automation session for com.apple.DocumentManager.DockFolderViewService (pid:303)`
    t =    90.70s     Wait for com.apple.DocumentManager.DockFolderViewService to idle
23:32:35.379 WebDriverAgentRunner-Runner[1375:148826] Got endpoint for automation session with pid 303
23:32:35.379 WebDriverAgentRunner-Runner[1375:148826] Exchanging capabilities for automation session connection to pid 303
23:32:35.382 WebDriverAgentRunner-Runner[1375:148826] Got remote interface capabilities for automation session connection to pid 303: <XCTCapabilities: 0x109794900>: {
    "accept remote connection capability" = 1;
    "containing transformer capability" = 1;
    "disclosed child rows transformer capability" = 2;
    "element sorting transformer capability" = 1;
    "evaluate query capability" = 1;
    "fetch element attributes capability" = 2;
    "indexing transformer capability" = 4;
    "main thread checker runtime issues" = 1;
    "malloc stack logging" = 1;
    "notify animations idle capability" = 1;
    "notify main run loop idle capability" = 1;
    "query runtime issue reporting" = 1;
    "query runtime issue reporting/automation type mismatch" = 1;
    "system provides kAXXCAttributeBannerIsStickyAttribute" = 1;
}
23:32:35.382 WebDriverAgentRunner-Runner[1375:148205] Returning result XCTWaiterResultCompleted for synchronous waiter <XCTWaiter: 0x114401860>
23:32:35.382 WebDriverAgentRunner-Runner[1375:148205] Wait <XCTWaiterWait: 0x108cbe340> completed after 0.004s
23:32:35.382 WebDriverAgentRunner-Runner[1375:148205] cleaning up requesting automation session for com.apple.DocumentManager.DockFolderViewService (pid:303)
23:32:35.382 WebDriverAgentRunner-Runner[1375:148205] Requesting main run loop idle notification using automation session for com.apple.DocumentManager.DockFolderViewService (pid:303)
23:32:35.383 WebDriverAgentRunner-Runner[1375:148205] Requesting animations idle notification using automation session for com.apple.DocumentManager.DockFolderViewService (pid:303)
23:32:35.383 WebDriverAgentRunner-Runner[1375:148205] Waiting on quiescence state variables
23:32:35.383 WebDriverAgentRunner-Runner[1375:148205] KVO change: checked status of Expect value of 'foreground' of com.apple.DocumentManager.DockFolderViewService (pid:303) to be '0': fulfill=NO
23:32:35.383 WebDriverAgentRunner-Runner[1375:148205] KVO change: checked status of Expect value of 'foreground' of com.apple.DocumentManager.DockFolderViewService (pid:303) to be '0': fulfill=NO
23:32:35.383 WebDriverAgentRunner-Runner[1375:148205] isQuiescent: self.eventLoopHasIdled: NO && self.animationsHaveFinished: NO
23:32:35.383 WebDriverAgentRunner-Runner[1375:148205] KVO change: checked status of Expect value of 'isQuiescent' of com.apple.DocumentManager.DockFolderViewService (pid:303) to be '1': fulfill=NO
23:32:35.383 WebDriverAgentRunner-Runner[1375:148205] isQuiescent: self.eventLoopHasIdled: NO && self.animationsHaveFinished: NO
23:32:35.383 WebDriverAgentRunner-Runner[1375:149647] Got event loop idle reply for com.apple.DocumentManager.DockFolderViewService (PID 303)
23:32:35.383 WebDriverAgentRunner-Runner[1375:148205] KVO change: checked status of Expect value of 'isQuiescent' of com.apple.DocumentManager.DockFolderViewService (pid:303) to be '1': fulfill=NO
23:32:35.383 WebDriverAgentRunner-Runner[1375:149647] Event loop is idle.
23:32:35.384 WebDriverAgentRunner-Runner[1375:148205] Not fulfilling (Expect value of 'foreground' of com.apple.DocumentManager.DockFolderViewService (pid:303) to be '0' OR Expect value of 'isQuiescent' of com.apple.DocumentManager.DockFolderViewService (pid:303) to be '1') because no subexpectations are fulfilled
23:32:35.384 WebDriverAgentRunner-Runner[1375:149845] com.apple.DocumentManager.DockFolderViewService (pid:303) eventLoopHasIdled NO -> YES
23:32:35.384 WebDriverAgentRunner-Runner[1375:148205] <XCTWaiter: 0x114400090> entering wait loop for 10.00s with expectations: `(Expect value of 'foreground' of com.apple.DocumentManager.DockFolderViewService (pid:303) to be '0' OR Expect value of 'isQuiescent' of com.apple.DocumentManager.DockFolderViewService (pid:303) to be '1')`
23:32:35.384 WebDriverAgentRunner-Runner[1375:149845] Posting KVO notifications for eventLoopHasIdled
23:32:35.384 WebDriverAgentRunner-Runner[1375:149647] Got animations reply for com.apple.DocumentManager.DockFolderViewService (PID 303)
23:32:35.384 WebDriverAgentRunner-Runner[1375:149845] isQuiescent: self.eventLoopHasIdled: YES && self.animationsHaveFinished: NO
23:32:35.384 WebDriverAgentRunner-Runner[1375:149647] Animations are not active.
23:32:35.384 WebDriverAgentRunner-Runner[1375:149845] isQuiescent: self.eventLoopHasIdled: YES && self.animationsHaveFinished: NO
23:32:35.384 WebDriverAgentRunner-Runner[1375:148558] com.apple.DocumentManager.DockFolderViewService (pid:303) animationsHaveFinished NO -> YES
23:32:35.385 WebDriverAgentRunner-Runner[1375:148558] Posting KVO notifications for animationsHaveFinished
23:32:35.385 WebDriverAgentRunner-Runner[1375:149845] KVO change: checked status of Expect value of 'isQuiescent' of com.apple.DocumentManager.DockFolderViewService (pid:303) to be '1': fulfill=YES
23:32:35.385 WebDriverAgentRunner-Runner[1375:148558] isQuiescent: self.eventLoopHasIdled: YES && self.animationsHaveFinished: YES
23:32:35.385 WebDriverAgentRunner-Runner[1375:149845] Fulfilling (Expect value of 'foreground' of com.apple.DocumentManager.DockFolderViewService (pid:303) to be '0' OR Expect value of 'isQuiescent' of com.apple.DocumentManager.DockFolderViewService (pid:303) to be '1') because Expect value of 'isQuiescent' of com.apple.DocumentManager.DockFolderViewService (pid:303) to be '1' is fulfilled
23:32:35.385 WebDriverAgentRunner-Runner[1375:148558] isQuiescent: self.eventLoopHasIdled: YES && self.animationsHaveFinished: YES
23:32:35.385 WebDriverAgentRunner-Runner[1375:148205] Returning result XCTWaiterResultCompleted for synchronous waiter <XCTWaiter: 0x114400090>
23:32:35.385 WebDriverAgentRunner-Runner[1375:148558] KVO change: checked status of Expect value of 'isQuiescent' of com.apple.DocumentManager.DockFolderViewService (pid:303) to be '1': fulfill=YES
23:32:35.385 WebDriverAgentRunner-Runner[1375:148205] Wait <XCTWaiterWait: 0x108cbc1c0> completed after 0.001s
23:32:35.385 WebDriverAgentRunner-Runner[1375:148205] cleaning up (Expect value of 'foreground' of com.apple.DocumentManager.DockFolderViewService (pid:303) to be '0' OR Expect value of 'isQuiescent' of com.apple.DocumentManager.DockFolderViewService (pid:303) to be '1')
23:32:35.385 WebDriverAgentRunner-Runner[1375:148205] cleaning up Expect value of 'foreground' of com.apple.DocumentManager.DockFolderViewService (pid:303) to be '0'
23:32:35.386 WebDriverAgentRunner-Runner[1375:148205] cleaning up Expect value of 'foreground' of com.apple.DocumentManager.DockFolderViewService (pid:303) to be '0'
23:32:35.386 WebDriverAgentRunner-Runner[1375:148205] cleaning up Expect value of 'isQuiescent' of com.apple.DocumentManager.DockFolderViewService (pid:303) to be '1'
23:32:35.386 WebDriverAgentRunner-Runner[1375:148205] cleaning up Expect value of 'isQuiescent' of com.apple.DocumentManager.DockFolderViewService (pid:303) to be '1'
23:32:35.386 WebDriverAgentRunner-Runner[1375:148205] com.apple.DocumentManager.DockFolderViewService has quiesced or quiescence timeout has elapsed.
    t =    90.71s     Find the Application 'com.apple.DocumentManager.DockFolderViewService'
23:32:35.386 WebDriverAgentRunner-Runner[1375:148205] <XCTContext: 0x105d9cd20> finished activity <XCActivityRecord: 0x108d4aa00> 2026-07-19 16:32:35 +0000: Wait for com.apple.DocumentManager.DockFolderViewService to idle (0.00922406s)
23:32:35.386 WebDriverAgentRunner-Runner[1375:148205] Overriding application state timeout, 10.0 -> 60.0
23:32:35.386 WebDriverAgentRunner-Runner[1375:148205] <XCTContext: 0x105d9cd20> started activity <XCActivityRecord: 0x108d4aa00> 2026-07-19 16:32:35 +0000: Find the Application 'com.apple.DocumentManager.DockFolderViewService'
23:32:35.386 WebDriverAgentRunner-Runner[1375:148205] Executing query:

23:32:35.387 WebDriverAgentRunner-Runner[1375:148205] Creating future for 'checking for continuity enablement' with timeout 30.00
23:32:35.387 WebDriverAgentRunner-Runner[1375:148205] <XCTWaiter: 0x114402700> entering wait loop for 30.00s with expectations: `checking for continuity enablement`
23:32:35.387 WebDriverAgentRunner-Runner[1375:148205] Returning result XCTWaiterResultCompleted for synchronous waiter <XCTWaiter: 0x114402700>
23:32:35.387 WebDriverAgentRunner-Runner[1375:148205] Wait <XCTWaiterWait: 0x108cbe240> completed after 0.001s
23:32:35.388 WebDriverAgentRunner-Runner[1375:148205] cleaning up checking for continuity enablement
23:32:35.388 WebDriverAgentRunner-Runner[1375:148205] Should evaluate query remotely? XCTDisableRemoteQueryEvaluation(d-write): YES, hasAutomationSession: YES, supportsRemoteEvaluation: YES
23:32:35.388 WebDriverAgentRunner-Runner[1375:148205] Getting matching snapshots for locally evaluated query
23:32:35.388 WebDriverAgentRunner-Runner[1375:148205] Evaluating query:
 
23:32:35.388 WebDriverAgentRunner-Runner[1375:148205] Getting root element snapshot
23:32:35.388 WebDriverAgentRunner-Runner[1375:148205] Getting snapshot for App element pid: 303 for query 
23:32:35.388 WebDriverAgentRunner-Runner[1375:148205] <XCTContext: 0x105d9cd20> started activity <XCActivityRecord: 0x108d4ab50> 2026-07-19 16:32:35 +0000: Requesting snapshot of accessibility hierarchy for app with pid 303
23:32:35.388 WebDriverAgentRunner-Runner[1375:148205] Query requires iOS snapshot attributes .
23:32:35.388 WebDriverAgentRunner-Runner[1375:148205] XCUIElementQuery <XCTElementSnapshotProvider> getting snapshot
23:32:35.388 WebDriverAgentRunner-Runner[1375:148205] Snapshot request has custom attributes 
23:32:35.388 WebDriverAgentRunner-Runner[1375:148205] Snapshot request has custom parameters {
    snapshotKeyHonorModalViews = 0;
}
23:32:35.389 WebDriverAgentRunner-Runner[1375:148205] Current snapshot generation is 1912
23:32:35.389 WebDriverAgentRunner-Runner[1375:148205] Capturing a new snapshot
23:32:35.389 WebDriverAgentRunner-Runner[1375:148205] Fetching snapshot for App element pid: 303 from testmanagerd with attributes XC_kAXXCAttributeElementType, XC_kAXXCAttributeElementBaseType, XC_kAXXCAttributeParent, XC_kAXXCAttributeIdentifier, XC_kAXXCAttributeAutomationType, XC_kAXXCAttributeTraits and parameters {
    maxArrayCount = 2147483647;
    maxChildren = 2147483647;
    maxDepth = 50;
    snapshotKeyHonorModalViews = 0;
    traverseFromParentsToChildren = 1;
}.
23:32:35.389 WebDriverAgentRunner-Runner[1375:148205] Creating future for 'fetching snapshot from testmanagerd.' with timeout 65.00
23:32:35.389 WebDriverAgentRunner-Runner[1375:148205] <XCTWaiter: 0x114402160> entering wait loop for 65.00s with expectations: `fetching snapshot from testmanagerd.`
    t =    90.71s         Requesting snapshot of accessibility hierarchy for app with pid 303
23:32:35.405 WebDriverAgentRunner-Runner[1375:149647] Got snapshot response with runtime issue support from testmanagerd.
23:32:35.405 WebDriverAgentRunner-Runner[1375:148205] Returning result XCTWaiterResultCompleted for synchronous waiter <XCTWaiter: 0x114402160>
23:32:35.405 WebDriverAgentRunner-Runner[1375:148205] Wait <XCTWaiterWait: 0x108cbc5c0> completed after 0.016s
23:32:35.405 WebDriverAgentRunner-Runner[1375:148205] cleaning up fetching snapshot from testmanagerd.
23:32:35.406 WebDriverAgentRunner-Runner[1375:148205] <XCTContext: 0x105d9cd20> finished activity <XCActivityRecord: 0x108d4ab50> 2026-07-19 16:32:35 +0000: Requesting snapshot of accessibility hierarchy for app with pid 303 (0.01755s)
23:32:35.406 WebDriverAgentRunner-Runner[1375:148205] Found matches {(
    App element pid: 303
)} with root App element pid: 303
23:32:35.406 WebDriverAgentRunner-Runner[1375:148205] <XCTContext: 0x105d9cd20> finished activity <XCActivityRecord: 0x108d4aa00> 2026-07-19 16:32:35 +0000: Find the Application 'com.apple.DocumentManager.DockFolderViewService' (0.019775s)
23:32:35.406 WebDriverAgentRunner-Runner[1375:148205] <XCTContext: 0x105fc62b0> started activity <XCActivityRecord: 0x108d4aa00> 2026-07-19 16:32:35 +0000: Application is configured to skip UI interruption handling
    t =    90.73s Application is configured to skip UI interruption handling
23:32:35.407 WebDriverAgentRunner-Runner[1375:148205] <XCTContext: 0x105fc62b0> finished activity <XCActivityRecord: 0x108d4aa00> 2026-07-19 16:32:35 +0000: Application is configured to skip UI interruption handling (0.000252008s)
23:32:35.407 WebDriverAgentRunner-Runner[1375:148205] Creating future for 'checking for continuity enablement' with timeout 30.00
23:32:35.407 WebDriverAgentRunner-Runner[1375:148205] <XCTWaiter: 0x114400540> entering wait loop for 30.00s with expectations: `checking for continuity enablement`
23:32:35.408 WebDriverAgentRunner-Runner[1375:148205] Returning result XCTWaiterResultCompleted for synchronous waiter <XCTWaiter: 0x114400540>
23:32:35.408 WebDriverAgentRunner-Runner[1375:148205] Wait <XCTWaiterWait: 0x108cbe740> completed after 0.001s
23:32:35.408 WebDriverAgentRunner-Runner[1375:148205] cleaning up checking for continuity enablement
23:32:35.408 WebDriverAgentRunner-Runner[1375:148205] Creating future for 'fetching attributes 'XC_kAXXCAttributeElementType', 'XC_kAXXCAttributeElementBaseType', 'XC_kAXXCAttributeTraits', 'XC_kAXXCAttributeAutomationType' for App element pid: 303' with timeout 30.00
23:32:35.408 WebDriverAgentRunner-Runner[1375:148205] <XCTWaiter: 0x114401650> entering wait loop for 30.00s with expectations: `fetching attributes 'XC_kAXXCAttributeElementType', 'XC_kAXXCAttributeElementBaseType', 'XC_kAXXCAttributeTraits', 'XC_kAXXCAttributeAutomationType' for App element pid: 303`
23:32:35.414 WebDriverAgentRunner-Runner[1375:148205] Returning result XCTWaiterResultCompleted for synchronous waiter <XCTWaiter: 0x114401650>
23:32:35.414 WebDriverAgentRunner-Runner[1375:148205] Wait <XCTWaiterWait: 0x108cbe580> completed after 0.006s
23:32:35.414 WebDriverAgentRunner-Runner[1375:148205] cleaning up fetching attributes 'XC_kAXXCAttributeElementType', 'XC_kAXXCAttributeElementBaseType', 'XC_kAXXCAttributeTraits', 'XC_kAXXCAttributeAutomationType' for App element pid: 303
23:32:35.414 WebDriverAgentRunner-Runner[1375:148205] App element pid: 303 (App element pid: 303) faulted in {
    "XC_kAXXCAttributeAutomationType" = 1;
    "XC_kAXXCAttributeElementBaseType" = UIApplication;
    "XC_kAXXCAttributeElementType" = "DockFolderViewService.Application";
    "XC_kAXXCAttributeTraits" = 0;
}: (no error) for elementType using XC_kAXXCAttributeElementType, XC_kAXXCAttributeElementBaseType, XC_kAXXCAttributeTraits, XC_kAXXCAttributeAutomationType
23:32:35.415 WebDriverAgentRunner-Runner[1375:148205] Computed elementType Application.
23:32:35.415 WebDriverAgentRunner-Runner[1375:148205] <XCTContext: 0x105d9cd20> started activity <XCActivityRecord: 0x108d4ab50> 2026-07-19 16:32:35 +0000: Synthesize event
    t =    90.74s     Synthesize event
23:32:35.415 WebDriverAgentRunner-Runner[1375:148205] Creating future for 'checking for continuity enablement' with timeout 30.00
23:32:35.415 WebDriverAgentRunner-Runner[1375:148205] <XCTWaiter: 0x114400c90> entering wait loop for 30.00s with expectations: `checking for continuity enablement`
23:32:35.416 WebDriverAgentRunner-Runner[1375:148205] Returning result XCTWaiterResultCompleted for synchronous waiter <XCTWaiter: 0x114400c90>
23:32:35.416 WebDriverAgentRunner-Runner[1375:148205] Wait <XCTWaiterWait: 0x108cbd500> completed after 0.001s
23:32:35.417 WebDriverAgentRunner-Runner[1375:148205] cleaning up checking for continuity enablement
23:32:35.417 WebDriverAgentRunner-Runner[1375:148205] Creating future for 'fetching attributes 'XC_kAXXCAttributeWindowDisplayId' for App element pid: 303' with timeout 30.00
23:32:35.417 WebDriverAgentRunner-Runner[1375:148205] <XCTWaiter: 0x114401e60> entering wait loop for 30.00s with expectations: `fetching attributes 'XC_kAXXCAttributeWindowDisplayId' for App element pid: 303`
23:32:35.418 WebDriverAgentRunner-Runner[1375:148205] Returning result XCTWaiterResultCompleted for synchronous waiter <XCTWaiter: 0x114401e60>
23:32:35.418 WebDriverAgentRunner-Runner[1375:148205] Wait <XCTWaiterWait: 0x108cbc780> completed after 0.001s
23:32:35.418 WebDriverAgentRunner-Runner[1375:148205] cleaning up fetching attributes 'XC_kAXXCAttributeWindowDisplayId' for App element pid: 303
23:32:35.418 WebDriverAgentRunner-Runner[1375:148205] Application, pid: 303 (App element pid: 303) faulted in {
    "XC_kAXXCAttributeWindowDisplayId" = 0;
}: (no error) for displayID using XC_kAXXCAttributeWindowDisplayId
23:32:35.418 WebDriverAgentRunner-Runner[1375:148205] Fetched display ID for Application, pid: 303 was 0, checked nearest remote ancestor (null), got (null)
23:32:35.419 WebDriverAgentRunner-Runner[1375:148205] Creating future for 'getting screen identifiers' with timeout 30.00
23:32:35.419 WebDriverAgentRunner-Runner[1375:148205] <XCTWaiter: 0x114402580> entering wait loop for 30.00s with expectations: `getting screen identifiers`
23:32:35.419 WebDriverAgentRunner-Runner[1375:148205] Returning result XCTWaiterResultCompleted for synchronous waiter <XCTWaiter: 0x114402580>
23:32:35.419 WebDriverAgentRunner-Runner[1375:148205] Wait <XCTWaiterWait: 0x108cbcc00> completed after 0.000s
23:32:35.419 WebDriverAgentRunner-Runner[1375:148205] cleaning up getting screen identifiers
23:32:35.419 WebDriverAgentRunner-Runner[1375:148205] Creating future for 'synthesizing event' with timeout TBD
23:32:35.420 WebDriverAgentRunner-Runner[1375:148205] <XCTContext: 0x105d9cd20> started activity <XCActivityRecord: 0x108d4aca0> 2026-07-19 16:32:35 +0000: Find the Application 'com.apple.DocumentManager.DockFolderViewService'
    t =    90.74s         Find the Application 'com.apple.DocumentManager.DockFolderViewService'
23:32:35.420 WebDriverAgentRunner-Runner[1375:148205] Executing query:

23:32:35.420 WebDriverAgentRunner-Runner[1375:148205] Creating future for 'checking for continuity enablement' with timeout 30.00
23:32:35.420 WebDriverAgentRunner-Runner[1375:148205] <XCTWaiter: 0x114400300> entering wait loop for 30.00s with expectations: `checking for continuity enablement`
23:32:35.421 WebDriverAgentRunner-Runner[1375:148205] Returning result XCTWaiterResultCompleted for synchronous waiter <XCTWaiter: 0x114400300>
23:32:35.421 WebDriverAgentRunner-Runner[1375:148205] Wait <XCTWaiterWait: 0x108cbd4c0> completed after 0.001s
23:32:35.422 WebDriverAgentRunner-Runner[1375:148205] cleaning up checking for continuity enablement
23:32:35.422 WebDriverAgentRunner-Runner[1375:148205] Should evaluate query remotely? XCTDisableRemoteQueryEvaluation(d-write): YES, hasAutomationSession: YES, supportsRemoteEvaluation: YES
23:32:35.422 WebDriverAgentRunner-Runner[1375:148205] Getting matching snapshots for locally evaluated query
23:32:35.422 WebDriverAgentRunner-Runner[1375:148205] Evaluating query:
 
23:32:35.422 WebDriverAgentRunner-Runner[1375:148205] Getting root element snapshot
23:32:35.422 WebDriverAgentRunner-Runner[1375:148205] Getting snapshot for App element pid: 303 for query 
23:32:35.422 WebDriverAgentRunner-Runner[1375:148205] <XCTContext: 0x105d9cd20> started activity <XCActivityRecord: 0x108d4ad10> 2026-07-19 16:32:35 +0000: Requesting snapshot of accessibility hierarchy for app with pid 303
    t =    90.75s             Requesting snapshot of accessibility hierarchy for app with pid 303
23:32:35.423 WebDriverAgentRunner-Runner[1375:148205] Query requires iOS snapshot attributes .
23:32:35.423 WebDriverAgentRunner-Runner[1375:148205] XCUIElementQuery <XCTElementSnapshotProvider> getting snapshot
23:32:35.423 WebDriverAgentRunner-Runner[1375:148205] Snapshot request has custom attributes 
23:32:35.423 WebDriverAgentRunner-Runner[1375:148205] Snapshot request has custom parameters {
    snapshotKeyHonorModalViews = 0;
}
23:32:35.423 WebDriverAgentRunner-Runner[1375:148205] Current snapshot generation is 1918
23:32:35.423 WebDriverAgentRunner-Runner[1375:148205] Query rootElementSnapshot is non-null with generation count 1913
23:32:35.423 WebDriverAgentRunner-Runner[1375:148205] Capturing a new snapshot
23:32:35.424 WebDriverAgentRunner-Runner[1375:148205] Fetching snapshot for App element pid: 303 from testmanagerd with attributes XC_kAXXCAttributeElementType, XC_kAXXCAttributeElementBaseType, XC_kAXXCAttributeParent, XC_kAXXCAttributeIdentifier, XC_kAXXCAttributeAutomationType, XC_kAXXCAttributeTraits and parameters {
    maxArrayCount = 2147483647;
    maxChildren = 2147483647;
    maxDepth = 50;
    snapshotKeyHonorModalViews = 0;
    traverseFromParentsToChildren = 1;
}.
23:32:35.424 WebDriverAgentRunner-Runner[1375:148205] Creating future for 'fetching snapshot from testmanagerd.' with timeout 65.00
23:32:35.424 WebDriverAgentRunner-Runner[1375:148205] <XCTWaiter: 0x114402430> entering wait loop for 65.00s with expectations: `fetching snapshot from testmanagerd.`
23:32:35.435 WebDriverAgentRunner-Runner[1375:148558] Got snapshot response with runtime issue support from testmanagerd.
23:32:35.436 WebDriverAgentRunner-Runner[1375:148205] Returning result XCTWaiterResultCompleted for synchronous waiter <XCTWaiter: 0x114402430>
23:32:35.436 WebDriverAgentRunner-Runner[1375:148205] Wait <XCTWaiterWait: 0x108cbe4c0> completed after 0.012s
23:32:35.436 WebDriverAgentRunner-Runner[1375:148205] cleaning up fetching snapshot from testmanagerd.
23:32:35.436 WebDriverAgentRunner-Runner[1375:148205] <XCTContext: 0x105d9cd20> finished activity <XCActivityRecord: 0x108d4ad10> 2026-07-19 16:32:35 +0000: Requesting snapshot of accessibility hierarchy for app with pid 303 (0.0137371s)
23:32:35.436 WebDriverAgentRunner-Runner[1375:148205] Found matches {(
    App element pid: 303
)} with root App element pid: 303
23:32:35.436 WebDriverAgentRunner-Runner[1375:148205] <XCTContext: 0x105d9cd20> finished activity <XCActivityRecord: 0x108d4aca0> 2026-07-19 16:32:35 +0000: Find the Application 'com.apple.DocumentManager.DockFolderViewService' (0.0168071s)
23:32:35.437 WebDriverAgentRunner-Runner[1375:148205] Creating future for 'checking for continuity enablement' with timeout 30.00
23:32:35.437 WebDriverAgentRunner-Runner[1375:148205] <XCTWaiter: 0x114400840> entering wait loop for 30.00s with expectations: `checking for continuity enablement`
23:32:35.438 WebDriverAgentRunner-Runner[1375:148205] Returning result XCTWaiterResultCompleted for synchronous waiter <XCTWaiter: 0x114400840>
23:32:35.438 WebDriverAgentRunner-Runner[1375:148205] Wait <XCTWaiterWait: 0x108cbfc80> completed after 0.001s
23:32:35.438 WebDriverAgentRunner-Runner[1375:148205] cleaning up checking for continuity enablement
23:32:35.439 WebDriverAgentRunner-Runner[1375:148205] Creating future for 'fetching attributes 'XC_kAXXCAttributeFrame', 'XC_kAXXCAttributeWindowDisplayId', 'XC_kAXXCAttributeWindowContextId' for App element pid: 303' with timeout 30.00
23:32:35.439 WebDriverAgentRunner-Runner[1375:148205] <XCTWaiter: 0x114402cd0> entering wait loop for 30.00s with expectations: `fetching attributes 'XC_kAXXCAttributeFrame', 'XC_kAXXCAttributeWindowDisplayId', 'XC_kAXXCAttributeWindowContextId' for App element pid: 303`
23:32:35.440 WebDriverAgentRunner-Runner[1375:148205] Returning result XCTWaiterResultCompleted for synchronous waiter <XCTWaiter: 0x114402cd0>
23:32:35.440 WebDriverAgentRunner-Runner[1375:148205] Wait <XCTWaiterWait: 0x108cbc700> completed after 0.002s
23:32:35.440 WebDriverAgentRunner-Runner[1375:148205] cleaning up fetching attributes 'XC_kAXXCAttributeFrame', 'XC_kAXXCAttributeWindowDisplayId', 'XC_kAXXCAttributeWindowContextId' for App element pid: 303
23:32:35.441 WebDriverAgentRunner-Runner[1375:148205] App element pid: 303 (App element pid: 303) faulted in {
    "XC_kAXXCAttributeFrame" =     {
        Height = 1024;
        Width = 1366;
        X = 0;
        Y = 0;
    };
    "XC_kAXXCAttributeWindowContextId" = 1010993286;
    "XC_kAXXCAttributeWindowDisplayId" = 0;
}: (no error) for frame using XC_kAXXCAttributeFrame, XC_kAXXCAttributeWindowDisplayId, XC_kAXXCAttributeWindowContextId
23:32:35.441 WebDriverAgentRunner-Runner[1375:148205] Creating future for 'checking for continuity enablement' with timeout 30.00
23:32:35.441 WebDriverAgentRunner-Runner[1375:148205] <XCTWaiter: 0x114401b90> entering wait loop for 30.00s with expectations: `checking for continuity enablement`
23:32:35.442 WebDriverAgentRunner-Runner[1375:148205] Returning result XCTWaiterResultCompleted for synchronous waiter <XCTWaiter: 0x114401b90>
23:32:35.442 WebDriverAgentRunner-Runner[1375:148205] Wait <XCTWaiterWait: 0x108cbda40> completed after 0.001s
23:32:35.442 WebDriverAgentRunner-Runner[1375:148205] cleaning up checking for continuity enablement
23:32:35.443 WebDriverAgentRunner-Runner[1375:148205] Creating future for 'fetching attributes 'XC_kAXXCAttributeElementType', 'XC_kAXXCAttributeElementBaseType', 'XC_kAXXCAttributeTraits', 'XC_kAXXCAttributeAutomationType' for App element pid: 303' with timeout 30.00
23:32:35.443 WebDriverAgentRunner-Runner[1375:148205] <XCTWaiter: 0x114401ad0> entering wait loop for 30.00s with expectations: `fetching attributes 'XC_kAXXCAttributeElementType', 'XC_kAXXCAttributeElementBaseType', 'XC_kAXXCAttributeTraits', 'XC_kAXXCAttributeAutomationType' for App element pid: 303`
23:32:35.444 WebDriverAgentRunner-Runner[1375:148205] Returning result XCTWaiterResultCompleted for synchronous waiter <XCTWaiter: 0x114401ad0>
23:32:35.444 WebDriverAgentRunner-Runner[1375:148205] Wait <XCTWaiterWait: 0x108cbca40> completed after 0.002s
23:32:35.444 WebDriverAgentRunner-Runner[1375:148205] cleaning up fetching attributes 'XC_kAXXCAttributeElementType', 'XC_kAXXCAttributeElementBaseType', 'XC_kAXXCAttributeTraits', 'XC_kAXXCAttributeAutomationType' for App element pid: 303
23:32:35.445 WebDriverAgentRunner-Runner[1375:148205] App element pid: 303 (App element pid: 303) faulted in {
    "XC_kAXXCAttributeAutomationType" = 1;
    "XC_kAXXCAttributeElementBaseType" = UIApplication;
    "XC_kAXXCAttributeElementType" = "DockFolderViewService.Application";
    "XC_kAXXCAttributeTraits" = 0;
}: (no error) for elementType using XC_kAXXCAttributeElementType, XC_kAXXCAttributeElementBaseType, XC_kAXXCAttributeTraits, XC_kAXXCAttributeAutomationType
23:32:35.445 WebDriverAgentRunner-Runner[1375:148205] Computed elementType Application.
23:32:35.445 WebDriverAgentRunner-Runner[1375:148205] <XCTContext: 0x105d9cd20> started activity <XCActivityRecord: 0x108d4ae60> 2026-07-19 16:32:35 +0000: Find the Application 'com.apple.DocumentManager.DockFolderViewService'
    t =    90.77s         Find the Application 'com.apple.DocumentManager.DockFolderViewService'
23:32:35.445 WebDriverAgentRunner-Runner[1375:148205] Executing query:

23:32:35.445 WebDriverAgentRunner-Runner[1375:148205] Creating future for 'checking for continuity enablement' with timeout 30.00
23:32:35.446 WebDriverAgentRunner-Runner[1375:148205] <XCTWaiter: 0x114402ac0> entering wait loop for 30.00s with expectations: `checking for continuity enablement`
23:32:35.447 WebDriverAgentRunner-Runner[1375:148205] Returning result XCTWaiterResultCompleted for synchronous waiter <XCTWaiter: 0x114402ac0>
23:32:35.447 WebDriverAgentRunner-Runner[1375:148205] Wait <XCTWaiterWait: 0x108cbc3c0> completed after 0.001s
23:32:35.447 WebDriverAgentRunner-Runner[1375:148205] cleaning up checking for continuity enablement
23:32:35.447 WebDriverAgentRunner-Runner[1375:148205] Should evaluate query remotely? XCTDisableRemoteQueryEvaluation(d-write): YES, hasAutomationSession: YES, supportsRemoteEvaluation: YES
23:32:35.447 WebDriverAgentRunner-Runner[1375:148205] Getting matching snapshots for locally evaluated query
23:32:35.448 WebDriverAgentRunner-Runner[1375:148205] Evaluating query:
 
23:32:35.448 WebDriverAgentRunner-Runner[1375:148205] Getting root element snapshot
23:32:35.448 WebDriverAgentRunner-Runner[1375:148205] Getting snapshot for App element pid: 303 for query 
23:32:35.448 WebDriverAgentRunner-Runner[1375:148205] <XCTContext: 0x105d9cd20> started activity <XCActivityRecord: 0x108d4afb0> 2026-07-19 16:32:35 +0000: Requesting snapshot of accessibility hierarchy for app with pid 303
    t =    90.77s             Requesting snapshot of accessibility hierarchy for app with pid 303
23:32:35.448 WebDriverAgentRunner-Runner[1375:148205] Query requires iOS snapshot attributes .
23:32:35.448 WebDriverAgentRunner-Runner[1375:148205] XCUIElementQuery <XCTElementSnapshotProvider> getting snapshot
23:32:35.449 WebDriverAgentRunner-Runner[1375:148205] Snapshot request has custom attributes 
23:32:35.449 WebDriverAgentRunner-Runner[1375:148205] Snapshot request has custom parameters {
    snapshotKeyHonorModalViews = 0;
}
23:32:35.449 WebDriverAgentRunner-Runner[1375:148205] Current snapshot generation is 1924
23:32:35.449 WebDriverAgentRunner-Runner[1375:148205] Query rootElementSnapshot is non-null with generation count 1919
23:32:35.449 WebDriverAgentRunner-Runner[1375:148205] Capturing a new snapshot
23:32:35.449 WebDriverAgentRunner-Runner[1375:148205] Fetching snapshot for App element pid: 303 from testmanagerd with attributes XC_kAXXCAttributeElementType, XC_kAXXCAttributeElementBaseType, XC_kAXXCAttributeParent, XC_kAXXCAttributeIdentifier, XC_kAXXCAttributeAutomationType, XC_kAXXCAttributeTraits and parameters {
    maxArrayCount = 2147483647;
    maxChildren = 2147483647;
    maxDepth = 50;
    snapshotKeyHonorModalViews = 0;
    traverseFromParentsToChildren = 1;
}.
23:32:35.449 WebDriverAgentRunner-Runner[1375:148205] Creating future for 'fetching snapshot from testmanagerd.' with timeout 65.00
23:32:35.450 WebDriverAgentRunner-Runner[1375:148205] <XCTWaiter: 0x114402340> entering wait loop for 65.00s with expectations: `fetching snapshot from testmanagerd.`
23:32:35.460 WebDriverAgentRunner-Runner[1375:149845] Got snapshot response with runtime issue support from testmanagerd.
23:32:35.461 WebDriverAgentRunner-Runner[1375:148205] Returning result XCTWaiterResultCompleted for synchronous waiter <XCTWaiter: 0x114402340>
23:32:35.461 WebDriverAgentRunner-Runner[1375:148205] Wait <XCTWaiterWait: 0x105c5a280> completed after 0.011s
23:32:35.461 WebDriverAgentRunner-Runner[1375:148205] cleaning up fetching snapshot from testmanagerd.
23:32:35.461 WebDriverAgentRunner-Runner[1375:148205] <XCTContext: 0x105d9cd20> finished activity <XCActivityRecord: 0x108d4afb0> 2026-07-19 16:32:35 +0000: Requesting snapshot of accessibility hierarchy for app with pid 303 (0.013302s)
23:32:35.462 WebDriverAgentRunner-Runner[1375:148205] Found matches {(
    App element pid: 303
)} with root App element pid: 303
23:32:35.462 WebDriverAgentRunner-Runner[1375:148205] <XCTContext: 0x105d9cd20> finished activity <XCActivityRecord: 0x108d4ae60> 2026-07-19 16:32:35 +0000: Find the Application 'com.apple.DocumentManager.DockFolderViewService' (0.0169259s)
23:32:35.462 WebDriverAgentRunner-Runner[1375:148205] Creating future for 'checking for continuity enablement' with timeout 30.00
23:32:35.462 WebDriverAgentRunner-Runner[1375:148205] <XCTWaiter: 0x1096c7150> entering wait loop for 30.00s with expectations: `checking for continuity enablement`
23:32:35.463 WebDriverAgentRunner-Runner[1375:148205] Returning result XCTWaiterResultCompleted for synchronous waiter <XCTWaiter: 0x1096c7150>
23:32:35.464 WebDriverAgentRunner-Runner[1375:148205] Wait <XCTWaiterWait: 0x1097afcc0> completed after 0.001s
23:32:35.464 WebDriverAgentRunner-Runner[1375:148205] cleaning up checking for continuity enablement
23:32:35.464 WebDriverAgentRunner-Runner[1375:148205] Creating future for 'fetching attributes 'XC_kAXXCAttributeFrame', 'XC_kAXXCAttributeWindowDisplayId', 'XC_kAXXCAttributeWindowContextId' for App element pid: 303' with timeout 30.00
23:32:35.464 WebDriverAgentRunner-Runner[1375:148205] <XCTWaiter: 0x1096c54a0> entering wait loop for 30.00s with expectations: `fetching attributes 'XC_kAXXCAttributeFrame', 'XC_kAXXCAttributeWindowDisplayId', 'XC_kAXXCAttributeWindowContextId' for App element pid: 303`
23:32:35.466 WebDriverAgentRunner-Runner[1375:148205] Returning result XCTWaiterResultCompleted for synchronous waiter <XCTWaiter: 0x1096c54a0>
23:32:35.466 WebDriverAgentRunner-Runner[1375:148205] Wait <XCTWaiterWait: 0x1097afec0> completed after 0.002s
23:32:35.466 WebDriverAgentRunner-Runner[1375:148205] cleaning up fetching attributes 'XC_kAXXCAttributeFrame', 'XC_kAXXCAttributeWindowDisplayId', 'XC_kAXXCAttributeWindowContextId' for App element pid: 303
23:32:35.466 WebDriverAgentRunner-Runner[1375:148205] App element pid: 303 (App element pid: 303) faulted in {
    "XC_kAXXCAttributeFrame" =     {
        Height = 1024;
        Width = 1366;
        X = 0;
        Y = 0;
    };
    "XC_kAXXCAttributeWindowContextId" = 1010993286;
    "XC_kAXXCAttributeWindowDisplayId" = 0;
}: (no error) for frame using XC_kAXXCAttributeFrame, XC_kAXXCAttributeWindowDisplayId, XC_kAXXCAttributeWindowContextId
23:32:35.466 WebDriverAgentRunner-Runner[1375:148205] Creating future for 'checking for continuity enablement' with timeout 30.00
23:32:35.466 WebDriverAgentRunner-Runner[1375:148205] <XCTWaiter: 0x1096c7270> entering wait loop for 30.00s with expectations: `checking for continuity enablement`
23:32:35.467 WebDriverAgentRunner-Runner[1375:148205] Returning result XCTWaiterResultCompleted for synchronous waiter <XCTWaiter: 0x1096c7270>
23:32:35.467 WebDriverAgentRunner-Runner[1375:148205] Wait <XCTWaiterWait: 0x1097ae640> completed after 0.001s
23:32:35.468 WebDriverAgentRunner-Runner[1375:148205] cleaning up checking for continuity enablement
23:32:35.468 WebDriverAgentRunner-Runner[1375:148205] Creating future for 'fetching attributes 'XC_kAXXCAttributeElementType', 'XC_kAXXCAttributeElementBaseType', 'XC_kAXXCAttributeTraits', 'XC_kAXXCAttributeAutomationType' for App element pid: 303' with timeout 30.00
23:32:35.468 WebDriverAgentRunner-Runner[1375:148205] <XCTWaiter: 0x1096c7480> entering wait loop for 30.00s with expectations: `fetching attributes 'XC_kAXXCAttributeElementType', 'XC_kAXXCAttributeElementBaseType', 'XC_kAXXCAttributeTraits', 'XC_kAXXCAttributeAutomationType' for App element pid: 303`
23:32:35.469 WebDriverAgentRunner-Runner[1375:148205] Returning result XCTWaiterResultCompleted for synchronous waiter <XCTWaiter: 0x1096c7480>
23:32:35.469 WebDriverAgentRunner-Runner[1375:148205] Wait <XCTWaiterWait: 0x1097adec0> completed after 0.002s
23:32:35.470 WebDriverAgentRunner-Runner[1375:148205] cleaning up fetching attributes 'XC_kAXXCAttributeElementType', 'XC_kAXXCAttributeElementBaseType', 'XC_kAXXCAttributeTraits', 'XC_kAXXCAttributeAutomationType' for App element pid: 303
23:32:35.470 WebDriverAgentRunner-Runner[1375:148205] App element pid: 303 (App element pid: 303) faulted in {
    "XC_kAXXCAttributeAutomationType" = 1;
    "XC_kAXXCAttributeElementBaseType" = UIApplication;
    "XC_kAXXCAttributeElementType" = "DockFolderViewService.Application";
    "XC_kAXXCAttributeTraits" = 0;
}: (no error) for elementType using XC_kAXXCAttributeElementType, XC_kAXXCAttributeElementBaseType, XC_kAXXCAttributeTraits, XC_kAXXCAttributeAutomationType
23:32:35.470 WebDriverAgentRunner-Runner[1375:148205] Computed elementType Application.
23:32:35.470 WebDriverAgentRunner-Runner[1375:148205] Creating future for 'getting interface orientation' with timeout 65.00
23:32:35.470 WebDriverAgentRunner-Runner[1375:148205] <XCTWaiter: 0x1096c7960> entering wait loop for 65.00s with expectations: `getting interface orientation`
23:32:35.471 WebDriverAgentRunner-Runner[1375:148205] Returning result XCTWaiterResultCompleted for synchronous waiter <XCTWaiter: 0x1096c7960>
23:32:35.471 WebDriverAgentRunner-Runner[1375:148205] Wait <XCTWaiterWait: 0x1097aefc0> completed after 0.001s
23:32:35.471 WebDriverAgentRunner-Runner[1375:148205] cleaning up getting interface orientation
23:32:35.471 WebDriverAgentRunner-Runner[1375:148205] Creating future for 'checking for continuity enablement' with timeout 30.00
23:32:35.471 WebDriverAgentRunner-Runner[1375:148205] <XCTWaiter: 0x1096c7900> entering wait loop for 30.00s with expectations: `checking for continuity enablement`
23:32:35.472 WebDriverAgentRunner-Runner[1375:148205] Returning result XCTWaiterResultCompleted for synchronous waiter <XCTWaiter: 0x1096c7900>
23:32:35.472 WebDriverAgentRunner-Runner[1375:148205] Wait <XCTWaiterWait: 0x1097ad440> completed after 0.001s
23:32:35.472 WebDriverAgentRunner-Runner[1375:148205] cleaning up checking for continuity enablement
23:32:35.472 WebDriverAgentRunner-Runner[1375:148205] Creating future for 'fetching attributes 'XC_kAXXCAttributeWindowDisplayId' for App element pid: 303' with timeout 30.00
23:32:35.473 WebDriverAgentRunner-Runner[1375:148205] <XCTWaiter: 0x1096c7db0> entering wait loop for 30.00s with expectations: `fetching attributes 'XC_kAXXCAttributeWindowDisplayId' for App element pid: 303`
23:32:35.474 WebDriverAgentRunner-Runner[1375:148205] Returning result XCTWaiterResultCompleted for synchronous waiter <XCTWaiter: 0x1096c7db0>
23:32:35.474 WebDriverAgentRunner-Runner[1375:148205] Wait <XCTWaiterWait: 0x108cbe4c0> completed after 0.001s
23:32:35.474 WebDriverAgentRunner-Runner[1375:148205] cleaning up fetching attributes 'XC_kAXXCAttributeWindowDisplayId' for App element pid: 303
23:32:35.474 WebDriverAgentRunner-Runner[1375:148205] Application, pid: 303 (App element pid: 303) faulted in {
    "XC_kAXXCAttributeWindowDisplayId" = 0;
}: (no error) for displayID using XC_kAXXCAttributeWindowDisplayId
23:32:35.474 WebDriverAgentRunner-Runner[1375:148205] Fetched display ID for Application, pid: 303 was 0, checked nearest remote ancestor (null), got (null)
23:32:35.474 WebDriverAgentRunner-Runner[1375:148205] Creating future for 'getting screen identifiers' with timeout 30.00
23:32:35.475 WebDriverAgentRunner-Runner[1375:148205] <XCTWaiter: 0x1096c7720> entering wait loop for 30.00s with expectations: `getting screen identifiers`
23:32:35.475 WebDriverAgentRunner-Runner[1375:148205] Returning result XCTWaiterResultCompleted for synchronous waiter <XCTWaiter: 0x1096c7720>
23:32:35.475 WebDriverAgentRunner-Runner[1375:148205] Wait <XCTWaiterWait: 0x108cbdc00> completed after 0.000s
23:32:35.475 WebDriverAgentRunner-Runner[1375:148205] cleaning up getting screen identifiers
23:32:35.475 WebDriverAgentRunner-Runner[1375:148205] Creating future for 'getting screen bounds' with timeout 30.00
23:32:35.475 WebDriverAgentRunner-Runner[1375:148205] <XCTWaiter: 0x114400ea0> entering wait loop for 30.00s with expectations: `getting screen bounds`
23:32:35.475 WebDriverAgentRunner-Runner[1375:148205] Returning result XCTWaiterResultCompleted for synchronous waiter <XCTWaiter: 0x114400ea0>
23:32:35.476 WebDriverAgentRunner-Runner[1375:148205] Wait <XCTWaiterWait: 0x108cbf600> completed after 0.000s
23:32:35.476 WebDriverAgentRunner-Runner[1375:148205] cleaning up getting screen bounds
23:32:35.476 WebDriverAgentRunner-Runner[1375:148205] Creating future for 'getting screen scale' with timeout 30.00
23:32:35.476 WebDriverAgentRunner-Runner[1375:148205] <XCTWaiter: 0x114402ac0> entering wait loop for 30.00s with expectations: `getting screen scale`
23:32:35.476 WebDriverAgentRunner-Runner[1375:148205] Returning result XCTWaiterResultCompleted for synchronous waiter <XCTWaiter: 0x114402ac0>
23:32:35.476 WebDriverAgentRunner-Runner[1375:148205] Wait <XCTWaiterWait: 0x108cbf600> completed after 0.000s
23:32:35.476 WebDriverAgentRunner-Runner[1375:148205] cleaning up getting screen scale
23:32:35.477 WebDriverAgentRunner-Runner[1375:148205] Creating future for 'checking for continuity enablement' with timeout 30.00
23:32:35.477 WebDriverAgentRunner-Runner[1375:148205] <XCTWaiter: 0x1144033f0> entering wait loop for 30.00s with expectations: `checking for continuity enablement`
23:32:35.478 WebDriverAgentRunner-Runner[1375:148205] Returning result XCTWaiterResultCompleted for synchronous waiter <XCTWaiter: 0x1144033f0>
23:32:35.478 WebDriverAgentRunner-Runner[1375:148205] Wait <XCTWaiterWait: 0x108cbe980> completed after 0.001s
23:32:35.478 WebDriverAgentRunner-Runner[1375:148205] cleaning up checking for continuity enablement
23:32:35.478 WebDriverAgentRunner-Runner[1375:148205] Creating future for 'fetching attributes 'XC_kAXXCAttributeWindowDisplayId' for App element pid: 303' with timeout 30.00
23:32:35.478 WebDriverAgentRunner-Runner[1375:148205] <XCTWaiter: 0x1144033c0> entering wait loop for 30.00s with expectations: `fetching attributes 'XC_kAXXCAttributeWindowDisplayId' for App element pid: 303`
23:32:35.479 WebDriverAgentRunner-Runner[1375:148205] Returning result XCTWaiterResultCompleted for synchronous waiter <XCTWaiter: 0x1144033c0>
23:32:35.480 WebDriverAgentRunner-Runner[1375:148205] Wait <XCTWaiterWait: 0x108cbe5c0> completed after 0.001s
23:32:35.480 WebDriverAgentRunner-Runner[1375:148205] cleaning up fetching attributes 'XC_kAXXCAttributeWindowDisplayId' for App element pid: 303
23:32:35.480 WebDriverAgentRunner-Runner[1375:148205] Application, pid: 303 (App element pid: 303) faulted in {
    "XC_kAXXCAttributeWindowDisplayId" = 0;
}: (no error) for displayID using XC_kAXXCAttributeWindowDisplayId
23:32:35.480 WebDriverAgentRunner-Runner[1375:148205] Fetched display ID for Application, pid: 303 was 0, checked nearest remote ancestor (null), got (null)
23:32:35.480 WebDriverAgentRunner-Runner[1375:148205] Creating future for 'getting interface orientation' with timeout 65.00
23:32:35.480 WebDriverAgentRunner-Runner[1375:148205] <XCTWaiter: 0x114403660> entering wait loop for 65.00s with expectations: `getting interface orientation`
23:32:35.481 WebDriverAgentRunner-Runner[1375:148205] Returning result XCTWaiterResultCompleted for synchronous waiter <XCTWaiter: 0x114403660>
23:32:35.481 WebDriverAgentRunner-Runner[1375:148205] Wait <XCTWaiterWait: 0x108cbccc0> completed after 0.001s
23:32:35.481 WebDriverAgentRunner-Runner[1375:148205] cleaning up getting interface orientation
23:32:35.481 WebDriverAgentRunner-Runner[1375:148205] <XCTContext: 0x105d9cd20> started activity <XCActivityRecord: 0x108d481c0> 2026-07-19 16:32:35 +0000: Find the Application 'com.apple.DocumentManager.DockFolderViewService'
    t =    90.81s         Find the Application 'com.apple.DocumentManager.DockFolderViewService'
23:32:35.482 WebDriverAgentRunner-Runner[1375:148205] Executing query:

23:32:35.482 WebDriverAgentRunner-Runner[1375:148205] Creating future for 'checking for continuity enablement' with timeout 30.00
23:32:35.482 WebDriverAgentRunner-Runner[1375:148205] <XCTWaiter: 0x114403d20> entering wait loop for 30.00s with expectations: `checking for continuity enablement`
23:32:35.483 WebDriverAgentRunner-Runner[1375:148205] Returning result XCTWaiterResultCompleted for synchronous waiter <XCTWaiter: 0x114403d20>
23:32:35.483 WebDriverAgentRunner-Runner[1375:148205] Wait <XCTWaiterWait: 0x108c2f000> completed after 0.001s
23:32:35.484 WebDriverAgentRunner-Runner[1375:148205] cleaning up checking for continuity enablement
23:32:35.484 WebDriverAgentRunner-Runner[1375:148205] Should evaluate query remotely? XCTDisableRemoteQueryEvaluation(d-write): YES, hasAutomationSession: YES, supportsRemoteEvaluation: YES
23:32:35.484 WebDriverAgentRunner-Runner[1375:148205] Getting matching snapshots for locally evaluated query
23:32:35.484 WebDriverAgentRunner-Runner[1375:148205] Evaluating query:
 
23:32:35.484 WebDriverAgentRunner-Runner[1375:148205] Getting root element snapshot
    t =    90.81s             Requesting snapshot of accessibility hierarchy for app with pid 303
23:32:35.484 WebDriverAgentRunner-Runner[1375:148205] Getting snapshot for App element pid: 303 for query 
23:32:35.484 WebDriverAgentRunner-Runner[1375:148205] <XCTContext: 0x105d9cd20> started activity <XCActivityRecord: 0x108d4aa70> 2026-07-19 16:32:35 +0000: Requesting snapshot of accessibility hierarchy for app with pid 303
23:32:35.485 WebDriverAgentRunner-Runner[1375:148205] Query requires iOS snapshot attributes .
23:32:35.485 WebDriverAgentRunner-Runner[1375:148205] XCUIElementQuery <XCTElementSnapshotProvider> getting snapshot
23:32:35.485 WebDriverAgentRunner-Runner[1375:148205] Snapshot request has custom attributes 
23:32:35.485 WebDriverAgentRunner-Runner[1375:148205] Snapshot request has custom parameters {
    snapshotKeyHonorModalViews = 0;
}
23:32:35.485 WebDriverAgentRunner-Runner[1375:148205] Current snapshot generation is 1936
23:32:35.485 WebDriverAgentRunner-Runner[1375:148205] Query rootElementSnapshot is non-null with generation count 1925
23:32:35.486 WebDriverAgentRunner-Runner[1375:148205] Capturing a new snapshot
23:32:35.486 WebDriverAgentRunner-Runner[1375:148205] Fetching snapshot for App element pid: 303 from testmanagerd with attributes XC_kAXXCAttributeElementType, XC_kAXXCAttributeElementBaseType, XC_kAXXCAttributeParent, XC_kAXXCAttributeIdentifier, XC_kAXXCAttributeAutomationType, XC_kAXXCAttributeTraits and parameters {
    maxArrayCount = 2147483647;
    maxChildren = 2147483647;
    maxDepth = 50;
    snapshotKeyHonorModalViews = 0;
    traverseFromParentsToChildren = 1;
}.
23:32:35.486 WebDriverAgentRunner-Runner[1375:148205] Creating future for 'fetching snapshot from testmanagerd.' with timeout 65.00
23:32:35.487 WebDriverAgentRunner-Runner[1375:148205] <XCTWaiter: 0x114490540> entering wait loop for 65.00s with expectations: `fetching snapshot from testmanagerd.`
23:32:35.498 WebDriverAgentRunner-Runner[1375:149938] Got snapshot response with runtime issue support from testmanagerd.
23:32:35.498 WebDriverAgentRunner-Runner[1375:148205] Returning result XCTWaiterResultCompleted for synchronous waiter <XCTWaiter: 0x114490540>
23:32:35.499 WebDriverAgentRunner-Runner[1375:148205] Wait <XCTWaiterWait: 0x109732300> completed after 0.012s
23:32:35.499 WebDriverAgentRunner-Runner[1375:148205] cleaning up fetching snapshot from testmanagerd.
23:32:35.499 WebDriverAgentRunner-Runner[1375:148205] <XCTContext: 0x105d9cd20> finished activity <XCActivityRecord: 0x108d4aa70> 2026-07-19 16:32:35 +0000: Requesting snapshot of accessibility hierarchy for app with pid 303 (0.014536s)
23:32:35.499 WebDriverAgentRunner-Runner[1375:148205] Found matches {(
    App element pid: 303
)} with root App element pid: 303
23:32:35.499 WebDriverAgentRunner-Runner[1375:148205] <XCTContext: 0x105d9cd20> finished activity <XCActivityRecord: 0x108d481c0> 2026-07-19 16:32:35 +0000: Find the Application 'com.apple.DocumentManager.DockFolderViewService' (0.017818s)
23:32:35.499 WebDriverAgentRunner-Runner[1375:148205] Creating future for 'checking for continuity enablement' with timeout 30.00
23:32:35.500 WebDriverAgentRunner-Runner[1375:148205] <XCTWaiter: 0x114490840> entering wait loop for 30.00s with expectations: `checking for continuity enablement`
23:32:35.500 WebDriverAgentRunner-Runner[1375:148205] Returning result XCTWaiterResultCompleted for synchronous waiter <XCTWaiter: 0x114490840>
23:32:35.501 WebDriverAgentRunner-Runner[1375:148205] Wait <XCTWaiterWait: 0x109732100> completed after 0.001s
23:32:35.501 WebDriverAgentRunner-Runner[1375:148205] cleaning up checking for continuity enablement
23:32:35.501 WebDriverAgentRunner-Runner[1375:148205] Creating future for 'fetching attributes 'XC_kAXXCAttributeFrame', 'XC_kAXXCAttributeWindowDisplayId', 'XC_kAXXCAttributeWindowContextId' for App element pid: 303' with timeout 30.00
23:32:35.501 WebDriverAgentRunner-Runner[1375:148205] <XCTWaiter: 0x1144906c0> entering wait loop for 30.00s with expectations: `fetching attributes 'XC_kAXXCAttributeFrame', 'XC_kAXXCAttributeWindowDisplayId', 'XC_kAXXCAttributeWindowContextId' for App element pid: 303`
23:32:35.503 WebDriverAgentRunner-Runner[1375:148205] Returning result XCTWaiterResultCompleted for synchronous waiter <XCTWaiter: 0x1144906c0>
23:32:35.503 WebDriverAgentRunner-Runner[1375:148205] Wait <XCTWaiterWait: 0x109733780> completed after 0.002s
23:32:35.503 WebDriverAgentRunner-Runner[1375:148205] cleaning up fetching attributes 'XC_kAXXCAttributeFrame', 'XC_kAXXCAttributeWindowDisplayId', 'XC_kAXXCAttributeWindowContextId' for App element pid: 303
23:32:35.503 WebDriverAgentRunner-Runner[1375:148205] App element pid: 303 (App element pid: 303) faulted in {
    "XC_kAXXCAttributeFrame" =     {
        Height = 1024;
        Width = 1366;
        X = 0;
        Y = 0;
    };
    "XC_kAXXCAttributeWindowContextId" = 1010993286;
    "XC_kAXXCAttributeWindowDisplayId" = 0;
}: (no error) for frame using XC_kAXXCAttributeFrame, XC_kAXXCAttributeWindowDisplayId, XC_kAXXCAttributeWindowContextId
23:32:35.503 WebDriverAgentRunner-Runner[1375:148205] Creating future for 'checking for continuity enablement' with timeout 30.00
23:32:35.503 WebDriverAgentRunner-Runner[1375:148205] <XCTWaiter: 0x114490b10> entering wait loop for 30.00s with expectations: `checking for continuity enablement`
23:32:35.504 WebDriverAgentRunner-Runner[1375:148205] Returning result XCTWaiterResultCompleted for synchronous waiter <XCTWaiter: 0x114490b10>
23:32:35.504 WebDriverAgentRunner-Runner[1375:148205] Wait <XCTWaiterWait: 0x109730e00> completed after 0.001s
23:32:35.504 WebDriverAgentRunner-Runner[1375:148205] cleaning up checking for continuity enablement
23:32:35.504 WebDriverAgentRunner-Runner[1375:148205] Creating future for 'fetching attributes 'XC_kAXXCAttributeElementType', 'XC_kAXXCAttributeElementBaseType', 'XC_kAXXCAttributeTraits', 'XC_kAXXCAttributeAutomationType' for App element pid: 303' with timeout 30.00
23:32:35.505 WebDriverAgentRunner-Runner[1375:148205] <XCTWaiter: 0x114490ff0> entering wait loop for 30.00s with expectations: `fetching attributes 'XC_kAXXCAttributeElementType', 'XC_kAXXCAttributeElementBaseType', 'XC_kAXXCAttributeTraits', 'XC_kAXXCAttributeAutomationType' for App element pid: 303`
23:32:35.506 WebDriverAgentRunner-Runner[1375:148205] Returning result XCTWaiterResultCompleted for synchronous waiter <XCTWaiter: 0x114490ff0>
23:32:35.506 WebDriverAgentRunner-Runner[1375:148205] Wait <XCTWaiterWait: 0x109730440> completed after 0.002s
23:32:35.506 WebDriverAgentRunner-Runner[1375:148205] cleaning up fetching attributes 'XC_kAXXCAttributeElementType', 'XC_kAXXCAttributeElementBaseType', 'XC_kAXXCAttributeTraits', 'XC_kAXXCAttributeAutomationType' for App element pid: 303
23:32:35.506 WebDriverAgentRunner-Runner[1375:148205] App element pid: 303 (App element pid: 303) faulted in {
    "XC_kAXXCAttributeAutomationType" = 1;
    "XC_kAXXCAttributeElementBaseType" = UIApplication;
    "XC_kAXXCAttributeElementType" = "DockFolderViewService.Application";
    "XC_kAXXCAttributeTraits" = 0;
}: (no error) for elementType using XC_kAXXCAttributeElementType, XC_kAXXCAttributeElementBaseType, XC_kAXXCAttributeTraits, XC_kAXXCAttributeAutomationType
23:32:35.507 WebDriverAgentRunner-Runner[1375:148205] Computed elementType Application.
23:32:35.507 WebDriverAgentRunner-Runner[1375:148205] Creating future for 'checking for continuity enablement' with timeout 30.00
23:32:35.507 WebDriverAgentRunner-Runner[1375:148205] <XCTWaiter: 0x1144912f0> entering wait loop for 30.00s with expectations: `checking for continuity enablement`
23:32:35.508 WebDriverAgentRunner-Runner[1375:148205] Returning result XCTWaiterResultCompleted for synchronous waiter <XCTWaiter: 0x1144912f0>
23:32:35.508 WebDriverAgentRunner-Runner[1375:148205] Wait <XCTWaiterWait: 0x109730240> completed after 0.001s
23:32:35.508 WebDriverAgentRunner-Runner[1375:148205] cleaning up checking for continuity enablement
23:32:35.508 WebDriverAgentRunner-Runner[1375:148205] Creating future for 'fetching attributes 'XC_kAXXCAttributeSystemAutomationProperties' for App element pid: 303' with timeout 30.00
23:32:35.508 WebDriverAgentRunner-Runner[1375:148205] <XCTWaiter: 0x114490990> entering wait loop for 30.00s with expectations: `fetching attributes 'XC_kAXXCAttributeSystemAutomationProperties' for App element pid: 303`
23:32:35.509 WebDriverAgentRunner-Runner[1375:148205] Returning result XCTWaiterResultCompleted for synchronous waiter <XCTWaiter: 0x114490990>
23:32:35.509 WebDriverAgentRunner-Runner[1375:148205] Wait <XCTWaiterWait: 0x109733880> completed after 0.001s
23:32:35.510 WebDriverAgentRunner-Runner[1375:148205] cleaning up fetching attributes 'XC_kAXXCAttributeSystemAutomationProperties' for App element pid: 303
23:32:35.510 WebDriverAgentRunner-Runner[1375:148205] Application, pid: 303 (App element pid: 303) faulted in {
}: (no error) for systemAutomationProperties using XC_kAXXCAttributeSystemAutomationProperties
23:32:35.510 WebDriverAgentRunner-Runner[1375:148205] Requesting local synthesis of event: 
<XCSynthesizedEventRecord 'tap display 0'>
Path 1:
	Touch down at 764.0, 388.0, offset=0.00s
	Touch up at 764.0, 388.0, offset=0.05s
23:32:35.510 WebDriverAgentRunner-Runner[1375:148205] Event upper bound on duration 30.05
23:32:35.510 WebDriverAgentRunner-Runner[1375:148205] Computed timeout 30.05 for future for 'synthesizing event'
23:32:35.511 WebDriverAgentRunner-Runner[1375:148205] <XCTWaiter: 0x1144928e0> entering wait loop for 30.05s with expectations: `synthesizing event`
23:32:35.615 WebDriverAgentRunner-Runner[1375:148826] Handling kAXPidStatusChangedNotification
23:32:35.615 WebDriverAgentRunner-Runner[1375:148826] Got kAXPidStatusChangedNotification for pid 1307: active
23:32:35.718 WebDriverAgentRunner-Runner[1375:148205] No application process found matching pid 1307, caching
23:32:35.737 WebDriverAgentRunner-Runner[1375:149938] Handling kAXUserTestingNotification
23:32:35.738 WebDriverAgentRunner-Runner[1375:149938] Received kAXUserTestingNotification from AX element pid: 174, elementOrHash.elementID: 0.1: {
    event = TouchEventsCompleted;
}
23:32:35.739 WebDriverAgentRunner-Runner[1375:149938] Handling kAXUserTestingNotification
23:32:35.739 WebDriverAgentRunner-Runner[1375:149938] Received kAXUserTestingNotification from AX element pid: 174, elementOrHash.elementID: 0.1: {
    controllerClass = SBMedusaDecoratedDeviceApplicationSceneViewController;
    event = ViewDidAppear;
}
23:32:35.740 WebDriverAgentRunner-Runner[1375:149938] Handling kAXUserTestingNotification
23:32:35.740 WebDriverAgentRunner-Runner[1375:149938] Received kAXUserTestingNotification from AX element pid: 174, elementOrHash.elementID: 0.1: {
    controllerClass = SBDeviceApplicationSceneViewController;
    event = ViewDidAppear;
}
23:32:35.740 WebDriverAgentRunner-Runner[1375:149938] Handling kAXUserTestingNotification
23:32:35.740 WebDriverAgentRunner-Runner[1375:149938] Received kAXUserTestingNotification from AX element pid: 174, elementOrHash.elementID: 0.1: {
    controllerClass = SBTopAffordanceViewController;
    event = ViewDidAppear;
}
23:32:35.740 WebDriverAgentRunner-Runner[1375:149938] Handling kAXUserTestingNotification
23:32:35.741 WebDriverAgentRunner-Runner[1375:149938] Received kAXUserTestingNotification from AX element pid: 174, elementOrHash.elementID: 0.1: {
    controllerClass = SWKWindowControlsViewController;
    event = ViewDidAppear;
}
23:32:35.741 WebDriverAgentRunner-Runner[1375:149938] Handling kAXUserTestingNotification
23:32:35.741 WebDriverAgentRunner-Runner[1375:149938] Received kAXUserTestingNotification from AX element pid: 174, elementOrHash.elementID: 0.1: {
    controllerClass = SBSwitcherViewController;
    event = ViewDidAppear;
}
23:32:35.741 WebDriverAgentRunner-Runner[1375:149938] Handling kAXUserTestingNotification
23:32:35.741 WebDriverAgentRunner-Runner[1375:149938] Received kAXUserTestingNotification from AX element pid: 174, elementOrHash.elementID: 0.1: {
    controllerClass = SBGridSwitcherViewController;
    event = ViewDidAppear;
}
23:32:35.741 WebDriverAgentRunner-Runner[1375:149938] Handling kAXUserTestingNotification
23:32:35.741 WebDriverAgentRunner-Runner[1375:149938] Received kAXUserTestingNotification from AX element pid: 174, elementOrHash.elementID: 0.1: {
    event = TouchEventsCompleted;
}
23:32:35.787 WebDriverAgentRunner-Runner[1375:149938] Got event completion callback
23:32:35.789 WebDriverAgentRunner-Runner[1375:148205] Returning result XCTWaiterResultCompleted for synchronous waiter <XCTWaiter: 0x1144928e0>
23:32:35.789 WebDriverAgentRunner-Runner[1375:148205] Wait <XCTWaiterWait: 0x109732540> completed after 0.279s
23:32:35.791 WebDriverAgentRunner-Runner[1375:148205] cleaning up synthesizing event
23:32:35.791 WebDriverAgentRunner-Runner[1375:148205] Cancelation not currently supported for daemon event requests - this is a no-op.
23:32:35.792 WebDriverAgentRunner-Runner[1375:148205] Creating future for 'getting screen scale' with timeout 30.00
23:32:35.792 WebDriverAgentRunner-Runner[1375:148205] <XCTWaiter: 0x114490e10> entering wait loop for 30.00s with expectations: `getting screen scale`
23:32:35.792 WebDriverAgentRunner-Runner[1375:148205] Returning result XCTWaiterResultCompleted for synchronous waiter <XCTWaiter: 0x114490e10>
23:32:35.792 WebDriverAgentRunner-Runner[1375:148205] Wait <XCTWaiterWait: 0x1097329c0> completed after 0.000s
23:32:35.793 WebDriverAgentRunner-Runner[1375:148205] cleaning up getting screen scale
23:32:35.793 WebDriverAgentRunner-Runner[1375:148205] Event synthesis future completed in 0.28s
23:32:35.793 WebDriverAgentRunner-Runner[1375:148205] <XCTContext: 0x105d9cd20> finished activity <XCActivityRecord: 0x108d4ab50> 2026-07-19 16:32:35 +0000: Synthesize event (0.378153s)
23:32:35.794 WebDriverAgentRunner-Runner[1375:148205] Overriding application state timeout, 60.0 -> 10.0
    t =    91.12s     Wait for com.apple.DocumentManager.DockFolderViewService to idle
23:32:35.795 WebDriverAgentRunner-Runner[1375:148205] <XCTContext: 0x105d9cd20> started activity <XCActivityRecord: 0x108d4abc0> 2026-07-19 16:32:35 +0000: Wait for com.apple.DocumentManager.DockFolderViewService to idle
23:32:35.795 WebDriverAgentRunner-Runner[1375:148205] Creating future for 'getting screen identifiers' with timeout 30.00
23:32:35.795 WebDriverAgentRunner-Runner[1375:148205] <XCTWaiter: 0x1144905a0> entering wait loop for 30.00s with expectations: `getting screen identifiers`
23:32:35.795 WebDriverAgentRunner-Runner[1375:148205] Returning result XCTWaiterResultCompleted for synchronous waiter <XCTWaiter: 0x1144905a0>
23:32:35.795 WebDriverAgentRunner-Runner[1375:148205] Wait <XCTWaiterWait: 0x109731a80> completed after 0.000s
23:32:35.796 WebDriverAgentRunner-Runner[1375:148205] cleaning up getting screen identifiers
23:32:35.796 WebDriverAgentRunner-Runner[1375:148205] Waiting for com.apple.DocumentManager.DockFolderViewService (PID 303) quiescence...
23:32:35.796 WebDriverAgentRunner-Runner[1375:149845] com.apple.DocumentManager.DockFolderViewService (pid:303) eventLoopHasIdled YES -> NO
23:32:35.796 WebDriverAgentRunner-Runner[1375:149845] Posting KVO notifications for eventLoopHasIdled
23:32:35.796 WebDriverAgentRunner-Runner[1375:148205] Requesting main run loop idle notification using automation session for com.apple.DocumentManager.DockFolderViewService (pid:303)
23:32:35.796 WebDriverAgentRunner-Runner[1375:148826] com.apple.DocumentManager.DockFolderViewService (pid:303) animationsHaveFinished YES -> NO
23:32:35.796 WebDriverAgentRunner-Runner[1375:149845] Posting KVO notifications for animationsHaveFinished
23:32:35.796 WebDriverAgentRunner-Runner[1375:148205] Requesting animations idle notification using automation session for com.apple.DocumentManager.DockFolderViewService (pid:303)
23:32:35.796 WebDriverAgentRunner-Runner[1375:148205] Waiting on quiescence state variables
23:32:35.797 WebDriverAgentRunner-Runner[1375:148205] KVO change: checked status of Expect value of 'foreground' of com.apple.DocumentManager.DockFolderViewService (pid:303) to be '0': fulfill=NO
23:32:35.797 WebDriverAgentRunner-Runner[1375:149845] Got event loop idle reply for com.apple.DocumentManager.DockFolderViewService (PID 303)
23:32:35.797 WebDriverAgentRunner-Runner[1375:149845] Event loop is idle.
23:32:35.797 WebDriverAgentRunner-Runner[1375:148205] KVO change: checked status of Expect value of 'foreground' of com.apple.DocumentManager.DockFolderViewService (pid:303) to be '0': fulfill=NO
23:32:35.797 WebDriverAgentRunner-Runner[1375:148826] com.apple.DocumentManager.DockFolderViewService (pid:303) eventLoopHasIdled NO -> YES
23:32:35.797 WebDriverAgentRunner-Runner[1375:148205] isQuiescent: self.eventLoopHasIdled: NO && self.animationsHaveFinished: NO
23:32:35.797 WebDriverAgentRunner-Runner[1375:148826] Posting KVO notifications for eventLoopHasIdled
23:32:35.797 WebDriverAgentRunner-Runner[1375:149845] Got animations reply for com.apple.DocumentManager.DockFolderViewService (PID 303)
23:32:35.797 WebDriverAgentRunner-Runner[1375:148205] KVO change: checked status of Expect value of 'isQuiescent' of com.apple.DocumentManager.DockFolderViewService (pid:303) to be '1': fulfill=NO
23:32:35.797 WebDriverAgentRunner-Runner[1375:149845] Animations are not active.
23:32:35.798 WebDriverAgentRunner-Runner[1375:148205] isQuiescent: self.eventLoopHasIdled: YES && self.animationsHaveFinished: NO
23:32:35.798 WebDriverAgentRunner-Runner[1375:149938] com.apple.DocumentManager.DockFolderViewService (pid:303) animationsHaveFinished NO -> YES
23:32:35.798 WebDriverAgentRunner-Runner[1375:148558] Posting KVO notifications for animationsHaveFinished
23:32:35.798 WebDriverAgentRunner-Runner[1375:148205] KVO change: checked status of Expect value of 'isQuiescent' of com.apple.DocumentManager.DockFolderViewService (pid:303) to be '1': fulfill=YES
23:32:35.798 WebDriverAgentRunner-Runner[1375:148558] isQuiescent: self.eventLoopHasIdled: YES && self.animationsHaveFinished: YES
23:32:35.798 WebDriverAgentRunner-Runner[1375:148205] Fulfilling (Expect value of 'foreground' of com.apple.DocumentManager.DockFolderViewService (pid:303) to be '0' OR Expect value of 'isQuiescent' of com.apple.DocumentManager.DockFolderViewService (pid:303) to be '1') because Expect value of 'isQuiescent' of com.apple.DocumentManager.DockFolderViewService (pid:303) to be '1' is fulfilled
23:32:35.798 WebDriverAgentRunner-Runner[1375:148558] isQuiescent: self.eventLoopHasIdled: YES && self.animationsHaveFinished: YES
23:32:35.798 WebDriverAgentRunner-Runner[1375:148205] <XCTWaiter: 0x114491fe0> entering wait loop for 10.00s with expectations: `(Expect value of 'foreground' of com.apple.DocumentManager.DockFolderViewService (pid:303) to be '0' OR Expect value of 'isQuiescent' of com.apple.DocumentManager.DockFolderViewService (pid:303) to be '1')`
23:32:35.798 WebDriverAgentRunner-Runner[1375:148558] KVO change: checked status of Expect value of 'isQuiescent' of com.apple.DocumentManager.DockFolderViewService (pid:303) to be '1': fulfill=YES
23:32:35.799 WebDriverAgentRunner-Runner[1375:148205] Returning result XCTWaiterResultCompleted for synchronous waiter <XCTWaiter: 0x114491fe0>
23:32:35.799 WebDriverAgentRunner-Runner[1375:148205] Wait <XCTWaiterWait: 0x109732440> completed after 0.000s
23:32:35.799 WebDriverAgentRunner-Runner[1375:148205] cleaning up (Expect value of 'foreground' of com.apple.DocumentManager.DockFolderViewService (pid:303) to be '0' OR Expect value of 'isQuiescent' of com.apple.DocumentManager.DockFolderViewService (pid:303) to be '1')
23:32:35.799 WebDriverAgentRunner-Runner[1375:148205] cleaning up Expect value of 'foreground' of com.apple.DocumentManager.DockFolderViewService (pid:303) to be '0'
23:32:35.799 WebDriverAgentRunner-Runner[1375:148205] cleaning up Expect value of 'foreground' of com.apple.DocumentManager.DockFolderViewService (pid:303) to be '0'
23:32:35.799 WebDriverAgentRunner-Runner[1375:148205] cleaning up Expect value of 'isQuiescent' of com.apple.DocumentManager.DockFolderViewService (pid:303) to be '1'
23:32:35.799 WebDriverAgentRunner-Runner[1375:148205] cleaning up Expect value of 'isQuiescent' of com.apple.DocumentManager.DockFolderViewService (pid:303) to be '1'
23:32:35.800 WebDriverAgentRunner-Runner[1375:148205] com.apple.DocumentManager.DockFolderViewService has quiesced or quiescence timeout has elapsed.
23:32:35.800 WebDriverAgentRunner-Runner[1375:148205] <XCTContext: 0x105d9cd20> finished activity <XCActivityRecord: 0x108d4abc0> 2026-07-19 16:32:35 +0000: Wait for com.apple.DocumentManager.DockFolderViewService to idle (0.00518298s)
23:32:35.800 WebDriverAgentRunner-Runner[1375:148205] Overriding application state timeout, 10.0 -> 60.0
23:32:35.800 WebDriverAgentRunner-Runner[1375:148205] <XCTContext: 0x105d9cd20> finished activity <XCActivityRecord: 0x108d48000> 2026-07-19 16:32:35 +0000: Tap Application 'com.apple.DocumentManager.DockFolderViewService'[0.00, 0.00] -> (978.0, 764.0) (0.424062s)
23:32:36.442 WebDriverAgentRunner-Runner[1375:149845] Handling kAXUserTestingNotification
23:32:36.442 WebDriverAgentRunner-Runner[1375:149845] Received kAXUserTestingNotification from AX element pid: 174, elementOrHash.elementID: 0.1: {
    controllerClass = SBHLibraryIconViewController;
    event = ViewDidDisappear;
}
23:32:36.541 WebDriverAgentRunner-Runner[1375:149845] -[XCTRunnerDaemonSession(XCTMessagingRole_UIApplicationStateUpdating) _XCT_applicationDidUpdateState:] com.apple.DocumentManager.DockFolderViewService@/Applications/DockFolderViewService.app processName: DockFolderViewS pid: 303 state: running background
23:32:36.542 WebDriverAgentRunner-Runner[1375:148205] [AM:0] Processing state snapshot com.apple.DocumentManager.DockFolderViewService@/Applications/DockFolderViewService.app processName: DockFolderViewS pid: 303 state: running background
23:32:36.542 WebDriverAgentRunner-Runner[1375:148205] Done setting pid for <XCUIApplicationImpl: 0x108cbffc0 com.apple.DocumentManager.DockFolderViewService> to 303
23:32:36.542 WebDriverAgentRunner-Runner[1375:148205] App state updated for <XCUIApplicationImpl: 0x108cbffc0 com.apple.DocumentManager.DockFolderViewService>: Running Background (3)
23:32:36.542 WebDriverAgentRunner-Runner[1375:149845] com.apple.DocumentManager.DockFolderViewService (pid:303) application state Running Foreground (4) -> Running Background (3)
23:32:36.676 WebDriverAgentRunner-Runner[1375:149647] Handling kAXPidStatusChangedNotification
23:32:36.676 WebDriverAgentRunner-Runner[1375:149647] Got kAXPidStatusChangedNotification for pid 303: active
23:32:36.678 WebDriverAgentRunner-Runner[1375:149647] -[XCTRunnerDaemonSession(XCTMessagingRole_UIApplicationStateUpdating) _XCT_applicationDidUpdateState:] com.apple.DocumentManager.DockFolderViewService@/Applications/DockFolderViewService.app processName: DockFolderViewS pid: 303 state: background suspended
23:32:36.679 WebDriverAgentRunner-Runner[1375:148205] [AM:0] Processing state snapshot com.apple.DocumentManager.DockFolderViewService@/Applications/DockFolderViewService.app processName: DockFolderViewS pid: 303 state: background suspended
23:32:36.679 WebDriverAgentRunner-Runner[1375:149938] com.apple.DocumentManager.DockFolderViewService (pid:303) accessibility active (loaded) NO -> YES
23:32:36.679 WebDriverAgentRunner-Runner[1375:148205] Done setting pid for <XCUIApplicationImpl: 0x108cbffc0 com.apple.DocumentManager.DockFolderViewService> to 303
23:32:36.679 WebDriverAgentRunner-Runner[1375:148205] App state updated for <XCUIApplicationImpl: 0x108cbffc0 com.apple.DocumentManager.DockFolderViewService>: Running Background Suspended (2)
23:32:36.679 WebDriverAgentRunner-Runner[1375:149938] com.apple.DocumentManager.DockFolderViewService (pid:303) application state Running Background (3) -> Running Background Suspended (2)
23:32:36.780 WebDriverAgentRunner-Runner[1375:149844] Handling kAXUserTestingNotification
23:32:36.781 WebDriverAgentRunner-Runner[1375:149844] Received kAXUserTestingNotification from AX element pid: 174, elementOrHash.elementID: 0.1: {
    controllerClass = SBHWidgetStackViewController;
    event = ViewDidDisappear;
}
23:32:36.782 WebDriverAgentRunner-Runner[1375:149844] Handling kAXUserTestingNotification
23:32:36.784 WebDriverAgentRunner-Runner[1375:149844] Received kAXUserTestingNotification from AX element pid: 174, elementOrHash.elementID: 0.1: {
    controllerClass = SBHWidgetContainerViewController;
    event = ViewDidDisappear;
}
23:32:36.785 WebDriverAgentRunner-Runner[1375:149844] Handling kAXUserTestingNotification
23:32:36.790 WebDriverAgentRunner-Runner[1375:149844] Received kAXUserTestingNotification from AX element pid: 174, elementOrHash.elementID: 0.1: {
    controllerClass = SBHMultiplexingViewController;
    event = ViewDidDisappear;
}
23:32:36.791 WebDriverAgentRunner-Runner[1375:149844] Handling kAXUserTestingNotification
23:32:36.791 WebDriverAgentRunner-Runner[1375:149844] Received kAXUserTestingNotification from AX element pid: 174, elementOrHash.elementID: 0.1: {
    controllerClass = SBHWidgetViewController;
    event = ViewDidDisappear;
}
23:32:36.791 WebDriverAgentRunner-Runner[1375:149844] Handling kAXUserTestingNotification
23:32:36.791 WebDriverAgentRunner-Runner[1375:149844] Received kAXUserTestingNotification from AX element pid: 174, elementOrHash.elementID: 0.1: {
    controllerClass = SBHWidgetStackViewController;
    event = ViewDidDisappear;
}
23:32:36.792 WebDriverAgentRunner-Runner[1375:149844] Handling kAXUserTestingNotification
23:32:36.792 WebDriverAgentRunner-Runner[1375:149844] Received kAXUserTestingNotification from AX element pid: 174, elementOrHash.elementID: 0.1: {
    controllerClass = SBHWidgetContainerViewController;
    event = ViewDidDisappear;
}
23:32:36.792 WebDriverAgentRunner-Runner[1375:149844] Handling kAXUserTestingNotification
23:32:36.793 WebDriverAgentRunner-Runner[1375:149844] Received kAXUserTestingNotification from AX element pid: 174, elementOrHash.elementID: 0.1: {
    controllerClass = SBHMultiplexingViewController;
    event = ViewDidDisappear;
}
23:32:36.796 WebDriverAgentRunner-Runner[1375:149844] Handling kAXUserTestingNotification
23:32:36.797 WebDriverAgentRunner-Runner[1375:149844] Received kAXUserTestingNotification from AX element pid: 174, elementOrHash.elementID: 0.1: {
    controllerClass = SBHWidgetViewController;
    event = ViewDidDisappear;
}
23:32:36.799 WebDriverAgentRunner-Runner[1375:149844] Handling kAXUserTestingNotification
23:32:36.799 WebDriverAgentRunner-Runner[1375:149844] Received kAXUserTestingNotification from AX element pid: 174, elementOrHash.elementID: 0.1: {
    controllerClass = SBHWidgetStackViewController;
    event = ViewDidDisappear;
}
23:32:36.799 WebDriverAgentRunner-Runner[1375:149844] Handling kAXUserTestingNotification
23:32:36.800 WebDriverAgentRunner-Runner[1375:149844] Received kAXUserTestingNotification from AX element pid: 174, elementOrHash.elementID: 0.1: {
    controllerClass = SBHWidgetContainerViewController;
    event = ViewDidDisappear;
}
23:32:36.805 WebDriverAgentRunner-Runner[1375:149844] Handling kAXUserTestingNotification
23:32:36.805 WebDriverAgentRunner-Runner[1375:149844] Received kAXUserTestingNotification from AX element pid: 174, elementOrHash.elementID: 0.1: {
    controllerClass = SBHMultiplexingViewController;
    event = ViewDidDisappear;
}
23:32:36.806 WebDriverAgentRunner-Runner[1375:149844] Handling kAXUserTestingNotification
23:32:36.807 WebDriverAgentRunner-Runner[1375:149844] Received kAXUserTestingNotification from AX element pid: 174, elementOrHash.elementID: 0.1: {
    controllerClass = SBHWidgetViewController;
    event = ViewDidDisappear;
}
23:32:36.807 WebDriverAgentRunner-Runner[1375:149844] Handling kAXUserTestingNotification
23:32:36.807 WebDriverAgentRunner-Runner[1375:149844] Received kAXUserTestingNotification from AX element pid: 174, elementOrHash.elementID: 0.1: {
    controllerClass = SBHWidgetStackViewController;
    event = ViewDidDisappear;
}
23:32:36.807 WebDriverAgentRunner-Runner[1375:149844] Handling kAXUserTestingNotification
23:32:36.807 WebDriverAgentRunner-Runner[1375:149844] Received kAXUserTestingNotification from AX element pid: 174, elementOrHash.elementID: 0.1: {
    controllerClass = SBHWidgetContainerViewController;
    event = ViewDidDisappear;
}
23:32:36.807 WebDriverAgentRunner-Runner[1375:149844] Handling kAXUserTestingNotification
23:32:36.808 WebDriverAgentRunner-Runner[1375:149844] Received kAXUserTestingNotification from AX element pid: 174, elementOrHash.elementID: 0.1: {
    controllerClass = SBHMultiplexingViewController;
    event = ViewDidDisappear;
}
23:32:36.808 WebDriverAgentRunner-Runner[1375:149844] Handling kAXUserTestingNotification
23:32:36.808 WebDriverAgentRunner-Runner[1375:149844] Received kAXUserTestingNotification from AX element pid: 174, elementOrHash.elementID: 0.1: {
    controllerClass = SBHWidgetViewController;
    event = ViewDidDisappear;
}
23:32:36.808 WebDriverAgentRunner-Runner[1375:149844] Handling kAXUserTestingNotification
23:32:36.808 WebDriverAgentRunner-Runner[1375:149844] Received kAXUserTestingNotification from AX element pid: 174, elementOrHash.elementID: 0.1: {
    controllerClass = SBHWidgetStackViewController;
    event = ViewDidDisappear;
}
23:32:36.809 WebDriverAgentRunner-Runner[1375:149844] Handling kAXUserTestingNotification
23:32:36.809 WebDriverAgentRunner-Runner[1375:149844] Received kAXUserTestingNotification from AX element pid: 174, elementOrHash.elementID: 0.1: {
    controllerClass = SBHWidgetContainerViewController;
    event = ViewDidDisappear;
}
23:32:36.809 WebDriverAgentRunner-Runner[1375:149844] Handling kAXUserTestingNotification
23:32:36.809 WebDriverAgentRunner-Runner[1375:149844] Received kAXUserTestingNotification from AX element pid: 174, elementOrHash.elementID: 0.1: {
    controllerClass = SBHMultiplexingViewController;
    event = ViewDidDisappear;
}
23:32:36.809 WebDriverAgentRunner-Runner[1375:149844] Handling kAXUserTestingNotification
23:32:36.809 WebDriverAgentRunner-Runner[1375:149844] Received kAXUserTestingNotification from AX element pid: 174, elementOrHash.elementID: 0.1: {
    controllerClass = SBHWidgetViewController;
    event = ViewDidDisappear;
}
23:32:36.810 WebDriverAgentRunner-Runner[1375:149844] Handling kAXUserTestingNotification
23:32:36.810 WebDriverAgentRunner-Runner[1375:149844] Received kAXUserTestingNotification from AX element pid: 174, elementOrHash.elementID: 0.1: {
    controllerClass = SBRootFolderController;
    event = ViewDidDisappear;
}
23:32:36.810 WebDriverAgentRunner-Runner[1375:149844] Handling kAXUserTestingNotification
23:32:36.810 WebDriverAgentRunner-Runner[1375:149844] Received kAXUserTestingNotification from AX element pid: 308, elementOrHash.elementID: 0.1: {
    controllerClass = "WidgetRenderer.WidgetSceneContentViewController";
    event = ViewDidDisappear;
}
23:32:36.810 WebDriverAgentRunner-Runner[1375:149844] Handling kAXUserTestingNotification
23:32:36.810 WebDriverAgentRunner-Runner[1375:149844] Received kAXUserTestingNotification from AX element pid: 308, elementOrHash.elementID: 0.1: {
    controllerClass = "WidgetRenderer.SecureHostingController";
    event = ViewDidDisappear;
}
23:32:36.810 WebDriverAgentRunner-Runner[1375:149844] Handling kAXUserTestingNotification
23:32:36.811 WebDriverAgentRunner-Runner[1375:149844] Received kAXUserTestingNotification from AX element pid: 308, elementOrHash.elementID: 0.1: {
    controllerClass = "WidgetRenderer.WidgetSceneContentViewController";
    event = ViewDidDisappear;
}
23:32:36.811 WebDriverAgentRunner-Runner[1375:149844] Handling kAXUserTestingNotification
23:32:36.811 WebDriverAgentRunner-Runner[1375:149844] Received kAXUserTestingNotification from AX element pid: 308, elementOrHash.elementID: 0.1: {
    controllerClass = "WidgetRenderer.SecureHostingController";
    event = ViewDidDisappear;
}
23:32:36.811 WebDriverAgentRunner-Runner[1375:149844] Handling kAXUserTestingNotification
23:32:36.811 WebDriverAgentRunner-Runner[1375:149844] Received kAXUserTestingNotification from AX element pid: 308, elementOrHash.elementID: 0.1: {
    controllerClass = "WidgetRenderer.WidgetSceneContentViewController";
    event = ViewDidDisappear;
}
23:32:36.811 WebDriverAgentRunner-Runner[1375:149844] Handling kAXUserTestingNotification
23:32:36.812 WebDriverAgentRunner-Runner[1375:149844] Received kAXUserTestingNotification from AX element pid: 308, elementOrHash.elementID: 0.1: {
    controllerClass = "WidgetRenderer.SecureHostingController";
    event = ViewDidDisappear;
}
23:32:36.812 WebDriverAgentRunner-Runner[1375:149844] Handling kAXUserTestingNotification
23:32:36.812 WebDriverAgentRunner-Runner[1375:149844] Received kAXUserTestingNotification from AX element pid: 308, elementOrHash.elementID: 0.1: {
    controllerClass = "WidgetRenderer.WidgetSceneContentViewController";
    event = ViewDidDisappear;
}
23:32:36.813 WebDriverAgentRunner-Runner[1375:149844] Handling kAXUserTestingNotification
23:32:36.813 WebDriverAgentRunner-Runner[1375:149844] Received kAXUserTestingNotification from AX element pid: 308, elementOrHash.elementID: 0.1: {
    controllerClass = "WidgetRenderer.SecureHostingController";
    event = ViewDidDisappear;
}
23:32:36.813 WebDriverAgentRunner-Runner[1375:149844] Handling kAXUserTestingNotification
23:32:36.813 WebDriverAgentRunner-Runner[1375:149844] Received kAXUserTestingNotification from AX element pid: 308, elementOrHash.elementID: 0.1: {
    controllerClass = "WidgetRenderer.WidgetSceneContentViewController";
    event = ViewDidDisappear;
}
23:32:36.813 WebDriverAgentRunner-Runner[1375:149844] Handling kAXUserTestingNotification
23:32:36.813 WebDriverAgentRunner-Runner[1375:149844] Received kAXUserTestingNotification from AX element pid: 308, elementOrHash.elementID: 0.1: {
    controllerClass = "WidgetRenderer.SecureHostingController";
    event = ViewDidDisappear;
}
23:32:37.152 WebDriverAgentRunner-Runner[1375:149845] Handling kAXUserTestingNotification
23:32:37.152 WebDriverAgentRunner-Runner[1375:149845] Received kAXUserTestingNotification from AX element pid: 1307, elementOrHash.elementID: 0.1: {
    controllerClass = "_TtGC7SwiftUI19UIHostingControllerGVS_15ModifiedContentVS_7AnyViewVS_12RootModifier__";
    event = ViewDidAppear;
    navigationItemTitle = "C\U00e0i \U0111\U1eb7t";
}
23:32:37.152 WebDriverAgentRunner-Runner[1375:149845] Handling kAXUserTestingNotification
23:32:37.152 WebDriverAgentRunner-Runner[1375:149845] Received kAXUserTestingNotification from AX element pid: 1307, elementOrHash.elementID: 0.1: {
    controllerClass = "SwiftUI.UIKitSplitViewController";
    event = ViewDidAppear;
}
23:32:37.152 WebDriverAgentRunner-Runner[1375:149845] Handling kAXUserTestingNotification
23:32:37.152 WebDriverAgentRunner-Runner[1375:149845] Received kAXUserTestingNotification from AX element pid: 1307, elementOrHash.elementID: 0.1: {
    controllerClass = "SwiftUI.UIKitNavigationController";
    event = ViewDidAppear;
}
23:32:37.153 WebDriverAgentRunner-Runner[1375:149845] Handling kAXUserTestingNotification
23:32:37.153 WebDriverAgentRunner-Runner[1375:149845] Received kAXUserTestingNotification from AX element pid: 1307, elementOrHash.elementID: 0.1: {
    controllerClass = "_TtGC7SwiftUI32NavigationStackHostingControllerVS_7AnyView_";
    event = ViewDidAppear;
    navigationItemTitle = "C\U00e0i \U0111\U1eb7t";
}
23:32:37.153 WebDriverAgentRunner-Runner[1375:149845] Handling kAXUserTestingNotification
23:32:37.153 WebDriverAgentRunner-Runner[1375:149845] Received kAXUserTestingNotification from AX element pid: 1307, elementOrHash.elementID: 0.1: {
    controllerClass = "SwiftUI.UIKitNavigationController";
    event = ViewDidAppear;
}
23:32:37.153 WebDriverAgentRunner-Runner[1375:149845] Handling kAXUserTestingNotification
23:32:37.153 WebDriverAgentRunner-Runner[1375:149845] Received kAXUserTestingNotification from AX element pid: 1307, elementOrHash.elementID: 0.1: {
    controllerClass = "_TtGC7SwiftUI32NavigationStackHostingControllerVS_7AnyView_";
    event = ViewDidAppear;
    navigationItemTitle = "C\U00e0i \U0111\U1eb7t chung";
}
23:32:37.154 WebDriverAgentRunner-Runner[1375:149845] Handling kAXUserTestingNotification
23:32:37.154 WebDriverAgentRunner-Runner[1375:149845] Received kAXUserTestingNotification from AX element pid: 1307, elementOrHash.elementID: 0.1: {
    controllerClass = PSGGeneralController;
    controllerTitle = "C\U00e0i \U0111\U1eb7t chung";
    event = ViewDidAppear;
    navigationItemTitle = "C\U00e0i \U0111\U1eb7t chung";
}
23:32:37.154 WebDriverAgentRunner-Runner[1375:149845] Handling kAXUserTestingNotification
23:32:37.154 WebDriverAgentRunner-Runner[1375:149845] Received kAXUserTestingNotification from AX element pid: 1307, elementOrHash.elementID: 0.1: {
    controllerClass = UITrackingElementWindowController;
    event = ViewDidAppear;
}
23:32:37.369 WebDriverAgentRunner-Runner[1375:149844] Handling kAXPidStatusChangedNotification
23:32:37.369 WebDriverAgentRunner-Runner[1375:149844] Got kAXPidStatusChangedNotification for pid 1172: active
23:32:37.456 WebDriverAgentRunner-Runner[1375:148205] No application process found matching pid 1172, caching
23:32:37.482 WebDriverAgentRunner-Runner[1375:149647] Handling AXNotification 3031
23:32:37.498 WebDriverAgentRunner-Runner[1375:149647] Handling kAXPidStatusChangedNotification
23:32:37.499 WebDriverAgentRunner-Runner[1375:149647] Got kAXPidStatusChangedNotification for pid 1172: active
23:32:37.539 WebDriverAgentRunner-Runner[1375:148205] Creating future for 'fetching attributes 'XC_kAXXCAttributeSystemAppApplication' for Device system-wide element' with timeout 65.00
23:32:37.539 WebDriverAgentRunner-Runner[1375:148205] <XCTWaiter: 0x1144917a0> entering wait loop for 65.00s with expectations: `fetching attributes 'XC_kAXXCAttributeSystemAppApplication' for Device system-wide element`
23:32:37.539 WebDriverAgentRunner-Runner[1375:148205] No application process found matching pid 1172, caching
23:32:37.540 WebDriverAgentRunner-Runner[1375:149845] Got attribute fetch response with values {
    "XC_kAXXCAttributeSystemAppApplication" = "AX element pid: 174, elementOrHash.elementID: 0.1";
}, error: (null)
23:32:37.540 WebDriverAgentRunner-Runner[1375:148205] Returning result XCTWaiterResultCompleted for synchronous waiter <XCTWaiter: 0x1144917a0>
23:32:37.540 WebDriverAgentRunner-Runner[1375:148205] Wait <XCTWaiterWait: 0x1097323c0> completed after 0.001s
23:32:37.540 WebDriverAgentRunner-Runner[1375:148205] cleaning up fetching attributes 'XC_kAXXCAttributeSystemAppApplication' for Device system-wide element
23:32:37.540 WebDriverAgentRunner-Runner[1375:148205] Creating future for 'fetching attributes 'XC_kAXXCAttributeFocusedApplications' for AX element pid: 174, elementOrHash.elementID: 0.1' with timeout 65.00
23:32:37.541 WebDriverAgentRunner-Runner[1375:148205] <XCTWaiter: 0x1144908a0> entering wait loop for 65.00s with expectations: `fetching attributes 'XC_kAXXCAttributeFocusedApplications' for AX element pid: 174, elementOrHash.elementID: 0.1`
23:32:37.544 WebDriverAgentRunner-Runner[1375:149845] Got attribute fetch response with values {
    "XC_kAXXCAttributeFocusedApplications" =     (
        "AX element pid: 1307, elementOrHash.elementID: 0.1",
        "AX element pid: 174, elementOrHash.elementID: 0.1"
    );
}, error: (null)
23:32:37.544 WebDriverAgentRunner-Runner[1375:148205] Returning result XCTWaiterResultCompleted for synchronous waiter <XCTWaiter: 0x1144908a0>
23:32:37.544 WebDriverAgentRunner-Runner[1375:148205] Wait <XCTWaiterWait: 0x109733600> completed after 0.004s
23:32:37.545 WebDriverAgentRunner-Runner[1375:148205] cleaning up fetching attributes 'XC_kAXXCAttributeFocusedApplications' for AX element pid: 174, elementOrHash.elementID: 0.1
23:32:37.545 WebDriverAgentRunner-Runner[1375:148205] Active application elements: (
    "AX element pid: 1307, elementOrHash.elementID: 0.1",
    "AX element pid: 174, elementOrHash.elementID: 0.1"
)
23:32:37.597 WebDriverAgentRunner-Runner[1375:148205] Creating future for 'looking up application specifier for pid 1307' with timeout 30.00
23:32:37.597 WebDriverAgentRunner-Runner[1375:148205] Requesting application specifier for pid 1307
23:32:37.597 WebDriverAgentRunner-Runner[1375:148205] <XCTWaiter: 0x114491170> entering wait loop for 30.00s with expectations: `looking up application specifier for pid 1307`
23:32:37.597 WebDriverAgentRunner-Runner[1375:148205] Returning result XCTWaiterResultCompleted for synchronous waiter <XCTWaiter: 0x114491170>
23:32:37.597 WebDriverAgentRunner-Runner[1375:148205] Wait <XCTWaiterWait: 0x109732d80> completed after 0.000s
23:32:37.597 WebDriverAgentRunner-Runner[1375:148205] cleaning up looking up application specifier for pid 1307
23:32:37.597 WebDriverAgentRunner-Runner[1375:148205] App specifier for pid 1307: <XCUIApplicationSpecifier: 0x10979fba0> { com.apple.Preferences }
23:32:37.598 WebDriverAgentRunner-Runner[1375:148205] Error (com.apple.dt.xctest.ui-testing.error) 10100, userInfo keys: (null): Unknown application: 'com.apple.Preferences'
23:32:37.598 WebDriverAgentRunner-Runner[1375:148205] Error (com.apple.dt.xctest.ui-testing.error) 10100, userInfo keys: (null): Unknown application: 'com.apple.Preferences'
23:32:37.598 WebDriverAgentRunner-Runner[1375:148205] XCUIApplicationImplDepot: Creating XCUIApplicationImpl for identifier: com.apple.Preferences
23:32:37.598 WebDriverAgentRunner-Runner[1375:148205] updating com.apple.Preferences crashBehavior to 1
23:32:37.598 WebDriverAgentRunner-Runner[1375:148205] KVO change: checked status of Expect value of 'isApplicationStateKnown' of Application 'com.apple.Preferences' to be '1': fulfill=NO
23:32:37.598 WebDriverAgentRunner-Runner[1375:148205] KVO change: checked status of Expect value of 'isApplicationStateKnown' of Application 'com.apple.Preferences' to be '1': fulfill=NO
23:32:37.598 WebDriverAgentRunner-Runner[1375:148205] <XCTWaiter: 0x114490db0> entering wait loop for 60.00s with expectations: `Expect value of 'isApplicationStateKnown' of Application 'com.apple.Preferences' to be '1'`
23:32:37.600 WebDriverAgentRunner-Runner[1375:149844] -[XCTRunnerDaemonSession(XCTMessagingRole_UIApplicationStateUpdating) _XCT_applicationDidUpdateState:] com.apple.Preferences@/Applications/Preferences.app processName: Preferences pid: 1307 state: running foreground
23:32:37.600 WebDriverAgentRunner-Runner[1375:148205] [AM:0] Processing state snapshot com.apple.Preferences@/Applications/Preferences.app processName: Preferences pid: 1307 state: running foreground
23:32:37.600 WebDriverAgentRunner-Runner[1375:148205] <XCUIApplicationImpl: 0x109732140 com.apple.Preferences> changing currentProcess from (null) to com.apple.Preferences (pid:0)
23:32:37.600 WebDriverAgentRunner-Runner[1375:148205] KVO change: checked status of Expect value of 'isApplicationStateKnown' of Application 'com.apple.Preferences' to be '1': fulfill=NO
23:32:37.600 WebDriverAgentRunner-Runner[1375:148205] Setting pid for 0x108c7cb00 0 -> 1307
23:32:37.600 WebDriverAgentRunner-Runner[1375:148205] Done setting pid for <XCUIApplicationImpl: 0x109732140 com.apple.Preferences> to 1307
23:32:37.600 WebDriverAgentRunner-Runner[1375:149647] com.apple.Preferences (pid:0) pid 0 -> 1307
23:32:37.600 WebDriverAgentRunner-Runner[1375:149647] com.apple.Preferences (pid:0) checking for cached AX loaded value using pid 1307
23:32:37.601 WebDriverAgentRunner-Runner[1375:148826] -[XCTRunnerDaemonSession(XCTMessagingRole_UIApplicationStateUpdating) _XCT_applicationDidUpdateState:] com.apple.Preferences@/Applications/Preferences.app processName: Preferences pid: 1307 state: running foreground
23:32:37.600 WebDriverAgentRunner-Runner[1375:149845] Monitor: set com.apple.Preferences (pid:1307) for pid 1307
23:32:37.601 WebDriverAgentRunner-Runner[1375:148558] com.apple.Preferences (pid:1307) application state Unknown (0) -> Running Foreground (4)
23:32:37.601 WebDriverAgentRunner-Runner[1375:148826] -[XCTRunnerDaemonSession(XCTMessagingRole_UIApplicationStateUpdating) _XCT_applicationDidUpdateState:] com.apple.Preferences@/Applications/Preferences.app processName: Preferences pid: 1307 state: running foreground
23:32:37.601 WebDriverAgentRunner-Runner[1375:148205] KVO change: checked status of Expect value of 'isApplicationStateKnown' of Application 'com.apple.Preferences' to be '1': fulfill=YES
23:32:37.601 WebDriverAgentRunner-Runner[1375:148205] KVO change: checked status of Expect value of 'isApplicationStateKnown' of Application 'com.apple.Preferences' to be '1': fulfill=YES
23:32:37.601 WebDriverAgentRunner-Runner[1375:148205] App state updated for <XCUIApplicationImpl: 0x109732140 com.apple.Preferences>: Running Foreground (4)
23:32:37.601 WebDriverAgentRunner-Runner[1375:148205] KVO change: checked status of Expect value of 'isApplicationStateKnown' of Application 'com.apple.Preferences' to be '1': fulfill=YES
23:32:37.601 WebDriverAgentRunner-Runner[1375:148205] Returning result XCTWaiterResultCompleted for synchronous waiter <XCTWaiter: 0x114490db0>
23:32:37.601 WebDriverAgentRunner-Runner[1375:148205] Wait <XCTWaiterWait: 0x109731900> completed after 0.003s
23:32:37.602 WebDriverAgentRunner-Runner[1375:148205] cleaning up Expect value of 'isApplicationStateKnown' of Application 'com.apple.Preferences' to be '1'
23:32:37.602 WebDriverAgentRunner-Runner[1375:148205] cleaning up Expect value of 'isApplicationStateKnown' of Application 'com.apple.Preferences' to be '1'
23:32:37.602 WebDriverAgentRunner-Runner[1375:148205] Creating future for 'getting interface orientation' with timeout 65.00
23:32:37.602 WebDriverAgentRunner-Runner[1375:148205] <XCTWaiter: 0x114490a20> entering wait loop for 65.00s with expectations: `getting interface orientation`
23:32:37.602 WebDriverAgentRunner-Runner[1375:148205] [AM:0] Processing state snapshot com.apple.Preferences@/Applications/Preferences.app processName: Preferences pid: 1307 state: running foreground
23:32:37.602 WebDriverAgentRunner-Runner[1375:148205] Done setting pid for <XCUIApplicationImpl: 0x109732140 com.apple.Preferences> to 1307
23:32:37.602 WebDriverAgentRunner-Runner[1375:148205] App state updated for <XCUIApplicationImpl: 0x109732140 com.apple.Preferences>: Running Foreground (4)
23:32:37.602 WebDriverAgentRunner-Runner[1375:148205] [AM:0] Processing state snapshot com.apple.Preferences@/Applications/Preferences.app processName: Preferences pid: 1307 state: running foreground
23:32:37.602 WebDriverAgentRunner-Runner[1375:148205] Done setting pid for <XCUIApplicationImpl: 0x109732140 com.apple.Preferences> to 1307
23:32:37.602 WebDriverAgentRunner-Runner[1375:148205] App state updated for <XCUIApplicationImpl: 0x109732140 com.apple.Preferences>: Running Foreground (4)
23:32:37.603 WebDriverAgentRunner-Runner[1375:148205] Returning result XCTWaiterResultCompleted for synchronous waiter <XCTWaiter: 0x114490a20>
23:32:37.603 WebDriverAgentRunner-Runner[1375:148205] Wait <XCTWaiterWait: 0x109730780> completed after 0.001s
23:32:37.603 WebDriverAgentRunner-Runner[1375:148205] cleaning up getting interface orientation
23:32:37.603 WebDriverAgentRunner-Runner[1375:148205] Creating future for 'getting interface orientation' with timeout 65.00
23:32:37.603 WebDriverAgentRunner-Runner[1375:148205] <XCTWaiter: 0x1144900c0> entering wait loop for 65.00s with expectations: `getting interface orientation`
23:32:37.603 WebDriverAgentRunner-Runner[1375:148205] Returning result XCTWaiterResultCompleted for synchronous waiter <XCTWaiter: 0x1144900c0>
23:32:37.604 WebDriverAgentRunner-Runner[1375:148205] Wait <XCTWaiterWait: 0x109732580> completed after 0.001s
23:32:37.604 WebDriverAgentRunner-Runner[1375:148205] cleaning up getting interface orientation
23:32:37.604 WebDriverAgentRunner-Runner[1375:148205] Creating future for 'getting interface orientation' with timeout 65.00
23:32:37.604 WebDriverAgentRunner-Runner[1375:148205] <XCTWaiter: 0x114491440> entering wait loop for 65.00s with expectations: `getting interface orientation`
23:32:37.604 WebDriverAgentRunner-Runner[1375:148205] Returning result XCTWaiterResultCompleted for synchronous waiter <XCTWaiter: 0x114491440>
23:32:37.605 WebDriverAgentRunner-Runner[1375:148205] Wait <XCTWaiterWait: 0x109732c40> completed after 0.001s
23:32:37.605 WebDriverAgentRunner-Runner[1375:148205] cleaning up getting interface orientation
23:32:37.605 WebDriverAgentRunner-Runner[1375:148205] Requesting local synthesis of event: 
<XCSynthesizedEventRecord 'Swipe Point Array display 0'>
Path 1:
	Touch down at 815.0, 630.0, offset=0.00s
	Move to 709.0, 605.0, offset=0.04s
	Move to 378.0, 496.0, offset=0.08s
	Move to 181.0, 452.0, offset=0.10s
	Touch up at 181.0, 452.0, offset=0.10s
23:32:37.749 WebDriverAgentRunner-Runner[1375:148558] Handling kAXUserTestingNotification
23:32:37.749 WebDriverAgentRunner-Runner[1375:148558] Received kAXUserTestingNotification from AX element pid: 174, elementOrHash.elementID: 0.1: {
    event = TouchEventsCompleted;
}
23:32:37.769 WebDriverAgentRunner-Runner[1375:149845] Handling kAXUserTestingNotification
23:32:37.769 WebDriverAgentRunner-Runner[1375:149845] Received kAXUserTestingNotification from AX element pid: 1307, elementOrHash.elementID: 0.1: {
    event = TouchEventsCompleted;
}
23:32:37.961 WebDriverAgentRunner-Runner[1375:148826] Handling kAXPidStatusChangedNotification
23:32:37.961 WebDriverAgentRunner-Runner[1375:148826] Got kAXPidStatusChangedNotification for pid 1177: active
23:32:38.014 WebDriverAgentRunner-Runner[1375:148205] No application process found matching pid 1177, caching
23:32:38.039 WebDriverAgentRunner-Runner[1375:149938] Handling kAXPidStatusChangedNotification
23:32:38.039 WebDriverAgentRunner-Runner[1375:149938] Got kAXPidStatusChangedNotification for pid 1177: active
23:32:38.041 WebDriverAgentRunner-Runner[1375:148205] No application process found matching pid 1177, caching
23:32:38.044 WebDriverAgentRunner-Runner[1375:149845] Handling kAXPidStatusChangedNotification
23:32:38.044 WebDriverAgentRunner-Runner[1375:149845] Got kAXPidStatusChangedNotification for pid 1176: active
23:32:38.132 WebDriverAgentRunner-Runner[1375:148205] No application process found matching pid 1176, caching
23:32:38.150 WebDriverAgentRunner-Runner[1375:148826] Handling kAXPidStatusChangedNotification
23:32:38.151 WebDriverAgentRunner-Runner[1375:148826] Got kAXPidStatusChangedNotification for pid 1176: active
23:32:38.185 WebDriverAgentRunner-Runner[1375:148205] Creating future for 'fetching attributes 'XC_kAXXCAttributeSystemAppApplication' for Device system-wide element' with timeout 65.00
23:32:38.186 WebDriverAgentRunner-Runner[1375:148205] <XCTWaiter: 0x114491080> entering wait loop for 65.00s with expectations: `fetching attributes 'XC_kAXXCAttributeSystemAppApplication' for Device system-wide element`
23:32:38.186 WebDriverAgentRunner-Runner[1375:148205] No application process found matching pid 1176, caching
23:32:38.186 WebDriverAgentRunner-Runner[1375:149938] Got attribute fetch response with values {
    "XC_kAXXCAttributeSystemAppApplication" = "AX element pid: 174, elementOrHash.elementID: 0.1";
}, error: (null)
23:32:38.186 WebDriverAgentRunner-Runner[1375:148205] Returning result XCTWaiterResultCompleted for synchronous waiter <XCTWaiter: 0x114491080>
23:32:38.186 WebDriverAgentRunner-Runner[1375:148205] Wait <XCTWaiterWait: 0x109733480> completed after 0.001s
23:32:38.186 WebDriverAgentRunner-Runner[1375:148205] cleaning up fetching attributes 'XC_kAXXCAttributeSystemAppApplication' for Device system-wide element
23:32:38.186 WebDriverAgentRunner-Runner[1375:148205] Creating future for 'fetching attributes 'XC_kAXXCAttributeFocusedApplications' for AX element pid: 174, elementOrHash.elementID: 0.1' with timeout 65.00
23:32:38.187 WebDriverAgentRunner-Runner[1375:148205] <XCTWaiter: 0x114491ec0> entering wait loop for 65.00s with expectations: `fetching attributes 'XC_kAXXCAttributeFocusedApplications' for AX element pid: 174, elementOrHash.elementID: 0.1`
23:32:38.189 WebDriverAgentRunner-Runner[1375:149845] Got attribute fetch response with values {
    "XC_kAXXCAttributeFocusedApplications" =     (
        "AX element pid: 1307, elementOrHash.elementID: 0.1",
        "AX element pid: 174, elementOrHash.elementID: 0.1"
    );
}, error: (null)
23:32:38.189 WebDriverAgentRunner-Runner[1375:148205] Returning result XCTWaiterResultCompleted for synchronous waiter <XCTWaiter: 0x114491ec0>
23:32:38.189 WebDriverAgentRunner-Runner[1375:148205] Wait <XCTWaiterWait: 0x109733140> completed after 0.003s
23:32:38.190 WebDriverAgentRunner-Runner[1375:148205] cleaning up fetching attributes 'XC_kAXXCAttributeFocusedApplications' for AX element pid: 174, elementOrHash.elementID: 0.1
23:32:38.190 WebDriverAgentRunner-Runner[1375:148205] Active application elements: (
    "AX element pid: 1307, elementOrHash.elementID: 0.1",
    "AX element pid: 174, elementOrHash.elementID: 0.1"
)
23:32:38.196 WebDriverAgentRunner-Runner[1375:148205] Creating future for 'getting interface orientation' with timeout 65.00
23:32:38.196 WebDriverAgentRunner-Runner[1375:148205] <XCTWaiter: 0x114490030> entering wait loop for 65.00s with expectations: `getting interface orientation`
23:32:38.197 WebDriverAgentRunner-Runner[1375:148205] Returning result XCTWaiterResultCompleted for synchronous waiter <XCTWaiter: 0x114490030>
23:32:38.197 WebDriverAgentRunner-Runner[1375:148205] Wait <XCTWaiterWait: 0x109731700> completed after 0.001s
23:32:38.197 WebDriverAgentRunner-Runner[1375:148205] cleaning up getting interface orientation
23:32:38.197 WebDriverAgentRunner-Runner[1375:148205] Creating future for 'getting interface orientation' with timeout 65.00
23:32:38.197 WebDriverAgentRunner-Runner[1375:148205] <XCTWaiter: 0x114490bd0> entering wait loop for 65.00s with expectations: `getting interface orientation`
23:32:38.198 WebDriverAgentRunner-Runner[1375:148205] Returning result XCTWaiterResultCompleted for synchronous waiter <XCTWaiter: 0x114490bd0>
23:32:38.198 WebDriverAgentRunner-Runner[1375:148205] Wait <XCTWaiterWait: 0x109733e40> completed after 0.001s
23:32:38.198 WebDriverAgentRunner-Runner[1375:148205] cleaning up getting interface orientation
23:32:38.198 WebDriverAgentRunner-Runner[1375:148205] Creating future for 'getting interface orientation' with timeout 65.00
23:32:38.198 WebDriverAgentRunner-Runner[1375:148205] <XCTWaiter: 0x114491c80> entering wait loop for 65.00s with expectations: `getting interface orientation`
23:32:38.199 WebDriverAgentRunner-Runner[1375:148205] Returning result XCTWaiterResultCompleted for synchronous waiter <XCTWaiter: 0x114491c80>
23:32:38.199 WebDriverAgentRunner-Runner[1375:148205] Wait <XCTWaiterWait: 0x1097335c0> completed after 0.001s
23:32:38.199 WebDriverAgentRunner-Runner[1375:148205] cleaning up getting interface orientation
23:32:38.199 WebDriverAgentRunner-Runner[1375:148205] Requesting local synthesis of event: 
<XCSynthesizedEventRecord 'Swipe Point Array display 0'>
Path 1:
	Touch down at 263.0, 525.0, offset=0.00s
	Move to 276.0, 525.0, offset=0.04s
	Move to 402.0, 514.0, offset=0.07s
	Move to 672.0, 507.0, offset=0.11s
	Move to 753.0, 512.0, offset=0.13s
	Touch up at 753.0, 512.0, offset=0.14s
23:32:38.390 WebDriverAgentRunner-Runner[1375:149647] Handling kAXUserTestingNotification
23:32:38.390 WebDriverAgentRunner-Runner[1375:149647] Received kAXUserTestingNotification from AX element pid: 174, elementOrHash.elementID: 0.1: {
    event = TouchEventsCompleted;
}
23:32:38.390 WebDriverAgentRunner-Runner[1375:149647] Handling kAXUserTestingNotification
23:32:38.390 WebDriverAgentRunner-Runner[1375:149647] Received kAXUserTestingNotification from AX element pid: 1307, elementOrHash.elementID: 0.1: {
    event = TouchEventsCompleted;
}
23:32:38.790 WebDriverAgentRunner-Runner[1375:148205] Creating future for 'fetching attributes 'XC_kAXXCAttributeSystemAppApplication' for Device system-wide element' with timeout 65.00
23:32:38.790 WebDriverAgentRunner-Runner[1375:148205] <XCTWaiter: 0x114490ae0> entering wait loop for 65.00s with expectations: `fetching attributes 'XC_kAXXCAttributeSystemAppApplication' for Device system-wide element`
23:32:38.790 WebDriverAgentRunner-Runner[1375:148826] Got attribute fetch response with values {
    "XC_kAXXCAttributeSystemAppApplication" = "AX element pid: 174, elementOrHash.elementID: 0.1";
}, error: (null)
23:32:38.791 WebDriverAgentRunner-Runner[1375:148205] Returning result XCTWaiterResultCompleted for synchronous waiter <XCTWaiter: 0x114490ae0>
23:32:38.791 WebDriverAgentRunner-Runner[1375:148205] Wait <XCTWaiterWait: 0x109730a00> completed after 0.001s
23:32:38.791 WebDriverAgentRunner-Runner[1375:148205] cleaning up fetching attributes 'XC_kAXXCAttributeSystemAppApplication' for Device system-wide element
23:32:38.791 WebDriverAgentRunner-Runner[1375:148205] Creating future for 'fetching attributes 'XC_kAXXCAttributeFocusedApplications' for AX element pid: 174, elementOrHash.elementID: 0.1' with timeout 65.00
23:32:38.791 WebDriverAgentRunner-Runner[1375:148205] <XCTWaiter: 0x114490b40> entering wait loop for 65.00s with expectations: `fetching attributes 'XC_kAXXCAttributeFocusedApplications' for AX element pid: 174, elementOrHash.elementID: 0.1`
23:32:38.794 WebDriverAgentRunner-Runner[1375:148826] Got attribute fetch response with values {
    "XC_kAXXCAttributeFocusedApplications" =     (
        "AX element pid: 1307, elementOrHash.elementID: 0.1",
        "AX element pid: 174, elementOrHash.elementID: 0.1"
    );
}, error: (null)
23:32:38.794 WebDriverAgentRunner-Runner[1375:148205] Returning result XCTWaiterResultCompleted for synchronous waiter <XCTWaiter: 0x114490b40>
23:32:38.794 WebDriverAgentRunner-Runner[1375:148205] Wait <XCTWaiterWait: 0x109733480> completed after 0.003s
23:32:38.795 WebDriverAgentRunner-Runner[1375:148205] cleaning up fetching attributes 'XC_kAXXCAttributeFocusedApplications' for AX element pid: 174, elementOrHash.elementID: 0.1
23:32:38.795 WebDriverAgentRunner-Runner[1375:148205] Active application elements: (
    "AX element pid: 1307, elementOrHash.elementID: 0.1",
    "AX element pid: 174, elementOrHash.elementID: 0.1"
)
23:32:38.810 WebDriverAgentRunner-Runner[1375:148205] Creating future for 'getting interface orientation' with timeout 65.00
23:32:38.810 WebDriverAgentRunner-Runner[1375:148205] <XCTWaiter: 0x1144905d0> entering wait loop for 65.00s with expectations: `getting interface orientation`
23:32:38.811 WebDriverAgentRunner-Runner[1375:148205] Returning result XCTWaiterResultCompleted for synchronous waiter <XCTWaiter: 0x1144905d0>
23:32:38.811 WebDriverAgentRunner-Runner[1375:148205] Wait <XCTWaiterWait: 0x109732280> completed after 0.001s
23:32:38.811 WebDriverAgentRunner-Runner[1375:148205] cleaning up getting interface orientation
23:32:38.811 WebDriverAgentRunner-Runner[1375:148205] Creating future for 'getting interface orientation' with timeout 65.00
23:32:38.811 WebDriverAgentRunner-Runner[1375:148205] <XCTWaiter: 0x114490900> entering wait loop for 65.00s with expectations: `getting interface orientation`
23:32:38.812 WebDriverAgentRunner-Runner[1375:148205] Returning result XCTWaiterResultCompleted for synchronous waiter <XCTWaiter: 0x114490900>
23:32:38.812 WebDriverAgentRunner-Runner[1375:148205] Wait <XCTWaiterWait: 0x109730d00> completed after 0.001s
23:32:38.812 WebDriverAgentRunner-Runner[1375:148205] cleaning up getting interface orientation
23:32:38.812 WebDriverAgentRunner-Runner[1375:148205] Creating future for 'getting interface orientation' with timeout 65.00
23:32:38.813 WebDriverAgentRunner-Runner[1375:148205] <XCTWaiter: 0x114490000> entering wait loop for 65.00s with expectations: `getting interface orientation`
23:32:38.813 WebDriverAgentRunner-Runner[1375:148205] Returning result XCTWaiterResultCompleted for synchronous waiter <XCTWaiter: 0x114490000>
23:32:38.813 WebDriverAgentRunner-Runner[1375:148205] Wait <XCTWaiterWait: 0x109733b00> completed after 0.001s
23:32:38.813 WebDriverAgentRunner-Runner[1375:148205] cleaning up getting interface orientation
23:32:38.813 WebDriverAgentRunner-Runner[1375:148205] Requesting local synthesis of event: 
<XCSynthesizedEventRecord 'Swipe Point Array display 0'>
Path 1:
	Touch down at 767.0, 1179.0, offset=0.00s
	Move to 694.0, 1154.0, offset=0.04s
	Move to 473.0, 1079.0, offset=0.08s
	Move to 429.0, 1068.0, offset=0.09s
	Touch up at 429.0, 1068.0, offset=0.10s
23:32:38.948 WebDriverAgentRunner-Runner[1375:149845] Handling kAXUserTestingNotification
23:32:38.948 WebDriverAgentRunner-Runner[1375:149845] Received kAXUserTestingNotification from AX element pid: 174, elementOrHash.elementID: 0.1: {
    event = TouchEventsCompleted;
}
23:32:38.953 WebDriverAgentRunner-Runner[1375:149845] Handling kAXUserTestingNotification
23:32:38.953 WebDriverAgentRunner-Runner[1375:149845] Received kAXUserTestingNotification from AX element pid: 1307, elementOrHash.elementID: 0.1: {
    event = TouchEventsCompleted;
}
23:32:39.367 WebDriverAgentRunner-Runner[1375:148205] Creating future for 'fetching attributes 'XC_kAXXCAttributeSystemAppApplication' for Device system-wide element' with timeout 65.00
23:32:39.367 WebDriverAgentRunner-Runner[1375:148205] <XCTWaiter: 0x114493390> entering wait loop for 65.00s with expectations: `fetching attributes 'XC_kAXXCAttributeSystemAppApplication' for Device system-wide element`
23:32:39.368 WebDriverAgentRunner-Runner[1375:148826] Got attribute fetch response with values {
    "XC_kAXXCAttributeSystemAppApplication" = "AX element pid: 174, elementOrHash.elementID: 0.1";
}, error: (null)
23:32:39.368 WebDriverAgentRunner-Runner[1375:148205] Returning result XCTWaiterResultCompleted for synchronous waiter <XCTWaiter: 0x114493390>
23:32:39.368 WebDriverAgentRunner-Runner[1375:148205] Wait <XCTWaiterWait: 0x1097308c0> completed after 0.001s
23:32:39.368 WebDriverAgentRunner-Runner[1375:148205] cleaning up fetching attributes 'XC_kAXXCAttributeSystemAppApplication' for Device system-wide element
23:32:39.368 WebDriverAgentRunner-Runner[1375:148205] Creating future for 'fetching attributes 'XC_kAXXCAttributeFocusedApplications' for AX element pid: 174, elementOrHash.elementID: 0.1' with timeout 65.00
23:32:39.368 WebDriverAgentRunner-Runner[1375:148205] <XCTWaiter: 0x114491fe0> entering wait loop for 65.00s with expectations: `fetching attributes 'XC_kAXXCAttributeFocusedApplications' for AX element pid: 174, elementOrHash.elementID: 0.1`
23:32:39.372 WebDriverAgentRunner-Runner[1375:149647] Got attribute fetch response with values {
    "XC_kAXXCAttributeFocusedApplications" =     (
        "AX element pid: 1307, elementOrHash.elementID: 0.1",
        "AX element pid: 174, elementOrHash.elementID: 0.1"
    );
}, error: (null)
23:32:39.372 WebDriverAgentRunner-Runner[1375:148205] Returning result XCTWaiterResultCompleted for synchronous waiter <XCTWaiter: 0x114491fe0>
23:32:39.372 WebDriverAgentRunner-Runner[1375:148205] Wait <XCTWaiterWait: 0x109730a00> completed after 0.004s
23:32:39.372 WebDriverAgentRunner-Runner[1375:148205] cleaning up fetching attributes 'XC_kAXXCAttributeFocusedApplications' for AX element pid: 174, elementOrHash.elementID: 0.1
23:32:39.372 WebDriverAgentRunner-Runner[1375:148205] Active application elements: (
    "AX element pid: 1307, elementOrHash.elementID: 0.1",
    "AX element pid: 174, elementOrHash.elementID: 0.1"
)
23:32:39.378 WebDriverAgentRunner-Runner[1375:148205] Creating future for 'getting interface orientation' with timeout 65.00
23:32:39.379 WebDriverAgentRunner-Runner[1375:148205] <XCTWaiter: 0x114491590> entering wait loop for 65.00s with expectations: `getting interface orientation`
23:32:39.379 WebDriverAgentRunner-Runner[1375:148205] Returning result XCTWaiterResultCompleted for synchronous waiter <XCTWaiter: 0x114491590>
23:32:39.379 WebDriverAgentRunner-Runner[1375:148205] Wait <XCTWaiterWait: 0x109732280> completed after 0.001s
23:32:39.379 WebDriverAgentRunner-Runner[1375:148205] cleaning up getting interface orientation
23:32:39.379 WebDriverAgentRunner-Runner[1375:148205] Creating future for 'getting interface orientation' with timeout 65.00
23:32:39.380 WebDriverAgentRunner-Runner[1375:148205] <XCTWaiter: 0x114492100> entering wait loop for 65.00s with expectations: `getting interface orientation`
23:32:39.380 WebDriverAgentRunner-Runner[1375:148205] Returning result XCTWaiterResultCompleted for synchronous waiter <XCTWaiter: 0x114492100>
23:32:39.380 WebDriverAgentRunner-Runner[1375:148205] Wait <XCTWaiterWait: 0x109730d00> completed after 0.001s
23:32:39.380 WebDriverAgentRunner-Runner[1375:148205] cleaning up getting interface orientation
23:32:39.381 WebDriverAgentRunner-Runner[1375:148205] Creating future for 'getting interface orientation' with timeout 65.00
23:32:39.381 WebDriverAgentRunner-Runner[1375:148205] <XCTWaiter: 0x114490bd0> entering wait loop for 65.00s with expectations: `getting interface orientation`
23:32:39.381 WebDriverAgentRunner-Runner[1375:148205] Returning result XCTWaiterResultCompleted for synchronous waiter <XCTWaiter: 0x114490bd0>
23:32:39.381 WebDriverAgentRunner-Runner[1375:148205] Wait <XCTWaiterWait: 0x109733b00> completed after 0.001s
23:32:39.381 WebDriverAgentRunner-Runner[1375:148205] cleaning up getting interface orientation
23:32:39.382 WebDriverAgentRunner-Runner[1375:148205] Requesting local synthesis of event: 
<XCSynthesizedEventRecord 'Swipe Point Array display 0'>
Path 1:
	Touch down at 376.0, 1163.0, offset=0.00s
	Move to 487.0, 1151.0, offset=0.04s
	Move to 758.0, 1112.0, offset=0.08s
	Move to 833.0, 1097.0, offset=0.10s
	Touch up at 833.0, 1097.0, offset=0.11s
23:32:39.524 WebDriverAgentRunner-Runner[1375:148558] Handling kAXUserTestingNotification
23:32:39.524 WebDriverAgentRunner-Runner[1375:148558] Received kAXUserTestingNotification from AX element pid: 174, elementOrHash.elementID: 0.1: {
    event = TouchEventsCompleted;
}
23:32:39.525 WebDriverAgentRunner-Runner[1375:148558] Handling kAXUserTestingNotification
23:32:39.525 WebDriverAgentRunner-Runner[1375:148558] Received kAXUserTestingNotification from AX element pid: 1307, elementOrHash.elementID: 0.1: {
    event = TouchEventsCompleted;
}
23:32:40.002 WebDriverAgentRunner-Runner[1375:148205] Creating future for 'fetching attributes 'XC_kAXXCAttributeSystemAppApplication' for Device system-wide element' with timeout 65.00
23:32:40.002 WebDriverAgentRunner-Runner[1375:148205] <XCTWaiter: 0x1144909c0> entering wait loop for 65.00s with expectations: `fetching attributes 'XC_kAXXCAttributeSystemAppApplication' for Device system-wide element`
23:32:40.002 WebDriverAgentRunner-Runner[1375:148558] Got attribute fetch response with values {
    "XC_kAXXCAttributeSystemAppApplication" = "AX element pid: 174, elementOrHash.elementID: 0.1";
}, error: (null)
23:32:40.002 WebDriverAgentRunner-Runner[1375:148205] Returning result XCTWaiterResultCompleted for synchronous waiter <XCTWaiter: 0x1144909c0>
23:32:40.002 WebDriverAgentRunner-Runner[1375:148205] Wait <XCTWaiterWait: 0x109733300> completed after 0.001s
23:32:40.003 WebDriverAgentRunner-Runner[1375:148205] cleaning up fetching attributes 'XC_kAXXCAttributeSystemAppApplication' for Device system-wide element
23:32:40.003 WebDriverAgentRunner-Runner[1375:148205] Creating future for 'fetching attributes 'XC_kAXXCAttributeFocusedApplications' for AX element pid: 174, elementOrHash.elementID: 0.1' with timeout 65.00
23:32:40.003 WebDriverAgentRunner-Runner[1375:148205] <XCTWaiter: 0x114490540> entering wait loop for 65.00s with expectations: `fetching attributes 'XC_kAXXCAttributeFocusedApplications' for AX element pid: 174, elementOrHash.elementID: 0.1`
23:32:40.006 WebDriverAgentRunner-Runner[1375:149845] Got attribute fetch response with values {
    "XC_kAXXCAttributeFocusedApplications" =     (
        "AX element pid: 1307, elementOrHash.elementID: 0.1",
        "AX element pid: 174, elementOrHash.elementID: 0.1"
    );
}, error: (null)
23:32:40.006 WebDriverAgentRunner-Runner[1375:148205] Returning result XCTWaiterResultCompleted for synchronous waiter <XCTWaiter: 0x114490540>
23:32:40.006 WebDriverAgentRunner-Runner[1375:148205] Wait <XCTWaiterWait: 0x109733140> completed after 0.003s
23:32:40.006 WebDriverAgentRunner-Runner[1375:148205] cleaning up fetching attributes 'XC_kAXXCAttributeFocusedApplications' for AX element pid: 174, elementOrHash.elementID: 0.1
23:32:40.006 WebDriverAgentRunner-Runner[1375:148205] Active application elements: (
    "AX element pid: 1307, elementOrHash.elementID: 0.1",
    "AX element pid: 174, elementOrHash.elementID: 0.1"
)
23:32:40.016 WebDriverAgentRunner-Runner[1375:148205] Creating future for 'getting interface orientation' with timeout 65.00
23:32:40.017 WebDriverAgentRunner-Runner[1375:148205] <XCTWaiter: 0x114490450> entering wait loop for 65.00s with expectations: `getting interface orientation`
23:32:40.017 WebDriverAgentRunner-Runner[1375:148205] Returning result XCTWaiterResultCompleted for synchronous waiter <XCTWaiter: 0x114490450>
23:32:40.017 WebDriverAgentRunner-Runner[1375:148205] Wait <XCTWaiterWait: 0x109731700> completed after 0.001s
23:32:40.018 WebDriverAgentRunner-Runner[1375:148205] cleaning up getting interface orientation
23:32:40.018 WebDriverAgentRunner-Runner[1375:148205] Creating future for 'getting interface orientation' with timeout 65.00
23:32:40.018 WebDriverAgentRunner-Runner[1375:148205] <XCTWaiter: 0x114490570> entering wait loop for 65.00s with expectations: `getting interface orientation`
23:32:40.018 WebDriverAgentRunner-Runner[1375:148205] Returning result XCTWaiterResultCompleted for synchronous waiter <XCTWaiter: 0x114490570>
23:32:40.019 WebDriverAgentRunner-Runner[1375:148205] Wait <XCTWaiterWait: 0x109733e40> completed after 0.001s
23:32:40.019 WebDriverAgentRunner-Runner[1375:148205] cleaning up getting interface orientation
23:32:40.019 WebDriverAgentRunner-Runner[1375:148205] Creating future for 'getting interface orientation' with timeout 65.00
23:32:40.019 WebDriverAgentRunner-Runner[1375:148205] <XCTWaiter: 0x114490900> entering wait loop for 65.00s with expectations: `getting interface orientation`
23:32:40.019 WebDriverAgentRunner-Runner[1375:148205] Returning result XCTWaiterResultCompleted for synchronous waiter <XCTWaiter: 0x114490900>
23:32:40.020 WebDriverAgentRunner-Runner[1375:148205] Wait <XCTWaiterWait: 0x109731bc0> completed after 0.001s
23:32:40.020 WebDriverAgentRunner-Runner[1375:148205] cleaning up getting interface orientation
23:32:40.020 WebDriverAgentRunner-Runner[1375:148205] Requesting local synthesis of event: 
<XCSynthesizedEventRecord 'Swipe Point Array display 0'>
Path 1:
	Touch down at 396.0, 527.0, offset=0.00s
	Move to 432.0, 522.0, offset=0.04s
	Move to 671.0, 463.0, offset=0.08s
	Move to 812.0, 445.0, offset=0.10s
	Touch up at 812.0, 445.0, offset=0.11s
23:32:40.166 WebDriverAgentRunner-Runner[1375:149845] Handling kAXUserTestingNotification
23:32:40.166 WebDriverAgentRunner-Runner[1375:149845] Received kAXUserTestingNotification from AX element pid: 174, elementOrHash.elementID: 0.1: {
    event = TouchEventsCompleted;
}
23:32:40.166 WebDriverAgentRunner-Runner[1375:149845] Handling kAXUserTestingNotification
23:32:40.166 WebDriverAgentRunner-Runner[1375:149845] Received kAXUserTestingNotification from AX element pid: 1307, elementOrHash.elementID: 0.1: {
    event = TouchEventsCompleted;
}
23:32:40.623 WebDriverAgentRunner-Runner[1375:148205] Creating future for 'fetching attributes 'XC_kAXXCAttributeSystemAppApplication' for Device system-wide element' with timeout 65.00
23:32:40.623 WebDriverAgentRunner-Runner[1375:148205] <XCTWaiter: 0x1144908d0> entering wait loop for 65.00s with expectations: `fetching attributes 'XC_kAXXCAttributeSystemAppApplication' for Device system-wide element`
23:32:40.623 WebDriverAgentRunner-Runner[1375:149938] Got attribute fetch response with values {
    "XC_kAXXCAttributeSystemAppApplication" = "AX element pid: 174, elementOrHash.elementID: 0.1";
}, error: (null)
23:32:40.624 WebDriverAgentRunner-Runner[1375:148205] Returning result XCTWaiterResultCompleted for synchronous waiter <XCTWaiter: 0x1144908d0>
23:32:40.624 WebDriverAgentRunner-Runner[1375:148205] Wait <XCTWaiterWait: 0x1097afec0> completed after 0.001s
23:32:40.624 WebDriverAgentRunner-Runner[1375:148205] cleaning up fetching attributes 'XC_kAXXCAttributeSystemAppApplication' for Device system-wide element
23:32:40.624 WebDriverAgentRunner-Runner[1375:148205] Creating future for 'fetching attributes 'XC_kAXXCAttributeFocusedApplications' for AX element pid: 174, elementOrHash.elementID: 0.1' with timeout 65.00
23:32:40.624 WebDriverAgentRunner-Runner[1375:148205] <XCTWaiter: 0x114490a80> entering wait loop for 65.00s with expectations: `fetching attributes 'XC_kAXXCAttributeFocusedApplications' for AX element pid: 174, elementOrHash.elementID: 0.1`
23:32:40.627 WebDriverAgentRunner-Runner[1375:148826] Got attribute fetch response with values {
    "XC_kAXXCAttributeFocusedApplications" =     (
        "AX element pid: 1307, elementOrHash.elementID: 0.1",
        "AX element pid: 174, elementOrHash.elementID: 0.1"
    );
}, error: (null)
23:32:40.627 WebDriverAgentRunner-Runner[1375:148205] Returning result XCTWaiterResultCompleted for synchronous waiter <XCTWaiter: 0x114490a80>
23:32:40.627 WebDriverAgentRunner-Runner[1375:148205] Wait <XCTWaiterWait: 0x1097aedc0> completed after 0.003s
23:32:40.627 WebDriverAgentRunner-Runner[1375:148205] cleaning up fetching attributes 'XC_kAXXCAttributeFocusedApplications' for AX element pid: 174, elementOrHash.elementID: 0.1
23:32:40.628 WebDriverAgentRunner-Runner[1375:148205] Active application elements: (
    "AX element pid: 1307, elementOrHash.elementID: 0.1",
    "AX element pid: 174, elementOrHash.elementID: 0.1"
)
23:32:40.632 WebDriverAgentRunner-Runner[1375:148205] Creating future for 'getting interface orientation' with timeout 65.00
23:32:40.632 WebDriverAgentRunner-Runner[1375:148205] <XCTWaiter: 0x114491650> entering wait loop for 65.00s with expectations: `getting interface orientation`
23:32:40.633 WebDriverAgentRunner-Runner[1375:148205] Returning result XCTWaiterResultCompleted for synchronous waiter <XCTWaiter: 0x114491650>
23:32:40.633 WebDriverAgentRunner-Runner[1375:148205] Wait <XCTWaiterWait: 0x1097afb80> completed after 0.001s
23:32:40.633 WebDriverAgentRunner-Runner[1375:148205] cleaning up getting interface orientation
23:32:40.633 WebDriverAgentRunner-Runner[1375:148205] Creating future for 'getting interface orientation' with timeout 65.00
23:32:40.634 WebDriverAgentRunner-Runner[1375:148205] <XCTWaiter: 0x114492a30> entering wait loop for 65.00s with expectations: `getting interface orientation`
23:32:40.634 WebDriverAgentRunner-Runner[1375:148205] Returning result XCTWaiterResultCompleted for synchronous waiter <XCTWaiter: 0x114492a30>
23:32:40.634 WebDriverAgentRunner-Runner[1375:148205] Wait <XCTWaiterWait: 0x1097adf80> completed after 0.001s
23:32:40.634 WebDriverAgentRunner-Runner[1375:148205] cleaning up getting interface orientation
23:32:40.634 WebDriverAgentRunner-Runner[1375:148205] Creating future for 'getting interface orientation' with timeout 65.00
23:32:40.635 WebDriverAgentRunner-Runner[1375:148205] <XCTWaiter: 0x1144903c0> entering wait loop for 65.00s with expectations: `getting interface orientation`
23:32:40.635 WebDriverAgentRunner-Runner[1375:148205] Returning result XCTWaiterResultCompleted for synchronous waiter <XCTWaiter: 0x1144903c0>
23:32:40.635 WebDriverAgentRunner-Runner[1375:148205] Wait <XCTWaiterWait: 0x1097ae700> completed after 0.001s
23:32:40.636 WebDriverAgentRunner-Runner[1375:148205] cleaning up getting interface orientation
23:32:40.636 WebDriverAgentRunner-Runner[1375:148205] Requesting local synthesis of event: 
<XCSynthesizedEventRecord 'Swipe Point Array display 0'>
Path 1:
	Touch down at 851.0, 520.0, offset=0.00s
	Move to 785.0, 506.0, offset=0.04s
	Move to 522.0, 430.0, offset=0.08s
	Move to 322.0, 370.0, offset=0.10s
	Touch up at 322.0, 370.0, offset=0.11s
23:32:40.783 WebDriverAgentRunner-Runner[1375:149938] Handling kAXUserTestingNotification
23:32:40.783 WebDriverAgentRunner-Runner[1375:149938] Received kAXUserTestingNotification from AX element pid: 174, elementOrHash.elementID: 0.1: {
    event = TouchEventsCompleted;
}
23:32:40.784 WebDriverAgentRunner-Runner[1375:149845] Handling kAXUserTestingNotification
23:32:40.784 WebDriverAgentRunner-Runner[1375:149845] Received kAXUserTestingNotification from AX element pid: 1307, elementOrHash.elementID: 0.1: {
    event = TouchEventsCompleted;
}
23:32:42.951 WebDriverAgentRunner-Runner[1375:148205] Creating future for 'fetching attributes 'XC_kAXXCAttributeSystemAppApplication' for Device system-wide element' with timeout 65.00
23:32:42.952 WebDriverAgentRunner-Runner[1375:148205] <XCTWaiter: 0x114490720> entering wait loop for 65.00s with expectations: `fetching attributes 'XC_kAXXCAttributeSystemAppApplication' for Device system-wide element`
23:32:42.952 WebDriverAgentRunner-Runner[1375:149845] Got attribute fetch response with values {
    "XC_kAXXCAttributeSystemAppApplication" = "AX element pid: 174, elementOrHash.elementID: 0.1";
}, error: (null)
23:32:42.952 WebDriverAgentRunner-Runner[1375:148205] Returning result XCTWaiterResultCompleted for synchronous waiter <XCTWaiter: 0x114490720>
23:32:42.952 WebDriverAgentRunner-Runner[1375:148205] Wait <XCTWaiterWait: 0x109730cc0> completed after 0.001s
23:32:42.952 WebDriverAgentRunner-Runner[1375:148205] cleaning up fetching attributes 'XC_kAXXCAttributeSystemAppApplication' for Device system-wide element
23:32:42.953 WebDriverAgentRunner-Runner[1375:148205] Creating future for 'fetching attributes 'XC_kAXXCAttributeFocusedApplications' for AX element pid: 174, elementOrHash.elementID: 0.1' with timeout 65.00
23:32:42.953 WebDriverAgentRunner-Runner[1375:148205] <XCTWaiter: 0x114490bd0> entering wait loop for 65.00s with expectations: `fetching attributes 'XC_kAXXCAttributeFocusedApplications' for AX element pid: 174, elementOrHash.elementID: 0.1`
23:32:42.956 WebDriverAgentRunner-Runner[1375:149845] Got attribute fetch response with values {
    "XC_kAXXCAttributeFocusedApplications" =     (
        "AX element pid: 1307, elementOrHash.elementID: 0.1",
        "AX element pid: 174, elementOrHash.elementID: 0.1"
    );
}, error: (null)
23:32:42.956 WebDriverAgentRunner-Runner[1375:148205] Returning result XCTWaiterResultCompleted for synchronous waiter <XCTWaiter: 0x114490bd0>
23:32:42.956 WebDriverAgentRunner-Runner[1375:148205] Wait <XCTWaiterWait: 0x109731700> completed after 0.003s
23:32:42.956 WebDriverAgentRunner-Runner[1375:148205] cleaning up fetching attributes 'XC_kAXXCAttributeFocusedApplications' for AX element pid: 174, elementOrHash.elementID: 0.1
23:32:42.956 WebDriverAgentRunner-Runner[1375:148205] Active application elements: (
    "AX element pid: 1307, elementOrHash.elementID: 0.1",
    "AX element pid: 174, elementOrHash.elementID: 0.1"
)
    t =    98.33s Press Application 'com.apple.Preferences'[0.00, 0.00] -> (865.0, 636.0) for 0.0 seconds, then drag to Application 'com.apple.Preferences'[0.00, 0.00] -> (916.0, 424.0) with velocity of 500.00 pixels per second, and then hold for 0.0 seconds 
23:32:43.002 WebDriverAgentRunner-Runner[1375:148205] <XCTContext: 0x105d9cd20> started activity <XCActivityRecord: 0x108d4aa00> 2026-07-19 16:32:43 +0000: Press Application 'com.apple.Preferences'[0.00, 0.00] -> (865.0, 636.0) for 0.0 seconds, then drag to Application 'com.apple.Preferences'[0.00, 0.00] -> (916.0, 424.0) with velocity of 500.00 pixels per second, and then hold for 0.0 seconds 
23:32:43.002 WebDriverAgentRunner-Runner[1375:148205] Overriding application state timeout, 60.0 -> 10.0
23:32:43.002 WebDriverAgentRunner-Runner[1375:148205] <XCTContext: 0x105d9cd20> started activity <XCActivityRecord: 0x108d4abc0> 2026-07-19 16:32:43 +0000: Wait for com.apple.Preferences to idle
23:32:43.003 WebDriverAgentRunner-Runner[1375:148205] Creating future for 'getting screen identifiers' with timeout 30.00
23:32:43.003 WebDriverAgentRunner-Runner[1375:148205] <XCTWaiter: 0x114490ae0> entering wait loop for 30.00s with expectations: `getting screen identifiers`
23:32:43.003 WebDriverAgentRunner-Runner[1375:148205] Returning result XCTWaiterResultCompleted for synchronous waiter <XCTWaiter: 0x114490ae0>
23:32:43.003 WebDriverAgentRunner-Runner[1375:148205] Wait <XCTWaiterWait: 0x109731b40> completed after 0.000s
23:32:43.003 WebDriverAgentRunner-Runner[1375:148205] cleaning up getting screen identifiers
23:32:43.003 WebDriverAgentRunner-Runner[1375:148205] Waiting for com.apple.Preferences (PID 1307) quiescence...
23:32:43.003 WebDriverAgentRunner-Runner[1375:148205] Creating future for 'requesting automation session for com.apple.Preferences (pid:1307)' with timeout 10.00
    t =    98.33s     Wait for com.apple.Preferences to idle
23:32:43.003 WebDriverAgentRunner-Runner[1375:148205] Requesting automation session for pid 1307, automation framework path: /System/Developer/Library/PrivateFrameworks/XCTAutomationSupport.framework
23:32:43.003 WebDriverAgentRunner-Runner[1375:148205] <XCTWaiter: 0x1144905d0> entering wait loop for 10.00s with expectations: `requesting automation session for com.apple.Preferences (pid:1307)`
23:32:43.059 WebDriverAgentRunner-Runner[1375:149938] Got endpoint for automation session with pid 1307
23:32:43.059 WebDriverAgentRunner-Runner[1375:149938] Exchanging capabilities for automation session connection to pid 1307
23:32:43.060 WebDriverAgentRunner-Runner[1375:149938] Got remote interface capabilities for automation session connection to pid 1307: <XCTCapabilities: 0x109795270>: {
    "accept remote connection capability" = 1;
    "containing transformer capability" = 1;
    "disclosed child rows transformer capability" = 2;
    "element sorting transformer capability" = 1;
    "evaluate query capability" = 1;
    "fetch element attributes capability" = 2;
    "indexing transformer capability" = 4;
    "main thread checker runtime issues" = 1;
    "malloc stack logging" = 1;
    "notify animations idle capability" = 1;
    "notify main run loop idle capability" = 1;
    "query runtime issue reporting" = 1;
    "query runtime issue reporting/automation type mismatch" = 1;
    "system provides kAXXCAttributeBannerIsStickyAttribute" = 1;
}
23:32:43.060 WebDriverAgentRunner-Runner[1375:148205] Returning result XCTWaiterResultCompleted for synchronous waiter <XCTWaiter: 0x1144905d0>
23:32:43.060 WebDriverAgentRunner-Runner[1375:148205] Wait <XCTWaiterWait: 0x1097ae640> completed after 0.057s
23:32:43.060 WebDriverAgentRunner-Runner[1375:148205] cleaning up requesting automation session for com.apple.Preferences (pid:1307)
23:32:43.060 WebDriverAgentRunner-Runner[1375:148205] Requesting main run loop idle notification using automation session for com.apple.Preferences (pid:1307)
23:32:43.060 WebDriverAgentRunner-Runner[1375:148205] Requesting animations idle notification using automation session for com.apple.Preferences (pid:1307)
23:32:43.061 WebDriverAgentRunner-Runner[1375:149845] Got event loop idle reply for com.apple.Preferences (PID 1307)
23:32:43.061 WebDriverAgentRunner-Runner[1375:148205] Waiting on quiescence state variables
23:32:43.061 WebDriverAgentRunner-Runner[1375:149845] Event loop is idle.
23:32:43.061 WebDriverAgentRunner-Runner[1375:148205] KVO change: checked status of Expect value of 'foreground' of com.apple.Preferences (pid:1307) to be '0': fulfill=NO
23:32:43.061 WebDriverAgentRunner-Runner[1375:149938] com.apple.Preferences (pid:1307) eventLoopHasIdled NO -> YES
23:32:43.061 WebDriverAgentRunner-Runner[1375:148826] Posting KVO notifications for eventLoopHasIdled
23:32:43.061 WebDriverAgentRunner-Runner[1375:148205] KVO change: checked status of Expect value of 'foreground' of com.apple.Preferences (pid:1307) to be '0': fulfill=NO
23:32:43.061 WebDriverAgentRunner-Runner[1375:149845] Got animations reply for com.apple.Preferences (PID 1307)
23:32:43.061 WebDriverAgentRunner-Runner[1375:148205] isQuiescent: self.eventLoopHasIdled: YES && self.animationsHaveFinished: NO
23:32:43.062 WebDriverAgentRunner-Runner[1375:149845] Animations are not active.
23:32:43.062 WebDriverAgentRunner-Runner[1375:148205] KVO change: checked status of Expect value of 'isQuiescent' of com.apple.Preferences (pid:1307) to be '1': fulfill=NO
23:32:43.062 WebDriverAgentRunner-Runner[1375:148826] com.apple.Preferences (pid:1307) animationsHaveFinished NO -> YES
23:32:43.062 WebDriverAgentRunner-Runner[1375:148205] isQuiescent: self.eventLoopHasIdled: YES && self.animationsHaveFinished: NO
23:32:43.062 WebDriverAgentRunner-Runner[1375:148826] Posting KVO notifications for animationsHaveFinished
23:32:43.062 WebDriverAgentRunner-Runner[1375:148205] KVO change: checked status of Expect value of 'isQuiescent' of com.apple.Preferences (pid:1307) to be '1': fulfill=YES
23:32:43.062 WebDriverAgentRunner-Runner[1375:148826] isQuiescent: self.eventLoopHasIdled: YES && self.animationsHaveFinished: YES
23:32:43.062 WebDriverAgentRunner-Runner[1375:148205] Fulfilling (Expect value of 'foreground' of com.apple.Preferences (pid:1307) to be '0' OR Expect value of 'isQuiescent' of com.apple.Preferences (pid:1307) to be '1') because Expect value of 'isQuiescent' of com.apple.Preferences (pid:1307) to be '1' is fulfilled
23:32:43.062 WebDriverAgentRunner-Runner[1375:148826] isQuiescent: self.eventLoopHasIdled: YES && self.animationsHaveFinished: YES
23:32:43.063 WebDriverAgentRunner-Runner[1375:148205] <XCTWaiter: 0x114491740> entering wait loop for 10.00s with expectations: `(Expect value of 'foreground' of com.apple.Preferences (pid:1307) to be '0' OR Expect value of 'isQuiescent' of com.apple.Preferences (pid:1307) to be '1')`
23:32:43.063 WebDriverAgentRunner-Runner[1375:148826] KVO change: checked status of Expect value of 'isQuiescent' of com.apple.Preferences (pid:1307) to be '1': fulfill=YES
23:32:43.063 WebDriverAgentRunner-Runner[1375:148205] Returning result XCTWaiterResultCompleted for synchronous waiter <XCTWaiter: 0x114491740>
23:32:43.063 WebDriverAgentRunner-Runner[1375:148205] Wait <XCTWaiterWait: 0x1097add40> completed after 0.001s
23:32:43.063 WebDriverAgentRunner-Runner[1375:148205] cleaning up (Expect value of 'foreground' of com.apple.Preferences (pid:1307) to be '0' OR Expect value of 'isQuiescent' of com.apple.Preferences (pid:1307) to be '1')
23:32:43.063 WebDriverAgentRunner-Runner[1375:148205] cleaning up Expect value of 'foreground' of com.apple.Preferences (pid:1307) to be '0'
23:32:43.063 WebDriverAgentRunner-Runner[1375:148205] cleaning up Expect value of 'foreground' of com.apple.Preferences (pid:1307) to be '0'
23:32:43.063 WebDriverAgentRunner-Runner[1375:148205] cleaning up Expect value of 'isQuiescent' of com.apple.Preferences (pid:1307) to be '1'
23:32:43.064 WebDriverAgentRunner-Runner[1375:148205] cleaning up Expect value of 'isQuiescent' of com.apple.Preferences (pid:1307) to be '1'
23:32:43.064 WebDriverAgentRunner-Runner[1375:148205] com.apple.Preferences has quiesced or quiescence timeout has elapsed.
23:32:43.064 WebDriverAgentRunner-Runner[1375:148205] <XCTContext: 0x105d9cd20> finished activity <XCActivityRecord: 0x108d4abc0> 2026-07-19 16:32:43 +0000: Wait for com.apple.Preferences to idle (0.0614661s)
23:32:43.064 WebDriverAgentRunner-Runner[1375:148205] Overriding application state timeout, 10.0 -> 60.0
23:32:43.064 WebDriverAgentRunner-Runner[1375:148205] <XCTContext: 0x105d9cd20> started activity <XCActivityRecord: 0x108d4abc0> 2026-07-19 16:32:43 +0000: Find the Application 'com.apple.Preferences'
23:32:43.064 WebDriverAgentRunner-Runner[1375:148205] Executing query:

23:32:43.065 WebDriverAgentRunner-Runner[1375:148205] Creating future for 'checking for continuity enablement' with timeout 30.00
    t =    98.39s     Find the Application 'com.apple.Preferences'
23:32:43.065 WebDriverAgentRunner-Runner[1375:148205] <XCTWaiter: 0x1144902a0> entering wait loop for 30.00s with expectations: `checking for continuity enablement`
23:32:43.066 WebDriverAgentRunner-Runner[1375:148205] Returning result XCTWaiterResultCompleted for synchronous waiter <XCTWaiter: 0x1144902a0>
23:32:43.066 WebDriverAgentRunner-Runner[1375:148205] Wait <XCTWaiterWait: 0x1097af900> completed after 0.001s
23:32:43.066 WebDriverAgentRunner-Runner[1375:148205] cleaning up checking for continuity enablement
23:32:43.066 WebDriverAgentRunner-Runner[1375:148205] Should evaluate query remotely? XCTDisableRemoteQueryEvaluation(d-write): YES, hasAutomationSession: YES, supportsRemoteEvaluation: YES
23:32:43.066 WebDriverAgentRunner-Runner[1375:148205] Getting matching snapshots for locally evaluated query
23:32:43.066 WebDriverAgentRunner-Runner[1375:148205] Evaluating query:
 
23:32:43.066 WebDriverAgentRunner-Runner[1375:148205] Getting root element snapshot
23:32:43.066 WebDriverAgentRunner-Runner[1375:148205] Getting snapshot for App element pid: 1307 for query 
23:32:43.066 WebDriverAgentRunner-Runner[1375:148205] <XCTContext: 0x105d9cd20> started activity <XCActivityRecord: 0x108d4ad10> 2026-07-19 16:32:43 +0000: Requesting snapshot of accessibility hierarchy for app with pid 1307
23:32:43.067 WebDriverAgentRunner-Runner[1375:148205] Query requires iOS snapshot attributes .
23:32:43.067 WebDriverAgentRunner-Runner[1375:148205] XCUIElementQuery <XCTElementSnapshotProvider> getting snapshot
23:32:43.067 WebDriverAgentRunner-Runner[1375:148205] Snapshot request has custom attributes 
23:32:43.067 WebDriverAgentRunner-Runner[1375:148205] Snapshot request has custom parameters {
    snapshotKeyHonorModalViews = 0;
}
23:32:43.067 WebDriverAgentRunner-Runner[1375:148205] Current snapshot generation is 2129
23:32:43.067 WebDriverAgentRunner-Runner[1375:148205] Capturing a new snapshot
23:32:43.067 WebDriverAgentRunner-Runner[1375:148205] Fetching snapshot for App element pid: 1307 from testmanagerd with attributes XC_kAXXCAttributeElementType, XC_kAXXCAttributeElementBaseType, XC_kAXXCAttributeParent, XC_kAXXCAttributeIdentifier, XC_kAXXCAttributeAutomationType, XC_kAXXCAttributeTraits and parameters {
    maxArrayCount = 2147483647;
    maxChildren = 2147483647;
    maxDepth = 50;
    snapshotKeyHonorModalViews = 0;
    traverseFromParentsToChildren = 1;
}.
23:32:43.067 WebDriverAgentRunner-Runner[1375:148205] Creating future for 'fetching snapshot from testmanagerd.' with timeout 65.00
23:32:43.067 WebDriverAgentRunner-Runner[1375:148205] <XCTWaiter: 0x1144923a0> entering wait loop for 65.00s with expectations: `fetching snapshot from testmanagerd.`
    t =    98.39s         Requesting snapshot of accessibility hierarchy for app with pid 1307
23:32:43.348 WebDriverAgentRunner-Runner[1375:149938] Got snapshot response with runtime issue support from testmanagerd.
23:32:43.348 WebDriverAgentRunner-Runner[1375:148205] Returning result XCTWaiterResultCompleted for synchronous waiter <XCTWaiter: 0x1144923a0>
23:32:43.348 WebDriverAgentRunner-Runner[1375:148205] Wait <XCTWaiterWait: 0x1097af100> completed after 0.281s
23:32:43.348 WebDriverAgentRunner-Runner[1375:148205] cleaning up fetching snapshot from testmanagerd.
23:32:43.349 WebDriverAgentRunner-Runner[1375:148205] <XCTContext: 0x105d9cd20> finished activity <XCActivityRecord: 0x108d4ad10> 2026-07-19 16:32:43 +0000: Requesting snapshot of accessibility hierarchy for app with pid 1307 (0.282314s)
23:32:43.349 WebDriverAgentRunner-Runner[1375:148205] Found matches {(
    App element pid: 1307
)} with root App element pid: 1307
23:32:43.349 WebDriverAgentRunner-Runner[1375:148205] <XCTContext: 0x105d9cd20> finished activity <XCActivityRecord: 0x108d4abc0> 2026-07-19 16:32:43 +0000: Find the Application 'com.apple.Preferences' (0.284885s)
23:32:43.349 WebDriverAgentRunner-Runner[1375:148205] <XCTContext: 0x105fc62b0> started activity <XCActivityRecord: 0x108d4abc0> 2026-07-19 16:32:43 +0000: Application is configured to skip UI interruption handling
    t =    98.67s Application is configured to skip UI interruption handling
23:32:43.350 WebDriverAgentRunner-Runner[1375:148205] <XCTContext: 0x105fc62b0> finished activity <XCActivityRecord: 0x108d4abc0> 2026-07-19 16:32:43 +0000: Application is configured to skip UI interruption handling (0.000244021s)
23:32:43.350 WebDriverAgentRunner-Runner[1375:148205] Creating future for 'checking for continuity enablement' with timeout 30.00
23:32:43.350 WebDriverAgentRunner-Runner[1375:148205] <XCTWaiter: 0x114492580> entering wait loop for 30.00s with expectations: `checking for continuity enablement`
23:32:43.351 WebDriverAgentRunner-Runner[1375:148205] Returning result XCTWaiterResultCompleted for synchronous waiter <XCTWaiter: 0x114492580>
23:32:43.351 WebDriverAgentRunner-Runner[1375:148205] Wait <XCTWaiterWait: 0x1144bcd40> completed after 0.001s
23:32:43.351 WebDriverAgentRunner-Runner[1375:148205] cleaning up checking for continuity enablement
23:32:43.351 WebDriverAgentRunner-Runner[1375:148205] Creating future for 'fetching attributes 'XC_kAXXCAttributeElementType', 'XC_kAXXCAttributeElementBaseType', 'XC_kAXXCAttributeTraits', 'XC_kAXXCAttributeAutomationType' for App element pid: 1307' with timeout 30.00
23:32:43.351 WebDriverAgentRunner-Runner[1375:148205] <XCTWaiter: 0x114490150> entering wait loop for 30.00s with expectations: `fetching attributes 'XC_kAXXCAttributeElementType', 'XC_kAXXCAttributeElementBaseType', 'XC_kAXXCAttributeTraits', 'XC_kAXXCAttributeAutomationType' for App element pid: 1307`
23:32:43.358 WebDriverAgentRunner-Runner[1375:148205] Returning result XCTWaiterResultCompleted for synchronous waiter <XCTWaiter: 0x114490150>
23:32:43.358 WebDriverAgentRunner-Runner[1375:148205] Wait <XCTWaiterWait: 0x1144bcac0> completed after 0.007s
23:32:43.358 WebDriverAgentRunner-Runner[1375:148205] cleaning up fetching attributes 'XC_kAXXCAttributeElementType', 'XC_kAXXCAttributeElementBaseType', 'XC_kAXXCAttributeTraits', 'XC_kAXXCAttributeAutomationType' for App element pid: 1307
23:32:43.358 WebDriverAgentRunner-Runner[1375:148205] App element pid: 1307 (App element pid: 1307) faulted in {
    "XC_kAXXCAttributeAutomationType" = 1;
    "XC_kAXXCAttributeElementBaseType" = UIApplication;
    "XC_kAXXCAttributeElementType" = "_TtC7SwiftUIP33_ACC2C5639A7D76F611E170E831FCA49118SwiftUIApplication";
    "XC_kAXXCAttributeTraits" = 0;
}: (no error) for elementType using XC_kAXXCAttributeElementType, XC_kAXXCAttributeElementBaseType, XC_kAXXCAttributeTraits, XC_kAXXCAttributeAutomationType
23:32:43.359 WebDriverAgentRunner-Runner[1375:148205] Computed elementType Application.
23:32:43.359 WebDriverAgentRunner-Runner[1375:148205] <XCTContext: 0x105d9cd20> started activity <XCActivityRecord: 0x108d4ad10> 2026-07-19 16:32:43 +0000: Synthesize event
    t =    98.68s     Synthesize event
23:32:43.359 WebDriverAgentRunner-Runner[1375:148205] Creating future for 'checking for continuity enablement' with timeout 30.00
23:32:43.359 WebDriverAgentRunner-Runner[1375:148205] <XCTWaiter: 0x1144911d0> entering wait loop for 30.00s with expectations: `checking for continuity enablement`
23:32:43.360 WebDriverAgentRunner-Runner[1375:148205] Returning result XCTWaiterResultCompleted for synchronous waiter <XCTWaiter: 0x1144911d0>
23:32:43.360 WebDriverAgentRunner-Runner[1375:148205] Wait <XCTWaiterWait: 0x1144bc6c0> completed after 0.001s
23:32:43.360 WebDriverAgentRunner-Runner[1375:148205] cleaning up checking for continuity enablement
23:32:43.360 WebDriverAgentRunner-Runner[1375:148205] Creating future for 'fetching attributes 'XC_kAXXCAttributeWindowDisplayId' for App element pid: 1307' with timeout 30.00
23:32:43.360 WebDriverAgentRunner-Runner[1375:148205] <XCTWaiter: 0x1144918f0> entering wait loop for 30.00s with expectations: `fetching attributes 'XC_kAXXCAttributeWindowDisplayId' for App element pid: 1307`
23:32:43.360 WebDriverAgentRunner-Runner[1375:148205] Returning result XCTWaiterResultCompleted for synchronous waiter <XCTWaiter: 0x1144918f0>
23:32:43.360 WebDriverAgentRunner-Runner[1375:148205] Wait <XCTWaiterWait: 0x1144bc440> completed after 0.000s
23:32:43.361 WebDriverAgentRunner-Runner[1375:148205] cleaning up fetching attributes 'XC_kAXXCAttributeWindowDisplayId' for App element pid: 1307
23:32:43.361 WebDriverAgentRunner-Runner[1375:148205] Application, pid: 1307 (App element pid: 1307) faulted in {
    "XC_kAXXCAttributeWindowDisplayId" = 0;
}: (no error) for displayID using XC_kAXXCAttributeWindowDisplayId
23:32:43.361 WebDriverAgentRunner-Runner[1375:148205] Fetched display ID for Application, pid: 1307 was 0, checked nearest remote ancestor (null), got (null)
23:32:43.361 WebDriverAgentRunner-Runner[1375:148205] Creating future for 'getting screen identifiers' with timeout 30.00
23:32:43.361 WebDriverAgentRunner-Runner[1375:148205] <XCTWaiter: 0x1144901e0> entering wait loop for 30.00s with expectations: `getting screen identifiers`
23:32:43.361 WebDriverAgentRunner-Runner[1375:148205] Returning result XCTWaiterResultCompleted for synchronous waiter <XCTWaiter: 0x1144901e0>
23:32:43.361 WebDriverAgentRunner-Runner[1375:148205] Wait <XCTWaiterWait: 0x1144bc0c0> completed after 0.000s
23:32:43.361 WebDriverAgentRunner-Runner[1375:148205] cleaning up getting screen identifiers
23:32:43.361 WebDriverAgentRunner-Runner[1375:148205] Creating future for 'synthesizing event' with timeout TBD
23:32:43.361 WebDriverAgentRunner-Runner[1375:148205] <XCTContext: 0x105d9cd20> started activity <XCActivityRecord: 0x108d48150> 2026-07-19 16:32:43 +0000: Find the Application 'com.apple.Preferences'
23:32:43.362 WebDriverAgentRunner-Runner[1375:148205] Executing query:

23:32:43.362 WebDriverAgentRunner-Runner[1375:148205] Creating future for 'checking for continuity enablement' with timeout 30.00
23:32:43.362 WebDriverAgentRunner-Runner[1375:148205] <XCTWaiter: 0x114492b80> entering wait loop for 30.00s with expectations: `checking for continuity enablement`
23:32:43.363 WebDriverAgentRunner-Runner[1375:148205] Returning result XCTWaiterResultCompleted for synchronous waiter <XCTWaiter: 0x114492b80>
    t =    98.69s         Find the Application 'com.apple.Preferences'
23:32:43.363 WebDriverAgentRunner-Runner[1375:148205] Wait <XCTWaiterWait: 0x1144bcfc0> completed after 0.001s
23:32:43.363 WebDriverAgentRunner-Runner[1375:148205] cleaning up checking for continuity enablement
23:32:43.363 WebDriverAgentRunner-Runner[1375:148205] Should evaluate query remotely? XCTDisableRemoteQueryEvaluation(d-write): YES, hasAutomationSession: YES, supportsRemoteEvaluation: YES
23:32:43.363 WebDriverAgentRunner-Runner[1375:148205] Getting matching snapshots for locally evaluated query
23:32:43.363 WebDriverAgentRunner-Runner[1375:148205] Evaluating query:
 
23:32:43.363 WebDriverAgentRunner-Runner[1375:148205] Getting root element snapshot
23:32:43.364 WebDriverAgentRunner-Runner[1375:148205] Getting snapshot for App element pid: 1307 for query 
23:32:43.364 WebDriverAgentRunner-Runner[1375:148205] <XCTContext: 0x105d9cd20> started activity <XCActivityRecord: 0x108d4a8b0> 2026-07-19 16:32:43 +0000: Requesting snapshot of accessibility hierarchy for app with pid 1307
23:32:43.364 WebDriverAgentRunner-Runner[1375:148205] Query requires iOS snapshot attributes .
23:32:43.364 WebDriverAgentRunner-Runner[1375:148205] XCUIElementQuery <XCTElementSnapshotProvider> getting snapshot
23:32:43.364 WebDriverAgentRunner-Runner[1375:148205] Snapshot request has custom attributes 
23:32:43.364 WebDriverAgentRunner-Runner[1375:148205] Snapshot request has custom parameters {
    snapshotKeyHonorModalViews = 0;
}
23:32:43.364 WebDriverAgentRunner-Runner[1375:148205] Current snapshot generation is 2137
23:32:43.364 WebDriverAgentRunner-Runner[1375:148205] Query rootElementSnapshot is non-null with generation count 2132
23:32:43.364 WebDriverAgentRunner-Runner[1375:148205] Capturing a new snapshot
23:32:43.365 WebDriverAgentRunner-Runner[1375:148205] Fetching snapshot for App element pid: 1307 from testmanagerd with attributes XC_kAXXCAttributeElementType, XC_kAXXCAttributeElementBaseType, XC_kAXXCAttributeParent, XC_kAXXCAttributeIdentifier, XC_kAXXCAttributeAutomationType, XC_kAXXCAttributeTraits and parameters {
    maxArrayCount = 2147483647;
    maxChildren = 2147483647;
    maxDepth = 50;
    snapshotKeyHonorModalViews = 0;
    traverseFromParentsToChildren = 1;
}.
23:32:43.365 WebDriverAgentRunner-Runner[1375:148205] Creating future for 'fetching snapshot from testmanagerd.' with timeout 65.00
23:32:43.365 WebDriverAgentRunner-Runner[1375:148205] <XCTWaiter: 0x114491dd0> entering wait loop for 65.00s with expectations: `fetching snapshot from testmanagerd.`
    t =    98.69s             Requesting snapshot of accessibility hierarchy for app with pid 1307
23:32:43.553 WebDriverAgentRunner-Runner[1375:148826] Got snapshot response with runtime issue support from testmanagerd.
23:32:43.553 WebDriverAgentRunner-Runner[1375:148205] Returning result XCTWaiterResultCompleted for synchronous waiter <XCTWaiter: 0x114491dd0>
23:32:43.553 WebDriverAgentRunner-Runner[1375:148205] Wait <XCTWaiterWait: 0x1144bd440> completed after 0.189s
23:32:43.553 WebDriverAgentRunner-Runner[1375:148205] cleaning up fetching snapshot from testmanagerd.
23:32:43.554 WebDriverAgentRunner-Runner[1375:148205] <XCTContext: 0x105d9cd20> finished activity <XCActivityRecord: 0x108d4a8b0> 2026-07-19 16:32:43 +0000: Requesting snapshot of accessibility hierarchy for app with pid 1307 (0.189976s)
23:32:43.554 WebDriverAgentRunner-Runner[1375:148205] Found matches {(
    App element pid: 1307
)} with root App element pid: 1307
23:32:43.554 WebDriverAgentRunner-Runner[1375:148205] <XCTContext: 0x105d9cd20> finished activity <XCActivityRecord: 0x108d48150> 2026-07-19 16:32:43 +0000: Find the Application 'com.apple.Preferences' (0.192615s)
23:32:43.554 WebDriverAgentRunner-Runner[1375:148205] Creating future for 'checking for continuity enablement' with timeout 30.00
23:32:43.554 WebDriverAgentRunner-Runner[1375:148205] <XCTWaiter: 0x114401b60> entering wait loop for 30.00s with expectations: `checking for continuity enablement`
23:32:43.556 WebDriverAgentRunner-Runner[1375:148205] Returning result XCTWaiterResultCompleted for synchronous waiter <XCTWaiter: 0x114401b60>
23:32:43.556 WebDriverAgentRunner-Runner[1375:148205] Wait <XCTWaiterWait: 0x1144d1740> completed after 0.001s
23:32:43.556 WebDriverAgentRunner-Runner[1375:148205] cleaning up checking for continuity enablement
23:32:43.556 WebDriverAgentRunner-Runner[1375:148205] Creating future for 'fetching attributes 'XC_kAXXCAttributeFrame', 'XC_kAXXCAttributeWindowDisplayId', 'XC_kAXXCAttributeWindowContextId' for App element pid: 1307' with timeout 30.00
23:32:43.556 WebDriverAgentRunner-Runner[1375:148205] <XCTWaiter: 0x1144025b0> entering wait loop for 30.00s with expectations: `fetching attributes 'XC_kAXXCAttributeFrame', 'XC_kAXXCAttributeWindowDisplayId', 'XC_kAXXCAttributeWindowContextId' for App element pid: 1307`
23:32:43.557 WebDriverAgentRunner-Runner[1375:148205] Returning result XCTWaiterResultCompleted for synchronous waiter <XCTWaiter: 0x1144025b0>
23:32:43.557 WebDriverAgentRunner-Runner[1375:148205] Wait <XCTWaiterWait: 0x1144d15c0> completed after 0.001s
23:32:43.557 WebDriverAgentRunner-Runner[1375:148205] cleaning up fetching attributes 'XC_kAXXCAttributeFrame', 'XC_kAXXCAttributeWindowDisplayId', 'XC_kAXXCAttributeWindowContextId' for App element pid: 1307
23:32:43.557 WebDriverAgentRunner-Runner[1375:148205] App element pid: 1307 (App element pid: 1307) faulted in {
    "XC_kAXXCAttributeFrame" =     {
        Height = 1024;
        Width = 1366;
        X = 0;
        Y = 0;
    };
    "XC_kAXXCAttributeWindowContextId" = 1702149038;
    "XC_kAXXCAttributeWindowDisplayId" = 0;
}: (no error) for frame using XC_kAXXCAttributeFrame, XC_kAXXCAttributeWindowDisplayId, XC_kAXXCAttributeWindowContextId
23:32:43.557 WebDriverAgentRunner-Runner[1375:148205] Creating future for 'checking for continuity enablement' with timeout 30.00
23:32:43.557 WebDriverAgentRunner-Runner[1375:148205] <XCTWaiter: 0x1144002d0> entering wait loop for 30.00s with expectations: `checking for continuity enablement`
23:32:43.558 WebDriverAgentRunner-Runner[1375:148205] Returning result XCTWaiterResultCompleted for synchronous waiter <XCTWaiter: 0x1144002d0>
23:32:43.558 WebDriverAgentRunner-Runner[1375:148205] Wait <XCTWaiterWait: 0x1144d13c0> completed after 0.001s
23:32:43.558 WebDriverAgentRunner-Runner[1375:148205] cleaning up checking for continuity enablement
23:32:43.558 WebDriverAgentRunner-Runner[1375:148205] Creating future for 'fetching attributes 'XC_kAXXCAttributeElementType', 'XC_kAXXCAttributeElementBaseType', 'XC_kAXXCAttributeTraits', 'XC_kAXXCAttributeAutomationType' for App element pid: 1307' with timeout 30.00
23:32:43.558 WebDriverAgentRunner-Runner[1375:148205] <XCTWaiter: 0x114401fe0> entering wait loop for 30.00s with expectations: `fetching attributes 'XC_kAXXCAttributeElementType', 'XC_kAXXCAttributeElementBaseType', 'XC_kAXXCAttributeTraits', 'XC_kAXXCAttributeAutomationType' for App element pid: 1307`
23:32:43.559 WebDriverAgentRunner-Runner[1375:148205] Returning result XCTWaiterResultCompleted for synchronous waiter <XCTWaiter: 0x114401fe0>
23:32:43.559 WebDriverAgentRunner-Runner[1375:148205] Wait <XCTWaiterWait: 0x1144d2640> completed after 0.001s
23:32:43.559 WebDriverAgentRunner-Runner[1375:148205] cleaning up fetching attributes 'XC_kAXXCAttributeElementType', 'XC_kAXXCAttributeElementBaseType', 'XC_kAXXCAttributeTraits', 'XC_kAXXCAttributeAutomationType' for App element pid: 1307
23:32:43.559 WebDriverAgentRunner-Runner[1375:148205] App element pid: 1307 (App element pid: 1307) faulted in {
    "XC_kAXXCAttributeAutomationType" = 1;
    "XC_kAXXCAttributeElementBaseType" = UIApplication;
    "XC_kAXXCAttributeElementType" = "_TtC7SwiftUIP33_ACC2C5639A7D76F611E170E831FCA49118SwiftUIApplication";
    "XC_kAXXCAttributeTraits" = 0;
}: (no error) for elementType using XC_kAXXCAttributeElementType, XC_kAXXCAttributeElementBaseType, XC_kAXXCAttributeTraits, XC_kAXXCAttributeAutomationType
23:32:43.559 WebDriverAgentRunner-Runner[1375:148205] Computed elementType Application.
23:32:43.559 WebDriverAgentRunner-Runner[1375:148205] <XCTContext: 0x105d9cd20> started activity <XCActivityRecord: 0x108d481c0> 2026-07-19 16:32:43 +0000: Find the Application 'com.apple.Preferences'
    t =    98.88s         Find the Application 'com.apple.Preferences'
23:32:43.560 WebDriverAgentRunner-Runner[1375:148205] Executing query:

23:32:43.560 WebDriverAgentRunner-Runner[1375:148205] Creating future for 'checking for continuity enablement' with timeout 30.00
23:32:43.560 WebDriverAgentRunner-Runner[1375:148205] <XCTWaiter: 0x1144024c0> entering wait loop for 30.00s with expectations: `checking for continuity enablement`
23:32:43.561 WebDriverAgentRunner-Runner[1375:148205] Returning result XCTWaiterResultCompleted for synchronous waiter <XCTWaiter: 0x1144024c0>
23:32:43.561 WebDriverAgentRunner-Runner[1375:148205] Wait <XCTWaiterWait: 0x1144d2440> completed after 0.001s
23:32:43.561 WebDriverAgentRunner-Runner[1375:148205] cleaning up checking for continuity enablement
23:32:43.561 WebDriverAgentRunner-Runner[1375:148205] Should evaluate query remotely? XCTDisableRemoteQueryEvaluation(d-write): YES, hasAutomationSession: YES, supportsRemoteEvaluation: YES
23:32:43.561 WebDriverAgentRunner-Runner[1375:148205] Getting matching snapshots for locally evaluated query
23:32:43.561 WebDriverAgentRunner-Runner[1375:148205] Evaluating query:
 
23:32:43.561 WebDriverAgentRunner-Runner[1375:148205] Getting root element snapshot
23:32:43.561 WebDriverAgentRunner-Runner[1375:148205] Getting snapshot for App element pid: 1307 for query 
23:32:43.561 WebDriverAgentRunner-Runner[1375:148205] <XCTContext: 0x105d9cd20> started activity <XCActivityRecord: 0x108d4aa70> 2026-07-19 16:32:43 +0000: Requesting snapshot of accessibility hierarchy for app with pid 1307
23:32:43.562 WebDriverAgentRunner-Runner[1375:148205] Query requires iOS snapshot attributes .
23:32:43.562 WebDriverAgentRunner-Runner[1375:148205] XCUIElementQuery <XCTElementSnapshotProvider> getting snapshot
23:32:43.562 WebDriverAgentRunner-Runner[1375:148205] Snapshot request has custom attributes 
23:32:43.562 WebDriverAgentRunner-Runner[1375:148205] Snapshot request has custom parameters {
    snapshotKeyHonorModalViews = 0;
}
23:32:43.562 WebDriverAgentRunner-Runner[1375:148205] Current snapshot generation is 2144
23:32:43.562 WebDriverAgentRunner-Runner[1375:148205] Query rootElementSnapshot is non-null with generation count 2139
23:32:43.562 WebDriverAgentRunner-Runner[1375:148205] Capturing a new snapshot
23:32:43.562 WebDriverAgentRunner-Runner[1375:148205] Fetching snapshot for App element pid: 1307 from testmanagerd with attributes XC_kAXXCAttributeElementType, XC_kAXXCAttributeElementBaseType, XC_kAXXCAttributeParent, XC_kAXXCAttributeIdentifier, XC_kAXXCAttributeAutomationType, XC_kAXXCAttributeTraits and parameters {
    maxArrayCount = 2147483647;
    maxChildren = 2147483647;
    maxDepth = 50;
    snapshotKeyHonorModalViews = 0;
    traverseFromParentsToChildren = 1;
}.
23:32:43.562 WebDriverAgentRunner-Runner[1375:148205] Creating future for 'fetching snapshot from testmanagerd.' with timeout 65.00
23:32:43.562 WebDriverAgentRunner-Runner[1375:148205] <XCTWaiter: 0x114401cb0> entering wait loop for 65.00s with expectations: `fetching snapshot from testmanagerd.`
    t =    98.89s             Requesting snapshot of accessibility hierarchy for app with pid 1307
23:32:43.725 WebDriverAgentRunner-Runner[1375:149938] Got snapshot response with runtime issue support from testmanagerd.
23:32:43.725 WebDriverAgentRunner-Runner[1375:148205] Returning result XCTWaiterResultCompleted for synchronous waiter <XCTWaiter: 0x114401cb0>
23:32:43.726 WebDriverAgentRunner-Runner[1375:148205] Wait <XCTWaiterWait: 0x1144d0ac0> completed after 0.163s
23:32:43.726 WebDriverAgentRunner-Runner[1375:148205] cleaning up fetching snapshot from testmanagerd.
23:32:43.726 WebDriverAgentRunner-Runner[1375:148205] <XCTContext: 0x105d9cd20> finished activity <XCActivityRecord: 0x108d4aa70> 2026-07-19 16:32:43 +0000: Requesting snapshot of accessibility hierarchy for app with pid 1307 (0.164514s)
23:32:43.726 WebDriverAgentRunner-Runner[1375:148205] Found matches {(
    App element pid: 1307
)} with root App element pid: 1307
23:32:43.727 WebDriverAgentRunner-Runner[1375:148205] <XCTContext: 0x105d9cd20> finished activity <XCActivityRecord: 0x108d481c0> 2026-07-19 16:32:43 +0000: Find the Application 'com.apple.Preferences' (0.167085s)
23:32:43.727 WebDriverAgentRunner-Runner[1375:148205] Creating future for 'checking for continuity enablement' with timeout 30.00
23:32:43.727 WebDriverAgentRunner-Runner[1375:148205] <XCTWaiter: 0x114490390> entering wait loop for 30.00s with expectations: `checking for continuity enablement`
23:32:43.728 WebDriverAgentRunner-Runner[1375:148205] Returning result XCTWaiterResultCompleted for synchronous waiter <XCTWaiter: 0x114490390>
23:32:43.728 WebDriverAgentRunner-Runner[1375:148205] Wait <XCTWaiterWait: 0x114516e00> completed after 0.001s
23:32:43.728 WebDriverAgentRunner-Runner[1375:148205] cleaning up checking for continuity enablement
23:32:43.729 WebDriverAgentRunner-Runner[1375:148205] Creating future for 'fetching attributes 'XC_kAXXCAttributeFrame', 'XC_kAXXCAttributeWindowDisplayId', 'XC_kAXXCAttributeWindowContextId' for App element pid: 1307' with timeout 30.00
23:32:43.729 WebDriverAgentRunner-Runner[1375:148205] <XCTWaiter: 0x114491ce0> entering wait loop for 30.00s with expectations: `fetching attributes 'XC_kAXXCAttributeFrame', 'XC_kAXXCAttributeWindowDisplayId', 'XC_kAXXCAttributeWindowContextId' for App element pid: 1307`
23:32:43.729 WebDriverAgentRunner-Runner[1375:148205] Returning result XCTWaiterResultCompleted for synchronous waiter <XCTWaiter: 0x114491ce0>
23:32:43.729 WebDriverAgentRunner-Runner[1375:148205] Wait <XCTWaiterWait: 0x114516d00> completed after 0.001s
23:32:43.729 WebDriverAgentRunner-Runner[1375:148205] cleaning up fetching attributes 'XC_kAXXCAttributeFrame', 'XC_kAXXCAttributeWindowDisplayId', 'XC_kAXXCAttributeWindowContextId' for App element pid: 1307
23:32:43.730 WebDriverAgentRunner-Runner[1375:148205] App element pid: 1307 (App element pid: 1307) faulted in {
    "XC_kAXXCAttributeFrame" =     {
        Height = 1024;
        Width = 1366;
        X = 0;
        Y = 0;
    };
    "XC_kAXXCAttributeWindowContextId" = 1702149038;
    "XC_kAXXCAttributeWindowDisplayId" = 0;
}: (no error) for frame using XC_kAXXCAttributeFrame, XC_kAXXCAttributeWindowDisplayId, XC_kAXXCAttributeWindowContextId
23:32:43.730 WebDriverAgentRunner-Runner[1375:148205] Creating future for 'checking for continuity enablement' with timeout 30.00
23:32:43.730 WebDriverAgentRunner-Runner[1375:148205] <XCTWaiter: 0x114492070> entering wait loop for 30.00s with expectations: `checking for continuity enablement`
23:32:43.730 WebDriverAgentRunner-Runner[1375:148205] Returning result XCTWaiterResultCompleted for synchronous waiter <XCTWaiter: 0x114492070>
23:32:43.731 WebDriverAgentRunner-Runner[1375:148205] Wait <XCTWaiterWait: 0x114516c00> completed after 0.001s
23:32:43.731 WebDriverAgentRunner-Runner[1375:148205] cleaning up checking for continuity enablement
23:32:43.731 WebDriverAgentRunner-Runner[1375:148205] Creating future for 'fetching attributes 'XC_kAXXCAttributeElementType', 'XC_kAXXCAttributeElementBaseType', 'XC_kAXXCAttributeTraits', 'XC_kAXXCAttributeAutomationType' for App element pid: 1307' with timeout 30.00
23:32:43.731 WebDriverAgentRunner-Runner[1375:148205] <XCTWaiter: 0x114491dd0> entering wait loop for 30.00s with expectations: `fetching attributes 'XC_kAXXCAttributeElementType', 'XC_kAXXCAttributeElementBaseType', 'XC_kAXXCAttributeTraits', 'XC_kAXXCAttributeAutomationType' for App element pid: 1307`
23:32:43.731 WebDriverAgentRunner-Runner[1375:148205] Returning result XCTWaiterResultCompleted for synchronous waiter <XCTWaiter: 0x114491dd0>
23:32:43.732 WebDriverAgentRunner-Runner[1375:148205] Wait <XCTWaiterWait: 0x114515680> completed after 0.001s
23:32:43.732 WebDriverAgentRunner-Runner[1375:148205] cleaning up fetching attributes 'XC_kAXXCAttributeElementType', 'XC_kAXXCAttributeElementBaseType', 'XC_kAXXCAttributeTraits', 'XC_kAXXCAttributeAutomationType' for App element pid: 1307
23:32:43.732 WebDriverAgentRunner-Runner[1375:148205] App element pid: 1307 (App element pid: 1307) faulted in {
    "XC_kAXXCAttributeAutomationType" = 1;
    "XC_kAXXCAttributeElementBaseType" = UIApplication;
    "XC_kAXXCAttributeElementType" = "_TtC7SwiftUIP33_ACC2C5639A7D76F611E170E831FCA49118SwiftUIApplication";
    "XC_kAXXCAttributeTraits" = 0;
}: (no error) for elementType using XC_kAXXCAttributeElementType, XC_kAXXCAttributeElementBaseType, XC_kAXXCAttributeTraits, XC_kAXXCAttributeAutomationType
23:32:43.732 WebDriverAgentRunner-Runner[1375:148205] Computed elementType Application.
23:32:43.732 WebDriverAgentRunner-Runner[1375:148205] Creating future for 'getting interface orientation' with timeout 65.00
23:32:43.732 WebDriverAgentRunner-Runner[1375:148205] <XCTWaiter: 0x114491f20> entering wait loop for 65.00s with expectations: `getting interface orientation`
23:32:43.733 WebDriverAgentRunner-Runner[1375:148205] Returning result XCTWaiterResultCompleted for synchronous waiter <XCTWaiter: 0x114491f20>
23:32:43.733 WebDriverAgentRunner-Runner[1375:148205] Wait <XCTWaiterWait: 0x114516a00> completed after 0.001s
23:32:43.733 WebDriverAgentRunner-Runner[1375:148205] cleaning up getting interface orientation
23:32:43.733 WebDriverAgentRunner-Runner[1375:148205] Creating future for 'checking for continuity enablement' with timeout 30.00
23:32:43.733 WebDriverAgentRunner-Runner[1375:148205] <XCTWaiter: 0x114492cd0> entering wait loop for 30.00s with expectations: `checking for continuity enablement`
23:32:43.734 WebDriverAgentRunner-Runner[1375:148205] Returning result XCTWaiterResultCompleted for synchronous waiter <XCTWaiter: 0x114492cd0>
23:32:43.734 WebDriverAgentRunner-Runner[1375:148205] Wait <XCTWaiterWait: 0x114515480> completed after 0.001s
23:32:43.734 WebDriverAgentRunner-Runner[1375:148205] cleaning up checking for continuity enablement
23:32:43.734 WebDriverAgentRunner-Runner[1375:148205] Creating future for 'fetching attributes 'XC_kAXXCAttributeWindowDisplayId' for App element pid: 1307' with timeout 30.00
23:32:43.735 WebDriverAgentRunner-Runner[1375:148205] <XCTWaiter: 0x114493360> entering wait loop for 30.00s with expectations: `fetching attributes 'XC_kAXXCAttributeWindowDisplayId' for App element pid: 1307`
23:32:43.735 WebDriverAgentRunner-Runner[1375:148205] Returning result XCTWaiterResultCompleted for synchronous waiter <XCTWaiter: 0x114493360>
23:32:43.735 WebDriverAgentRunner-Runner[1375:148205] Wait <XCTWaiterWait: 0x114516880> completed after 0.000s
23:32:43.735 WebDriverAgentRunner-Runner[1375:148205] cleaning up fetching attributes 'XC_kAXXCAttributeWindowDisplayId' for App element pid: 1307
23:32:43.735 WebDriverAgentRunner-Runner[1375:148205] Application, pid: 1307 (App element pid: 1307) faulted in {
    "XC_kAXXCAttributeWindowDisplayId" = 0;
}: (no error) for displayID using XC_kAXXCAttributeWindowDisplayId
23:32:43.735 WebDriverAgentRunner-Runner[1375:148205] Fetched display ID for Application, pid: 1307 was 0, checked nearest remote ancestor (null), got (null)
23:32:43.736 WebDriverAgentRunner-Runner[1375:148205] Creating future for 'getting screen identifiers' with timeout 30.00
23:32:43.736 WebDriverAgentRunner-Runner[1375:148205] <XCTWaiter: 0x1144939c0> entering wait loop for 30.00s with expectations: `getting screen identifiers`
23:32:43.736 WebDriverAgentRunner-Runner[1375:148205] Returning result XCTWaiterResultCompleted for synchronous waiter <XCTWaiter: 0x1144939c0>
23:32:43.736 WebDriverAgentRunner-Runner[1375:148205] Wait <XCTWaiterWait: 0x114516700> completed after 0.000s
23:32:43.736 WebDriverAgentRunner-Runner[1375:148205] cleaning up getting screen identifiers
23:32:43.736 WebDriverAgentRunner-Runner[1375:148205] Creating future for 'getting screen bounds' with timeout 30.00
23:32:43.736 WebDriverAgentRunner-Runner[1375:148205] <XCTWaiter: 0x114493de0> entering wait loop for 30.00s with expectations: `getting screen bounds`
23:32:43.736 WebDriverAgentRunner-Runner[1375:148205] Returning result XCTWaiterResultCompleted for synchronous waiter <XCTWaiter: 0x114493de0>
23:32:43.736 WebDriverAgentRunner-Runner[1375:148205] Wait <XCTWaiterWait: 0x114516600> completed after 0.000s
23:32:43.736 WebDriverAgentRunner-Runner[1375:148205] cleaning up getting screen bounds
23:32:43.736 WebDriverAgentRunner-Runner[1375:148205] Creating future for 'getting screen scale' with timeout 30.00
23:32:43.737 WebDriverAgentRunner-Runner[1375:148205] <XCTWaiter: 0x114492b50> entering wait loop for 30.00s with expectations: `getting screen scale`
23:32:43.737 WebDriverAgentRunner-Runner[1375:148205] Returning result XCTWaiterResultCompleted for synchronous waiter <XCTWaiter: 0x114492b50>
23:32:43.737 WebDriverAgentRunner-Runner[1375:148205] Wait <XCTWaiterWait: 0x114516600> completed after 0.000s
23:32:43.737 WebDriverAgentRunner-Runner[1375:148205] cleaning up getting screen scale
23:32:43.737 WebDriverAgentRunner-Runner[1375:148205] <XCTContext: 0x105d9cd20> started activity <XCActivityRecord: 0x108d4b170> 2026-07-19 16:32:43 +0000: Find the Application 'com.apple.Preferences'
23:32:43.737 WebDriverAgentRunner-Runner[1375:148205] Executing query:

23:32:43.737 WebDriverAgentRunner-Runner[1375:148205] Creating future for 'checking for continuity enablement' with timeout 30.00
    t =    99.06s         Find the Application 'com.apple.Preferences'
23:32:43.738 WebDriverAgentRunner-Runner[1375:148205] <XCTWaiter: 0x114400a50> entering wait loop for 30.00s with expectations: `checking for continuity enablement`
23:32:43.739 WebDriverAgentRunner-Runner[1375:148205] Returning result XCTWaiterResultCompleted for synchronous waiter <XCTWaiter: 0x114400a50>
23:32:43.739 WebDriverAgentRunner-Runner[1375:148205] Wait <XCTWaiterWait: 0x114517900> completed after 0.001s
23:32:43.739 WebDriverAgentRunner-Runner[1375:148205] cleaning up checking for continuity enablement
23:32:43.739 WebDriverAgentRunner-Runner[1375:148205] Should evaluate query remotely? XCTDisableRemoteQueryEvaluation(d-write): YES, hasAutomationSession: YES, supportsRemoteEvaluation: YES
23:32:43.739 WebDriverAgentRunner-Runner[1375:148205] Getting matching snapshots for locally evaluated query
23:32:43.739 WebDriverAgentRunner-Runner[1375:148205] Evaluating query:
 
23:32:43.739 WebDriverAgentRunner-Runner[1375:148205] Getting root element snapshot
23:32:43.739 WebDriverAgentRunner-Runner[1375:148205] Getting snapshot for App element pid: 1307 for query 
23:32:43.739 WebDriverAgentRunner-Runner[1375:148205] <XCTContext: 0x105d9cd20> started activity <XCActivityRecord: 0x108d4ab50> 2026-07-19 16:32:43 +0000: Requesting snapshot of accessibility hierarchy for app with pid 1307
23:32:43.740 WebDriverAgentRunner-Runner[1375:148205] Query requires iOS snapshot attributes .
23:32:43.740 WebDriverAgentRunner-Runner[1375:148205] XCUIElementQuery <XCTElementSnapshotProvider> getting snapshot
23:32:43.740 WebDriverAgentRunner-Runner[1375:148205] Snapshot request has custom attributes 
23:32:43.740 WebDriverAgentRunner-Runner[1375:148205] Snapshot request has custom parameters {
    snapshotKeyHonorModalViews = 0;
}
23:32:43.740 WebDriverAgentRunner-Runner[1375:148205] Current snapshot generation is 2154
23:32:43.740 WebDriverAgentRunner-Runner[1375:148205] Query rootElementSnapshot is non-null with generation count 2146
23:32:43.740 WebDriverAgentRunner-Runner[1375:148205] Capturing a new snapshot
23:32:43.740 WebDriverAgentRunner-Runner[1375:148205] Fetching snapshot for App element pid: 1307 from testmanagerd with attributes XC_kAXXCAttributeElementType, XC_kAXXCAttributeElementBaseType, XC_kAXXCAttributeParent, XC_kAXXCAttributeIdentifier, XC_kAXXCAttributeAutomationType, XC_kAXXCAttributeTraits and parameters {
    maxArrayCount = 2147483647;
    maxChildren = 2147483647;
    maxDepth = 50;
    snapshotKeyHonorModalViews = 0;
    traverseFromParentsToChildren = 1;
}.
23:32:43.740 WebDriverAgentRunner-Runner[1375:148205] Creating future for 'fetching snapshot from testmanagerd.' with timeout 65.00
23:32:43.741 WebDriverAgentRunner-Runner[1375:148205] <XCTWaiter: 0x1144023a0> entering wait loop for 65.00s with expectations: `fetching snapshot from testmanagerd.`
    t =    99.06s             Requesting snapshot of accessibility hierarchy for app with pid 1307
23:32:43.898 WebDriverAgentRunner-Runner[1375:149647] Got snapshot response with runtime issue support from testmanagerd.
23:32:43.899 WebDriverAgentRunner-Runner[1375:148205] Returning result XCTWaiterResultCompleted for synchronous waiter <XCTWaiter: 0x1144023a0>
23:32:43.899 WebDriverAgentRunner-Runner[1375:148205] Wait <XCTWaiterWait: 0x114514c80> completed after 0.158s
23:32:43.899 WebDriverAgentRunner-Runner[1375:148205] cleaning up fetching snapshot from testmanagerd.
23:32:43.899 WebDriverAgentRunner-Runner[1375:148205] <XCTContext: 0x105d9cd20> finished activity <XCActivityRecord: 0x108d4ab50> 2026-07-19 16:32:43 +0000: Requesting snapshot of accessibility hierarchy for app with pid 1307 (0.159764s)
23:32:43.899 WebDriverAgentRunner-Runner[1375:148205] Found matches {(
    App element pid: 1307
)} with root App element pid: 1307
23:32:43.900 WebDriverAgentRunner-Runner[1375:148205] <XCTContext: 0x105d9cd20> finished activity <XCActivityRecord: 0x108d4b170> 2026-07-19 16:32:43 +0000: Find the Application 'com.apple.Preferences' (0.162823s)
23:32:43.900 WebDriverAgentRunner-Runner[1375:148205] Creating future for 'checking for continuity enablement' with timeout 30.00
23:32:43.900 WebDriverAgentRunner-Runner[1375:148205] <XCTWaiter: 0x114402280> entering wait loop for 30.00s with expectations: `checking for continuity enablement`
23:32:43.901 WebDriverAgentRunner-Runner[1375:148205] Returning result XCTWaiterResultCompleted for synchronous waiter <XCTWaiter: 0x114402280>
23:32:43.901 WebDriverAgentRunner-Runner[1375:148205] Wait <XCTWaiterWait: 0x114520b00> completed after 0.001s
23:32:43.901 WebDriverAgentRunner-Runner[1375:148205] cleaning up checking for continuity enablement
23:32:43.901 WebDriverAgentRunner-Runner[1375:148205] Creating future for 'fetching attributes 'XC_kAXXCAttributeFrame', 'XC_kAXXCAttributeWindowDisplayId', 'XC_kAXXCAttributeWindowContextId' for App element pid: 1307' with timeout 30.00
23:32:43.901 WebDriverAgentRunner-Runner[1375:148205] <XCTWaiter: 0x1144019b0> entering wait loop for 30.00s with expectations: `fetching attributes 'XC_kAXXCAttributeFrame', 'XC_kAXXCAttributeWindowDisplayId', 'XC_kAXXCAttributeWindowContextId' for App element pid: 1307`
23:32:43.902 WebDriverAgentRunner-Runner[1375:148205] Returning result XCTWaiterResultCompleted for synchronous waiter <XCTWaiter: 0x1144019b0>
23:32:43.902 WebDriverAgentRunner-Runner[1375:148205] Wait <XCTWaiterWait: 0x114520880> completed after 0.001s
23:32:43.902 WebDriverAgentRunner-Runner[1375:148205] cleaning up fetching attributes 'XC_kAXXCAttributeFrame', 'XC_kAXXCAttributeWindowDisplayId', 'XC_kAXXCAttributeWindowContextId' for App element pid: 1307
23:32:43.902 WebDriverAgentRunner-Runner[1375:148205] App element pid: 1307 (App element pid: 1307) faulted in {
    "XC_kAXXCAttributeFrame" =     {
        Height = 1024;
        Width = 1366;
        X = 0;
        Y = 0;
    };
    "XC_kAXXCAttributeWindowContextId" = 1702149038;
    "XC_kAXXCAttributeWindowDisplayId" = 0;
}: (no error) for frame using XC_kAXXCAttributeFrame, XC_kAXXCAttributeWindowDisplayId, XC_kAXXCAttributeWindowContextId
23:32:43.902 WebDriverAgentRunner-Runner[1375:148205] Creating future for 'checking for continuity enablement' with timeout 30.00
23:32:43.903 WebDriverAgentRunner-Runner[1375:148205] <XCTWaiter: 0x114401260> entering wait loop for 30.00s with expectations: `checking for continuity enablement`
23:32:43.903 WebDriverAgentRunner-Runner[1375:148205] Returning result XCTWaiterResultCompleted for synchronous waiter <XCTWaiter: 0x114401260>
23:32:43.903 WebDriverAgentRunner-Runner[1375:148205] Wait <XCTWaiterWait: 0x114520580> completed after 0.001s
23:32:43.903 WebDriverAgentRunner-Runner[1375:148205] cleaning up checking for continuity enablement
23:32:43.904 WebDriverAgentRunner-Runner[1375:148205] Creating future for 'fetching attributes 'XC_kAXXCAttributeElementType', 'XC_kAXXCAttributeElementBaseType', 'XC_kAXXCAttributeTraits', 'XC_kAXXCAttributeAutomationType' for App element pid: 1307' with timeout 30.00
23:32:43.904 WebDriverAgentRunner-Runner[1375:148205] <XCTWaiter: 0x114401200> entering wait loop for 30.00s with expectations: `fetching attributes 'XC_kAXXCAttributeElementType', 'XC_kAXXCAttributeElementBaseType', 'XC_kAXXCAttributeTraits', 'XC_kAXXCAttributeAutomationType' for App element pid: 1307`
23:32:43.904 WebDriverAgentRunner-Runner[1375:148205] Returning result XCTWaiterResultCompleted for synchronous waiter <XCTWaiter: 0x114401200>
23:32:43.904 WebDriverAgentRunner-Runner[1375:148205] Wait <XCTWaiterWait: 0x114520280> completed after 0.001s
23:32:43.904 WebDriverAgentRunner-Runner[1375:148205] cleaning up fetching attributes 'XC_kAXXCAttributeElementType', 'XC_kAXXCAttributeElementBaseType', 'XC_kAXXCAttributeTraits', 'XC_kAXXCAttributeAutomationType' for App element pid: 1307
23:32:43.905 WebDriverAgentRunner-Runner[1375:148205] App element pid: 1307 (App element pid: 1307) faulted in {
    "XC_kAXXCAttributeAutomationType" = 1;
    "XC_kAXXCAttributeElementBaseType" = UIApplication;
    "XC_kAXXCAttributeElementType" = "_TtC7SwiftUIP33_ACC2C5639A7D76F611E170E831FCA49118SwiftUIApplication";
    "XC_kAXXCAttributeTraits" = 0;
}: (no error) for elementType using XC_kAXXCAttributeElementType, XC_kAXXCAttributeElementBaseType, XC_kAXXCAttributeTraits, XC_kAXXCAttributeAutomationType
23:32:43.905 WebDriverAgentRunner-Runner[1375:148205] Computed elementType Application.
23:32:43.905 WebDriverAgentRunner-Runner[1375:148205] <XCTContext: 0x105d9cd20> started activity <XCActivityRecord: 0x108d4ac30> 2026-07-19 16:32:43 +0000: Find the Application 'com.apple.Preferences'
23:32:43.905 WebDriverAgentRunner-Runner[1375:148205] Executing query:

23:32:43.905 WebDriverAgentRunner-Runner[1375:148205] Creating future for 'checking for continuity enablement' with timeout 30.00
    t =    99.23s         Find the Application 'com.apple.Preferences'
23:32:43.905 WebDriverAgentRunner-Runner[1375:148205] <XCTWaiter: 0x114402d90> entering wait loop for 30.00s with expectations: `checking for continuity enablement`
23:32:43.906 WebDriverAgentRunner-Runner[1375:148205] Returning result XCTWaiterResultCompleted for synchronous waiter <XCTWaiter: 0x114402d90>
23:32:43.906 WebDriverAgentRunner-Runner[1375:148205] Wait <XCTWaiterWait: 0x114520c80> completed after 0.001s
23:32:43.906 WebDriverAgentRunner-Runner[1375:148205] cleaning up checking for continuity enablement
23:32:43.906 WebDriverAgentRunner-Runner[1375:148205] Should evaluate query remotely? XCTDisableRemoteQueryEvaluation(d-write): YES, hasAutomationSession: YES, supportsRemoteEvaluation: YES
23:32:43.907 WebDriverAgentRunner-Runner[1375:148205] Getting matching snapshots for locally evaluated query
23:32:43.907 WebDriverAgentRunner-Runner[1375:148205] Evaluating query:
 
23:32:43.907 WebDriverAgentRunner-Runner[1375:148205] Getting root element snapshot
23:32:43.907 WebDriverAgentRunner-Runner[1375:148205] Getting snapshot for App element pid: 1307 for query 
23:32:43.907 WebDriverAgentRunner-Runner[1375:148205] <XCTContext: 0x105d9cd20> started activity <XCActivityRecord: 0x108d4b1e0> 2026-07-19 16:32:43 +0000: Requesting snapshot of accessibility hierarchy for app with pid 1307
23:32:43.907 WebDriverAgentRunner-Runner[1375:148205] Query requires iOS snapshot attributes .
23:32:43.907 WebDriverAgentRunner-Runner[1375:148205] XCUIElementQuery <XCTElementSnapshotProvider> getting snapshot
23:32:43.907 WebDriverAgentRunner-Runner[1375:148205] Snapshot request has custom attributes 
23:32:43.907 WebDriverAgentRunner-Runner[1375:148205] Snapshot request has custom parameters {
    snapshotKeyHonorModalViews = 0;
}
23:32:43.907 WebDriverAgentRunner-Runner[1375:148205] Current snapshot generation is 2161
23:32:43.908 WebDriverAgentRunner-Runner[1375:148205] Query rootElementSnapshot is non-null with generation count 2156
23:32:43.908 WebDriverAgentRunner-Runner[1375:148205] Capturing a new snapshot
23:32:43.908 WebDriverAgentRunner-Runner[1375:148205] Fetching snapshot for App element pid: 1307 from testmanagerd with attributes XC_kAXXCAttributeElementType, XC_kAXXCAttributeElementBaseType, XC_kAXXCAttributeParent, XC_kAXXCAttributeIdentifier, XC_kAXXCAttributeAutomationType, XC_kAXXCAttributeTraits and parameters {
    maxArrayCount = 2147483647;
    maxChildren = 2147483647;
    maxDepth = 50;
    snapshotKeyHonorModalViews = 0;
    traverseFromParentsToChildren = 1;
}.
23:32:43.908 WebDriverAgentRunner-Runner[1375:148205] Creating future for 'fetching snapshot from testmanagerd.' with timeout 65.00
23:32:43.908 WebDriverAgentRunner-Runner[1375:148205] <XCTWaiter: 0x114401350> entering wait loop for 65.00s with expectations: `fetching snapshot from testmanagerd.`
    t =    99.23s             Requesting snapshot of accessibility hierarchy for app with pid 1307
23:32:44.058 WebDriverAgentRunner-Runner[1375:149647] Got snapshot response with runtime issue support from testmanagerd.
23:32:44.059 WebDriverAgentRunner-Runner[1375:148205] Returning result XCTWaiterResultCompleted for synchronous waiter <XCTWaiter: 0x114401350>
23:32:44.059 WebDriverAgentRunner-Runner[1375:148205] Wait <XCTWaiterWait: 0x114521100> completed after 0.151s
23:32:44.059 WebDriverAgentRunner-Runner[1375:148205] cleaning up fetching snapshot from testmanagerd.
23:32:44.059 WebDriverAgentRunner-Runner[1375:148205] <XCTContext: 0x105d9cd20> finished activity <XCActivityRecord: 0x108d4b1e0> 2026-07-19 16:32:43 +0000: Requesting snapshot of accessibility hierarchy for app with pid 1307 (0.152358s)
23:32:44.060 WebDriverAgentRunner-Runner[1375:148205] Found matches {(
    App element pid: 1307
)} with root App element pid: 1307
23:32:44.060 WebDriverAgentRunner-Runner[1375:148205] <XCTContext: 0x105d9cd20> finished activity <XCActivityRecord: 0x108d4ac30> 2026-07-19 16:32:43 +0000: Find the Application 'com.apple.Preferences' (0.155119s)
23:32:44.060 WebDriverAgentRunner-Runner[1375:148205] Creating future for 'checking for continuity enablement' with timeout 30.00
23:32:44.060 WebDriverAgentRunner-Runner[1375:148205] <XCTWaiter: 0x114492010> entering wait loop for 30.00s with expectations: `checking for continuity enablement`
23:32:44.062 WebDriverAgentRunner-Runner[1375:148205] Returning result XCTWaiterResultCompleted for synchronous waiter <XCTWaiter: 0x114492010>
23:32:44.062 WebDriverAgentRunner-Runner[1375:148205] Wait <XCTWaiterWait: 0x1144d32c0> completed after 0.001s
23:32:44.062 WebDriverAgentRunner-Runner[1375:148205] cleaning up checking for continuity enablement
23:32:44.062 WebDriverAgentRunner-Runner[1375:148205] Creating future for 'fetching attributes 'XC_kAXXCAttributeFrame', 'XC_kAXXCAttributeWindowDisplayId', 'XC_kAXXCAttributeWindowContextId' for App element pid: 1307' with timeout 30.00
23:32:44.062 WebDriverAgentRunner-Runner[1375:148205] <XCTWaiter: 0x114401620> entering wait loop for 30.00s with expectations: `fetching attributes 'XC_kAXXCAttributeFrame', 'XC_kAXXCAttributeWindowDisplayId', 'XC_kAXXCAttributeWindowContextId' for App element pid: 1307`
23:32:44.063 WebDriverAgentRunner-Runner[1375:148205] Returning result XCTWaiterResultCompleted for synchronous waiter <XCTWaiter: 0x114401620>
23:32:44.063 WebDriverAgentRunner-Runner[1375:148205] Wait <XCTWaiterWait: 0x1144d0740> completed after 0.001s
23:32:44.063 WebDriverAgentRunner-Runner[1375:148205] cleaning up fetching attributes 'XC_kAXXCAttributeFrame', 'XC_kAXXCAttributeWindowDisplayId', 'XC_kAXXCAttributeWindowContextId' for App element pid: 1307
23:32:44.063 WebDriverAgentRunner-Runner[1375:148205] App element pid: 1307 (App element pid: 1307) faulted in {
    "XC_kAXXCAttributeFrame" =     {
        Height = 1024;
        Width = 1366;
        X = 0;
        Y = 0;
    };
    "XC_kAXXCAttributeWindowContextId" = 1702149038;
    "XC_kAXXCAttributeWindowDisplayId" = 0;
}: (no error) for frame using XC_kAXXCAttributeFrame, XC_kAXXCAttributeWindowDisplayId, XC_kAXXCAttributeWindowContextId
23:32:44.063 WebDriverAgentRunner-Runner[1375:148205] Creating future for 'checking for continuity enablement' with timeout 30.00
23:32:44.063 WebDriverAgentRunner-Runner[1375:148205] <XCTWaiter: 0x114401cb0> entering wait loop for 30.00s with expectations: `checking for continuity enablement`
23:32:44.064 WebDriverAgentRunner-Runner[1375:148205] Returning result XCTWaiterResultCompleted for synchronous waiter <XCTWaiter: 0x114401cb0>
23:32:44.065 WebDriverAgentRunner-Runner[1375:148205] Wait <XCTWaiterWait: 0x1144d3740> completed after 0.001s
23:32:44.065 WebDriverAgentRunner-Runner[1375:148205] cleaning up checking for continuity enablement
23:32:44.065 WebDriverAgentRunner-Runner[1375:148205] Creating future for 'fetching attributes 'XC_kAXXCAttributeElementType', 'XC_kAXXCAttributeElementBaseType', 'XC_kAXXCAttributeTraits', 'XC_kAXXCAttributeAutomationType' for App element pid: 1307' with timeout 30.00
23:32:44.065 WebDriverAgentRunner-Runner[1375:148205] <XCTWaiter: 0x114403600> entering wait loop for 30.00s with expectations: `fetching attributes 'XC_kAXXCAttributeElementType', 'XC_kAXXCAttributeElementBaseType', 'XC_kAXXCAttributeTraits', 'XC_kAXXCAttributeAutomationType' for App element pid: 1307`
23:32:44.065 WebDriverAgentRunner-Runner[1375:148205] Returning result XCTWaiterResultCompleted for synchronous waiter <XCTWaiter: 0x114403600>
23:32:44.065 WebDriverAgentRunner-Runner[1375:148205] Wait <XCTWaiterWait: 0x1144d3ac0> completed after 0.001s
23:32:44.066 WebDriverAgentRunner-Runner[1375:148205] cleaning up fetching attributes 'XC_kAXXCAttributeElementType', 'XC_kAXXCAttributeElementBaseType', 'XC_kAXXCAttributeTraits', 'XC_kAXXCAttributeAutomationType' for App element pid: 1307
23:32:44.066 WebDriverAgentRunner-Runner[1375:148205] App element pid: 1307 (App element pid: 1307) faulted in {
    "XC_kAXXCAttributeAutomationType" = 1;
    "XC_kAXXCAttributeElementBaseType" = UIApplication;
    "XC_kAXXCAttributeElementType" = "_TtC7SwiftUIP33_ACC2C5639A7D76F611E170E831FCA49118SwiftUIApplication";
    "XC_kAXXCAttributeTraits" = 0;
}: (no error) for elementType using XC_kAXXCAttributeElementType, XC_kAXXCAttributeElementBaseType, XC_kAXXCAttributeTraits, XC_kAXXCAttributeAutomationType
23:32:44.066 WebDriverAgentRunner-Runner[1375:148205] Computed elementType Application.
23:32:44.066 WebDriverAgentRunner-Runner[1375:148205] Creating future for 'getting interface orientation' with timeout 65.00
23:32:44.066 WebDriverAgentRunner-Runner[1375:148205] <XCTWaiter: 0x114401320> entering wait loop for 65.00s with expectations: `getting interface orientation`
23:32:44.067 WebDriverAgentRunner-Runner[1375:148205] Returning result XCTWaiterResultCompleted for synchronous waiter <XCTWaiter: 0x114401320>
23:32:44.067 WebDriverAgentRunner-Runner[1375:148205] Wait <XCTWaiterWait: 0x1144d3dc0> completed after 0.001s
23:32:44.067 WebDriverAgentRunner-Runner[1375:148205] cleaning up getting interface orientation
23:32:44.067 WebDriverAgentRunner-Runner[1375:148205] Creating future for 'checking for continuity enablement' with timeout 30.00
23:32:44.067 WebDriverAgentRunner-Runner[1375:148205] <XCTWaiter: 0x114401830> entering wait loop for 30.00s with expectations: `checking for continuity enablement`
23:32:44.068 WebDriverAgentRunner-Runner[1375:148205] Returning result XCTWaiterResultCompleted for synchronous waiter <XCTWaiter: 0x114401830>
23:32:44.068 WebDriverAgentRunner-Runner[1375:148205] Wait <XCTWaiterWait: 0x1144d2fc0> completed after 0.001s
23:32:44.068 WebDriverAgentRunner-Runner[1375:148205] cleaning up checking for continuity enablement
23:32:44.068 WebDriverAgentRunner-Runner[1375:148205] Creating future for 'fetching attributes 'XC_kAXXCAttributeWindowDisplayId' for App element pid: 1307' with timeout 30.00
23:32:44.069 WebDriverAgentRunner-Runner[1375:148205] <XCTWaiter: 0x114401dd0> entering wait loop for 30.00s with expectations: `fetching attributes 'XC_kAXXCAttributeWindowDisplayId' for App element pid: 1307`
23:32:44.069 WebDriverAgentRunner-Runner[1375:148205] Returning result XCTWaiterResultCompleted for synchronous waiter <XCTWaiter: 0x114401dd0>
23:32:44.069 WebDriverAgentRunner-Runner[1375:148205] Wait <XCTWaiterWait: 0x1144d0940> completed after 0.000s
23:32:44.069 WebDriverAgentRunner-Runner[1375:148205] cleaning up fetching attributes 'XC_kAXXCAttributeWindowDisplayId' for App element pid: 1307
23:32:44.069 WebDriverAgentRunner-Runner[1375:148205] Application, pid: 1307 (App element pid: 1307) faulted in {
    "XC_kAXXCAttributeWindowDisplayId" = 0;
}: (no error) for displayID using XC_kAXXCAttributeWindowDisplayId
23:32:44.069 WebDriverAgentRunner-Runner[1375:148205] Fetched display ID for Application, pid: 1307 was 0, checked nearest remote ancestor (null), got (null)
23:32:44.069 WebDriverAgentRunner-Runner[1375:148205] Creating future for 'getting screen identifiers' with timeout 30.00
23:32:44.070 WebDriverAgentRunner-Runner[1375:148205] <XCTWaiter: 0x114401ec0> entering wait loop for 30.00s with expectations: `getting screen identifiers`
23:32:44.070 WebDriverAgentRunner-Runner[1375:148205] Returning result XCTWaiterResultCompleted for synchronous waiter <XCTWaiter: 0x114401ec0>
23:32:44.070 WebDriverAgentRunner-Runner[1375:148205] Wait <XCTWaiterWait: 0x1144d0200> completed after 0.000s
23:32:44.070 WebDriverAgentRunner-Runner[1375:148205] cleaning up getting screen identifiers
23:32:44.070 WebDriverAgentRunner-Runner[1375:148205] Creating future for 'getting screen bounds' with timeout 30.00
23:32:44.070 WebDriverAgentRunner-Runner[1375:148205] <XCTWaiter: 0x114403510> entering wait loop for 30.00s with expectations: `getting screen bounds`
23:32:44.070 WebDriverAgentRunner-Runner[1375:148205] Returning result XCTWaiterResultCompleted for synchronous waiter <XCTWaiter: 0x114403510>
23:32:44.070 WebDriverAgentRunner-Runner[1375:148205] Wait <XCTWaiterWait: 0x1144d0800> completed after 0.000s
23:32:44.070 WebDriverAgentRunner-Runner[1375:148205] cleaning up getting screen bounds
23:32:44.070 WebDriverAgentRunner-Runner[1375:148205] Creating future for 'getting screen scale' with timeout 30.00
23:32:44.071 WebDriverAgentRunner-Runner[1375:148205] <XCTWaiter: 0x1144035a0> entering wait loop for 30.00s with expectations: `getting screen scale`
23:32:44.071 WebDriverAgentRunner-Runner[1375:148205] Returning result XCTWaiterResultCompleted for synchronous waiter <XCTWaiter: 0x1144035a0>
23:32:44.071 WebDriverAgentRunner-Runner[1375:148205] Wait <XCTWaiterWait: 0x1144d0800> completed after 0.000s
23:32:44.071 WebDriverAgentRunner-Runner[1375:148205] cleaning up getting screen scale
23:32:44.071 WebDriverAgentRunner-Runner[1375:148205] Creating future for 'checking for continuity enablement' with timeout 30.00
23:32:44.071 WebDriverAgentRunner-Runner[1375:148205] <XCTWaiter: 0x1144018f0> entering wait loop for 30.00s with expectations: `checking for continuity enablement`
23:32:44.072 WebDriverAgentRunner-Runner[1375:148205] Returning result XCTWaiterResultCompleted for synchronous waiter <XCTWaiter: 0x1144018f0>
23:32:44.072 WebDriverAgentRunner-Runner[1375:148205] Wait <XCTWaiterWait: 0x1144d0f00> completed after 0.001s
23:32:44.072 WebDriverAgentRunner-Runner[1375:148205] cleaning up checking for continuity enablement
23:32:44.072 WebDriverAgentRunner-Runner[1375:148205] Creating future for 'fetching attributes 'XC_kAXXCAttributeWindowDisplayId' for App element pid: 1307' with timeout 30.00
23:32:44.072 WebDriverAgentRunner-Runner[1375:148205] <XCTWaiter: 0x114401410> entering wait loop for 30.00s with expectations: `fetching attributes 'XC_kAXXCAttributeWindowDisplayId' for App element pid: 1307`
23:32:44.073 WebDriverAgentRunner-Runner[1375:148205] Returning result XCTWaiterResultCompleted for synchronous waiter <XCTWaiter: 0x114401410>
23:32:44.073 WebDriverAgentRunner-Runner[1375:148205] Wait <XCTWaiterWait: 0x1144d1600> completed after 0.000s
23:32:44.073 WebDriverAgentRunner-Runner[1375:148205] cleaning up fetching attributes 'XC_kAXXCAttributeWindowDisplayId' for App element pid: 1307
23:32:44.073 WebDriverAgentRunner-Runner[1375:148205] Application, pid: 1307 (App element pid: 1307) faulted in {
    "XC_kAXXCAttributeWindowDisplayId" = 0;
}: (no error) for displayID using XC_kAXXCAttributeWindowDisplayId
23:32:44.073 WebDriverAgentRunner-Runner[1375:148205] Fetched display ID for Application, pid: 1307 was 0, checked nearest remote ancestor (null), got (null)
23:32:44.073 WebDriverAgentRunner-Runner[1375:148205] Creating future for 'getting interface orientation' with timeout 65.00
23:32:44.073 WebDriverAgentRunner-Runner[1375:148205] <XCTWaiter: 0x114490cc0> entering wait loop for 65.00s with expectations: `getting interface orientation`
23:32:44.074 WebDriverAgentRunner-Runner[1375:148205] Returning result XCTWaiterResultCompleted for synchronous waiter <XCTWaiter: 0x114490cc0>
23:32:44.074 WebDriverAgentRunner-Runner[1375:148205] Wait <XCTWaiterWait: 0x1144d1b00> completed after 0.001s
23:32:44.074 WebDriverAgentRunner-Runner[1375:148205] cleaning up getting interface orientation
23:32:44.074 WebDriverAgentRunner-Runner[1375:148205] <XCTContext: 0x105d9cd20> started activity <XCActivityRecord: 0x108d4b330> 2026-07-19 16:32:44 +0000: Find the Application 'com.apple.Preferences'
    t =    99.40s         Find the Application 'com.apple.Preferences'
23:32:44.075 WebDriverAgentRunner-Runner[1375:148205] Executing query:

23:32:44.075 WebDriverAgentRunner-Runner[1375:148205] Creating future for 'checking for continuity enablement' with timeout 30.00
23:32:44.075 WebDriverAgentRunner-Runner[1375:148205] <XCTWaiter: 0x1096c4000> entering wait loop for 30.00s with expectations: `checking for continuity enablement`
23:32:44.076 WebDriverAgentRunner-Runner[1375:148205] Returning result XCTWaiterResultCompleted for synchronous waiter <XCTWaiter: 0x1096c4000>
23:32:44.076 WebDriverAgentRunner-Runner[1375:148205] Wait <XCTWaiterWait: 0x1144d2400> completed after 0.001s
23:32:44.076 WebDriverAgentRunner-Runner[1375:148205] cleaning up checking for continuity enablement
23:32:44.076 WebDriverAgentRunner-Runner[1375:148205] Should evaluate query remotely? XCTDisableRemoteQueryEvaluation(d-write): YES, hasAutomationSession: YES, supportsRemoteEvaluation: YES
23:32:44.077 WebDriverAgentRunner-Runner[1375:148205] Getting matching snapshots for locally evaluated query
23:32:44.077 WebDriverAgentRunner-Runner[1375:148205] Evaluating query:
 
23:32:44.077 WebDriverAgentRunner-Runner[1375:148205] Getting root element snapshot
23:32:44.077 WebDriverAgentRunner-Runner[1375:148205] Getting snapshot for App element pid: 1307 for query 
23:32:44.077 WebDriverAgentRunner-Runner[1375:148205] <XCTContext: 0x105d9cd20> started activity <XCActivityRecord: 0x108d4b3a0> 2026-07-19 16:32:44 +0000: Requesting snapshot of accessibility hierarchy for app with pid 1307
23:32:44.077 WebDriverAgentRunner-Runner[1375:148205] Query requires iOS snapshot attributes .
23:32:44.077 WebDriverAgentRunner-Runner[1375:148205] XCUIElementQuery <XCTElementSnapshotProvider> getting snapshot
23:32:44.077 WebDriverAgentRunner-Runner[1375:148205] Snapshot request has custom attributes 
23:32:44.077 WebDriverAgentRunner-Runner[1375:148205] Snapshot request has custom parameters {
    snapshotKeyHonorModalViews = 0;
}
23:32:44.077 WebDriverAgentRunner-Runner[1375:148205] Current snapshot generation is 2174
23:32:44.077 WebDriverAgentRunner-Runner[1375:148205] Query rootElementSnapshot is non-null with generation count 2163
23:32:44.077 WebDriverAgentRunner-Runner[1375:148205] Capturing a new snapshot
23:32:44.078 WebDriverAgentRunner-Runner[1375:148205] Fetching snapshot for App element pid: 1307 from testmanagerd with attributes XC_kAXXCAttributeElementType, XC_kAXXCAttributeElementBaseType, XC_kAXXCAttributeParent, XC_kAXXCAttributeIdentifier, XC_kAXXCAttributeAutomationType, XC_kAXXCAttributeTraits and parameters {
    maxArrayCount = 2147483647;
    maxChildren = 2147483647;
    maxDepth = 50;
    snapshotKeyHonorModalViews = 0;
    traverseFromParentsToChildren = 1;
}.
23:32:44.078 WebDriverAgentRunner-Runner[1375:148205] Creating future for 'fetching snapshot from testmanagerd.' with timeout 65.00
23:32:44.078 WebDriverAgentRunner-Runner[1375:148205] <XCTWaiter: 0x1096c6730> entering wait loop for 65.00s with expectations: `fetching snapshot from testmanagerd.`
    t =    99.40s             Requesting snapshot of accessibility hierarchy for app with pid 1307
23:32:44.221 WebDriverAgentRunner-Runner[1375:149647] Handling kAXPidStatusChangedNotification
23:32:44.221 WebDriverAgentRunner-Runner[1375:149647] Got kAXPidStatusChangedNotification for pid 308: active
23:32:44.237 WebDriverAgentRunner-Runner[1375:149845] Got snapshot response with runtime issue support from testmanagerd.
23:32:44.237 WebDriverAgentRunner-Runner[1375:148205] No application process found matching pid 308, caching
23:32:44.237 WebDriverAgentRunner-Runner[1375:148205] Returning result XCTWaiterResultCompleted for synchronous waiter <XCTWaiter: 0x1096c6730>
23:32:44.237 WebDriverAgentRunner-Runner[1375:148205] Wait <XCTWaiterWait: 0x1144d1c40> completed after 0.159s
23:32:44.237 WebDriverAgentRunner-Runner[1375:148205] cleaning up fetching snapshot from testmanagerd.
23:32:44.237 WebDriverAgentRunner-Runner[1375:148205] <XCTContext: 0x105d9cd20> finished activity <XCActivityRecord: 0x108d4b3a0> 2026-07-19 16:32:44 +0000: Requesting snapshot of accessibility hierarchy for app with pid 1307 (0.160633s)
23:32:44.238 WebDriverAgentRunner-Runner[1375:148205] Found matches {(
    App element pid: 1307
)} with root App element pid: 1307
23:32:44.238 WebDriverAgentRunner-Runner[1375:148205] <XCTContext: 0x105d9cd20> finished activity <XCActivityRecord: 0x108d4b330> 2026-07-19 16:32:44 +0000: Find the Application 'com.apple.Preferences' (0.163726s)
23:32:44.238 WebDriverAgentRunner-Runner[1375:148205] Creating future for 'checking for continuity enablement' with timeout 30.00
23:32:44.238 WebDriverAgentRunner-Runner[1375:148205] <XCTWaiter: 0x114544420> entering wait loop for 30.00s with expectations: `checking for continuity enablement`
23:32:44.239 WebDriverAgentRunner-Runner[1375:148205] Returning result XCTWaiterResultCompleted for synchronous waiter <XCTWaiter: 0x114544420>
23:32:44.239 WebDriverAgentRunner-Runner[1375:148205] Wait <XCTWaiterWait: 0x114517380> completed after 0.001s
23:32:44.239 WebDriverAgentRunner-Runner[1375:148205] cleaning up checking for continuity enablement
23:32:44.239 WebDriverAgentRunner-Runner[1375:148205] Creating future for 'fetching attributes 'XC_kAXXCAttributeFrame', 'XC_kAXXCAttributeWindowDisplayId', 'XC_kAXXCAttributeWindowContextId' for App element pid: 1307' with timeout 30.00
23:32:44.240 WebDriverAgentRunner-Runner[1375:148205] <XCTWaiter: 0x114544570> entering wait loop for 30.00s with expectations: `fetching attributes 'XC_kAXXCAttributeFrame', 'XC_kAXXCAttributeWindowDisplayId', 'XC_kAXXCAttributeWindowContextId' for App element pid: 1307`
23:32:44.240 WebDriverAgentRunner-Runner[1375:148205] Returning result XCTWaiterResultCompleted for synchronous waiter <XCTWaiter: 0x114544570>
23:32:44.240 WebDriverAgentRunner-Runner[1375:148205] Wait <XCTWaiterWait: 0x114517000> completed after 0.001s
23:32:44.240 WebDriverAgentRunner-Runner[1375:148205] cleaning up fetching attributes 'XC_kAXXCAttributeFrame', 'XC_kAXXCAttributeWindowDisplayId', 'XC_kAXXCAttributeWindowContextId' for App element pid: 1307
23:32:44.240 WebDriverAgentRunner-Runner[1375:148205] App element pid: 1307 (App element pid: 1307) faulted in {
    "XC_kAXXCAttributeFrame" =     {
        Height = 1024;
        Width = 1366;
        X = 0;
        Y = 0;
    };
    "XC_kAXXCAttributeWindowContextId" = 1702149038;
    "XC_kAXXCAttributeWindowDisplayId" = 0;
}: (no error) for frame using XC_kAXXCAttributeFrame, XC_kAXXCAttributeWindowDisplayId, XC_kAXXCAttributeWindowContextId
23:32:44.241 WebDriverAgentRunner-Runner[1375:148205] Creating future for 'checking for continuity enablement' with timeout 30.00
23:32:44.241 WebDriverAgentRunner-Runner[1375:148205] <XCTWaiter: 0x114544870> entering wait loop for 30.00s with expectations: `checking for continuity enablement`
23:32:44.242 WebDriverAgentRunner-Runner[1375:148205] Returning result XCTWaiterResultCompleted for synchronous waiter <XCTWaiter: 0x114544870>
23:32:44.242 WebDriverAgentRunner-Runner[1375:148205] Wait <XCTWaiterWait: 0x114517ec0> completed after 0.001s
23:32:44.242 WebDriverAgentRunner-Runner[1375:148205] cleaning up checking for continuity enablement
23:32:44.242 WebDriverAgentRunner-Runner[1375:148205] Creating future for 'fetching attributes 'XC_kAXXCAttributeElementType', 'XC_kAXXCAttributeElementBaseType', 'XC_kAXXCAttributeTraits', 'XC_kAXXCAttributeAutomationType' for App element pid: 1307' with timeout 30.00
23:32:44.242 WebDriverAgentRunner-Runner[1375:148205] <XCTWaiter: 0x114544870> entering wait loop for 30.00s with expectations: `fetching attributes 'XC_kAXXCAttributeElementType', 'XC_kAXXCAttributeElementBaseType', 'XC_kAXXCAttributeTraits', 'XC_kAXXCAttributeAutomationType' for App element pid: 1307`
23:32:44.243 WebDriverAgentRunner-Runner[1375:148205] Returning result XCTWaiterResultCompleted for synchronous waiter <XCTWaiter: 0x114544870>
23:32:44.243 WebDriverAgentRunner-Runner[1375:148205] Wait <XCTWaiterWait: 0x1145167c0> completed after 0.001s
23:32:44.243 WebDriverAgentRunner-Runner[1375:148205] cleaning up fetching attributes 'XC_kAXXCAttributeElementType', 'XC_kAXXCAttributeElementBaseType', 'XC_kAXXCAttributeTraits', 'XC_kAXXCAttributeAutomationType' for App element pid: 1307
23:32:44.243 WebDriverAgentRunner-Runner[1375:148205] App element pid: 1307 (App element pid: 1307) faulted in {
    "XC_kAXXCAttributeAutomationType" = 1;
    "XC_kAXXCAttributeElementBaseType" = UIApplication;
    "XC_kAXXCAttributeElementType" = "_TtC7SwiftUIP33_ACC2C5639A7D76F611E170E831FCA49118SwiftUIApplication";
    "XC_kAXXCAttributeTraits" = 0;
}: (no error) for elementType using XC_kAXXCAttributeElementType, XC_kAXXCAttributeElementBaseType, XC_kAXXCAttributeTraits, XC_kAXXCAttributeAutomationType
23:32:44.243 WebDriverAgentRunner-Runner[1375:148205] Computed elementType Application.
23:32:44.243 WebDriverAgentRunner-Runner[1375:148205] Creating future for 'checking for continuity enablement' with timeout 30.00
23:32:44.243 WebDriverAgentRunner-Runner[1375:148205] <XCTWaiter: 0x114544e40> entering wait loop for 30.00s with expectations: `checking for continuity enablement`
23:32:44.244 WebDriverAgentRunner-Runner[1375:148205] Returning result XCTWaiterResultCompleted for synchronous waiter <XCTWaiter: 0x114544e40>
23:32:44.244 WebDriverAgentRunner-Runner[1375:148205] Wait <XCTWaiterWait: 0x114516ec0> completed after 0.001s
23:32:44.244 WebDriverAgentRunner-Runner[1375:148205] cleaning up checking for continuity enablement
23:32:44.244 WebDriverAgentRunner-Runner[1375:148205] Creating future for 'fetching attributes 'XC_kAXXCAttributeSystemAutomationProperties' for App element pid: 1307' with timeout 30.00
23:32:44.244 WebDriverAgentRunner-Runner[1375:148205] <XCTWaiter: 0x114545410> entering wait loop for 30.00s with expectations: `fetching attributes 'XC_kAXXCAttributeSystemAutomationProperties' for App element pid: 1307`
23:32:44.245 WebDriverAgentRunner-Runner[1375:148205] Returning result XCTWaiterResultCompleted for synchronous waiter <XCTWaiter: 0x114545410>
23:32:44.245 WebDriverAgentRunner-Runner[1375:148205] Wait <XCTWaiterWait: 0x1145174c0> completed after 0.000s
23:32:44.245 WebDriverAgentRunner-Runner[1375:148205] cleaning up fetching attributes 'XC_kAXXCAttributeSystemAutomationProperties' for App element pid: 1307
23:32:44.245 WebDriverAgentRunner-Runner[1375:148205] Application, pid: 1307 (App element pid: 1307) faulted in {
}: (no error) for systemAutomationProperties using XC_kAXXCAttributeSystemAutomationProperties
23:32:44.245 WebDriverAgentRunner-Runner[1375:148205] Requesting local synthesis of event: 
<XCSynthesizedEventRecord 'press, hold, drag, and hold display 0'>
Path 1:
	Touch down at 636.0, 501.0, offset=0.00s
	Move to 636.0, 501.0, offset=0.01s
	Move to 424.0, 450.0, offset=0.45s
	Touch up at 424.0, 450.0, offset=0.45s
23:32:44.245 WebDriverAgentRunner-Runner[1375:148205] Event upper bound on duration 30.45
23:32:44.245 WebDriverAgentRunner-Runner[1375:148205] Computed timeout 30.45 for future for 'synthesizing event'
23:32:44.246 WebDriverAgentRunner-Runner[1375:148205] <XCTWaiter: 0x1145457a0> entering wait loop for 30.45s with expectations: `synthesizing event`
23:32:44.726 WebDriverAgentRunner-Runner[1375:149938] Handling kAXUserTestingNotification
23:32:44.726 WebDriverAgentRunner-Runner[1375:149938] Received kAXUserTestingNotification from AX element pid: 1307, elementOrHash.elementID: 0.1: {
    event = TouchEventsCompleted;
}
23:32:44.727 WebDriverAgentRunner-Runner[1375:149938] Handling kAXUserTestingNotification
23:32:44.727 WebDriverAgentRunner-Runner[1375:149938] Received kAXUserTestingNotification from AX element pid: 174, elementOrHash.elementID: 0.1: {
    event = TouchEventsCompleted;
}
23:32:44.924 WebDriverAgentRunner-Runner[1375:148826] Got event completion callback
23:32:44.925 WebDriverAgentRunner-Runner[1375:148205] Returning result XCTWaiterResultCompleted for synchronous waiter <XCTWaiter: 0x1145457a0>
23:32:44.925 WebDriverAgentRunner-Runner[1375:148205] Wait <XCTWaiterWait: 0x114517cc0> completed after 0.679s
23:32:44.925 WebDriverAgentRunner-Runner[1375:148205] cleaning up synthesizing event
23:32:44.925 WebDriverAgentRunner-Runner[1375:148205] Cancelation not currently supported for daemon event requests - this is a no-op.
23:32:44.925 WebDriverAgentRunner-Runner[1375:148205] Creating future for 'getting screen scale' with timeout 30.00
23:32:44.925 WebDriverAgentRunner-Runner[1375:148205] <XCTWaiter: 0x114545b30> entering wait loop for 30.00s with expectations: `getting screen scale`
23:32:44.925 WebDriverAgentRunner-Runner[1375:148205] Returning result XCTWaiterResultCompleted for synchronous waiter <XCTWaiter: 0x114545b30>
23:32:44.925 WebDriverAgentRunner-Runner[1375:148205] Wait <XCTWaiterWait: 0x114516040> completed after 0.000s
23:32:44.926 WebDriverAgentRunner-Runner[1375:148205] cleaning up getting screen scale
23:32:44.926 WebDriverAgentRunner-Runner[1375:148205] Event synthesis future completed in 0.68s
23:32:44.926 WebDriverAgentRunner-Runner[1375:148205] <XCTContext: 0x105d9cd20> finished activity <XCActivityRecord: 0x108d4ad10> 2026-07-19 16:32:43 +0000: Synthesize event (1.56713s)
23:32:44.927 WebDriverAgentRunner-Runner[1375:148205] Overriding application state timeout, 60.0 -> 10.0
23:32:44.927 WebDriverAgentRunner-Runner[1375:148205] <XCTContext: 0x105d9cd20> started activity <XCActivityRecord: 0x108d4ae60> 2026-07-19 16:32:44 +0000: Wait for com.apple.Preferences to idle
    t =   100.25s     Wait for com.apple.Preferences to idle
23:32:44.927 WebDriverAgentRunner-Runner[1375:148205] Creating future for 'getting screen identifiers' with timeout 30.00
23:32:44.927 WebDriverAgentRunner-Runner[1375:148205] <XCTWaiter: 0x114544510> entering wait loop for 30.00s with expectations: `getting screen identifiers`
23:32:44.927 WebDriverAgentRunner-Runner[1375:148205] Returning result XCTWaiterResultCompleted for synchronous waiter <XCTWaiter: 0x114544510>
23:32:44.927 WebDriverAgentRunner-Runner[1375:148205] Wait <XCTWaiterWait: 0x114514400> completed after 0.000s
23:32:44.927 WebDriverAgentRunner-Runner[1375:148205] cleaning up getting screen identifiers
23:32:44.927 WebDriverAgentRunner-Runner[1375:148205] Waiting for com.apple.Preferences (PID 1307) quiescence...
23:32:44.928 WebDriverAgentRunner-Runner[1375:149938] com.apple.Preferences (pid:1307) eventLoopHasIdled YES -> NO
23:32:44.928 WebDriverAgentRunner-Runner[1375:149845] Posting KVO notifications for eventLoopHasIdled
23:32:44.928 WebDriverAgentRunner-Runner[1375:148205] Requesting main run loop idle notification using automation session for com.apple.Preferences (pid:1307)
23:32:44.928 WebDriverAgentRunner-Runner[1375:149845] com.apple.Preferences (pid:1307) animationsHaveFinished YES -> NO
23:32:44.928 WebDriverAgentRunner-Runner[1375:149845] Posting KVO notifications for animationsHaveFinished
23:32:44.928 WebDriverAgentRunner-Runner[1375:148205] Requesting animations idle notification using automation session for com.apple.Preferences (pid:1307)
23:32:44.928 WebDriverAgentRunner-Runner[1375:148205] Waiting on quiescence state variables
23:32:44.929 WebDriverAgentRunner-Runner[1375:148205] KVO change: checked status of Expect value of 'foreground' of com.apple.Preferences (pid:1307) to be '0': fulfill=NO
23:32:44.929 WebDriverAgentRunner-Runner[1375:148205] KVO change: checked status of Expect value of 'foreground' of com.apple.Preferences (pid:1307) to be '0': fulfill=NO
23:32:44.929 WebDriverAgentRunner-Runner[1375:148205] isQuiescent: self.eventLoopHasIdled: NO && self.animationsHaveFinished: NO
23:32:44.929 WebDriverAgentRunner-Runner[1375:148205] KVO change: checked status of Expect value of 'isQuiescent' of com.apple.Preferences (pid:1307) to be '1': fulfill=NO
23:32:44.929 WebDriverAgentRunner-Runner[1375:148205] isQuiescent: self.eventLoopHasIdled: NO && self.animationsHaveFinished: NO
23:32:44.929 WebDriverAgentRunner-Runner[1375:148205] KVO change: checked status of Expect value of 'isQuiescent' of com.apple.Preferences (pid:1307) to be '1': fulfill=NO
23:32:44.929 WebDriverAgentRunner-Runner[1375:148205] Not fulfilling (Expect value of 'foreground' of com.apple.Preferences (pid:1307) to be '0' OR Expect value of 'isQuiescent' of com.apple.Preferences (pid:1307) to be '1') because no subexpectations are fulfilled
23:32:44.929 WebDriverAgentRunner-Runner[1375:148205] <XCTWaiter: 0x114545920> entering wait loop for 10.00s with expectations: `(Expect value of 'foreground' of com.apple.Preferences (pid:1307) to be '0' OR Expect value of 'isQuiescent' of com.apple.Preferences (pid:1307) to be '1')`
23:32:45.249 WebDriverAgentRunner-Runner[1375:148826] Got animations reply for com.apple.Preferences (PID 1307)
23:32:45.249 WebDriverAgentRunner-Runner[1375:148826] Animations are not active.
23:32:45.249 WebDriverAgentRunner-Runner[1375:149938] com.apple.Preferences (pid:1307) animationsHaveFinished NO -> YES
23:32:45.250 WebDriverAgentRunner-Runner[1375:149647] Posting KVO notifications for animationsHaveFinished
23:32:45.250 WebDriverAgentRunner-Runner[1375:149647] isQuiescent: self.eventLoopHasIdled: NO && self.animationsHaveFinished: YES
23:32:45.250 WebDriverAgentRunner-Runner[1375:149647] isQuiescent: self.eventLoopHasIdled: NO && self.animationsHaveFinished: YES
23:32:45.250 WebDriverAgentRunner-Runner[1375:149647] KVO change: checked status of Expect value of 'isQuiescent' of com.apple.Preferences (pid:1307) to be '1': fulfill=NO
23:32:45.333 WebDriverAgentRunner-Runner[1375:149647] Got event loop idle reply for com.apple.Preferences (PID 1307)
23:32:45.333 WebDriverAgentRunner-Runner[1375:149647] Event loop is idle.
23:32:45.333 WebDriverAgentRunner-Runner[1375:148826] com.apple.Preferences (pid:1307) eventLoopHasIdled NO -> YES
23:32:45.333 WebDriverAgentRunner-Runner[1375:149647] Posting KVO notifications for eventLoopHasIdled
23:32:45.334 WebDriverAgentRunner-Runner[1375:149647] isQuiescent: self.eventLoopHasIdled: YES && self.animationsHaveFinished: YES
23:32:45.334 WebDriverAgentRunner-Runner[1375:149647] isQuiescent: self.eventLoopHasIdled: YES && self.animationsHaveFinished: YES
23:32:45.334 WebDriverAgentRunner-Runner[1375:149647] KVO change: checked status of Expect value of 'isQuiescent' of com.apple.Preferences (pid:1307) to be '1': fulfill=YES
23:32:45.334 WebDriverAgentRunner-Runner[1375:149647] Fulfilling (Expect value of 'foreground' of com.apple.Preferences (pid:1307) to be '0' OR Expect value of 'isQuiescent' of com.apple.Preferences (pid:1307) to be '1') because Expect value of 'isQuiescent' of com.apple.Preferences (pid:1307) to be '1' is fulfilled
23:32:45.334 WebDriverAgentRunner-Runner[1375:148205] Returning result XCTWaiterResultCompleted for synchronous waiter <XCTWaiter: 0x114545920>
23:32:45.334 WebDriverAgentRunner-Runner[1375:148205] Wait <XCTWaiterWait: 0x114516b80> completed after 0.405s
23:32:45.334 WebDriverAgentRunner-Runner[1375:148205] cleaning up (Expect value of 'foreground' of com.apple.Preferences (pid:1307) to be '0' OR Expect value of 'isQuiescent' of com.apple.Preferences (pid:1307) to be '1')
23:32:45.334 WebDriverAgentRunner-Runner[1375:148205] cleaning up Expect value of 'foreground' of com.apple.Preferences (pid:1307) to be '0'
23:32:45.334 WebDriverAgentRunner-Runner[1375:148205] cleaning up Expect value of 'foreground' of com.apple.Preferences (pid:1307) to be '0'
23:32:45.335 WebDriverAgentRunner-Runner[1375:148205] cleaning up Expect value of 'isQuiescent' of com.apple.Preferences (pid:1307) to be '1'
23:32:45.335 WebDriverAgentRunner-Runner[1375:148205] cleaning up Expect value of 'isQuiescent' of com.apple.Preferences (pid:1307) to be '1'
23:32:45.335 WebDriverAgentRunner-Runner[1375:148205] com.apple.Preferences has quiesced or quiescence timeout has elapsed.
23:32:45.335 WebDriverAgentRunner-Runner[1375:148205] <XCTContext: 0x105d9cd20> finished activity <XCActivityRecord: 0x108d4ae60> 2026-07-19 16:32:44 +0000: Wait for com.apple.Preferences to idle (0.407983s)
23:32:45.335 WebDriverAgentRunner-Runner[1375:148205] Overriding application state timeout, 10.0 -> 60.0
23:32:45.335 WebDriverAgentRunner-Runner[1375:148205] <XCTContext: 0x105d9cd20> finished activity <XCActivityRecord: 0x108d4aa00> 2026-07-19 16:32:43 +0000: Press Application 'com.apple.Preferences'[0.00, 0.00] -> (865.0, 636.0) for 0.0 seconds, then drag to Application 'com.apple.Preferences'[0.00, 0.00] -> (916.0, 424.0) with velocity of 500.00 pixels per second, and then hold for 0.0 seconds  (2.33346s)
23:32:45.336 WebDriverAgentRunner-Runner[1375:148205] Creating future for 'fetching attributes 'XC_kAXXCAttributeSystemAppApplication' for Device system-wide element' with timeout 65.00
23:32:45.336 WebDriverAgentRunner-Runner[1375:148205] <XCTWaiter: 0x1145441b0> entering wait loop for 65.00s with expectations: `fetching attributes 'XC_kAXXCAttributeSystemAppApplication' for Device system-wide element`
23:32:45.337 WebDriverAgentRunner-Runner[1375:148826] Got attribute fetch response with values {
    "XC_kAXXCAttributeSystemAppApplication" = "AX element pid: 174, elementOrHash.elementID: 0.1";
}, error: (null)
23:32:45.337 WebDriverAgentRunner-Runner[1375:148205] Returning result XCTWaiterResultCompleted for synchronous waiter <XCTWaiter: 0x1145441b0>
23:32:45.337 WebDriverAgentRunner-Runner[1375:148205] Wait <XCTWaiterWait: 0x114515800> completed after 0.001s
23:32:45.337 WebDriverAgentRunner-Runner[1375:148205] cleaning up fetching attributes 'XC_kAXXCAttributeSystemAppApplication' for Device system-wide element
23:32:45.337 WebDriverAgentRunner-Runner[1375:148205] Creating future for 'fetching attributes 'XC_kAXXCAttributeFocusedApplications' for AX element pid: 174, elementOrHash.elementID: 0.1' with timeout 65.00
23:32:45.337 WebDriverAgentRunner-Runner[1375:148205] <XCTWaiter: 0x114544960> entering wait loop for 65.00s with expectations: `fetching attributes 'XC_kAXXCAttributeFocusedApplications' for AX element pid: 174, elementOrHash.elementID: 0.1`
23:32:45.340 WebDriverAgentRunner-Runner[1375:148558] Got attribute fetch response with values {
    "XC_kAXXCAttributeFocusedApplications" =     (
        "AX element pid: 1307, elementOrHash.elementID: 0.1",
        "AX element pid: 174, elementOrHash.elementID: 0.1"
    );
}, error: (null)
23:32:45.340 WebDriverAgentRunner-Runner[1375:148205] Returning result XCTWaiterResultCompleted for synchronous waiter <XCTWaiter: 0x114544960>
23:32:45.340 WebDriverAgentRunner-Runner[1375:148205] Wait <XCTWaiterWait: 0x114514480> completed after 0.003s
23:32:45.341 WebDriverAgentRunner-Runner[1375:148205] cleaning up fetching attributes 'XC_kAXXCAttributeFocusedApplications' for AX element pid: 174, elementOrHash.elementID: 0.1
23:32:45.341 WebDriverAgentRunner-Runner[1375:148205] Active application elements: (
    "AX element pid: 1307, elementOrHash.elementID: 0.1",
    "AX element pid: 174, elementOrHash.elementID: 0.1"
)
    t =   100.67s Press Application 'com.apple.Preferences'[0.00, 0.00] -> (937.0, 227.0) for 0.0 seconds, then drag to Application 'com.apple.Preferences'[0.00, 0.00] -> (952.0, 781.0) with velocity of 500.00 pixels per second, and then hold for 0.0 seconds 
23:32:45.345 WebDriverAgentRunner-Runner[1375:148205] <XCTContext: 0x105d9cd20> started activity <XCActivityRecord: 0x108d4abc0> 2026-07-19 16:32:45 +0000: Press Application 'com.apple.Preferences'[0.00, 0.00] -> (937.0, 227.0) for 0.0 seconds, then drag to Application 'com.apple.Preferences'[0.00, 0.00] -> (952.0, 781.0) with velocity of 500.00 pixels per second, and then hold for 0.0 seconds 
23:32:45.346 WebDriverAgentRunner-Runner[1375:148205] Overriding application state timeout, 60.0 -> 10.0
23:32:45.346 WebDriverAgentRunner-Runner[1375:148205] <XCTContext: 0x105d9cd20> started activity <XCActivityRecord: 0x108d4aa00> 2026-07-19 16:32:45 +0000: Wait for com.apple.Preferences to idle
23:32:45.346 WebDriverAgentRunner-Runner[1375:148205] Creating future for 'getting screen identifiers' with timeout 30.00
23:32:45.346 WebDriverAgentRunner-Runner[1375:148205] <XCTWaiter: 0x114544e10> entering wait loop for 30.00s with expectations: `getting screen identifiers`
23:32:45.346 WebDriverAgentRunner-Runner[1375:148205] Returning result XCTWaiterResultCompleted for synchronous waiter <XCTWaiter: 0x114544e10>
23:32:45.346 WebDriverAgentRunner-Runner[1375:148205] Wait <XCTWaiterWait: 0x114516900> completed after 0.000s
23:32:45.346 WebDriverAgentRunner-Runner[1375:148205] cleaning up getting screen identifiers
23:32:45.346 WebDriverAgentRunner-Runner[1375:148205] Waiting for com.apple.Preferences (PID 1307) quiescence...
23:32:45.346 WebDriverAgentRunner-Runner[1375:148826] com.apple.Preferences (pid:1307) eventLoopHasIdled YES -> NO
23:32:45.347 WebDriverAgentRunner-Runner[1375:149938] Posting KVO notifications for eventLoopHasIdled
23:32:45.347 WebDriverAgentRunner-Runner[1375:148205] Requesting main run loop idle notification using automation session for com.apple.Preferences (pid:1307)
23:32:45.347 WebDriverAgentRunner-Runner[1375:149938] com.apple.Preferences (pid:1307) animationsHaveFinished YES -> NO
23:32:45.347 WebDriverAgentRunner-Runner[1375:149938] Got event loop idle reply for com.apple.Preferences (PID 1307)
23:32:45.347 WebDriverAgentRunner-Runner[1375:149938] Event loop is idle.
23:32:45.347 WebDriverAgentRunner-Runner[1375:148205] Requesting animations idle notification using automation session for com.apple.Preferences (pid:1307)
23:32:45.347 WebDriverAgentRunner-Runner[1375:148826] com.apple.Preferences (pid:1307) eventLoopHasIdled NO -> YES
23:32:45.347 WebDriverAgentRunner-Runner[1375:148558] Posting KVO notifications for animationsHaveFinished
23:32:45.347 WebDriverAgentRunner-Runner[1375:148826] Posting KVO notifications for eventLoopHasIdled
23:32:45.347 WebDriverAgentRunner-Runner[1375:148205] Waiting on quiescence state variables
23:32:45.348 WebDriverAgentRunner-Runner[1375:149647] Got animations reply for com.apple.Preferences (PID 1307)
23:32:45.348 WebDriverAgentRunner-Runner[1375:148205] KVO change: checked status of Expect value of 'foreground' of com.apple.Preferences (pid:1307) to be '0': fulfill=NO
23:32:45.348 WebDriverAgentRunner-Runner[1375:149647] Animations are not active.
23:32:45.348 WebDriverAgentRunner-Runner[1375:148205] KVO change: checked status of Expect value of 'foreground' of com.apple.Preferences (pid:1307) to be '0': fulfill=NO
23:32:45.348 WebDriverAgentRunner-Runner[1375:148826] com.apple.Preferences (pid:1307) animationsHaveFinished NO -> YES
23:32:45.348 WebDriverAgentRunner-Runner[1375:148205] isQuiescent: self.eventLoopHasIdled: YES && self.animationsHaveFinished: NO
    t =   100.67s     Wait for com.apple.Preferences to idle
23:32:45.348 WebDriverAgentRunner-Runner[1375:148826] Posting KVO notifications for animationsHaveFinished
23:32:45.348 WebDriverAgentRunner-Runner[1375:148205] KVO change: checked status of Expect value of 'isQuiescent' of com.apple.Preferences (pid:1307) to be '1': fulfill=YES
23:32:45.349 WebDriverAgentRunner-Runner[1375:148205] Fulfilling (Expect value of 'foreground' of com.apple.Preferences (pid:1307) to be '0' OR Expect value of 'isQuiescent' of com.apple.Preferences (pid:1307) to be '1') because Expect value of 'isQuiescent' of com.apple.Preferences (pid:1307) to be '1' is fulfilled
23:32:45.349 WebDriverAgentRunner-Runner[1375:148205] <XCTWaiter: 0x114544e40> entering wait loop for 10.00s with expectations: `(Expect value of 'foreground' of com.apple.Preferences (pid:1307) to be '0' OR Expect value of 'isQuiescent' of com.apple.Preferences (pid:1307) to be '1')`
23:32:45.349 WebDriverAgentRunner-Runner[1375:148205] Returning result XCTWaiterResultCompleted for synchronous waiter <XCTWaiter: 0x114544e40>
23:32:45.349 WebDriverAgentRunner-Runner[1375:148205] Wait <XCTWaiterWait: 0x114517c80> completed after 0.000s
23:32:45.349 WebDriverAgentRunner-Runner[1375:148205] cleaning up (Expect value of 'foreground' of com.apple.Preferences (pid:1307) to be '0' OR Expect value of 'isQuiescent' of com.apple.Preferences (pid:1307) to be '1')
23:32:45.349 WebDriverAgentRunner-Runner[1375:148205] cleaning up Expect value of 'foreground' of com.apple.Preferences (pid:1307) to be '0'
23:32:45.349 WebDriverAgentRunner-Runner[1375:148205] cleaning up Expect value of 'foreground' of com.apple.Preferences (pid:1307) to be '0'
23:32:45.349 WebDriverAgentRunner-Runner[1375:148205] cleaning up Expect value of 'isQuiescent' of com.apple.Preferences (pid:1307) to be '1'
23:32:45.350 WebDriverAgentRunner-Runner[1375:148205] cleaning up Expect value of 'isQuiescent' of com.apple.Preferences (pid:1307) to be '1'
23:32:45.350 WebDriverAgentRunner-Runner[1375:148205] com.apple.Preferences has quiesced or quiescence timeout has elapsed.
23:32:45.350 WebDriverAgentRunner-Runner[1375:148205] <XCTContext: 0x105d9cd20> finished activity <XCActivityRecord: 0x108d4aa00> 2026-07-19 16:32:45 +0000: Wait for com.apple.Preferences to idle (0.00414002s)
23:32:45.350 WebDriverAgentRunner-Runner[1375:148205] Overriding application state timeout, 10.0 -> 60.0
23:32:45.350 WebDriverAgentRunner-Runner[1375:148205] <XCTContext: 0x105d9cd20> started activity <XCActivityRecord: 0x108d4aa00> 2026-07-19 16:32:45 +0000: Find the Application 'com.apple.Preferences'
23:32:45.350 WebDriverAgentRunner-Runner[1375:148205] Executing query:

23:32:45.351 WebDriverAgentRunner-Runner[1375:148205] Creating future for 'checking for continuity enablement' with timeout 30.00
23:32:45.351 WebDriverAgentRunner-Runner[1375:148205] <XCTWaiter: 0x114544120> entering wait loop for 30.00s with expectations: `checking for continuity enablement`
    t =   100.68s     Find the Application 'com.apple.Preferences'
23:32:45.352 WebDriverAgentRunner-Runner[1375:148205] Returning result XCTWaiterResultCompleted for synchronous waiter <XCTWaiter: 0x114544120>
23:32:45.352 WebDriverAgentRunner-Runner[1375:148205] Wait <XCTWaiterWait: 0x114514180> completed after 0.001s
23:32:45.352 WebDriverAgentRunner-Runner[1375:148205] cleaning up checking for continuity enablement
23:32:45.352 WebDriverAgentRunner-Runner[1375:148205] Should evaluate query remotely? XCTDisableRemoteQueryEvaluation(d-write): YES, hasAutomationSession: YES, supportsRemoteEvaluation: YES
23:32:45.352 WebDriverAgentRunner-Runner[1375:148205] Getting matching snapshots for locally evaluated query
23:32:45.352 WebDriverAgentRunner-Runner[1375:148205] Evaluating query:
 
23:32:45.352 WebDriverAgentRunner-Runner[1375:148205] Getting root element snapshot
23:32:45.352 WebDriverAgentRunner-Runner[1375:148205] Getting snapshot for App element pid: 1307 for query 
23:32:45.352 WebDriverAgentRunner-Runner[1375:148205] <XCTContext: 0x105d9cd20> started activity <XCActivityRecord: 0x108d4ae60> 2026-07-19 16:32:45 +0000: Requesting snapshot of accessibility hierarchy for app with pid 1307
23:32:45.353 WebDriverAgentRunner-Runner[1375:148205] Query requires iOS snapshot attributes .
23:32:45.353 WebDriverAgentRunner-Runner[1375:148205] XCUIElementQuery <XCTElementSnapshotProvider> getting snapshot
23:32:45.353 WebDriverAgentRunner-Runner[1375:148205] Snapshot request has custom attributes 
23:32:45.353 WebDriverAgentRunner-Runner[1375:148205] Snapshot request has custom parameters {
    snapshotKeyHonorModalViews = 0;
}
23:32:45.353 WebDriverAgentRunner-Runner[1375:148205] Current snapshot generation is 2200
23:32:45.353 WebDriverAgentRunner-Runner[1375:148205] Query rootElementSnapshot is non-null with generation count 2176
23:32:45.353 WebDriverAgentRunner-Runner[1375:148205] Capturing a new snapshot
23:32:45.353 WebDriverAgentRunner-Runner[1375:148205] Fetching snapshot for App element pid: 1307 from testmanagerd with attributes XC_kAXXCAttributeElementType, XC_kAXXCAttributeElementBaseType, XC_kAXXCAttributeParent, XC_kAXXCAttributeIdentifier, XC_kAXXCAttributeAutomationType, XC_kAXXCAttributeTraits and parameters {
    maxArrayCount = 2147483647;
    maxChildren = 2147483647;
    maxDepth = 50;
    snapshotKeyHonorModalViews = 0;
    traverseFromParentsToChildren = 1;
}.
23:32:45.353 WebDriverAgentRunner-Runner[1375:148205] Creating future for 'fetching snapshot from testmanagerd.' with timeout 65.00
23:32:45.353 WebDriverAgentRunner-Runner[1375:148205] <XCTWaiter: 0x114545a10> entering wait loop for 65.00s with expectations: `fetching snapshot from testmanagerd.`
    t =   100.68s         Requesting snapshot of accessibility hierarchy for app with pid 1307
23:32:45.547 WebDriverAgentRunner-Runner[1375:148558] Got snapshot response with runtime issue support from testmanagerd.
23:32:45.547 WebDriverAgentRunner-Runner[1375:148205] Returning result XCTWaiterResultCompleted for synchronous waiter <XCTWaiter: 0x114545a10>
23:32:45.547 WebDriverAgentRunner-Runner[1375:148205] Wait <XCTWaiterWait: 0x114515100> completed after 0.194s
23:32:45.547 WebDriverAgentRunner-Runner[1375:148205] cleaning up fetching snapshot from testmanagerd.
23:32:45.548 WebDriverAgentRunner-Runner[1375:148205] <XCTContext: 0x105d9cd20> finished activity <XCActivityRecord: 0x108d4ae60> 2026-07-19 16:32:45 +0000: Requesting snapshot of accessibility hierarchy for app with pid 1307 (0.195419s)
23:32:45.548 WebDriverAgentRunner-Runner[1375:148205] Found matches {(
    App element pid: 1307
)} with root App element pid: 1307
23:32:45.548 WebDriverAgentRunner-Runner[1375:148205] <XCTContext: 0x105d9cd20> finished activity <XCActivityRecord: 0x108d4aa00> 2026-07-19 16:32:45 +0000: Find the Application 'com.apple.Preferences' (0.198274s)
    t =   100.87s Application is configured to skip UI interruption handling
23:32:45.549 WebDriverAgentRunner-Runner[1375:148205] <XCTContext: 0x105fc62b0> started activity <XCActivityRecord: 0x108d4aa00> 2026-07-19 16:32:45 +0000: Application is configured to skip UI interruption handling
23:32:45.549 WebDriverAgentRunner-Runner[1375:148205] <XCTContext: 0x105fc62b0> finished activity <XCActivityRecord: 0x108d4aa00> 2026-07-19 16:32:45 +0000: Application is configured to skip UI interruption handling (0.000265956s)
23:32:45.549 WebDriverAgentRunner-Runner[1375:148205] Creating future for 'checking for continuity enablement' with timeout 30.00
23:32:45.549 WebDriverAgentRunner-Runner[1375:148205] <XCTWaiter: 0x114544780> entering wait loop for 30.00s with expectations: `checking for continuity enablement`
23:32:45.550 WebDriverAgentRunner-Runner[1375:148205] Returning result XCTWaiterResultCompleted for synchronous waiter <XCTWaiter: 0x114544780>
23:32:45.550 WebDriverAgentRunner-Runner[1375:148205] Wait <XCTWaiterWait: 0x1144655c0> completed after 0.001s
23:32:45.550 WebDriverAgentRunner-Runner[1375:148205] cleaning up checking for continuity enablement
23:32:45.551 WebDriverAgentRunner-Runner[1375:148205] Creating future for 'fetching attributes 'XC_kAXXCAttributeElementType', 'XC_kAXXCAttributeElementBaseType', 'XC_kAXXCAttributeTraits', 'XC_kAXXCAttributeAutomationType' for App element pid: 1307' with timeout 30.00
23:32:45.551 WebDriverAgentRunner-Runner[1375:148205] <XCTWaiter: 0x1145443c0> entering wait loop for 30.00s with expectations: `fetching attributes 'XC_kAXXCAttributeElementType', 'XC_kAXXCAttributeElementBaseType', 'XC_kAXXCAttributeTraits', 'XC_kAXXCAttributeAutomationType' for App element pid: 1307`
23:32:45.551 WebDriverAgentRunner-Runner[1375:148205] Returning result XCTWaiterResultCompleted for synchronous waiter <XCTWaiter: 0x1145443c0>
23:32:45.551 WebDriverAgentRunner-Runner[1375:148205] Wait <XCTWaiterWait: 0x114464500> completed after 0.001s
23:32:45.551 WebDriverAgentRunner-Runner[1375:148205] cleaning up fetching attributes 'XC_kAXXCAttributeElementType', 'XC_kAXXCAttributeElementBaseType', 'XC_kAXXCAttributeTraits', 'XC_kAXXCAttributeAutomationType' for App element pid: 1307
23:32:45.552 WebDriverAgentRunner-Runner[1375:148205] App element pid: 1307 (App element pid: 1307) faulted in {
    "XC_kAXXCAttributeAutomationType" = 1;
    "XC_kAXXCAttributeElementBaseType" = UIApplication;
    "XC_kAXXCAttributeElementType" = "_TtC7SwiftUIP33_ACC2C5639A7D76F611E170E831FCA49118SwiftUIApplication";
    "XC_kAXXCAttributeTraits" = 0;
}: (no error) for elementType using XC_kAXXCAttributeElementType, XC_kAXXCAttributeElementBaseType, XC_kAXXCAttributeTraits, XC_kAXXCAttributeAutomationType
23:32:45.552 WebDriverAgentRunner-Runner[1375:148205] Computed elementType Application.
23:32:45.552 WebDriverAgentRunner-Runner[1375:148205] <XCTContext: 0x105d9cd20> started activity <XCActivityRecord: 0x108d4ae60> 2026-07-19 16:32:45 +0000: Synthesize event
23:32:45.552 WebDriverAgentRunner-Runner[1375:148205] Creating future for 'checking for continuity enablement' with timeout 30.00
23:32:45.552 WebDriverAgentRunner-Runner[1375:148205] <XCTWaiter: 0x114545020> entering wait loop for 30.00s with expectations: `checking for continuity enablement`
23:32:45.553 WebDriverAgentRunner-Runner[1375:148205] Returning result XCTWaiterResultCompleted for synchronous waiter <XCTWaiter: 0x114545020>
23:32:45.553 WebDriverAgentRunner-Runner[1375:148205] Wait <XCTWaiterWait: 0x1144678c0> completed after 0.001s
23:32:45.553 WebDriverAgentRunner-Runner[1375:148205] cleaning up checking for continuity enablement
23:32:45.553 WebDriverAgentRunner-Runner[1375:148205] Creating future for 'fetching attributes 'XC_kAXXCAttributeWindowDisplayId' for App element pid: 1307' with timeout 30.00
    t =   100.88s     Synthesize event
23:32:45.553 WebDriverAgentRunner-Runner[1375:148205] <XCTWaiter: 0x114544ff0> entering wait loop for 30.00s with expectations: `fetching attributes 'XC_kAXXCAttributeWindowDisplayId' for App element pid: 1307`
23:32:45.554 WebDriverAgentRunner-Runner[1375:148205] Returning result XCTWaiterResultCompleted for synchronous waiter <XCTWaiter: 0x114544ff0>
23:32:45.554 WebDriverAgentRunner-Runner[1375:148205] Wait <XCTWaiterWait: 0x114466e40> completed after 0.001s
23:32:45.554 WebDriverAgentRunner-Runner[1375:148205] cleaning up fetching attributes 'XC_kAXXCAttributeWindowDisplayId' for App element pid: 1307
23:32:45.554 WebDriverAgentRunner-Runner[1375:148205] Application, pid: 1307 (App element pid: 1307) faulted in {
    "XC_kAXXCAttributeWindowDisplayId" = 0;
}: (no error) for displayID using XC_kAXXCAttributeWindowDisplayId
23:32:45.554 WebDriverAgentRunner-Runner[1375:148205] Fetched display ID for Application, pid: 1307 was 0, checked nearest remote ancestor (null), got (null)
23:32:45.554 WebDriverAgentRunner-Runner[1375:148205] Creating future for 'getting screen identifiers' with timeout 30.00
23:32:45.554 WebDriverAgentRunner-Runner[1375:148205] <XCTWaiter: 0x114544ab0> entering wait loop for 30.00s with expectations: `getting screen identifiers`
23:32:45.554 WebDriverAgentRunner-Runner[1375:148205] Returning result XCTWaiterResultCompleted for synchronous waiter <XCTWaiter: 0x114544ab0>
23:32:45.554 WebDriverAgentRunner-Runner[1375:148205] Wait <XCTWaiterWait: 0x114464c00> completed after 0.000s
23:32:45.555 WebDriverAgentRunner-Runner[1375:148205] cleaning up getting screen identifiers
23:32:45.555 WebDriverAgentRunner-Runner[1375:148205] Creating future for 'synthesizing event' with timeout TBD
23:32:45.555 WebDriverAgentRunner-Runner[1375:148205] <XCTContext: 0x105d9cd20> started activity <XCActivityRecord: 0x108d481c0> 2026-07-19 16:32:45 +0000: Find the Application 'com.apple.Preferences'
23:32:45.555 WebDriverAgentRunner-Runner[1375:148205] Executing query:

23:32:45.555 WebDriverAgentRunner-Runner[1375:148205] Creating future for 'checking for continuity enablement' with timeout 30.00
23:32:45.555 WebDriverAgentRunner-Runner[1375:148205] <XCTWaiter: 0x114545770> entering wait loop for 30.00s with expectations: `checking for continuity enablement`
23:32:45.556 WebDriverAgentRunner-Runner[1375:148205] Returning result XCTWaiterResultCompleted for synchronous waiter <XCTWaiter: 0x114545770>
23:32:45.556 WebDriverAgentRunner-Runner[1375:148205] Wait <XCTWaiterWait: 0x114465b80> completed after 0.001s
23:32:45.556 WebDriverAgentRunner-Runner[1375:148205] cleaning up checking for continuity enablement
23:32:45.556 WebDriverAgentRunner-Runner[1375:148205] Should evaluate query remotely? XCTDisableRemoteQueryEvaluation(d-write): YES, hasAutomationSession: YES, supportsRemoteEvaluation: YES
23:32:45.556 WebDriverAgentRunner-Runner[1375:148205] Getting matching snapshots for locally evaluated query
23:32:45.557 WebDriverAgentRunner-Runner[1375:148205] Evaluating query:
 
23:32:45.557 WebDriverAgentRunner-Runner[1375:148205] Getting root element snapshot
23:32:45.557 WebDriverAgentRunner-Runner[1375:148205] Getting snapshot for App element pid: 1307 for query 
23:32:45.557 WebDriverAgentRunner-Runner[1375:148205] <XCTContext: 0x105d9cd20> started activity <XCActivityRecord: 0x108d4aa70> 2026-07-19 16:32:45 +0000: Requesting snapshot of accessibility hierarchy for app with pid 1307
23:32:45.557 WebDriverAgentRunner-Runner[1375:148205] Query requires iOS snapshot attributes .
23:32:45.557 WebDriverAgentRunner-Runner[1375:148205] XCUIElementQuery <XCTElementSnapshotProvider> getting snapshot
23:32:45.557 WebDriverAgentRunner-Runner[1375:148205] Snapshot request has custom attributes 
23:32:45.557 WebDriverAgentRunner-Runner[1375:148205] Snapshot request has custom parameters {
    snapshotKeyHonorModalViews = 0;
}
23:32:45.557 WebDriverAgentRunner-Runner[1375:148205] Current snapshot generation is 2207
23:32:45.558 WebDriverAgentRunner-Runner[1375:148205] Query rootElementSnapshot is non-null with generation count 2202
23:32:45.558 WebDriverAgentRunner-Runner[1375:148205] Capturing a new snapshot
23:32:45.558 WebDriverAgentRunner-Runner[1375:148205] Fetching snapshot for App element pid: 1307 from testmanagerd with attributes XC_kAXXCAttributeElementType, XC_kAXXCAttributeElementBaseType, XC_kAXXCAttributeParent, XC_kAXXCAttributeIdentifier, XC_kAXXCAttributeAutomationType, XC_kAXXCAttributeTraits and parameters {
    maxArrayCount = 2147483647;
    maxChildren = 2147483647;
    maxDepth = 50;
    snapshotKeyHonorModalViews = 0;
    traverseFromParentsToChildren = 1;
}.
23:32:45.558 WebDriverAgentRunner-Runner[1375:148205] Creating future for 'fetching snapshot from testmanagerd.' with timeout 65.00
23:32:45.558 WebDriverAgentRunner-Runner[1375:148205] <XCTWaiter: 0x1145460a0> entering wait loop for 65.00s with expectations: `fetching snapshot from testmanagerd.`
    t =   100.88s         Find the Application 'com.apple.Preferences'
    t =   100.88s             Requesting snapshot of accessibility hierarchy for app with pid 1307
23:32:45.726 WebDriverAgentRunner-Runner[1375:148558] Got snapshot response with runtime issue support from testmanagerd.
23:32:45.726 WebDriverAgentRunner-Runner[1375:148205] Returning result XCTWaiterResultCompleted for synchronous waiter <XCTWaiter: 0x1145460a0>
23:32:45.726 WebDriverAgentRunner-Runner[1375:148205] Wait <XCTWaiterWait: 0x114465bc0> completed after 0.168s
23:32:45.726 WebDriverAgentRunner-Runner[1375:148205] cleaning up fetching snapshot from testmanagerd.
23:32:45.726 WebDriverAgentRunner-Runner[1375:148205] <XCTContext: 0x105d9cd20> finished activity <XCActivityRecord: 0x108d4aa70> 2026-07-19 16:32:45 +0000: Requesting snapshot of accessibility hierarchy for app with pid 1307 (0.169488s)
23:32:45.727 WebDriverAgentRunner-Runner[1375:148205] Found matches {(
    App element pid: 1307
)} with root App element pid: 1307
23:32:45.727 WebDriverAgentRunner-Runner[1375:148205] <XCTContext: 0x105d9cd20> finished activity <XCActivityRecord: 0x108d481c0> 2026-07-19 16:32:45 +0000: Find the Application 'com.apple.Preferences' (0.171777s)
23:32:45.727 WebDriverAgentRunner-Runner[1375:148205] Creating future for 'checking for continuity enablement' with timeout 30.00
23:32:45.727 WebDriverAgentRunner-Runner[1375:148205] <XCTWaiter: 0x1144934e0> entering wait loop for 30.00s with expectations: `checking for continuity enablement`
23:32:45.728 WebDriverAgentRunner-Runner[1375:148205] Returning result XCTWaiterResultCompleted for synchronous waiter <XCTWaiter: 0x1144934e0>
23:32:45.728 WebDriverAgentRunner-Runner[1375:148205] Wait <XCTWaiterWait: 0x114462640> completed after 0.001s
23:32:45.728 WebDriverAgentRunner-Runner[1375:148205] cleaning up checking for continuity enablement
23:32:45.728 WebDriverAgentRunner-Runner[1375:148205] Creating future for 'fetching attributes 'XC_kAXXCAttributeFrame', 'XC_kAXXCAttributeWindowDisplayId', 'XC_kAXXCAttributeWindowContextId' for App element pid: 1307' with timeout 30.00
23:32:45.728 WebDriverAgentRunner-Runner[1375:148205] <XCTWaiter: 0x114490720> entering wait loop for 30.00s with expectations: `fetching attributes 'XC_kAXXCAttributeFrame', 'XC_kAXXCAttributeWindowDisplayId', 'XC_kAXXCAttributeWindowContextId' for App element pid: 1307`
23:32:45.729 WebDriverAgentRunner-Runner[1375:148205] Returning result XCTWaiterResultCompleted for synchronous waiter <XCTWaiter: 0x114490720>
23:32:45.729 WebDriverAgentRunner-Runner[1375:148205] Wait <XCTWaiterWait: 0x114463180> completed after 0.001s
23:32:45.729 WebDriverAgentRunner-Runner[1375:148205] cleaning up fetching attributes 'XC_kAXXCAttributeFrame', 'XC_kAXXCAttributeWindowDisplayId', 'XC_kAXXCAttributeWindowContextId' for App element pid: 1307
23:32:45.729 WebDriverAgentRunner-Runner[1375:148205] App element pid: 1307 (App element pid: 1307) faulted in {
    "XC_kAXXCAttributeFrame" =     {
        Height = 1024;
        Width = 1366;
        X = 0;
        Y = 0;
    };
    "XC_kAXXCAttributeWindowContextId" = 1702149038;
    "XC_kAXXCAttributeWindowDisplayId" = 0;
}: (no error) for frame using XC_kAXXCAttributeFrame, XC_kAXXCAttributeWindowDisplayId, XC_kAXXCAttributeWindowContextId
23:32:45.729 WebDriverAgentRunner-Runner[1375:148205] Creating future for 'checking for continuity enablement' with timeout 30.00
23:32:45.730 WebDriverAgentRunner-Runner[1375:148205] <XCTWaiter: 0x114491fe0> entering wait loop for 30.00s with expectations: `checking for continuity enablement`
23:32:45.730 WebDriverAgentRunner-Runner[1375:148205] Returning result XCTWaiterResultCompleted for synchronous waiter <XCTWaiter: 0x114491fe0>
23:32:45.731 WebDriverAgentRunner-Runner[1375:148205] Wait <XCTWaiterWait: 0x114461c80> completed after 0.001s
23:32:45.731 WebDriverAgentRunner-Runner[1375:148205] cleaning up checking for continuity enablement
23:32:45.731 WebDriverAgentRunner-Runner[1375:148205] Creating future for 'fetching attributes 'XC_kAXXCAttributeElementType', 'XC_kAXXCAttributeElementBaseType', 'XC_kAXXCAttributeTraits', 'XC_kAXXCAttributeAutomationType' for App element pid: 1307' with timeout 30.00
23:32:45.731 WebDriverAgentRunner-Runner[1375:148205] <XCTWaiter: 0x114490000> entering wait loop for 30.00s with expectations: `fetching attributes 'XC_kAXXCAttributeElementType', 'XC_kAXXCAttributeElementBaseType', 'XC_kAXXCAttributeTraits', 'XC_kAXXCAttributeAutomationType' for App element pid: 1307`
23:32:45.731 WebDriverAgentRunner-Runner[1375:148205] Returning result XCTWaiterResultCompleted for synchronous waiter <XCTWaiter: 0x114490000>
23:32:45.732 WebDriverAgentRunner-Runner[1375:148205] Wait <XCTWaiterWait: 0x114463500> completed after 0.001s
23:32:45.732 WebDriverAgentRunner-Runner[1375:148205] cleaning up fetching attributes 'XC_kAXXCAttributeElementType', 'XC_kAXXCAttributeElementBaseType', 'XC_kAXXCAttributeTraits', 'XC_kAXXCAttributeAutomationType' for App element pid: 1307
23:32:45.732 WebDriverAgentRunner-Runner[1375:148205] App element pid: 1307 (App element pid: 1307) faulted in {
    "XC_kAXXCAttributeAutomationType" = 1;
    "XC_kAXXCAttributeElementBaseType" = UIApplication;
    "XC_kAXXCAttributeElementType" = "_TtC7SwiftUIP33_ACC2C5639A7D76F611E170E831FCA49118SwiftUIApplication";
    "XC_kAXXCAttributeTraits" = 0;
}: (no error) for elementType using XC_kAXXCAttributeElementType, XC_kAXXCAttributeElementBaseType, XC_kAXXCAttributeTraits, XC_kAXXCAttributeAutomationType
23:32:45.732 WebDriverAgentRunner-Runner[1375:148205] Computed elementType Application.
23:32:45.732 WebDriverAgentRunner-Runner[1375:148205] <XCTContext: 0x105d9cd20> started activity <XCActivityRecord: 0x108d4b100> 2026-07-19 16:32:45 +0000: Find the Application 'com.apple.Preferences'
23:32:45.732 WebDriverAgentRunner-Runner[1375:148205] Executing query:

23:32:45.732 WebDriverAgentRunner-Runner[1375:148205] Creating future for 'checking for continuity enablement' with timeout 30.00
23:32:45.733 WebDriverAgentRunner-Runner[1375:148205] <XCTWaiter: 0x114492d30> entering wait loop for 30.00s with expectations: `checking for continuity enablement`
    t =   101.06s         Find the Application 'com.apple.Preferences'
23:32:45.735 WebDriverAgentRunner-Runner[1375:148205] Returning result XCTWaiterResultCompleted for synchronous waiter <XCTWaiter: 0x114492d30>
23:32:45.735 WebDriverAgentRunner-Runner[1375:148205] Wait <XCTWaiterWait: 0x114460480> completed after 0.002s
23:32:45.735 WebDriverAgentRunner-Runner[1375:148205] cleaning up checking for continuity enablement
23:32:45.735 WebDriverAgentRunner-Runner[1375:148205] Should evaluate query remotely? XCTDisableRemoteQueryEvaluation(d-write): YES, hasAutomationSession: YES, supportsRemoteEvaluation: YES
23:32:45.735 WebDriverAgentRunner-Runner[1375:148205] Getting matching snapshots for locally evaluated query
23:32:45.735 WebDriverAgentRunner-Runner[1375:148205] Evaluating query:
 
23:32:45.735 WebDriverAgentRunner-Runner[1375:148205] Getting root element snapshot
23:32:45.735 WebDriverAgentRunner-Runner[1375:148205] Getting snapshot for App element pid: 1307 for query 
23:32:45.735 WebDriverAgentRunner-Runner[1375:148205] <XCTContext: 0x105d9cd20> started activity <XCActivityRecord: 0x108d4b170> 2026-07-19 16:32:45 +0000: Requesting snapshot of accessibility hierarchy for app with pid 1307
23:32:45.736 WebDriverAgentRunner-Runner[1375:148205] Query requires iOS snapshot attributes .
23:32:45.736 WebDriverAgentRunner-Runner[1375:148205] XCUIElementQuery <XCTElementSnapshotProvider> getting snapshot
23:32:45.736 WebDriverAgentRunner-Runner[1375:148205] Snapshot request has custom attributes 
23:32:45.736 WebDriverAgentRunner-Runner[1375:148205] Snapshot request has custom parameters {
    snapshotKeyHonorModalViews = 0;
}
23:32:45.736 WebDriverAgentRunner-Runner[1375:148205] Current snapshot generation is 2214
23:32:45.736 WebDriverAgentRunner-Runner[1375:148205] Query rootElementSnapshot is non-null with generation count 2209
23:32:45.736 WebDriverAgentRunner-Runner[1375:148205] Capturing a new snapshot
23:32:45.736 WebDriverAgentRunner-Runner[1375:148205] Fetching snapshot for App element pid: 1307 from testmanagerd with attributes XC_kAXXCAttributeElementType, XC_kAXXCAttributeElementBaseType, XC_kAXXCAttributeParent, XC_kAXXCAttributeIdentifier, XC_kAXXCAttributeAutomationType, XC_kAXXCAttributeTraits and parameters {
    maxArrayCount = 2147483647;
    maxChildren = 2147483647;
    maxDepth = 50;
    snapshotKeyHonorModalViews = 0;
    traverseFromParentsToChildren = 1;
}.
23:32:45.736 WebDriverAgentRunner-Runner[1375:148205] Creating future for 'fetching snapshot from testmanagerd.' with timeout 65.00
23:32:45.736 WebDriverAgentRunner-Runner[1375:148205] <XCTWaiter: 0x1144910e0> entering wait loop for 65.00s with expectations: `fetching snapshot from testmanagerd.`
    t =   101.06s             Requesting snapshot of accessibility hierarchy for app with pid 1307
23:32:45.902 WebDriverAgentRunner-Runner[1375:149647] Got snapshot response with runtime issue support from testmanagerd.
23:32:45.902 WebDriverAgentRunner-Runner[1375:148205] Returning result XCTWaiterResultCompleted for synchronous waiter <XCTWaiter: 0x1144910e0>
23:32:45.902 WebDriverAgentRunner-Runner[1375:148205] Wait <XCTWaiterWait: 0x114461940> completed after 0.166s
23:32:45.903 WebDriverAgentRunner-Runner[1375:148205] cleaning up fetching snapshot from testmanagerd.
23:32:45.903 WebDriverAgentRunner-Runner[1375:148205] <XCTContext: 0x105d9cd20> finished activity <XCActivityRecord: 0x108d4b170> 2026-07-19 16:32:45 +0000: Requesting snapshot of accessibility hierarchy for app with pid 1307 (0.167348s)
23:32:45.903 WebDriverAgentRunner-Runner[1375:148205] Found matches {(
    App element pid: 1307
)} with root App element pid: 1307
23:32:45.903 WebDriverAgentRunner-Runner[1375:148205] <XCTContext: 0x105d9cd20> finished activity <XCActivityRecord: 0x108d4b100> 2026-07-19 16:32:45 +0000: Find the Application 'com.apple.Preferences' (0.171331s)
23:32:45.904 WebDriverAgentRunner-Runner[1375:148205] Creating future for 'checking for continuity enablement' with timeout 30.00
23:32:45.904 WebDriverAgentRunner-Runner[1375:148205] <XCTWaiter: 0x114545470> entering wait loop for 30.00s with expectations: `checking for continuity enablement`
23:32:45.905 WebDriverAgentRunner-Runner[1375:148205] Returning result XCTWaiterResultCompleted for synchronous waiter <XCTWaiter: 0x114545470>
23:32:45.905 WebDriverAgentRunner-Runner[1375:148205] Wait <XCTWaiterWait: 0x1144c4180> completed after 0.001s
23:32:45.905 WebDriverAgentRunner-Runner[1375:148205] cleaning up checking for continuity enablement
23:32:45.905 WebDriverAgentRunner-Runner[1375:148205] Creating future for 'fetching attributes 'XC_kAXXCAttributeFrame', 'XC_kAXXCAttributeWindowDisplayId', 'XC_kAXXCAttributeWindowContextId' for App element pid: 1307' with timeout 30.00
23:32:45.905 WebDriverAgentRunner-Runner[1375:148205] <XCTWaiter: 0x114545e30> entering wait loop for 30.00s with expectations: `fetching attributes 'XC_kAXXCAttributeFrame', 'XC_kAXXCAttributeWindowDisplayId', 'XC_kAXXCAttributeWindowContextId' for App element pid: 1307`
23:32:45.906 WebDriverAgentRunner-Runner[1375:148205] Returning result XCTWaiterResultCompleted for synchronous waiter <XCTWaiter: 0x114545e30>
23:32:45.906 WebDriverAgentRunner-Runner[1375:148205] Wait <XCTWaiterWait: 0x1144c42c0> completed after 0.001s
23:32:45.906 WebDriverAgentRunner-Runner[1375:148205] cleaning up fetching attributes 'XC_kAXXCAttributeFrame', 'XC_kAXXCAttributeWindowDisplayId', 'XC_kAXXCAttributeWindowContextId' for App element pid: 1307
23:32:45.906 WebDriverAgentRunner-Runner[1375:148205] App element pid: 1307 (App element pid: 1307) faulted in {
    "XC_kAXXCAttributeFrame" =     {
        Height = 1024;
        Width = 1366;
        X = 0;
        Y = 0;
    };
    "XC_kAXXCAttributeWindowContextId" = 1702149038;
    "XC_kAXXCAttributeWindowDisplayId" = 0;
}: (no error) for frame using XC_kAXXCAttributeFrame, XC_kAXXCAttributeWindowDisplayId, XC_kAXXCAttributeWindowContextId
23:32:45.906 WebDriverAgentRunner-Runner[1375:148205] Creating future for 'checking for continuity enablement' with timeout 30.00
23:32:45.906 WebDriverAgentRunner-Runner[1375:148205] <XCTWaiter: 0x114545740> entering wait loop for 30.00s with expectations: `checking for continuity enablement`
23:32:45.907 WebDriverAgentRunner-Runner[1375:148205] Returning result XCTWaiterResultCompleted for synchronous waiter <XCTWaiter: 0x114545740>
23:32:45.907 WebDriverAgentRunner-Runner[1375:148205] Wait <XCTWaiterWait: 0x1144c4440> completed after 0.001s
23:32:45.907 WebDriverAgentRunner-Runner[1375:148205] cleaning up checking for continuity enablement
23:32:45.907 WebDriverAgentRunner-Runner[1375:148205] Creating future for 'fetching attributes 'XC_kAXXCAttributeElementType', 'XC_kAXXCAttributeElementBaseType', 'XC_kAXXCAttributeTraits', 'XC_kAXXCAttributeAutomationType' for App element pid: 1307' with timeout 30.00
23:32:45.908 WebDriverAgentRunner-Runner[1375:148205] <XCTWaiter: 0x114544cc0> entering wait loop for 30.00s with expectations: `fetching attributes 'XC_kAXXCAttributeElementType', 'XC_kAXXCAttributeElementBaseType', 'XC_kAXXCAttributeTraits', 'XC_kAXXCAttributeAutomationType' for App element pid: 1307`
23:32:45.908 WebDriverAgentRunner-Runner[1375:148205] Returning result XCTWaiterResultCompleted for synchronous waiter <XCTWaiter: 0x114544cc0>
23:32:45.908 WebDriverAgentRunner-Runner[1375:148205] Wait <XCTWaiterWait: 0x1144c4580> completed after 0.001s
23:32:45.908 WebDriverAgentRunner-Runner[1375:148205] cleaning up fetching attributes 'XC_kAXXCAttributeElementType', 'XC_kAXXCAttributeElementBaseType', 'XC_kAXXCAttributeTraits', 'XC_kAXXCAttributeAutomationType' for App element pid: 1307
23:32:45.908 WebDriverAgentRunner-Runner[1375:148205] App element pid: 1307 (App element pid: 1307) faulted in {
    "XC_kAXXCAttributeAutomationType" = 1;
    "XC_kAXXCAttributeElementBaseType" = UIApplication;
    "XC_kAXXCAttributeElementType" = "_TtC7SwiftUIP33_ACC2C5639A7D76F611E170E831FCA49118SwiftUIApplication";
    "XC_kAXXCAttributeTraits" = 0;
}: (no error) for elementType using XC_kAXXCAttributeElementType, XC_kAXXCAttributeElementBaseType, XC_kAXXCAttributeTraits, XC_kAXXCAttributeAutomationType
23:32:45.908 WebDriverAgentRunner-Runner[1375:148205] Computed elementType Application.
23:32:45.908 WebDriverAgentRunner-Runner[1375:148205] Creating future for 'getting interface orientation' with timeout 65.00
23:32:45.909 WebDriverAgentRunner-Runner[1375:148205] <XCTWaiter: 0x114546370> entering wait loop for 65.00s with expectations: `getting interface orientation`
23:32:45.909 WebDriverAgentRunner-Runner[1375:148205] Returning result XCTWaiterResultCompleted for synchronous waiter <XCTWaiter: 0x114546370>
23:32:45.910 WebDriverAgentRunner-Runner[1375:148205] Wait <XCTWaiterWait: 0x1144c4740> completed after 0.001s
23:32:45.910 WebDriverAgentRunner-Runner[1375:148205] cleaning up getting interface orientation
23:32:45.910 WebDriverAgentRunner-Runner[1375:148205] Creating future for 'checking for continuity enablement' with timeout 30.00
23:32:45.910 WebDriverAgentRunner-Runner[1375:148205] <XCTWaiter: 0x114546a30> entering wait loop for 30.00s with expectations: `checking for continuity enablement`
23:32:45.911 WebDriverAgentRunner-Runner[1375:148205] Returning result XCTWaiterResultCompleted for synchronous waiter <XCTWaiter: 0x114546a30>
23:32:45.911 WebDriverAgentRunner-Runner[1375:148205] Wait <XCTWaiterWait: 0x1144c4880> completed after 0.001s
23:32:45.911 WebDriverAgentRunner-Runner[1375:148205] cleaning up checking for continuity enablement
23:32:45.911 WebDriverAgentRunner-Runner[1375:148205] Creating future for 'fetching attributes 'XC_kAXXCAttributeWindowDisplayId' for App element pid: 1307' with timeout 30.00
23:32:45.911 WebDriverAgentRunner-Runner[1375:148205] <XCTWaiter: 0x114546ca0> entering wait loop for 30.00s with expectations: `fetching attributes 'XC_kAXXCAttributeWindowDisplayId' for App element pid: 1307`
23:32:45.912 WebDriverAgentRunner-Runner[1375:148205] Returning result XCTWaiterResultCompleted for synchronous waiter <XCTWaiter: 0x114546ca0>
23:32:45.912 WebDriverAgentRunner-Runner[1375:148205] Wait <XCTWaiterWait: 0x1144c49c0> completed after 0.001s
23:32:45.912 WebDriverAgentRunner-Runner[1375:148205] cleaning up fetching attributes 'XC_kAXXCAttributeWindowDisplayId' for App element pid: 1307
23:32:45.912 WebDriverAgentRunner-Runner[1375:148205] Application, pid: 1307 (App element pid: 1307) faulted in {
    "XC_kAXXCAttributeWindowDisplayId" = 0;
}: (no error) for displayID using XC_kAXXCAttributeWindowDisplayId
23:32:45.912 WebDriverAgentRunner-Runner[1375:148205] Fetched display ID for Application, pid: 1307 was 0, checked nearest remote ancestor (null), got (null)
23:32:45.912 WebDriverAgentRunner-Runner[1375:148205] Creating future for 'getting screen identifiers' with timeout 30.00
23:32:45.912 WebDriverAgentRunner-Runner[1375:148205] <XCTWaiter: 0x114547000> entering wait loop for 30.00s with expectations: `getting screen identifiers`
23:32:45.912 WebDriverAgentRunner-Runner[1375:148205] Returning result XCTWaiterResultCompleted for synchronous waiter <XCTWaiter: 0x114547000>
23:32:45.912 WebDriverAgentRunner-Runner[1375:148205] Wait <XCTWaiterWait: 0x1144c4b80> completed after 0.000s
23:32:45.913 WebDriverAgentRunner-Runner[1375:148205] cleaning up getting screen identifiers
23:32:45.913 WebDriverAgentRunner-Runner[1375:148205] Creating future for 'getting screen bounds' with timeout 30.00
23:32:45.913 WebDriverAgentRunner-Runner[1375:148205] <XCTWaiter: 0x1145476c0> entering wait loop for 30.00s with expectations: `getting screen bounds`
23:32:45.913 WebDriverAgentRunner-Runner[1375:148205] Returning result XCTWaiterResultCompleted for synchronous waiter <XCTWaiter: 0x1145476c0>
23:32:45.913 WebDriverAgentRunner-Runner[1375:148205] Wait <XCTWaiterWait: 0x1144c4d00> completed after 0.000s
    t =   101.24s         Find the Application 'com.apple.Preferences'
23:32:45.913 WebDriverAgentRunner-Runner[1375:148205] cleaning up getting screen bounds
23:32:45.913 WebDriverAgentRunner-Runner[1375:148205] Creating future for 'getting screen scale' with timeout 30.00
23:32:45.913 WebDriverAgentRunner-Runner[1375:148205] <XCTWaiter: 0x114547a50> entering wait loop for 30.00s with expectations: `getting screen scale`
23:32:45.913 WebDriverAgentRunner-Runner[1375:148205] Returning result XCTWaiterResultCompleted for synchronous waiter <XCTWaiter: 0x114547a50>
23:32:45.913 WebDriverAgentRunner-Runner[1375:148205] Wait <XCTWaiterWait: 0x1144c4d00> completed after 0.000s
23:32:45.913 WebDriverAgentRunner-Runner[1375:148205] cleaning up getting screen scale
23:32:45.914 WebDriverAgentRunner-Runner[1375:148205] <XCTContext: 0x105d9cd20> started activity <XCActivityRecord: 0x108d4ac30> 2026-07-19 16:32:45 +0000: Find the Application 'com.apple.Preferences'
23:32:45.914 WebDriverAgentRunner-Runner[1375:148205] Executing query:

23:32:45.914 WebDriverAgentRunner-Runner[1375:148205] Creating future for 'checking for continuity enablement' with timeout 30.00
23:32:45.914 WebDriverAgentRunner-Runner[1375:148205] <XCTWaiter: 0x114547e10> entering wait loop for 30.00s with expectations: `checking for continuity enablement`
23:32:45.915 WebDriverAgentRunner-Runner[1375:148205] Returning result XCTWaiterResultCompleted for synchronous waiter <XCTWaiter: 0x114547e10>
23:32:45.915 WebDriverAgentRunner-Runner[1375:148205] Wait <XCTWaiterWait: 0x1144c4fc0> completed after 0.001s
23:32:45.915 WebDriverAgentRunner-Runner[1375:148205] cleaning up checking for continuity enablement
23:32:45.915 WebDriverAgentRunner-Runner[1375:148205] Should evaluate query remotely? XCTDisableRemoteQueryEvaluation(d-write): YES, hasAutomationSession: YES, supportsRemoteEvaluation: YES
23:32:45.915 WebDriverAgentRunner-Runner[1375:148205] Getting matching snapshots for locally evaluated query
23:32:45.915 WebDriverAgentRunner-Runner[1375:148205] Evaluating query:
 
23:32:45.915 WebDriverAgentRunner-Runner[1375:148205] Getting root element snapshot
23:32:45.915 WebDriverAgentRunner-Runner[1375:148205] Getting snapshot for App element pid: 1307 for query 
23:32:45.915 WebDriverAgentRunner-Runner[1375:148205] <XCTContext: 0x105d9cd20> started activity <XCActivityRecord: 0x108d4b1e0> 2026-07-19 16:32:45 +0000: Requesting snapshot of accessibility hierarchy for app with pid 1307
23:32:45.916 WebDriverAgentRunner-Runner[1375:148205] Query requires iOS snapshot attributes .
23:32:45.916 WebDriverAgentRunner-Runner[1375:148205] XCUIElementQuery <XCTElementSnapshotProvider> getting snapshot
23:32:45.916 WebDriverAgentRunner-Runner[1375:148205] Snapshot request has custom attributes 
23:32:45.916 WebDriverAgentRunner-Runner[1375:148205] Snapshot request has custom parameters {
    snapshotKeyHonorModalViews = 0;
}
23:32:45.916 WebDriverAgentRunner-Runner[1375:148205] Current snapshot generation is 2224
23:32:45.916 WebDriverAgentRunner-Runner[1375:148205] Query rootElementSnapshot is non-null with generation count 2216
23:32:45.916 WebDriverAgentRunner-Runner[1375:148205] Capturing a new snapshot
23:32:45.916 WebDriverAgentRunner-Runner[1375:148205] Fetching snapshot for App element pid: 1307 from testmanagerd with attributes XC_kAXXCAttributeElementType, XC_kAXXCAttributeElementBaseType, XC_kAXXCAttributeParent, XC_kAXXCAttributeIdentifier, XC_kAXXCAttributeAutomationType, XC_kAXXCAttributeTraits and parameters {
    maxArrayCount = 2147483647;
    maxChildren = 2147483647;
    maxDepth = 50;
    snapshotKeyHonorModalViews = 0;
    traverseFromParentsToChildren = 1;
}.
23:32:45.916 WebDriverAgentRunner-Runner[1375:148205] Creating future for 'fetching snapshot from testmanagerd.' with timeout 65.00
23:32:45.916 WebDriverAgentRunner-Runner[1375:148205] <XCTWaiter: 0x1144927f0> entering wait loop for 65.00s with expectations: `fetching snapshot from testmanagerd.`
    t =   101.24s             Requesting snapshot of accessibility hierarchy for app with pid 1307
23:32:46.072 WebDriverAgentRunner-Runner[1375:148826] Got snapshot response with runtime issue support from testmanagerd.
23:32:46.072 WebDriverAgentRunner-Runner[1375:148205] Returning result XCTWaiterResultCompleted for synchronous waiter <XCTWaiter: 0x1144927f0>
23:32:46.073 WebDriverAgentRunner-Runner[1375:148205] Wait <XCTWaiterWait: 0x1144c5440> completed after 0.156s
23:32:46.073 WebDriverAgentRunner-Runner[1375:148205] cleaning up fetching snapshot from testmanagerd.
23:32:46.073 WebDriverAgentRunner-Runner[1375:148205] <XCTContext: 0x105d9cd20> finished activity <XCActivityRecord: 0x108d4b1e0> 2026-07-19 16:32:45 +0000: Requesting snapshot of accessibility hierarchy for app with pid 1307 (0.157528s)
23:32:46.073 WebDriverAgentRunner-Runner[1375:148205] Found matches {(
    App element pid: 1307
)} with root App element pid: 1307
23:32:46.074 WebDriverAgentRunner-Runner[1375:148205] <XCTContext: 0x105d9cd20> finished activity <XCActivityRecord: 0x108d4ac30> 2026-07-19 16:32:45 +0000: Find the Application 'com.apple.Preferences' (0.159997s)
23:32:46.074 WebDriverAgentRunner-Runner[1375:148205] Creating future for 'checking for continuity enablement' with timeout 30.00
23:32:46.074 WebDriverAgentRunner-Runner[1375:148205] <XCTWaiter: 0x114492370> entering wait loop for 30.00s with expectations: `checking for continuity enablement`
23:32:46.075 WebDriverAgentRunner-Runner[1375:148205] Returning result XCTWaiterResultCompleted for synchronous waiter <XCTWaiter: 0x114492370>
23:32:46.076 WebDriverAgentRunner-Runner[1375:148205] Wait <XCTWaiterWait: 0x1144d0380> completed after 0.002s
23:32:46.076 WebDriverAgentRunner-Runner[1375:148205] cleaning up checking for continuity enablement
23:32:46.076 WebDriverAgentRunner-Runner[1375:148205] Creating future for 'fetching attributes 'XC_kAXXCAttributeFrame', 'XC_kAXXCAttributeWindowDisplayId', 'XC_kAXXCAttributeWindowContextId' for App element pid: 1307' with timeout 30.00
23:32:46.076 WebDriverAgentRunner-Runner[1375:148205] <XCTWaiter: 0x114493c30> entering wait loop for 30.00s with expectations: `fetching attributes 'XC_kAXXCAttributeFrame', 'XC_kAXXCAttributeWindowDisplayId', 'XC_kAXXCAttributeWindowContextId' for App element pid: 1307`
23:32:46.076 WebDriverAgentRunner-Runner[1375:148205] Returning result XCTWaiterResultCompleted for synchronous waiter <XCTWaiter: 0x114493c30>
23:32:46.077 WebDriverAgentRunner-Runner[1375:148205] Wait <XCTWaiterWait: 0x1144d1e80> completed after 0.001s
23:32:46.077 WebDriverAgentRunner-Runner[1375:148205] cleaning up fetching attributes 'XC_kAXXCAttributeFrame', 'XC_kAXXCAttributeWindowDisplayId', 'XC_kAXXCAttributeWindowContextId' for App element pid: 1307
23:32:46.077 WebDriverAgentRunner-Runner[1375:148205] App element pid: 1307 (App element pid: 1307) faulted in {
    "XC_kAXXCAttributeFrame" =     {
        Height = 1024;
        Width = 1366;
        X = 0;
        Y = 0;
    };
    "XC_kAXXCAttributeWindowContextId" = 1702149038;
    "XC_kAXXCAttributeWindowDisplayId" = 0;
}: (no error) for frame using XC_kAXXCAttributeFrame, XC_kAXXCAttributeWindowDisplayId, XC_kAXXCAttributeWindowContextId
23:32:46.077 WebDriverAgentRunner-Runner[1375:148205] Creating future for 'checking for continuity enablement' with timeout 30.00
23:32:46.077 WebDriverAgentRunner-Runner[1375:148205] <XCTWaiter: 0x114491470> entering wait loop for 30.00s with expectations: `checking for continuity enablement`
23:32:46.077 WebDriverAgentRunner-Runner[1375:148205] Returning result XCTWaiterResultCompleted for synchronous waiter <XCTWaiter: 0x114491470>
23:32:46.078 WebDriverAgentRunner-Runner[1375:148205] Wait <XCTWaiterWait: 0x1144d1180> completed after 0.001s
23:32:46.078 WebDriverAgentRunner-Runner[1375:148205] cleaning up checking for continuity enablement
23:32:46.078 WebDriverAgentRunner-Runner[1375:148205] Creating future for 'fetching attributes 'XC_kAXXCAttributeElementType', 'XC_kAXXCAttributeElementBaseType', 'XC_kAXXCAttributeTraits', 'XC_kAXXCAttributeAutomationType' for App element pid: 1307' with timeout 30.00
23:32:46.078 WebDriverAgentRunner-Runner[1375:148205] <XCTWaiter: 0x114490180> entering wait loop for 30.00s with expectations: `fetching attributes 'XC_kAXXCAttributeElementType', 'XC_kAXXCAttributeElementBaseType', 'XC_kAXXCAttributeTraits', 'XC_kAXXCAttributeAutomationType' for App element pid: 1307`
23:32:46.078 WebDriverAgentRunner-Runner[1375:148205] Returning result XCTWaiterResultCompleted for synchronous waiter <XCTWaiter: 0x114490180>
23:32:46.079 WebDriverAgentRunner-Runner[1375:148205] Wait <XCTWaiterWait: 0x1144d1dc0> completed after 0.001s
23:32:46.079 WebDriverAgentRunner-Runner[1375:148205] cleaning up fetching attributes 'XC_kAXXCAttributeElementType', 'XC_kAXXCAttributeElementBaseType', 'XC_kAXXCAttributeTraits', 'XC_kAXXCAttributeAutomationType' for App element pid: 1307
23:32:46.079 WebDriverAgentRunner-Runner[1375:148205] App element pid: 1307 (App element pid: 1307) faulted in {
    "XC_kAXXCAttributeAutomationType" = 1;
    "XC_kAXXCAttributeElementBaseType" = UIApplication;
    "XC_kAXXCAttributeElementType" = "_TtC7SwiftUIP33_ACC2C5639A7D76F611E170E831FCA49118SwiftUIApplication";
    "XC_kAXXCAttributeTraits" = 0;
}: (no error) for elementType using XC_kAXXCAttributeElementType, XC_kAXXCAttributeElementBaseType, XC_kAXXCAttributeTraits, XC_kAXXCAttributeAutomationType
23:32:46.079 WebDriverAgentRunner-Runner[1375:148205] Computed elementType Application.
23:32:46.079 WebDriverAgentRunner-Runner[1375:148205] <XCTContext: 0x105d9cd20> started activity <XCActivityRecord: 0x108d4b250> 2026-07-19 16:32:46 +0000: Find the Application 'com.apple.Preferences'
23:32:46.079 WebDriverAgentRunner-Runner[1375:148205] Executing query:

23:32:46.079 WebDriverAgentRunner-Runner[1375:148205] Creating future for 'checking for continuity enablement' with timeout 30.00
23:32:46.079 WebDriverAgentRunner-Runner[1375:148205] <XCTWaiter: 0x114490d20> entering wait loop for 30.00s with expectations: `checking for continuity enablement`
23:32:46.080 WebDriverAgentRunner-Runner[1375:148205] Returning result XCTWaiterResultCompleted for synchronous waiter <XCTWaiter: 0x114490d20>
    t =   101.40s         Find the Application 'com.apple.Preferences'
23:32:46.081 WebDriverAgentRunner-Runner[1375:148205] Wait <XCTWaiterWait: 0x1144d3980> completed after 0.001s
23:32:46.081 WebDriverAgentRunner-Runner[1375:148205] cleaning up checking for continuity enablement
23:32:46.081 WebDriverAgentRunner-Runner[1375:148205] Should evaluate query remotely? XCTDisableRemoteQueryEvaluation(d-write): YES, hasAutomationSession: YES, supportsRemoteEvaluation: YES
23:32:46.081 WebDriverAgentRunner-Runner[1375:148205] Getting matching snapshots for locally evaluated query
23:32:46.081 WebDriverAgentRunner-Runner[1375:148205] Evaluating query:
 
23:32:46.081 WebDriverAgentRunner-Runner[1375:148205] Getting root element snapshot
23:32:46.081 WebDriverAgentRunner-Runner[1375:148205] Getting snapshot for App element pid: 1307 for query 
23:32:46.081 WebDriverAgentRunner-Runner[1375:148205] <XCTContext: 0x105d9cd20> started activity <XCActivityRecord: 0x108d4b2c0> 2026-07-19 16:32:46 +0000: Requesting snapshot of accessibility hierarchy for app with pid 1307
23:32:46.081 WebDriverAgentRunner-Runner[1375:148205] Query requires iOS snapshot attributes .
23:32:46.081 WebDriverAgentRunner-Runner[1375:148205] XCUIElementQuery <XCTElementSnapshotProvider> getting snapshot
23:32:46.082 WebDriverAgentRunner-Runner[1375:148205] Snapshot request has custom attributes 
23:32:46.082 WebDriverAgentRunner-Runner[1375:148205] Snapshot request has custom parameters {
    snapshotKeyHonorModalViews = 0;
}
23:32:46.082 WebDriverAgentRunner-Runner[1375:148205] Current snapshot generation is 2231
23:32:46.082 WebDriverAgentRunner-Runner[1375:148205] Query rootElementSnapshot is non-null with generation count 2226
23:32:46.082 WebDriverAgentRunner-Runner[1375:148205] Capturing a new snapshot
23:32:46.082 WebDriverAgentRunner-Runner[1375:148205] Fetching snapshot for App element pid: 1307 from testmanagerd with attributes XC_kAXXCAttributeElementType, XC_kAXXCAttributeElementBaseType, XC_kAXXCAttributeParent, XC_kAXXCAttributeIdentifier, XC_kAXXCAttributeAutomationType, XC_kAXXCAttributeTraits and parameters {
    maxArrayCount = 2147483647;
    maxChildren = 2147483647;
    maxDepth = 50;
    snapshotKeyHonorModalViews = 0;
    traverseFromParentsToChildren = 1;
}.
23:32:46.082 WebDriverAgentRunner-Runner[1375:148205] Creating future for 'fetching snapshot from testmanagerd.' with timeout 65.00
23:32:46.082 WebDriverAgentRunner-Runner[1375:148205] <XCTWaiter: 0x114490690> entering wait loop for 65.00s with expectations: `fetching snapshot from testmanagerd.`
    t =   101.41s             Requesting snapshot of accessibility hierarchy for app with pid 1307
23:32:46.244 WebDriverAgentRunner-Runner[1375:148558] Got snapshot response with runtime issue support from testmanagerd.
23:32:46.244 WebDriverAgentRunner-Runner[1375:148205] Returning result XCTWaiterResultCompleted for synchronous waiter <XCTWaiter: 0x114490690>
23:32:46.244 WebDriverAgentRunner-Runner[1375:148205] Wait <XCTWaiterWait: 0x1144d2940> completed after 0.162s
23:32:46.244 WebDriverAgentRunner-Runner[1375:148205] cleaning up fetching snapshot from testmanagerd.
23:32:46.244 WebDriverAgentRunner-Runner[1375:148205] <XCTContext: 0x105d9cd20> finished activity <XCActivityRecord: 0x108d4b2c0> 2026-07-19 16:32:46 +0000: Requesting snapshot of accessibility hierarchy for app with pid 1307 (0.163124s)
23:32:46.245 WebDriverAgentRunner-Runner[1375:148205] Found matches {(
    App element pid: 1307
)} with root App element pid: 1307
23:32:46.245 WebDriverAgentRunner-Runner[1375:148205] <XCTContext: 0x105d9cd20> finished activity <XCActivityRecord: 0x108d4b250> 2026-07-19 16:32:46 +0000: Find the Application 'com.apple.Preferences' (0.166086s)
23:32:46.245 WebDriverAgentRunner-Runner[1375:148205] Creating future for 'checking for continuity enablement' with timeout 30.00
23:32:46.245 WebDriverAgentRunner-Runner[1375:148205] <XCTWaiter: 0x1144010b0> entering wait loop for 30.00s with expectations: `checking for continuity enablement`
23:32:46.247 WebDriverAgentRunner-Runner[1375:148205] Returning result XCTWaiterResultCompleted for synchronous waiter <XCTWaiter: 0x1144010b0>
23:32:46.247 WebDriverAgentRunner-Runner[1375:148205] Wait <XCTWaiterWait: 0x114460cc0> completed after 0.002s
23:32:46.247 WebDriverAgentRunner-Runner[1375:148205] cleaning up checking for continuity enablement
23:32:46.247 WebDriverAgentRunner-Runner[1375:148205] Creating future for 'fetching attributes 'XC_kAXXCAttributeFrame', 'XC_kAXXCAttributeWindowDisplayId', 'XC_kAXXCAttributeWindowContextId' for App element pid: 1307' with timeout 30.00
23:32:46.247 WebDriverAgentRunner-Runner[1375:148205] <XCTWaiter: 0x1144026a0> entering wait loop for 30.00s with expectations: `fetching attributes 'XC_kAXXCAttributeFrame', 'XC_kAXXCAttributeWindowDisplayId', 'XC_kAXXCAttributeWindowContextId' for App element pid: 1307`
23:32:46.248 WebDriverAgentRunner-Runner[1375:148205] Returning result XCTWaiterResultCompleted for synchronous waiter <XCTWaiter: 0x1144026a0>
23:32:46.248 WebDriverAgentRunner-Runner[1375:148205] Wait <XCTWaiterWait: 0x114461880> completed after 0.001s
23:32:46.248 WebDriverAgentRunner-Runner[1375:148205] cleaning up fetching attributes 'XC_kAXXCAttributeFrame', 'XC_kAXXCAttributeWindowDisplayId', 'XC_kAXXCAttributeWindowContextId' for App element pid: 1307
23:32:46.248 WebDriverAgentRunner-Runner[1375:148205] App element pid: 1307 (App element pid: 1307) faulted in {
    "XC_kAXXCAttributeFrame" =     {
        Height = 1024;
        Width = 1366;
        X = 0;
        Y = 0;
    };
    "XC_kAXXCAttributeWindowContextId" = 1702149038;
    "XC_kAXXCAttributeWindowDisplayId" = 0;
}: (no error) for frame using XC_kAXXCAttributeFrame, XC_kAXXCAttributeWindowDisplayId, XC_kAXXCAttributeWindowContextId
23:32:46.248 WebDriverAgentRunner-Runner[1375:148205] Creating future for 'checking for continuity enablement' with timeout 30.00
23:32:46.248 WebDriverAgentRunner-Runner[1375:148205] <XCTWaiter: 0x114400d20> entering wait loop for 30.00s with expectations: `checking for continuity enablement`
23:32:46.249 WebDriverAgentRunner-Runner[1375:148205] Returning result XCTWaiterResultCompleted for synchronous waiter <XCTWaiter: 0x114400d20>
23:32:46.249 WebDriverAgentRunner-Runner[1375:148205] Wait <XCTWaiterWait: 0x114461cc0> completed after 0.001s
23:32:46.249 WebDriverAgentRunner-Runner[1375:148205] cleaning up checking for continuity enablement
23:32:46.249 WebDriverAgentRunner-Runner[1375:148205] Creating future for 'fetching attributes 'XC_kAXXCAttributeElementType', 'XC_kAXXCAttributeElementBaseType', 'XC_kAXXCAttributeTraits', 'XC_kAXXCAttributeAutomationType' for App element pid: 1307' with timeout 30.00
23:32:46.250 WebDriverAgentRunner-Runner[1375:148205] <XCTWaiter: 0x114401fe0> entering wait loop for 30.00s with expectations: `fetching attributes 'XC_kAXXCAttributeElementType', 'XC_kAXXCAttributeElementBaseType', 'XC_kAXXCAttributeTraits', 'XC_kAXXCAttributeAutomationType' for App element pid: 1307`
23:32:46.250 WebDriverAgentRunner-Runner[1375:148205] Returning result XCTWaiterResultCompleted for synchronous waiter <XCTWaiter: 0x114401fe0>
23:32:46.250 WebDriverAgentRunner-Runner[1375:148205] Wait <XCTWaiterWait: 0x114460700> completed after 0.001s
23:32:46.250 WebDriverAgentRunner-Runner[1375:148205] cleaning up fetching attributes 'XC_kAXXCAttributeElementType', 'XC_kAXXCAttributeElementBaseType', 'XC_kAXXCAttributeTraits', 'XC_kAXXCAttributeAutomationType' for App element pid: 1307
23:32:46.250 WebDriverAgentRunner-Runner[1375:148205] App element pid: 1307 (App element pid: 1307) faulted in {
    "XC_kAXXCAttributeAutomationType" = 1;
    "XC_kAXXCAttributeElementBaseType" = UIApplication;
    "XC_kAXXCAttributeElementType" = "_TtC7SwiftUIP33_ACC2C5639A7D76F611E170E831FCA49118SwiftUIApplication";
    "XC_kAXXCAttributeTraits" = 0;
}: (no error) for elementType using XC_kAXXCAttributeElementType, XC_kAXXCAttributeElementBaseType, XC_kAXXCAttributeTraits, XC_kAXXCAttributeAutomationType
23:32:46.250 WebDriverAgentRunner-Runner[1375:148205] Computed elementType Application.
23:32:46.250 WebDriverAgentRunner-Runner[1375:148205] Creating future for 'getting interface orientation' with timeout 65.00
23:32:46.251 WebDriverAgentRunner-Runner[1375:148205] <XCTWaiter: 0x114401d70> entering wait loop for 65.00s with expectations: `getting interface orientation`
23:32:46.251 WebDriverAgentRunner-Runner[1375:148205] Returning result XCTWaiterResultCompleted for synchronous waiter <XCTWaiter: 0x114401d70>
23:32:46.252 WebDriverAgentRunner-Runner[1375:148205] Wait <XCTWaiterWait: 0x114462380> completed after 0.001s
23:32:46.252 WebDriverAgentRunner-Runner[1375:148205] cleaning up getting interface orientation
23:32:46.252 WebDriverAgentRunner-Runner[1375:148205] Creating future for 'checking for continuity enablement' with timeout 30.00
23:32:46.252 WebDriverAgentRunner-Runner[1375:148205] <XCTWaiter: 0x114402e50> entering wait loop for 30.00s with expectations: `checking for continuity enablement`
23:32:46.252 WebDriverAgentRunner-Runner[1375:148205] Returning result XCTWaiterResultCompleted for synchronous waiter <XCTWaiter: 0x114402e50>
23:32:46.253 WebDriverAgentRunner-Runner[1375:148205] Wait <XCTWaiterWait: 0x114461280> completed after 0.001s
23:32:46.253 WebDriverAgentRunner-Runner[1375:148205] cleaning up checking for continuity enablement
23:32:46.253 WebDriverAgentRunner-Runner[1375:148205] Creating future for 'fetching attributes 'XC_kAXXCAttributeWindowDisplayId' for App element pid: 1307' with timeout 30.00
23:32:46.253 WebDriverAgentRunner-Runner[1375:148205] <XCTWaiter: 0x114401200> entering wait loop for 30.00s with expectations: `fetching attributes 'XC_kAXXCAttributeWindowDisplayId' for App element pid: 1307`
23:32:46.253 WebDriverAgentRunner-Runner[1375:148205] Returning result XCTWaiterResultCompleted for synchronous waiter <XCTWaiter: 0x114401200>
23:32:46.253 WebDriverAgentRunner-Runner[1375:148205] Wait <XCTWaiterWait: 0x114460340> completed after 0.000s
23:32:46.253 WebDriverAgentRunner-Runner[1375:148205] cleaning up fetching attributes 'XC_kAXXCAttributeWindowDisplayId' for App element pid: 1307
23:32:46.254 WebDriverAgentRunner-Runner[1375:148205] Application, pid: 1307 (App element pid: 1307) faulted in {
    "XC_kAXXCAttributeWindowDisplayId" = 0;
}: (no error) for displayID using XC_kAXXCAttributeWindowDisplayId
23:32:46.254 WebDriverAgentRunner-Runner[1375:148205] Fetched display ID for Application, pid: 1307 was 0, checked nearest remote ancestor (null), got (null)
23:32:46.254 WebDriverAgentRunner-Runner[1375:148205] Creating future for 'getting screen identifiers' with timeout 30.00
23:32:46.254 WebDriverAgentRunner-Runner[1375:148205] <XCTWaiter: 0x114401620> entering wait loop for 30.00s with expectations: `getting screen identifiers`
23:32:46.254 WebDriverAgentRunner-Runner[1375:148205] Returning result XCTWaiterResultCompleted for synchronous waiter <XCTWaiter: 0x114401620>
23:32:46.254 WebDriverAgentRunner-Runner[1375:148205] Wait <XCTWaiterWait: 0x114461780> completed after 0.000s
23:32:46.254 WebDriverAgentRunner-Runner[1375:148205] cleaning up getting screen identifiers
23:32:46.254 WebDriverAgentRunner-Runner[1375:148205] Creating future for 'getting screen bounds' with timeout 30.00
23:32:46.254 WebDriverAgentRunner-Runner[1375:148205] <XCTWaiter: 0x114400960> entering wait loop for 30.00s with expectations: `getting screen bounds`
23:32:46.254 WebDriverAgentRunner-Runner[1375:148205] Returning result XCTWaiterResultCompleted for synchronous waiter <XCTWaiter: 0x114400960>
23:32:46.254 WebDriverAgentRunner-Runner[1375:148205] Wait <XCTWaiterWait: 0x114462180> completed after 0.000s
23:32:46.255 WebDriverAgentRunner-Runner[1375:148205] cleaning up getting screen bounds
23:32:46.255 WebDriverAgentRunner-Runner[1375:148205] Creating future for 'getting screen scale' with timeout 30.00
23:32:46.255 WebDriverAgentRunner-Runner[1375:148205] <XCTWaiter: 0x1144007e0> entering wait loop for 30.00s with expectations: `getting screen scale`
23:32:46.255 WebDriverAgentRunner-Runner[1375:148205] Returning result XCTWaiterResultCompleted for synchronous waiter <XCTWaiter: 0x1144007e0>
23:32:46.255 WebDriverAgentRunner-Runner[1375:148205] Wait <XCTWaiterWait: 0x114462180> completed after 0.000s
23:32:46.255 WebDriverAgentRunner-Runner[1375:148205] cleaning up getting screen scale
23:32:46.255 WebDriverAgentRunner-Runner[1375:148205] Creating future for 'checking for continuity enablement' with timeout 30.00
23:32:46.255 WebDriverAgentRunner-Runner[1375:148205] <XCTWaiter: 0x114402550> entering wait loop for 30.00s with expectations: `checking for continuity enablement`
23:32:46.256 WebDriverAgentRunner-Runner[1375:148205] Returning result XCTWaiterResultCompleted for synchronous waiter <XCTWaiter: 0x114402550>
23:32:46.256 WebDriverAgentRunner-Runner[1375:148205] Wait <XCTWaiterWait: 0x114460a80> completed after 0.001s
23:32:46.256 WebDriverAgentRunner-Runner[1375:148205] cleaning up checking for continuity enablement
23:32:46.256 WebDriverAgentRunner-Runner[1375:148205] Creating future for 'fetching attributes 'XC_kAXXCAttributeWindowDisplayId' for App element pid: 1307' with timeout 30.00
23:32:46.256 WebDriverAgentRunner-Runner[1375:148205] <XCTWaiter: 0x1144015f0> entering wait loop for 30.00s with expectations: `fetching attributes 'XC_kAXXCAttributeWindowDisplayId' for App element pid: 1307`
23:32:46.257 WebDriverAgentRunner-Runner[1375:148205] Returning result XCTWaiterResultCompleted for synchronous waiter <XCTWaiter: 0x1144015f0>
23:32:46.257 WebDriverAgentRunner-Runner[1375:148205] Wait <XCTWaiterWait: 0x114462400> completed after 0.000s
23:32:46.257 WebDriverAgentRunner-Runner[1375:148205] cleaning up fetching attributes 'XC_kAXXCAttributeWindowDisplayId' for App element pid: 1307
23:32:46.257 WebDriverAgentRunner-Runner[1375:148205] Application, pid: 1307 (App element pid: 1307) faulted in {
    "XC_kAXXCAttributeWindowDisplayId" = 0;
}: (no error) for displayID using XC_kAXXCAttributeWindowDisplayId
23:32:46.257 WebDriverAgentRunner-Runner[1375:148205] Fetched display ID for Application, pid: 1307 was 0, checked nearest remote ancestor (null), got (null)
23:32:46.257 WebDriverAgentRunner-Runner[1375:148205] Creating future for 'getting interface orientation' with timeout 65.00
23:32:46.257 WebDriverAgentRunner-Runner[1375:148205] <XCTWaiter: 0x114401dd0> entering wait loop for 65.00s with expectations: `getting interface orientation`
23:32:46.258 WebDriverAgentRunner-Runner[1375:148205] Returning result XCTWaiterResultCompleted for synchronous waiter <XCTWaiter: 0x114401dd0>
23:32:46.258 WebDriverAgentRunner-Runner[1375:148205] Wait <XCTWaiterWait: 0x114461240> completed after 0.001s
23:32:46.258 WebDriverAgentRunner-Runner[1375:148205] cleaning up getting interface orientation
23:32:46.258 WebDriverAgentRunner-Runner[1375:148205] <XCTContext: 0x105d9cd20> started activity <XCActivityRecord: 0x108d4b410> 2026-07-19 16:32:46 +0000: Find the Application 'com.apple.Preferences'
23:32:46.259 WebDriverAgentRunner-Runner[1375:148205] Executing query:

23:32:46.259 WebDriverAgentRunner-Runner[1375:148205] Creating future for 'checking for continuity enablement' with timeout 30.00
    t =   101.58s         Find the Application 'com.apple.Preferences'
23:32:46.259 WebDriverAgentRunner-Runner[1375:148205] <XCTWaiter: 0x114402610> entering wait loop for 30.00s with expectations: `checking for continuity enablement`
23:32:46.260 WebDriverAgentRunner-Runner[1375:148205] Returning result XCTWaiterResultCompleted for synchronous waiter <XCTWaiter: 0x114402610>
23:32:46.260 WebDriverAgentRunner-Runner[1375:148205] Wait <XCTWaiterWait: 0x114460840> completed after 0.001s
23:32:46.260 WebDriverAgentRunner-Runner[1375:148205] cleaning up checking for continuity enablement
23:32:46.260 WebDriverAgentRunner-Runner[1375:148205] Should evaluate query remotely? XCTDisableRemoteQueryEvaluation(d-write): YES, hasAutomationSession: YES, supportsRemoteEvaluation: YES
23:32:46.260 WebDriverAgentRunner-Runner[1375:148205] Getting matching snapshots for locally evaluated query
23:32:46.261 WebDriverAgentRunner-Runner[1375:148205] Evaluating query:
 
23:32:46.261 WebDriverAgentRunner-Runner[1375:148205] Getting root element snapshot
23:32:46.261 WebDriverAgentRunner-Runner[1375:148205] Getting snapshot for App element pid: 1307 for query 
23:32:46.261 WebDriverAgentRunner-Runner[1375:148205] <XCTContext: 0x105d9cd20> started activity <XCActivityRecord: 0x108d4b480> 2026-07-19 16:32:46 +0000: Requesting snapshot of accessibility hierarchy for app with pid 1307
23:32:46.261 WebDriverAgentRunner-Runner[1375:148205] Query requires iOS snapshot attributes .
23:32:46.261 WebDriverAgentRunner-Runner[1375:148205] XCUIElementQuery <XCTElementSnapshotProvider> getting snapshot
23:32:46.261 WebDriverAgentRunner-Runner[1375:148205] Snapshot request has custom attributes 
23:32:46.261 WebDriverAgentRunner-Runner[1375:148205] Snapshot request has custom parameters {
    snapshotKeyHonorModalViews = 0;
}
23:32:46.261 WebDriverAgentRunner-Runner[1375:148205] Current snapshot generation is 2244
23:32:46.261 WebDriverAgentRunner-Runner[1375:148205] Query rootElementSnapshot is non-null with generation count 2233
23:32:46.261 WebDriverAgentRunner-Runner[1375:148205] Capturing a new snapshot
23:32:46.262 WebDriverAgentRunner-Runner[1375:148205] Fetching snapshot for App element pid: 1307 from testmanagerd with attributes XC_kAXXCAttributeElementType, XC_kAXXCAttributeElementBaseType, XC_kAXXCAttributeParent, XC_kAXXCAttributeIdentifier, XC_kAXXCAttributeAutomationType, XC_kAXXCAttributeTraits and parameters {
    maxArrayCount = 2147483647;
    maxChildren = 2147483647;
    maxDepth = 50;
    snapshotKeyHonorModalViews = 0;
    traverseFromParentsToChildren = 1;
}.
23:32:46.262 WebDriverAgentRunner-Runner[1375:148205] Creating future for 'fetching snapshot from testmanagerd.' with timeout 65.00
23:32:46.262 WebDriverAgentRunner-Runner[1375:148205] <XCTWaiter: 0x114403780> entering wait loop for 65.00s with expectations: `fetching snapshot from testmanagerd.`
    t =   101.59s             Requesting snapshot of accessibility hierarchy for app with pid 1307
23:32:46.426 WebDriverAgentRunner-Runner[1375:148558] Got snapshot response with runtime issue support from testmanagerd.
23:32:46.426 WebDriverAgentRunner-Runner[1375:148205] Returning result XCTWaiterResultCompleted for synchronous waiter <XCTWaiter: 0x114403780>
23:32:46.426 WebDriverAgentRunner-Runner[1375:148205] Wait <XCTWaiterWait: 0x114463580> completed after 0.164s
23:32:46.426 WebDriverAgentRunner-Runner[1375:148205] cleaning up fetching snapshot from testmanagerd.
23:32:46.427 WebDriverAgentRunner-Runner[1375:148205] <XCTContext: 0x105d9cd20> finished activity <XCActivityRecord: 0x108d4b480> 2026-07-19 16:32:46 +0000: Requesting snapshot of accessibility hierarchy for app with pid 1307 (0.165809s)
23:32:46.427 WebDriverAgentRunner-Runner[1375:148205] Found matches {(
    App element pid: 1307
)} with root App element pid: 1307
23:32:46.427 WebDriverAgentRunner-Runner[1375:148205] <XCTContext: 0x105d9cd20> finished activity <XCActivityRecord: 0x108d4b410> 2026-07-19 16:32:46 +0000: Find the Application 'com.apple.Preferences' (0.168989s)
23:32:46.428 WebDriverAgentRunner-Runner[1375:148205] Creating future for 'checking for continuity enablement' with timeout 30.00
23:32:46.428 WebDriverAgentRunner-Runner[1375:148205] <XCTWaiter: 0x1144935d0> entering wait loop for 30.00s with expectations: `checking for continuity enablement`
23:32:46.429 WebDriverAgentRunner-Runner[1375:148205] Returning result XCTWaiterResultCompleted for synchronous waiter <XCTWaiter: 0x1144935d0>
23:32:46.429 WebDriverAgentRunner-Runner[1375:148205] Wait <XCTWaiterWait: 0x1144d0a40> completed after 0.001s
23:32:46.429 WebDriverAgentRunner-Runner[1375:148205] cleaning up checking for continuity enablement
23:32:46.429 WebDriverAgentRunner-Runner[1375:148205] Creating future for 'fetching attributes 'XC_kAXXCAttributeFrame', 'XC_kAXXCAttributeWindowDisplayId', 'XC_kAXXCAttributeWindowContextId' for App element pid: 1307' with timeout 30.00
23:32:46.429 WebDriverAgentRunner-Runner[1375:148205] <XCTWaiter: 0x1144915f0> entering wait loop for 30.00s with expectations: `fetching attributes 'XC_kAXXCAttributeFrame', 'XC_kAXXCAttributeWindowDisplayId', 'XC_kAXXCAttributeWindowContextId' for App element pid: 1307`
23:32:46.430 WebDriverAgentRunner-Runner[1375:148205] Returning result XCTWaiterResultCompleted for synchronous waiter <XCTWaiter: 0x1144915f0>
23:32:46.430 WebDriverAgentRunner-Runner[1375:148205] Wait <XCTWaiterWait: 0x1144d1c40> completed after 0.001s
23:32:46.430 WebDriverAgentRunner-Runner[1375:148205] cleaning up fetching attributes 'XC_kAXXCAttributeFrame', 'XC_kAXXCAttributeWindowDisplayId', 'XC_kAXXCAttributeWindowContextId' for App element pid: 1307
23:32:46.430 WebDriverAgentRunner-Runner[1375:148205] App element pid: 1307 (App element pid: 1307) faulted in {
    "XC_kAXXCAttributeFrame" =     {
        Height = 1024;
        Width = 1366;
        X = 0;
        Y = 0;
    };
    "XC_kAXXCAttributeWindowContextId" = 1702149038;
    "XC_kAXXCAttributeWindowDisplayId" = 0;
}: (no error) for frame using XC_kAXXCAttributeFrame, XC_kAXXCAttributeWindowDisplayId, XC_kAXXCAttributeWindowContextId
23:32:46.430 WebDriverAgentRunner-Runner[1375:148205] Creating future for 'checking for continuity enablement' with timeout 30.00
23:32:46.431 WebDriverAgentRunner-Runner[1375:148205] <XCTWaiter: 0x114493cf0> entering wait loop for 30.00s with expectations: `checking for continuity enablement`
23:32:46.431 WebDriverAgentRunner-Runner[1375:148205] Returning result XCTWaiterResultCompleted for synchronous waiter <XCTWaiter: 0x114493cf0>
23:32:46.431 WebDriverAgentRunner-Runner[1375:148205] Wait <XCTWaiterWait: 0x1144d3340> completed after 0.001s
23:32:46.432 WebDriverAgentRunner-Runner[1375:148205] cleaning up checking for continuity enablement
23:32:46.432 WebDriverAgentRunner-Runner[1375:148205] Creating future for 'fetching attributes 'XC_kAXXCAttributeElementType', 'XC_kAXXCAttributeElementBaseType', 'XC_kAXXCAttributeTraits', 'XC_kAXXCAttributeAutomationType' for App element pid: 1307' with timeout 30.00
23:32:46.432 WebDriverAgentRunner-Runner[1375:148205] <XCTWaiter: 0x1144938d0> entering wait loop for 30.00s with expectations: `fetching attributes 'XC_kAXXCAttributeElementType', 'XC_kAXXCAttributeElementBaseType', 'XC_kAXXCAttributeTraits', 'XC_kAXXCAttributeAutomationType' for App element pid: 1307`
23:32:46.432 WebDriverAgentRunner-Runner[1375:148205] Returning result XCTWaiterResultCompleted for synchronous waiter <XCTWaiter: 0x1144938d0>
23:32:46.432 WebDriverAgentRunner-Runner[1375:148205] Wait <XCTWaiterWait: 0x1144d29c0> completed after 0.001s
23:32:46.432 WebDriverAgentRunner-Runner[1375:148205] cleaning up fetching attributes 'XC_kAXXCAttributeElementType', 'XC_kAXXCAttributeElementBaseType', 'XC_kAXXCAttributeTraits', 'XC_kAXXCAttributeAutomationType' for App element pid: 1307
23:32:46.433 WebDriverAgentRunner-Runner[1375:148205] App element pid: 1307 (App element pid: 1307) faulted in {
    "XC_kAXXCAttributeAutomationType" = 1;
    "XC_kAXXCAttributeElementBaseType" = UIApplication;
    "XC_kAXXCAttributeElementType" = "_TtC7SwiftUIP33_ACC2C5639A7D76F611E170E831FCA49118SwiftUIApplication";
    "XC_kAXXCAttributeTraits" = 0;
}: (no error) for elementType using XC_kAXXCAttributeElementType, XC_kAXXCAttributeElementBaseType, XC_kAXXCAttributeTraits, XC_kAXXCAttributeAutomationType
23:32:46.433 WebDriverAgentRunner-Runner[1375:148205] Computed elementType Application.
23:32:46.433 WebDriverAgentRunner-Runner[1375:148205] Creating future for 'checking for continuity enablement' with timeout 30.00
23:32:46.433 WebDriverAgentRunner-Runner[1375:148205] <XCTWaiter: 0x114491ec0> entering wait loop for 30.00s with expectations: `checking for continuity enablement`
23:32:46.433 WebDriverAgentRunner-Runner[1375:148205] Returning result XCTWaiterResultCompleted for synchronous waiter <XCTWaiter: 0x114491ec0>
23:32:46.433 WebDriverAgentRunner-Runner[1375:148205] Wait <XCTWaiterWait: 0x1144d3100> completed after 0.001s
23:32:46.434 WebDriverAgentRunner-Runner[1375:148205] cleaning up checking for continuity enablement
23:32:46.434 WebDriverAgentRunner-Runner[1375:148205] Creating future for 'fetching attributes 'XC_kAXXCAttributeSystemAutomationProperties' for App element pid: 1307' with timeout 30.00
23:32:46.434 WebDriverAgentRunner-Runner[1375:148205] <XCTWaiter: 0x114490f60> entering wait loop for 30.00s with expectations: `fetching attributes 'XC_kAXXCAttributeSystemAutomationProperties' for App element pid: 1307`
23:32:46.434 WebDriverAgentRunner-Runner[1375:148205] Returning result XCTWaiterResultCompleted for synchronous waiter <XCTWaiter: 0x114490f60>
23:32:46.434 WebDriverAgentRunner-Runner[1375:148205] Wait <XCTWaiterWait: 0x1144d1100> completed after 0.000s
23:32:46.434 WebDriverAgentRunner-Runner[1375:148205] cleaning up fetching attributes 'XC_kAXXCAttributeSystemAutomationProperties' for App element pid: 1307
23:32:46.434 WebDriverAgentRunner-Runner[1375:148205] Application, pid: 1307 (App element pid: 1307) faulted in {
}: (no error) for systemAutomationProperties using XC_kAXXCAttributeSystemAutomationProperties
23:32:46.435 WebDriverAgentRunner-Runner[1375:148205] Requesting local synthesis of event: 
<XCSynthesizedEventRecord 'press, hold, drag, and hold display 0'>
Path 1:
	Touch down at 227.0, 429.0, offset=0.00s
	Move to 227.0, 429.0, offset=0.01s
	Move to 781.0, 414.0, offset=1.12s
	Touch up at 781.0, 414.0, offset=1.12s
23:32:46.435 WebDriverAgentRunner-Runner[1375:148205] Event upper bound on duration 31.12
23:32:46.435 WebDriverAgentRunner-Runner[1375:148205] Computed timeout 31.12 for future for 'synthesizing event'
23:32:46.435 WebDriverAgentRunner-Runner[1375:148205] <XCTWaiter: 0x114491e90> entering wait loop for 31.12s with expectations: `synthesizing event`
23:32:47.586 WebDriverAgentRunner-Runner[1375:148826] Handling kAXUserTestingNotification
23:32:47.586 WebDriverAgentRunner-Runner[1375:148826] Received kAXUserTestingNotification from AX element pid: 1307, elementOrHash.elementID: 0.1: {
    event = TouchEventsCompleted;
}
23:32:47.588 WebDriverAgentRunner-Runner[1375:148826] Handling kAXUserTestingNotification
23:32:47.589 WebDriverAgentRunner-Runner[1375:148826] Received kAXUserTestingNotification from AX element pid: 174, elementOrHash.elementID: 0.1: {
    event = TouchEventsCompleted;
}
23:32:47.784 WebDriverAgentRunner-Runner[1375:148558] Got event completion callback
23:32:47.785 WebDriverAgentRunner-Runner[1375:148205] Returning result XCTWaiterResultCompleted for synchronous waiter <XCTWaiter: 0x114491e90>
23:32:47.785 WebDriverAgentRunner-Runner[1375:148205] Wait <XCTWaiterWait: 0x1144d36c0> completed after 1.350s
23:32:47.785 WebDriverAgentRunner-Runner[1375:148205] cleaning up synthesizing event
23:32:47.785 WebDriverAgentRunner-Runner[1375:148205] Cancelation not currently supported for daemon event requests - this is a no-op.
23:32:47.785 WebDriverAgentRunner-Runner[1375:148205] Creating future for 'getting screen scale' with timeout 30.00
23:32:47.785 WebDriverAgentRunner-Runner[1375:148205] <XCTWaiter: 0x114493900> entering wait loop for 30.00s with expectations: `getting screen scale`
23:32:47.785 WebDriverAgentRunner-Runner[1375:148205] Returning result XCTWaiterResultCompleted for synchronous waiter <XCTWaiter: 0x114493900>
23:32:47.786 WebDriverAgentRunner-Runner[1375:148205] Wait <XCTWaiterWait: 0x1144d05c0> completed after 0.000s
23:32:47.786 WebDriverAgentRunner-Runner[1375:148205] cleaning up getting screen scale
23:32:47.786 WebDriverAgentRunner-Runner[1375:148205] Event synthesis future completed in 1.35s
23:32:47.786 WebDriverAgentRunner-Runner[1375:148205] <XCTContext: 0x105d9cd20> finished activity <XCActivityRecord: 0x108d4ae60> 2026-07-19 16:32:45 +0000: Synthesize event (2.23407s)
23:32:47.787 WebDriverAgentRunner-Runner[1375:148205] Overriding application state timeout, 60.0 -> 10.0
23:32:47.787 WebDriverAgentRunner-Runner[1375:148205] <XCTContext: 0x105d9cd20> started activity <XCActivityRecord: 0x108d48150> 2026-07-19 16:32:47 +0000: Wait for com.apple.Preferences to idle
23:32:47.787 WebDriverAgentRunner-Runner[1375:148205] Creating future for 'getting screen identifiers' with timeout 30.00
23:32:47.787 WebDriverAgentRunner-Runner[1375:148205] <XCTWaiter: 0x114492790> entering wait loop for 30.00s with expectations: `getting screen identifiers`
23:32:47.787 WebDriverAgentRunner-Runner[1375:148205] Returning result XCTWaiterResultCompleted for synchronous waiter <XCTWaiter: 0x114492790>
23:32:47.788 WebDriverAgentRunner-Runner[1375:148205] Wait <XCTWaiterWait: 0x1144d2a00> completed after 0.000s
23:32:47.788 WebDriverAgentRunner-Runner[1375:148205] cleaning up getting screen identifiers
23:32:47.788 WebDriverAgentRunner-Runner[1375:148205] Waiting for com.apple.Preferences (PID 1307) quiescence...
23:32:47.788 WebDriverAgentRunner-Runner[1375:148558] com.apple.Preferences (pid:1307) eventLoopHasIdled YES -> NO
    t =   103.11s     Wait for com.apple.Preferences to idle
23:32:47.788 WebDriverAgentRunner-Runner[1375:148826] Posting KVO notifications for eventLoopHasIdled
23:32:47.788 WebDriverAgentRunner-Runner[1375:148205] Requesting main run loop idle notification using automation session for com.apple.Preferences (pid:1307)
23:32:47.788 WebDriverAgentRunner-Runner[1375:148826] com.apple.Preferences (pid:1307) animationsHaveFinished YES -> NO
23:32:47.789 WebDriverAgentRunner-Runner[1375:148558] Posting KVO notifications for animationsHaveFinished
23:32:47.789 WebDriverAgentRunner-Runner[1375:148205] Requesting animations idle notification using automation session for com.apple.Preferences (pid:1307)
23:32:47.789 WebDriverAgentRunner-Runner[1375:148205] Waiting on quiescence state variables
23:32:47.789 WebDriverAgentRunner-Runner[1375:148558] Got event loop idle reply for com.apple.Preferences (PID 1307)
23:32:47.789 WebDriverAgentRunner-Runner[1375:148558] Event loop is idle.
23:32:47.789 WebDriverAgentRunner-Runner[1375:148205] KVO change: checked status of Expect value of 'foreground' of com.apple.Preferences (pid:1307) to be '0': fulfill=NO
23:32:47.789 WebDriverAgentRunner-Runner[1375:149844] com.apple.Preferences (pid:1307) eventLoopHasIdled NO -> YES
23:32:47.789 WebDriverAgentRunner-Runner[1375:149844] Posting KVO notifications for eventLoopHasIdled
23:32:47.789 WebDriverAgentRunner-Runner[1375:148205] KVO change: checked status of Expect value of 'foreground' of com.apple.Preferences (pid:1307) to be '0': fulfill=NO
23:32:47.790 WebDriverAgentRunner-Runner[1375:148205] isQuiescent: self.eventLoopHasIdled: YES && self.animationsHaveFinished: NO
23:32:47.790 WebDriverAgentRunner-Runner[1375:148205] KVO change: checked status of Expect value of 'isQuiescent' of com.apple.Preferences (pid:1307) to be '1': fulfill=NO
23:32:47.790 WebDriverAgentRunner-Runner[1375:148205] isQuiescent: self.eventLoopHasIdled: YES && self.animationsHaveFinished: NO
23:32:47.790 WebDriverAgentRunner-Runner[1375:148205] KVO change: checked status of Expect value of 'isQuiescent' of com.apple.Preferences (pid:1307) to be '1': fulfill=NO
23:32:47.790 WebDriverAgentRunner-Runner[1375:148205] Not fulfilling (Expect value of 'foreground' of com.apple.Preferences (pid:1307) to be '0' OR Expect value of 'isQuiescent' of com.apple.Preferences (pid:1307) to be '1') because no subexpectations are fulfilled
23:32:47.790 WebDriverAgentRunner-Runner[1375:148205] <XCTWaiter: 0x114490810> entering wait loop for 10.00s with expectations: `(Expect value of 'foreground' of com.apple.Preferences (pid:1307) to be '0' OR Expect value of 'isQuiescent' of com.apple.Preferences (pid:1307) to be '1')`
23:32:47.840 WebDriverAgentRunner-Runner[1375:148558] Got animations reply for com.apple.Preferences (PID 1307)
23:32:47.841 WebDriverAgentRunner-Runner[1375:148558] Animations are not active.
23:32:47.841 WebDriverAgentRunner-Runner[1375:149938] com.apple.Preferences (pid:1307) animationsHaveFinished NO -> YES
23:32:47.841 WebDriverAgentRunner-Runner[1375:148558] Posting KVO notifications for animationsHaveFinished
23:32:47.841 WebDriverAgentRunner-Runner[1375:148558] isQuiescent: self.eventLoopHasIdled: YES && self.animationsHaveFinished: YES
23:32:47.841 WebDriverAgentRunner-Runner[1375:148558] isQuiescent: self.eventLoopHasIdled: YES && self.animationsHaveFinished: YES
23:32:47.841 WebDriverAgentRunner-Runner[1375:148558] KVO change: checked status of Expect value of 'isQuiescent' of com.apple.Preferences (pid:1307) to be '1': fulfill=YES
23:32:47.841 WebDriverAgentRunner-Runner[1375:148558] Fulfilling (Expect value of 'foreground' of com.apple.Preferences (pid:1307) to be '0' OR Expect value of 'isQuiescent' of com.apple.Preferences (pid:1307) to be '1') because Expect value of 'isQuiescent' of com.apple.Preferences (pid:1307) to be '1' is fulfilled
23:32:47.842 WebDriverAgentRunner-Runner[1375:148205] Returning result XCTWaiterResultCompleted for synchronous waiter <XCTWaiter: 0x114490810>
23:32:47.842 WebDriverAgentRunner-Runner[1375:148205] Wait <XCTWaiterWait: 0x1144d1b40> completed after 0.052s
23:32:47.842 WebDriverAgentRunner-Runner[1375:148205] cleaning up (Expect value of 'foreground' of com.apple.Preferences (pid:1307) to be '0' OR Expect value of 'isQuiescent' of com.apple.Preferences (pid:1307) to be '1')
23:32:47.842 WebDriverAgentRunner-Runner[1375:148205] cleaning up Expect value of 'foreground' of com.apple.Preferences (pid:1307) to be '0'
23:32:47.842 WebDriverAgentRunner-Runner[1375:148205] cleaning up Expect value of 'foreground' of com.apple.Preferences (pid:1307) to be '0'
23:32:47.842 WebDriverAgentRunner-Runner[1375:148205] cleaning up Expect value of 'isQuiescent' of com.apple.Preferences (pid:1307) to be '1'
23:32:47.842 WebDriverAgentRunner-Runner[1375:148205] cleaning up Expect value of 'isQuiescent' of com.apple.Preferences (pid:1307) to be '1'
23:32:47.842 WebDriverAgentRunner-Runner[1375:148205] com.apple.Preferences has quiesced or quiescence timeout has elapsed.
23:32:47.842 WebDriverAgentRunner-Runner[1375:148205] <XCTContext: 0x105d9cd20> finished activity <XCActivityRecord: 0x108d48150> 2026-07-19 16:32:47 +0000: Wait for com.apple.Preferences to idle (0.055369s)
23:32:47.843 WebDriverAgentRunner-Runner[1375:148205] Overriding application state timeout, 10.0 -> 60.0
23:32:47.843 WebDriverAgentRunner-Runner[1375:148205] <XCTContext: 0x105d9cd20> finished activity <XCActivityRecord: 0x108d4abc0> 2026-07-19 16:32:45 +0000: Press Application 'com.apple.Preferences'[0.00, 0.00] -> (937.0, 227.0) for 0.0 seconds, then drag to Application 'com.apple.Preferences'[0.00, 0.00] -> (952.0, 781.0) with velocity of 500.00 pixels per second, and then hold for 0.0 seconds  (2.49755s)
23:33:50.975 WebDriverAgentRunner-Runner[1375:149647] Handling kAXUserTestingNotification
23:33:50.976 WebDriverAgentRunner-Runner[1375:149647] Received kAXUserTestingNotification from AX element pid: 347, elementOrHash.elementID: 0.1: {
    controllerClass = SBUIBannerClientContainerViewController;
    event = ViewDidAppear;
}
23:33:50.994 WebDriverAgentRunner-Runner[1375:149647] Handling kAXUserTestingNotification
23:33:50.995 WebDriverAgentRunner-Runner[1375:149647] Received kAXUserTestingNotification from AX element pid: 174, elementOrHash.elementID: 0.1: {
    controllerClass = BNContentViewController;
    event = ViewDidAppear;
}
23:33:52.337 WebDriverAgentRunner-Runner[1375:149938] Handling kAXUserTestingNotification
23:33:52.337 WebDriverAgentRunner-Runner[1375:149938] Received kAXUserTestingNotification from AX element pid: 174, elementOrHash.elementID: 0.1: {
    controllerClass = SBBannerSourceListenerHostedPresentableViewController;
    event = ViewDidAppear;
}
23:33:52.338 WebDriverAgentRunner-Runner[1375:149938] Handling kAXUserTestingNotification
23:33:52.339 WebDriverAgentRunner-Runner[1375:149938] Received kAXUserTestingNotification from AX element pid: 347, elementOrHash.elementID: 0.1: {
    controllerClass = BluetoothUIServiceBanner;
    event = ViewDidAppear;
}
23:33:57.700 WebDriverAgentRunner-Runner[1375:150649] Handling kAXUserTestingNotification
23:33:57.700 WebDriverAgentRunner-Runner[1375:150649] Received kAXUserTestingNotification from AX element pid: 347, elementOrHash.elementID: 0.1: {
    controllerClass = BluetoothUIServiceBanner;
    event = ViewDidDisappear;
}
23:33:57.707 WebDriverAgentRunner-Runner[1375:150649] Handling kAXUserTestingNotification
23:33:57.707 WebDriverAgentRunner-Runner[1375:150649] Received kAXUserTestingNotification from AX element pid: 174, elementOrHash.elementID: 0.1: {
    controllerClass = SBBannerSourceListenerHostedPresentableViewController;
    event = ViewDidDisappear;
}
23:33:57.711 WebDriverAgentRunner-Runner[1375:151245] Handling kAXUserTestingNotification
23:33:57.711 WebDriverAgentRunner-Runner[1375:151245] Received kAXUserTestingNotification from AX element pid: 174, elementOrHash.elementID: 0.1: {
    controllerClass = BNContentViewController;
    event = ViewDidDisappear;
}
23:33:57.726 WebDriverAgentRunner-Runner[1375:151245] Handling kAXUserTestingNotification
23:33:57.727 WebDriverAgentRunner-Runner[1375:151245] Received kAXUserTestingNotification from AX element pid: 347, elementOrHash.elementID: 0.1: {
    controllerClass = SBUIBannerClientContainerViewController;
    event = ViewDidDisappear;
}
23:35:35.766 WebDriverAgentRunner-Runner[1375:148205] Creating future for 'fetching attributes 'XC_kAXXCAttributeSystemAppApplication' for Device system-wide element' with timeout 65.00
23:35:35.767 WebDriverAgentRunner-Runner[1375:148205] <XCTWaiter: 0x1144906c0> entering wait loop for 65.00s with expectations: `fetching attributes 'XC_kAXXCAttributeSystemAppApplication' for Device system-wide element`
23:35:35.767 WebDriverAgentRunner-Runner[1375:153010] Got attribute fetch response with values {
    "XC_kAXXCAttributeSystemAppApplication" = "AX element pid: 174, elementOrHash.elementID: 0.1";
}, error: (null)
23:35:35.767 WebDriverAgentRunner-Runner[1375:148205] Returning result XCTWaiterResultCompleted for synchronous waiter <XCTWaiter: 0x1144906c0>
23:35:35.767 WebDriverAgentRunner-Runner[1375:148205] Wait <XCTWaiterWait: 0x1144c8480> completed after 0.001s
23:35:35.768 WebDriverAgentRunner-Runner[1375:148205] cleaning up fetching attributes 'XC_kAXXCAttributeSystemAppApplication' for Device system-wide element
23:35:35.768 WebDriverAgentRunner-Runner[1375:148205] Creating future for 'fetching attributes 'XC_kAXXCAttributeFocusedApplications' for AX element pid: 174, elementOrHash.elementID: 0.1' with timeout 65.00
23:35:35.768 WebDriverAgentRunner-Runner[1375:148205] <XCTWaiter: 0x114490b70> entering wait loop for 65.00s with expectations: `fetching attributes 'XC_kAXXCAttributeFocusedApplications' for AX element pid: 174, elementOrHash.elementID: 0.1`
23:35:35.771 WebDriverAgentRunner-Runner[1375:153010] Got attribute fetch response with values {
    "XC_kAXXCAttributeFocusedApplications" =     (
        "AX element pid: 1307, elementOrHash.elementID: 0.1",
        "AX element pid: 174, elementOrHash.elementID: 0.1"
    );
}, error: (null)
23:35:35.772 WebDriverAgentRunner-Runner[1375:148205] Returning result XCTWaiterResultCompleted for synchronous waiter <XCTWaiter: 0x114490b70>
23:35:35.772 WebDriverAgentRunner-Runner[1375:148205] Wait <XCTWaiterWait: 0x1144ca180> completed after 0.004s
23:35:35.772 WebDriverAgentRunner-Runner[1375:148205] cleaning up fetching attributes 'XC_kAXXCAttributeFocusedApplications' for AX element pid: 174, elementOrHash.elementID: 0.1
23:35:35.772 WebDriverAgentRunner-Runner[1375:148205] Active application elements: (
    "AX element pid: 1307, elementOrHash.elementID: 0.1",
    "AX element pid: 174, elementOrHash.elementID: 0.1"
)
    t =   271.14s Press Application 'com.apple.Preferences'[0.00, 0.00] -> (878.0, 851.0) for 0.0 seconds, then drag to Application 'com.apple.Preferences'[0.00, 0.00] -> (916.0, 208.0) with velocity of 500.00 pixels per second, and then hold for 0.0 seconds 
23:35:35.817 WebDriverAgentRunner-Runner[1375:148205] <XCTContext: 0x105d9cd20> started activity <XCActivityRecord: 0x108d4aa00> 2026-07-19 16:35:35 +0000: Press Application 'com.apple.Preferences'[0.00, 0.00] -> (878.0, 851.0) for 0.0 seconds, then drag to Application 'com.apple.Preferences'[0.00, 0.00] -> (916.0, 208.0) with velocity of 500.00 pixels per second, and then hold for 0.0 seconds 
23:35:35.818 WebDriverAgentRunner-Runner[1375:148205] Overriding application state timeout, 60.0 -> 10.0
23:35:35.818 WebDriverAgentRunner-Runner[1375:148205] <XCTContext: 0x105d9cd20> started activity <XCActivityRecord: 0x108d4abc0> 2026-07-19 16:35:35 +0000: Wait for com.apple.Preferences to idle
23:35:35.818 WebDriverAgentRunner-Runner[1375:148205] Creating future for 'getting screen identifiers' with timeout 30.00
23:35:35.818 WebDriverAgentRunner-Runner[1375:148205] <XCTWaiter: 0x1144909c0> entering wait loop for 30.00s with expectations: `getting screen identifiers`
23:35:35.818 WebDriverAgentRunner-Runner[1375:148205] Returning result XCTWaiterResultCompleted for synchronous waiter <XCTWaiter: 0x1144909c0>
23:35:35.819 WebDriverAgentRunner-Runner[1375:148205] Wait <XCTWaiterWait: 0x1144cb580> completed after 0.000s
23:35:35.819 WebDriverAgentRunner-Runner[1375:148205] cleaning up getting screen identifiers
23:35:35.819 WebDriverAgentRunner-Runner[1375:148205] Waiting for com.apple.Preferences (PID 1307) quiescence...
23:35:35.819 WebDriverAgentRunner-Runner[1375:151246] com.apple.Preferences (pid:1307) eventLoopHasIdled YES -> NO
    t =   271.14s     Wait for com.apple.Preferences to idle
23:35:35.819 WebDriverAgentRunner-Runner[1375:153010] Posting KVO notifications for eventLoopHasIdled
23:35:35.819 WebDriverAgentRunner-Runner[1375:148205] Requesting main run loop idle notification using automation session for com.apple.Preferences (pid:1307)
23:35:35.819 WebDriverAgentRunner-Runner[1375:153010] com.apple.Preferences (pid:1307) animationsHaveFinished YES -> NO
23:35:35.819 WebDriverAgentRunner-Runner[1375:153010] Posting KVO notifications for animationsHaveFinished
23:35:35.819 WebDriverAgentRunner-Runner[1375:151246] Got event loop idle reply for com.apple.Preferences (PID 1307)
23:35:35.820 WebDriverAgentRunner-Runner[1375:151246] Event loop is idle.
23:35:35.819 WebDriverAgentRunner-Runner[1375:148205] Requesting animations idle notification using automation session for com.apple.Preferences (pid:1307)
23:35:35.820 WebDriverAgentRunner-Runner[1375:151246] com.apple.Preferences (pid:1307) eventLoopHasIdled NO -> YES
23:35:35.820 WebDriverAgentRunner-Runner[1375:151246] Posting KVO notifications for eventLoopHasIdled
23:35:35.820 WebDriverAgentRunner-Runner[1375:148205] Waiting on quiescence state variables
23:35:35.820 WebDriverAgentRunner-Runner[1375:151246] Got animations reply for com.apple.Preferences (PID 1307)
23:35:35.820 WebDriverAgentRunner-Runner[1375:148205] KVO change: checked status of Expect value of 'foreground' of com.apple.Preferences (pid:1307) to be '0': fulfill=NO
23:35:35.820 WebDriverAgentRunner-Runner[1375:151246] Animations are not active.
23:35:35.820 WebDriverAgentRunner-Runner[1375:148205] KVO change: checked status of Expect value of 'foreground' of com.apple.Preferences (pid:1307) to be '0': fulfill=NO
23:35:35.820 WebDriverAgentRunner-Runner[1375:153010] com.apple.Preferences (pid:1307) animationsHaveFinished NO -> YES
23:35:35.820 WebDriverAgentRunner-Runner[1375:148205] isQuiescent: self.eventLoopHasIdled: YES && self.animationsHaveFinished: NO
23:35:35.821 WebDriverAgentRunner-Runner[1375:153010] Posting KVO notifications for animationsHaveFinished
23:35:35.821 WebDriverAgentRunner-Runner[1375:148205] KVO change: checked status of Expect value of 'isQuiescent' of com.apple.Preferences (pid:1307) to be '1': fulfill=YES
23:35:35.821 WebDriverAgentRunner-Runner[1375:148205] Fulfilling (Expect value of 'foreground' of com.apple.Preferences (pid:1307) to be '0' OR Expect value of 'isQuiescent' of com.apple.Preferences (pid:1307) to be '1') because Expect value of 'isQuiescent' of com.apple.Preferences (pid:1307) to be '1' is fulfilled
23:35:35.821 WebDriverAgentRunner-Runner[1375:148205] <XCTWaiter: 0x114492d30> entering wait loop for 10.00s with expectations: `(Expect value of 'foreground' of com.apple.Preferences (pid:1307) to be '0' OR Expect value of 'isQuiescent' of com.apple.Preferences (pid:1307) to be '1')`
23:35:35.821 WebDriverAgentRunner-Runner[1375:148205] Returning result XCTWaiterResultCompleted for synchronous waiter <XCTWaiter: 0x114492d30>
23:35:35.821 WebDriverAgentRunner-Runner[1375:148205] Wait <XCTWaiterWait: 0x1144cbb80> completed after 0.000s
23:35:35.821 WebDriverAgentRunner-Runner[1375:148205] cleaning up (Expect value of 'foreground' of com.apple.Preferences (pid:1307) to be '0' OR Expect value of 'isQuiescent' of com.apple.Preferences (pid:1307) to be '1')
23:35:35.821 WebDriverAgentRunner-Runner[1375:148205] cleaning up Expect value of 'foreground' of com.apple.Preferences (pid:1307) to be '0'
23:35:35.821 WebDriverAgentRunner-Runner[1375:148205] cleaning up Expect value of 'foreground' of com.apple.Preferences (pid:1307) to be '0'
23:35:35.822 WebDriverAgentRunner-Runner[1375:148205] cleaning up Expect value of 'isQuiescent' of com.apple.Preferences (pid:1307) to be '1'
23:35:35.822 WebDriverAgentRunner-Runner[1375:148205] cleaning up Expect value of 'isQuiescent' of com.apple.Preferences (pid:1307) to be '1'
23:35:35.822 WebDriverAgentRunner-Runner[1375:148205] com.apple.Preferences has quiesced or quiescence timeout has elapsed.
23:35:35.822 WebDriverAgentRunner-Runner[1375:148205] <XCTContext: 0x105d9cd20> finished activity <XCActivityRecord: 0x108d4abc0> 2026-07-19 16:35:35 +0000: Wait for com.apple.Preferences to idle (0.00385904s)
23:35:35.822 WebDriverAgentRunner-Runner[1375:148205] Overriding application state timeout, 10.0 -> 60.0
23:35:35.822 WebDriverAgentRunner-Runner[1375:148205] <XCTContext: 0x105d9cd20> started activity <XCActivityRecord: 0x108d4abc0> 2026-07-19 16:35:35 +0000: Find the Application 'com.apple.Preferences'
23:35:35.822 WebDriverAgentRunner-Runner[1375:148205] Executing query:

23:35:35.823 WebDriverAgentRunner-Runner[1375:148205] Creating future for 'checking for continuity enablement' with timeout 30.00
23:35:35.823 WebDriverAgentRunner-Runner[1375:148205] <XCTWaiter: 0x114493450> entering wait loop for 30.00s with expectations: `checking for continuity enablement`
    t =   271.15s     Find the Application 'com.apple.Preferences'
23:35:35.823 WebDriverAgentRunner-Runner[1375:148205] Returning result XCTWaiterResultCompleted for synchronous waiter <XCTWaiter: 0x114493450>
23:35:35.824 WebDriverAgentRunner-Runner[1375:148205] Wait <XCTWaiterWait: 0x1144cb280> completed after 0.001s
23:35:35.824 WebDriverAgentRunner-Runner[1375:148205] cleaning up checking for continuity enablement
23:35:35.824 WebDriverAgentRunner-Runner[1375:148205] Should evaluate query remotely? XCTDisableRemoteQueryEvaluation(d-write): YES, hasAutomationSession: YES, supportsRemoteEvaluation: YES
23:35:35.824 WebDriverAgentRunner-Runner[1375:148205] Getting matching snapshots for locally evaluated query
23:35:35.824 WebDriverAgentRunner-Runner[1375:148205] Evaluating query:
 
23:35:35.824 WebDriverAgentRunner-Runner[1375:148205] Getting root element snapshot
23:35:35.824 WebDriverAgentRunner-Runner[1375:148205] Getting snapshot for App element pid: 1307 for query 
23:35:35.824 WebDriverAgentRunner-Runner[1375:148205] <XCTContext: 0x105d9cd20> started activity <XCActivityRecord: 0x108d48150> 2026-07-19 16:35:35 +0000: Requesting snapshot of accessibility hierarchy for app with pid 1307
23:35:35.824 WebDriverAgentRunner-Runner[1375:148205] Query requires iOS snapshot attributes .
23:35:35.824 WebDriverAgentRunner-Runner[1375:148205] XCUIElementQuery <XCTElementSnapshotProvider> getting snapshot
23:35:35.825 WebDriverAgentRunner-Runner[1375:148205] Snapshot request has custom attributes 
23:35:35.825 WebDriverAgentRunner-Runner[1375:148205] Snapshot request has custom parameters {
    snapshotKeyHonorModalViews = 0;
}
23:35:35.825 WebDriverAgentRunner-Runner[1375:148205] Current snapshot generation is 5573
23:35:35.825 WebDriverAgentRunner-Runner[1375:148205] Query rootElementSnapshot is non-null with generation count 2246
23:35:35.825 WebDriverAgentRunner-Runner[1375:148205] Capturing a new snapshot
23:35:35.825 WebDriverAgentRunner-Runner[1375:148205] Fetching snapshot for App element pid: 1307 from testmanagerd with attributes XC_kAXXCAttributeElementType, XC_kAXXCAttributeElementBaseType, XC_kAXXCAttributeParent, XC_kAXXCAttributeIdentifier, XC_kAXXCAttributeAutomationType, XC_kAXXCAttributeTraits and parameters {
    maxArrayCount = 2147483647;
    maxChildren = 2147483647;
    maxDepth = 50;
    snapshotKeyHonorModalViews = 0;
    traverseFromParentsToChildren = 1;
}.
23:35:35.825 WebDriverAgentRunner-Runner[1375:148205] Creating future for 'fetching snapshot from testmanagerd.' with timeout 65.00
23:35:35.825 WebDriverAgentRunner-Runner[1375:148205] <XCTWaiter: 0x114492a90> entering wait loop for 65.00s with expectations: `fetching snapshot from testmanagerd.`
    t =   271.15s         Requesting snapshot of accessibility hierarchy for app with pid 1307
23:35:36.035 WebDriverAgentRunner-Runner[1375:153035] Got snapshot response with runtime issue support from testmanagerd.
23:35:36.035 WebDriverAgentRunner-Runner[1375:148205] Returning result XCTWaiterResultCompleted for synchronous waiter <XCTWaiter: 0x114492a90>
23:35:36.035 WebDriverAgentRunner-Runner[1375:148205] Wait <XCTWaiterWait: 0x1144cb4c0> completed after 0.210s
23:35:36.035 WebDriverAgentRunner-Runner[1375:148205] cleaning up fetching snapshot from testmanagerd.
23:35:36.036 WebDriverAgentRunner-Runner[1375:148205] <XCTContext: 0x105d9cd20> finished activity <XCActivityRecord: 0x108d48150> 2026-07-19 16:35:35 +0000: Requesting snapshot of accessibility hierarchy for app with pid 1307 (0.211397s)
23:35:36.036 WebDriverAgentRunner-Runner[1375:148205] Found matches {(
    App element pid: 1307
)} with root App element pid: 1307
23:35:36.037 WebDriverAgentRunner-Runner[1375:148205] <XCTContext: 0x105d9cd20> finished activity <XCActivityRecord: 0x108d4abc0> 2026-07-19 16:35:35 +0000: Find the Application 'com.apple.Preferences' (0.214299s)
23:35:36.037 WebDriverAgentRunner-Runner[1375:148205] <XCTContext: 0x105fc62b0> started activity <XCActivityRecord: 0x108d4abc0> 2026-07-19 16:35:36 +0000: Application is configured to skip UI interruption handling
    t =   271.36s Application is configured to skip UI interruption handling
23:35:36.037 WebDriverAgentRunner-Runner[1375:148205] <XCTContext: 0x105fc62b0> finished activity <XCActivityRecord: 0x108d4abc0> 2026-07-19 16:35:36 +0000: Application is configured to skip UI interruption handling (0.000329018s)
23:35:36.037 WebDriverAgentRunner-Runner[1375:148205] Creating future for 'checking for continuity enablement' with timeout 30.00
23:35:36.038 WebDriverAgentRunner-Runner[1375:148205] <XCTWaiter: 0x114491a40> entering wait loop for 30.00s with expectations: `checking for continuity enablement`
23:35:36.039 WebDriverAgentRunner-Runner[1375:148205] Returning result XCTWaiterResultCompleted for synchronous waiter <XCTWaiter: 0x114491a40>
23:35:36.039 WebDriverAgentRunner-Runner[1375:148205] Wait <XCTWaiterWait: 0x114574340> completed after 0.001s
23:35:36.039 WebDriverAgentRunner-Runner[1375:148205] cleaning up checking for continuity enablement
23:35:36.039 WebDriverAgentRunner-Runner[1375:148205] Creating future for 'fetching attributes 'XC_kAXXCAttributeElementType', 'XC_kAXXCAttributeElementBaseType', 'XC_kAXXCAttributeTraits', 'XC_kAXXCAttributeAutomationType' for App element pid: 1307' with timeout 30.00
23:35:36.039 WebDriverAgentRunner-Runner[1375:148205] <XCTWaiter: 0x114490330> entering wait loop for 30.00s with expectations: `fetching attributes 'XC_kAXXCAttributeElementType', 'XC_kAXXCAttributeElementBaseType', 'XC_kAXXCAttributeTraits', 'XC_kAXXCAttributeAutomationType' for App element pid: 1307`
23:35:36.040 WebDriverAgentRunner-Runner[1375:148205] Returning result XCTWaiterResultCompleted for synchronous waiter <XCTWaiter: 0x114490330>
23:35:36.040 WebDriverAgentRunner-Runner[1375:148205] Wait <XCTWaiterWait: 0x1145740c0> completed after 0.001s
23:35:36.040 WebDriverAgentRunner-Runner[1375:148205] cleaning up fetching attributes 'XC_kAXXCAttributeElementType', 'XC_kAXXCAttributeElementBaseType', 'XC_kAXXCAttributeTraits', 'XC_kAXXCAttributeAutomationType' for App element pid: 1307
23:35:36.040 WebDriverAgentRunner-Runner[1375:148205] App element pid: 1307 (App element pid: 1307) faulted in {
    "XC_kAXXCAttributeAutomationType" = 1;
    "XC_kAXXCAttributeElementBaseType" = UIApplication;
    "XC_kAXXCAttributeElementType" = "_TtC7SwiftUIP33_ACC2C5639A7D76F611E170E831FCA49118SwiftUIApplication";
    "XC_kAXXCAttributeTraits" = 0;
}: (no error) for elementType using XC_kAXXCAttributeElementType, XC_kAXXCAttributeElementBaseType, XC_kAXXCAttributeTraits, XC_kAXXCAttributeAutomationType
23:35:36.040 WebDriverAgentRunner-Runner[1375:148205] Computed elementType Application.
23:35:36.040 WebDriverAgentRunner-Runner[1375:148205] <XCTContext: 0x105d9cd20> started activity <XCActivityRecord: 0x108d48150> 2026-07-19 16:35:36 +0000: Synthesize event
23:35:36.041 WebDriverAgentRunner-Runner[1375:148205] Creating future for 'checking for continuity enablement' with timeout 30.00
23:35:36.041 WebDriverAgentRunner-Runner[1375:148205] <XCTWaiter: 0x114492190> entering wait loop for 30.00s with expectations: `checking for continuity enablement`
    t =   271.37s     Synthesize event
23:35:36.042 WebDriverAgentRunner-Runner[1375:148205] Returning result XCTWaiterResultCompleted for synchronous waiter <XCTWaiter: 0x114492190>
23:35:36.042 WebDriverAgentRunner-Runner[1375:148205] Wait <XCTWaiterWait: 0x114574580> completed after 0.001s
23:35:36.042 WebDriverAgentRunner-Runner[1375:148205] cleaning up checking for continuity enablement
23:35:36.042 WebDriverAgentRunner-Runner[1375:148205] Creating future for 'fetching attributes 'XC_kAXXCAttributeWindowDisplayId' for App element pid: 1307' with timeout 30.00
23:35:36.042 WebDriverAgentRunner-Runner[1375:148205] <XCTWaiter: 0x1144930c0> entering wait loop for 30.00s with expectations: `fetching attributes 'XC_kAXXCAttributeWindowDisplayId' for App element pid: 1307`
23:35:36.042 WebDriverAgentRunner-Runner[1375:148205] Returning result XCTWaiterResultCompleted for synchronous waiter <XCTWaiter: 0x1144930c0>
23:35:36.043 WebDriverAgentRunner-Runner[1375:148205] Wait <XCTWaiterWait: 0x1145746c0> completed after 0.000s
23:35:36.043 WebDriverAgentRunner-Runner[1375:148205] cleaning up fetching attributes 'XC_kAXXCAttributeWindowDisplayId' for App element pid: 1307
23:35:36.043 WebDriverAgentRunner-Runner[1375:148205] Application, pid: 1307 (App element pid: 1307) faulted in {
    "XC_kAXXCAttributeWindowDisplayId" = 0;
}: (no error) for displayID using XC_kAXXCAttributeWindowDisplayId
23:35:36.043 WebDriverAgentRunner-Runner[1375:148205] Fetched display ID for Application, pid: 1307 was 0, checked nearest remote ancestor (null), got (null)
23:35:36.043 WebDriverAgentRunner-Runner[1375:148205] Creating future for 'getting screen identifiers' with timeout 30.00
23:35:36.043 WebDriverAgentRunner-Runner[1375:148205] <XCTWaiter: 0x114493630> entering wait loop for 30.00s with expectations: `getting screen identifiers`
23:35:36.043 WebDriverAgentRunner-Runner[1375:148205] Returning result XCTWaiterResultCompleted for synchronous waiter <XCTWaiter: 0x114493630>
23:35:36.043 WebDriverAgentRunner-Runner[1375:148205] Wait <XCTWaiterWait: 0x114574880> completed after 0.000s
23:35:36.043 WebDriverAgentRunner-Runner[1375:148205] cleaning up getting screen identifiers
23:35:36.043 WebDriverAgentRunner-Runner[1375:148205] Creating future for 'synthesizing event' with timeout TBD
23:35:36.044 WebDriverAgentRunner-Runner[1375:148205] <XCTContext: 0x105d9cd20> started activity <XCActivityRecord: 0x108d4b100> 2026-07-19 16:35:36 +0000: Find the Application 'com.apple.Preferences'
23:35:36.044 WebDriverAgentRunner-Runner[1375:148205] Executing query:

23:35:36.044 WebDriverAgentRunner-Runner[1375:148205] Creating future for 'checking for continuity enablement' with timeout 30.00
23:35:36.044 WebDriverAgentRunner-Runner[1375:148205] <XCTWaiter: 0x114492430> entering wait loop for 30.00s with expectations: `checking for continuity enablement`
23:35:36.045 WebDriverAgentRunner-Runner[1375:148205] Returning result XCTWaiterResultCompleted for synchronous waiter <XCTWaiter: 0x114492430>
23:35:36.045 WebDriverAgentRunner-Runner[1375:148205] Wait <XCTWaiterWait: 0x114574ac0> completed after 0.001s
23:35:36.045 WebDriverAgentRunner-Runner[1375:148205] cleaning up checking for continuity enablement
23:35:36.045 WebDriverAgentRunner-Runner[1375:148205] Should evaluate query remotely? XCTDisableRemoteQueryEvaluation(d-write): YES, hasAutomationSession: YES, supportsRemoteEvaluation: YES
23:35:36.045 WebDriverAgentRunner-Runner[1375:148205] Getting matching snapshots for locally evaluated query
23:35:36.045 WebDriverAgentRunner-Runner[1375:148205] Evaluating query:
 
23:35:36.045 WebDriverAgentRunner-Runner[1375:148205] Getting root element snapshot
23:35:36.045 WebDriverAgentRunner-Runner[1375:148205] Getting snapshot for App element pid: 1307 for query 
23:35:36.046 WebDriverAgentRunner-Runner[1375:148205] <XCTContext: 0x105d9cd20> started activity <XCActivityRecord: 0x108d4b170> 2026-07-19 16:35:36 +0000: Requesting snapshot of accessibility hierarchy for app with pid 1307
23:35:36.046 WebDriverAgentRunner-Runner[1375:148205] Query requires iOS snapshot attributes .
23:35:36.046 WebDriverAgentRunner-Runner[1375:148205] XCUIElementQuery <XCTElementSnapshotProvider> getting snapshot
23:35:36.046 WebDriverAgentRunner-Runner[1375:148205] Snapshot request has custom attributes 
23:35:36.046 WebDriverAgentRunner-Runner[1375:148205] Snapshot request has custom parameters {
    snapshotKeyHonorModalViews = 0;
}
23:35:36.046 WebDriverAgentRunner-Runner[1375:148205] Current snapshot generation is 5581
23:35:36.046 WebDriverAgentRunner-Runner[1375:148205] Query rootElementSnapshot is non-null with generation count 5576
23:35:36.046 WebDriverAgentRunner-Runner[1375:148205] Capturing a new snapshot
23:35:36.046 WebDriverAgentRunner-Runner[1375:148205] Fetching snapshot for App element pid: 1307 from testmanagerd with attributes XC_kAXXCAttributeElementType, XC_kAXXCAttributeElementBaseType, XC_kAXXCAttributeParent, XC_kAXXCAttributeIdentifier, XC_kAXXCAttributeAutomationType, XC_kAXXCAttributeTraits and parameters {
    maxArrayCount = 2147483647;
    maxChildren = 2147483647;
    maxDepth = 50;
    snapshotKeyHonorModalViews = 0;
    traverseFromParentsToChildren = 1;
}.
23:35:36.047 WebDriverAgentRunner-Runner[1375:148205] Creating future for 'fetching snapshot from testmanagerd.' with timeout 65.00
23:35:36.047 WebDriverAgentRunner-Runner[1375:148205] <XCTWaiter: 0x114490ff0> entering wait loop for 65.00s with expectations: `fetching snapshot from testmanagerd.`
    t =   271.37s         Find the Application 'com.apple.Preferences'
    t =   271.37s             Requesting snapshot of accessibility hierarchy for app with pid 1307
23:35:36.242 WebDriverAgentRunner-Runner[1375:153035] Got snapshot response with runtime issue support from testmanagerd.
23:35:36.242 WebDriverAgentRunner-Runner[1375:148205] Returning result XCTWaiterResultCompleted for synchronous waiter <XCTWaiter: 0x114490ff0>
23:35:36.242 WebDriverAgentRunner-Runner[1375:148205] Wait <XCTWaiterWait: 0x114574f40> completed after 0.196s
23:35:36.242 WebDriverAgentRunner-Runner[1375:148205] cleaning up fetching snapshot from testmanagerd.
23:35:36.243 WebDriverAgentRunner-Runner[1375:148205] <XCTContext: 0x105d9cd20> finished activity <XCActivityRecord: 0x108d4b170> 2026-07-19 16:35:36 +0000: Requesting snapshot of accessibility hierarchy for app with pid 1307 (0.197079s)
23:35:36.243 WebDriverAgentRunner-Runner[1375:148205] Found matches {(
    App element pid: 1307
)} with root App element pid: 1307
23:35:36.243 WebDriverAgentRunner-Runner[1375:148205] <XCTContext: 0x105d9cd20> finished activity <XCActivityRecord: 0x108d4b100> 2026-07-19 16:35:36 +0000: Find the Application 'com.apple.Preferences' (0.199504s)
23:35:36.243 WebDriverAgentRunner-Runner[1375:148205] Creating future for 'checking for continuity enablement' with timeout 30.00
23:35:36.243 WebDriverAgentRunner-Runner[1375:148205] <XCTWaiter: 0x114401530> entering wait loop for 30.00s with expectations: `checking for continuity enablement`
23:35:36.245 WebDriverAgentRunner-Runner[1375:148205] Returning result XCTWaiterResultCompleted for synchronous waiter <XCTWaiter: 0x114401530>
23:35:36.245 WebDriverAgentRunner-Runner[1375:148205] Wait <XCTWaiterWait: 0x11456ccc0> completed after 0.001s
23:35:36.245 WebDriverAgentRunner-Runner[1375:148205] cleaning up checking for continuity enablement
23:35:36.245 WebDriverAgentRunner-Runner[1375:148205] Creating future for 'fetching attributes 'XC_kAXXCAttributeFrame', 'XC_kAXXCAttributeWindowDisplayId', 'XC_kAXXCAttributeWindowContextId' for App element pid: 1307' with timeout 30.00
23:35:36.245 WebDriverAgentRunner-Runner[1375:148205] <XCTWaiter: 0x114400bd0> entering wait loop for 30.00s with expectations: `fetching attributes 'XC_kAXXCAttributeFrame', 'XC_kAXXCAttributeWindowDisplayId', 'XC_kAXXCAttributeWindowContextId' for App element pid: 1307`
23:35:36.246 WebDriverAgentRunner-Runner[1375:148205] Returning result XCTWaiterResultCompleted for synchronous waiter <XCTWaiter: 0x114400bd0>
23:35:36.246 WebDriverAgentRunner-Runner[1375:148205] Wait <XCTWaiterWait: 0x11456e0c0> completed after 0.001s
23:35:36.246 WebDriverAgentRunner-Runner[1375:148205] cleaning up fetching attributes 'XC_kAXXCAttributeFrame', 'XC_kAXXCAttributeWindowDisplayId', 'XC_kAXXCAttributeWindowContextId' for App element pid: 1307
23:35:36.246 WebDriverAgentRunner-Runner[1375:148205] App element pid: 1307 (App element pid: 1307) faulted in {
    "XC_kAXXCAttributeFrame" =     {
        Height = 1024;
        Width = 1366;
        X = 0;
        Y = 0;
    };
    "XC_kAXXCAttributeWindowContextId" = 1702149038;
    "XC_kAXXCAttributeWindowDisplayId" = 0;
}: (no error) for frame using XC_kAXXCAttributeFrame, XC_kAXXCAttributeWindowDisplayId, XC_kAXXCAttributeWindowContextId
23:35:36.246 WebDriverAgentRunner-Runner[1375:148205] Creating future for 'checking for continuity enablement' with timeout 30.00
23:35:36.246 WebDriverAgentRunner-Runner[1375:148205] <XCTWaiter: 0x1144024f0> entering wait loop for 30.00s with expectations: `checking for continuity enablement`
23:35:36.247 WebDriverAgentRunner-Runner[1375:148205] Returning result XCTWaiterResultCompleted for synchronous waiter <XCTWaiter: 0x1144024f0>
23:35:36.247 WebDriverAgentRunner-Runner[1375:148205] Wait <XCTWaiterWait: 0x11456dfc0> completed after 0.001s
23:35:36.247 WebDriverAgentRunner-Runner[1375:148205] cleaning up checking for continuity enablement
23:35:36.247 WebDriverAgentRunner-Runner[1375:148205] Creating future for 'fetching attributes 'XC_kAXXCAttributeElementType', 'XC_kAXXCAttributeElementBaseType', 'XC_kAXXCAttributeTraits', 'XC_kAXXCAttributeAutomationType' for App element pid: 1307' with timeout 30.00
23:35:36.248 WebDriverAgentRunner-Runner[1375:148205] <XCTWaiter: 0x114400600> entering wait loop for 30.00s with expectations: `fetching attributes 'XC_kAXXCAttributeElementType', 'XC_kAXXCAttributeElementBaseType', 'XC_kAXXCAttributeTraits', 'XC_kAXXCAttributeAutomationType' for App element pid: 1307`
23:35:36.248 WebDriverAgentRunner-Runner[1375:148205] Returning result XCTWaiterResultCompleted for synchronous waiter <XCTWaiter: 0x114400600>
23:35:36.248 WebDriverAgentRunner-Runner[1375:148205] Wait <XCTWaiterWait: 0x11456f340> completed after 0.001s
23:35:36.248 WebDriverAgentRunner-Runner[1375:148205] cleaning up fetching attributes 'XC_kAXXCAttributeElementType', 'XC_kAXXCAttributeElementBaseType', 'XC_kAXXCAttributeTraits', 'XC_kAXXCAttributeAutomationType' for App element pid: 1307
23:35:36.248 WebDriverAgentRunner-Runner[1375:148205] App element pid: 1307 (App element pid: 1307) faulted in {
    "XC_kAXXCAttributeAutomationType" = 1;
    "XC_kAXXCAttributeElementBaseType" = UIApplication;
    "XC_kAXXCAttributeElementType" = "_TtC7SwiftUIP33_ACC2C5639A7D76F611E170E831FCA49118SwiftUIApplication";
    "XC_kAXXCAttributeTraits" = 0;
}: (no error) for elementType using XC_kAXXCAttributeElementType, XC_kAXXCAttributeElementBaseType, XC_kAXXCAttributeTraits, XC_kAXXCAttributeAutomationType
23:35:36.248 WebDriverAgentRunner-Runner[1375:148205] Computed elementType Application.
23:35:36.249 WebDriverAgentRunner-Runner[1375:148205] <XCTContext: 0x105d9cd20> started activity <XCActivityRecord: 0x108d4ab50> 2026-07-19 16:35:36 +0000: Find the Application 'com.apple.Preferences'
23:35:36.249 WebDriverAgentRunner-Runner[1375:148205] Executing query:

23:35:36.249 WebDriverAgentRunner-Runner[1375:148205] Creating future for 'checking for continuity enablement' with timeout 30.00
23:35:36.249 WebDriverAgentRunner-Runner[1375:148205] <XCTWaiter: 0x114402130> entering wait loop for 30.00s with expectations: `checking for continuity enablement`
    t =   271.57s         Find the Application 'com.apple.Preferences'
23:35:36.250 WebDriverAgentRunner-Runner[1375:148205] Returning result XCTWaiterResultCompleted for synchronous waiter <XCTWaiter: 0x114402130>
23:35:36.250 WebDriverAgentRunner-Runner[1375:148205] Wait <XCTWaiterWait: 0x11456c8c0> completed after 0.001s
23:35:36.250 WebDriverAgentRunner-Runner[1375:148205] cleaning up checking for continuity enablement
23:35:36.250 WebDriverAgentRunner-Runner[1375:148205] Should evaluate query remotely? XCTDisableRemoteQueryEvaluation(d-write): YES, hasAutomationSession: YES, supportsRemoteEvaluation: YES
23:35:36.250 WebDriverAgentRunner-Runner[1375:148205] Getting matching snapshots for locally evaluated query
23:35:36.251 WebDriverAgentRunner-Runner[1375:148205] Evaluating query:
 
23:35:36.251 WebDriverAgentRunner-Runner[1375:148205] Getting root element snapshot
23:35:36.251 WebDriverAgentRunner-Runner[1375:148205] Getting snapshot for App element pid: 1307 for query 
23:35:36.251 WebDriverAgentRunner-Runner[1375:148205] <XCTContext: 0x105d9cd20> started activity <XCActivityRecord: 0x108d4ac30> 2026-07-19 16:35:36 +0000: Requesting snapshot of accessibility hierarchy for app with pid 1307
23:35:36.251 WebDriverAgentRunner-Runner[1375:148205] Query requires iOS snapshot attributes .
23:35:36.251 WebDriverAgentRunner-Runner[1375:148205] XCUIElementQuery <XCTElementSnapshotProvider> getting snapshot
23:35:36.251 WebDriverAgentRunner-Runner[1375:148205] Snapshot request has custom attributes 
23:35:36.251 WebDriverAgentRunner-Runner[1375:148205] Snapshot request has custom parameters {
    snapshotKeyHonorModalViews = 0;
}
23:35:36.251 WebDriverAgentRunner-Runner[1375:148205] Current snapshot generation is 5588
23:35:36.251 WebDriverAgentRunner-Runner[1375:148205] Query rootElementSnapshot is non-null with generation count 5583
23:35:36.252 WebDriverAgentRunner-Runner[1375:148205] Capturing a new snapshot
23:35:36.252 WebDriverAgentRunner-Runner[1375:148205] Fetching snapshot for App element pid: 1307 from testmanagerd with attributes XC_kAXXCAttributeElementType, XC_kAXXCAttributeElementBaseType, XC_kAXXCAttributeParent, XC_kAXXCAttributeIdentifier, XC_kAXXCAttributeAutomationType, XC_kAXXCAttributeTraits and parameters {
    maxArrayCount = 2147483647;
    maxChildren = 2147483647;
    maxDepth = 50;
    snapshotKeyHonorModalViews = 0;
    traverseFromParentsToChildren = 1;
}.
23:35:36.252 WebDriverAgentRunner-Runner[1375:148205] Creating future for 'fetching snapshot from testmanagerd.' with timeout 65.00
23:35:36.252 WebDriverAgentRunner-Runner[1375:148205] <XCTWaiter: 0x114401b90> entering wait loop for 65.00s with expectations: `fetching snapshot from testmanagerd.`
    t =   271.58s             Requesting snapshot of accessibility hierarchy for app with pid 1307
23:35:36.418 WebDriverAgentRunner-Runner[1375:153010] Got snapshot response with runtime issue support from testmanagerd.
23:35:36.418 WebDriverAgentRunner-Runner[1375:148205] Returning result XCTWaiterResultCompleted for synchronous waiter <XCTWaiter: 0x114401b90>
23:35:36.418 WebDriverAgentRunner-Runner[1375:148205] Wait <XCTWaiterWait: 0x11456c5c0> completed after 0.166s
23:35:36.418 WebDriverAgentRunner-Runner[1375:148205] cleaning up fetching snapshot from testmanagerd.
23:35:36.418 WebDriverAgentRunner-Runner[1375:148205] <XCTContext: 0x105d9cd20> finished activity <XCActivityRecord: 0x108d4ac30> 2026-07-19 16:35:36 +0000: Requesting snapshot of accessibility hierarchy for app with pid 1307 (0.167491s)
23:35:36.419 WebDriverAgentRunner-Runner[1375:148205] Found matches {(
    App element pid: 1307
)} with root App element pid: 1307
23:35:36.419 WebDriverAgentRunner-Runner[1375:148205] <XCTContext: 0x105d9cd20> finished activity <XCActivityRecord: 0x108d4ab50> 2026-07-19 16:35:36 +0000: Find the Application 'com.apple.Preferences' (0.170923s)
23:35:36.421 WebDriverAgentRunner-Runner[1375:148205] Creating future for 'checking for continuity enablement' with timeout 30.00
23:35:36.421 WebDriverAgentRunner-Runner[1375:148205] <XCTWaiter: 0x114490870> entering wait loop for 30.00s with expectations: `checking for continuity enablement`
23:35:36.423 WebDriverAgentRunner-Runner[1375:148205] Returning result XCTWaiterResultCompleted for synchronous waiter <XCTWaiter: 0x114490870>
23:35:36.424 WebDriverAgentRunner-Runner[1375:148205] Wait <XCTWaiterWait: 0x114585380> completed after 0.003s
23:35:36.424 WebDriverAgentRunner-Runner[1375:148205] cleaning up checking for continuity enablement
23:35:36.424 WebDriverAgentRunner-Runner[1375:148205] Creating future for 'fetching attributes 'XC_kAXXCAttributeFrame', 'XC_kAXXCAttributeWindowDisplayId', 'XC_kAXXCAttributeWindowContextId' for App element pid: 1307' with timeout 30.00
23:35:36.425 WebDriverAgentRunner-Runner[1375:148205] <XCTWaiter: 0x1144933f0> entering wait loop for 30.00s with expectations: `fetching attributes 'XC_kAXXCAttributeFrame', 'XC_kAXXCAttributeWindowDisplayId', 'XC_kAXXCAttributeWindowContextId' for App element pid: 1307`
23:35:36.426 WebDriverAgentRunner-Runner[1375:148205] Returning result XCTWaiterResultCompleted for synchronous waiter <XCTWaiter: 0x1144933f0>
23:35:36.426 WebDriverAgentRunner-Runner[1375:148205] Wait <XCTWaiterWait: 0x114585080> completed after 0.001s
23:35:36.426 WebDriverAgentRunner-Runner[1375:148205] cleaning up fetching attributes 'XC_kAXXCAttributeFrame', 'XC_kAXXCAttributeWindowDisplayId', 'XC_kAXXCAttributeWindowContextId' for App element pid: 1307
23:35:36.426 WebDriverAgentRunner-Runner[1375:148205] App element pid: 1307 (App element pid: 1307) faulted in {
    "XC_kAXXCAttributeFrame" =     {
        Height = 1024;
        Width = 1366;
        X = 0;
        Y = 0;
    };
    "XC_kAXXCAttributeWindowContextId" = 1702149038;
    "XC_kAXXCAttributeWindowDisplayId" = 0;
}: (no error) for frame using XC_kAXXCAttributeFrame, XC_kAXXCAttributeWindowDisplayId, XC_kAXXCAttributeWindowContextId
23:35:36.426 WebDriverAgentRunner-Runner[1375:148205] Creating future for 'checking for continuity enablement' with timeout 30.00
23:35:36.426 WebDriverAgentRunner-Runner[1375:148205] <XCTWaiter: 0x114490fc0> entering wait loop for 30.00s with expectations: `checking for continuity enablement`
23:35:36.428 WebDriverAgentRunner-Runner[1375:148205] Returning result XCTWaiterResultCompleted for synchronous waiter <XCTWaiter: 0x114490fc0>
23:35:36.428 WebDriverAgentRunner-Runner[1375:148205] Wait <XCTWaiterWait: 0x114586280> completed after 0.002s
23:35:36.428 WebDriverAgentRunner-Runner[1375:148205] cleaning up checking for continuity enablement
23:35:36.428 WebDriverAgentRunner-Runner[1375:148205] Creating future for 'fetching attributes 'XC_kAXXCAttributeElementType', 'XC_kAXXCAttributeElementBaseType', 'XC_kAXXCAttributeTraits', 'XC_kAXXCAttributeAutomationType' for App element pid: 1307' with timeout 30.00
23:35:36.428 WebDriverAgentRunner-Runner[1375:148205] <XCTWaiter: 0x114493420> entering wait loop for 30.00s with expectations: `fetching attributes 'XC_kAXXCAttributeElementType', 'XC_kAXXCAttributeElementBaseType', 'XC_kAXXCAttributeTraits', 'XC_kAXXCAttributeAutomationType' for App element pid: 1307`
23:35:36.429 WebDriverAgentRunner-Runner[1375:148205] Returning result XCTWaiterResultCompleted for synchronous waiter <XCTWaiter: 0x114493420>
23:35:36.429 WebDriverAgentRunner-Runner[1375:148205] Wait <XCTWaiterWait: 0x114586100> completed after 0.001s
23:35:36.430 WebDriverAgentRunner-Runner[1375:148205] cleaning up fetching attributes 'XC_kAXXCAttributeElementType', 'XC_kAXXCAttributeElementBaseType', 'XC_kAXXCAttributeTraits', 'XC_kAXXCAttributeAutomationType' for App element pid: 1307
23:35:36.430 WebDriverAgentRunner-Runner[1375:148205] App element pid: 1307 (App element pid: 1307) faulted in {
    "XC_kAXXCAttributeAutomationType" = 1;
    "XC_kAXXCAttributeElementBaseType" = UIApplication;
    "XC_kAXXCAttributeElementType" = "_TtC7SwiftUIP33_ACC2C5639A7D76F611E170E831FCA49118SwiftUIApplication";
    "XC_kAXXCAttributeTraits" = 0;
}: (no error) for elementType using XC_kAXXCAttributeElementType, XC_kAXXCAttributeElementBaseType, XC_kAXXCAttributeTraits, XC_kAXXCAttributeAutomationType
23:35:36.431 WebDriverAgentRunner-Runner[1375:148205] Computed elementType Application.
23:35:36.431 WebDriverAgentRunner-Runner[1375:148205] Creating future for 'getting interface orientation' with timeout 65.00
23:35:36.431 WebDriverAgentRunner-Runner[1375:148205] <XCTWaiter: 0x114491620> entering wait loop for 65.00s with expectations: `getting interface orientation`
23:35:36.432 WebDriverAgentRunner-Runner[1375:148205] Returning result XCTWaiterResultCompleted for synchronous waiter <XCTWaiter: 0x114491620>
23:35:36.432 WebDriverAgentRunner-Runner[1375:148205] Wait <XCTWaiterWait: 0x114585f80> completed after 0.001s
23:35:36.432 WebDriverAgentRunner-Runner[1375:148205] cleaning up getting interface orientation
23:35:36.432 WebDriverAgentRunner-Runner[1375:148205] Creating future for 'checking for continuity enablement' with timeout 30.00
23:35:36.432 WebDriverAgentRunner-Runner[1375:148205] <XCTWaiter: 0x1144907b0> entering wait loop for 30.00s with expectations: `checking for continuity enablement`
23:35:36.433 WebDriverAgentRunner-Runner[1375:148205] Returning result XCTWaiterResultCompleted for synchronous waiter <XCTWaiter: 0x1144907b0>
23:35:36.433 WebDriverAgentRunner-Runner[1375:148205] Wait <XCTWaiterWait: 0x114585e80> completed after 0.001s
23:35:36.433 WebDriverAgentRunner-Runner[1375:148205] cleaning up checking for continuity enablement
23:35:36.433 WebDriverAgentRunner-Runner[1375:148205] Creating future for 'fetching attributes 'XC_kAXXCAttributeWindowDisplayId' for App element pid: 1307' with timeout 30.00
23:35:36.433 WebDriverAgentRunner-Runner[1375:148205] <XCTWaiter: 0x114491380> entering wait loop for 30.00s with expectations: `fetching attributes 'XC_kAXXCAttributeWindowDisplayId' for App element pid: 1307`
23:35:36.433 WebDriverAgentRunner-Runner[1375:148205] Returning result XCTWaiterResultCompleted for synchronous waiter <XCTWaiter: 0x114491380>
23:35:36.434 WebDriverAgentRunner-Runner[1375:148205] Wait <XCTWaiterWait: 0x114585d00> completed after 0.001s
23:35:36.434 WebDriverAgentRunner-Runner[1375:148205] cleaning up fetching attributes 'XC_kAXXCAttributeWindowDisplayId' for App element pid: 1307
23:35:36.434 WebDriverAgentRunner-Runner[1375:148205] Application, pid: 1307 (App element pid: 1307) faulted in {
    "XC_kAXXCAttributeWindowDisplayId" = 0;
}: (no error) for displayID using XC_kAXXCAttributeWindowDisplayId
23:35:36.434 WebDriverAgentRunner-Runner[1375:148205] Fetched display ID for Application, pid: 1307 was 0, checked nearest remote ancestor (null), got (null)
23:35:36.434 WebDriverAgentRunner-Runner[1375:148205] Creating future for 'getting screen identifiers' with timeout 30.00
23:35:36.434 WebDriverAgentRunner-Runner[1375:148205] <XCTWaiter: 0x114491b90> entering wait loop for 30.00s with expectations: `getting screen identifiers`
23:35:36.434 WebDriverAgentRunner-Runner[1375:148205] Returning result XCTWaiterResultCompleted for synchronous waiter <XCTWaiter: 0x114491b90>
23:35:36.434 WebDriverAgentRunner-Runner[1375:148205] Wait <XCTWaiterWait: 0x114584680> completed after 0.000s
23:35:36.434 WebDriverAgentRunner-Runner[1375:148205] cleaning up getting screen identifiers
23:35:36.434 WebDriverAgentRunner-Runner[1375:148205] Creating future for 'getting screen bounds' with timeout 30.00
23:35:36.435 WebDriverAgentRunner-Runner[1375:148205] <XCTWaiter: 0x1144925e0> entering wait loop for 30.00s with expectations: `getting screen bounds`
23:35:36.435 WebDriverAgentRunner-Runner[1375:148205] Returning result XCTWaiterResultCompleted for synchronous waiter <XCTWaiter: 0x1144925e0>
23:35:36.435 WebDriverAgentRunner-Runner[1375:148205] Wait <XCTWaiterWait: 0x114584500> completed after 0.000s
23:35:36.435 WebDriverAgentRunner-Runner[1375:148205] cleaning up getting screen bounds
23:35:36.435 WebDriverAgentRunner-Runner[1375:148205] Creating future for 'getting screen scale' with timeout 30.00
23:35:36.435 WebDriverAgentRunner-Runner[1375:148205] <XCTWaiter: 0x114493f90> entering wait loop for 30.00s with expectations: `getting screen scale`
23:35:36.435 WebDriverAgentRunner-Runner[1375:148205] Returning result XCTWaiterResultCompleted for synchronous waiter <XCTWaiter: 0x114493f90>
23:35:36.435 WebDriverAgentRunner-Runner[1375:148205] Wait <XCTWaiterWait: 0x114584500> completed after 0.000s
23:35:36.435 WebDriverAgentRunner-Runner[1375:148205] cleaning up getting screen scale
23:35:36.435 WebDriverAgentRunner-Runner[1375:148205] <XCTContext: 0x105d9cd20> started activity <XCActivityRecord: 0x108d4b250> 2026-07-19 16:35:36 +0000: Find the Application 'com.apple.Preferences'
    t =   271.76s         Find the Application 'com.apple.Preferences'
23:35:36.436 WebDriverAgentRunner-Runner[1375:148205] Executing query:

23:35:36.436 WebDriverAgentRunner-Runner[1375:148205] Creating future for 'checking for continuity enablement' with timeout 30.00
23:35:36.436 WebDriverAgentRunner-Runner[1375:148205] <XCTWaiter: 0x114401800> entering wait loop for 30.00s with expectations: `checking for continuity enablement`
23:35:36.436 WebDriverAgentRunner-Runner[1375:148205] Returning result XCTWaiterResultCompleted for synchronous waiter <XCTWaiter: 0x114401800>
23:35:36.437 WebDriverAgentRunner-Runner[1375:148205] Wait <XCTWaiterWait: 0x114585700> completed after 0.001s
23:35:36.437 WebDriverAgentRunner-Runner[1375:148205] cleaning up checking for continuity enablement
23:35:36.437 WebDriverAgentRunner-Runner[1375:148205] Should evaluate query remotely? XCTDisableRemoteQueryEvaluation(d-write): YES, hasAutomationSession: YES, supportsRemoteEvaluation: YES
23:35:36.437 WebDriverAgentRunner-Runner[1375:148205] Getting matching snapshots for locally evaluated query
23:35:36.437 WebDriverAgentRunner-Runner[1375:148205] Evaluating query:
 
23:35:36.437 WebDriverAgentRunner-Runner[1375:148205] Getting root element snapshot
23:35:36.437 WebDriverAgentRunner-Runner[1375:148205] Getting snapshot for App element pid: 1307 for query 
23:35:36.437 WebDriverAgentRunner-Runner[1375:148205] <XCTContext: 0x105d9cd20> started activity <XCActivityRecord: 0x108d4b2c0> 2026-07-19 16:35:36 +0000: Requesting snapshot of accessibility hierarchy for app with pid 1307
23:35:36.437 WebDriverAgentRunner-Runner[1375:148205] Query requires iOS snapshot attributes .
23:35:36.437 WebDriverAgentRunner-Runner[1375:148205] XCUIElementQuery <XCTElementSnapshotProvider> getting snapshot
23:35:36.438 WebDriverAgentRunner-Runner[1375:148205] Snapshot request has custom attributes 
23:35:36.438 WebDriverAgentRunner-Runner[1375:148205] Snapshot request has custom parameters {
    snapshotKeyHonorModalViews = 0;
}
23:35:36.438 WebDriverAgentRunner-Runner[1375:148205] Current snapshot generation is 5598
23:35:36.438 WebDriverAgentRunner-Runner[1375:148205] Query rootElementSnapshot is non-null with generation count 5590
23:35:36.438 WebDriverAgentRunner-Runner[1375:148205] Capturing a new snapshot
23:35:36.438 WebDriverAgentRunner-Runner[1375:148205] Fetching snapshot for App element pid: 1307 from testmanagerd with attributes XC_kAXXCAttributeElementType, XC_kAXXCAttributeElementBaseType, XC_kAXXCAttributeParent, XC_kAXXCAttributeIdentifier, XC_kAXXCAttributeAutomationType, XC_kAXXCAttributeTraits and parameters {
    maxArrayCount = 2147483647;
    maxChildren = 2147483647;
    maxDepth = 50;
    snapshotKeyHonorModalViews = 0;
    traverseFromParentsToChildren = 1;
}.
23:35:36.438 WebDriverAgentRunner-Runner[1375:148205] Creating future for 'fetching snapshot from testmanagerd.' with timeout 65.00
23:35:36.438 WebDriverAgentRunner-Runner[1375:148205] <XCTWaiter: 0x1144017a0> entering wait loop for 65.00s with expectations: `fetching snapshot from testmanagerd.`
    t =   271.76s             Requesting snapshot of accessibility hierarchy for app with pid 1307
23:35:36.602 WebDriverAgentRunner-Runner[1375:151246] Got snapshot response with runtime issue support from testmanagerd.
23:35:36.602 WebDriverAgentRunner-Runner[1375:148205] Returning result XCTWaiterResultCompleted for synchronous waiter <XCTWaiter: 0x1144017a0>
23:35:36.602 WebDriverAgentRunner-Runner[1375:148205] Wait <XCTWaiterWait: 0x1145864c0> completed after 0.164s
23:35:36.603 WebDriverAgentRunner-Runner[1375:148205] cleaning up fetching snapshot from testmanagerd.
23:35:36.603 WebDriverAgentRunner-Runner[1375:148205] <XCTContext: 0x105d9cd20> finished activity <XCActivityRecord: 0x108d4b2c0> 2026-07-19 16:35:36 +0000: Requesting snapshot of accessibility hierarchy for app with pid 1307 (0.165543s)
23:35:36.603 WebDriverAgentRunner-Runner[1375:148205] Found matches {(
    App element pid: 1307
)} with root App element pid: 1307
23:35:36.603 WebDriverAgentRunner-Runner[1375:148205] <XCTContext: 0x105d9cd20> finished activity <XCActivityRecord: 0x108d4b250> 2026-07-19 16:35:36 +0000: Find the Application 'com.apple.Preferences' (0.168043s)
23:35:36.604 WebDriverAgentRunner-Runner[1375:148205] Creating future for 'checking for continuity enablement' with timeout 30.00
23:35:36.604 WebDriverAgentRunner-Runner[1375:148205] <XCTWaiter: 0x114400750> entering wait loop for 30.00s with expectations: `checking for continuity enablement`
23:35:36.605 WebDriverAgentRunner-Runner[1375:148205] Returning result XCTWaiterResultCompleted for synchronous waiter <XCTWaiter: 0x114400750>
23:35:36.605 WebDriverAgentRunner-Runner[1375:148205] Wait <XCTWaiterWait: 0x11456e340> completed after 0.001s
23:35:36.605 WebDriverAgentRunner-Runner[1375:148205] cleaning up checking for continuity enablement
23:35:36.605 WebDriverAgentRunner-Runner[1375:148205] Creating future for 'fetching attributes 'XC_kAXXCAttributeFrame', 'XC_kAXXCAttributeWindowDisplayId', 'XC_kAXXCAttributeWindowContextId' for App element pid: 1307' with timeout 30.00
23:35:36.605 WebDriverAgentRunner-Runner[1375:148205] <XCTWaiter: 0x114401380> entering wait loop for 30.00s with expectations: `fetching attributes 'XC_kAXXCAttributeFrame', 'XC_kAXXCAttributeWindowDisplayId', 'XC_kAXXCAttributeWindowContextId' for App element pid: 1307`
23:35:36.606 WebDriverAgentRunner-Runner[1375:148205] Returning result XCTWaiterResultCompleted for synchronous waiter <XCTWaiter: 0x114401380>
23:35:36.606 WebDriverAgentRunner-Runner[1375:148205] Wait <XCTWaiterWait: 0x11456e440> completed after 0.001s
23:35:36.606 WebDriverAgentRunner-Runner[1375:148205] cleaning up fetching attributes 'XC_kAXXCAttributeFrame', 'XC_kAXXCAttributeWindowDisplayId', 'XC_kAXXCAttributeWindowContextId' for App element pid: 1307
23:35:36.606 WebDriverAgentRunner-Runner[1375:148205] App element pid: 1307 (App element pid: 1307) faulted in {
    "XC_kAXXCAttributeFrame" =     {
        Height = 1024;
        Width = 1366;
        X = 0;
        Y = 0;
    };
    "XC_kAXXCAttributeWindowContextId" = 1702149038;
    "XC_kAXXCAttributeWindowDisplayId" = 0;
}: (no error) for frame using XC_kAXXCAttributeFrame, XC_kAXXCAttributeWindowDisplayId, XC_kAXXCAttributeWindowContextId
23:35:36.607 WebDriverAgentRunner-Runner[1375:148205] Creating future for 'checking for continuity enablement' with timeout 30.00
23:35:36.607 WebDriverAgentRunner-Runner[1375:148205] <XCTWaiter: 0x114400120> entering wait loop for 30.00s with expectations: `checking for continuity enablement`
23:35:36.607 WebDriverAgentRunner-Runner[1375:148205] Returning result XCTWaiterResultCompleted for synchronous waiter <XCTWaiter: 0x114400120>
23:35:36.607 WebDriverAgentRunner-Runner[1375:148205] Wait <XCTWaiterWait: 0x11456e640> completed after 0.001s
23:35:36.608 WebDriverAgentRunner-Runner[1375:148205] cleaning up checking for continuity enablement
23:35:36.608 WebDriverAgentRunner-Runner[1375:148205] Creating future for 'fetching attributes 'XC_kAXXCAttributeElementType', 'XC_kAXXCAttributeElementBaseType', 'XC_kAXXCAttributeTraits', 'XC_kAXXCAttributeAutomationType' for App element pid: 1307' with timeout 30.00
23:35:36.608 WebDriverAgentRunner-Runner[1375:148205] <XCTWaiter: 0x1144027f0> entering wait loop for 30.00s with expectations: `fetching attributes 'XC_kAXXCAttributeElementType', 'XC_kAXXCAttributeElementBaseType', 'XC_kAXXCAttributeTraits', 'XC_kAXXCAttributeAutomationType' for App element pid: 1307`
23:35:36.608 WebDriverAgentRunner-Runner[1375:148205] Returning result XCTWaiterResultCompleted for synchronous waiter <XCTWaiter: 0x1144027f0>
23:35:36.608 WebDriverAgentRunner-Runner[1375:148205] Wait <XCTWaiterWait: 0x11456fd40> completed after 0.001s
23:35:36.608 WebDriverAgentRunner-Runner[1375:148205] cleaning up fetching attributes 'XC_kAXXCAttributeElementType', 'XC_kAXXCAttributeElementBaseType', 'XC_kAXXCAttributeTraits', 'XC_kAXXCAttributeAutomationType' for App element pid: 1307
23:35:36.609 WebDriverAgentRunner-Runner[1375:148205] App element pid: 1307 (App element pid: 1307) faulted in {
    "XC_kAXXCAttributeAutomationType" = 1;
    "XC_kAXXCAttributeElementBaseType" = UIApplication;
    "XC_kAXXCAttributeElementType" = "_TtC7SwiftUIP33_ACC2C5639A7D76F611E170E831FCA49118SwiftUIApplication";
    "XC_kAXXCAttributeTraits" = 0;
}: (no error) for elementType using XC_kAXXCAttributeElementType, XC_kAXXCAttributeElementBaseType, XC_kAXXCAttributeTraits, XC_kAXXCAttributeAutomationType
23:35:36.609 WebDriverAgentRunner-Runner[1375:148205] Computed elementType Application.
23:35:36.609 WebDriverAgentRunner-Runner[1375:148205] <XCTContext: 0x105d9cd20> started activity <XCActivityRecord: 0x108d4b330> 2026-07-19 16:35:36 +0000: Find the Application 'com.apple.Preferences'
23:35:36.609 WebDriverAgentRunner-Runner[1375:148205] Executing query:

23:35:36.609 WebDriverAgentRunner-Runner[1375:148205] Creating future for 'checking for continuity enablement' with timeout 30.00
23:35:36.609 WebDriverAgentRunner-Runner[1375:148205] <XCTWaiter: 0x114403150> entering wait loop for 30.00s with expectations: `checking for continuity enablement`
    t =   271.93s         Find the Application 'com.apple.Preferences'
23:35:36.610 WebDriverAgentRunner-Runner[1375:148205] Returning result XCTWaiterResultCompleted for synchronous waiter <XCTWaiter: 0x114403150>
23:35:36.610 WebDriverAgentRunner-Runner[1375:148205] Wait <XCTWaiterWait: 0x11456ff40> completed after 0.001s
23:35:36.610 WebDriverAgentRunner-Runner[1375:148205] cleaning up checking for continuity enablement
23:35:36.610 WebDriverAgentRunner-Runner[1375:148205] Should evaluate query remotely? XCTDisableRemoteQueryEvaluation(d-write): YES, hasAutomationSession: YES, supportsRemoteEvaluation: YES
23:35:36.610 WebDriverAgentRunner-Runner[1375:148205] Getting matching snapshots for locally evaluated query
23:35:36.610 WebDriverAgentRunner-Runner[1375:148205] Evaluating query:
 
23:35:36.610 WebDriverAgentRunner-Runner[1375:148205] Getting root element snapshot
23:35:36.610 WebDriverAgentRunner-Runner[1375:148205] Getting snapshot for App element pid: 1307 for query 
23:35:36.610 WebDriverAgentRunner-Runner[1375:148205] <XCTContext: 0x105d9cd20> started activity <XCActivityRecord: 0x108d4b3a0> 2026-07-19 16:35:36 +0000: Requesting snapshot of accessibility hierarchy for app with pid 1307
23:35:36.611 WebDriverAgentRunner-Runner[1375:148205] Query requires iOS snapshot attributes .
23:35:36.611 WebDriverAgentRunner-Runner[1375:148205] XCUIElementQuery <XCTElementSnapshotProvider> getting snapshot
23:35:36.611 WebDriverAgentRunner-Runner[1375:148205] Snapshot request has custom attributes 
23:35:36.611 WebDriverAgentRunner-Runner[1375:148205] Snapshot request has custom parameters {
    snapshotKeyHonorModalViews = 0;
}
23:35:36.611 WebDriverAgentRunner-Runner[1375:148205] Current snapshot generation is 5605
23:35:36.611 WebDriverAgentRunner-Runner[1375:148205] Query rootElementSnapshot is non-null with generation count 5600
23:35:36.611 WebDriverAgentRunner-Runner[1375:148205] Capturing a new snapshot
23:35:36.611 WebDriverAgentRunner-Runner[1375:148205] Fetching snapshot for App element pid: 1307 from testmanagerd with attributes XC_kAXXCAttributeElementType, XC_kAXXCAttributeElementBaseType, XC_kAXXCAttributeParent, XC_kAXXCAttributeIdentifier, XC_kAXXCAttributeAutomationType, XC_kAXXCAttributeTraits and parameters {
    maxArrayCount = 2147483647;
    maxChildren = 2147483647;
    maxDepth = 50;
    snapshotKeyHonorModalViews = 0;
    traverseFromParentsToChildren = 1;
}.
23:35:36.611 WebDriverAgentRunner-Runner[1375:148205] Creating future for 'fetching snapshot from testmanagerd.' with timeout 65.00
23:35:36.611 WebDriverAgentRunner-Runner[1375:148205] <XCTWaiter: 0x114401830> entering wait loop for 65.00s with expectations: `fetching snapshot from testmanagerd.`
    t =   271.94s             Requesting snapshot of accessibility hierarchy for app with pid 1307
23:35:36.770 WebDriverAgentRunner-Runner[1375:151246] Got snapshot response with runtime issue support from testmanagerd.
23:35:36.770 WebDriverAgentRunner-Runner[1375:148205] Returning result XCTWaiterResultCompleted for synchronous waiter <XCTWaiter: 0x114401830>
23:35:36.771 WebDriverAgentRunner-Runner[1375:148205] Wait <XCTWaiterWait: 0x11456f5c0> completed after 0.159s
23:35:36.771 WebDriverAgentRunner-Runner[1375:148205] cleaning up fetching snapshot from testmanagerd.
23:35:36.771 WebDriverAgentRunner-Runner[1375:148205] <XCTContext: 0x105d9cd20> finished activity <XCActivityRecord: 0x108d4b3a0> 2026-07-19 16:35:36 +0000: Requesting snapshot of accessibility hierarchy for app with pid 1307 (0.160396s)
23:35:36.771 WebDriverAgentRunner-Runner[1375:148205] Found matches {(
    App element pid: 1307
)} with root App element pid: 1307
23:35:36.772 WebDriverAgentRunner-Runner[1375:148205] <XCTContext: 0x105d9cd20> finished activity <XCActivityRecord: 0x108d4b330> 2026-07-19 16:35:36 +0000: Find the Application 'com.apple.Preferences' (0.162828s)
23:35:36.772 WebDriverAgentRunner-Runner[1375:148205] Creating future for 'checking for continuity enablement' with timeout 30.00
23:35:36.772 WebDriverAgentRunner-Runner[1375:148205] <XCTWaiter: 0x1096c7990> entering wait loop for 30.00s with expectations: `checking for continuity enablement`
23:35:36.773 WebDriverAgentRunner-Runner[1375:148205] Returning result XCTWaiterResultCompleted for synchronous waiter <XCTWaiter: 0x1096c7990>
23:35:36.773 WebDriverAgentRunner-Runner[1375:148205] Wait <XCTWaiterWait: 0x114587f80> completed after 0.001s
23:35:36.773 WebDriverAgentRunner-Runner[1375:148205] cleaning up checking for continuity enablement
23:35:36.773 WebDriverAgentRunner-Runner[1375:148205] Creating future for 'fetching attributes 'XC_kAXXCAttributeFrame', 'XC_kAXXCAttributeWindowDisplayId', 'XC_kAXXCAttributeWindowContextId' for App element pid: 1307' with timeout 30.00
23:35:36.773 WebDriverAgentRunner-Runner[1375:148205] <XCTWaiter: 0x1096c7cf0> entering wait loop for 30.00s with expectations: `fetching attributes 'XC_kAXXCAttributeFrame', 'XC_kAXXCAttributeWindowDisplayId', 'XC_kAXXCAttributeWindowContextId' for App element pid: 1307`
23:35:36.774 WebDriverAgentRunner-Runner[1375:148205] Returning result XCTWaiterResultCompleted for synchronous waiter <XCTWaiter: 0x1096c7cf0>
23:35:36.774 WebDriverAgentRunner-Runner[1375:148205] Wait <XCTWaiterWait: 0x114587c00> completed after 0.001s
23:35:36.774 WebDriverAgentRunner-Runner[1375:148205] cleaning up fetching attributes 'XC_kAXXCAttributeFrame', 'XC_kAXXCAttributeWindowDisplayId', 'XC_kAXXCAttributeWindowContextId' for App element pid: 1307
23:35:36.774 WebDriverAgentRunner-Runner[1375:148205] App element pid: 1307 (App element pid: 1307) faulted in {
    "XC_kAXXCAttributeFrame" =     {
        Height = 1024;
        Width = 1366;
        X = 0;
        Y = 0;
    };
    "XC_kAXXCAttributeWindowContextId" = 1702149038;
    "XC_kAXXCAttributeWindowDisplayId" = 0;
}: (no error) for frame using XC_kAXXCAttributeFrame, XC_kAXXCAttributeWindowDisplayId, XC_kAXXCAttributeWindowContextId
23:35:36.774 WebDriverAgentRunner-Runner[1375:148205] Creating future for 'checking for continuity enablement' with timeout 30.00
23:35:36.774 WebDriverAgentRunner-Runner[1375:148205] <XCTWaiter: 0x1096c7750> entering wait loop for 30.00s with expectations: `checking for continuity enablement`
23:35:36.775 WebDriverAgentRunner-Runner[1375:148205] Returning result XCTWaiterResultCompleted for synchronous waiter <XCTWaiter: 0x1096c7750>
23:35:36.775 WebDriverAgentRunner-Runner[1375:148205] Wait <XCTWaiterWait: 0x114587900> completed after 0.001s
23:35:36.775 WebDriverAgentRunner-Runner[1375:148205] cleaning up checking for continuity enablement
23:35:36.775 WebDriverAgentRunner-Runner[1375:148205] Creating future for 'fetching attributes 'XC_kAXXCAttributeElementType', 'XC_kAXXCAttributeElementBaseType', 'XC_kAXXCAttributeTraits', 'XC_kAXXCAttributeAutomationType' for App element pid: 1307' with timeout 30.00
23:35:36.776 WebDriverAgentRunner-Runner[1375:148205] <XCTWaiter: 0x1096c6e50> entering wait loop for 30.00s with expectations: `fetching attributes 'XC_kAXXCAttributeElementType', 'XC_kAXXCAttributeElementBaseType', 'XC_kAXXCAttributeTraits', 'XC_kAXXCAttributeAutomationType' for App element pid: 1307`
23:35:36.776 WebDriverAgentRunner-Runner[1375:148205] Returning result XCTWaiterResultCompleted for synchronous waiter <XCTWaiter: 0x1096c6e50>
23:35:36.776 WebDriverAgentRunner-Runner[1375:148205] Wait <XCTWaiterWait: 0x114587780> completed after 0.001s
23:35:36.776 WebDriverAgentRunner-Runner[1375:148205] cleaning up fetching attributes 'XC_kAXXCAttributeElementType', 'XC_kAXXCAttributeElementBaseType', 'XC_kAXXCAttributeTraits', 'XC_kAXXCAttributeAutomationType' for App element pid: 1307
23:35:36.776 WebDriverAgentRunner-Runner[1375:148205] App element pid: 1307 (App element pid: 1307) faulted in {
    "XC_kAXXCAttributeAutomationType" = 1;
    "XC_kAXXCAttributeElementBaseType" = UIApplication;
    "XC_kAXXCAttributeElementType" = "_TtC7SwiftUIP33_ACC2C5639A7D76F611E170E831FCA49118SwiftUIApplication";
    "XC_kAXXCAttributeTraits" = 0;
}: (no error) for elementType using XC_kAXXCAttributeElementType, XC_kAXXCAttributeElementBaseType, XC_kAXXCAttributeTraits, XC_kAXXCAttributeAutomationType
23:35:36.777 WebDriverAgentRunner-Runner[1375:148205] Computed elementType Application.
23:35:36.777 WebDriverAgentRunner-Runner[1375:148205] Creating future for 'getting interface orientation' with timeout 65.00
23:35:36.777 WebDriverAgentRunner-Runner[1375:148205] <XCTWaiter: 0x1096c7900> entering wait loop for 65.00s with expectations: `getting interface orientation`
23:35:36.778 WebDriverAgentRunner-Runner[1375:148205] Returning result XCTWaiterResultCompleted for synchronous waiter <XCTWaiter: 0x1096c7900>
23:35:36.778 WebDriverAgentRunner-Runner[1375:148205] Wait <XCTWaiterWait: 0x114587300> completed after 0.001s
23:35:36.778 WebDriverAgentRunner-Runner[1375:148205] cleaning up getting interface orientation
23:35:36.778 WebDriverAgentRunner-Runner[1375:148205] Creating future for 'checking for continuity enablement' with timeout 30.00
23:35:36.778 WebDriverAgentRunner-Runner[1375:148205] <XCTWaiter: 0x1096c7ba0> entering wait loop for 30.00s with expectations: `checking for continuity enablement`
23:35:36.780 WebDriverAgentRunner-Runner[1375:148205] Returning result XCTWaiterResultCompleted for synchronous waiter <XCTWaiter: 0x1096c7ba0>
23:35:36.780 WebDriverAgentRunner-Runner[1375:148205] Wait <XCTWaiterWait: 0x114587180> completed after 0.002s
23:35:36.780 WebDriverAgentRunner-Runner[1375:148205] cleaning up checking for continuity enablement
23:35:36.780 WebDriverAgentRunner-Runner[1375:148205] Creating future for 'fetching attributes 'XC_kAXXCAttributeWindowDisplayId' for App element pid: 1307' with timeout 30.00
23:35:36.780 WebDriverAgentRunner-Runner[1375:148205] <XCTWaiter: 0x1096c7840> entering wait loop for 30.00s with expectations: `fetching attributes 'XC_kAXXCAttributeWindowDisplayId' for App element pid: 1307`
23:35:36.780 WebDriverAgentRunner-Runner[1375:148205] Returning result XCTWaiterResultCompleted for synchronous waiter <XCTWaiter: 0x1096c7840>
23:35:36.781 WebDriverAgentRunner-Runner[1375:148205] Wait <XCTWaiterWait: 0x114586e00> completed after 0.001s
23:35:36.781 WebDriverAgentRunner-Runner[1375:148205] cleaning up fetching attributes 'XC_kAXXCAttributeWindowDisplayId' for App element pid: 1307
23:35:36.781 WebDriverAgentRunner-Runner[1375:148205] Application, pid: 1307 (App element pid: 1307) faulted in {
    "XC_kAXXCAttributeWindowDisplayId" = 0;
}: (no error) for displayID using XC_kAXXCAttributeWindowDisplayId
23:35:36.781 WebDriverAgentRunner-Runner[1375:148205] Fetched display ID for Application, pid: 1307 was 0, checked nearest remote ancestor (null), got (null)
23:35:36.781 WebDriverAgentRunner-Runner[1375:148205] Creating future for 'getting screen identifiers' with timeout 30.00
23:35:36.781 WebDriverAgentRunner-Runner[1375:148205] <XCTWaiter: 0x1095bb810> entering wait loop for 30.00s with expectations: `getting screen identifiers`
23:35:36.781 WebDriverAgentRunner-Runner[1375:148205] Returning result XCTWaiterResultCompleted for synchronous waiter <XCTWaiter: 0x1095bb810>
23:35:36.781 WebDriverAgentRunner-Runner[1375:148205] Wait <XCTWaiterWait: 0x114586b80> completed after 0.000s
23:35:36.781 WebDriverAgentRunner-Runner[1375:148205] cleaning up getting screen identifiers
23:35:36.781 WebDriverAgentRunner-Runner[1375:148205] Creating future for 'getting screen bounds' with timeout 30.00
23:35:36.781 WebDriverAgentRunner-Runner[1375:148205] <XCTWaiter: 0x1095bbcf0> entering wait loop for 30.00s with expectations: `getting screen bounds`
23:35:36.781 WebDriverAgentRunner-Runner[1375:148205] Returning result XCTWaiterResultCompleted for synchronous waiter <XCTWaiter: 0x1095bbcf0>
23:35:36.782 WebDriverAgentRunner-Runner[1375:148205] Wait <XCTWaiterWait: 0x114586880> completed after 0.000s
23:35:36.782 WebDriverAgentRunner-Runner[1375:148205] cleaning up getting screen bounds
23:35:36.782 WebDriverAgentRunner-Runner[1375:148205] Creating future for 'getting screen scale' with timeout 30.00
23:35:36.782 WebDriverAgentRunner-Runner[1375:148205] <XCTWaiter: 0x1095eff00> entering wait loop for 30.00s with expectations: `getting screen scale`
23:35:36.782 WebDriverAgentRunner-Runner[1375:148205] Returning result XCTWaiterResultCompleted for synchronous waiter <XCTWaiter: 0x1095eff00>
23:35:36.782 WebDriverAgentRunner-Runner[1375:148205] Wait <XCTWaiterWait: 0x114586880> completed after 0.000s
23:35:36.782 WebDriverAgentRunner-Runner[1375:148205] cleaning up getting screen scale
23:35:36.782 WebDriverAgentRunner-Runner[1375:148205] Creating future for 'checking for continuity enablement' with timeout 30.00
23:35:36.782 WebDriverAgentRunner-Runner[1375:148205] <XCTWaiter: 0x1095efe70> entering wait loop for 30.00s with expectations: `checking for continuity enablement`
23:35:36.783 WebDriverAgentRunner-Runner[1375:148205] Returning result XCTWaiterResultCompleted for synchronous waiter <XCTWaiter: 0x1095efe70>
23:35:36.783 WebDriverAgentRunner-Runner[1375:148205] Wait <XCTWaiterWait: 0x1145854c0> completed after 0.001s
23:35:36.783 WebDriverAgentRunner-Runner[1375:148205] cleaning up checking for continuity enablement
23:35:36.783 WebDriverAgentRunner-Runner[1375:148205] Creating future for 'fetching attributes 'XC_kAXXCAttributeWindowDisplayId' for App element pid: 1307' with timeout 30.00
23:35:36.784 WebDriverAgentRunner-Runner[1375:148205] <XCTWaiter: 0x1095efb10> entering wait loop for 30.00s with expectations: `fetching attributes 'XC_kAXXCAttributeWindowDisplayId' for App element pid: 1307`
23:35:36.784 WebDriverAgentRunner-Runner[1375:148205] Returning result XCTWaiterResultCompleted for synchronous waiter <XCTWaiter: 0x1095efb10>
23:35:36.784 WebDriverAgentRunner-Runner[1375:148205] Wait <XCTWaiterWait: 0x114586f40> completed after 0.001s
23:35:36.784 WebDriverAgentRunner-Runner[1375:148205] cleaning up fetching attributes 'XC_kAXXCAttributeWindowDisplayId' for App element pid: 1307
23:35:36.784 WebDriverAgentRunner-Runner[1375:148205] Application, pid: 1307 (App element pid: 1307) faulted in {
    "XC_kAXXCAttributeWindowDisplayId" = 0;
}: (no error) for displayID using XC_kAXXCAttributeWindowDisplayId
23:35:36.784 WebDriverAgentRunner-Runner[1375:148205] Fetched display ID for Application, pid: 1307 was 0, checked nearest remote ancestor (null), got (null)
23:35:36.785 WebDriverAgentRunner-Runner[1375:148205] Creating future for 'getting interface orientation' with timeout 65.00
23:35:36.785 WebDriverAgentRunner-Runner[1375:148205] <XCTWaiter: 0x114493360> entering wait loop for 65.00s with expectations: `getting interface orientation`
23:35:36.785 WebDriverAgentRunner-Runner[1375:148205] Returning result XCTWaiterResultCompleted for synchronous waiter <XCTWaiter: 0x114493360>
23:35:36.785 WebDriverAgentRunner-Runner[1375:148205] Wait <XCTWaiterWait: 0x114585cc0> completed after 0.001s
23:35:36.786 WebDriverAgentRunner-Runner[1375:148205] cleaning up getting interface orientation
23:35:36.786 WebDriverAgentRunner-Runner[1375:148205] <XCTContext: 0x105d9cd20> started activity <XCActivityRecord: 0x108d4ad10> 2026-07-19 16:35:36 +0000: Find the Application 'com.apple.Preferences'
23:35:36.786 WebDriverAgentRunner-Runner[1375:148205] Executing query:

23:35:36.786 WebDriverAgentRunner-Runner[1375:148205] Creating future for 'checking for continuity enablement' with timeout 30.00
23:35:36.786 WebDriverAgentRunner-Runner[1375:148205] <XCTWaiter: 0x1144037e0> entering wait loop for 30.00s with expectations: `checking for continuity enablement`
    t =   272.11s         Find the Application 'com.apple.Preferences'
23:35:36.787 WebDriverAgentRunner-Runner[1375:148205] Returning result XCTWaiterResultCompleted for synchronous waiter <XCTWaiter: 0x1144037e0>
23:35:36.787 WebDriverAgentRunner-Runner[1375:148205] Wait <XCTWaiterWait: 0x114587640> completed after 0.001s
23:35:36.787 WebDriverAgentRunner-Runner[1375:148205] cleaning up checking for continuity enablement
23:35:36.787 WebDriverAgentRunner-Runner[1375:148205] Should evaluate query remotely? XCTDisableRemoteQueryEvaluation(d-write): YES, hasAutomationSession: YES, supportsRemoteEvaluation: YES
23:35:36.787 WebDriverAgentRunner-Runner[1375:148205] Getting matching snapshots for locally evaluated query
23:35:36.788 WebDriverAgentRunner-Runner[1375:148205] Evaluating query:
 
23:35:36.788 WebDriverAgentRunner-Runner[1375:148205] Getting root element snapshot
23:35:36.788 WebDriverAgentRunner-Runner[1375:148205] Getting snapshot for App element pid: 1307 for query 
23:35:36.788 WebDriverAgentRunner-Runner[1375:148205] <XCTContext: 0x105d9cd20> started activity <XCActivityRecord: 0x108d4afb0> 2026-07-19 16:35:36 +0000: Requesting snapshot of accessibility hierarchy for app with pid 1307
23:35:36.788 WebDriverAgentRunner-Runner[1375:148205] Query requires iOS snapshot attributes .
23:35:36.788 WebDriverAgentRunner-Runner[1375:148205] XCUIElementQuery <XCTElementSnapshotProvider> getting snapshot
23:35:36.788 WebDriverAgentRunner-Runner[1375:148205] Snapshot request has custom attributes 
23:35:36.788 WebDriverAgentRunner-Runner[1375:148205] Snapshot request has custom parameters {
    snapshotKeyHonorModalViews = 0;
}
23:35:36.788 WebDriverAgentRunner-Runner[1375:148205] Current snapshot generation is 5618
23:35:36.788 WebDriverAgentRunner-Runner[1375:148205] Query rootElementSnapshot is non-null with generation count 5607
23:35:36.788 WebDriverAgentRunner-Runner[1375:148205] Capturing a new snapshot
23:35:36.789 WebDriverAgentRunner-Runner[1375:148205] Fetching snapshot for App element pid: 1307 from testmanagerd with attributes XC_kAXXCAttributeElementType, XC_kAXXCAttributeElementBaseType, XC_kAXXCAttributeParent, XC_kAXXCAttributeIdentifier, XC_kAXXCAttributeAutomationType, XC_kAXXCAttributeTraits and parameters {
    maxArrayCount = 2147483647;
    maxChildren = 2147483647;
    maxDepth = 50;
    snapshotKeyHonorModalViews = 0;
    traverseFromParentsToChildren = 1;
}.
23:35:36.789 WebDriverAgentRunner-Runner[1375:148205] Creating future for 'fetching snapshot from testmanagerd.' with timeout 65.00
23:35:36.789 WebDriverAgentRunner-Runner[1375:148205] <XCTWaiter: 0x114402d60> entering wait loop for 65.00s with expectations: `fetching snapshot from testmanagerd.`
    t =   272.11s             Requesting snapshot of accessibility hierarchy for app with pid 1307
23:35:36.953 WebDriverAgentRunner-Runner[1375:153035] Got snapshot response with runtime issue support from testmanagerd.
23:35:36.953 WebDriverAgentRunner-Runner[1375:148205] Returning result XCTWaiterResultCompleted for synchronous waiter <XCTWaiter: 0x114402d60>
23:35:36.954 WebDriverAgentRunner-Runner[1375:148205] Wait <XCTWaiterWait: 0x1145841c0> completed after 0.165s
23:35:36.954 WebDriverAgentRunner-Runner[1375:148205] cleaning up fetching snapshot from testmanagerd.
23:35:36.954 WebDriverAgentRunner-Runner[1375:148205] <XCTContext: 0x105d9cd20> finished activity <XCActivityRecord: 0x108d4afb0> 2026-07-19 16:35:36 +0000: Requesting snapshot of accessibility hierarchy for app with pid 1307 (0.166177s)
23:35:36.954 WebDriverAgentRunner-Runner[1375:148205] Found matches {(
    App element pid: 1307
)} with root App element pid: 1307
23:35:36.955 WebDriverAgentRunner-Runner[1375:148205] <XCTContext: 0x105d9cd20> finished activity <XCActivityRecord: 0x108d4ad10> 2026-07-19 16:35:36 +0000: Find the Application 'com.apple.Preferences' (0.168977s)
23:35:36.955 WebDriverAgentRunner-Runner[1375:148205] Creating future for 'checking for continuity enablement' with timeout 30.00
23:35:36.955 WebDriverAgentRunner-Runner[1375:148205] <XCTWaiter: 0x1145443f0> entering wait loop for 30.00s with expectations: `checking for continuity enablement`
23:35:36.956 WebDriverAgentRunner-Runner[1375:148205] Returning result XCTWaiterResultCompleted for synchronous waiter <XCTWaiter: 0x1145443f0>
23:35:36.957 WebDriverAgentRunner-Runner[1375:148205] Wait <XCTWaiterWait: 0x11458c8c0> completed after 0.002s
23:35:36.957 WebDriverAgentRunner-Runner[1375:148205] cleaning up checking for continuity enablement
23:35:36.957 WebDriverAgentRunner-Runner[1375:148205] Creating future for 'fetching attributes 'XC_kAXXCAttributeFrame', 'XC_kAXXCAttributeWindowDisplayId', 'XC_kAXXCAttributeWindowContextId' for App element pid: 1307' with timeout 30.00
23:35:36.957 WebDriverAgentRunner-Runner[1375:148205] <XCTWaiter: 0x114544540> entering wait loop for 30.00s with expectations: `fetching attributes 'XC_kAXXCAttributeFrame', 'XC_kAXXCAttributeWindowDisplayId', 'XC_kAXXCAttributeWindowContextId' for App element pid: 1307`
23:35:36.958 WebDriverAgentRunner-Runner[1375:148205] Returning result XCTWaiterResultCompleted for synchronous waiter <XCTWaiter: 0x114544540>
23:35:36.958 WebDriverAgentRunner-Runner[1375:148205] Wait <XCTWaiterWait: 0x11458c640> completed after 0.001s
23:35:36.958 WebDriverAgentRunner-Runner[1375:148205] cleaning up fetching attributes 'XC_kAXXCAttributeFrame', 'XC_kAXXCAttributeWindowDisplayId', 'XC_kAXXCAttributeWindowContextId' for App element pid: 1307
23:35:36.958 WebDriverAgentRunner-Runner[1375:148205] App element pid: 1307 (App element pid: 1307) faulted in {
    "XC_kAXXCAttributeFrame" =     {
        Height = 1024;
        Width = 1366;
        X = 0;
        Y = 0;
    };
    "XC_kAXXCAttributeWindowContextId" = 1702149038;
    "XC_kAXXCAttributeWindowDisplayId" = 0;
}: (no error) for frame using XC_kAXXCAttributeFrame, XC_kAXXCAttributeWindowDisplayId, XC_kAXXCAttributeWindowContextId
23:35:36.958 WebDriverAgentRunner-Runner[1375:148205] Creating future for 'checking for continuity enablement' with timeout 30.00
23:35:36.958 WebDriverAgentRunner-Runner[1375:148205] <XCTWaiter: 0x114544840> entering wait loop for 30.00s with expectations: `checking for continuity enablement`
23:35:36.959 WebDriverAgentRunner-Runner[1375:148205] Returning result XCTWaiterResultCompleted for synchronous waiter <XCTWaiter: 0x114544840>
23:35:36.959 WebDriverAgentRunner-Runner[1375:148205] Wait <XCTWaiterWait: 0x11458c2c0> completed after 0.001s
23:35:36.959 WebDriverAgentRunner-Runner[1375:148205] cleaning up checking for continuity enablement
23:35:36.959 WebDriverAgentRunner-Runner[1375:148205] Creating future for 'fetching attributes 'XC_kAXXCAttributeElementType', 'XC_kAXXCAttributeElementBaseType', 'XC_kAXXCAttributeTraits', 'XC_kAXXCAttributeAutomationType' for App element pid: 1307' with timeout 30.00
23:35:36.959 WebDriverAgentRunner-Runner[1375:148205] <XCTWaiter: 0x114544ba0> entering wait loop for 30.00s with expectations: `fetching attributes 'XC_kAXXCAttributeElementType', 'XC_kAXXCAttributeElementBaseType', 'XC_kAXXCAttributeTraits', 'XC_kAXXCAttributeAutomationType' for App element pid: 1307`
23:35:36.960 WebDriverAgentRunner-Runner[1375:148205] Returning result XCTWaiterResultCompleted for synchronous waiter <XCTWaiter: 0x114544ba0>
23:35:36.960 WebDriverAgentRunner-Runner[1375:148205] Wait <XCTWaiterWait: 0x11458c040> completed after 0.000s
23:35:36.960 WebDriverAgentRunner-Runner[1375:148205] cleaning up fetching attributes 'XC_kAXXCAttributeElementType', 'XC_kAXXCAttributeElementBaseType', 'XC_kAXXCAttributeTraits', 'XC_kAXXCAttributeAutomationType' for App element pid: 1307
23:35:36.960 WebDriverAgentRunner-Runner[1375:148205] App element pid: 1307 (App element pid: 1307) faulted in {
    "XC_kAXXCAttributeAutomationType" = 1;
    "XC_kAXXCAttributeElementBaseType" = UIApplication;
    "XC_kAXXCAttributeElementType" = "_TtC7SwiftUIP33_ACC2C5639A7D76F611E170E831FCA49118SwiftUIApplication";
    "XC_kAXXCAttributeTraits" = 0;
}: (no error) for elementType using XC_kAXXCAttributeElementType, XC_kAXXCAttributeElementBaseType, XC_kAXXCAttributeTraits, XC_kAXXCAttributeAutomationType
23:35:36.960 WebDriverAgentRunner-Runner[1375:148205] Computed elementType Application.
23:35:36.960 WebDriverAgentRunner-Runner[1375:148205] Creating future for 'checking for continuity enablement' with timeout 30.00
23:35:36.960 WebDriverAgentRunner-Runner[1375:148205] <XCTWaiter: 0x114545350> entering wait loop for 30.00s with expectations: `checking for continuity enablement`
23:35:36.961 WebDriverAgentRunner-Runner[1375:148205] Returning result XCTWaiterResultCompleted for synchronous waiter <XCTWaiter: 0x114545350>
23:35:36.961 WebDriverAgentRunner-Runner[1375:148205] Wait <XCTWaiterWait: 0x11458cb00> completed after 0.001s
23:35:36.961 WebDriverAgentRunner-Runner[1375:148205] cleaning up checking for continuity enablement
23:35:36.961 WebDriverAgentRunner-Runner[1375:148205] Creating future for 'fetching attributes 'XC_kAXXCAttributeSystemAutomationProperties' for App element pid: 1307' with timeout 30.00
23:35:36.961 WebDriverAgentRunner-Runner[1375:148205] <XCTWaiter: 0x114545560> entering wait loop for 30.00s with expectations: `fetching attributes 'XC_kAXXCAttributeSystemAutomationProperties' for App element pid: 1307`
23:35:36.962 WebDriverAgentRunner-Runner[1375:148205] Returning result XCTWaiterResultCompleted for synchronous waiter <XCTWaiter: 0x114545560>
23:35:36.962 WebDriverAgentRunner-Runner[1375:148205] Wait <XCTWaiterWait: 0x11458cc40> completed after 0.000s
23:35:36.962 WebDriverAgentRunner-Runner[1375:148205] cleaning up fetching attributes 'XC_kAXXCAttributeSystemAutomationProperties' for App element pid: 1307
23:35:36.962 WebDriverAgentRunner-Runner[1375:148205] Application, pid: 1307 (App element pid: 1307) faulted in {
}: (no error) for systemAutomationProperties using XC_kAXXCAttributeSystemAutomationProperties
23:35:36.962 WebDriverAgentRunner-Runner[1375:148205] Requesting local synthesis of event: 
<XCSynthesizedEventRecord 'press, hold, drag, and hold display 0'>
Path 1:
	Touch down at 851.0, 488.0, offset=0.00s
	Move to 851.0, 488.0, offset=0.01s
	Move to 208.0, 450.0, offset=1.30s
	Touch up at 208.0, 450.0, offset=1.30s
23:35:36.962 WebDriverAgentRunner-Runner[1375:148205] Event upper bound on duration 31.30
23:35:36.962 WebDriverAgentRunner-Runner[1375:148205] Computed timeout 31.30 for future for 'synthesizing event'
23:35:36.962 WebDriverAgentRunner-Runner[1375:148205] <XCTWaiter: 0x114545830> entering wait loop for 31.30s with expectations: `synthesizing event`
23:35:38.291 WebDriverAgentRunner-Runner[1375:151246] Handling kAXUserTestingNotification
23:35:38.291 WebDriverAgentRunner-Runner[1375:151246] Received kAXUserTestingNotification from AX element pid: 1307, elementOrHash.elementID: 0.1: {
    event = TouchEventsCompleted;
}
23:35:38.291 WebDriverAgentRunner-Runner[1375:151246] Handling kAXUserTestingNotification
23:35:38.292 WebDriverAgentRunner-Runner[1375:151246] Received kAXUserTestingNotification from AX element pid: 174, elementOrHash.elementID: 0.1: {
    event = TouchEventsCompleted;
}
23:35:38.488 WebDriverAgentRunner-Runner[1375:153010] Got event completion callback
23:35:38.489 WebDriverAgentRunner-Runner[1375:148205] Returning result XCTWaiterResultCompleted for synchronous waiter <XCTWaiter: 0x114545830>
23:35:38.489 WebDriverAgentRunner-Runner[1375:148205] Wait <XCTWaiterWait: 0x11458ce40> completed after 1.526s
23:35:38.489 WebDriverAgentRunner-Runner[1375:148205] cleaning up synthesizing event
23:35:38.489 WebDriverAgentRunner-Runner[1375:148205] Cancelation not currently supported for daemon event requests - this is a no-op.
23:35:38.489 WebDriverAgentRunner-Runner[1375:148205] Creating future for 'getting screen scale' with timeout 30.00
23:35:38.489 WebDriverAgentRunner-Runner[1375:148205] <XCTWaiter: 0x114545bf0> entering wait loop for 30.00s with expectations: `getting screen scale`
23:35:38.489 WebDriverAgentRunner-Runner[1375:148205] Returning result XCTWaiterResultCompleted for synchronous waiter <XCTWaiter: 0x114545bf0>
23:35:38.489 WebDriverAgentRunner-Runner[1375:148205] Wait <XCTWaiterWait: 0x11458d500> completed after 0.000s
23:35:38.489 WebDriverAgentRunner-Runner[1375:148205] cleaning up getting screen scale
23:35:38.490 WebDriverAgentRunner-Runner[1375:148205] Event synthesis future completed in 1.53s
23:35:38.490 WebDriverAgentRunner-Runner[1375:148205] <XCTContext: 0x105d9cd20> finished activity <XCActivityRecord: 0x108d48150> 2026-07-19 16:35:36 +0000: Synthesize event (2.44923s)
23:35:38.491 WebDriverAgentRunner-Runner[1375:148205] Overriding application state timeout, 60.0 -> 10.0
23:35:38.491 WebDriverAgentRunner-Runner[1375:148205] <XCTContext: 0x105d9cd20> started activity <XCActivityRecord: 0x108d481c0> 2026-07-19 16:35:38 +0000: Wait for com.apple.Preferences to idle
    t =   273.82s     Wait for com.apple.Preferences to idle
23:35:38.491 WebDriverAgentRunner-Runner[1375:148205] Creating future for 'getting screen identifiers' with timeout 30.00
23:35:38.491 WebDriverAgentRunner-Runner[1375:148205] <XCTWaiter: 0x1145444e0> entering wait loop for 30.00s with expectations: `getting screen identifiers`
23:35:38.491 WebDriverAgentRunner-Runner[1375:148205] Returning result XCTWaiterResultCompleted for synchronous waiter <XCTWaiter: 0x1145444e0>
23:35:38.491 WebDriverAgentRunner-Runner[1375:148205] Wait <XCTWaiterWait: 0x11458c940> completed after 0.000s
23:35:38.491 WebDriverAgentRunner-Runner[1375:148205] cleaning up getting screen identifiers
23:35:38.491 WebDriverAgentRunner-Runner[1375:148205] Waiting for com.apple.Preferences (PID 1307) quiescence...
23:35:38.491 WebDriverAgentRunner-Runner[1375:153010] com.apple.Preferences (pid:1307) eventLoopHasIdled YES -> NO
23:35:38.492 WebDriverAgentRunner-Runner[1375:153010] Posting KVO notifications for eventLoopHasIdled
23:35:38.492 WebDriverAgentRunner-Runner[1375:148205] Requesting main run loop idle notification using automation session for com.apple.Preferences (pid:1307)
23:35:38.492 WebDriverAgentRunner-Runner[1375:153035] com.apple.Preferences (pid:1307) animationsHaveFinished YES -> NO
23:35:38.492 WebDriverAgentRunner-Runner[1375:153036] Posting KVO notifications for animationsHaveFinished
23:35:38.492 WebDriverAgentRunner-Runner[1375:148205] Requesting animations idle notification using automation session for com.apple.Preferences (pid:1307)
23:35:38.492 WebDriverAgentRunner-Runner[1375:148205] Waiting on quiescence state variables
23:35:38.493 WebDriverAgentRunner-Runner[1375:148205] KVO change: checked status of Expect value of 'foreground' of com.apple.Preferences (pid:1307) to be '0': fulfill=NO
23:35:38.493 WebDriverAgentRunner-Runner[1375:148205] KVO change: checked status of Expect value of 'foreground' of com.apple.Preferences (pid:1307) to be '0': fulfill=NO
23:35:38.493 WebDriverAgentRunner-Runner[1375:148205] isQuiescent: self.eventLoopHasIdled: NO && self.animationsHaveFinished: NO
23:35:38.493 WebDriverAgentRunner-Runner[1375:148205] KVO change: checked status of Expect value of 'isQuiescent' of com.apple.Preferences (pid:1307) to be '1': fulfill=NO
23:35:38.493 WebDriverAgentRunner-Runner[1375:148205] isQuiescent: self.eventLoopHasIdled: NO && self.animationsHaveFinished: NO
23:35:38.493 WebDriverAgentRunner-Runner[1375:148205] KVO change: checked status of Expect value of 'isQuiescent' of com.apple.Preferences (pid:1307) to be '1': fulfill=NO
23:35:38.493 WebDriverAgentRunner-Runner[1375:148205] Not fulfilling (Expect value of 'foreground' of com.apple.Preferences (pid:1307) to be '0' OR Expect value of 'isQuiescent' of com.apple.Preferences (pid:1307) to be '1') because no subexpectations are fulfilled
23:35:38.493 WebDriverAgentRunner-Runner[1375:148205] <XCTWaiter: 0x114544bd0> entering wait loop for 10.00s with expectations: `(Expect value of 'foreground' of com.apple.Preferences (pid:1307) to be '0' OR Expect value of 'isQuiescent' of com.apple.Preferences (pid:1307) to be '1')`
23:35:38.547 WebDriverAgentRunner-Runner[1375:151246] Got animations reply for com.apple.Preferences (PID 1307)
23:35:38.548 WebDriverAgentRunner-Runner[1375:151246] Animations are not active.
23:35:38.548 WebDriverAgentRunner-Runner[1375:153036] com.apple.Preferences (pid:1307) animationsHaveFinished NO -> YES
23:35:38.548 WebDriverAgentRunner-Runner[1375:153035] Posting KVO notifications for animationsHaveFinished
23:35:38.548 WebDriverAgentRunner-Runner[1375:153035] isQuiescent: self.eventLoopHasIdled: NO && self.animationsHaveFinished: YES
23:35:38.548 WebDriverAgentRunner-Runner[1375:153035] isQuiescent: self.eventLoopHasIdled: NO && self.animationsHaveFinished: YES
23:35:38.548 WebDriverAgentRunner-Runner[1375:153035] KVO change: checked status of Expect value of 'isQuiescent' of com.apple.Preferences (pid:1307) to be '1': fulfill=NO
23:35:38.863 WebDriverAgentRunner-Runner[1375:151246] Got event loop idle reply for com.apple.Preferences (PID 1307)
23:35:38.864 WebDriverAgentRunner-Runner[1375:151246] Event loop is idle.
23:35:38.864 WebDriverAgentRunner-Runner[1375:153010] com.apple.Preferences (pid:1307) eventLoopHasIdled NO -> YES
23:35:38.864 WebDriverAgentRunner-Runner[1375:151246] Posting KVO notifications for eventLoopHasIdled
23:35:38.864 WebDriverAgentRunner-Runner[1375:151246] isQuiescent: self.eventLoopHasIdled: YES && self.animationsHaveFinished: YES
23:35:38.864 WebDriverAgentRunner-Runner[1375:151246] isQuiescent: self.eventLoopHasIdled: YES && self.animationsHaveFinished: YES
23:35:38.864 WebDriverAgentRunner-Runner[1375:151246] KVO change: checked status of Expect value of 'isQuiescent' of com.apple.Preferences (pid:1307) to be '1': fulfill=YES
23:35:38.864 WebDriverAgentRunner-Runner[1375:151246] Fulfilling (Expect value of 'foreground' of com.apple.Preferences (pid:1307) to be '0' OR Expect value of 'isQuiescent' of com.apple.Preferences (pid:1307) to be '1') because Expect value of 'isQuiescent' of com.apple.Preferences (pid:1307) to be '1' is fulfilled
23:35:38.865 WebDriverAgentRunner-Runner[1375:148205] Returning result XCTWaiterResultCompleted for synchronous waiter <XCTWaiter: 0x114544bd0>
23:35:38.865 WebDriverAgentRunner-Runner[1375:148205] Wait <XCTWaiterWait: 0x11458c0c0> completed after 0.371s
23:35:38.865 WebDriverAgentRunner-Runner[1375:148205] cleaning up (Expect value of 'foreground' of com.apple.Preferences (pid:1307) to be '0' OR Expect value of 'isQuiescent' of com.apple.Preferences (pid:1307) to be '1')
23:35:38.865 WebDriverAgentRunner-Runner[1375:148205] cleaning up Expect value of 'foreground' of com.apple.Preferences (pid:1307) to be '0'
23:35:38.865 WebDriverAgentRunner-Runner[1375:148205] cleaning up Expect value of 'foreground' of com.apple.Preferences (pid:1307) to be '0'
23:35:38.865 WebDriverAgentRunner-Runner[1375:148205] cleaning up Expect value of 'isQuiescent' of com.apple.Preferences (pid:1307) to be '1'
23:35:38.865 WebDriverAgentRunner-Runner[1375:148205] cleaning up Expect value of 'isQuiescent' of com.apple.Preferences (pid:1307) to be '1'
23:35:38.865 WebDriverAgentRunner-Runner[1375:148205] com.apple.Preferences has quiesced or quiescence timeout has elapsed.
23:35:38.865 WebDriverAgentRunner-Runner[1375:148205] <XCTContext: 0x105d9cd20> finished activity <XCActivityRecord: 0x108d481c0> 2026-07-19 16:35:38 +0000: Wait for com.apple.Preferences to idle (0.374652s)
23:35:38.866 WebDriverAgentRunner-Runner[1375:148205] Overriding application state timeout, 10.0 -> 60.0
23:35:38.866 WebDriverAgentRunner-Runner[1375:148205] <XCTContext: 0x105d9cd20> finished activity <XCActivityRecord: 0x108d4aa00> 2026-07-19 16:35:35 +0000: Press Application 'com.apple.Preferences'[0.00, 0.00] -> (878.0, 851.0) for 0.0 seconds, then drag to Application 'com.apple.Preferences'[0.00, 0.00] -> (916.0, 208.0) with velocity of 500.00 pixels per second, and then hold for 0.0 seconds  (3.04828s)
23:37:31.373 WebDriverAgentRunner-Runner[1375:153036] Handling kAXUserTestingNotification
23:37:31.374 WebDriverAgentRunner-Runner[1375:153036] Received kAXUserTestingNotification from AX element pid: 347, elementOrHash.elementID: 0.1: {
    controllerClass = SBUIBannerClientContainerViewController;
    event = ViewDidAppear;
}
23:37:31.385 WebDriverAgentRunner-Runner[1375:153036] Handling kAXUserTestingNotification
23:37:31.385 WebDriverAgentRunner-Runner[1375:153036] Received kAXUserTestingNotification from AX element pid: 174, elementOrHash.elementID: 0.1: {
    controllerClass = BNContentViewController;
    event = ViewDidAppear;
}
23:37:32.727 WebDriverAgentRunner-Runner[1375:153035] Handling kAXUserTestingNotification
23:37:32.728 WebDriverAgentRunner-Runner[1375:153035] Received kAXUserTestingNotification from AX element pid: 174, elementOrHash.elementID: 0.1: {
    controllerClass = SBBannerSourceListenerHostedPresentableViewController;
    event = ViewDidAppear;
}
23:37:32.728 WebDriverAgentRunner-Runner[1375:153035] Handling kAXUserTestingNotification
23:37:32.728 WebDriverAgentRunner-Runner[1375:153035] Received kAXUserTestingNotification from AX element pid: 347, elementOrHash.elementID: 0.1: {
    controllerClass = BluetoothUIServiceBanner;
    event = ViewDidAppear;
}
23:37:38.089 WebDriverAgentRunner-Runner[1375:153035] Handling kAXUserTestingNotification
23:37:38.089 WebDriverAgentRunner-Runner[1375:153035] Received kAXUserTestingNotification from AX element pid: 347, elementOrHash.elementID: 0.1: {
    controllerClass = BluetoothUIServiceBanner;
    event = ViewDidDisappear;
}
23:37:38.095 WebDriverAgentRunner-Runner[1375:153035] Handling kAXUserTestingNotification
23:37:38.095 WebDriverAgentRunner-Runner[1375:153035] Received kAXUserTestingNotification from AX element pid: 174, elementOrHash.elementID: 0.1: {
    controllerClass = SBBannerSourceListenerHostedPresentableViewController;
    event = ViewDidDisappear;
}
23:37:38.097 WebDriverAgentRunner-Runner[1375:153035] Handling kAXUserTestingNotification
23:37:38.098 WebDriverAgentRunner-Runner[1375:153035] Received kAXUserTestingNotification from AX element pid: 174, elementOrHash.elementID: 0.1: {
    controllerClass = BNContentViewController;
    event = ViewDidDisappear;
}
23:37:38.112 WebDriverAgentRunner-Runner[1375:153035] Handling kAXUserTestingNotification
23:37:38.112 WebDriverAgentRunner-Runner[1375:153035] Received kAXUserTestingNotification from AX element pid: 347, elementOrHash.elementID: 0.1: {
    controllerClass = SBUIBannerClientContainerViewController;
    event = ViewDidDisappear;
}
23:38:38.110 WebDriverAgentRunner-Runner[1375:153035] Handling kAXUserTestingNotification
23:38:38.111 WebDriverAgentRunner-Runner[1375:153035] Received kAXUserTestingNotification from AX element pid: 347, elementOrHash.elementID: 0.1: {
    controllerClass = SBUIBannerClientContainerViewController;
    event = ViewDidAppear;
}
23:38:38.111 WebDriverAgentRunner-Runner[1375:153036] Handling kAXUserTestingNotification
23:38:38.111 WebDriverAgentRunner-Runner[1375:153036] Received kAXUserTestingNotification from AX element pid: 174, elementOrHash.elementID: 0.1: {
    controllerClass = BNContentViewController;
    event = ViewDidAppear;
}
23:38:39.456 WebDriverAgentRunner-Runner[1375:153036] Handling kAXUserTestingNotification
23:38:39.457 WebDriverAgentRunner-Runner[1375:153036] Received kAXUserTestingNotification from AX element pid: 174, elementOrHash.elementID: 0.1: {
    controllerClass = SBBannerSourceListenerHostedPresentableViewController;
    event = ViewDidAppear;
}
23:38:39.457 WebDriverAgentRunner-Runner[1375:153036] Handling kAXUserTestingNotification
23:38:39.457 WebDriverAgentRunner-Runner[1375:153036] Received kAXUserTestingNotification from AX element pid: 347, elementOrHash.elementID: 0.1: {
    controllerClass = BluetoothUIServiceBanner;
    event = ViewDidAppear;
}
23:38:44.819 WebDriverAgentRunner-Runner[1375:151246] Handling kAXUserTestingNotification
23:38:44.819 WebDriverAgentRunner-Runner[1375:151246] Received kAXUserTestingNotification from AX element pid: 347, elementOrHash.elementID: 0.1: {
    controllerClass = BluetoothUIServiceBanner;
    event = ViewDidDisappear;
}
23:38:44.826 WebDriverAgentRunner-Runner[1375:151246] Handling kAXUserTestingNotification
23:38:44.827 WebDriverAgentRunner-Runner[1375:151246] Received kAXUserTestingNotification from AX element pid: 174, elementOrHash.elementID: 0.1: {
    controllerClass = SBBannerSourceListenerHostedPresentableViewController;
    event = ViewDidDisappear;
}
23:38:44.828 WebDriverAgentRunner-Runner[1375:153035] Handling kAXUserTestingNotification
23:38:44.828 WebDriverAgentRunner-Runner[1375:153035] Received kAXUserTestingNotification from AX element pid: 174, elementOrHash.elementID: 0.1: {
    controllerClass = BNContentViewController;
    event = ViewDidDisappear;
}
23:38:44.847 WebDriverAgentRunner-Runner[1375:151246] Handling kAXUserTestingNotification
23:38:44.847 WebDriverAgentRunner-Runner[1375:151246] Received kAXUserTestingNotification from AX element pid: 347, elementOrHash.elementID: 0.1: {
    controllerClass = SBUIBannerClientContainerViewController;
    event = ViewDidDisappear;
}
23:40:40.680 WebDriverAgentRunner-Runner[1375:148221] Handling kAXPidStatusChangedNotification
23:40:40.681 WebDriverAgentRunner-Runner[1375:148221] Got kAXPidStatusChangedNotification for pid 1378: active
23:40:40.698 WebDriverAgentRunner-Runner[1375:151246] Handling kAXPidStatusChangedNotification
23:40:40.698 WebDriverAgentRunner-Runner[1375:151246] Got kAXPidStatusChangedNotification for pid 1378: active
23:40:40.814 WebDriverAgentRunner-Runner[1375:148221] Handling kAXPidStatusChangedNotification
23:40:40.815 WebDriverAgentRunner-Runner[1375:148221] Got kAXPidStatusChangedNotification for pid 1380: active
23:40:40.837 WebDriverAgentRunner-Runner[1375:153036] Handling kAXPidStatusChangedNotification
23:40:40.837 WebDriverAgentRunner-Runner[1375:153036] Got kAXPidStatusChangedNotification for pid 1380: active
23:40:41.068 WebDriverAgentRunner-Runner[1375:153036] Handling kAXPidStatusChangedNotification
23:40:41.068 WebDriverAgentRunner-Runner[1375:153036] Got kAXPidStatusChangedNotification for pid 1381: active
23:40:41.106 WebDriverAgentRunner-Runner[1375:153036] Handling kAXPidStatusChangedNotification
23:40:41.106 WebDriverAgentRunner-Runner[1375:153036] Got kAXPidStatusChangedNotification for pid 1381: active
23:40:41.166 WebDriverAgentRunner-Runner[1375:153036] Handling kAXPidStatusChangedNotification
23:40:41.168 WebDriverAgentRunner-Runner[1375:153036] Got kAXPidStatusChangedNotification for pid 1382: active
23:40:41.187 WebDriverAgentRunner-Runner[1375:151246] Handling kAXPidStatusChangedNotification
23:40:41.188 WebDriverAgentRunner-Runner[1375:151246] Got kAXPidStatusChangedNotification for pid 1382: active
23:40:41.256 WebDriverAgentRunner-Runner[1375:151246] Handling kAXPidStatusChangedNotification
23:40:41.257 WebDriverAgentRunner-Runner[1375:151246] Got kAXPidStatusChangedNotification for pid 1383: active
23:40:41.282 WebDriverAgentRunner-Runner[1375:151246] Handling kAXPidStatusChangedNotification
23:40:41.283 WebDriverAgentRunner-Runner[1375:151246] Got kAXPidStatusChangedNotification for pid 1383: active
23:40:41.316 WebDriverAgentRunner-Runner[1375:153036] Handling kAXPidStatusChangedNotification
23:40:41.317 WebDriverAgentRunner-Runner[1375:153036] Got kAXPidStatusChangedNotification for pid 1380: active
23:40:41.353 WebDriverAgentRunner-Runner[1375:148221] Handling kAXPidStatusChangedNotification
23:40:41.357 WebDriverAgentRunner-Runner[1375:148221] Got kAXPidStatusChangedNotification for pid 1381: active
23:40:41.418 WebDriverAgentRunner-Runner[1375:153036] Handling kAXPidStatusChangedNotification
23:40:41.418 WebDriverAgentRunner-Runner[1375:153036] Got kAXPidStatusChangedNotification for pid 1384: active
23:40:41.447 WebDriverAgentRunner-Runner[1375:151246] Handling kAXPidStatusChangedNotification
23:40:41.448 WebDriverAgentRunner-Runner[1375:151246] Got kAXPidStatusChangedNotification for pid 1384: active
23:40:41.474 WebDriverAgentRunner-Runner[1375:151246] Handling kAXPidStatusChangedNotification
23:40:41.475 WebDriverAgentRunner-Runner[1375:151246] Got kAXPidStatusChangedNotification for pid 1382: active
23:40:41.594 WebDriverAgentRunner-Runner[1375:148221] Handling kAXPidStatusChangedNotification
23:40:41.595 WebDriverAgentRunner-Runner[1375:148221] Got kAXPidStatusChangedNotification for pid 1378: active
23:40:41.596 WebDriverAgentRunner-Runner[1375:148221] Handling kAXPidStatusChangedNotification
23:40:41.597 WebDriverAgentRunner-Runner[1375:148221] Got kAXPidStatusChangedNotification for pid 1383: active
23:40:41.895 WebDriverAgentRunner-Runner[1375:151246] Handling kAXPidStatusChangedNotification
23:40:41.895 WebDriverAgentRunner-Runner[1375:151246] Got kAXPidStatusChangedNotification for pid 1384: active
23:40:57.355 WebDriverAgentRunner-Runner[1375:153036] Handling kAXPidStatusChangedNotification
23:40:57.355 WebDriverAgentRunner-Runner[1375:153036] Got kAXPidStatusChangedNotification for pid 1385: active
23:40:57.369 WebDriverAgentRunner-Runner[1375:153036] Handling kAXPidStatusChangedNotification
23:40:57.370 WebDriverAgentRunner-Runner[1375:153036] Got kAXPidStatusChangedNotification for pid 1385: active
23:40:57.673 WebDriverAgentRunner-Runner[1375:151246] Handling kAXPidStatusChangedNotification
23:40:57.674 WebDriverAgentRunner-Runner[1375:151246] Got kAXPidStatusChangedNotification for pid 1385: active
23:41:10.300 WebDriverAgentRunner-Runner[1375:153036] Handling kAXPidStatusChangedNotification
23:41:10.301 WebDriverAgentRunner-Runner[1375:153036] Got kAXPidStatusChangedNotification for pid 1386: active
23:41:10.315 WebDriverAgentRunner-Runner[1375:151246] Handling kAXPidStatusChangedNotification
23:41:10.315 WebDriverAgentRunner-Runner[1375:151246] Got kAXPidStatusChangedNotification for pid 1386: active
23:41:10.715 WebDriverAgentRunner-Runner[1375:151246] Handling kAXPidStatusChangedNotification
23:41:10.717 WebDriverAgentRunner-Runner[1375:151246] Got kAXPidStatusChangedNotification for pid 1386: active
{"time":"2026-07-19T23:42:29.910721+07:00","level":"ERROR","msg":"conn1 closed unexpectedly","module":"go-ios/testmanagerd","udid":"00008027-000404D13439002E","error":"EOF"}
{"time":"2026-07-19T23:42:29.910956+07:00","level":"INFO","msg":"Killing test runner","module":"go-ios/testmanagerd","udid":"00008027-000404D13439002E","pid":1375}
{"time":"2026-07-19T23:42:29.911042+07:00","level":"INFO","msg":"Killing test runner","module":"go-ios/testmanagerd","pid":1375}
{"time":"2026-07-19T23:42:29.92921+07:00","level":"INFO","msg":"Nothing to kill, process is already dead","module":"go-ios/testmanagerd","udid":"00008027-000404D13439002E","pid":1375}
{"time":"2026-07-19T23:42:29.92966+07:00","level":"ERROR","msg":"Failed running WDA","error":"lost connection to testmanagerd. the test-runner may have been killed"}
