{"time":"2026-07-20T09:59:57.259773+07:00","level":"INFO","msg":"Running wda","bundleid":"solumate.xxx","testbundleid":"solumate.xxx","xctestconfig":"WebDriverAgentRunner.xctest"}
{"time":"2026-07-20T09:59:57.447126+07:00","level":"INFO","msg":"got capabilities","module":"go-ios/testmanagerd","udid":"00008027-000404D13439002E","receivedCaps":{"CapabilitiesDictionary":{"authorize test session capability":1,"automation mode":1,"daemon container sandbox extension":1,"initiate daemon control session capability":4,"initiate test runner session capability":2,"record UI interaction capability":2,"recording events as source code":1,"report crashes capability":1,"request log archive capability":1,"request spindump capability":2,"request tailspin capability":1,"supports delayed attachment transfers":1}}}
{"time":"2026-07-20T09:59:57.656238+07:00","level":"INFO","msg":"got capabilities","module":"go-ios/testmanagerd","udid":"00008027-000404D13439002E","caps":{"CapabilitiesDictionary":{"authorize test session capability":1,"automation mode":1,"daemon container sandbox extension":1,"initiate daemon control session capability":4,"initiate test runner session capability":2,"record UI interaction capability":2,"recording events as source code":1,"report crashes capability":1,"request log archive capability":1,"request spindump capability":2,"request tailspin capability":1,"supports delayed attachment transfers":1}}}
{"time":"2026-07-20T09:59:57.660792+07:00","level":"INFO","msg":"authorized","module":"go-ios/testmanagerd","udid":"00008027-000404D13439002E","pid":1852,"authorized":true}
09:59:58.004 WebDriverAgentRunner-Runner[1852:329613] Creating future for 'requesting test configuration' with timeout 600.00
09:59:58.004 WebDriverAgentRunner-Runner[1852:329613] Notifying test runner ready
09:59:58.004 WebDriverAgentRunner-Runner[1852:329613] <XCTWaiter: 0x114231440> entering wait loop for 600.00s with expectations: `requesting test configuration`
09:59:58.014 WebDriverAgentRunner-Runner[1852:329633] Received test runner ready reply. Waiting for request to start running tests.
09:59:58.015 WebDriverAgentRunner-Runner[1852:329613] Returning result XCTWaiterResultCompleted for synchronous waiter <XCTWaiter: 0x114231440>
09:59:58.015 WebDriverAgentRunner-Runner[1852:329613] Wait <XCTWaiterWait: 0x114055e00> completed after 0.011s
09:59:58.015 WebDriverAgentRunner-Runner[1852:329613] cleaning up requesting test configuration
09:59:58.015 WebDriverAgentRunner-Runner[1852:329613] Loading test bundle at: file:///private/var/containers/Bundle/Application/A67E64C0-B043-4F45-961A-83324107FCC1/WebDriverAgentRunner-Runner.app/PlugIns/WebDriverAgentRunner.xctest/
09:59:58.087 WebDriverAgentRunner-Runner[1852:329613] Finished loading test bundle
09:59:58.088 WebDriverAgentRunner-Runner[1852:329613] Interop: not enabled, so skipping install
09:59:58.088 WebDriverAgentRunner-Runner[1852:329613] Registering in-process symbolication service with image names: WebDriverAgentRunner
09:59:58.089 WebDriverAgentRunner-Runner[1852:329613] Running tests with active test configuration: <XCTestConfiguration: 0x1142cc000>
	                  testBundleURL:file://PlugIns/WebDriverAgentRunner.xctest
	         testBundleRelativePath:(null)
	              productModuleName:WebDriverAgentRunner
	                  testSelection:<XCTTestSelection: 0x1142304e0>
	            identifiersToRun:(null)
	            identifiersToSkip:
	            tagsToRun:(null)
	            tagsToSkip:<XCTTagSelection: 0x1140f32c0>
	            mode:and
	            tags:{(
)}
	  includeXCTests:NO


	             reportResultsToIDE:YES
	               testsDrivenByIDE:NO
	inProcessParallelizationEnabled:YES
	              sessionIdentifier:79788C32-92B3-4CA4-8FF6-DF9F654A4BFD
	      disablePerformanceMetrics:NO
	treatMissingBaselinesAsFailures:NO
	                baselineFileURL:(null)
	       baselineFileRelativePath:(null)
	          targetApplicationPath:/private/var/containers/Bundle/Application/A67E64C0-B043-4F45-961A-83324107FCC1/WebDriverAgentRunner-Runner.app
	      targetApplicationBundleID:solumate.xxx
	 testApplicationDependencies:(null)
	 bundleIDsForCrashReportEmphasis:(null)
	 testApplicationUserOverrides:(null)
	     targetApplicationArguments:(null)
	   targetApplicationEnvironment:(null)
	                  reportActivities:YES
	          testsMustRunOnMainThread:YES
	            initializeForUITesting:YES
	            traceCollectionEnabled:(null)
	 enablePerformanceTestsDiagnostics:(null)
	 aggregateStatisticsBeforeCrash:
{
    XCSuiteRecordsKey =     {
    };
}
	        automationFrameworkPath:/System/Developer/Library/PrivateFrameworks/XCTAutomationSupport.framework
	                     emitOSLogs:NO
	       systemAttachmentLifetime:keepNever
	         userAttachmentLifetime:keepAlways
	   preferredScreenCaptureFormat:screenshots
	   gatherLocalizableStringsData:NO
	          testExecutionOrdering:alphabetical
	    randomExecutionOrderingSeed:(null)
	               repetitionPolicy:<XCTRepetitionPolicy: 0x1140f0ae0>
	            mode:None
	            maximumIterations:1
	            repeatInNewRunnerProcess:NO

	       runtimeDiagnosticsPolicy:<XCTRuntimeDiagnosticsPolicy: 0x1142304b0>
	            otherRuntimeIssuesDetectionPolicy:<XCTRuntimeIssueDetectionPolicy: 0x1140f0b80>
	            detectionEnabled:YES
	            severity:warning

	            threadPerformanceCheckerRuntimeIssueDetectionPolicy:<XCTRuntimeIssueDetectionPolicy: 0x1140f0b80>
	            detectionEnabled:YES
	            severity:warning

	            mainThreadCheckerDetectionPolicy:<XCTRuntimeIssueDetectionPolicy: 0x1140f0b80>
	            detectionEnabled:YES
	            severity:warning

	            checkedAllocations:disabled

	            testTimeoutsEnabled:NO
	              leaksCheckingMode:off
	 defaultTestExecutionTimeAllowance:600
	 maximumTestExecutionTimeAllowance:0
	                IDECapabilities:<XCTCapabilities: 0x1141d86a0>: {
    "XCTIssue capability" = 1;
    "daemon container sandbox extension" = 1;
    "delayed attachment transfer" = 1;
    "expected failure test capability" = 1;
    "request diagnostics for specific devices" = 1;
    "skipped test capability" = 1;
    "test case run configurations" = 1;
    "test iterations" = 1;
    "test timeout capability" = 1;
    "ubiquitous test identifiers" = 1;
}
	        symbolicationImageNames:(null)
	         applicationBundleInfos:(null)

09:59:58.090 WebDriverAgentRunner-Runner[1852:329613] <XCTWaiter: 0x1142325e0> entering wait loop for 600.00s with expectations: `requesting ready for testing`
09:59:58.090 WebDriverAgentRunner-Runner[1852:329613] Returning result XCTWaiterResultCompleted for synchronous waiter <XCTWaiter: 0x1142325e0>
09:59:58.090 WebDriverAgentRunner-Runner[1852:329613] Wait <XCTWaiterWait: 0x114056640> completed after 0.000s
09:59:58.090 WebDriverAgentRunner-Runner[1852:329613] cleaning up requesting ready for testing
09:59:58.090 WebDriverAgentRunner-Runner[1852:329613] <XCTWaiter: 0x1142328b0> entering wait loop for 600.00s with expectations: `IDE proxy`
09:59:58.090 WebDriverAgentRunner-Runner[1852:329613] Returning result XCTWaiterResultCompleted for synchronous waiter <XCTWaiter: 0x1142328b0>
09:59:58.090 WebDriverAgentRunner-Runner[1852:329613] Wait <XCTWaiterWait: 0x114055e40> completed after 0.000s
09:59:58.090 WebDriverAgentRunner-Runner[1852:329613] cleaning up IDE proxy
09:59:58.091 WebDriverAgentRunner-Runner[1852:329613] Initializing for UI testing.
09:59:58.092 WebDriverAgentRunner-Runner[1852:329613] Linked XCTAutomationSupport.framework from /System/Developer/Library/PrivateFrameworks/XCTAutomationSupport.framework/XCTAutomationSupport, built with Xcode 2650(17F41), modified on lúc 12:04:18 Giờ Đông Dương Thứ Năm, ngày 30 tháng 4, 2026, bundle version: 24904
09:59:58.092 WebDriverAgentRunner-Runner[1852:329613] <XCTWaiter: 0x114232c40> entering wait loop for 60.00s with expectations: `initiating daemon session`
09:59:58.093 WebDriverAgentRunner-Runner[1852:329613] Returning result XCTWaiterResultCompleted for synchronous waiter <XCTWaiter: 0x114232c40>
09:59:58.093 WebDriverAgentRunner-Runner[1852:329613] Wait <XCTWaiterWait: 0x114057400> completed after 0.000s
09:59:58.093 WebDriverAgentRunner-Runner[1852:329613] cleaning up initiating daemon session
09:59:58.093 WebDriverAgentRunner-Runner[1852:329613] Creating future for 'enabling automation mode' with timeout 60.00
09:59:58.093 WebDriverAgentRunner-Runner[1852:329613] <XCTWaiter: 0x114232fa0> entering wait loop for 60.00s with expectations: `enabling automation mode`
10:00:18.054 WebDriverAgentRunner-Runner[1852:329613] Returning result XCTWaiterResultCompleted for synchronous waiter <XCTWaiter: 0x114232fa0>
10:00:18.054 WebDriverAgentRunner-Runner[1852:329613] Wait <XCTWaiterWait: 0x1140575c0> completed after 19.961s
10:00:18.055 WebDriverAgentRunner-Runner[1852:329613] cleaning up enabling automation mode
10:00:18.056 WebDriverAgentRunner-Runner[1852:329613] Creating future for 'loading Accessibility' with timeout 70.00
10:00:18.057 WebDriverAgentRunner-Runner[1852:329613] <XCTWaiter: 0x1142331b0> entering wait loop for 70.00s with expectations: `loading Accessibility`
    t =      nans Interface orientation changed to Portrait
10:00:18.820 WebDriverAgentRunner-Runner[1852:329613] Returning result XCTWaiterResultCompleted for synchronous waiter <XCTWaiter: 0x1142331b0>
10:00:18.821 WebDriverAgentRunner-Runner[1852:329613] Wait <XCTWaiterWait: 0x114055440> completed after 0.764s
10:00:18.821 WebDriverAgentRunner-Runner[1852:329613] cleaning up loading Accessibility
10:00:18.821 WebDriverAgentRunner-Runner[1852:329613] Creating future for 'enabling localized string gathering' with timeout 70.00
10:00:18.821 WebDriverAgentRunner-Runner[1852:329613] <XCTWaiter: 0x114052c10> entering wait loop for 70.00s with expectations: `enabling localized string gathering`
10:00:18.827 WebDriverAgentRunner-Runner[1852:329613] Returning result XCTWaiterResultCompleted for synchronous waiter <XCTWaiter: 0x114052c10>
10:00:18.827 WebDriverAgentRunner-Runner[1852:329613] Wait <XCTWaiterWait: 0x1143fc100> completed after 0.006s
10:00:18.827 WebDriverAgentRunner-Runner[1852:329613] cleaning up enabling localized string gathering
10:00:18.827 WebDriverAgentRunner-Runner[1852:329613] Creating future for 'setting AX timeout to 60.00s' with timeout 65.00
10:00:18.828 WebDriverAgentRunner-Runner[1852:329613] <XCTWaiter: 0x114232730> entering wait loop for 65.00s with expectations: `setting AX timeout to 60.00s`
10:00:18.828 WebDriverAgentRunner-Runner[1852:329613] Returning result XCTWaiterResultCompleted for synchronous waiter <XCTWaiter: 0x114232730>
10:00:18.828 WebDriverAgentRunner-Runner[1852:329613] Wait <XCTWaiterWait: 0x1143f7e40> completed after 0.000s
10:00:18.828 WebDriverAgentRunner-Runner[1852:329613] cleaning up setting AX timeout to 60.00s
10:00:18.828 WebDriverAgentRunner-Runner[1852:329613] Creating future for 'registering for kAXUserTestingNotification' with timeout 65.00
10:00:18.828 WebDriverAgentRunner-Runner[1852:329613] <XCTWaiter: 0x114052af0> entering wait loop for 65.00s with expectations: `registering for kAXUserTestingNotification`
10:00:18.828 WebDriverAgentRunner-Runner[1852:329613] Returning result XCTWaiterResultCompleted for synchronous waiter <XCTWaiter: 0x114052af0>
10:00:18.829 WebDriverAgentRunner-Runner[1852:329613] Wait <XCTWaiterWait: 0x1143f7d00> completed after 0.000s
10:00:18.829 WebDriverAgentRunner-Runner[1852:329613] cleaning up registering for kAXUserTestingNotification
10:00:18.829 WebDriverAgentRunner-Runner[1852:329613] Creating future for 'registering for kAXAlertNotification' with timeout 65.00
10:00:18.829 WebDriverAgentRunner-Runner[1852:329613] <XCTWaiter: 0x114052e20> entering wait loop for 65.00s with expectations: `registering for kAXAlertNotification`
10:00:18.829 WebDriverAgentRunner-Runner[1852:329613] Returning result XCTWaiterResultCompleted for synchronous waiter <XCTWaiter: 0x114052e20>
10:00:18.829 WebDriverAgentRunner-Runner[1852:329613] Wait <XCTWaiterWait: 0x1143f7bc0> completed after 0.000s
10:00:18.829 WebDriverAgentRunner-Runner[1852:329613] cleaning up registering for kAXAlertNotification
10:00:18.829 WebDriverAgentRunner-Runner[1852:329613] Creating future for 'registering for kAXPidStatusChangedNotification' with timeout 65.00
10:00:18.829 WebDriverAgentRunner-Runner[1852:329613] <XCTWaiter: 0x114053120> entering wait loop for 65.00s with expectations: `registering for kAXPidStatusChangedNotification`
10:00:18.829 WebDriverAgentRunner-Runner[1852:329613] Returning result XCTWaiterResultCompleted for synchronous waiter <XCTWaiter: 0x114053120>
10:00:18.829 WebDriverAgentRunner-Runner[1852:329613] Wait <XCTWaiterWait: 0x1143f7a80> completed after 0.000s
10:00:18.829 WebDriverAgentRunner-Runner[1852:329613] cleaning up registering for kAXPidStatusChangedNotification
10:00:18.829 WebDriverAgentRunner-Runner[1852:329613] Creating future for 'registering for AXNotification 3031' with timeout 65.00
10:00:18.830 WebDriverAgentRunner-Runner[1852:329613] <XCTWaiter: 0x114053390> entering wait loop for 65.00s with expectations: `registering for AXNotification 3031`
10:00:18.830 WebDriverAgentRunner-Runner[1852:329613] Returning result XCTWaiterResultCompleted for synchronous waiter <XCTWaiter: 0x114053390>
10:00:18.830 WebDriverAgentRunner-Runner[1852:329613] Wait <XCTWaiterWait: 0x1143f7940> completed after 0.000s
10:00:18.830 WebDriverAgentRunner-Runner[1852:329613] cleaning up registering for AXNotification 3031
10:00:18.830 WebDriverAgentRunner-Runner[1852:329613] Creating future for 'requesting background assertion for test process' with timeout 30.00
10:00:18.830 WebDriverAgentRunner-Runner[1852:329613] <XCTWaiter: 0x114d08180> entering wait loop for 30.00s with expectations: `requesting background assertion for test process`
10:00:18.831 WebDriverAgentRunner-Runner[1852:329631] Got reply for background assertion for 1852, acquired: YES.
10:00:18.831 WebDriverAgentRunner-Runner[1852:329613] Returning result XCTWaiterResultCompleted for synchronous waiter <XCTWaiter: 0x114d08180>
10:00:18.831 WebDriverAgentRunner-Runner[1852:329613] Wait <XCTWaiterWait: 0x1143f7800> completed after 0.001s
10:00:18.831 WebDriverAgentRunner-Runner[1852:329613] cleaning up requesting background assertion for test process
10:00:18.831 WebDriverAgentRunner-Runner[1852:329613] Test runner is already executing in the background.
10:00:18.831 WebDriverAgentRunner-Runner[1852:329613] Done initializing for UI testing.
10:00:18.833 WebDriverAgentRunner-Runner[1852:329613] Loading test suite...
10:00:19.129 WebDriverAgentRunner-Runner[1852:329632] Handling AXNotification 3031
10:00:19.823 WebDriverAgentRunner-Runner[1852:329629] Handling kAXUserTestingNotification
10:00:19.824 WebDriverAgentRunner-Runner[1852:329629] Received kAXUserTestingNotification from AX element pid: 174, elementOrHash.elementID: 0.1: {
    event = TouchEventsCompleted;
}
10:00:19.825 WebDriverAgentRunner-Runner[1852:329629] Handling kAXPidStatusChangedNotification
10:00:19.825 WebDriverAgentRunner-Runner[1852:329629] Got kAXPidStatusChangedNotification for pid 274: active
10:00:19.829 WebDriverAgentRunner-Runner[1852:329629] Handling AXNotification 3031
10:00:19.918 WebDriverAgentRunner-Runner[1852:329629] Handling kAXPidStatusChangedNotification
10:00:19.918 WebDriverAgentRunner-Runner[1852:329629] Got kAXPidStatusChangedNotification for pid 1523: active
10:00:19.933 WebDriverAgentRunner-Runner[1852:329629] Handling kAXPidStatusChangedNotification
10:00:19.934 WebDriverAgentRunner-Runner[1852:329629] Got kAXPidStatusChangedNotification for pid 1523: active
10:00:19.947 WebDriverAgentRunner-Runner[1852:329629] Handling kAXPidStatusChangedNotification
10:00:19.947 WebDriverAgentRunner-Runner[1852:329629] Got kAXPidStatusChangedNotification for pid 1523: active
10:00:19.972 WebDriverAgentRunner-Runner[1852:329629] Handling kAXUserTestingNotification
10:00:19.972 WebDriverAgentRunner-Runner[1852:329629] Received kAXUserTestingNotification from AX element pid: 174, elementOrHash.elementID: 0.1: {
    event = TouchEventsCompleted;
}
10:00:19.973 WebDriverAgentRunner-Runner[1852:329629] Handling kAXUserTestingNotification
10:00:19.973 WebDriverAgentRunner-Runner[1852:329629] Received kAXUserTestingNotification from AX element pid: 174, elementOrHash.elementID: 0.1: {
    controllerClass = CSModalPresentationViewController;
    event = ViewDidAppear;
}
10:00:19.987 WebDriverAgentRunner-Runner[1852:329629] Handling kAXUserTestingNotification
10:00:19.987 WebDriverAgentRunner-Runner[1852:329629] Received kAXUserTestingNotification from AX element pid: 174, elementOrHash.elementID: 0.1: {
    controllerClass = "_UICursorAccessoryViewController";
    event = ViewDidAppear;
}
10:00:20.050 WebDriverAgentRunner-Runner[1852:329632] Handling kAXPidStatusChangedNotification
10:00:20.050 WebDriverAgentRunner-Runner[1852:329632] Got kAXPidStatusChangedNotification for pid 1523: active
10:00:20.373 WebDriverAgentRunner-Runner[1852:329629] Handling kAXUserTestingNotification
10:00:20.373 WebDriverAgentRunner-Runner[1852:329629] Received kAXUserTestingNotification from AX element pid: 174, elementOrHash.elementID: 0.1: {
    controllerClass = CSPasscodeViewController;
    event = ViewDidAppear;
}
10:00:20.375 WebDriverAgentRunner-Runner[1852:329629] Handling kAXUserTestingNotification
10:00:20.375 WebDriverAgentRunner-Runner[1852:329629] Received kAXUserTestingNotification from AX element pid: 174, elementOrHash.elementID: 0.1: {
    controllerClass = CSMainPageContentViewController;
    event = ViewDidDisappear;
}
10:00:20.375 WebDriverAgentRunner-Runner[1852:329629] Handling kAXUserTestingNotification
10:00:20.375 WebDriverAgentRunner-Runner[1852:329629] Received kAXUserTestingNotification from AX element pid: 174, elementOrHash.elementID: 0.1: {
    controllerClass = CSCombinedListViewController;
    event = ViewDidDisappear;
}
10:00:20.376 WebDriverAgentRunner-Runner[1852:329629] Handling kAXUserTestingNotification
10:00:20.376 WebDriverAgentRunner-Runner[1852:329629] Received kAXUserTestingNotification from AX element pid: 174, elementOrHash.elementID: 0.1: {
    controllerClass = NCNotificationStructuredListViewController;
    event = ViewDidDisappear;
}
10:00:20.377 WebDriverAgentRunner-Runner[1852:329629] Handling kAXUserTestingNotification
10:00:20.377 WebDriverAgentRunner-Runner[1852:329629] Received kAXUserTestingNotification from AX element pid: 174, elementOrHash.elementID: 0.1: {
    controllerClass = NCNotificationListCountIndicatorViewController;
    event = ViewDidDisappear;
}
10:00:20.378 WebDriverAgentRunner-Runner[1852:329629] Handling kAXUserTestingNotification
10:00:20.379 WebDriverAgentRunner-Runner[1852:329629] Received kAXUserTestingNotification from AX element pid: 174, elementOrHash.elementID: 0.1: {
    controllerClass = NCNotificationListSupplementaryHostingViewController;
    event = ViewDidDisappear;
}
10:00:20.379 WebDriverAgentRunner-Runner[1852:329629] Handling kAXUserTestingNotification
10:00:20.379 WebDriverAgentRunner-Runner[1852:329629] Received kAXUserTestingNotification from AX element pid: 174, elementOrHash.elementID: 0.1: {
    controllerClass = CSProminentUISpacerViewController;
    event = ViewDidDisappear;
}
10:00:20.379 WebDriverAgentRunner-Runner[1852:329629] Handling kAXUserTestingNotification
10:00:20.379 WebDriverAgentRunner-Runner[1852:329629] Received kAXUserTestingNotification from AX element pid: 174, elementOrHash.elementID: 0.1: {
    controllerClass = CSNotificationViewController;
    event = ViewDidDisappear;
}
10:00:20.464 WebDriverAgentRunner-Runner[1852:329613] Finished loading test suite, took 1.631s
10:00:20.465 WebDriverAgentRunner-Runner[1852:329613] <XCTWaiter: 0x114230930> entering wait loop for 577.50s with expectations: `preparing execution worker`
10:00:20.465 WebDriverAgentRunner-Runner[1852:329613] No application process found matching pid 274, caching
10:00:20.465 WebDriverAgentRunner-Runner[1852:329613] No application process found matching pid 1523, caching
10:00:20.465 WebDriverAgentRunner-Runner[1852:329613] No application process found matching pid 1523, caching
10:00:20.465 WebDriverAgentRunner-Runner[1852:329613] No application process found matching pid 1523, caching
10:00:20.465 WebDriverAgentRunner-Runner[1852:329613] No application process found matching pid 1523, caching
{"time":"2026-07-20T10:00:20.402032+07:00","level":"INFO","msg":"device called local method","module":"go-ios/testmanagerd","id":"","sel":"_XCT_didFormPlanWithData:"}
10:00:20.480 WebDriverAgentRunner-Runner[1852:329613] Returning result XCTWaiterResultCompleted for synchronous waiter <XCTWaiter: 0x114230930>
10:00:20.480 WebDriverAgentRunner-Runner[1852:329613] Wait <XCTWaiterWait: 0x1143ef000> completed after 0.015s
10:00:20.480 WebDriverAgentRunner-Runner[1852:329613] cleaning up preparing execution worker
10:00:20.481 WebDriverAgentRunner-Runner[1852:329613] Entering test execution event loop
10:00:20.481 WebDriverAgentRunner-Runner[1852:329613] Setting a new interop record handler: Optional(XCTestCore.XCTestInteropRecordHandler())
10:00:20.481 WebDriverAgentRunner-Runner[1852:329613] -[XCTRunnerIDESession(_XCTestObservationInternal) testBundleWillStart:]
10:00:20.481 WebDriverAgentRunner-Runner[1852:329613] Running suite...
10:00:20.481 WebDriverAgentRunner-Runner[1852:329613] -[XCTRunnerIDESession(_XCTestObservationInternal) testSuiteWillStart:]
10:00:20.482 WebDriverAgentRunner-Runner[1852:329613] -[XCTRunnerIDESession(_XCTestObservationInternal) testSuiteWillStart:]
10:00:20.482 WebDriverAgentRunner-Runner[1852:329613] -[XCTRunnerIDESession(_XCTestObservationInternal) testSuiteWillStart:]
Test Suite 'All tests' started at 2026-07-20 10:00:20.481.
XCTestOutputBarrier10:00:20.482 WebDriverAgentRunner-Runner[1852:329613] <XCTContext: 0x114d5c780> started activity <XCActivityRecord: 0x114d73720> 2026-07-20 03:00:20 +0000: Suite Set Up(Not reporting due to no test case running)
Test Suite 'WebDriverAgentRunner.xctest' started at 2026-07-20 10:00:20.482.
XCTestOutputBarrierTest Suite 'UITestingUITests' started at 2026-07-20 10:00:20.482.
XCTestOutputBarrier    t =      nans Suite Set Up
10:00:20.613 WebDriverAgentRunner-Runner[1852:329613] <XCTContext: 0x114d5c780> finished activity <XCActivityRecord: 0x114d73720> 2026-07-20 03:00:20 +0000: Suite Set Up (0.131253s)(Not reporting due to no test case running)
10:00:20.614 WebDriverAgentRunner-Runner[1852:329613] -[XCTRuntimeIssueDetectionManager runtimeIssueDetectionEnabled] runtimeIssueDetectionEnabled based on XCTDisableRuntimeIssues and runtime diagnostics policies: YES
10:00:20.615 WebDriverAgentRunner-Runner[1852:329613] -[XCTRunnerIDESession(_XCTestObservationInternal) testCaseWillStart:] UITestingUITests testRunner
Test Case '-[UITestingUITests testRunner]' started.
XCTestOutputBarrier10:00:20.616 WebDriverAgentRunner-Runner[1852:329613] <XCTContext: 0x1155a0aa0> started activity <XCActivityRecord: 0x114d73720> 2026-07-20 03:00:20 +0000: Start Test at 2026-07-20 10:00:20.616
10:00:20.616 WebDriverAgentRunner-Runner[1852:329613] Creating future for 'requesting to start screen recording' with timeout 30.00
10:00:20.616 WebDriverAgentRunner-Runner[1852:329613] Failed to start diagnostic screen recording - configuration prefers screenshots.
10:00:20.616 WebDriverAgentRunner-Runner[1852:329613] Error (com.apple.dt.xctest.ui-testing.error) 10005, userInfo keys: (null): Unknown error starting diagnostic screen recording.
    t =     0.00s Start Test at 2026-07-20 10:00:20.616
10:00:20.622 WebDriverAgentRunner-Runner[1852:329613] <XCTWaiter: 0x114d0aa00> entering wait loop for 29.99s with expectations: `requesting to start screen recording`
10:00:20.622 WebDriverAgentRunner-Runner[1852:329613] Returning result XCTWaiterResultCompleted for synchronous waiter <XCTWaiter: 0x114d0aa00>
10:00:20.622 WebDriverAgentRunner-Runner[1852:329613] Wait <XCTWaiterWait: 0x1143ee9c0> completed after 0.001s
10:00:20.622 WebDriverAgentRunner-Runner[1852:329613] cleaning up requesting to start screen recording
10:00:20.622 WebDriverAgentRunner-Runner[1852:329613] Creating future for 'getting screen identifiers' with timeout 30.00
10:00:20.623 WebDriverAgentRunner-Runner[1852:329613] <XCTWaiter: 0x114d0a520> entering wait loop for 30.00s with expectations: `getting screen identifiers`
10:00:20.623 WebDriverAgentRunner-Runner[1852:329613] Returning result XCTWaiterResultCompleted for synchronous waiter <XCTWaiter: 0x114d0a520>
10:00:20.623 WebDriverAgentRunner-Runner[1852:329613] Wait <XCTWaiterWait: 0x1143ee6c0> completed after 0.000s
10:00:20.623 WebDriverAgentRunner-Runner[1852:329613] cleaning up getting screen identifiers
10:00:20.623 WebDriverAgentRunner-Runner[1852:329613] <XCTContext: 0x1155a0aa0> finished activity <XCActivityRecord: 0x114d73720> 2026-07-20 03:00:20 +0000: Start Test at 2026-07-20 10:00:20.616 (0.007285s)
10:00:20.625 WebDriverAgentRunner-Runner[1852:329613] <XCTContext: 0x1155a0aa0> started activity <XCActivityRecord: 0x114d73720> 2026-07-20 03:00:20 +0000: Set Up
10:00:20.625 WebDriverAgentRunner-Runner[1852:329613] <XCTWaiter: 0x114d0a8b0> entering indefinite wait loop for expectations: `failable invocation block completion`
    t =     0.01s Set Up
10:00:20.626 WebDriverAgentRunner-Runner[1852:329613] Returning result XCTWaiterResultCompleted for synchronous waiter <XCTWaiter: 0x114d0a8b0>
10:00:20.626 WebDriverAgentRunner-Runner[1852:329613] Wait <XCTWaiterWait: 0x1143ee540> completed after 0.000s
10:00:20.626 WebDriverAgentRunner-Runner[1852:329613] cleaning up failable invocation block completion
10:00:20.626 WebDriverAgentRunner-Runner[1852:329613] <XCTContext: 0x1155a0aa0> finished activity <XCActivityRecord: 0x114d73720> 2026-07-20 03:00:20 +0000: Set Up (0.00119603s)
10:00:20.626 WebDriverAgentRunner-Runner[1852:329613] _assertObjectsInvalidAfterScope
10:00:20.914 WebDriverAgentRunner-Runner[1852:329613] Creating future for 'getting screen identifiers' with timeout 30.00
10:00:20.915 WebDriverAgentRunner-Runner[1852:329613] <XCTWaiter: 0x1156adda0> entering wait loop for 30.00s with expectations: `getting screen identifiers`
10:00:20.915 WebDriverAgentRunner-Runner[1852:329613] Returning result XCTWaiterResultCompleted for synchronous waiter <XCTWaiter: 0x1156adda0>
10:00:20.915 WebDriverAgentRunner-Runner[1852:329613] Wait <XCTWaiterWait: 0x1143ee2c0> completed after 0.000s
10:00:20.915 WebDriverAgentRunner-Runner[1852:329613] cleaning up getting screen identifiers
10:00:20.916 WebDriverAgentRunner-Runner[1852:329613] Creating future for 'getting screen identifiers' with timeout 30.00
10:00:20.916 WebDriverAgentRunner-Runner[1852:329613] <XCTWaiter: 0x1156ae130> entering wait loop for 30.00s with expectations: `getting screen identifiers`
10:00:20.916 WebDriverAgentRunner-Runner[1852:329613] Returning result XCTWaiterResultCompleted for synchronous waiter <XCTWaiter: 0x1156ae130>
10:00:20.916 WebDriverAgentRunner-Runner[1852:329613] Wait <XCTWaiterWait: 0x1143ee180> completed after 0.000s
10:00:20.916 WebDriverAgentRunner-Runner[1852:329613] cleaning up getting screen identifiers
10:00:21.872 WebDriverAgentRunner-Runner[1852:329632] Handling kAXPidStatusChangedNotification
10:00:21.873 WebDriverAgentRunner-Runner[1852:329632] Got kAXPidStatusChangedNotification for pid 308: active
10:00:21.877 WebDriverAgentRunner-Runner[1852:329613] No application process found matching pid 308, caching
10:00:22.355 WebDriverAgentRunner-Runner[1852:329632] Handling kAXPidStatusChangedNotification
10:00:22.356 WebDriverAgentRunner-Runner[1852:329632] Got kAXPidStatusChangedNotification for pid 1523: active
10:00:22.424 WebDriverAgentRunner-Runner[1852:329632] Handling kAXPidStatusChangedNotification
10:00:22.425 WebDriverAgentRunner-Runner[1852:329632] Got kAXPidStatusChangedNotification for invalid pid 0, full payload {
    pid = 0;
    pipPid = 1;
}
10:00:22.426 WebDriverAgentRunner-Runner[1852:329632] Handling kAXPidStatusChangedNotification
10:00:22.426 WebDriverAgentRunner-Runner[1852:329632] Got kAXPidStatusChangedNotification for invalid pid 0, full payload {
    pid = 0;
    pipPid = 1;
}
10:00:22.427 WebDriverAgentRunner-Runner[1852:329632] Handling kAXPidStatusChangedNotification
10:00:22.428 WebDriverAgentRunner-Runner[1852:329632] Got kAXPidStatusChangedNotification for invalid pid 0, full payload {
    pid = 0;
    pipPid = 1;
}
10:00:22.429 WebDriverAgentRunner-Runner[1852:329632] Handling kAXPidStatusChangedNotification
10:00:22.433 WebDriverAgentRunner-Runner[1852:329632] Got kAXPidStatusChangedNotification for invalid pid 0, full payload {
    pid = 0;
    pipPid = 1;
}
10:00:22.459 WebDriverAgentRunner-Runner[1852:329632] Handling kAXPidStatusChangedNotification
10:00:22.459 WebDriverAgentRunner-Runner[1852:329632] Got kAXPidStatusChangedNotification for pid 1523: active
10:00:22.473 WebDriverAgentRunner-Runner[1852:329613] No application process found matching pid 1523, caching
10:00:22.474 WebDriverAgentRunner-Runner[1852:329613] No application process found matching pid 1523, caching
10:00:22.505 WebDriverAgentRunner-Runner[1852:329632] Handling kAXPidStatusChangedNotification
10:00:22.506 WebDriverAgentRunner-Runner[1852:329632] Got kAXPidStatusChangedNotification for pid 1523: active
10:00:22.515 WebDriverAgentRunner-Runner[1852:329942] Handling kAXUserTestingNotification
10:00:22.516 WebDriverAgentRunner-Runner[1852:329613] No application process found matching pid 1523, caching
10:00:22.517 WebDriverAgentRunner-Runner[1852:329942] Received kAXUserTestingNotification from AX element pid: 174, elementOrHash.elementID: 0.1: {
    controllerClass = SBRootFolderController;
    event = ViewDidAppear;
}
10:00:22.518 WebDriverAgentRunner-Runner[1852:329942] Handling kAXUserTestingNotification
10:00:22.519 WebDriverAgentRunner-Runner[1852:329942] Received kAXUserTestingNotification from AX element pid: 174, elementOrHash.elementID: 0.1: {
    controllerClass = SBHLibraryIconViewController;
    event = ViewDidDisappear;
}
10:00:22.521 WebDriverAgentRunner-Runner[1852:329942] Handling kAXUserTestingNotification
10:00:22.522 WebDriverAgentRunner-Runner[1852:329942] Received kAXUserTestingNotification from AX element pid: 174, elementOrHash.elementID: 0.1: {
    controllerClass = "_UICursorAccessoryViewController";
    event = ViewDidAppear;
}
10:00:22.525 WebDriverAgentRunner-Runner[1852:329942] Handling kAXUserTestingNotification
10:00:22.525 WebDriverAgentRunner-Runner[1852:329942] Received kAXUserTestingNotification from AX element pid: 174, elementOrHash.elementID: 0.1: {
    controllerClass = "_TtGC13CoverSheetKit27LockScreenHostingControllerVS_14TitleLabelView_";
    event = ViewDidDisappear;
}
10:00:22.531 WebDriverAgentRunner-Runner[1852:329942] Handling kAXUserTestingNotification
10:00:22.532 WebDriverAgentRunner-Runner[1852:329942] Received kAXUserTestingNotification from AX element pid: 174, elementOrHash.elementID: 0.1: {
    controllerClass = CSMainPageContentViewController;
    event = ViewDidAppear;
}
10:00:22.534 WebDriverAgentRunner-Runner[1852:329942] Handling kAXUserTestingNotification
10:00:22.536 WebDriverAgentRunner-Runner[1852:329942] Received kAXUserTestingNotification from AX element pid: 174, elementOrHash.elementID: 0.1: {
    controllerClass = CSCombinedListViewController;
    event = ViewDidAppear;
}
10:00:22.539 WebDriverAgentRunner-Runner[1852:329942] Handling kAXUserTestingNotification
10:00:22.542 WebDriverAgentRunner-Runner[1852:329942] Received kAXUserTestingNotification from AX element pid: 174, elementOrHash.elementID: 0.1: {
    controllerClass = NCNotificationStructuredListViewController;
    event = ViewDidAppear;
}
10:00:22.543 WebDriverAgentRunner-Runner[1852:329942] Handling kAXUserTestingNotification
10:00:22.544 WebDriverAgentRunner-Runner[1852:329942] Received kAXUserTestingNotification from AX element pid: 174, elementOrHash.elementID: 0.1: {
    controllerClass = NCNotificationListCountIndicatorViewController;
    event = ViewDidAppear;
}
10:00:22.545 WebDriverAgentRunner-Runner[1852:329942] Handling kAXUserTestingNotification
10:00:22.547 WebDriverAgentRunner-Runner[1852:329942] Received kAXUserTestingNotification from AX element pid: 174, elementOrHash.elementID: 0.1: {
    controllerClass = NCNotificationListSupplementaryHostingViewController;
    event = ViewDidAppear;
}
10:00:22.548 WebDriverAgentRunner-Runner[1852:329942] Handling kAXUserTestingNotification
10:00:22.549 WebDriverAgentRunner-Runner[1852:329942] Received kAXUserTestingNotification from AX element pid: 174, elementOrHash.elementID: 0.1: {
    controllerClass = CSProminentUISpacerViewController;
    event = ViewDidAppear;
}
10:00:22.550 WebDriverAgentRunner-Runner[1852:329942] Handling kAXUserTestingNotification
10:00:22.550 WebDriverAgentRunner-Runner[1852:329942] Received kAXUserTestingNotification from AX element pid: 174, elementOrHash.elementID: 0.1: {
    controllerClass = CSNotificationViewController;
    event = ViewDidAppear;
}
10:00:22.550 WebDriverAgentRunner-Runner[1852:329942] Handling kAXAlertNotification
10:00:22.550 WebDriverAgentRunner-Runner[1852:329942] Handling kAXAlertNotification for AX element pid: 174, elementOrHash.elementID: 0.1
10:00:22.550 WebDriverAgentRunner-Runner[1852:329942] Handling kAXUserTestingNotification
10:00:22.550 WebDriverAgentRunner-Runner[1852:329942] Received kAXUserTestingNotification from AX element pid: 174, elementOrHash.elementID: 0.1: {
    controllerClass = "_UICursorAccessoryViewController";
    event = ViewDidAppear;
}
10:00:22.585 WebDriverAgentRunner-Runner[1852:329631] Handling kAXPidStatusChangedNotification
10:00:22.586 WebDriverAgentRunner-Runner[1852:329631] Got kAXPidStatusChangedNotification for pid 1523: active
10:00:22.666 WebDriverAgentRunner-Runner[1852:329632] Handling kAXUserTestingNotification
10:00:22.667 WebDriverAgentRunner-Runner[1852:329632] Received kAXUserTestingNotification from AX element pid: 1823, elementOrHash.elementID: 0.1: {
    controllerClass = SBUIBannerClientContainerViewController;
    event = ViewDidAppear;
}
10:00:22.676 WebDriverAgentRunner-Runner[1852:329942] Handling kAXUserTestingNotification
10:00:22.677 WebDriverAgentRunner-Runner[1852:329942] Received kAXUserTestingNotification from AX element pid: 174, elementOrHash.elementID: 0.1: {
    controllerClass = BNContentViewController;
    event = ViewDidAppear;
}
10:00:22.695 WebDriverAgentRunner-Runner[1852:329942] Handling kAXPidStatusChangedNotification
10:00:22.696 WebDriverAgentRunner-Runner[1852:329942] Got kAXPidStatusChangedNotification for pid 303: active
10:00:22.730 WebDriverAgentRunner-Runner[1852:329631] Handling kAXUserTestingNotification
10:00:22.731 WebDriverAgentRunner-Runner[1852:329631] Received kAXUserTestingNotification from AX element pid: 174, elementOrHash.elementID: 0.1: {
    controllerClass = SBHLibraryIconViewController;
    event = ViewDidAppear;
}
10:00:22.733 WebDriverAgentRunner-Runner[1852:329631] Handling kAXPidStatusChangedNotification
10:00:22.734 WebDriverAgentRunner-Runner[1852:329631] Got kAXPidStatusChangedNotification for pid 303: active
10:00:22.922 WebDriverAgentRunner-Runner[1852:329632] Handling kAXUserTestingNotification
10:00:22.922 WebDriverAgentRunner-Runner[1852:329632] Received kAXUserTestingNotification from AX element pid: 174, elementOrHash.elementID: 0.1: {
    controllerClass = CSPasscodeViewController;
    event = ViewDidDisappear;
}
10:00:22.923 WebDriverAgentRunner-Runner[1852:329632] Handling kAXUserTestingNotification
10:00:22.924 WebDriverAgentRunner-Runner[1852:329632] Received kAXUserTestingNotification from AX element pid: 174, elementOrHash.elementID: 0.1: {
    controllerClass = CSModalPresentationViewController;
    event = ViewDidDisappear;
}
10:00:22.925 WebDriverAgentRunner-Runner[1852:329631] Handling kAXUserTestingNotification
10:00:22.926 WebDriverAgentRunner-Runner[1852:329631] Received kAXUserTestingNotification from AX element pid: 174, elementOrHash.elementID: 0.1: {
    controllerClass = "_UICursorAccessoryViewController";
    event = ViewDidDisappear;
}
10:00:22.936 WebDriverAgentRunner-Runner[1852:329632] Handling AXNotification 3031
10:00:23.076 WebDriverAgentRunner-Runner[1852:329629] Handling kAXUserTestingNotification
10:00:23.076 WebDriverAgentRunner-Runner[1852:329629] Received kAXUserTestingNotification from AX element pid: 174, elementOrHash.elementID: 0.1: {
    controllerClass = SBCoverSheetPrimarySlidingViewController;
    event = ViewDidDisappear;
}
10:00:23.077 WebDriverAgentRunner-Runner[1852:329629] Handling kAXUserTestingNotification
10:00:23.078 WebDriverAgentRunner-Runner[1852:329629] Received kAXUserTestingNotification from AX element pid: 174, elementOrHash.elementID: 0.1: {
    controllerClass = CSCoverSheetViewController;
    event = ViewDidDisappear;
}
10:00:23.079 WebDriverAgentRunner-Runner[1852:329629] Handling kAXUserTestingNotification
10:00:23.079 WebDriverAgentRunner-Runner[1852:329629] Received kAXUserTestingNotification from AX element pid: 174, elementOrHash.elementID: 0.1: {
    controllerClass = SBFLockScreenDateViewController;
    event = ViewDidDisappear;
}
10:00:23.081 WebDriverAgentRunner-Runner[1852:329629] Handling kAXUserTestingNotification
10:00:23.081 WebDriverAgentRunner-Runner[1852:329629] Received kAXUserTestingNotification from AX element pid: 174, elementOrHash.elementID: 0.1: {
    controllerClass = CSProminentDisplayViewController;
    event = ViewDidDisappear;
}
10:00:23.082 WebDriverAgentRunner-Runner[1852:329629] Handling kAXUserTestingNotification
10:00:23.083 WebDriverAgentRunner-Runner[1852:329629] Received kAXUserTestingNotification from AX element pid: 174, elementOrHash.elementID: 0.1: {
    controllerClass = CSWidgetGridViewController;
    event = ViewDidDisappear;
}
10:00:23.085 WebDriverAgentRunner-Runner[1852:329629] Handling kAXUserTestingNotification
10:00:23.086 WebDriverAgentRunner-Runner[1852:329629] Received kAXUserTestingNotification from AX element pid: 174, elementOrHash.elementID: 0.1: {
    controllerClass = PRWidgetGridViewController;
    event = ViewDidDisappear;
}
10:00:23.088 WebDriverAgentRunner-Runner[1852:329629] Handling kAXUserTestingNotification
10:00:23.089 WebDriverAgentRunner-Runner[1852:329629] Received kAXUserTestingNotification from AX element pid: 174, elementOrHash.elementID: 0.1: {
    controllerClass = CSFixedFooterViewController;
    event = ViewDidDisappear;
}
10:00:23.090 WebDriverAgentRunner-Runner[1852:329629] Handling kAXUserTestingNotification
10:00:23.091 WebDriverAgentRunner-Runner[1852:329629] Received kAXUserTestingNotification from AX element pid: 174, elementOrHash.elementID: 0.1: {
    controllerClass = CSStatusTextViewController;
    event = ViewDidDisappear;
}
10:00:23.092 WebDriverAgentRunner-Runner[1852:329629] Handling kAXUserTestingNotification
10:00:23.093 WebDriverAgentRunner-Runner[1852:329629] Received kAXUserTestingNotification from AX element pid: 174, elementOrHash.elementID: 0.1: {
    controllerClass = CSTeachableMomentsContainerViewController;
    event = ViewDidDisappear;
}
10:00:23.094 WebDriverAgentRunner-Runner[1852:329629] Handling kAXUserTestingNotification
10:00:23.095 WebDriverAgentRunner-Runner[1852:329629] Received kAXUserTestingNotification from AX element pid: 174, elementOrHash.elementID: 0.1: {
    controllerClass = CSHomeAffordanceViewController;
    event = ViewDidDisappear;
}
10:00:23.097 WebDriverAgentRunner-Runner[1852:329629] Handling kAXUserTestingNotification
10:00:23.097 WebDriverAgentRunner-Runner[1852:329629] Received kAXUserTestingNotification from AX element pid: 174, elementOrHash.elementID: 0.1: {
    controllerClass = CSWidgetGridViewController;
    event = ViewDidDisappear;
}
10:00:23.098 WebDriverAgentRunner-Runner[1852:329629] Handling kAXUserTestingNotification
10:00:23.099 WebDriverAgentRunner-Runner[1852:329629] Received kAXUserTestingNotification from AX element pid: 174, elementOrHash.elementID: 0.1: {
    controllerClass = CSProudLockViewController;
    event = ViewDidDisappear;
}
10:00:23.100 WebDriverAgentRunner-Runner[1852:329629] Handling kAXUserTestingNotification
10:00:23.101 WebDriverAgentRunner-Runner[1852:329629] Received kAXUserTestingNotification from AX element pid: 174, elementOrHash.elementID: 0.1: {
    controllerClass = SBUIProudLockContainerViewController;
    event = ViewDidDisappear;
}
10:00:23.101 WebDriverAgentRunner-Runner[1852:329629] Handling kAXUserTestingNotification
10:00:23.101 WebDriverAgentRunner-Runner[1852:329629] Received kAXUserTestingNotification from AX element pid: 174, elementOrHash.elementID: 0.1: {
    controllerClass = CSMainPageContentViewController;
    event = ViewDidDisappear;
}
10:00:23.101 WebDriverAgentRunner-Runner[1852:329629] Handling kAXUserTestingNotification
10:00:23.101 WebDriverAgentRunner-Runner[1852:329629] Received kAXUserTestingNotification from AX element pid: 174, elementOrHash.elementID: 0.1: {
    controllerClass = CSCombinedListViewController;
    event = ViewDidDisappear;
}
10:00:23.102 WebDriverAgentRunner-Runner[1852:329629] Handling kAXUserTestingNotification
10:00:23.102 WebDriverAgentRunner-Runner[1852:329629] Received kAXUserTestingNotification from AX element pid: 174, elementOrHash.elementID: 0.1: {
    controllerClass = NCNotificationStructuredListViewController;
    event = ViewDidDisappear;
}
10:00:23.102 WebDriverAgentRunner-Runner[1852:329629] Handling kAXUserTestingNotification
10:00:23.102 WebDriverAgentRunner-Runner[1852:329629] Received kAXUserTestingNotification from AX element pid: 174, elementOrHash.elementID: 0.1: {
    controllerClass = NCNotificationListCountIndicatorViewController;
    event = ViewDidDisappear;
}
10:00:23.102 WebDriverAgentRunner-Runner[1852:329629] Handling kAXUserTestingNotification
10:00:23.102 WebDriverAgentRunner-Runner[1852:329629] Received kAXUserTestingNotification from AX element pid: 174, elementOrHash.elementID: 0.1: {
    controllerClass = NCNotificationListSupplementaryHostingViewController;
    event = ViewDidDisappear;
}
10:00:23.103 WebDriverAgentRunner-Runner[1852:329629] Handling kAXUserTestingNotification
10:00:23.103 WebDriverAgentRunner-Runner[1852:329629] Received kAXUserTestingNotification from AX element pid: 174, elementOrHash.elementID: 0.1: {
    controllerClass = CSProminentUISpacerViewController;
    event = ViewDidDisappear;
}
10:00:23.103 WebDriverAgentRunner-Runner[1852:329629] Handling kAXUserTestingNotification
10:00:23.103 WebDriverAgentRunner-Runner[1852:329629] Received kAXUserTestingNotification from AX element pid: 174, elementOrHash.elementID: 0.1: {
    controllerClass = CSNotificationViewController;
    event = ViewDidDisappear;
}
10:00:24.026 WebDriverAgentRunner-Runner[1852:329942] Handling kAXUserTestingNotification
10:00:24.027 WebDriverAgentRunner-Runner[1852:329942] Received kAXUserTestingNotification from AX element pid: 174, elementOrHash.elementID: 0.1: {
    controllerClass = SBBannerSourceListenerHostedPresentableViewController;
    event = ViewDidAppear;
}
10:00:24.029 WebDriverAgentRunner-Runner[1852:329942] Handling kAXUserTestingNotification
10:00:24.030 WebDriverAgentRunner-Runner[1852:329942] Received kAXUserTestingNotification from AX element pid: 1823, elementOrHash.elementID: 0.1: {
    controllerClass = BluetoothUIServiceBanner;
    event = ViewDidAppear;
}
10:00:25.188 WebDriverAgentRunner-Runner[1852:329942] Handling kAXPidStatusChangedNotification
10:00:25.189 WebDriverAgentRunner-Runner[1852:329942] Got kAXPidStatusChangedNotification for pid 274: active
10:00:28.282 WebDriverAgentRunner-Runner[1852:329631] Handling kAXUserTestingNotification
10:00:28.283 WebDriverAgentRunner-Runner[1852:329631] Received kAXUserTestingNotification from AX element pid: 174, elementOrHash.elementID: 0.1: {
    controllerClass = SBHWidgetViewController;
    event = ViewDidAppear;
}
10:00:28.284 WebDriverAgentRunner-Runner[1852:329631] Handling kAXUserTestingNotification
10:00:28.285 WebDriverAgentRunner-Runner[1852:329631] Received kAXUserTestingNotification from AX element pid: 174, elementOrHash.elementID: 0.1: {
    controllerClass = SBHWidgetContainerViewController;
    event = ViewDidAppear;
}
10:00:28.286 WebDriverAgentRunner-Runner[1852:329631] Handling kAXUserTestingNotification
10:00:28.288 WebDriverAgentRunner-Runner[1852:329631] Received kAXUserTestingNotification from AX element pid: 174, elementOrHash.elementID: 0.1: {
    controllerClass = SBHMultiplexingViewController;
    event = ViewDidAppear;
}
10:00:28.289 WebDriverAgentRunner-Runner[1852:329631] Handling kAXUserTestingNotification
10:00:28.290 WebDriverAgentRunner-Runner[1852:329631] Received kAXUserTestingNotification from AX element pid: 174, elementOrHash.elementID: 0.1: {
    controllerClass = SBHWidgetStackViewController;
    event = ViewDidAppear;
}
10:00:28.322 WebDriverAgentRunner-Runner[1852:329631] Handling kAXUserTestingNotification
10:00:28.323 WebDriverAgentRunner-Runner[1852:329631] Received kAXUserTestingNotification from AX element pid: 308, elementOrHash.elementID: 0.1: {
    controllerClass = "WidgetRenderer.DebugOverlayViewController";
    event = ViewDidAppear;
}
10:00:28.324 WebDriverAgentRunner-Runner[1852:329631] Handling kAXUserTestingNotification
10:00:28.325 WebDriverAgentRunner-Runner[1852:329631] Received kAXUserTestingNotification from AX element pid: 308, elementOrHash.elementID: 0.1: {
    controllerClass = "WidgetRenderer.WidgetSceneContentViewController";
    event = ViewDidAppear;
}
10:00:28.326 WebDriverAgentRunner-Runner[1852:329631] Handling kAXUserTestingNotification
10:00:28.327 WebDriverAgentRunner-Runner[1852:329631] Received kAXUserTestingNotification from AX element pid: 308, elementOrHash.elementID: 0.1: {
    controllerClass = "WidgetRenderer.SecureHostingController";
    event = ViewDidAppear;
}
10:00:28.328 WebDriverAgentRunner-Runner[1852:329631] Handling kAXUserTestingNotification
10:00:28.329 WebDriverAgentRunner-Runner[1852:329631] Received kAXUserTestingNotification from AX element pid: 308, elementOrHash.elementID: 0.1: {
    controllerClass = "WidgetRenderer.ZStackContainerViewController";
    event = ViewDidDisappear;
}
10:00:28.330 WebDriverAgentRunner-Runner[1852:329631] Handling kAXUserTestingNotification
10:00:28.331 WebDriverAgentRunner-Runner[1852:329631] Received kAXUserTestingNotification from AX element pid: 308, elementOrHash.elementID: 0.1: {
    controllerClass = "WidgetRenderer.ZStackContainerViewController";
    event = ViewDidAppear;
}
10:00:28.335 WebDriverAgentRunner-Runner[1852:329632] Handling kAXUserTestingNotification
10:00:28.335 WebDriverAgentRunner-Runner[1852:329632] Received kAXUserTestingNotification from AX element pid: 174, elementOrHash.elementID: 0.1: {
    event = TouchEventsCompleted;
}
10:00:28.336 WebDriverAgentRunner-Runner[1852:329632] Handling kAXUserTestingNotification
10:00:28.337 WebDriverAgentRunner-Runner[1852:329632] Received kAXUserTestingNotification from AX element pid: 174, elementOrHash.elementID: 0.1: {
    event = TouchEventsCompleted;
}
10:00:28.457 WebDriverAgentRunner-Runner[1852:329941] Handling kAXUserTestingNotification
10:00:28.458 WebDriverAgentRunner-Runner[1852:329941] Received kAXUserTestingNotification from AX element pid: 308, elementOrHash.elementID: 0.1: {
    controllerClass = "WidgetRenderer.DebugOverlayViewController";
    event = ViewDidAppear;
}
10:00:28.459 WebDriverAgentRunner-Runner[1852:329941] Handling kAXUserTestingNotification
10:00:28.459 WebDriverAgentRunner-Runner[1852:329941] Received kAXUserTestingNotification from AX element pid: 308, elementOrHash.elementID: 0.1: {
    controllerClass = "WidgetRenderer.WidgetSceneContentViewController";
    event = ViewDidAppear;
}
10:00:28.460 WebDriverAgentRunner-Runner[1852:329941] Handling kAXUserTestingNotification
10:00:28.461 WebDriverAgentRunner-Runner[1852:329941] Received kAXUserTestingNotification from AX element pid: 308, elementOrHash.elementID: 0.1: {
    controllerClass = "WidgetRenderer.SecureHostingController";
    event = ViewDidAppear;
}
10:00:28.462 WebDriverAgentRunner-Runner[1852:329941] Handling kAXUserTestingNotification
10:00:28.463 WebDriverAgentRunner-Runner[1852:329941] Received kAXUserTestingNotification from AX element pid: 174, elementOrHash.elementID: 0.1: {
    controllerClass = SBHWidgetViewController;
    event = ViewDidAppear;
}
10:00:28.464 WebDriverAgentRunner-Runner[1852:329941] Handling kAXUserTestingNotification
10:00:28.465 WebDriverAgentRunner-Runner[1852:329941] Received kAXUserTestingNotification from AX element pid: 174, elementOrHash.elementID: 0.1: {
    controllerClass = SBHWidgetContainerViewController;
    event = ViewDidAppear;
}
10:00:28.466 WebDriverAgentRunner-Runner[1852:329941] Handling kAXUserTestingNotification
10:00:28.467 WebDriverAgentRunner-Runner[1852:329941] Received kAXUserTestingNotification from AX element pid: 174, elementOrHash.elementID: 0.1: {
    controllerClass = SBHMultiplexingViewController;
    event = ViewDidAppear;
}
10:00:28.468 WebDriverAgentRunner-Runner[1852:329941] Handling kAXUserTestingNotification
10:00:28.469 WebDriverAgentRunner-Runner[1852:329941] Received kAXUserTestingNotification from AX element pid: 174, elementOrHash.elementID: 0.1: {
    controllerClass = SBHWidgetStackViewController;
    event = ViewDidAppear;
}
10:00:28.470 WebDriverAgentRunner-Runner[1852:329941] Handling kAXUserTestingNotification
10:00:28.471 WebDriverAgentRunner-Runner[1852:329941] Received kAXUserTestingNotification from AX element pid: 174, elementOrHash.elementID: 0.1: {
    controllerClass = SBHWidgetViewController;
    event = ViewDidAppear;
}
10:00:28.472 WebDriverAgentRunner-Runner[1852:329941] Handling kAXUserTestingNotification
10:00:28.473 WebDriverAgentRunner-Runner[1852:329941] Received kAXUserTestingNotification from AX element pid: 174, elementOrHash.elementID: 0.1: {
    controllerClass = SBHWidgetContainerViewController;
    event = ViewDidAppear;
}
10:00:28.476 WebDriverAgentRunner-Runner[1852:329941] Handling kAXUserTestingNotification
10:00:28.476 WebDriverAgentRunner-Runner[1852:329941] Received kAXUserTestingNotification from AX element pid: 174, elementOrHash.elementID: 0.1: {
    controllerClass = SBHMultiplexingViewController;
    event = ViewDidAppear;
}
10:00:28.477 WebDriverAgentRunner-Runner[1852:329941] Handling kAXUserTestingNotification
10:00:28.478 WebDriverAgentRunner-Runner[1852:329941] Received kAXUserTestingNotification from AX element pid: 174, elementOrHash.elementID: 0.1: {
    controllerClass = SBHWidgetStackViewController;
    event = ViewDidAppear;
}
10:00:28.479 WebDriverAgentRunner-Runner[1852:329941] Handling kAXUserTestingNotification
10:00:28.480 WebDriverAgentRunner-Runner[1852:329941] Received kAXUserTestingNotification from AX element pid: 174, elementOrHash.elementID: 0.1: {
    controllerClass = SBHWidgetViewController;
    event = ViewDidAppear;
}
10:00:28.481 WebDriverAgentRunner-Runner[1852:329941] Handling kAXUserTestingNotification
10:00:28.482 WebDriverAgentRunner-Runner[1852:329941] Received kAXUserTestingNotification from AX element pid: 174, elementOrHash.elementID: 0.1: {
    controllerClass = SBHWidgetContainerViewController;
    event = ViewDidAppear;
}
10:00:28.484 WebDriverAgentRunner-Runner[1852:329941] Handling kAXUserTestingNotification
10:00:28.484 WebDriverAgentRunner-Runner[1852:329941] Received kAXUserTestingNotification from AX element pid: 174, elementOrHash.elementID: 0.1: {
    controllerClass = SBHMultiplexingViewController;
    event = ViewDidAppear;
}
10:00:28.485 WebDriverAgentRunner-Runner[1852:329941] Handling kAXUserTestingNotification
10:00:28.485 WebDriverAgentRunner-Runner[1852:329941] Received kAXUserTestingNotification from AX element pid: 174, elementOrHash.elementID: 0.1: {
    controllerClass = SBHWidgetStackViewController;
    event = ViewDidAppear;
}
10:00:28.485 WebDriverAgentRunner-Runner[1852:329941] Handling kAXUserTestingNotification
10:00:28.485 WebDriverAgentRunner-Runner[1852:329941] Received kAXUserTestingNotification from AX element pid: 308, elementOrHash.elementID: 0.1: {
    controllerClass = "WidgetRenderer.ZStackContainerViewController";
    event = ViewDidDisappear;
}
10:00:28.485 WebDriverAgentRunner-Runner[1852:329941] Handling kAXUserTestingNotification
10:00:28.485 WebDriverAgentRunner-Runner[1852:329941] Received kAXUserTestingNotification from AX element pid: 308, elementOrHash.elementID: 0.1: {
    controllerClass = "WidgetRenderer.ZStackContainerViewController";
    event = ViewDidAppear;
}
10:00:28.486 WebDriverAgentRunner-Runner[1852:329941] Handling kAXUserTestingNotification
10:00:28.486 WebDriverAgentRunner-Runner[1852:329941] Received kAXUserTestingNotification from AX element pid: 308, elementOrHash.elementID: 0.1: {
    controllerClass = "WidgetRenderer.DebugOverlayViewController";
    event = ViewDidAppear;
}
10:00:28.486 WebDriverAgentRunner-Runner[1852:329941] Handling kAXUserTestingNotification
10:00:28.486 WebDriverAgentRunner-Runner[1852:329941] Received kAXUserTestingNotification from AX element pid: 308, elementOrHash.elementID: 0.1: {
    controllerClass = "WidgetRenderer.WidgetSceneContentViewController";
    event = ViewDidAppear;
}
10:00:28.486 WebDriverAgentRunner-Runner[1852:329941] Handling kAXUserTestingNotification
10:00:28.486 WebDriverAgentRunner-Runner[1852:329941] Received kAXUserTestingNotification from AX element pid: 308, elementOrHash.elementID: 0.1: {
    controllerClass = "WidgetRenderer.SecureHostingController";
    event = ViewDidAppear;
}
10:00:28.487 WebDriverAgentRunner-Runner[1852:329941] Handling kAXUserTestingNotification
10:00:28.487 WebDriverAgentRunner-Runner[1852:329941] Received kAXUserTestingNotification from AX element pid: 308, elementOrHash.elementID: 0.1: {
    controllerClass = "WidgetRenderer.ZStackContainerViewController";
    event = ViewDidDisappear;
}
10:00:28.487 WebDriverAgentRunner-Runner[1852:329941] Handling kAXUserTestingNotification
10:00:28.487 WebDriverAgentRunner-Runner[1852:329941] Received kAXUserTestingNotification from AX element pid: 308, elementOrHash.elementID: 0.1: {
    controllerClass = "WidgetRenderer.ZStackContainerViewController";
    event = ViewDidAppear;
}
10:00:28.493 WebDriverAgentRunner-Runner[1852:329941] Handling kAXUserTestingNotification
10:00:28.493 WebDriverAgentRunner-Runner[1852:329941] Received kAXUserTestingNotification from AX element pid: 308, elementOrHash.elementID: 0.1: {
    controllerClass = "WidgetRenderer.DebugOverlayViewController";
    event = ViewDidAppear;
}
10:00:28.494 WebDriverAgentRunner-Runner[1852:329941] Handling kAXUserTestingNotification
10:00:28.494 WebDriverAgentRunner-Runner[1852:329941] Received kAXUserTestingNotification from AX element pid: 308, elementOrHash.elementID: 0.1: {
    controllerClass = "WidgetRenderer.WidgetSceneContentViewController";
    event = ViewDidAppear;
}
10:00:28.494 WebDriverAgentRunner-Runner[1852:329941] Handling kAXUserTestingNotification
10:00:28.494 WebDriverAgentRunner-Runner[1852:329941] Received kAXUserTestingNotification from AX element pid: 308, elementOrHash.elementID: 0.1: {
    controllerClass = "WidgetRenderer.SecureHostingController";
    event = ViewDidAppear;
}
10:00:28.498 WebDriverAgentRunner-Runner[1852:329631] Handling kAXUserTestingNotification
10:00:28.499 WebDriverAgentRunner-Runner[1852:329631] Received kAXUserTestingNotification from AX element pid: 308, elementOrHash.elementID: 0.1: {
    controllerClass = "WidgetRenderer.ZStackContainerViewController";
    event = ViewDidDisappear;
}
10:00:28.499 WebDriverAgentRunner-Runner[1852:329631] Handling kAXUserTestingNotification
10:00:28.499 WebDriverAgentRunner-Runner[1852:329631] Received kAXUserTestingNotification from AX element pid: 308, elementOrHash.elementID: 0.1: {
    controllerClass = "WidgetRenderer.ZStackContainerViewController";
    event = ViewDidAppear;
}
10:00:28.503 WebDriverAgentRunner-Runner[1852:329940] Handling kAXUserTestingNotification
10:00:28.503 WebDriverAgentRunner-Runner[1852:329940] Received kAXUserTestingNotification from AX element pid: 174, elementOrHash.elementID: 0.1: {
    controllerClass = SBHWidgetViewController;
    event = ViewDidAppear;
}
10:00:28.503 WebDriverAgentRunner-Runner[1852:329940] Handling kAXUserTestingNotification
10:00:28.503 WebDriverAgentRunner-Runner[1852:329940] Received kAXUserTestingNotification from AX element pid: 174, elementOrHash.elementID: 0.1: {
    controllerClass = SBHWidgetContainerViewController;
    event = ViewDidAppear;
}
10:00:28.503 WebDriverAgentRunner-Runner[1852:329940] Handling kAXUserTestingNotification
10:00:28.504 WebDriverAgentRunner-Runner[1852:329940] Received kAXUserTestingNotification from AX element pid: 174, elementOrHash.elementID: 0.1: {
    controllerClass = SBHMultiplexingViewController;
    event = ViewDidAppear;
}
10:00:28.504 WebDriverAgentRunner-Runner[1852:329940] Handling kAXUserTestingNotification
10:00:28.504 WebDriverAgentRunner-Runner[1852:329940] Received kAXUserTestingNotification from AX element pid: 174, elementOrHash.elementID: 0.1: {
    controllerClass = SBHWidgetStackViewController;
    event = ViewDidAppear;
}
10:00:28.513 WebDriverAgentRunner-Runner[1852:329631] Handling kAXUserTestingNotification
10:00:28.513 WebDriverAgentRunner-Runner[1852:329631] Received kAXUserTestingNotification from AX element pid: 308, elementOrHash.elementID: 0.1: {
    controllerClass = "WidgetRenderer.DebugOverlayViewController";
    event = ViewDidAppear;
}
10:00:28.514 WebDriverAgentRunner-Runner[1852:329631] Handling kAXUserTestingNotification
10:00:28.514 WebDriverAgentRunner-Runner[1852:329631] Received kAXUserTestingNotification from AX element pid: 308, elementOrHash.elementID: 0.1: {
    controllerClass = "WidgetRenderer.WidgetSceneContentViewController";
    event = ViewDidAppear;
}
10:00:28.514 WebDriverAgentRunner-Runner[1852:329631] Handling kAXUserTestingNotification
10:00:28.514 WebDriverAgentRunner-Runner[1852:329631] Received kAXUserTestingNotification from AX element pid: 308, elementOrHash.elementID: 0.1: {
    controllerClass = "WidgetRenderer.SecureHostingController";
    event = ViewDidAppear;
}
10:00:28.521 WebDriverAgentRunner-Runner[1852:329941] Handling kAXUserTestingNotification
10:00:28.521 WebDriverAgentRunner-Runner[1852:329941] Received kAXUserTestingNotification from AX element pid: 308, elementOrHash.elementID: 0.1: {
    controllerClass = "WidgetRenderer.ZStackContainerViewController";
    event = ViewDidDisappear;
}
10:00:28.522 WebDriverAgentRunner-Runner[1852:329941] Handling kAXUserTestingNotification
10:00:28.522 WebDriverAgentRunner-Runner[1852:329941] Received kAXUserTestingNotification from AX element pid: 308, elementOrHash.elementID: 0.1: {
    controllerClass = "WidgetRenderer.ZStackContainerViewController";
    event = ViewDidAppear;
}
10:00:29.539 WebDriverAgentRunner-Runner[1852:329940] Handling kAXPidStatusChangedNotification
10:00:29.539 WebDriverAgentRunner-Runner[1852:329940] Got kAXPidStatusChangedNotification for pid 1462: active
10:00:29.547 WebDriverAgentRunner-Runner[1852:329940] Handling kAXUserTestingNotification
10:00:29.548 WebDriverAgentRunner-Runner[1852:329940] Received kAXUserTestingNotification from AX element pid: 174, elementOrHash.elementID: 0.1: {
    event = TouchEventsCompleted;
}
10:00:29.549 WebDriverAgentRunner-Runner[1852:329940] Handling kAXUserTestingNotification
10:00:29.551 WebDriverAgentRunner-Runner[1852:329940] Received kAXUserTestingNotification from AX element pid: 174, elementOrHash.elementID: 0.1: {
    controllerClass = SBMedusaDecoratedDeviceApplicationSceneViewController;
    event = ViewDidAppear;
}
10:00:29.552 WebDriverAgentRunner-Runner[1852:329940] Handling kAXUserTestingNotification
10:00:29.554 WebDriverAgentRunner-Runner[1852:329940] Received kAXUserTestingNotification from AX element pid: 174, elementOrHash.elementID: 0.1: {
    controllerClass = SBDeviceApplicationSceneViewController;
    event = ViewDidAppear;
}
10:00:29.556 WebDriverAgentRunner-Runner[1852:329940] Handling kAXUserTestingNotification
10:00:29.558 WebDriverAgentRunner-Runner[1852:329940] Received kAXUserTestingNotification from AX element pid: 174, elementOrHash.elementID: 0.1: {
    controllerClass = SBTopAffordanceViewController;
    event = ViewDidAppear;
}
10:00:29.560 WebDriverAgentRunner-Runner[1852:329940] Handling kAXUserTestingNotification
10:00:29.561 WebDriverAgentRunner-Runner[1852:329940] Received kAXUserTestingNotification from AX element pid: 174, elementOrHash.elementID: 0.1: {
    controllerClass = SWKWindowControlsViewController;
    event = ViewDidAppear;
}
10:00:29.571 WebDriverAgentRunner-Runner[1852:329940] Handling kAXUserTestingNotification
10:00:29.576 WebDriverAgentRunner-Runner[1852:329940] Received kAXUserTestingNotification from AX element pid: 174, elementOrHash.elementID: 0.1: {
    controllerClass = SBSwitcherViewController;
    event = ViewDidAppear;
}
10:00:29.578 WebDriverAgentRunner-Runner[1852:329940] Handling kAXUserTestingNotification
10:00:29.579 WebDriverAgentRunner-Runner[1852:329940] Received kAXUserTestingNotification from AX element pid: 174, elementOrHash.elementID: 0.1: {
    controllerClass = SBGridSwitcherViewController;
    event = ViewDidAppear;
}
10:00:29.581 WebDriverAgentRunner-Runner[1852:329940] Handling kAXUserTestingNotification
10:00:29.582 WebDriverAgentRunner-Runner[1852:329940] Received kAXUserTestingNotification from AX element pid: 174, elementOrHash.elementID: 0.1: {
    event = TouchEventsCompleted;
}
10:00:30.005 WebDriverAgentRunner-Runner[1852:329613] Creating future for 'looking up application specifier for pid 174' with timeout 30.00
10:00:30.006 WebDriverAgentRunner-Runner[1852:329613] Requesting application specifier for pid 174
10:00:30.009 WebDriverAgentRunner-Runner[1852:329613] <XCTWaiter: 0x1156af7e0> entering wait loop for 30.00s with expectations: `looking up application specifier for pid 174`
10:00:30.011 WebDriverAgentRunner-Runner[1852:329613] Returning result XCTWaiterResultCompleted for synchronous waiter <XCTWaiter: 0x1156af7e0>
10:00:30.012 WebDriverAgentRunner-Runner[1852:329613] Wait <XCTWaiterWait: 0x1143edcc0> completed after 0.002s
10:00:30.013 WebDriverAgentRunner-Runner[1852:329613] cleaning up looking up application specifier for pid 174
10:00:30.014 WebDriverAgentRunner-Runner[1852:329613] App specifier for pid 174: <XCUIApplicationSpecifier: 0x114d688e0> { com.apple.springboard }
10:00:30.016 WebDriverAgentRunner-Runner[1852:329613] Error (com.apple.dt.xctest.ui-testing.error) 10100, userInfo keys: (null): Unknown application: 'com.apple.springboard'
10:00:30.017 WebDriverAgentRunner-Runner[1852:329613] Error (com.apple.dt.xctest.ui-testing.error) 10100, userInfo keys: (null): Unknown application: 'com.apple.springboard'
10:00:30.018 WebDriverAgentRunner-Runner[1852:329613] XCUIApplicationImplDepot: Creating XCUIApplicationImpl for identifier: com.apple.springboard
10:00:30.018 WebDriverAgentRunner-Runner[1852:329632] Handling kAXPidStatusChangedNotification
10:00:30.022 WebDriverAgentRunner-Runner[1852:329632] Got kAXPidStatusChangedNotification for pid 1582: active
10:00:30.019 WebDriverAgentRunner-Runner[1852:329613] updating com.apple.springboard crashBehavior to 1
10:00:30.022 WebDriverAgentRunner-Runner[1852:329613] KVO change: checked status of Expect value of 'isApplicationStateKnown' of Application 'com.apple.springboard' to be '1': fulfill=NO
10:00:30.023 WebDriverAgentRunner-Runner[1852:329632] -[XCTRunnerDaemonSession(XCTMessagingRole_UIApplicationStateUpdating) _XCT_applicationDidUpdateState:] com.apple.springboard@/System/Library/CoreServices/SpringBoard.app processName: SpringBoard pid: 174 state: running foreground
10:00:30.023 WebDriverAgentRunner-Runner[1852:329613] KVO change: checked status of Expect value of 'isApplicationStateKnown' of Application 'com.apple.springboard' to be '1': fulfill=NO
10:00:30.023 WebDriverAgentRunner-Runner[1852:329613] <XCTWaiter: 0x1156afe40> entering wait loop for 60.00s with expectations: `Expect value of 'isApplicationStateKnown' of Application 'com.apple.springboard' to be '1'`
10:00:30.023 WebDriverAgentRunner-Runner[1852:329613] No application process found matching pid 1582, caching
10:00:30.023 WebDriverAgentRunner-Runner[1852:329613] [AM:0] Processing state snapshot com.apple.springboard@/System/Library/CoreServices/SpringBoard.app processName: SpringBoard pid: 174 state: running foreground
10:00:30.024 WebDriverAgentRunner-Runner[1852:329613] <XCUIApplicationImpl: 0x1143ed9c0 com.apple.springboard> changing currentProcess from (null) to com.apple.springboard (pid:0)
10:00:30.024 WebDriverAgentRunner-Runner[1852:329941] Handling kAXPidStatusChangedNotification
10:00:30.024 WebDriverAgentRunner-Runner[1852:329941] Got kAXPidStatusChangedNotification for pid 1467: active
10:00:30.025 WebDriverAgentRunner-Runner[1852:329941] -[XCTRunnerDaemonSession(XCTMessagingRole_UIApplicationStateUpdating) _XCT_applicationDidUpdateState:] com.apple.springboard@/System/Library/CoreServices/SpringBoard.app processName: SpringBoard pid: 174 state: running foreground
10:00:30.025 WebDriverAgentRunner-Runner[1852:329613] KVO change: checked status of Expect value of 'isApplicationStateKnown' of Application 'com.apple.springboard' to be '1': fulfill=NO
10:00:30.025 WebDriverAgentRunner-Runner[1852:329613] Setting pid for 0x114c42d80 0 -> 174
10:00:30.025 WebDriverAgentRunner-Runner[1852:329613] Done setting pid for <XCUIApplicationImpl: 0x1143ed9c0 com.apple.springboard> to 174
10:00:30.025 WebDriverAgentRunner-Runner[1852:329632] com.apple.springboard (pid:0) pid 0 -> 174
10:00:30.026 WebDriverAgentRunner-Runner[1852:329632] com.apple.springboard (pid:0) checking for cached AX loaded value using pid 174
10:00:30.026 WebDriverAgentRunner-Runner[1852:329941] Monitor: set com.apple.springboard (pid:174) for pid 174
10:00:30.026 WebDriverAgentRunner-Runner[1852:330297] com.apple.springboard (pid:174) application state Unknown (0) -> Running Foreground (4)
10:00:30.026 WebDriverAgentRunner-Runner[1852:329613] KVO change: checked status of Expect value of 'isApplicationStateKnown' of Application 'com.apple.springboard' to be '1': fulfill=YES
10:00:30.026 WebDriverAgentRunner-Runner[1852:329613] KVO change: checked status of Expect value of 'isApplicationStateKnown' of Application 'com.apple.springboard' to be '1': fulfill=YES
10:00:30.026 WebDriverAgentRunner-Runner[1852:329613] App state updated for <XCUIApplicationImpl: 0x1143ed9c0 com.apple.springboard>: Running Foreground (4)
10:00:30.026 WebDriverAgentRunner-Runner[1852:329613] KVO change: checked status of Expect value of 'isApplicationStateKnown' of Application 'com.apple.springboard' to be '1': fulfill=YES
10:00:30.026 WebDriverAgentRunner-Runner[1852:329613] No application process found matching pid 1467, caching
10:00:30.027 WebDriverAgentRunner-Runner[1852:329613] [AM:0] Processing state snapshot com.apple.springboard@/System/Library/CoreServices/SpringBoard.app processName: SpringBoard pid: 174 state: running foreground
10:00:30.027 WebDriverAgentRunner-Runner[1852:329613] Done setting pid for <XCUIApplicationImpl: 0x1143ed9c0 com.apple.springboard> to 174
10:00:30.027 WebDriverAgentRunner-Runner[1852:329613] KVO change: checked status of Expect value of 'isApplicationStateKnown' of Application 'com.apple.springboard' to be '1': fulfill=YES
10:00:30.027 WebDriverAgentRunner-Runner[1852:329613] KVO change: checked status of Expect value of 'isApplicationStateKnown' of Application 'com.apple.springboard' to be '1': fulfill=YES
10:00:30.027 WebDriverAgentRunner-Runner[1852:329613] App state updated for <XCUIApplicationImpl: 0x1143ed9c0 com.apple.springboard>: Running Foreground (4)
10:00:30.027 WebDriverAgentRunner-Runner[1852:329613] KVO change: checked status of Expect value of 'isApplicationStateKnown' of Application 'com.apple.springboard' to be '1': fulfill=YES
10:00:30.027 WebDriverAgentRunner-Runner[1852:329613] Returning result XCTWaiterResultCompleted for synchronous waiter <XCTWaiter: 0x1156afe40>
10:00:30.027 WebDriverAgentRunner-Runner[1852:329613] Wait <XCTWaiterWait: 0x1143ed980> completed after 0.004s
10:00:30.027 WebDriverAgentRunner-Runner[1852:329613] cleaning up Expect value of 'isApplicationStateKnown' of Application 'com.apple.springboard' to be '1'
10:00:30.027 WebDriverAgentRunner-Runner[1852:329613] cleaning up Expect value of 'isApplicationStateKnown' of Application 'com.apple.springboard' to be '1'
10:00:30.028 WebDriverAgentRunner-Runner[1852:329613] No custom alert monitors found
10:00:30.028 WebDriverAgentRunner-Runner[1852:329613] Ignoring alert notification for untracked process with pid 174
10:00:30.028 WebDriverAgentRunner-Runner[1852:329613] No application process found matching pid 1523, caching
10:00:30.028 WebDriverAgentRunner-Runner[1852:329613] No application process found matching pid 303, caching
10:00:30.028 WebDriverAgentRunner-Runner[1852:329613] No application process found matching pid 303, caching
10:00:30.028 WebDriverAgentRunner-Runner[1852:329613] No application process found matching pid 274, caching
10:00:30.028 WebDriverAgentRunner-Runner[1852:329613] No application process found matching pid 1462, caching
10:00:30.035 WebDriverAgentRunner-Runner[1852:330297] -[XCTRunnerDaemonSession(XCTMessagingRole_UIApplicationStateUpdating) _XCT_applicationDidUpdateState:] com.apple.springboard@/System/Library/CoreServices/SpringBoard.app processName: SpringBoard pid: 174 state: running foreground
10:00:30.038 WebDriverAgentRunner-Runner[1852:329613] [AM:0] Processing state snapshot com.apple.springboard@/System/Library/CoreServices/SpringBoard.app processName: SpringBoard pid: 174 state: running foreground
10:00:30.039 WebDriverAgentRunner-Runner[1852:329613] Done setting pid for <XCUIApplicationImpl: 0x1143ed9c0 com.apple.springboard> to 174
10:00:30.039 WebDriverAgentRunner-Runner[1852:329613] App state updated for <XCUIApplicationImpl: 0x1143ed9c0 com.apple.springboard>: Running Foreground (4)
10:00:30.139 WebDriverAgentRunner-Runner[1852:330297] Handling kAXPidStatusChangedNotification
10:00:30.140 WebDriverAgentRunner-Runner[1852:330297] Got kAXPidStatusChangedNotification for pid 1582: active
10:00:30.141 WebDriverAgentRunner-Runner[1852:330297] Handling kAXPidStatusChangedNotification
10:00:30.141 WebDriverAgentRunner-Runner[1852:330297] Got kAXPidStatusChangedNotification for pid 1467: active
10:00:30.159 WebDriverAgentRunner-Runner[1852:329632] Handling kAXPidStatusChangedNotification
10:00:30.160 WebDriverAgentRunner-Runner[1852:329632] Got kAXPidStatusChangedNotification for pid 1583: active
10:00:30.236 WebDriverAgentRunner-Runner[1852:329632] Handling kAXUserTestingNotification
10:00:30.237 WebDriverAgentRunner-Runner[1852:329632] Received kAXUserTestingNotification from AX element pid: 174, elementOrHash.elementID: 0.1: {
    controllerClass = SBHLibraryIconViewController;
    event = ViewDidDisappear;
}
10:00:30.293 WebDriverAgentRunner-Runner[1852:329941] Handling kAXPidStatusChangedNotification
10:00:30.293 WebDriverAgentRunner-Runner[1852:329941] Got kAXPidStatusChangedNotification for pid 1583: active
10:00:30.416 WebDriverAgentRunner-Runner[1852:329941] Handling kAXUserTestingNotification
10:00:30.419 WebDriverAgentRunner-Runner[1852:329941] Received kAXUserTestingNotification from AX element pid: 174, elementOrHash.elementID: 0.1: {
    controllerClass = SBHWidgetStackViewController;
    event = ViewDidDisappear;
}
10:00:30.423 WebDriverAgentRunner-Runner[1852:329941] Handling kAXUserTestingNotification
10:00:30.425 WebDriverAgentRunner-Runner[1852:329941] Received kAXUserTestingNotification from AX element pid: 174, elementOrHash.elementID: 0.1: {
    controllerClass = SBHWidgetContainerViewController;
    event = ViewDidDisappear;
}
10:00:30.429 WebDriverAgentRunner-Runner[1852:329941] Handling kAXUserTestingNotification
10:00:30.431 WebDriverAgentRunner-Runner[1852:329941] Received kAXUserTestingNotification from AX element pid: 174, elementOrHash.elementID: 0.1: {
    controllerClass = SBHMultiplexingViewController;
    event = ViewDidDisappear;
}
10:00:30.433 WebDriverAgentRunner-Runner[1852:329941] Handling kAXUserTestingNotification
10:00:30.434 WebDriverAgentRunner-Runner[1852:329941] Received kAXUserTestingNotification from AX element pid: 174, elementOrHash.elementID: 0.1: {
    controllerClass = SBHWidgetViewController;
    event = ViewDidDisappear;
}
10:00:30.435 WebDriverAgentRunner-Runner[1852:329941] Handling kAXUserTestingNotification
10:00:30.436 WebDriverAgentRunner-Runner[1852:329941] Received kAXUserTestingNotification from AX element pid: 174, elementOrHash.elementID: 0.1: {
    controllerClass = SBHWidgetStackViewController;
    event = ViewDidDisappear;
}
10:00:30.437 WebDriverAgentRunner-Runner[1852:329941] Handling kAXUserTestingNotification
10:00:30.438 WebDriverAgentRunner-Runner[1852:329941] Received kAXUserTestingNotification from AX element pid: 174, elementOrHash.elementID: 0.1: {
    controllerClass = SBHWidgetContainerViewController;
    event = ViewDidDisappear;
}
10:00:30.439 WebDriverAgentRunner-Runner[1852:329941] Handling kAXUserTestingNotification
10:00:30.439 WebDriverAgentRunner-Runner[1852:329941] Received kAXUserTestingNotification from AX element pid: 174, elementOrHash.elementID: 0.1: {
    controllerClass = SBHMultiplexingViewController;
    event = ViewDidDisappear;
}
10:00:30.441 WebDriverAgentRunner-Runner[1852:329941] Handling kAXUserTestingNotification
10:00:30.443 WebDriverAgentRunner-Runner[1852:329941] Received kAXUserTestingNotification from AX element pid: 174, elementOrHash.elementID: 0.1: {
    controllerClass = SBHWidgetViewController;
    event = ViewDidDisappear;
}
10:00:30.444 WebDriverAgentRunner-Runner[1852:329941] Handling kAXUserTestingNotification
10:00:30.445 WebDriverAgentRunner-Runner[1852:329941] Received kAXUserTestingNotification from AX element pid: 174, elementOrHash.elementID: 0.1: {
    controllerClass = SBHWidgetStackViewController;
    event = ViewDidDisappear;
}
10:00:30.446 WebDriverAgentRunner-Runner[1852:329941] Handling kAXUserTestingNotification
10:00:30.447 WebDriverAgentRunner-Runner[1852:329941] Received kAXUserTestingNotification from AX element pid: 174, elementOrHash.elementID: 0.1: {
    controllerClass = SBHWidgetContainerViewController;
    event = ViewDidDisappear;
}
10:00:30.448 WebDriverAgentRunner-Runner[1852:329941] Handling kAXUserTestingNotification
10:00:30.448 WebDriverAgentRunner-Runner[1852:329941] Received kAXUserTestingNotification from AX element pid: 174, elementOrHash.elementID: 0.1: {
    controllerClass = SBHMultiplexingViewController;
    event = ViewDidDisappear;
}
10:00:30.449 WebDriverAgentRunner-Runner[1852:329941] Handling kAXUserTestingNotification
10:00:30.450 WebDriverAgentRunner-Runner[1852:329941] Received kAXUserTestingNotification from AX element pid: 174, elementOrHash.elementID: 0.1: {
    controllerClass = SBHWidgetViewController;
    event = ViewDidDisappear;
}
10:00:30.451 WebDriverAgentRunner-Runner[1852:329941] Handling kAXUserTestingNotification
10:00:30.451 WebDriverAgentRunner-Runner[1852:329941] Received kAXUserTestingNotification from AX element pid: 174, elementOrHash.elementID: 0.1: {
    controllerClass = SBHWidgetStackViewController;
    event = ViewDidDisappear;
}
10:00:30.452 WebDriverAgentRunner-Runner[1852:329941] Handling kAXUserTestingNotification
10:00:30.453 WebDriverAgentRunner-Runner[1852:329941] Received kAXUserTestingNotification from AX element pid: 174, elementOrHash.elementID: 0.1: {
    controllerClass = SBHWidgetContainerViewController;
    event = ViewDidDisappear;
}
10:00:30.453 WebDriverAgentRunner-Runner[1852:329941] Handling kAXUserTestingNotification
10:00:30.453 WebDriverAgentRunner-Runner[1852:329941] Received kAXUserTestingNotification from AX element pid: 174, elementOrHash.elementID: 0.1: {
    controllerClass = SBHMultiplexingViewController;
    event = ViewDidDisappear;
}
10:00:30.453 WebDriverAgentRunner-Runner[1852:329941] Handling kAXUserTestingNotification
10:00:30.453 WebDriverAgentRunner-Runner[1852:329941] Received kAXUserTestingNotification from AX element pid: 174, elementOrHash.elementID: 0.1: {
    controllerClass = SBHWidgetViewController;
    event = ViewDidDisappear;
}
10:00:30.454 WebDriverAgentRunner-Runner[1852:329941] Handling kAXUserTestingNotification
10:00:30.455 WebDriverAgentRunner-Runner[1852:329941] Received kAXUserTestingNotification from AX element pid: 174, elementOrHash.elementID: 0.1: {
    controllerClass = SBHWidgetStackViewController;
    event = ViewDidDisappear;
}
10:00:30.455 WebDriverAgentRunner-Runner[1852:329941] Handling kAXUserTestingNotification
10:00:30.455 WebDriverAgentRunner-Runner[1852:329941] Received kAXUserTestingNotification from AX element pid: 174, elementOrHash.elementID: 0.1: {
    controllerClass = SBHWidgetContainerViewController;
    event = ViewDidDisappear;
}
10:00:30.456 WebDriverAgentRunner-Runner[1852:329941] Handling kAXUserTestingNotification
10:00:30.456 WebDriverAgentRunner-Runner[1852:329941] Received kAXUserTestingNotification from AX element pid: 174, elementOrHash.elementID: 0.1: {
    controllerClass = SBHMultiplexingViewController;
    event = ViewDidDisappear;
}
10:00:30.456 WebDriverAgentRunner-Runner[1852:329941] Handling kAXUserTestingNotification
10:00:30.456 WebDriverAgentRunner-Runner[1852:329941] Received kAXUserTestingNotification from AX element pid: 174, elementOrHash.elementID: 0.1: {
    controllerClass = SBHWidgetViewController;
    event = ViewDidDisappear;
}
10:00:30.456 WebDriverAgentRunner-Runner[1852:329941] Handling kAXUserTestingNotification
10:00:30.456 WebDriverAgentRunner-Runner[1852:329941] Received kAXUserTestingNotification from AX element pid: 174, elementOrHash.elementID: 0.1: {
    controllerClass = SBRootFolderController;
    event = ViewDidDisappear;
}
10:00:30.456 WebDriverAgentRunner-Runner[1852:329941] Handling kAXUserTestingNotification
10:00:30.456 WebDriverAgentRunner-Runner[1852:329941] Received kAXUserTestingNotification from AX element pid: 308, elementOrHash.elementID: 0.1: {
    controllerClass = "WidgetRenderer.WidgetSceneContentViewController";
    event = ViewDidDisappear;
}
10:00:30.456 WebDriverAgentRunner-Runner[1852:329941] Handling kAXUserTestingNotification
10:00:30.457 WebDriverAgentRunner-Runner[1852:329941] Received kAXUserTestingNotification from AX element pid: 308, elementOrHash.elementID: 0.1: {
    controllerClass = "WidgetRenderer.SecureHostingController";
    event = ViewDidDisappear;
}
10:00:30.457 WebDriverAgentRunner-Runner[1852:329941] Handling kAXUserTestingNotification
10:00:30.457 WebDriverAgentRunner-Runner[1852:329941] Received kAXUserTestingNotification from AX element pid: 308, elementOrHash.elementID: 0.1: {
    controllerClass = "WidgetRenderer.WidgetSceneContentViewController";
    event = ViewDidDisappear;
}
10:00:30.457 WebDriverAgentRunner-Runner[1852:329941] Handling kAXUserTestingNotification
10:00:30.457 WebDriverAgentRunner-Runner[1852:329941] Received kAXUserTestingNotification from AX element pid: 308, elementOrHash.elementID: 0.1: {
    controllerClass = "WidgetRenderer.SecureHostingController";
    event = ViewDidDisappear;
}
10:00:30.457 WebDriverAgentRunner-Runner[1852:329941] Handling kAXPidStatusChangedNotification
10:00:30.457 WebDriverAgentRunner-Runner[1852:329941] Got kAXPidStatusChangedNotification for pid 303: active
10:00:30.482 WebDriverAgentRunner-Runner[1852:329941] Handling kAXUserTestingNotification
10:00:30.482 WebDriverAgentRunner-Runner[1852:329941] Received kAXUserTestingNotification from AX element pid: 308, elementOrHash.elementID: 0.1: {
    controllerClass = "WidgetRenderer.WidgetSceneContentViewController";
    event = ViewDidDisappear;
}
10:00:30.483 WebDriverAgentRunner-Runner[1852:329941] Handling kAXUserTestingNotification
10:00:30.484 WebDriverAgentRunner-Runner[1852:329941] Received kAXUserTestingNotification from AX element pid: 308, elementOrHash.elementID: 0.1: {
    controllerClass = "WidgetRenderer.SecureHostingController";
    event = ViewDidDisappear;
}
10:00:30.485 WebDriverAgentRunner-Runner[1852:329632] Handling kAXUserTestingNotification
10:00:30.486 WebDriverAgentRunner-Runner[1852:329632] Received kAXUserTestingNotification from AX element pid: 308, elementOrHash.elementID: 0.1: {
    controllerClass = "WidgetRenderer.WidgetSceneContentViewController";
    event = ViewDidDisappear;
}
10:00:30.488 WebDriverAgentRunner-Runner[1852:329632] Handling kAXUserTestingNotification
10:00:30.489 WebDriverAgentRunner-Runner[1852:329632] Received kAXUserTestingNotification from AX element pid: 308, elementOrHash.elementID: 0.1: {
    controllerClass = "WidgetRenderer.SecureHostingController";
    event = ViewDidDisappear;
}
10:00:30.493 WebDriverAgentRunner-Runner[1852:330297] Handling kAXUserTestingNotification
10:00:30.494 WebDriverAgentRunner-Runner[1852:330297] Received kAXUserTestingNotification from AX element pid: 308, elementOrHash.elementID: 0.1: {
    controllerClass = "WidgetRenderer.WidgetSceneContentViewController";
    event = ViewDidDisappear;
}
10:00:30.495 WebDriverAgentRunner-Runner[1852:330297] Handling kAXUserTestingNotification
10:00:30.495 WebDriverAgentRunner-Runner[1852:330297] Received kAXUserTestingNotification from AX element pid: 308, elementOrHash.elementID: 0.1: {
    controllerClass = "WidgetRenderer.SecureHostingController";
    event = ViewDidDisappear;
}
10:00:30.882 WebDriverAgentRunner-Runner[1852:329940] Handling kAXUserTestingNotification
10:00:30.883 WebDriverAgentRunner-Runner[1852:329940] Received kAXUserTestingNotification from AX element pid: 1823, elementOrHash.elementID: 0.1: {
    controllerClass = BluetoothUIServiceBanner;
    event = ViewDidDisappear;
}
10:00:30.891 WebDriverAgentRunner-Runner[1852:329940] Handling kAXUserTestingNotification
10:00:30.892 WebDriverAgentRunner-Runner[1852:329940] Received kAXUserTestingNotification from AX element pid: 174, elementOrHash.elementID: 0.1: {
    controllerClass = SBBannerSourceListenerHostedPresentableViewController;
    event = ViewDidDisappear;
}
10:00:30.893 WebDriverAgentRunner-Runner[1852:329940] Handling kAXUserTestingNotification
10:00:30.894 WebDriverAgentRunner-Runner[1852:329940] Received kAXUserTestingNotification from AX element pid: 174, elementOrHash.elementID: 0.1: {
    controllerClass = BNContentViewController;
    event = ViewDidDisappear;
}
10:00:30.911 WebDriverAgentRunner-Runner[1852:329632] Handling kAXUserTestingNotification
10:00:30.912 WebDriverAgentRunner-Runner[1852:329632] Received kAXUserTestingNotification from AX element pid: 1823, elementOrHash.elementID: 0.1: {
    controllerClass = SBUIBannerClientContainerViewController;
    event = ViewDidDisappear;
}
10:00:32.737 WebDriverAgentRunner-Runner[1852:329631] Handling kAXPidStatusChangedNotification
10:00:32.740 WebDriverAgentRunner-Runner[1852:329631] Got kAXPidStatusChangedNotification for pid 308: active
10:00:35.250 WebDriverAgentRunner-Runner[1852:329632] Handling kAXUserTestingNotification
10:00:35.250 WebDriverAgentRunner-Runner[1852:329632] Received kAXUserTestingNotification from AX element pid: 174, elementOrHash.elementID: 0.1: {
    event = TouchEventsCompleted;
}
10:00:35.836 WebDriverAgentRunner-Runner[1852:330297] Handling kAXUserTestingNotification
10:00:35.838 WebDriverAgentRunner-Runner[1852:330297] Received kAXUserTestingNotification from AX element pid: 1462, elementOrHash.elementID: 0.1: {
    event = TouchEventsCompleted;
}
10:00:35.983 WebDriverAgentRunner-Runner[1852:329632] Handling kAXUserTestingNotification
10:00:35.984 WebDriverAgentRunner-Runner[1852:329632] Received kAXUserTestingNotification from AX element pid: 1462, elementOrHash.elementID: 0.1: {
    controllerClass = AAUIAppleAccountViewController;
    controllerTitle = "T\U00e0i\U00a0kho\U1ea3n\U00a0Apple";
    event = ViewDidAppear;
    navigationItemTitle = "T\U00e0i\U00a0kho\U1ea3n\U00a0Apple";
}
10:00:35.985 WebDriverAgentRunner-Runner[1852:329632] Handling kAXUserTestingNotification
10:00:35.985 WebDriverAgentRunner-Runner[1852:329632] Received kAXUserTestingNotification from AX element pid: 1462, elementOrHash.elementID: 0.1: {
    controllerClass = AssistantController;
    controllerTitle = "";
    event = ViewDidDisappear;
}
10:00:36.512 WebDriverAgentRunner-Runner[1852:329631] Handling kAXUserTestingNotification
10:00:36.512 WebDriverAgentRunner-Runner[1852:329631] Received kAXUserTestingNotification from AX element pid: 1462, elementOrHash.elementID: 0.1: {
    controllerClass = "_TtGC7SwiftUI19UIHostingControllerV14AppleAccountUI22AppleAccountHeaderView_";
    event = ViewDidDisappear;
}
10:00:36.513 WebDriverAgentRunner-Runner[1852:329631] Handling kAXUserTestingNotification
10:00:36.514 WebDriverAgentRunner-Runner[1852:329631] Received kAXUserTestingNotification from AX element pid: 1462, elementOrHash.elementID: 0.1: {
    controllerClass = "_TtGC7SwiftUI19UIHostingControllerV14AppleAccountUI22AppleAccountHeaderView_";
    event = ViewDidAppear;
}
10:00:36.729 WebDriverAgentRunner-Runner[1852:329631] Handling kAXPidStatusChangedNotification
10:00:36.730 WebDriverAgentRunner-Runner[1852:329631] Got kAXPidStatusChangedNotification for pid 1859: active
10:00:36.783 WebDriverAgentRunner-Runner[1852:329632] Handling kAXPidStatusChangedNotification
10:00:36.784 WebDriverAgentRunner-Runner[1852:329632] Got kAXPidStatusChangedNotification for pid 1862: active
10:00:37.408 WebDriverAgentRunner-Runner[1852:330297] Handling AXNotification 3031
10:00:37.532 WebDriverAgentRunner-Runner[1852:330297] Handling kAXPidStatusChangedNotification
10:00:37.534 WebDriverAgentRunner-Runner[1852:330297] Got kAXPidStatusChangedNotification for pid 1859: active
10:00:37.710 WebDriverAgentRunner-Runner[1852:329631] Handling kAXPidStatusChangedNotification
10:00:37.710 WebDriverAgentRunner-Runner[1852:329631] Got kAXPidStatusChangedNotification for pid 497: active
10:00:37.799 WebDriverAgentRunner-Runner[1852:329631] Handling kAXUserTestingNotification
10:00:37.800 WebDriverAgentRunner-Runner[1852:329631] Received kAXUserTestingNotification from AX element pid: 174, elementOrHash.elementID: 0.1: {
    event = TouchEventsCompleted;
}
10:00:37.801 WebDriverAgentRunner-Runner[1852:329631] Handling kAXUserTestingNotification
10:00:37.801 WebDriverAgentRunner-Runner[1852:329631] Received kAXUserTestingNotification from AX element pid: 1462, elementOrHash.elementID: 0.1: {
    event = TouchEventsCompleted;
}
10:00:37.954 WebDriverAgentRunner-Runner[1852:329631] Handling kAXPidStatusChangedNotification
10:00:37.955 WebDriverAgentRunner-Runner[1852:329631] Got kAXPidStatusChangedNotification for pid 308: active
10:00:39.440 WebDriverAgentRunner-Runner[1852:329631] Handling kAXUserTestingNotification
10:00:39.441 WebDriverAgentRunner-Runner[1852:329631] Received kAXUserTestingNotification from AX element pid: 174, elementOrHash.elementID: 0.1: {
    event = TouchEventsCompleted;
}
10:00:39.457 WebDriverAgentRunner-Runner[1852:330297] Handling kAXUserTestingNotification
10:00:39.457 WebDriverAgentRunner-Runner[1852:330297] Received kAXUserTestingNotification from AX element pid: 1462, elementOrHash.elementID: 0.1: {
    event = TouchEventsCompleted;
}
10:00:40.270 WebDriverAgentRunner-Runner[1852:330297] Handling kAXUserTestingNotification
10:00:40.271 WebDriverAgentRunner-Runner[1852:330297] Received kAXUserTestingNotification from AX element pid: 1462, elementOrHash.elementID: 0.1: {
    controllerClass = UINavigationController;
    event = ViewDidAppear;
}
10:00:40.272 WebDriverAgentRunner-Runner[1852:330297] Handling kAXUserTestingNotification
10:00:40.272 WebDriverAgentRunner-Runner[1852:330297] Received kAXUserTestingNotification from AX element pid: 1462, elementOrHash.elementID: 0.1: {
    controllerClass = AAUISignOutActionInvokingOBWelcomeController;
    event = ViewDidAppear;
}
10:00:42.171 WebDriverAgentRunner-Runner[1852:330297] Handling kAXUserTestingNotification
10:00:42.171 WebDriverAgentRunner-Runner[1852:330297] Received kAXUserTestingNotification from AX element pid: 174, elementOrHash.elementID: 0.1: {
    event = TouchEventsCompleted;
}
10:00:42.196 WebDriverAgentRunner-Runner[1852:330297] Handling kAXUserTestingNotification
10:00:42.196 WebDriverAgentRunner-Runner[1852:330297] Received kAXUserTestingNotification from AX element pid: 1462, elementOrHash.elementID: 0.1: {
    event = TouchEventsCompleted;
}
10:00:42.244 WebDriverAgentRunner-Runner[1852:330297] Handling kAXPidStatusChangedNotification
10:00:42.245 WebDriverAgentRunner-Runner[1852:330297] Got kAXPidStatusChangedNotification for pid 1860: active
10:00:42.887 WebDriverAgentRunner-Runner[1852:329631] Handling kAXUserTestingNotification
10:00:42.888 WebDriverAgentRunner-Runner[1852:329631] Received kAXUserTestingNotification from AX element pid: 1462, elementOrHash.elementID: 0.1: {
    controllerClass = AAUISignOutActionInvokingOBWelcomeController;
    event = ViewDidDisappear;
}
10:00:42.890 WebDriverAgentRunner-Runner[1852:329631] Handling kAXUserTestingNotification
10:00:42.891 WebDriverAgentRunner-Runner[1852:329631] Received kAXUserTestingNotification from AX element pid: 1462, elementOrHash.elementID: 0.1: {
    controllerClass = AAUISignOutRemainedInformationActionInvokingOBWelcomeController;
    event = ViewDidAppear;
}
10:00:42.892 WebDriverAgentRunner-Runner[1852:329631] Handling kAXUserTestingNotification
10:00:42.892 WebDriverAgentRunner-Runner[1852:329631] Received kAXUserTestingNotification from AX element pid: 1462, elementOrHash.elementID: 0.1: {
    controllerClass = "_TtGC7SwiftUI19UIHostingControllerV14AppleAccountUI28SignOutRemainInformationView_";
    event = ViewDidAppear;
}
10:00:46.998 WebDriverAgentRunner-Runner[1852:329941] Handling kAXUserTestingNotification
10:00:46.998 WebDriverAgentRunner-Runner[1852:329941] Received kAXUserTestingNotification from AX element pid: 174, elementOrHash.elementID: 0.1: {
    event = TouchEventsCompleted;
}
10:00:47.144 WebDriverAgentRunner-Runner[1852:329631] Handling kAXPidStatusChangedNotification
10:00:47.145 WebDriverAgentRunner-Runner[1852:329631] Got kAXPidStatusChangedNotification for pid 497: active
10:00:47.549 WebDriverAgentRunner-Runner[1852:329632] Handling kAXPidStatusChangedNotification
10:00:47.550 WebDriverAgentRunner-Runner[1852:329632] Got kAXPidStatusChangedNotification for pid 1867: active
10:00:47.648 WebDriverAgentRunner-Runner[1852:329941] Handling kAXPidStatusChangedNotification
10:00:47.649 WebDriverAgentRunner-Runner[1852:329941] Got kAXPidStatusChangedNotification for pid 1866: active
10:00:48.198 WebDriverAgentRunner-Runner[1852:329941] Handling kAXPidStatusChangedNotification
10:00:48.199 WebDriverAgentRunner-Runner[1852:329941] Got kAXPidStatusChangedNotification for pid 1867: active
10:00:48.274 WebDriverAgentRunner-Runner[1852:329631] Handling kAXUserTestingNotification
10:00:48.274 WebDriverAgentRunner-Runner[1852:329631] Received kAXUserTestingNotification from AX element pid: 174, elementOrHash.elementID: 0.1: {
    event = TouchEventsCompleted;
}
10:00:48.792 WebDriverAgentRunner-Runner[1852:329632] Handling kAXPidStatusChangedNotification
10:00:48.793 WebDriverAgentRunner-Runner[1852:329632] Got kAXPidStatusChangedNotification for pid 1868: active
10:00:48.964 WebDriverAgentRunner-Runner[1852:329631] Handling kAXUserTestingNotification
10:00:48.964 WebDriverAgentRunner-Runner[1852:329631] Received kAXUserTestingNotification from AX element pid: 1462, elementOrHash.elementID: 0.1: {
    event = TouchEventsCompleted;
}
10:00:49.335 WebDriverAgentRunner-Runner[1852:329631] Handling kAXUserTestingNotification
10:00:49.336 WebDriverAgentRunner-Runner[1852:329631] Received kAXUserTestingNotification from AX element pid: 1462, elementOrHash.elementID: 0.1: {
    event = TouchEventsCompleted;
}
10:00:49.395 WebDriverAgentRunner-Runner[1852:329941] Handling kAXUserTestingNotification
10:00:49.396 WebDriverAgentRunner-Runner[1852:329941] Received kAXUserTestingNotification from AX element pid: 1462, elementOrHash.elementID: 0.1: {
    controllerClass = AAUISignOutRemainedInformationActionInvokingOBWelcomeController;
    event = ViewDidDisappear;
}
10:00:49.397 WebDriverAgentRunner-Runner[1852:329941] Handling kAXUserTestingNotification
10:00:49.397 WebDriverAgentRunner-Runner[1852:329941] Received kAXUserTestingNotification from AX element pid: 1462, elementOrHash.elementID: 0.1: {
    controllerClass = "_TtGC7SwiftUI19UIHostingControllerV14AppleAccountUI28SignOutRemainInformationView_";
    event = ViewDidDisappear;
}
10:00:49.398 WebDriverAgentRunner-Runner[1852:329941] Handling kAXUserTestingNotification
10:00:49.399 WebDriverAgentRunner-Runner[1852:329941] Received kAXUserTestingNotification from AX element pid: 1462, elementOrHash.elementID: 0.1: {
    controllerClass = AAUISignOutRemovedInformationActionInvokingOBWelcomeController;
    event = ViewDidAppear;
}
10:00:49.400 WebDriverAgentRunner-Runner[1852:329941] Handling kAXUserTestingNotification
10:00:49.400 WebDriverAgentRunner-Runner[1852:329941] Received kAXUserTestingNotification from AX element pid: 1462, elementOrHash.elementID: 0.1: {
    controllerClass = "_TtGC7SwiftUI19UIHostingControllerV14AppleAccountUI29SignOutRemovedInformationView_";
    event = ViewDidAppear;
}
10:00:50.063 WebDriverAgentRunner-Runner[1852:329941] Handling kAXUserTestingNotification
10:00:50.064 WebDriverAgentRunner-Runner[1852:329941] Received kAXUserTestingNotification from AX element pid: 1462, elementOrHash.elementID: 0.1: {
    controllerClass = AAUISignOutRemovedInformationActionInvokingOBWelcomeController;
    event = ViewDidDisappear;
}
10:00:50.065 WebDriverAgentRunner-Runner[1852:329941] Handling kAXUserTestingNotification
10:00:50.066 WebDriverAgentRunner-Runner[1852:329941] Received kAXUserTestingNotification from AX element pid: 1462, elementOrHash.elementID: 0.1: {
    controllerClass = "_TtGC7SwiftUI19UIHostingControllerV14AppleAccountUI29SignOutRemovedInformationView_";
    event = ViewDidDisappear;
}
10:00:50.067 WebDriverAgentRunner-Runner[1852:329941] Handling kAXUserTestingNotification
10:00:50.068 WebDriverAgentRunner-Runner[1852:329941] Received kAXUserTestingNotification from AX element pid: 1462, elementOrHash.elementID: 0.1: {
    controllerClass = AAUISignOutRemovedInformationActionInvokingOBWelcomeController;
    event = ViewDidAppear;
}
10:00:50.069 WebDriverAgentRunner-Runner[1852:329941] Handling kAXUserTestingNotification
10:00:50.070 WebDriverAgentRunner-Runner[1852:329941] Received kAXUserTestingNotification from AX element pid: 1462, elementOrHash.elementID: 0.1: {
    controllerClass = "_TtGC7SwiftUI19UIHostingControllerV14AppleAccountUI29SignOutRemovedInformationView_";
    event = ViewDidAppear;
}
10:00:51.934 WebDriverAgentRunner-Runner[1852:329941] Handling kAXUserTestingNotification
10:00:51.935 WebDriverAgentRunner-Runner[1852:329941] Received kAXUserTestingNotification from AX element pid: 174, elementOrHash.elementID: 0.1: {
    event = TouchEventsCompleted;
}
10:00:51.941 WebDriverAgentRunner-Runner[1852:329941] Handling kAXUserTestingNotification
10:00:51.942 WebDriverAgentRunner-Runner[1852:329941] Received kAXUserTestingNotification from AX element pid: 1462, elementOrHash.elementID: 0.1: {
    event = TouchEventsCompleted;
}
10:00:52.638 WebDriverAgentRunner-Runner[1852:329632] Handling kAXUserTestingNotification
10:00:52.639 WebDriverAgentRunner-Runner[1852:329632] Received kAXUserTestingNotification from AX element pid: 1462, elementOrHash.elementID: 0.1: {
    controllerClass = UINavigationController;
    event = ViewDidDisappear;
}
10:00:52.639 WebDriverAgentRunner-Runner[1852:329632] Handling kAXUserTestingNotification
10:00:52.640 WebDriverAgentRunner-Runner[1852:329632] Received kAXUserTestingNotification from AX element pid: 1462, elementOrHash.elementID: 0.1: {
    controllerClass = AAUISignOutRemovedInformationActionInvokingOBWelcomeController;
    event = ViewDidDisappear;
}
10:00:52.641 WebDriverAgentRunner-Runner[1852:329632] Handling kAXUserTestingNotification
10:00:52.641 WebDriverAgentRunner-Runner[1852:329632] Received kAXUserTestingNotification from AX element pid: 1462, elementOrHash.elementID: 0.1: {
    controllerClass = "_TtGC7SwiftUI19UIHostingControllerV14AppleAccountUI29SignOutRemovedInformationView_";
    event = ViewDidDisappear;
}
10:00:52.919 WebDriverAgentRunner-Runner[1852:329632] Handling kAXUserTestingNotification
10:00:52.920 WebDriverAgentRunner-Runner[1852:329632] Received kAXUserTestingNotification from AX element pid: 174, elementOrHash.elementID: 0.1: {
    event = TouchEventsCompleted;
}
10:00:52.921 WebDriverAgentRunner-Runner[1852:329632] Handling kAXUserTestingNotification
10:00:52.922 WebDriverAgentRunner-Runner[1852:329632] Received kAXUserTestingNotification from AX element pid: 1462, elementOrHash.elementID: 0.1: {
    event = TouchEventsCompleted;
}
10:00:53.241 WebDriverAgentRunner-Runner[1852:329631] Handling kAXUserTestingNotification
10:00:53.242 WebDriverAgentRunner-Runner[1852:329631] Received kAXUserTestingNotification from AX element pid: 174, elementOrHash.elementID: 0.1: {
    event = TouchEventsCompleted;
}
10:00:53.243 WebDriverAgentRunner-Runner[1852:329632] Handling kAXUserTestingNotification
10:00:53.244 WebDriverAgentRunner-Runner[1852:329632] Received kAXUserTestingNotification from AX element pid: 1462, elementOrHash.elementID: 0.1: {
    event = TouchEventsCompleted;
}
10:00:53.556 WebDriverAgentRunner-Runner[1852:329941] Handling kAXUserTestingNotification
10:00:53.557 WebDriverAgentRunner-Runner[1852:329941] Received kAXUserTestingNotification from AX element pid: 1462, elementOrHash.elementID: 0.1: {
    event = TouchEventsCompleted;
}
10:00:53.605 WebDriverAgentRunner-Runner[1852:329631] Handling kAXUserTestingNotification
10:00:53.605 WebDriverAgentRunner-Runner[1852:329631] Received kAXUserTestingNotification from AX element pid: 174, elementOrHash.elementID: 0.1: {
    controllerClass = SBHWidgetViewController;
    event = ViewDidAppear;
}
10:00:53.606 WebDriverAgentRunner-Runner[1852:329631] Handling kAXUserTestingNotification
10:00:53.607 WebDriverAgentRunner-Runner[1852:329631] Received kAXUserTestingNotification from AX element pid: 174, elementOrHash.elementID: 0.1: {
    controllerClass = SBHWidgetContainerViewController;
    event = ViewDidAppear;
}
10:00:53.608 WebDriverAgentRunner-Runner[1852:329631] Handling kAXUserTestingNotification
10:00:53.609 WebDriverAgentRunner-Runner[1852:329631] Received kAXUserTestingNotification from AX element pid: 174, elementOrHash.elementID: 0.1: {
    controllerClass = SBHMultiplexingViewController;
    event = ViewDidAppear;
}
10:00:53.610 WebDriverAgentRunner-Runner[1852:329631] Handling kAXUserTestingNotification
10:00:53.610 WebDriverAgentRunner-Runner[1852:329631] Received kAXUserTestingNotification from AX element pid: 174, elementOrHash.elementID: 0.1: {
    controllerClass = SBHWidgetStackViewController;
    event = ViewDidAppear;
}
10:00:53.611 WebDriverAgentRunner-Runner[1852:329631] Handling kAXUserTestingNotification
10:00:53.612 WebDriverAgentRunner-Runner[1852:329631] Received kAXUserTestingNotification from AX element pid: 174, elementOrHash.elementID: 0.1: {
    controllerClass = SBHWidgetViewController;
    event = ViewDidAppear;
}
10:00:53.614 WebDriverAgentRunner-Runner[1852:329631] Handling kAXUserTestingNotification
10:00:53.615 WebDriverAgentRunner-Runner[1852:329631] Received kAXUserTestingNotification from AX element pid: 174, elementOrHash.elementID: 0.1: {
    controllerClass = SBHWidgetContainerViewController;
    event = ViewDidAppear;
}
10:00:53.619 WebDriverAgentRunner-Runner[1852:329631] Handling kAXUserTestingNotification
10:00:53.619 WebDriverAgentRunner-Runner[1852:329631] Received kAXUserTestingNotification from AX element pid: 174, elementOrHash.elementID: 0.1: {
    controllerClass = SBHMultiplexingViewController;
    event = ViewDidAppear;
}
10:00:53.621 WebDriverAgentRunner-Runner[1852:329631] Handling kAXUserTestingNotification
10:00:53.625 WebDriverAgentRunner-Runner[1852:329631] Received kAXUserTestingNotification from AX element pid: 174, elementOrHash.elementID: 0.1: {
    controllerClass = SBHWidgetStackViewController;
    event = ViewDidAppear;
}
10:00:53.627 WebDriverAgentRunner-Runner[1852:329631] Handling kAXUserTestingNotification
10:00:53.628 WebDriverAgentRunner-Runner[1852:329631] Received kAXUserTestingNotification from AX element pid: 174, elementOrHash.elementID: 0.1: {
    controllerClass = SBHWidgetViewController;
    event = ViewDidAppear;
}
10:00:53.631 WebDriverAgentRunner-Runner[1852:329631] Handling kAXUserTestingNotification
10:00:53.632 WebDriverAgentRunner-Runner[1852:329631] Received kAXUserTestingNotification from AX element pid: 174, elementOrHash.elementID: 0.1: {
    controllerClass = SBHWidgetContainerViewController;
    event = ViewDidAppear;
}
10:00:53.633 WebDriverAgentRunner-Runner[1852:329631] Handling kAXUserTestingNotification
10:00:53.634 WebDriverAgentRunner-Runner[1852:329631] Received kAXUserTestingNotification from AX element pid: 174, elementOrHash.elementID: 0.1: {
    controllerClass = SBHMultiplexingViewController;
    event = ViewDidAppear;
}
10:00:53.636 WebDriverAgentRunner-Runner[1852:329631] Handling kAXUserTestingNotification
10:00:53.637 WebDriverAgentRunner-Runner[1852:329631] Received kAXUserTestingNotification from AX element pid: 174, elementOrHash.elementID: 0.1: {
    controllerClass = SBHWidgetStackViewController;
    event = ViewDidAppear;
}
10:00:53.637 WebDriverAgentRunner-Runner[1852:329631] Handling kAXUserTestingNotification
10:00:53.637 WebDriverAgentRunner-Runner[1852:329631] Received kAXUserTestingNotification from AX element pid: 174, elementOrHash.elementID: 0.1: {
    controllerClass = SBHWidgetViewController;
    event = ViewDidAppear;
}
10:00:53.637 WebDriverAgentRunner-Runner[1852:329631] Handling kAXUserTestingNotification
10:00:53.637 WebDriverAgentRunner-Runner[1852:329631] Received kAXUserTestingNotification from AX element pid: 174, elementOrHash.elementID: 0.1: {
    controllerClass = SBHWidgetContainerViewController;
    event = ViewDidAppear;
}
10:00:53.637 WebDriverAgentRunner-Runner[1852:329631] Handling kAXUserTestingNotification
10:00:53.637 WebDriverAgentRunner-Runner[1852:329631] Received kAXUserTestingNotification from AX element pid: 174, elementOrHash.elementID: 0.1: {
    controllerClass = SBHMultiplexingViewController;
    event = ViewDidAppear;
}
10:00:53.638 WebDriverAgentRunner-Runner[1852:329631] Handling kAXUserTestingNotification
10:00:53.638 WebDriverAgentRunner-Runner[1852:329631] Received kAXUserTestingNotification from AX element pid: 174, elementOrHash.elementID: 0.1: {
    controllerClass = SBHWidgetStackViewController;
    event = ViewDidAppear;
}
10:00:53.639 WebDriverAgentRunner-Runner[1852:329631] Handling kAXUserTestingNotification
10:00:53.639 WebDriverAgentRunner-Runner[1852:329631] Received kAXUserTestingNotification from AX element pid: 174, elementOrHash.elementID: 0.1: {
    controllerClass = SBHWidgetViewController;
    event = ViewDidAppear;
}
10:00:53.639 WebDriverAgentRunner-Runner[1852:329631] Handling kAXUserTestingNotification
10:00:53.639 WebDriverAgentRunner-Runner[1852:329631] Received kAXUserTestingNotification from AX element pid: 174, elementOrHash.elementID: 0.1: {
    controllerClass = SBHWidgetContainerViewController;
    event = ViewDidAppear;
}
10:00:53.639 WebDriverAgentRunner-Runner[1852:329631] Handling kAXUserTestingNotification
10:00:53.639 WebDriverAgentRunner-Runner[1852:329631] Received kAXUserTestingNotification from AX element pid: 174, elementOrHash.elementID: 0.1: {
    controllerClass = SBHMultiplexingViewController;
    event = ViewDidAppear;
}
10:00:53.640 WebDriverAgentRunner-Runner[1852:329631] Handling kAXUserTestingNotification
10:00:53.640 WebDriverAgentRunner-Runner[1852:329631] Received kAXUserTestingNotification from AX element pid: 174, elementOrHash.elementID: 0.1: {
    controllerClass = SBHWidgetStackViewController;
    event = ViewDidAppear;
}
10:00:53.640 WebDriverAgentRunner-Runner[1852:329631] Handling kAXUserTestingNotification
10:00:53.640 WebDriverAgentRunner-Runner[1852:329631] Received kAXUserTestingNotification from AX element pid: 174, elementOrHash.elementID: 0.1: {
    controllerClass = SBRootFolderController;
    event = ViewDidAppear;
}
10:00:53.640 WebDriverAgentRunner-Runner[1852:329631] Handling kAXPidStatusChangedNotification
10:00:53.641 WebDriverAgentRunner-Runner[1852:329631] Got kAXPidStatusChangedNotification for pid 303: active
10:00:53.641 WebDriverAgentRunner-Runner[1852:329631] Handling kAXPidStatusChangedNotification
10:00:53.641 WebDriverAgentRunner-Runner[1852:329631] Got kAXPidStatusChangedNotification for invalid pid 0, full payload {
    pid = 0;
    pipPid = 1;
}
10:00:53.649 WebDriverAgentRunner-Runner[1852:329631] Handling kAXPidStatusChangedNotification
10:00:53.650 WebDriverAgentRunner-Runner[1852:329631] Got kAXPidStatusChangedNotification for invalid pid 0, full payload {
    pid = 0;
    pipPid = 1;
}
10:00:53.686 WebDriverAgentRunner-Runner[1852:329631] Handling kAXPidStatusChangedNotification
10:00:53.686 WebDriverAgentRunner-Runner[1852:329631] Got kAXPidStatusChangedNotification for invalid pid 0, full payload {
    pid = 0;
    pipPid = 1;
}
10:00:53.687 WebDriverAgentRunner-Runner[1852:329631] Handling kAXPidStatusChangedNotification
10:00:53.688 WebDriverAgentRunner-Runner[1852:329631] Got kAXPidStatusChangedNotification for invalid pid 0, full payload {
    pid = 0;
    pipPid = 1;
}
10:00:53.719 WebDriverAgentRunner-Runner[1852:329632] Handling kAXUserTestingNotification
10:00:53.721 WebDriverAgentRunner-Runner[1852:329632] Received kAXUserTestingNotification from AX element pid: 174, elementOrHash.elementID: 0.1: {
    controllerClass = SBHLibraryIconViewController;
    event = ViewDidAppear;
}
10:00:53.725 WebDriverAgentRunner-Runner[1852:330772] Handling kAXUserTestingNotification
10:00:53.726 WebDriverAgentRunner-Runner[1852:330772] Received kAXUserTestingNotification from AX element pid: 174, elementOrHash.elementID: 0.1: {
    event = TouchEventsCompleted;
}
10:00:53.750 WebDriverAgentRunner-Runner[1852:330772] Handling kAXUserTestingNotification
10:00:53.751 WebDriverAgentRunner-Runner[1852:330772] Received kAXUserTestingNotification from AX element pid: 308, elementOrHash.elementID: 0.1: {
    controllerClass = "WidgetRenderer.DebugOverlayViewController";
    event = ViewDidAppear;
}
10:00:53.755 WebDriverAgentRunner-Runner[1852:330772] Handling kAXUserTestingNotification
10:00:53.761 WebDriverAgentRunner-Runner[1852:330772] Received kAXUserTestingNotification from AX element pid: 308, elementOrHash.elementID: 0.1: {
    controllerClass = "WidgetRenderer.WidgetSceneContentViewController";
    event = ViewDidAppear;
}
10:00:53.771 WebDriverAgentRunner-Runner[1852:330772] Handling kAXUserTestingNotification
10:00:53.775 WebDriverAgentRunner-Runner[1852:330772] Received kAXUserTestingNotification from AX element pid: 308, elementOrHash.elementID: 0.1: {
    controllerClass = "WidgetRenderer.SecureHostingController";
    event = ViewDidAppear;
}
10:00:53.777 WebDriverAgentRunner-Runner[1852:330772] Handling kAXUserTestingNotification
10:00:53.778 WebDriverAgentRunner-Runner[1852:330772] Received kAXUserTestingNotification from AX element pid: 308, elementOrHash.elementID: 0.1: {
    controllerClass = "WidgetRenderer.ZStackContainerViewController";
    event = ViewDidDisappear;
}
10:00:53.779 WebDriverAgentRunner-Runner[1852:330772] Handling kAXUserTestingNotification
10:00:53.780 WebDriverAgentRunner-Runner[1852:330772] Received kAXUserTestingNotification from AX element pid: 308, elementOrHash.elementID: 0.1: {
    controllerClass = "WidgetRenderer.ZStackContainerViewController";
    event = ViewDidAppear;
}
10:00:53.797 WebDriverAgentRunner-Runner[1852:329632] Handling kAXUserTestingNotification
10:00:53.799 WebDriverAgentRunner-Runner[1852:329632] Received kAXUserTestingNotification from AX element pid: 308, elementOrHash.elementID: 0.1: {
    controllerClass = "WidgetRenderer.DebugOverlayViewController";
    event = ViewDidAppear;
}
10:00:53.800 WebDriverAgentRunner-Runner[1852:329632] Handling kAXUserTestingNotification
10:00:53.801 WebDriverAgentRunner-Runner[1852:329632] Received kAXUserTestingNotification from AX element pid: 308, elementOrHash.elementID: 0.1: {
    controllerClass = "WidgetRenderer.WidgetSceneContentViewController";
    event = ViewDidAppear;
}
10:00:53.801 WebDriverAgentRunner-Runner[1852:329632] Handling kAXUserTestingNotification
10:00:53.801 WebDriverAgentRunner-Runner[1852:329632] Received kAXUserTestingNotification from AX element pid: 308, elementOrHash.elementID: 0.1: {
    controllerClass = "WidgetRenderer.SecureHostingController";
    event = ViewDidAppear;
}
10:00:53.802 WebDriverAgentRunner-Runner[1852:329632] Handling kAXUserTestingNotification
10:00:53.802 WebDriverAgentRunner-Runner[1852:329632] Received kAXUserTestingNotification from AX element pid: 308, elementOrHash.elementID: 0.1: {
    controllerClass = "WidgetRenderer.ZStackContainerViewController";
    event = ViewDidDisappear;
}
10:00:53.803 WebDriverAgentRunner-Runner[1852:329632] Handling kAXUserTestingNotification
10:00:53.803 WebDriverAgentRunner-Runner[1852:329632] Received kAXUserTestingNotification from AX element pid: 308, elementOrHash.elementID: 0.1: {
    controllerClass = "WidgetRenderer.ZStackContainerViewController";
    event = ViewDidAppear;
}
10:00:53.804 WebDriverAgentRunner-Runner[1852:329632] Handling kAXUserTestingNotification
10:00:53.806 WebDriverAgentRunner-Runner[1852:329632] Received kAXUserTestingNotification from AX element pid: 308, elementOrHash.elementID: 0.1: {
    controllerClass = "WidgetRenderer.DebugOverlayViewController";
    event = ViewDidAppear;
}
10:00:53.808 WebDriverAgentRunner-Runner[1852:329632] Handling kAXUserTestingNotification
10:00:53.809 WebDriverAgentRunner-Runner[1852:329632] Received kAXUserTestingNotification from AX element pid: 308, elementOrHash.elementID: 0.1: {
    controllerClass = "WidgetRenderer.WidgetSceneContentViewController";
    event = ViewDidAppear;
}
10:00:53.810 WebDriverAgentRunner-Runner[1852:329632] Handling kAXUserTestingNotification
10:00:53.811 WebDriverAgentRunner-Runner[1852:329632] Received kAXUserTestingNotification from AX element pid: 308, elementOrHash.elementID: 0.1: {
    controllerClass = "WidgetRenderer.SecureHostingController";
    event = ViewDidAppear;
}
10:00:53.825 WebDriverAgentRunner-Runner[1852:329632] Handling kAXUserTestingNotification
10:00:53.826 WebDriverAgentRunner-Runner[1852:329632] Received kAXUserTestingNotification from AX element pid: 308, elementOrHash.elementID: 0.1: {
    controllerClass = "WidgetRenderer.ZStackContainerViewController";
    event = ViewDidDisappear;
}
10:00:53.826 WebDriverAgentRunner-Runner[1852:329632] Handling kAXUserTestingNotification
10:00:53.826 WebDriverAgentRunner-Runner[1852:329632] Received kAXUserTestingNotification from AX element pid: 308, elementOrHash.elementID: 0.1: {
    controllerClass = "WidgetRenderer.ZStackContainerViewController";
    event = ViewDidAppear;
}
10:00:53.857 WebDriverAgentRunner-Runner[1852:330772] Handling kAXUserTestingNotification
10:00:53.858 WebDriverAgentRunner-Runner[1852:330772] Received kAXUserTestingNotification from AX element pid: 308, elementOrHash.elementID: 0.1: {
    controllerClass = "WidgetRenderer.DebugOverlayViewController";
    event = ViewDidAppear;
}
10:00:53.858 WebDriverAgentRunner-Runner[1852:330772] Handling kAXUserTestingNotification
10:00:53.858 WebDriverAgentRunner-Runner[1852:330772] Received kAXUserTestingNotification from AX element pid: 308, elementOrHash.elementID: 0.1: {
    controllerClass = "WidgetRenderer.WidgetSceneContentViewController";
    event = ViewDidAppear;
}
10:00:53.858 WebDriverAgentRunner-Runner[1852:329631] Handling kAXUserTestingNotification
10:00:53.859 WebDriverAgentRunner-Runner[1852:329631] Received kAXUserTestingNotification from AX element pid: 308, elementOrHash.elementID: 0.1: {
    controllerClass = "WidgetRenderer.SecureHostingController";
    event = ViewDidAppear;
}
10:00:53.859 WebDriverAgentRunner-Runner[1852:329631] Handling kAXUserTestingNotification
10:00:53.859 WebDriverAgentRunner-Runner[1852:329631] Received kAXUserTestingNotification from AX element pid: 308, elementOrHash.elementID: 0.1: {
    controllerClass = "WidgetRenderer.ZStackContainerViewController";
    event = ViewDidDisappear;
}
10:00:53.860 WebDriverAgentRunner-Runner[1852:329631] Handling kAXUserTestingNotification
10:00:53.860 WebDriverAgentRunner-Runner[1852:329631] Received kAXUserTestingNotification from AX element pid: 308, elementOrHash.elementID: 0.1: {
    controllerClass = "WidgetRenderer.ZStackContainerViewController";
    event = ViewDidAppear;
}
10:00:53.871 WebDriverAgentRunner-Runner[1852:330772] Handling kAXUserTestingNotification
10:00:53.873 WebDriverAgentRunner-Runner[1852:330772] Received kAXUserTestingNotification from AX element pid: 308, elementOrHash.elementID: 0.1: {
    controllerClass = "WidgetRenderer.DebugOverlayViewController";
    event = ViewDidAppear;
}
10:00:53.874 WebDriverAgentRunner-Runner[1852:330772] Handling kAXUserTestingNotification
10:00:53.875 WebDriverAgentRunner-Runner[1852:330772] Received kAXUserTestingNotification from AX element pid: 308, elementOrHash.elementID: 0.1: {
    controllerClass = "WidgetRenderer.WidgetSceneContentViewController";
    event = ViewDidAppear;
}
10:00:53.876 WebDriverAgentRunner-Runner[1852:330772] Handling kAXUserTestingNotification
10:00:53.877 WebDriverAgentRunner-Runner[1852:330772] Received kAXUserTestingNotification from AX element pid: 308, elementOrHash.elementID: 0.1: {
    controllerClass = "WidgetRenderer.SecureHostingController";
    event = ViewDidAppear;
}
10:00:53.879 WebDriverAgentRunner-Runner[1852:330772] Handling kAXUserTestingNotification
10:00:53.879 WebDriverAgentRunner-Runner[1852:330772] Received kAXUserTestingNotification from AX element pid: 308, elementOrHash.elementID: 0.1: {
    controllerClass = "WidgetRenderer.ZStackContainerViewController";
    event = ViewDidDisappear;
}
10:00:53.879 WebDriverAgentRunner-Runner[1852:330772] Handling kAXUserTestingNotification
10:00:53.879 WebDriverAgentRunner-Runner[1852:330772] Received kAXUserTestingNotification from AX element pid: 308, elementOrHash.elementID: 0.1: {
    controllerClass = "WidgetRenderer.ZStackContainerViewController";
    event = ViewDidAppear;
}
10:00:54.466 WebDriverAgentRunner-Runner[1852:329632] Handling kAXUserTestingNotification
10:00:54.467 WebDriverAgentRunner-Runner[1852:329632] Received kAXUserTestingNotification from AX element pid: 174, elementOrHash.elementID: 0.1: {
    event = TouchEventsCompleted;
}
10:00:54.468 WebDriverAgentRunner-Runner[1852:329632] Handling kAXUserTestingNotification
10:00:54.468 WebDriverAgentRunner-Runner[1852:329632] Received kAXUserTestingNotification from AX element pid: 174, elementOrHash.elementID: 0.1: {
    event = TouchEventsCompleted;
}
10:00:54.513 WebDriverAgentRunner-Runner[1852:329941] Handling kAXUserTestingNotification
10:00:54.514 WebDriverAgentRunner-Runner[1852:329941] Received kAXUserTestingNotification from AX element pid: 174, elementOrHash.elementID: 0.1: {
    controllerClass = SBHWidgetStackViewController;
    event = ViewDidDisappear;
}
10:00:54.515 WebDriverAgentRunner-Runner[1852:329941] Handling kAXUserTestingNotification
10:00:54.516 WebDriverAgentRunner-Runner[1852:329941] Received kAXUserTestingNotification from AX element pid: 174, elementOrHash.elementID: 0.1: {
    controllerClass = SBHWidgetContainerViewController;
    event = ViewDidDisappear;
}
10:00:54.517 WebDriverAgentRunner-Runner[1852:329941] Handling kAXUserTestingNotification
10:00:54.518 WebDriverAgentRunner-Runner[1852:329941] Received kAXUserTestingNotification from AX element pid: 174, elementOrHash.elementID: 0.1: {
    controllerClass = SBHMultiplexingViewController;
    event = ViewDidDisappear;
}
10:00:54.521 WebDriverAgentRunner-Runner[1852:329941] Handling kAXUserTestingNotification
10:00:54.524 WebDriverAgentRunner-Runner[1852:329941] Received kAXUserTestingNotification from AX element pid: 174, elementOrHash.elementID: 0.1: {
    controllerClass = SBHWidgetViewController;
    event = ViewDidDisappear;
}
10:00:54.526 WebDriverAgentRunner-Runner[1852:329941] Handling kAXUserTestingNotification
10:00:54.527 WebDriverAgentRunner-Runner[1852:329941] Received kAXUserTestingNotification from AX element pid: 308, elementOrHash.elementID: 0.1: {
    controllerClass = "WidgetRenderer.WidgetSceneContentViewController";
    event = ViewDidDisappear;
}
10:00:54.528 WebDriverAgentRunner-Runner[1852:329941] Handling kAXUserTestingNotification
10:00:54.531 WebDriverAgentRunner-Runner[1852:329941] Received kAXUserTestingNotification from AX element pid: 308, elementOrHash.elementID: 0.1: {
    controllerClass = "WidgetRenderer.SecureHostingController";
    event = ViewDidDisappear;
}
10:00:54.557 WebDriverAgentRunner-Runner[1852:330772] Handling kAXUserTestingNotification
10:00:54.558 WebDriverAgentRunner-Runner[1852:330772] Received kAXUserTestingNotification from AX element pid: 174, elementOrHash.elementID: 0.1: {
    controllerClass = SBHWidgetStackViewController;
    event = ViewDidDisappear;
}
10:00:54.559 WebDriverAgentRunner-Runner[1852:330772] Handling kAXUserTestingNotification
10:00:54.562 WebDriverAgentRunner-Runner[1852:330772] Received kAXUserTestingNotification from AX element pid: 174, elementOrHash.elementID: 0.1: {
    controllerClass = SBHWidgetContainerViewController;
    event = ViewDidDisappear;
}
10:00:54.568 WebDriverAgentRunner-Runner[1852:330772] Handling kAXUserTestingNotification
10:00:54.570 WebDriverAgentRunner-Runner[1852:330772] Received kAXUserTestingNotification from AX element pid: 174, elementOrHash.elementID: 0.1: {
    controllerClass = SBHMultiplexingViewController;
    event = ViewDidDisappear;
}
10:00:54.571 WebDriverAgentRunner-Runner[1852:330772] Handling kAXUserTestingNotification
10:00:54.573 WebDriverAgentRunner-Runner[1852:330772] Received kAXUserTestingNotification from AX element pid: 174, elementOrHash.elementID: 0.1: {
    controllerClass = SBHWidgetViewController;
    event = ViewDidDisappear;
}
10:00:54.574 WebDriverAgentRunner-Runner[1852:330772] Handling kAXUserTestingNotification
10:00:54.575 WebDriverAgentRunner-Runner[1852:330772] Received kAXUserTestingNotification from AX element pid: 174, elementOrHash.elementID: 0.1: {
    controllerClass = SBHWidgetStackViewController;
    event = ViewDidDisappear;
}
10:00:54.576 WebDriverAgentRunner-Runner[1852:330772] Handling kAXUserTestingNotification
10:00:54.577 WebDriverAgentRunner-Runner[1852:330772] Received kAXUserTestingNotification from AX element pid: 174, elementOrHash.elementID: 0.1: {
    controllerClass = SBHWidgetContainerViewController;
    event = ViewDidDisappear;
}
10:00:54.579 WebDriverAgentRunner-Runner[1852:330772] Handling kAXUserTestingNotification
10:00:54.579 WebDriverAgentRunner-Runner[1852:330772] Received kAXUserTestingNotification from AX element pid: 174, elementOrHash.elementID: 0.1: {
    controllerClass = SBHMultiplexingViewController;
    event = ViewDidDisappear;
}
10:00:54.581 WebDriverAgentRunner-Runner[1852:330772] Handling kAXUserTestingNotification
10:00:54.581 WebDriverAgentRunner-Runner[1852:330772] Received kAXUserTestingNotification from AX element pid: 174, elementOrHash.elementID: 0.1: {
    controllerClass = SBHWidgetViewController;
    event = ViewDidDisappear;
}
10:00:54.582 WebDriverAgentRunner-Runner[1852:330772] Handling kAXUserTestingNotification
10:00:54.586 WebDriverAgentRunner-Runner[1852:330772] Received kAXUserTestingNotification from AX element pid: 174, elementOrHash.elementID: 0.1: {
    controllerClass = SBHWidgetStackViewController;
    event = ViewDidDisappear;
}
10:00:54.588 WebDriverAgentRunner-Runner[1852:330772] Handling kAXUserTestingNotification
10:00:54.588 WebDriverAgentRunner-Runner[1852:330772] Received kAXUserTestingNotification from AX element pid: 174, elementOrHash.elementID: 0.1: {
    controllerClass = SBHWidgetContainerViewController;
    event = ViewDidDisappear;
}
10:00:54.590 WebDriverAgentRunner-Runner[1852:330772] Handling kAXUserTestingNotification
10:00:54.590 WebDriverAgentRunner-Runner[1852:330772] Received kAXUserTestingNotification from AX element pid: 174, elementOrHash.elementID: 0.1: {
    controllerClass = SBHMultiplexingViewController;
    event = ViewDidDisappear;
}
10:00:54.591 WebDriverAgentRunner-Runner[1852:330772] Handling kAXUserTestingNotification
10:00:54.592 WebDriverAgentRunner-Runner[1852:330772] Received kAXUserTestingNotification from AX element pid: 174, elementOrHash.elementID: 0.1: {
    controllerClass = SBHWidgetViewController;
    event = ViewDidDisappear;
}
10:00:54.592 WebDriverAgentRunner-Runner[1852:330772] Handling kAXUserTestingNotification
10:00:54.592 WebDriverAgentRunner-Runner[1852:330772] Received kAXUserTestingNotification from AX element pid: 308, elementOrHash.elementID: 0.1: {
    controllerClass = "WidgetRenderer.WidgetSceneContentViewController";
    event = ViewDidDisappear;
}
10:00:54.592 WebDriverAgentRunner-Runner[1852:330772] Handling kAXUserTestingNotification
10:00:54.592 WebDriverAgentRunner-Runner[1852:330772] Received kAXUserTestingNotification from AX element pid: 308, elementOrHash.elementID: 0.1: {
    controllerClass = "WidgetRenderer.SecureHostingController";
    event = ViewDidDisappear;
}
10:00:54.592 WebDriverAgentRunner-Runner[1852:330772] Handling kAXUserTestingNotification
10:00:54.592 WebDriverAgentRunner-Runner[1852:330772] Received kAXUserTestingNotification from AX element pid: 308, elementOrHash.elementID: 0.1: {
    controllerClass = "WidgetRenderer.WidgetSceneContentViewController";
    event = ViewDidDisappear;
}
10:00:54.593 WebDriverAgentRunner-Runner[1852:330772] Handling kAXUserTestingNotification
10:00:54.593 WebDriverAgentRunner-Runner[1852:330772] Received kAXUserTestingNotification from AX element pid: 308, elementOrHash.elementID: 0.1: {
    controllerClass = "WidgetRenderer.SecureHostingController";
    event = ViewDidDisappear;
}
10:00:54.593 WebDriverAgentRunner-Runner[1852:330772] Handling kAXUserTestingNotification
10:00:54.593 WebDriverAgentRunner-Runner[1852:330772] Received kAXUserTestingNotification from AX element pid: 308, elementOrHash.elementID: 0.1: {
    controllerClass = "WidgetRenderer.WidgetSceneContentViewController";
    event = ViewDidDisappear;
}
10:00:54.593 WebDriverAgentRunner-Runner[1852:330772] Handling kAXUserTestingNotification
10:00:54.593 WebDriverAgentRunner-Runner[1852:330772] Received kAXUserTestingNotification from AX element pid: 308, elementOrHash.elementID: 0.1: {
    controllerClass = "WidgetRenderer.SecureHostingController";
    event = ViewDidDisappear;
}
10:00:54.939 WebDriverAgentRunner-Runner[1852:330772] Handling kAXUserTestingNotification
10:00:54.940 WebDriverAgentRunner-Runner[1852:330772] Received kAXUserTestingNotification from AX element pid: 174, elementOrHash.elementID: 0.1: {
    controllerClass = SBHWidgetStackViewController;
    event = ViewDidDisappear;
}
10:00:54.941 WebDriverAgentRunner-Runner[1852:330772] Handling kAXUserTestingNotification
10:00:54.944 WebDriverAgentRunner-Runner[1852:330772] Received kAXUserTestingNotification from AX element pid: 174, elementOrHash.elementID: 0.1: {
    controllerClass = SBHWidgetContainerViewController;
    event = ViewDidDisappear;
}
10:00:54.946 WebDriverAgentRunner-Runner[1852:330772] Handling kAXUserTestingNotification
10:00:54.946 WebDriverAgentRunner-Runner[1852:330772] Received kAXUserTestingNotification from AX element pid: 174, elementOrHash.elementID: 0.1: {
    controllerClass = SBHMultiplexingViewController;
    event = ViewDidDisappear;
}
10:00:54.948 WebDriverAgentRunner-Runner[1852:330772] Handling kAXUserTestingNotification
10:00:54.949 WebDriverAgentRunner-Runner[1852:330772] Received kAXUserTestingNotification from AX element pid: 174, elementOrHash.elementID: 0.1: {
    controllerClass = SBHWidgetViewController;
    event = ViewDidDisappear;
}
10:00:54.952 WebDriverAgentRunner-Runner[1852:330772] Handling kAXPidStatusChangedNotification
10:00:54.953 WebDriverAgentRunner-Runner[1852:330772] Got kAXPidStatusChangedNotification for invalid pid 0, full payload {
    pid = 0;
    pipPid = 1;
}
10:00:54.956 WebDriverAgentRunner-Runner[1852:330772] Handling kAXPidStatusChangedNotification
10:00:54.957 WebDriverAgentRunner-Runner[1852:330772] Got kAXPidStatusChangedNotification for invalid pid 0, full payload {
    pid = 0;
    pipPid = 1;
}
10:00:54.959 WebDriverAgentRunner-Runner[1852:330772] Handling kAXUserTestingNotification
10:00:54.960 WebDriverAgentRunner-Runner[1852:330772] Received kAXUserTestingNotification from AX element pid: 308, elementOrHash.elementID: 0.1: {
    controllerClass = "WidgetRenderer.WidgetSceneContentViewController";
    event = ViewDidDisappear;
}
10:00:54.962 WebDriverAgentRunner-Runner[1852:330772] Handling kAXUserTestingNotification
10:00:54.963 WebDriverAgentRunner-Runner[1852:330772] Received kAXUserTestingNotification from AX element pid: 308, elementOrHash.elementID: 0.1: {
    controllerClass = "WidgetRenderer.SecureHostingController";
    event = ViewDidDisappear;
}
10:00:54.980 WebDriverAgentRunner-Runner[1852:329632] Handling kAXUserTestingNotification
10:00:54.980 WebDriverAgentRunner-Runner[1852:329632] Received kAXUserTestingNotification from AX element pid: 174, elementOrHash.elementID: 0.1: {
    controllerClass = SBMedusaDecoratedDeviceApplicationSceneViewController;
    event = ViewDidDisappear;
}
10:00:54.981 WebDriverAgentRunner-Runner[1852:329632] Handling kAXUserTestingNotification
10:00:54.982 WebDriverAgentRunner-Runner[1852:329632] Received kAXUserTestingNotification from AX element pid: 174, elementOrHash.elementID: 0.1: {
    controllerClass = SBTopAffordanceViewController;
    event = ViewDidDisappear;
}
10:00:54.982 WebDriverAgentRunner-Runner[1852:329632] Handling kAXUserTestingNotification
10:00:54.983 WebDriverAgentRunner-Runner[1852:329632] Received kAXUserTestingNotification from AX element pid: 174, elementOrHash.elementID: 0.1: {
    controllerClass = SWKWindowControlsViewController;
    event = ViewDidDisappear;
}
10:00:54.984 WebDriverAgentRunner-Runner[1852:329632] Handling kAXUserTestingNotification
10:00:54.985 WebDriverAgentRunner-Runner[1852:329632] Received kAXUserTestingNotification from AX element pid: 174, elementOrHash.elementID: 0.1: {
    controllerClass = SBSwitcherViewController;
    event = ViewDidDisappear;
}
10:00:54.986 WebDriverAgentRunner-Runner[1852:329632] Handling kAXUserTestingNotification
10:00:54.987 WebDriverAgentRunner-Runner[1852:329632] Received kAXUserTestingNotification from AX element pid: 174, elementOrHash.elementID: 0.1: {
    controllerClass = SBGridSwitcherViewController;
    event = ViewDidDisappear;
}
10:00:54.988 WebDriverAgentRunner-Runner[1852:329632] Handling kAXUserTestingNotification
10:00:54.989 WebDriverAgentRunner-Runner[1852:329632] Received kAXUserTestingNotification from AX element pid: 174, elementOrHash.elementID: 0.1: {
    controllerClass = SBDeviceApplicationSceneViewController;
    event = ViewDidDisappear;
}
10:00:55.109 WebDriverAgentRunner-Runner[1852:330772] Handling kAXUserTestingNotification
10:00:55.109 WebDriverAgentRunner-Runner[1852:330772] Received kAXUserTestingNotification from AX element pid: 174, elementOrHash.elementID: 0.1: {
    event = TouchEventsCompleted;
}
10:00:55.110 WebDriverAgentRunner-Runner[1852:330772] Handling kAXUserTestingNotification
10:00:55.111 WebDriverAgentRunner-Runner[1852:330772] Received kAXUserTestingNotification from AX element pid: 174, elementOrHash.elementID: 0.1: {
    event = TouchEventsCompleted;
}
10:00:55.160 WebDriverAgentRunner-Runner[1852:330772] Handling kAXPidStatusChangedNotification
10:00:55.161 WebDriverAgentRunner-Runner[1852:330772] Got kAXPidStatusChangedNotification for pid 308: active
10:00:55.625 WebDriverAgentRunner-Runner[1852:330772] Handling kAXUserTestingNotification
10:00:55.626 WebDriverAgentRunner-Runner[1852:330772] Received kAXUserTestingNotification from AX element pid: 174, elementOrHash.elementID: 0.1: {
    event = TouchEventsCompleted;
}
10:00:55.627 WebDriverAgentRunner-Runner[1852:330772] Handling kAXUserTestingNotification
10:00:55.627 WebDriverAgentRunner-Runner[1852:330772] Received kAXUserTestingNotification from AX element pid: 174, elementOrHash.elementID: 0.1: {
    event = TouchEventsCompleted;
}
10:00:55.764 WebDriverAgentRunner-Runner[1852:329632] Handling kAXPidStatusChangedNotification
10:00:55.765 WebDriverAgentRunner-Runner[1852:329632] Got kAXPidStatusChangedNotification for pid 1462: active
10:00:58.048 WebDriverAgentRunner-Runner[1852:330772] Handling kAXPidStatusChangedNotification
10:00:58.049 WebDriverAgentRunner-Runner[1852:330772] Got kAXPidStatusChangedNotification for pid 1871: active
10:00:58.742 WebDriverAgentRunner-Runner[1852:329941] Handling kAXPidStatusChangedNotification
10:00:58.743 WebDriverAgentRunner-Runner[1852:329941] Got kAXPidStatusChangedNotification for pid 1871: active
10:01:06.684 WebDriverAgentRunner-Runner[1852:329941] Handling kAXPidStatusChangedNotification
10:01:06.686 WebDriverAgentRunner-Runner[1852:329941] Got kAXPidStatusChangedNotification for pid 1848: active
10:01:09.950 WebDriverAgentRunner-Runner[1852:329613] No application process found matching pid 1582, caching
10:01:09.951 WebDriverAgentRunner-Runner[1852:329613] No application process found matching pid 1467, caching
10:01:09.952 WebDriverAgentRunner-Runner[1852:329613] No application process found matching pid 1583, caching
10:01:09.953 WebDriverAgentRunner-Runner[1852:329613] No application process found matching pid 1583, caching
10:01:09.953 WebDriverAgentRunner-Runner[1852:329613] No application process found matching pid 303, caching
10:01:09.954 WebDriverAgentRunner-Runner[1852:329613] No application process found matching pid 308, caching
10:01:09.955 WebDriverAgentRunner-Runner[1852:329613] No application process found matching pid 1859, caching
10:01:09.956 WebDriverAgentRunner-Runner[1852:329613] No application process found matching pid 1862, caching
10:01:09.957 WebDriverAgentRunner-Runner[1852:329613] No application process found matching pid 1859, caching
10:01:09.961 WebDriverAgentRunner-Runner[1852:329613] No application process found matching pid 497, caching
10:01:09.962 WebDriverAgentRunner-Runner[1852:329613] No application process found matching pid 308, caching
10:01:09.962 WebDriverAgentRunner-Runner[1852:329613] No application process found matching pid 1860, caching
10:01:09.963 WebDriverAgentRunner-Runner[1852:329613] No application process found matching pid 497, caching
10:01:09.964 WebDriverAgentRunner-Runner[1852:329613] No application process found matching pid 1867, caching
10:01:09.965 WebDriverAgentRunner-Runner[1852:329613] No application process found matching pid 1866, caching
10:01:09.966 WebDriverAgentRunner-Runner[1852:329613] No application process found matching pid 1867, caching
10:01:09.966 WebDriverAgentRunner-Runner[1852:329613] No application process found matching pid 1868, caching
10:01:09.967 WebDriverAgentRunner-Runner[1852:329613] No application process found matching pid 303, caching
10:01:09.968 WebDriverAgentRunner-Runner[1852:329613] No application process found matching pid 308, caching
10:01:09.968 WebDriverAgentRunner-Runner[1852:329613] No application process found matching pid 1462, caching
10:01:09.969 WebDriverAgentRunner-Runner[1852:329613] No application process found matching pid 1871, caching
10:01:09.969 WebDriverAgentRunner-Runner[1852:329613] No application process found matching pid 1871, caching
10:01:09.970 WebDriverAgentRunner-Runner[1852:329613] No application process found matching pid 1848, caching
10:01:35.853 WebDriverAgentRunner-Runner[1852:329632] Handling kAXPidStatusChangedNotification
10:01:35.855 WebDriverAgentRunner-Runner[1852:329632] Got kAXPidStatusChangedNotification for pid 274: active
10:01:36.176 WebDriverAgentRunner-Runner[1852:329613] No application process found matching pid 274, caching
10:01:36.309 WebDriverAgentRunner-Runner[1852:329941] Handling kAXPidStatusChangedNotification
10:01:36.310 WebDriverAgentRunner-Runner[1852:329941] Got kAXPidStatusChangedNotification for pid 274: active
10:01:36.324 WebDriverAgentRunner-Runner[1852:329613] No application process found matching pid 274, caching
10:01:55.866 WebDriverAgentRunner-Runner[1852:329941] Handling kAXPidStatusChangedNotification
10:01:55.866 WebDriverAgentRunner-Runner[1852:329941] Got kAXPidStatusChangedNotification for pid 274: active
10:01:55.884 WebDriverAgentRunner-Runner[1852:329613] No application process found matching pid 274, caching
10:01:55.931 WebDriverAgentRunner-Runner[1852:331113] Handling kAXPidStatusChangedNotification
10:01:55.932 WebDriverAgentRunner-Runner[1852:331113] Got kAXPidStatusChangedNotification for pid 308: active
10:01:55.968 WebDriverAgentRunner-Runner[1852:331113] Handling kAXPidStatusChangedNotification
10:01:55.968 WebDriverAgentRunner-Runner[1852:331113] Got kAXPidStatusChangedNotification for invalid pid 0, full payload {
    pid = 0;
    pipPid = 1;
}
10:01:55.969 WebDriverAgentRunner-Runner[1852:331113] Handling kAXPidStatusChangedNotification
10:01:55.969 WebDriverAgentRunner-Runner[1852:331113] Got kAXPidStatusChangedNotification for invalid pid 0, full payload {
    pid = 0;
    pipPid = 1;
}
10:01:55.999 WebDriverAgentRunner-Runner[1852:331110] Handling kAXUserTestingNotification
10:01:56.000 WebDriverAgentRunner-Runner[1852:331110] Received kAXUserTestingNotification from AX element pid: 174, elementOrHash.elementID: 0.1: {
    controllerClass = CSCombinedListViewController;
    event = ViewDidAppear;
}
10:01:56.001 WebDriverAgentRunner-Runner[1852:331110] Handling kAXUserTestingNotification
10:01:56.002 WebDriverAgentRunner-Runner[1852:331110] Received kAXUserTestingNotification from AX element pid: 174, elementOrHash.elementID: 0.1: {
    controllerClass = NCNotificationStructuredListViewController;
    event = ViewDidAppear;
}
10:01:56.003 WebDriverAgentRunner-Runner[1852:331110] Handling kAXUserTestingNotification
10:01:56.005 WebDriverAgentRunner-Runner[1852:331110] Received kAXUserTestingNotification from AX element pid: 174, elementOrHash.elementID: 0.1: {
    controllerClass = NCNotificationListCountIndicatorViewController;
    event = ViewDidAppear;
}
10:01:56.007 WebDriverAgentRunner-Runner[1852:331110] Handling kAXUserTestingNotification
10:01:56.008 WebDriverAgentRunner-Runner[1852:331110] Received kAXUserTestingNotification from AX element pid: 174, elementOrHash.elementID: 0.1: {
    controllerClass = NCNotificationListSupplementaryHostingViewController;
    event = ViewDidAppear;
}
10:01:56.009 WebDriverAgentRunner-Runner[1852:331110] Handling kAXUserTestingNotification
10:01:56.010 WebDriverAgentRunner-Runner[1852:331110] Received kAXUserTestingNotification from AX element pid: 174, elementOrHash.elementID: 0.1: {
    controllerClass = CSProminentUISpacerViewController;
    event = ViewDidAppear;
}
10:01:56.012 WebDriverAgentRunner-Runner[1852:331110] Handling kAXUserTestingNotification
10:01:56.012 WebDriverAgentRunner-Runner[1852:331110] Received kAXUserTestingNotification from AX element pid: 174, elementOrHash.elementID: 0.1: {
    controllerClass = CSNotificationViewController;
    event = ViewDidAppear;
}
10:01:56.014 WebDriverAgentRunner-Runner[1852:331110] Handling kAXAlertNotification
10:01:56.015 WebDriverAgentRunner-Runner[1852:331110] Handling kAXAlertNotification for AX element pid: 174, elementOrHash.elementID: 0.1
10:01:56.017 WebDriverAgentRunner-Runner[1852:331110] Handling kAXUserTestingNotification
10:01:56.019 WebDriverAgentRunner-Runner[1852:331110] Received kAXUserTestingNotification from AX element pid: 174, elementOrHash.elementID: 0.1: {
    controllerClass = CSMainPageContentViewController;
    event = ViewDidAppear;
}
10:01:56.022 WebDriverAgentRunner-Runner[1852:331110] Handling kAXUserTestingNotification
10:01:56.023 WebDriverAgentRunner-Runner[1852:331110] Received kAXUserTestingNotification from AX element pid: 174, elementOrHash.elementID: 0.1: {
    controllerClass = SBCoverSheetPrimarySlidingViewController;
    event = ViewDidAppear;
}
10:01:56.025 WebDriverAgentRunner-Runner[1852:331110] Handling kAXUserTestingNotification
10:01:56.026 WebDriverAgentRunner-Runner[1852:331110] Received kAXUserTestingNotification from AX element pid: 174, elementOrHash.elementID: 0.1: {
    controllerClass = CSCoverSheetViewController;
    event = ViewDidAppear;
}
10:01:56.026 WebDriverAgentRunner-Runner[1852:331110] Handling kAXUserTestingNotification
10:01:56.027 WebDriverAgentRunner-Runner[1852:331110] Received kAXUserTestingNotification from AX element pid: 174, elementOrHash.elementID: 0.1: {
    controllerClass = SBFLockScreenDateViewController;
    event = ViewDidAppear;
}
10:01:56.027 WebDriverAgentRunner-Runner[1852:331110] Handling kAXUserTestingNotification
10:01:56.027 WebDriverAgentRunner-Runner[1852:331110] Received kAXUserTestingNotification from AX element pid: 174, elementOrHash.elementID: 0.1: {
    controllerClass = CSProminentDisplayViewController;
    event = ViewDidAppear;
}
10:01:56.027 WebDriverAgentRunner-Runner[1852:331110] Handling kAXUserTestingNotification
10:01:56.027 WebDriverAgentRunner-Runner[1852:331110] Received kAXUserTestingNotification from AX element pid: 174, elementOrHash.elementID: 0.1: {
    controllerClass = CSWidgetGridViewController;
    event = ViewDidAppear;
}
10:01:56.027 WebDriverAgentRunner-Runner[1852:331110] Handling kAXUserTestingNotification
10:01:56.027 WebDriverAgentRunner-Runner[1852:331110] Received kAXUserTestingNotification from AX element pid: 174, elementOrHash.elementID: 0.1: {
    controllerClass = CSFixedFooterViewController;
    event = ViewDidAppear;
}
10:01:56.027 WebDriverAgentRunner-Runner[1852:331110] Handling kAXUserTestingNotification
10:01:56.028 WebDriverAgentRunner-Runner[1852:331110] Received kAXUserTestingNotification from AX element pid: 174, elementOrHash.elementID: 0.1: {
    controllerClass = CSStatusTextViewController;
    event = ViewDidAppear;
}
10:01:56.028 WebDriverAgentRunner-Runner[1852:331110] Handling kAXUserTestingNotification
10:01:56.028 WebDriverAgentRunner-Runner[1852:331110] Received kAXUserTestingNotification from AX element pid: 174, elementOrHash.elementID: 0.1: {
    controllerClass = CSTeachableMomentsContainerViewController;
    event = ViewDidAppear;
}
10:01:56.028 WebDriverAgentRunner-Runner[1852:331110] Handling kAXUserTestingNotification
10:01:56.028 WebDriverAgentRunner-Runner[1852:331110] Received kAXUserTestingNotification from AX element pid: 174, elementOrHash.elementID: 0.1: {
    controllerClass = CSHomeAffordanceViewController;
    event = ViewDidAppear;
}
10:01:56.028 WebDriverAgentRunner-Runner[1852:331110] Handling kAXUserTestingNotification
10:01:56.028 WebDriverAgentRunner-Runner[1852:331110] Received kAXUserTestingNotification from AX element pid: 174, elementOrHash.elementID: 0.1: {
    controllerClass = CSWidgetGridViewController;
    event = ViewDidAppear;
}
10:01:56.029 WebDriverAgentRunner-Runner[1852:331110] Handling kAXUserTestingNotification
10:01:56.029 WebDriverAgentRunner-Runner[1852:331110] Received kAXUserTestingNotification from AX element pid: 174, elementOrHash.elementID: 0.1: {
    controllerClass = CSProudLockViewController;
    event = ViewDidAppear;
}
10:01:56.029 WebDriverAgentRunner-Runner[1852:331110] Handling kAXUserTestingNotification
10:01:56.029 WebDriverAgentRunner-Runner[1852:331110] Received kAXUserTestingNotification from AX element pid: 174, elementOrHash.elementID: 0.1: {
    controllerClass = SBUIProudLockContainerViewController;
    event = ViewDidAppear;
}
10:01:56.030 WebDriverAgentRunner-Runner[1852:331110] Handling kAXUserTestingNotification
10:01:56.030 WebDriverAgentRunner-Runner[1852:331110] Received kAXUserTestingNotification from AX element pid: 174, elementOrHash.elementID: 0.1: {
    controllerClass = SBRootFolderController;
    event = ViewDidDisappear;
}
10:01:56.037 WebDriverAgentRunner-Runner[1852:331113] Handling kAXUserTestingNotification
10:01:56.037 WebDriverAgentRunner-Runner[1852:331113] Received kAXUserTestingNotification from AX element pid: 174, elementOrHash.elementID: 0.1: {
    controllerClass = "_TtGC13CoverSheetKit27LockScreenHostingControllerVS_14TitleLabelView_";
    event = ViewDidAppear;
}
10:01:56.602 WebDriverAgentRunner-Runner[1852:329632] Handling kAXPidStatusChangedNotification
10:01:56.604 WebDriverAgentRunner-Runner[1852:329632] Got kAXPidStatusChangedNotification for pid 1873: active
10:01:59.672 WebDriverAgentRunner-Runner[1852:329632] Handling kAXUserTestingNotification
10:01:59.674 WebDriverAgentRunner-Runner[1852:329632] Received kAXUserTestingNotification from AX element pid: 174, elementOrHash.elementID: 0.1: {
    event = TouchEventsCompleted;
}
10:01:59.675 WebDriverAgentRunner-Runner[1852:329632] Handling kAXUserTestingNotification
10:01:59.675 WebDriverAgentRunner-Runner[1852:329632] Received kAXUserTestingNotification from AX element pid: 174, elementOrHash.elementID: 0.1: {
    controllerClass = PRWidgetGridViewController;
    event = ViewDidAppear;
}
10:01:59.691 WebDriverAgentRunner-Runner[1852:329613] No application process found matching pid 308, caching
10:01:59.695 WebDriverAgentRunner-Runner[1852:329613] Error (com.apple.dt.xctest.ui-testing.error) 10100, userInfo keys: (null): Unknown application: 'com.apple.springboard'
10:01:59.696 WebDriverAgentRunner-Runner[1852:329613] Error (com.apple.dt.xctest.ui-testing.error) 10100, userInfo keys: (null): Unknown application: 'com.apple.springboard'
10:01:59.697 WebDriverAgentRunner-Runner[1852:329613] updating com.apple.springboard crashBehavior to 1
10:01:59.698 WebDriverAgentRunner-Runner[1852:329613] KVO change: checked status of Expect value of 'isApplicationStateKnown' of Application 'com.apple.springboard' to be '1': fulfill=YES
10:01:59.700 WebDriverAgentRunner-Runner[1852:329613] <XCTWaiter: 0x115764420> entering wait loop for 60.00s with expectations: `Expect value of 'isApplicationStateKnown' of Application 'com.apple.springboard' to be '1'`
10:01:59.701 WebDriverAgentRunner-Runner[1852:329613] Returning result XCTWaiterResultCompleted for synchronous waiter <XCTWaiter: 0x115764420>
10:01:59.702 WebDriverAgentRunner-Runner[1852:329613] Wait <XCTWaiterWait: 0x1143ed2c0> completed after 0.003s
10:01:59.703 WebDriverAgentRunner-Runner[1852:329613] cleaning up Expect value of 'isApplicationStateKnown' of Application 'com.apple.springboard' to be '1'
10:01:59.704 WebDriverAgentRunner-Runner[1852:329613] cleaning up Expect value of 'isApplicationStateKnown' of Application 'com.apple.springboard' to be '1'
10:01:59.705 WebDriverAgentRunner-Runner[1852:329613] No custom alert monitors found
10:01:59.707 WebDriverAgentRunner-Runner[1852:329613] No application process found matching pid 1873, caching
10:01:59.707 WebDriverAgentRunner-Runner[1852:329632] Incremented alert counter for com.apple.springboard (pid:174): # alerts = 1
10:01:59.891 WebDriverAgentRunner-Runner[1852:331606] Handling kAXUserTestingNotification
10:01:59.891 WebDriverAgentRunner-Runner[1852:331606] Received kAXUserTestingNotification from AX element pid: 174, elementOrHash.elementID: 0.1: {
    event = TouchEventsCompleted;
}
10:01:59.892 WebDriverAgentRunner-Runner[1852:331606] Handling kAXUserTestingNotification
10:01:59.893 WebDriverAgentRunner-Runner[1852:331606] Received kAXUserTestingNotification from AX element pid: 174, elementOrHash.elementID: 0.1: {
    event = TouchEventsCompleted;
}
10:02:00.499 WebDriverAgentRunner-Runner[1852:331606] Handling kAXUserTestingNotification
10:02:00.499 WebDriverAgentRunner-Runner[1852:331606] Received kAXUserTestingNotification from AX element pid: 174, elementOrHash.elementID: 0.1: {
    event = TouchEventsCompleted;
}
10:02:00.591 WebDriverAgentRunner-Runner[1852:331110] Handling kAXPidStatusChangedNotification
10:02:00.594 WebDriverAgentRunner-Runner[1852:331110] Got kAXPidStatusChangedNotification for pid 1523: active
10:02:00.595 WebDriverAgentRunner-Runner[1852:329613] No application process found matching pid 1523, caching
10:02:00.610 WebDriverAgentRunner-Runner[1852:331110] Handling kAXPidStatusChangedNotification
10:02:00.611 WebDriverAgentRunner-Runner[1852:331110] Got kAXPidStatusChangedNotification for pid 1523: active
10:02:00.614 WebDriverAgentRunner-Runner[1852:331110] Handling kAXPidStatusChangedNotification
10:02:00.614 WebDriverAgentRunner-Runner[1852:331110] Got kAXPidStatusChangedNotification for pid 1523: active
10:02:00.626 WebDriverAgentRunner-Runner[1852:329613] No application process found matching pid 1523, caching
10:02:00.626 WebDriverAgentRunner-Runner[1852:329613] No application process found matching pid 1523, caching
10:02:00.642 WebDriverAgentRunner-Runner[1852:331606] Handling kAXUserTestingNotification
10:02:00.642 WebDriverAgentRunner-Runner[1852:331606] Received kAXUserTestingNotification from AX element pid: 174, elementOrHash.elementID: 0.1: {
    event = TouchEventsCompleted;
}
10:02:00.644 WebDriverAgentRunner-Runner[1852:331606] Handling kAXUserTestingNotification
10:02:00.644 WebDriverAgentRunner-Runner[1852:331606] Received kAXUserTestingNotification from AX element pid: 174, elementOrHash.elementID: 0.1: {
    controllerClass = CSModalPresentationViewController;
    event = ViewDidAppear;
}
10:02:00.661 WebDriverAgentRunner-Runner[1852:329632] Handling kAXUserTestingNotification
10:02:00.662 WebDriverAgentRunner-Runner[1852:329632] Received kAXUserTestingNotification from AX element pid: 174, elementOrHash.elementID: 0.1: {
    controllerClass = "_UICursorAccessoryViewController";
    event = ViewDidAppear;
}
10:02:00.720 WebDriverAgentRunner-Runner[1852:331606] Handling kAXPidStatusChangedNotification
10:02:00.721 WebDriverAgentRunner-Runner[1852:331606] Got kAXPidStatusChangedNotification for pid 1523: active
10:02:00.727 WebDriverAgentRunner-Runner[1852:329613] No application process found matching pid 1523, caching
10:02:01.044 WebDriverAgentRunner-Runner[1852:329632] Handling kAXUserTestingNotification
10:02:01.045 WebDriverAgentRunner-Runner[1852:329632] Received kAXUserTestingNotification from AX element pid: 174, elementOrHash.elementID: 0.1: {
    controllerClass = CSPasscodeViewController;
    event = ViewDidAppear;
}
10:02:01.046 WebDriverAgentRunner-Runner[1852:329632] Handling kAXUserTestingNotification
10:02:01.046 WebDriverAgentRunner-Runner[1852:329632] Received kAXUserTestingNotification from AX element pid: 174, elementOrHash.elementID: 0.1: {
    controllerClass = CSMainPageContentViewController;
    event = ViewDidDisappear;
}
10:02:01.047 WebDriverAgentRunner-Runner[1852:329632] Handling kAXUserTestingNotification
10:02:01.048 WebDriverAgentRunner-Runner[1852:329632] Received kAXUserTestingNotification from AX element pid: 174, elementOrHash.elementID: 0.1: {
    controllerClass = CSCombinedListViewController;
    event = ViewDidDisappear;
}
10:02:01.049 WebDriverAgentRunner-Runner[1852:329632] Handling kAXUserTestingNotification
10:02:01.050 WebDriverAgentRunner-Runner[1852:329632] Received kAXUserTestingNotification from AX element pid: 174, elementOrHash.elementID: 0.1: {
    controllerClass = NCNotificationStructuredListViewController;
    event = ViewDidDisappear;
}
10:02:01.051 WebDriverAgentRunner-Runner[1852:329632] Handling kAXUserTestingNotification
10:02:01.052 WebDriverAgentRunner-Runner[1852:329632] Received kAXUserTestingNotification from AX element pid: 174, elementOrHash.elementID: 0.1: {
    controllerClass = NCNotificationListCountIndicatorViewController;
    event = ViewDidDisappear;
}
10:02:01.053 WebDriverAgentRunner-Runner[1852:329632] Handling kAXUserTestingNotification
10:02:01.054 WebDriverAgentRunner-Runner[1852:329632] Received kAXUserTestingNotification from AX element pid: 174, elementOrHash.elementID: 0.1: {
    controllerClass = NCNotificationListSupplementaryHostingViewController;
    event = ViewDidDisappear;
}
10:02:01.054 WebDriverAgentRunner-Runner[1852:329632] Handling kAXUserTestingNotification
10:02:01.055 WebDriverAgentRunner-Runner[1852:329632] Received kAXUserTestingNotification from AX element pid: 174, elementOrHash.elementID: 0.1: {
    controllerClass = CSProminentUISpacerViewController;
    event = ViewDidDisappear;
}
10:02:01.056 WebDriverAgentRunner-Runner[1852:329632] Handling kAXUserTestingNotification
10:02:01.057 WebDriverAgentRunner-Runner[1852:329632] Received kAXUserTestingNotification from AX element pid: 174, elementOrHash.elementID: 0.1: {
    controllerClass = CSNotificationViewController;
    event = ViewDidDisappear;
}
10:02:01.304 WebDriverAgentRunner-Runner[1852:329632] Handling kAXPidStatusChangedNotification
10:02:01.305 WebDriverAgentRunner-Runner[1852:329632] Got kAXPidStatusChangedNotification for pid 1523: active
10:02:01.311 WebDriverAgentRunner-Runner[1852:329613] No application process found matching pid 1523, caching
10:02:01.382 WebDriverAgentRunner-Runner[1852:331113] Handling kAXUserTestingNotification
10:02:01.383 WebDriverAgentRunner-Runner[1852:331113] Received kAXUserTestingNotification from AX element pid: 174, elementOrHash.elementID: 0.1: {
    controllerClass = CSMainPageContentViewController;
    event = ViewDidAppear;
}
10:02:01.384 WebDriverAgentRunner-Runner[1852:331113] Handling kAXUserTestingNotification
10:02:01.385 WebDriverAgentRunner-Runner[1852:331113] Received kAXUserTestingNotification from AX element pid: 174, elementOrHash.elementID: 0.1: {
    controllerClass = CSCombinedListViewController;
    event = ViewDidAppear;
}
10:02:01.387 WebDriverAgentRunner-Runner[1852:331113] Handling kAXUserTestingNotification
10:02:01.389 WebDriverAgentRunner-Runner[1852:331113] Received kAXUserTestingNotification from AX element pid: 174, elementOrHash.elementID: 0.1: {
    controllerClass = NCNotificationStructuredListViewController;
    event = ViewDidAppear;
}
10:02:01.390 WebDriverAgentRunner-Runner[1852:331113] Handling kAXUserTestingNotification
10:02:01.393 WebDriverAgentRunner-Runner[1852:331113] Received kAXUserTestingNotification from AX element pid: 174, elementOrHash.elementID: 0.1: {
    controllerClass = NCNotificationListCountIndicatorViewController;
    event = ViewDidAppear;
}
10:02:01.396 WebDriverAgentRunner-Runner[1852:331113] Handling kAXUserTestingNotification
10:02:01.398 WebDriverAgentRunner-Runner[1852:331113] Received kAXUserTestingNotification from AX element pid: 174, elementOrHash.elementID: 0.1: {
    controllerClass = NCNotificationListSupplementaryHostingViewController;
    event = ViewDidAppear;
}
10:02:01.401 WebDriverAgentRunner-Runner[1852:331113] Handling kAXUserTestingNotification
10:02:01.402 WebDriverAgentRunner-Runner[1852:331113] Received kAXUserTestingNotification from AX element pid: 174, elementOrHash.elementID: 0.1: {
    controllerClass = CSProminentUISpacerViewController;
    event = ViewDidAppear;
}
10:02:01.403 WebDriverAgentRunner-Runner[1852:331113] Handling kAXUserTestingNotification
10:02:01.404 WebDriverAgentRunner-Runner[1852:331113] Received kAXUserTestingNotification from AX element pid: 174, elementOrHash.elementID: 0.1: {
    controllerClass = CSNotificationViewController;
    event = ViewDidAppear;
}
10:02:01.405 WebDriverAgentRunner-Runner[1852:331113] Handling kAXAlertNotification
10:02:01.405 WebDriverAgentRunner-Runner[1852:331113] Handling kAXAlertNotification for AX element pid: 174, elementOrHash.elementID: 0.1
10:02:01.406 WebDriverAgentRunner-Runner[1852:331113] Handling kAXUserTestingNotification
10:02:01.408 WebDriverAgentRunner-Runner[1852:331113] Received kAXUserTestingNotification from AX element pid: 174, elementOrHash.elementID: 0.1: {
    controllerClass = CSModalPresentationViewController;
    event = ViewDidDisappear;
}
10:02:01.410 WebDriverAgentRunner-Runner[1852:331113] Handling kAXUserTestingNotification
10:02:01.411 WebDriverAgentRunner-Runner[1852:331113] Received kAXUserTestingNotification from AX element pid: 174, elementOrHash.elementID: 0.1: {
    controllerClass = CSPasscodeViewController;
    event = ViewDidDisappear;
}
10:02:01.411 WebDriverAgentRunner-Runner[1852:331113] Handling kAXUserTestingNotification
10:02:01.411 WebDriverAgentRunner-Runner[1852:331113] Received kAXUserTestingNotification from AX element pid: 174, elementOrHash.elementID: 0.1: {
    controllerClass = "_UICursorAccessoryViewController";
    event = ViewDidDisappear;
}
10:02:01.411 WebDriverAgentRunner-Runner[1852:331113] Handling kAXUserTestingNotification
10:02:01.412 WebDriverAgentRunner-Runner[1852:331113] Received kAXUserTestingNotification from AX element pid: 174, elementOrHash.elementID: 0.1: {
    event = TouchEventsCompleted;
}
10:02:01.412 WebDriverAgentRunner-Runner[1852:331113] Handling kAXUserTestingNotification
10:02:01.412 WebDriverAgentRunner-Runner[1852:331113] Received kAXUserTestingNotification from AX element pid: 174, elementOrHash.elementID: 0.1: {
    event = TouchEventsCompleted;
}
10:02:01.412 WebDriverAgentRunner-Runner[1852:329613] Error (com.apple.dt.xctest.ui-testing.error) 10100, userInfo keys: (null): Unknown application: 'com.apple.springboard'
10:02:01.412 WebDriverAgentRunner-Runner[1852:331113] Handling kAXPidStatusChangedNotification
10:02:01.412 WebDriverAgentRunner-Runner[1852:329613] Error (com.apple.dt.xctest.ui-testing.error) 10100, userInfo keys: (null): Unknown application: 'com.apple.springboard'
10:02:01.412 WebDriverAgentRunner-Runner[1852:331113] Got kAXPidStatusChangedNotification for pid 1523: active
10:02:01.412 WebDriverAgentRunner-Runner[1852:329613] updating com.apple.springboard crashBehavior to 1
10:02:01.412 WebDriverAgentRunner-Runner[1852:329613] KVO change: checked status of Expect value of 'isApplicationStateKnown' of Application 'com.apple.springboard' to be '1': fulfill=YES
10:02:01.413 WebDriverAgentRunner-Runner[1852:329613] <XCTWaiter: 0x115764330> entering wait loop for 60.00s with expectations: `Expect value of 'isApplicationStateKnown' of Application 'com.apple.springboard' to be '1'`
10:02:01.413 WebDriverAgentRunner-Runner[1852:329613] Returning result XCTWaiterResultCompleted for synchronous waiter <XCTWaiter: 0x115764330>
10:02:01.413 WebDriverAgentRunner-Runner[1852:329613] Wait <XCTWaiterWait: 0x1143ed980> completed after 0.000s
10:02:01.413 WebDriverAgentRunner-Runner[1852:329613] cleaning up Expect value of 'isApplicationStateKnown' of Application 'com.apple.springboard' to be '1'
10:02:01.413 WebDriverAgentRunner-Runner[1852:329613] cleaning up Expect value of 'isApplicationStateKnown' of Application 'com.apple.springboard' to be '1'
10:02:01.413 WebDriverAgentRunner-Runner[1852:329613] No custom alert monitors found
10:02:01.413 WebDriverAgentRunner-Runner[1852:329613] No application process found matching pid 1523, caching
10:02:01.413 WebDriverAgentRunner-Runner[1852:329941] Incremented alert counter for com.apple.springboard (pid:174): # alerts = 2
10:02:02.209 WebDriverAgentRunner-Runner[1852:331113] Handling kAXUserTestingNotification
10:02:02.210 WebDriverAgentRunner-Runner[1852:331113] Received kAXUserTestingNotification from AX element pid: 174, elementOrHash.elementID: 0.1: {
    event = TouchEventsCompleted;
}
10:02:02.310 WebDriverAgentRunner-Runner[1852:329941] Handling kAXPidStatusChangedNotification
10:02:02.310 WebDriverAgentRunner-Runner[1852:329941] Got kAXPidStatusChangedNotification for pid 1523: active
10:02:02.327 WebDriverAgentRunner-Runner[1852:329613] No application process found matching pid 1523, caching
10:02:02.349 WebDriverAgentRunner-Runner[1852:329941] Handling kAXUserTestingNotification
10:02:02.350 WebDriverAgentRunner-Runner[1852:329941] Received kAXUserTestingNotification from AX element pid: 174, elementOrHash.elementID: 0.1: {
    event = TouchEventsCompleted;
}
10:02:02.351 WebDriverAgentRunner-Runner[1852:329941] Handling kAXUserTestingNotification
10:02:02.351 WebDriverAgentRunner-Runner[1852:329941] Received kAXUserTestingNotification from AX element pid: 174, elementOrHash.elementID: 0.1: {
    controllerClass = CSModalPresentationViewController;
    event = ViewDidAppear;
}
10:02:02.367 WebDriverAgentRunner-Runner[1852:329941] Handling kAXUserTestingNotification
10:02:02.368 WebDriverAgentRunner-Runner[1852:329941] Received kAXUserTestingNotification from AX element pid: 174, elementOrHash.elementID: 0.1: {
    controllerClass = "_UICursorAccessoryViewController";
    event = ViewDidAppear;
}
10:02:02.413 WebDriverAgentRunner-Runner[1852:331113] Handling kAXPidStatusChangedNotification
10:02:02.414 WebDriverAgentRunner-Runner[1852:331113] Got kAXPidStatusChangedNotification for pid 1523: active
10:02:02.428 WebDriverAgentRunner-Runner[1852:329613] No application process found matching pid 1523, caching
10:02:02.561 WebDriverAgentRunner-Runner[1852:331113] Handling kAXPidStatusChangedNotification
10:02:02.562 WebDriverAgentRunner-Runner[1852:331113] Got kAXPidStatusChangedNotification for pid 1523: active
10:02:02.577 WebDriverAgentRunner-Runner[1852:329613] No application process found matching pid 1523, caching
10:02:02.670 WebDriverAgentRunner-Runner[1852:329632] Handling kAXPidStatusChangedNotification
10:02:02.671 WebDriverAgentRunner-Runner[1852:329632] Got kAXPidStatusChangedNotification for pid 1523: active
10:02:02.672 WebDriverAgentRunner-Runner[1852:329632] Handling kAXPidStatusChangedNotification
10:02:02.673 WebDriverAgentRunner-Runner[1852:329632] Got kAXPidStatusChangedNotification for pid 1523: active
10:02:02.677 WebDriverAgentRunner-Runner[1852:329613] No application process found matching pid 1523, caching
10:02:02.678 WebDriverAgentRunner-Runner[1852:329613] No application process found matching pid 1523, caching
10:02:02.723 WebDriverAgentRunner-Runner[1852:331113] Handling kAXUserTestingNotification
10:02:02.724 WebDriverAgentRunner-Runner[1852:331113] Received kAXUserTestingNotification from AX element pid: 174, elementOrHash.elementID: 0.1: {
    event = TouchEventsCompleted;
}
10:02:02.731 WebDriverAgentRunner-Runner[1852:329632] Handling kAXUserTestingNotification
10:02:02.731 WebDriverAgentRunner-Runner[1852:329632] Received kAXUserTestingNotification from AX element pid: 174, elementOrHash.elementID: 0.1: {
    event = TouchEventsCompleted;
}
10:02:02.753 WebDriverAgentRunner-Runner[1852:329941] Handling kAXUserTestingNotification
10:02:02.754 WebDriverAgentRunner-Runner[1852:329941] Received kAXUserTestingNotification from AX element pid: 174, elementOrHash.elementID: 0.1: {
    controllerClass = CSPasscodeViewController;
    event = ViewDidAppear;
}
10:02:02.755 WebDriverAgentRunner-Runner[1852:329941] Handling kAXUserTestingNotification
10:02:02.756 WebDriverAgentRunner-Runner[1852:329941] Received kAXUserTestingNotification from AX element pid: 174, elementOrHash.elementID: 0.1: {
    controllerClass = CSMainPageContentViewController;
    event = ViewDidDisappear;
}
10:02:02.756 WebDriverAgentRunner-Runner[1852:329941] Handling kAXUserTestingNotification
10:02:02.757 WebDriverAgentRunner-Runner[1852:329941] Received kAXUserTestingNotification from AX element pid: 174, elementOrHash.elementID: 0.1: {
    controllerClass = CSCombinedListViewController;
    event = ViewDidDisappear;
}
10:02:02.759 WebDriverAgentRunner-Runner[1852:329941] Handling kAXUserTestingNotification
10:02:02.759 WebDriverAgentRunner-Runner[1852:329941] Received kAXUserTestingNotification from AX element pid: 174, elementOrHash.elementID: 0.1: {
    controllerClass = NCNotificationStructuredListViewController;
    event = ViewDidDisappear;
}
10:02:02.760 WebDriverAgentRunner-Runner[1852:329941] Handling kAXUserTestingNotification
10:02:02.762 WebDriverAgentRunner-Runner[1852:329941] Received kAXUserTestingNotification from AX element pid: 174, elementOrHash.elementID: 0.1: {
    controllerClass = NCNotificationListCountIndicatorViewController;
    event = ViewDidDisappear;
}
10:02:02.763 WebDriverAgentRunner-Runner[1852:329941] Handling kAXUserTestingNotification
10:02:02.764 WebDriverAgentRunner-Runner[1852:329941] Received kAXUserTestingNotification from AX element pid: 174, elementOrHash.elementID: 0.1: {
    controllerClass = NCNotificationListSupplementaryHostingViewController;
    event = ViewDidDisappear;
}
10:02:02.765 WebDriverAgentRunner-Runner[1852:329941] Handling kAXUserTestingNotification
10:02:02.766 WebDriverAgentRunner-Runner[1852:329941] Received kAXUserTestingNotification from AX element pid: 174, elementOrHash.elementID: 0.1: {
    controllerClass = CSProminentUISpacerViewController;
    event = ViewDidDisappear;
}
10:02:02.767 WebDriverAgentRunner-Runner[1852:329941] Handling kAXUserTestingNotification
10:02:02.768 WebDriverAgentRunner-Runner[1852:329941] Received kAXUserTestingNotification from AX element pid: 174, elementOrHash.elementID: 0.1: {
    controllerClass = CSNotificationViewController;
    event = ViewDidDisappear;
}
10:02:02.780 WebDriverAgentRunner-Runner[1852:329941] Handling kAXPidStatusChangedNotification
10:02:02.780 WebDriverAgentRunner-Runner[1852:329941] Got kAXPidStatusChangedNotification for pid 1523: active
10:02:02.794 WebDriverAgentRunner-Runner[1852:329613] No application process found matching pid 1523, caching
10:02:03.380 WebDriverAgentRunner-Runner[1852:329632] Handling kAXUserTestingNotification
10:02:03.381 WebDriverAgentRunner-Runner[1852:329632] Received kAXUserTestingNotification from AX element pid: 174, elementOrHash.elementID: 0.1: {
    event = TouchEventsCompleted;
}
10:02:03.382 WebDriverAgentRunner-Runner[1852:329632] Handling kAXUserTestingNotification
10:02:03.382 WebDriverAgentRunner-Runner[1852:329632] Received kAXUserTestingNotification from AX element pid: 174, elementOrHash.elementID: 0.1: {
    event = TouchEventsCompleted;
}
10:02:03.589 WebDriverAgentRunner-Runner[1852:329632] Handling kAXUserTestingNotification
10:02:03.589 WebDriverAgentRunner-Runner[1852:329632] Received kAXUserTestingNotification from AX element pid: 174, elementOrHash.elementID: 0.1: {
    event = TouchEventsCompleted;
}
10:02:03.590 WebDriverAgentRunner-Runner[1852:329632] Handling kAXUserTestingNotification
10:02:03.591 WebDriverAgentRunner-Runner[1852:329632] Received kAXUserTestingNotification from AX element pid: 174, elementOrHash.elementID: 0.1: {
    event = TouchEventsCompleted;
}
10:02:03.739 WebDriverAgentRunner-Runner[1852:329941] Handling kAXUserTestingNotification
10:02:03.739 WebDriverAgentRunner-Runner[1852:329941] Received kAXUserTestingNotification from AX element pid: 174, elementOrHash.elementID: 0.1: {
    event = TouchEventsCompleted;
}
10:02:03.740 WebDriverAgentRunner-Runner[1852:329941] Handling kAXUserTestingNotification
10:02:03.741 WebDriverAgentRunner-Runner[1852:329941] Received kAXUserTestingNotification from AX element pid: 174, elementOrHash.elementID: 0.1: {
    event = TouchEventsCompleted;
}
10:02:03.820 WebDriverAgentRunner-Runner[1852:329941] Handling kAXUserTestingNotification
10:02:03.821 WebDriverAgentRunner-Runner[1852:329941] Received kAXUserTestingNotification from AX element pid: 174, elementOrHash.elementID: 0.1: {
    event = TouchEventsCompleted;
}
10:02:03.822 WebDriverAgentRunner-Runner[1852:329941] Handling kAXUserTestingNotification
10:02:03.822 WebDriverAgentRunner-Runner[1852:329941] Received kAXUserTestingNotification from AX element pid: 174, elementOrHash.elementID: 0.1: {
    event = TouchEventsCompleted;
}
10:02:03.970 WebDriverAgentRunner-Runner[1852:329632] Handling kAXUserTestingNotification
10:02:03.971 WebDriverAgentRunner-Runner[1852:329632] Received kAXUserTestingNotification from AX element pid: 174, elementOrHash.elementID: 0.1: {
    event = TouchEventsCompleted;
}
10:02:03.972 WebDriverAgentRunner-Runner[1852:329632] Handling kAXUserTestingNotification
10:02:03.972 WebDriverAgentRunner-Runner[1852:329632] Received kAXUserTestingNotification from AX element pid: 174, elementOrHash.elementID: 0.1: {
    event = TouchEventsCompleted;
}
10:02:04.239 WebDriverAgentRunner-Runner[1852:329632] Handling kAXPidStatusChangedNotification
10:02:04.240 WebDriverAgentRunner-Runner[1852:329632] Got kAXPidStatusChangedNotification for pid 1523: active
10:02:04.257 WebDriverAgentRunner-Runner[1852:329613] No application process found matching pid 1523, caching
10:02:04.291 WebDriverAgentRunner-Runner[1852:329941] Handling kAXPidStatusChangedNotification
10:02:04.291 WebDriverAgentRunner-Runner[1852:329941] Got kAXPidStatusChangedNotification for invalid pid 0, full payload {
    pid = 0;
    pipPid = 1;
}
10:02:04.292 WebDriverAgentRunner-Runner[1852:329941] Handling kAXPidStatusChangedNotification
10:02:04.292 WebDriverAgentRunner-Runner[1852:329941] Got kAXPidStatusChangedNotification for invalid pid 0, full payload {
    pid = 0;
    pipPid = 1;
}
10:02:04.292 WebDriverAgentRunner-Runner[1852:329941] Handling kAXPidStatusChangedNotification
10:02:04.292 WebDriverAgentRunner-Runner[1852:329941] Got kAXPidStatusChangedNotification for invalid pid 0, full payload {
    pid = 0;
    pipPid = 1;
}
10:02:04.292 WebDriverAgentRunner-Runner[1852:329941] Handling kAXPidStatusChangedNotification
10:02:04.292 WebDriverAgentRunner-Runner[1852:329941] Got kAXPidStatusChangedNotification for invalid pid 0, full payload {
    pid = 0;
    pipPid = 1;
}
10:02:04.333 WebDriverAgentRunner-Runner[1852:329941] Handling kAXPidStatusChangedNotification
10:02:04.333 WebDriverAgentRunner-Runner[1852:329941] Got kAXPidStatusChangedNotification for pid 1523: active
10:02:04.345 WebDriverAgentRunner-Runner[1852:329613] No application process found matching pid 1523, caching
10:02:04.353 WebDriverAgentRunner-Runner[1852:329941] Handling kAXPidStatusChangedNotification
10:02:04.354 WebDriverAgentRunner-Runner[1852:329941] Got kAXPidStatusChangedNotification for pid 1523: active
10:02:04.361 WebDriverAgentRunner-Runner[1852:329941] Handling kAXUserTestingNotification
10:02:04.361 WebDriverAgentRunner-Runner[1852:329613] No application process found matching pid 1523, caching
10:02:04.361 WebDriverAgentRunner-Runner[1852:329941] Received kAXUserTestingNotification from AX element pid: 174, elementOrHash.elementID: 0.1: {
    event = TouchEventsCompleted;
}
10:02:04.381 WebDriverAgentRunner-Runner[1852:331113] Handling kAXUserTestingNotification
10:02:04.382 WebDriverAgentRunner-Runner[1852:331113] Received kAXUserTestingNotification from AX element pid: 174, elementOrHash.elementID: 0.1: {
    controllerClass = SBRootFolderController;
    event = ViewDidAppear;
}
10:02:04.383 WebDriverAgentRunner-Runner[1852:331113] Handling kAXUserTestingNotification
10:02:04.384 WebDriverAgentRunner-Runner[1852:331113] Received kAXUserTestingNotification from AX element pid: 174, elementOrHash.elementID: 0.1: {
    controllerClass = SBHLibraryIconViewController;
    event = ViewDidDisappear;
}
10:02:04.385 WebDriverAgentRunner-Runner[1852:331113] Handling kAXUserTestingNotification
10:02:04.386 WebDriverAgentRunner-Runner[1852:331113] Received kAXUserTestingNotification from AX element pid: 174, elementOrHash.elementID: 0.1: {
    event = TouchEventsCompleted;
}
10:02:04.387 WebDriverAgentRunner-Runner[1852:331113] Handling kAXUserTestingNotification
10:02:04.388 WebDriverAgentRunner-Runner[1852:331113] Received kAXUserTestingNotification from AX element pid: 174, elementOrHash.elementID: 0.1: {
    controllerClass = "_UICursorAccessoryViewController";
    event = ViewDidAppear;
}
10:02:04.389 WebDriverAgentRunner-Runner[1852:331113] Handling kAXUserTestingNotification
10:02:04.390 WebDriverAgentRunner-Runner[1852:331113] Received kAXUserTestingNotification from AX element pid: 174, elementOrHash.elementID: 0.1: {
    controllerClass = "_TtGC13CoverSheetKit27LockScreenHostingControllerVS_14TitleLabelView_";
    event = ViewDidDisappear;
}
10:02:04.391 WebDriverAgentRunner-Runner[1852:331113] Handling kAXUserTestingNotification
10:02:04.393 WebDriverAgentRunner-Runner[1852:331113] Received kAXUserTestingNotification from AX element pid: 174, elementOrHash.elementID: 0.1: {
    controllerClass = CSMainPageContentViewController;
    event = ViewDidAppear;
}
10:02:04.394 WebDriverAgentRunner-Runner[1852:331113] Handling kAXUserTestingNotification
10:02:04.395 WebDriverAgentRunner-Runner[1852:331113] Received kAXUserTestingNotification from AX element pid: 174, elementOrHash.elementID: 0.1: {
    controllerClass = CSCombinedListViewController;
    event = ViewDidAppear;
}
10:02:04.397 WebDriverAgentRunner-Runner[1852:331113] Handling kAXUserTestingNotification
10:02:04.398 WebDriverAgentRunner-Runner[1852:331113] Received kAXUserTestingNotification from AX element pid: 174, elementOrHash.elementID: 0.1: {
    controllerClass = NCNotificationStructuredListViewController;
    event = ViewDidAppear;
}
10:02:04.401 WebDriverAgentRunner-Runner[1852:331113] Handling kAXUserTestingNotification
10:02:04.402 WebDriverAgentRunner-Runner[1852:331113] Received kAXUserTestingNotification from AX element pid: 174, elementOrHash.elementID: 0.1: {
    controllerClass = NCNotificationListCountIndicatorViewController;
    event = ViewDidAppear;
}
10:02:04.403 WebDriverAgentRunner-Runner[1852:331113] Handling kAXUserTestingNotification
10:02:04.404 WebDriverAgentRunner-Runner[1852:331113] Received kAXUserTestingNotification from AX element pid: 174, elementOrHash.elementID: 0.1: {
    controllerClass = NCNotificationListSupplementaryHostingViewController;
    event = ViewDidAppear;
}
10:02:04.406 WebDriverAgentRunner-Runner[1852:331113] Handling kAXUserTestingNotification
10:02:04.406 WebDriverAgentRunner-Runner[1852:331113] Received kAXUserTestingNotification from AX element pid: 174, elementOrHash.elementID: 0.1: {
    controllerClass = CSProminentUISpacerViewController;
    event = ViewDidAppear;
}
10:02:04.406 WebDriverAgentRunner-Runner[1852:331113] Handling kAXUserTestingNotification
10:02:04.406 WebDriverAgentRunner-Runner[1852:331113] Received kAXUserTestingNotification from AX element pid: 174, elementOrHash.elementID: 0.1: {
    controllerClass = CSNotificationViewController;
    event = ViewDidAppear;
}
10:02:04.406 WebDriverAgentRunner-Runner[1852:331113] Handling kAXAlertNotification
10:02:04.406 WebDriverAgentRunner-Runner[1852:331113] Handling kAXAlertNotification for AX element pid: 174, elementOrHash.elementID: 0.1
10:02:04.406 WebDriverAgentRunner-Runner[1852:331113] Handling kAXUserTestingNotification
10:02:04.406 WebDriverAgentRunner-Runner[1852:331113] Received kAXUserTestingNotification from AX element pid: 174, elementOrHash.elementID: 0.1: {
    controllerClass = "_UICursorAccessoryViewController";
    event = ViewDidAppear;
}
10:02:04.410 WebDriverAgentRunner-Runner[1852:329613] Error (com.apple.dt.xctest.ui-testing.error) 10100, userInfo keys: (null): Unknown application: 'com.apple.springboard'
10:02:04.411 WebDriverAgentRunner-Runner[1852:329613] Error (com.apple.dt.xctest.ui-testing.error) 10100, userInfo keys: (null): Unknown application: 'com.apple.springboard'
10:02:04.411 WebDriverAgentRunner-Runner[1852:329613] updating com.apple.springboard crashBehavior to 1
10:02:04.411 WebDriverAgentRunner-Runner[1852:329613] KVO change: checked status of Expect value of 'isApplicationStateKnown' of Application 'com.apple.springboard' to be '1': fulfill=YES
10:02:04.411 WebDriverAgentRunner-Runner[1852:329613] <XCTWaiter: 0x115764450> entering wait loop for 60.00s with expectations: `Expect value of 'isApplicationStateKnown' of Application 'com.apple.springboard' to be '1'`
10:02:04.411 WebDriverAgentRunner-Runner[1852:329613] Returning result XCTWaiterResultCompleted for synchronous waiter <XCTWaiter: 0x115764450>
10:02:04.411 WebDriverAgentRunner-Runner[1852:329613] Wait <XCTWaiterWait: 0x1143ede80> completed after 0.000s
10:02:04.411 WebDriverAgentRunner-Runner[1852:329613] cleaning up Expect value of 'isApplicationStateKnown' of Application 'com.apple.springboard' to be '1'
10:02:04.411 WebDriverAgentRunner-Runner[1852:329613] cleaning up Expect value of 'isApplicationStateKnown' of Application 'com.apple.springboard' to be '1'
10:02:04.412 WebDriverAgentRunner-Runner[1852:329613] No custom alert monitors found
10:02:04.412 WebDriverAgentRunner-Runner[1852:329632] Incremented alert counter for com.apple.springboard (pid:174): # alerts = 3
10:02:04.434 WebDriverAgentRunner-Runner[1852:329632] Handling kAXPidStatusChangedNotification
10:02:04.435 WebDriverAgentRunner-Runner[1852:329632] Got kAXPidStatusChangedNotification for pid 1523: active
10:02:04.446 WebDriverAgentRunner-Runner[1852:329613] No application process found matching pid 1523, caching
10:02:04.543 WebDriverAgentRunner-Runner[1852:329632] Handling kAXUserTestingNotification
10:02:04.544 WebDriverAgentRunner-Runner[1852:329632] Received kAXUserTestingNotification from AX element pid: 1823, elementOrHash.elementID: 0.1: {
    controllerClass = SBUIBannerClientContainerViewController;
    event = ViewDidAppear;
}
10:02:04.550 WebDriverAgentRunner-Runner[1852:331113] Handling kAXUserTestingNotification
10:02:04.554 WebDriverAgentRunner-Runner[1852:331113] Received kAXUserTestingNotification from AX element pid: 174, elementOrHash.elementID: 0.1: {
    controllerClass = BNContentViewController;
    event = ViewDidAppear;
}
10:02:04.556 WebDriverAgentRunner-Runner[1852:331113] Handling kAXPidStatusChangedNotification
10:02:04.557 WebDriverAgentRunner-Runner[1852:331113] Got kAXPidStatusChangedNotification for pid 303: active
10:02:04.566 WebDriverAgentRunner-Runner[1852:329632] Handling kAXPidStatusChangedNotification
10:02:04.566 WebDriverAgentRunner-Runner[1852:329613] No application process found matching pid 303, caching
10:02:04.567 WebDriverAgentRunner-Runner[1852:329632] Got kAXPidStatusChangedNotification for pid 303: active
10:02:04.569 WebDriverAgentRunner-Runner[1852:329632] Handling kAXUserTestingNotification
10:02:04.570 WebDriverAgentRunner-Runner[1852:329632] Received kAXUserTestingNotification from AX element pid: 174, elementOrHash.elementID: 0.1: {
    controllerClass = SBHLibraryIconViewController;
    event = ViewDidAppear;
}
10:02:04.580 WebDriverAgentRunner-Runner[1852:329613] No application process found matching pid 303, caching
10:02:04.766 WebDriverAgentRunner-Runner[1852:331606] Handling kAXUserTestingNotification
10:02:04.767 WebDriverAgentRunner-Runner[1852:331606] Received kAXUserTestingNotification from AX element pid: 174, elementOrHash.elementID: 0.1: {
    controllerClass = CSPasscodeViewController;
    event = ViewDidDisappear;
}
10:02:04.768 WebDriverAgentRunner-Runner[1852:331606] Handling kAXUserTestingNotification
10:02:04.768 WebDriverAgentRunner-Runner[1852:331606] Received kAXUserTestingNotification from AX element pid: 174, elementOrHash.elementID: 0.1: {
    controllerClass = CSModalPresentationViewController;
    event = ViewDidDisappear;
}
10:02:04.771 WebDriverAgentRunner-Runner[1852:329941] Handling kAXUserTestingNotification
10:02:04.772 WebDriverAgentRunner-Runner[1852:329941] Received kAXUserTestingNotification from AX element pid: 174, elementOrHash.elementID: 0.1: {
    controllerClass = "_UICursorAccessoryViewController";
    event = ViewDidDisappear;
}
10:02:04.907 WebDriverAgentRunner-Runner[1852:329632] Handling kAXUserTestingNotification
10:02:04.908 WebDriverAgentRunner-Runner[1852:329632] Received kAXUserTestingNotification from AX element pid: 174, elementOrHash.elementID: 0.1: {
    controllerClass = SBCoverSheetPrimarySlidingViewController;
    event = ViewDidDisappear;
}
10:02:04.910 WebDriverAgentRunner-Runner[1852:329632] Handling kAXUserTestingNotification
10:02:04.911 WebDriverAgentRunner-Runner[1852:329632] Received kAXUserTestingNotification from AX element pid: 174, elementOrHash.elementID: 0.1: {
    controllerClass = CSCoverSheetViewController;
    event = ViewDidDisappear;
}
10:02:04.911 WebDriverAgentRunner-Runner[1852:329632] Handling kAXUserTestingNotification
10:02:04.912 WebDriverAgentRunner-Runner[1852:329632] Received kAXUserTestingNotification from AX element pid: 174, elementOrHash.elementID: 0.1: {
    controllerClass = SBFLockScreenDateViewController;
    event = ViewDidDisappear;
}
10:02:04.913 WebDriverAgentRunner-Runner[1852:329632] Handling kAXUserTestingNotification
10:02:04.914 WebDriverAgentRunner-Runner[1852:329632] Received kAXUserTestingNotification from AX element pid: 174, elementOrHash.elementID: 0.1: {
    controllerClass = CSProminentDisplayViewController;
    event = ViewDidDisappear;
}
10:02:04.915 WebDriverAgentRunner-Runner[1852:329632] Handling kAXUserTestingNotification
10:02:04.916 WebDriverAgentRunner-Runner[1852:329632] Received kAXUserTestingNotification from AX element pid: 174, elementOrHash.elementID: 0.1: {
    controllerClass = CSWidgetGridViewController;
    event = ViewDidDisappear;
}
10:02:04.917 WebDriverAgentRunner-Runner[1852:329632] Handling kAXUserTestingNotification
10:02:04.918 WebDriverAgentRunner-Runner[1852:329632] Received kAXUserTestingNotification from AX element pid: 174, elementOrHash.elementID: 0.1: {
    controllerClass = PRWidgetGridViewController;
    event = ViewDidDisappear;
}
10:02:04.920 WebDriverAgentRunner-Runner[1852:329632] Handling kAXUserTestingNotification
10:02:04.921 WebDriverAgentRunner-Runner[1852:329632] Received kAXUserTestingNotification from AX element pid: 174, elementOrHash.elementID: 0.1: {
    controllerClass = CSFixedFooterViewController;
    event = ViewDidDisappear;
}
10:02:04.922 WebDriverAgentRunner-Runner[1852:329632] Handling kAXUserTestingNotification
10:02:04.923 WebDriverAgentRunner-Runner[1852:329632] Received kAXUserTestingNotification from AX element pid: 174, elementOrHash.elementID: 0.1: {
    controllerClass = CSStatusTextViewController;
    event = ViewDidDisappear;
}
10:02:04.924 WebDriverAgentRunner-Runner[1852:329632] Handling kAXUserTestingNotification
10:02:04.925 WebDriverAgentRunner-Runner[1852:329632] Received kAXUserTestingNotification from AX element pid: 174, elementOrHash.elementID: 0.1: {
    controllerClass = CSTeachableMomentsContainerViewController;
    event = ViewDidDisappear;
}
10:02:04.927 WebDriverAgentRunner-Runner[1852:329632] Handling kAXUserTestingNotification
10:02:04.928 WebDriverAgentRunner-Runner[1852:329632] Received kAXUserTestingNotification from AX element pid: 174, elementOrHash.elementID: 0.1: {
    controllerClass = CSHomeAffordanceViewController;
    event = ViewDidDisappear;
}
10:02:04.929 WebDriverAgentRunner-Runner[1852:329632] Handling kAXUserTestingNotification
10:02:04.929 WebDriverAgentRunner-Runner[1852:329632] Received kAXUserTestingNotification from AX element pid: 174, elementOrHash.elementID: 0.1: {
    controllerClass = CSWidgetGridViewController;
    event = ViewDidDisappear;
}
10:02:04.931 WebDriverAgentRunner-Runner[1852:329632] Handling kAXUserTestingNotification
10:02:04.931 WebDriverAgentRunner-Runner[1852:329632] Received kAXUserTestingNotification from AX element pid: 174, elementOrHash.elementID: 0.1: {
    controllerClass = CSProudLockViewController;
    event = ViewDidDisappear;
}
10:02:04.931 WebDriverAgentRunner-Runner[1852:329632] Handling kAXUserTestingNotification
10:02:04.931 WebDriverAgentRunner-Runner[1852:329632] Received kAXUserTestingNotification from AX element pid: 174, elementOrHash.elementID: 0.1: {
    controllerClass = SBUIProudLockContainerViewController;
    event = ViewDidDisappear;
}
10:02:04.931 WebDriverAgentRunner-Runner[1852:329632] Handling kAXUserTestingNotification
10:02:04.931 WebDriverAgentRunner-Runner[1852:329632] Received kAXUserTestingNotification from AX element pid: 174, elementOrHash.elementID: 0.1: {
    controllerClass = CSMainPageContentViewController;
    event = ViewDidDisappear;
}
10:02:04.932 WebDriverAgentRunner-Runner[1852:329632] Handling kAXUserTestingNotification
10:02:04.932 WebDriverAgentRunner-Runner[1852:329632] Received kAXUserTestingNotification from AX element pid: 174, elementOrHash.elementID: 0.1: {
    controllerClass = CSCombinedListViewController;
    event = ViewDidDisappear;
}
10:02:04.932 WebDriverAgentRunner-Runner[1852:329632] Handling kAXUserTestingNotification
10:02:04.932 WebDriverAgentRunner-Runner[1852:329632] Received kAXUserTestingNotification from AX element pid: 174, elementOrHash.elementID: 0.1: {
    controllerClass = NCNotificationStructuredListViewController;
    event = ViewDidDisappear;
}
10:02:04.932 WebDriverAgentRunner-Runner[1852:329632] Handling kAXUserTestingNotification
10:02:04.932 WebDriverAgentRunner-Runner[1852:329632] Received kAXUserTestingNotification from AX element pid: 174, elementOrHash.elementID: 0.1: {
    controllerClass = NCNotificationListCountIndicatorViewController;
    event = ViewDidDisappear;
}
10:02:04.932 WebDriverAgentRunner-Runner[1852:329632] Handling kAXUserTestingNotification
10:02:04.933 WebDriverAgentRunner-Runner[1852:329632] Received kAXUserTestingNotification from AX element pid: 174, elementOrHash.elementID: 0.1: {
    controllerClass = NCNotificationListSupplementaryHostingViewController;
    event = ViewDidDisappear;
}
10:02:04.933 WebDriverAgentRunner-Runner[1852:329632] Handling kAXUserTestingNotification
10:02:04.933 WebDriverAgentRunner-Runner[1852:329632] Received kAXUserTestingNotification from AX element pid: 174, elementOrHash.elementID: 0.1: {
    controllerClass = CSProminentUISpacerViewController;
    event = ViewDidDisappear;
}
10:02:04.933 WebDriverAgentRunner-Runner[1852:329632] Handling kAXUserTestingNotification
10:02:04.933 WebDriverAgentRunner-Runner[1852:329632] Received kAXUserTestingNotification from AX element pid: 174, elementOrHash.elementID: 0.1: {
    controllerClass = CSNotificationViewController;
    event = ViewDidDisappear;
}
10:02:05.329 WebDriverAgentRunner-Runner[1852:331113] Handling kAXUserTestingNotification
10:02:05.330 WebDriverAgentRunner-Runner[1852:331113] Received kAXUserTestingNotification from AX element pid: 174, elementOrHash.elementID: 0.1: {
    event = TouchEventsCompleted;
}
10:02:05.331 WebDriverAgentRunner-Runner[1852:331113] Handling kAXUserTestingNotification
10:02:05.332 WebDriverAgentRunner-Runner[1852:331113] Received kAXUserTestingNotification from AX element pid: 174, elementOrHash.elementID: 0.1: {
    event = TouchEventsCompleted;
}
10:02:05.899 WebDriverAgentRunner-Runner[1852:331113] Handling kAXUserTestingNotification
10:02:05.902 WebDriverAgentRunner-Runner[1852:331113] Received kAXUserTestingNotification from AX element pid: 1823, elementOrHash.elementID: 0.1: {
    controllerClass = BluetoothUIServiceBanner;
    event = ViewDidAppear;
}
10:02:05.908 WebDriverAgentRunner-Runner[1852:329941] Handling kAXUserTestingNotification
10:02:05.911 WebDriverAgentRunner-Runner[1852:329941] Received kAXUserTestingNotification from AX element pid: 174, elementOrHash.elementID: 0.1: {
    controllerClass = SBBannerSourceListenerHostedPresentableViewController;
    event = ViewDidAppear;
}
10:02:05.945 WebDriverAgentRunner-Runner[1852:329941] Handling kAXUserTestingNotification
10:02:05.946 WebDriverAgentRunner-Runner[1852:329941] Received kAXUserTestingNotification from AX element pid: 174, elementOrHash.elementID: 0.1: {
    event = TouchEventsCompleted;
}
10:02:05.947 WebDriverAgentRunner-Runner[1852:329941] Handling kAXUserTestingNotification
10:02:05.947 WebDriverAgentRunner-Runner[1852:329941] Received kAXUserTestingNotification from AX element pid: 174, elementOrHash.elementID: 0.1: {
    event = TouchEventsCompleted;
}
10:02:06.154 WebDriverAgentRunner-Runner[1852:331113] Handling kAXUserTestingNotification
10:02:06.155 WebDriverAgentRunner-Runner[1852:331113] Received kAXUserTestingNotification from AX element pid: 174, elementOrHash.elementID: 0.1: {
    controllerClass = SBHWidgetViewController;
    event = ViewDidAppear;
}
10:02:06.156 WebDriverAgentRunner-Runner[1852:331113] Handling kAXUserTestingNotification
10:02:06.156 WebDriverAgentRunner-Runner[1852:331113] Received kAXUserTestingNotification from AX element pid: 174, elementOrHash.elementID: 0.1: {
    controllerClass = SBHWidgetContainerViewController;
    event = ViewDidAppear;
}
10:02:06.158 WebDriverAgentRunner-Runner[1852:331113] Handling kAXUserTestingNotification
10:02:06.162 WebDriverAgentRunner-Runner[1852:331113] Received kAXUserTestingNotification from AX element pid: 174, elementOrHash.elementID: 0.1: {
    controllerClass = SBHMultiplexingViewController;
    event = ViewDidAppear;
}
10:02:06.164 WebDriverAgentRunner-Runner[1852:331113] Handling kAXUserTestingNotification
10:02:06.165 WebDriverAgentRunner-Runner[1852:331113] Received kAXUserTestingNotification from AX element pid: 174, elementOrHash.elementID: 0.1: {
    controllerClass = SBHWidgetStackViewController;
    event = ViewDidAppear;
}
10:02:06.166 WebDriverAgentRunner-Runner[1852:331113] Handling kAXUserTestingNotification
10:02:06.167 WebDriverAgentRunner-Runner[1852:331113] Received kAXUserTestingNotification from AX element pid: 174, elementOrHash.elementID: 0.1: {
    event = TouchEventsCompleted;
}
10:02:06.171 WebDriverAgentRunner-Runner[1852:331113] Handling kAXUserTestingNotification
10:02:06.172 WebDriverAgentRunner-Runner[1852:331113] Received kAXUserTestingNotification from AX element pid: 174, elementOrHash.elementID: 0.1: {
    event = TouchEventsCompleted;
}
10:02:06.200 WebDriverAgentRunner-Runner[1852:329941] Handling kAXUserTestingNotification
10:02:06.201 WebDriverAgentRunner-Runner[1852:329941] Received kAXUserTestingNotification from AX element pid: 308, elementOrHash.elementID: 0.1: {
    controllerClass = "WidgetRenderer.DebugOverlayViewController";
    event = ViewDidAppear;
}
10:02:06.202 WebDriverAgentRunner-Runner[1852:329941] Handling kAXUserTestingNotification
10:02:06.202 WebDriverAgentRunner-Runner[1852:329941] Received kAXUserTestingNotification from AX element pid: 308, elementOrHash.elementID: 0.1: {
    controllerClass = "WidgetRenderer.WidgetSceneContentViewController";
    event = ViewDidAppear;
}
10:02:06.203 WebDriverAgentRunner-Runner[1852:329941] Handling kAXUserTestingNotification
10:02:06.204 WebDriverAgentRunner-Runner[1852:329941] Received kAXUserTestingNotification from AX element pid: 308, elementOrHash.elementID: 0.1: {
    controllerClass = "WidgetRenderer.SecureHostingController";
    event = ViewDidAppear;
}
10:02:06.204 WebDriverAgentRunner-Runner[1852:329941] Handling kAXUserTestingNotification
10:02:06.205 WebDriverAgentRunner-Runner[1852:329941] Received kAXUserTestingNotification from AX element pid: 308, elementOrHash.elementID: 0.1: {
    controllerClass = "WidgetRenderer.ZStackContainerViewController";
    event = ViewDidDisappear;
}
10:02:06.207 WebDriverAgentRunner-Runner[1852:329941] Handling kAXUserTestingNotification
10:02:06.209 WebDriverAgentRunner-Runner[1852:329941] Received kAXUserTestingNotification from AX element pid: 308, elementOrHash.elementID: 0.1: {
    controllerClass = "WidgetRenderer.ZStackContainerViewController";
    event = ViewDidAppear;
}
10:02:06.268 WebDriverAgentRunner-Runner[1852:329632] Handling kAXUserTestingNotification
10:02:06.269 WebDriverAgentRunner-Runner[1852:329632] Received kAXUserTestingNotification from AX element pid: 308, elementOrHash.elementID: 0.1: {
    controllerClass = "WidgetRenderer.DebugOverlayViewController";
    event = ViewDidAppear;
}
10:02:06.271 WebDriverAgentRunner-Runner[1852:329632] Handling kAXUserTestingNotification
10:02:06.271 WebDriverAgentRunner-Runner[1852:329632] Received kAXUserTestingNotification from AX element pid: 308, elementOrHash.elementID: 0.1: {
    controllerClass = "WidgetRenderer.WidgetSceneContentViewController";
    event = ViewDidAppear;
}
10:02:06.273 WebDriverAgentRunner-Runner[1852:329632] Handling kAXUserTestingNotification
10:02:06.274 WebDriverAgentRunner-Runner[1852:329632] Received kAXUserTestingNotification from AX element pid: 308, elementOrHash.elementID: 0.1: {
    controllerClass = "WidgetRenderer.SecureHostingController";
    event = ViewDidAppear;
}
10:02:06.274 WebDriverAgentRunner-Runner[1852:329632] Handling kAXUserTestingNotification
10:02:06.275 WebDriverAgentRunner-Runner[1852:329632] Received kAXUserTestingNotification from AX element pid: 174, elementOrHash.elementID: 0.1: {
    controllerClass = SBHWidgetViewController;
    event = ViewDidAppear;
}
10:02:06.276 WebDriverAgentRunner-Runner[1852:329632] Handling kAXUserTestingNotification
10:02:06.277 WebDriverAgentRunner-Runner[1852:329632] Received kAXUserTestingNotification from AX element pid: 174, elementOrHash.elementID: 0.1: {
    controllerClass = SBHWidgetContainerViewController;
    event = ViewDidAppear;
}
10:02:06.278 WebDriverAgentRunner-Runner[1852:329632] Handling kAXUserTestingNotification
10:02:06.279 WebDriverAgentRunner-Runner[1852:329632] Received kAXUserTestingNotification from AX element pid: 174, elementOrHash.elementID: 0.1: {
    controllerClass = SBHMultiplexingViewController;
    event = ViewDidAppear;
}
10:02:06.280 WebDriverAgentRunner-Runner[1852:329632] Handling kAXUserTestingNotification
10:02:06.280 WebDriverAgentRunner-Runner[1852:329632] Received kAXUserTestingNotification from AX element pid: 174, elementOrHash.elementID: 0.1: {
    controllerClass = SBHWidgetStackViewController;
    event = ViewDidAppear;
}
10:02:06.281 WebDriverAgentRunner-Runner[1852:329632] Handling kAXUserTestingNotification
10:02:06.282 WebDriverAgentRunner-Runner[1852:329632] Received kAXUserTestingNotification from AX element pid: 174, elementOrHash.elementID: 0.1: {
    controllerClass = SBHWidgetViewController;
    event = ViewDidAppear;
}
10:02:06.283 WebDriverAgentRunner-Runner[1852:329632] Handling kAXUserTestingNotification
10:02:06.284 WebDriverAgentRunner-Runner[1852:329632] Received kAXUserTestingNotification from AX element pid: 174, elementOrHash.elementID: 0.1: {
    controllerClass = SBHWidgetContainerViewController;
    event = ViewDidAppear;
}
10:02:06.285 WebDriverAgentRunner-Runner[1852:329632] Handling kAXUserTestingNotification
10:02:06.286 WebDriverAgentRunner-Runner[1852:329632] Received kAXUserTestingNotification from AX element pid: 174, elementOrHash.elementID: 0.1: {
    controllerClass = SBHMultiplexingViewController;
    event = ViewDidAppear;
}
10:02:06.287 WebDriverAgentRunner-Runner[1852:329632] Handling kAXUserTestingNotification
10:02:06.288 WebDriverAgentRunner-Runner[1852:329632] Received kAXUserTestingNotification from AX element pid: 174, elementOrHash.elementID: 0.1: {
    controllerClass = SBHWidgetStackViewController;
    event = ViewDidAppear;
}
10:02:06.289 WebDriverAgentRunner-Runner[1852:329632] Handling kAXUserTestingNotification
10:02:06.290 WebDriverAgentRunner-Runner[1852:329632] Received kAXUserTestingNotification from AX element pid: 174, elementOrHash.elementID: 0.1: {
    controllerClass = SBHWidgetViewController;
    event = ViewDidAppear;
}
10:02:06.291 WebDriverAgentRunner-Runner[1852:329632] Handling kAXUserTestingNotification
10:02:06.292 WebDriverAgentRunner-Runner[1852:329632] Received kAXUserTestingNotification from AX element pid: 174, elementOrHash.elementID: 0.1: {
    controllerClass = SBHWidgetContainerViewController;
    event = ViewDidAppear;
}
10:02:06.295 WebDriverAgentRunner-Runner[1852:329632] Handling kAXUserTestingNotification
10:02:06.296 WebDriverAgentRunner-Runner[1852:329632] Received kAXUserTestingNotification from AX element pid: 174, elementOrHash.elementID: 0.1: {
    controllerClass = SBHMultiplexingViewController;
    event = ViewDidAppear;
}
10:02:06.297 WebDriverAgentRunner-Runner[1852:329632] Handling kAXUserTestingNotification
10:02:06.297 WebDriverAgentRunner-Runner[1852:329632] Received kAXUserTestingNotification from AX element pid: 174, elementOrHash.elementID: 0.1: {
    controllerClass = SBHWidgetStackViewController;
    event = ViewDidAppear;
}
10:02:06.297 WebDriverAgentRunner-Runner[1852:329632] Handling kAXUserTestingNotification
10:02:06.297 WebDriverAgentRunner-Runner[1852:329632] Received kAXUserTestingNotification from AX element pid: 308, elementOrHash.elementID: 0.1: {
    controllerClass = "WidgetRenderer.DebugOverlayViewController";
    event = ViewDidAppear;
}
10:02:06.297 WebDriverAgentRunner-Runner[1852:329632] Handling kAXUserTestingNotification
10:02:06.297 WebDriverAgentRunner-Runner[1852:329632] Received kAXUserTestingNotification from AX element pid: 308, elementOrHash.elementID: 0.1: {
    controllerClass = "WidgetRenderer.WidgetSceneContentViewController";
    event = ViewDidAppear;
}
10:02:06.297 WebDriverAgentRunner-Runner[1852:329632] Handling kAXUserTestingNotification
10:02:06.298 WebDriverAgentRunner-Runner[1852:329632] Received kAXUserTestingNotification from AX element pid: 308, elementOrHash.elementID: 0.1: {
    controllerClass = "WidgetRenderer.SecureHostingController";
    event = ViewDidAppear;
}
10:02:06.298 WebDriverAgentRunner-Runner[1852:329632] Handling kAXUserTestingNotification
10:02:06.298 WebDriverAgentRunner-Runner[1852:329632] Received kAXUserTestingNotification from AX element pid: 308, elementOrHash.elementID: 0.1: {
    controllerClass = "WidgetRenderer.DebugOverlayViewController";
    event = ViewDidAppear;
}
10:02:06.298 WebDriverAgentRunner-Runner[1852:329632] Handling kAXUserTestingNotification
10:02:06.298 WebDriverAgentRunner-Runner[1852:329632] Received kAXUserTestingNotification from AX element pid: 308, elementOrHash.elementID: 0.1: {
    controllerClass = "WidgetRenderer.WidgetSceneContentViewController";
    event = ViewDidAppear;
}
10:02:06.298 WebDriverAgentRunner-Runner[1852:329632] Handling kAXUserTestingNotification
10:02:06.298 WebDriverAgentRunner-Runner[1852:329632] Received kAXUserTestingNotification from AX element pid: 308, elementOrHash.elementID: 0.1: {
    controllerClass = "WidgetRenderer.SecureHostingController";
    event = ViewDidAppear;
}
10:02:06.306 WebDriverAgentRunner-Runner[1852:331113] Handling kAXUserTestingNotification
10:02:06.306 WebDriverAgentRunner-Runner[1852:331113] Received kAXUserTestingNotification from AX element pid: 308, elementOrHash.elementID: 0.1: {
    controllerClass = "WidgetRenderer.ZStackContainerViewController";
    event = ViewDidDisappear;
}
10:02:06.306 WebDriverAgentRunner-Runner[1852:331113] Handling kAXUserTestingNotification
10:02:06.306 WebDriverAgentRunner-Runner[1852:331113] Received kAXUserTestingNotification from AX element pid: 308, elementOrHash.elementID: 0.1: {
    controllerClass = "WidgetRenderer.ZStackContainerViewController";
    event = ViewDidAppear;
}
10:02:06.307 WebDriverAgentRunner-Runner[1852:331113] Handling kAXUserTestingNotification
10:02:06.307 WebDriverAgentRunner-Runner[1852:331113] Received kAXUserTestingNotification from AX element pid: 308, elementOrHash.elementID: 0.1: {
    controllerClass = "WidgetRenderer.ZStackContainerViewController";
    event = ViewDidDisappear;
}
10:02:06.307 WebDriverAgentRunner-Runner[1852:331113] Handling kAXUserTestingNotification
10:02:06.307 WebDriverAgentRunner-Runner[1852:331113] Received kAXUserTestingNotification from AX element pid: 308, elementOrHash.elementID: 0.1: {
    controllerClass = "WidgetRenderer.ZStackContainerViewController";
    event = ViewDidAppear;
}
10:02:06.308 WebDriverAgentRunner-Runner[1852:331113] Handling kAXUserTestingNotification
10:02:06.308 WebDriverAgentRunner-Runner[1852:331113] Received kAXUserTestingNotification from AX element pid: 308, elementOrHash.elementID: 0.1: {
    controllerClass = "WidgetRenderer.ZStackContainerViewController";
    event = ViewDidDisappear;
}
10:02:06.308 WebDriverAgentRunner-Runner[1852:331113] Handling kAXUserTestingNotification
10:02:06.308 WebDriverAgentRunner-Runner[1852:331113] Received kAXUserTestingNotification from AX element pid: 308, elementOrHash.elementID: 0.1: {
    controllerClass = "WidgetRenderer.ZStackContainerViewController";
    event = ViewDidAppear;
}
10:02:06.313 WebDriverAgentRunner-Runner[1852:329632] Handling kAXUserTestingNotification
10:02:06.313 WebDriverAgentRunner-Runner[1852:329632] Received kAXUserTestingNotification from AX element pid: 174, elementOrHash.elementID: 0.1: {
    controllerClass = SBHWidgetViewController;
    event = ViewDidAppear;
}
10:02:06.314 WebDriverAgentRunner-Runner[1852:329632] Handling kAXUserTestingNotification
10:02:06.314 WebDriverAgentRunner-Runner[1852:329632] Received kAXUserTestingNotification from AX element pid: 174, elementOrHash.elementID: 0.1: {
    controllerClass = SBHWidgetContainerViewController;
    event = ViewDidAppear;
}
10:02:06.314 WebDriverAgentRunner-Runner[1852:329632] Handling kAXUserTestingNotification
10:02:06.314 WebDriverAgentRunner-Runner[1852:329632] Received kAXUserTestingNotification from AX element pid: 174, elementOrHash.elementID: 0.1: {
    controllerClass = SBHMultiplexingViewController;
    event = ViewDidAppear;
}
10:02:06.314 WebDriverAgentRunner-Runner[1852:329632] Handling kAXUserTestingNotification
10:02:06.315 WebDriverAgentRunner-Runner[1852:329632] Received kAXUserTestingNotification from AX element pid: 174, elementOrHash.elementID: 0.1: {
    controllerClass = SBHWidgetStackViewController;
    event = ViewDidAppear;
}
10:02:06.327 WebDriverAgentRunner-Runner[1852:329632] Handling kAXUserTestingNotification
10:02:06.327 WebDriverAgentRunner-Runner[1852:329632] Received kAXUserTestingNotification from AX element pid: 308, elementOrHash.elementID: 0.1: {
    controllerClass = "WidgetRenderer.DebugOverlayViewController";
    event = ViewDidAppear;
}
10:02:06.328 WebDriverAgentRunner-Runner[1852:329632] Handling kAXUserTestingNotification
10:02:06.329 WebDriverAgentRunner-Runner[1852:329632] Received kAXUserTestingNotification from AX element pid: 308, elementOrHash.elementID: 0.1: {
    controllerClass = "WidgetRenderer.WidgetSceneContentViewController";
    event = ViewDidAppear;
}
10:02:06.330 WebDriverAgentRunner-Runner[1852:329632] Handling kAXUserTestingNotification
10:02:06.331 WebDriverAgentRunner-Runner[1852:329632] Received kAXUserTestingNotification from AX element pid: 308, elementOrHash.elementID: 0.1: {
    controllerClass = "WidgetRenderer.SecureHostingController";
    event = ViewDidAppear;
}
10:02:06.332 WebDriverAgentRunner-Runner[1852:329632] Handling kAXUserTestingNotification
10:02:06.333 WebDriverAgentRunner-Runner[1852:329632] Received kAXUserTestingNotification from AX element pid: 308, elementOrHash.elementID: 0.1: {
    controllerClass = "WidgetRenderer.ZStackContainerViewController";
    event = ViewDidDisappear;
}
10:02:06.334 WebDriverAgentRunner-Runner[1852:329632] Handling kAXUserTestingNotification
10:02:06.334 WebDriverAgentRunner-Runner[1852:329632] Received kAXUserTestingNotification from AX element pid: 308, elementOrHash.elementID: 0.1: {
    controllerClass = "WidgetRenderer.ZStackContainerViewController";
    event = ViewDidAppear;
}
10:02:06.738 WebDriverAgentRunner-Runner[1852:331113] Handling kAXPidStatusChangedNotification
10:02:06.739 WebDriverAgentRunner-Runner[1852:331113] Got kAXPidStatusChangedNotification for pid 1462: active
10:02:06.753 WebDriverAgentRunner-Runner[1852:331113] Handling kAXUserTestingNotification
10:02:06.754 WebDriverAgentRunner-Runner[1852:331113] Received kAXUserTestingNotification from AX element pid: 174, elementOrHash.elementID: 0.1: {
    event = TouchEventsCompleted;
}
10:02:06.754 WebDriverAgentRunner-Runner[1852:331113] Handling kAXUserTestingNotification
10:02:06.755 WebDriverAgentRunner-Runner[1852:331113] Received kAXUserTestingNotification from AX element pid: 174, elementOrHash.elementID: 0.1: {
    controllerClass = SBMedusaDecoratedDeviceApplicationSceneViewController;
    event = ViewDidAppear;
}
10:02:06.756 WebDriverAgentRunner-Runner[1852:331113] Handling kAXUserTestingNotification
10:02:06.758 WebDriverAgentRunner-Runner[1852:331113] Received kAXUserTestingNotification from AX element pid: 174, elementOrHash.elementID: 0.1: {
    controllerClass = SBDeviceApplicationSceneViewController;
    event = ViewDidAppear;
}
10:02:06.759 WebDriverAgentRunner-Runner[1852:331113] Handling kAXUserTestingNotification
10:02:06.762 WebDriverAgentRunner-Runner[1852:331113] Received kAXUserTestingNotification from AX element pid: 174, elementOrHash.elementID: 0.1: {
    controllerClass = SBTopAffordanceViewController;
    event = ViewDidAppear;
}
10:02:06.764 WebDriverAgentRunner-Runner[1852:331113] Handling kAXUserTestingNotification
10:02:06.764 WebDriverAgentRunner-Runner[1852:331113] Received kAXUserTestingNotification from AX element pid: 174, elementOrHash.elementID: 0.1: {
    controllerClass = SWKWindowControlsViewController;
    event = ViewDidAppear;
}
10:02:06.766 WebDriverAgentRunner-Runner[1852:331113] Handling kAXUserTestingNotification
10:02:06.767 WebDriverAgentRunner-Runner[1852:331113] Received kAXUserTestingNotification from AX element pid: 174, elementOrHash.elementID: 0.1: {
    controllerClass = SBSwitcherViewController;
    event = ViewDidAppear;
}
10:02:06.768 WebDriverAgentRunner-Runner[1852:331113] Handling kAXUserTestingNotification
10:02:06.770 WebDriverAgentRunner-Runner[1852:331113] Received kAXUserTestingNotification from AX element pid: 174, elementOrHash.elementID: 0.1: {
    controllerClass = SBGridSwitcherViewController;
    event = ViewDidAppear;
}
10:02:06.771 WebDriverAgentRunner-Runner[1852:331113] Handling kAXUserTestingNotification
10:02:06.772 WebDriverAgentRunner-Runner[1852:331113] Received kAXUserTestingNotification from AX element pid: 174, elementOrHash.elementID: 0.1: {
    event = TouchEventsCompleted;
}
10:02:07.446 WebDriverAgentRunner-Runner[1852:331606] Handling kAXUserTestingNotification
10:02:07.447 WebDriverAgentRunner-Runner[1852:331606] Received kAXUserTestingNotification from AX element pid: 174, elementOrHash.elementID: 0.1: {
    controllerClass = SBHLibraryIconViewController;
    event = ViewDidDisappear;
}
10:02:07.549 WebDriverAgentRunner-Runner[1852:331606] Handling kAXPidStatusChangedNotification
10:02:07.550 WebDriverAgentRunner-Runner[1852:331606] Got kAXPidStatusChangedNotification for pid 274: active
10:02:07.637 WebDriverAgentRunner-Runner[1852:331606] Handling kAXUserTestingNotification
10:02:07.638 WebDriverAgentRunner-Runner[1852:331606] Received kAXUserTestingNotification from AX element pid: 174, elementOrHash.elementID: 0.1: {
    controllerClass = SBHWidgetStackViewController;
    event = ViewDidDisappear;
}
10:02:07.639 WebDriverAgentRunner-Runner[1852:331606] Handling kAXUserTestingNotification
10:02:07.639 WebDriverAgentRunner-Runner[1852:331606] Received kAXUserTestingNotification from AX element pid: 174, elementOrHash.elementID: 0.1: {
    controllerClass = SBHWidgetContainerViewController;
    event = ViewDidDisappear;
}
10:02:07.641 WebDriverAgentRunner-Runner[1852:331606] Handling kAXUserTestingNotification
10:02:07.642 WebDriverAgentRunner-Runner[1852:331606] Received kAXUserTestingNotification from AX element pid: 174, elementOrHash.elementID: 0.1: {
    controllerClass = SBHMultiplexingViewController;
    event = ViewDidDisappear;
}
10:02:07.643 WebDriverAgentRunner-Runner[1852:331606] Handling kAXUserTestingNotification
10:02:07.647 WebDriverAgentRunner-Runner[1852:331606] Received kAXUserTestingNotification from AX element pid: 174, elementOrHash.elementID: 0.1: {
    controllerClass = SBHWidgetViewController;
    event = ViewDidDisappear;
}
10:02:07.648 WebDriverAgentRunner-Runner[1852:331606] Handling kAXUserTestingNotification
10:02:07.650 WebDriverAgentRunner-Runner[1852:331606] Received kAXUserTestingNotification from AX element pid: 174, elementOrHash.elementID: 0.1: {
    controllerClass = SBHWidgetStackViewController;
    event = ViewDidDisappear;
}
10:02:07.653 WebDriverAgentRunner-Runner[1852:331606] Handling kAXUserTestingNotification
10:02:07.654 WebDriverAgentRunner-Runner[1852:331606] Received kAXUserTestingNotification from AX element pid: 174, elementOrHash.elementID: 0.1: {
    controllerClass = SBHWidgetContainerViewController;
    event = ViewDidDisappear;
}
10:02:07.655 WebDriverAgentRunner-Runner[1852:331606] Handling kAXUserTestingNotification
10:02:07.656 WebDriverAgentRunner-Runner[1852:331606] Received kAXUserTestingNotification from AX element pid: 174, elementOrHash.elementID: 0.1: {
    controllerClass = SBHMultiplexingViewController;
    event = ViewDidDisappear;
}
10:02:07.657 WebDriverAgentRunner-Runner[1852:331606] Handling kAXUserTestingNotification
10:02:07.658 WebDriverAgentRunner-Runner[1852:331606] Received kAXUserTestingNotification from AX element pid: 174, elementOrHash.elementID: 0.1: {
    controllerClass = SBHWidgetViewController;
    event = ViewDidDisappear;
}
10:02:07.659 WebDriverAgentRunner-Runner[1852:331606] Handling kAXUserTestingNotification
10:02:07.660 WebDriverAgentRunner-Runner[1852:331606] Received kAXUserTestingNotification from AX element pid: 174, elementOrHash.elementID: 0.1: {
    controllerClass = SBHWidgetStackViewController;
    event = ViewDidDisappear;
}
10:02:07.662 WebDriverAgentRunner-Runner[1852:331606] Handling kAXUserTestingNotification
10:02:07.662 WebDriverAgentRunner-Runner[1852:331606] Received kAXUserTestingNotification from AX element pid: 174, elementOrHash.elementID: 0.1: {
    controllerClass = SBHWidgetContainerViewController;
    event = ViewDidDisappear;
}
10:02:07.663 WebDriverAgentRunner-Runner[1852:331606] Handling kAXUserTestingNotification
10:02:07.663 WebDriverAgentRunner-Runner[1852:331606] Received kAXUserTestingNotification from AX element pid: 174, elementOrHash.elementID: 0.1: {
    controllerClass = SBHMultiplexingViewController;
    event = ViewDidDisappear;
}
10:02:07.664 WebDriverAgentRunner-Runner[1852:331606] Handling kAXUserTestingNotification
10:02:07.664 WebDriverAgentRunner-Runner[1852:331606] Received kAXUserTestingNotification from AX element pid: 174, elementOrHash.elementID: 0.1: {
    controllerClass = SBHWidgetViewController;
    event = ViewDidDisappear;
}
10:02:07.665 WebDriverAgentRunner-Runner[1852:331606] Handling kAXUserTestingNotification
10:02:07.665 WebDriverAgentRunner-Runner[1852:331606] Received kAXUserTestingNotification from AX element pid: 174, elementOrHash.elementID: 0.1: {
    controllerClass = SBHWidgetStackViewController;
    event = ViewDidDisappear;
}
10:02:07.665 WebDriverAgentRunner-Runner[1852:331606] Handling kAXUserTestingNotification
10:02:07.665 WebDriverAgentRunner-Runner[1852:331606] Received kAXUserTestingNotification from AX element pid: 174, elementOrHash.elementID: 0.1: {
    controllerClass = SBHWidgetContainerViewController;
    event = ViewDidDisappear;
}
10:02:07.665 WebDriverAgentRunner-Runner[1852:331606] Handling kAXUserTestingNotification
10:02:07.665 WebDriverAgentRunner-Runner[1852:331606] Received kAXUserTestingNotification from AX element pid: 174, elementOrHash.elementID: 0.1: {
    controllerClass = SBHMultiplexingViewController;
    event = ViewDidDisappear;
}
10:02:07.665 WebDriverAgentRunner-Runner[1852:331606] Handling kAXUserTestingNotification
10:02:07.665 WebDriverAgentRunner-Runner[1852:331606] Received kAXUserTestingNotification from AX element pid: 174, elementOrHash.elementID: 0.1: {
    controllerClass = SBHWidgetViewController;
    event = ViewDidDisappear;
}
10:02:07.666 WebDriverAgentRunner-Runner[1852:331606] Handling kAXUserTestingNotification
10:02:07.666 WebDriverAgentRunner-Runner[1852:331606] Received kAXUserTestingNotification from AX element pid: 308, elementOrHash.elementID: 0.1: {
    controllerClass = "WidgetRenderer.WidgetSceneContentViewController";
    event = ViewDidDisappear;
}
10:02:07.666 WebDriverAgentRunner-Runner[1852:331606] Handling kAXUserTestingNotification
10:02:07.666 WebDriverAgentRunner-Runner[1852:331606] Received kAXUserTestingNotification from AX element pid: 174, elementOrHash.elementID: 0.1: {
    controllerClass = SBHWidgetStackViewController;
    event = ViewDidDisappear;
}
10:02:07.666 WebDriverAgentRunner-Runner[1852:331606] Handling kAXUserTestingNotification
10:02:07.666 WebDriverAgentRunner-Runner[1852:331606] Received kAXUserTestingNotification from AX element pid: 308, elementOrHash.elementID: 0.1: {
    controllerClass = "WidgetRenderer.SecureHostingController";
    event = ViewDidDisappear;
}
10:02:07.666 WebDriverAgentRunner-Runner[1852:331606] Handling kAXUserTestingNotification
10:02:07.666 WebDriverAgentRunner-Runner[1852:331606] Received kAXUserTestingNotification from AX element pid: 174, elementOrHash.elementID: 0.1: {
    controllerClass = SBHWidgetContainerViewController;
    event = ViewDidDisappear;
}
10:02:07.667 WebDriverAgentRunner-Runner[1852:331606] Handling kAXUserTestingNotification
10:02:07.667 WebDriverAgentRunner-Runner[1852:331606] Received kAXUserTestingNotification from AX element pid: 174, elementOrHash.elementID: 0.1: {
    controllerClass = SBHMultiplexingViewController;
    event = ViewDidDisappear;
}
10:02:07.667 WebDriverAgentRunner-Runner[1852:331606] Handling kAXUserTestingNotification
10:02:07.667 WebDriverAgentRunner-Runner[1852:331606] Received kAXUserTestingNotification from AX element pid: 174, elementOrHash.elementID: 0.1: {
    controllerClass = SBHWidgetViewController;
    event = ViewDidDisappear;
}
10:02:07.667 WebDriverAgentRunner-Runner[1852:331606] Handling kAXUserTestingNotification
10:02:07.667 WebDriverAgentRunner-Runner[1852:331606] Received kAXUserTestingNotification from AX element pid: 308, elementOrHash.elementID: 0.1: {
    controllerClass = "WidgetRenderer.WidgetSceneContentViewController";
    event = ViewDidDisappear;
}
10:02:07.667 WebDriverAgentRunner-Runner[1852:331606] Handling kAXUserTestingNotification
10:02:07.667 WebDriverAgentRunner-Runner[1852:331606] Received kAXUserTestingNotification from AX element pid: 308, elementOrHash.elementID: 0.1: {
    controllerClass = "WidgetRenderer.SecureHostingController";
    event = ViewDidDisappear;
}
10:02:07.667 WebDriverAgentRunner-Runner[1852:331606] Handling kAXUserTestingNotification
10:02:07.668 WebDriverAgentRunner-Runner[1852:331606] Received kAXUserTestingNotification from AX element pid: 308, elementOrHash.elementID: 0.1: {
    controllerClass = "WidgetRenderer.WidgetSceneContentViewController";
    event = ViewDidDisappear;
}
10:02:07.668 WebDriverAgentRunner-Runner[1852:331606] Handling kAXUserTestingNotification
10:02:07.668 WebDriverAgentRunner-Runner[1852:331606] Received kAXUserTestingNotification from AX element pid: 308, elementOrHash.elementID: 0.1: {
    controllerClass = "WidgetRenderer.SecureHostingController";
    event = ViewDidDisappear;
}
10:02:07.668 WebDriverAgentRunner-Runner[1852:331606] Handling kAXUserTestingNotification
10:02:07.668 WebDriverAgentRunner-Runner[1852:331606] Received kAXUserTestingNotification from AX element pid: 308, elementOrHash.elementID: 0.1: {
    controllerClass = "WidgetRenderer.WidgetSceneContentViewController";
    event = ViewDidDisappear;
}
10:02:07.668 WebDriverAgentRunner-Runner[1852:331606] Handling kAXUserTestingNotification
10:02:07.668 WebDriverAgentRunner-Runner[1852:331606] Received kAXUserTestingNotification from AX element pid: 308, elementOrHash.elementID: 0.1: {
    controllerClass = "WidgetRenderer.SecureHostingController";
    event = ViewDidDisappear;
}
10:02:07.668 WebDriverAgentRunner-Runner[1852:331606] Handling kAXUserTestingNotification
10:02:07.668 WebDriverAgentRunner-Runner[1852:331606] Received kAXUserTestingNotification from AX element pid: 308, elementOrHash.elementID: 0.1: {
    controllerClass = "WidgetRenderer.WidgetSceneContentViewController";
    event = ViewDidDisappear;
}
10:02:07.669 WebDriverAgentRunner-Runner[1852:331606] Handling kAXUserTestingNotification
10:02:07.669 WebDriverAgentRunner-Runner[1852:331606] Received kAXUserTestingNotification from AX element pid: 308, elementOrHash.elementID: 0.1: {
    controllerClass = "WidgetRenderer.SecureHostingController";
    event = ViewDidDisappear;
}
10:02:07.669 WebDriverAgentRunner-Runner[1852:331606] Handling kAXUserTestingNotification
10:02:07.669 WebDriverAgentRunner-Runner[1852:331606] Received kAXUserTestingNotification from AX element pid: 174, elementOrHash.elementID: 0.1: {
    controllerClass = SBRootFolderController;
    event = ViewDidDisappear;
}
10:02:07.669 WebDriverAgentRunner-Runner[1852:331606] Handling kAXPidStatusChangedNotification
10:02:07.669 WebDriverAgentRunner-Runner[1852:331606] Got kAXPidStatusChangedNotification for pid 303: active
10:02:08.089 WebDriverAgentRunner-Runner[1852:331606] Handling kAXUserTestingNotification
10:02:08.089 WebDriverAgentRunner-Runner[1852:331606] Received kAXUserTestingNotification from AX element pid: 1823, elementOrHash.elementID: 0.1: {
    controllerClass = BluetoothUIServiceBanner;
    event = ViewDidDisappear;
}
10:02:08.094 WebDriverAgentRunner-Runner[1852:331113] Handling kAXUserTestingNotification
10:02:08.096 WebDriverAgentRunner-Runner[1852:331113] Received kAXUserTestingNotification from AX element pid: 174, elementOrHash.elementID: 0.1: {
    controllerClass = SBBannerSourceListenerHostedPresentableViewController;
    event = ViewDidDisappear;
}
10:02:08.100 WebDriverAgentRunner-Runner[1852:329632] Handling kAXUserTestingNotification
10:02:08.101 WebDriverAgentRunner-Runner[1852:329632] Received kAXUserTestingNotification from AX element pid: 174, elementOrHash.elementID: 0.1: {
    controllerClass = BNContentViewController;
    event = ViewDidDisappear;
}
10:02:08.111 WebDriverAgentRunner-Runner[1852:331606] Handling kAXUserTestingNotification
10:02:08.112 WebDriverAgentRunner-Runner[1852:331606] Received kAXUserTestingNotification from AX element pid: 1823, elementOrHash.elementID: 0.1: {
    controllerClass = SBUIBannerClientContainerViewController;
    event = ViewDidDisappear;
}
10:02:08.450 WebDriverAgentRunner-Runner[1852:331606] Handling kAXUserTestingNotification
10:02:08.450 WebDriverAgentRunner-Runner[1852:331606] Received kAXUserTestingNotification from AX element pid: 174, elementOrHash.elementID: 0.1: {
    event = TouchEventsCompleted;
}
10:02:08.665 WebDriverAgentRunner-Runner[1852:331606] Handling kAXUserTestingNotification
10:02:08.666 WebDriverAgentRunner-Runner[1852:331606] Received kAXUserTestingNotification from AX element pid: 1462, elementOrHash.elementID: 0.1: {
    event = TouchEventsCompleted;
}
10:02:08.667 WebDriverAgentRunner-Runner[1852:329632] Handling kAXUserTestingNotification
10:02:08.668 WebDriverAgentRunner-Runner[1852:329632] Received kAXUserTestingNotification from AX element pid: 1462, elementOrHash.elementID: 0.1: {
    controllerClass = DBSSettingsController;
    controllerTitle = "M\U00e0n h\U00ecnh & \U0110\U1ed9 s\U00e1ng";
    event = ViewDidAppear;
    navigationItemTitle = "M\U00e0n h\U00ecnh & \U0110\U1ed9 s\U00e1ng";
}
10:02:08.669 WebDriverAgentRunner-Runner[1852:329632] Handling kAXUserTestingNotification
10:02:08.669 WebDriverAgentRunner-Runner[1852:329632] Received kAXUserTestingNotification from AX element pid: 1462, elementOrHash.elementID: 0.1: {
    controllerClass = AAUIAppleAccountViewController;
    controllerTitle = "T\U00e0i\U00a0kho\U1ea3n\U00a0Apple";
    event = ViewDidDisappear;
    navigationItemTitle = "T\U00e0i\U00a0kho\U1ea3n\U00a0Apple";
}
10:02:08.670 WebDriverAgentRunner-Runner[1852:329632] Handling kAXUserTestingNotification
10:02:08.672 WebDriverAgentRunner-Runner[1852:329632] Received kAXUserTestingNotification from AX element pid: 1462, elementOrHash.elementID: 0.1: {
    controllerClass = "_TtGC7SwiftUI19UIHostingControllerV14AppleAccountUI22AppleAccountHeaderView_";
    event = ViewDidDisappear;
}
10:02:10.088 WebDriverAgentRunner-Runner[1852:331606] Handling kAXUserTestingNotification
10:02:10.089 WebDriverAgentRunner-Runner[1852:331606] Received kAXUserTestingNotification from AX element pid: 174, elementOrHash.elementID: 0.1: {
    event = TouchEventsCompleted;
}
10:02:10.202 WebDriverAgentRunner-Runner[1852:331606] Handling kAXUserTestingNotification
10:02:10.203 WebDriverAgentRunner-Runner[1852:331606] Received kAXUserTestingNotification from AX element pid: 1462, elementOrHash.elementID: 0.1: {
    event = TouchEventsCompleted;
}
10:02:10.752 WebDriverAgentRunner-Runner[1852:331606] Handling kAXUserTestingNotification
10:02:10.753 WebDriverAgentRunner-Runner[1852:331606] Received kAXUserTestingNotification from AX element pid: 1462, elementOrHash.elementID: 0.1: {
    controllerClass = "_TtGC7SwiftUI32NavigationStackHostingControllerVS_7AnyView_";
    event = ViewDidDisappear;
    navigationItemTitle = "M\U00e0n h\U00ecnh & \U0110\U1ed9 s\U00e1ng";
}
10:02:10.754 WebDriverAgentRunner-Runner[1852:331606] Handling kAXUserTestingNotification
10:02:10.754 WebDriverAgentRunner-Runner[1852:331606] Received kAXUserTestingNotification from AX element pid: 1462, elementOrHash.elementID: 0.1: {
    controllerClass = DBSSettingsController;
    controllerTitle = "M\U00e0n h\U00ecnh & \U0110\U1ed9 s\U00e1ng";
    event = ViewDidDisappear;
    navigationItemTitle = "M\U00e0n h\U00ecnh & \U0110\U1ed9 s\U00e1ng";
}
10:02:10.755 WebDriverAgentRunner-Runner[1852:331606] Handling kAXUserTestingNotification
10:02:10.756 WebDriverAgentRunner-Runner[1852:331606] Received kAXUserTestingNotification from AX element pid: 1462, elementOrHash.elementID: 0.1: {
    controllerClass = "_TtGC7SwiftUI32NavigationStackHostingControllerVS_7AnyView_";
    event = ViewDidAppear;
    navigationItemTitle = "T\U1ef1 \U0111\U1ed9ng kh\U00f3a";
}
10:02:10.757 WebDriverAgentRunner-Runner[1852:331606] Handling kAXUserTestingNotification
10:02:10.757 WebDriverAgentRunner-Runner[1852:331606] Received kAXUserTestingNotification from AX element pid: 1462, elementOrHash.elementID: 0.1: {
    controllerClass = DBSAutoLockViewController;
    controllerTitle = "T\U1ef1 \U0111\U1ed9ng kh\U00f3a";
    event = ViewDidAppear;
    navigationItemTitle = "T\U1ef1 \U0111\U1ed9ng kh\U00f3a";
}
10:02:11.193 WebDriverAgentRunner-Runner[1852:331606] Handling kAXUserTestingNotification
10:02:11.194 WebDriverAgentRunner-Runner[1852:331606] Received kAXUserTestingNotification from AX element pid: 174, elementOrHash.elementID: 0.1: {
    event = TouchEventsCompleted;
}
10:02:11.250 WebDriverAgentRunner-Runner[1852:331113] Handling kAXUserTestingNotification
10:02:11.251 WebDriverAgentRunner-Runner[1852:331113] Received kAXUserTestingNotification from AX element pid: 1462, elementOrHash.elementID: 0.1: {
    event = TouchEventsCompleted;
}
10:02:11.774 WebDriverAgentRunner-Runner[1852:331606] Handling kAXUserTestingNotification
10:02:11.775 WebDriverAgentRunner-Runner[1852:331606] Received kAXUserTestingNotification from AX element pid: 1462, elementOrHash.elementID: 0.1: {
    event = TouchEventsCompleted;
}
10:02:11.804 WebDriverAgentRunner-Runner[1852:329941] Handling kAXUserTestingNotification
10:02:11.805 WebDriverAgentRunner-Runner[1852:329941] Received kAXUserTestingNotification from AX element pid: 174, elementOrHash.elementID: 0.1: {
    controllerClass = SBHWidgetViewController;
    event = ViewDidAppear;
}
10:02:11.806 WebDriverAgentRunner-Runner[1852:329941] Handling kAXUserTestingNotification
10:02:11.807 WebDriverAgentRunner-Runner[1852:329941] Received kAXUserTestingNotification from AX element pid: 174, elementOrHash.elementID: 0.1: {
    controllerClass = SBHWidgetContainerViewController;
    event = ViewDidAppear;
}
10:02:11.807 WebDriverAgentRunner-Runner[1852:329941] Handling kAXUserTestingNotification
10:02:11.808 WebDriverAgentRunner-Runner[1852:329941] Received kAXUserTestingNotification from AX element pid: 174, elementOrHash.elementID: 0.1: {
    controllerClass = SBHMultiplexingViewController;
    event = ViewDidAppear;
}
10:02:11.809 WebDriverAgentRunner-Runner[1852:329941] Handling kAXUserTestingNotification
10:02:11.809 WebDriverAgentRunner-Runner[1852:329941] Received kAXUserTestingNotification from AX element pid: 174, elementOrHash.elementID: 0.1: {
    controllerClass = SBHWidgetStackViewController;
    event = ViewDidAppear;
}
10:02:11.811 WebDriverAgentRunner-Runner[1852:329941] Handling kAXUserTestingNotification
10:02:11.811 WebDriverAgentRunner-Runner[1852:329941] Received kAXUserTestingNotification from AX element pid: 174, elementOrHash.elementID: 0.1: {
    controllerClass = SBHWidgetViewController;
    event = ViewDidAppear;
}
10:02:11.812 WebDriverAgentRunner-Runner[1852:329941] Handling kAXUserTestingNotification
10:02:11.814 WebDriverAgentRunner-Runner[1852:329941] Received kAXUserTestingNotification from AX element pid: 174, elementOrHash.elementID: 0.1: {
    controllerClass = SBHWidgetContainerViewController;
    event = ViewDidAppear;
}
10:02:11.815 WebDriverAgentRunner-Runner[1852:329941] Handling kAXUserTestingNotification
10:02:11.816 WebDriverAgentRunner-Runner[1852:329941] Received kAXUserTestingNotification from AX element pid: 174, elementOrHash.elementID: 0.1: {
    controllerClass = SBHMultiplexingViewController;
    event = ViewDidAppear;
}
10:02:11.818 WebDriverAgentRunner-Runner[1852:329941] Handling kAXUserTestingNotification
10:02:11.819 WebDriverAgentRunner-Runner[1852:329941] Received kAXUserTestingNotification from AX element pid: 174, elementOrHash.elementID: 0.1: {
    controllerClass = SBHWidgetStackViewController;
    event = ViewDidAppear;
}
10:02:11.820 WebDriverAgentRunner-Runner[1852:329941] Handling kAXUserTestingNotification
10:02:11.821 WebDriverAgentRunner-Runner[1852:329941] Received kAXUserTestingNotification from AX element pid: 174, elementOrHash.elementID: 0.1: {
    controllerClass = SBHWidgetViewController;
    event = ViewDidAppear;
}
10:02:11.823 WebDriverAgentRunner-Runner[1852:329941] Handling kAXUserTestingNotification
10:02:11.824 WebDriverAgentRunner-Runner[1852:329941] Received kAXUserTestingNotification from AX element pid: 174, elementOrHash.elementID: 0.1: {
    controllerClass = SBHWidgetContainerViewController;
    event = ViewDidAppear;
}
10:02:11.826 WebDriverAgentRunner-Runner[1852:329941] Handling kAXUserTestingNotification
10:02:11.828 WebDriverAgentRunner-Runner[1852:329941] Received kAXUserTestingNotification from AX element pid: 174, elementOrHash.elementID: 0.1: {
    controllerClass = SBHMultiplexingViewController;
    event = ViewDidAppear;
}
10:02:11.833 WebDriverAgentRunner-Runner[1852:329941] Handling kAXUserTestingNotification
10:02:11.833 WebDriverAgentRunner-Runner[1852:329941] Received kAXUserTestingNotification from AX element pid: 174, elementOrHash.elementID: 0.1: {
    controllerClass = SBHWidgetStackViewController;
    event = ViewDidAppear;
}
10:02:11.833 WebDriverAgentRunner-Runner[1852:329941] Handling kAXUserTestingNotification
10:02:11.833 WebDriverAgentRunner-Runner[1852:329941] Received kAXUserTestingNotification from AX element pid: 174, elementOrHash.elementID: 0.1: {
    controllerClass = SBHWidgetViewController;
    event = ViewDidAppear;
}
10:02:11.833 WebDriverAgentRunner-Runner[1852:329941] Handling kAXUserTestingNotification
10:02:11.833 WebDriverAgentRunner-Runner[1852:329941] Received kAXUserTestingNotification from AX element pid: 174, elementOrHash.elementID: 0.1: {
    controllerClass = SBHWidgetContainerViewController;
    event = ViewDidAppear;
}
10:02:11.833 WebDriverAgentRunner-Runner[1852:329941] Handling kAXUserTestingNotification
10:02:11.834 WebDriverAgentRunner-Runner[1852:329941] Received kAXUserTestingNotification from AX element pid: 174, elementOrHash.elementID: 0.1: {
    controllerClass = SBHMultiplexingViewController;
    event = ViewDidAppear;
}
10:02:11.834 WebDriverAgentRunner-Runner[1852:329941] Handling kAXUserTestingNotification
10:02:11.834 WebDriverAgentRunner-Runner[1852:329941] Received kAXUserTestingNotification from AX element pid: 174, elementOrHash.elementID: 0.1: {
    controllerClass = SBHWidgetStackViewController;
    event = ViewDidAppear;
}
10:02:11.834 WebDriverAgentRunner-Runner[1852:329941] Handling kAXUserTestingNotification
10:02:11.834 WebDriverAgentRunner-Runner[1852:329941] Received kAXUserTestingNotification from AX element pid: 174, elementOrHash.elementID: 0.1: {
    controllerClass = SBHWidgetViewController;
    event = ViewDidAppear;
}
10:02:11.834 WebDriverAgentRunner-Runner[1852:329941] Handling kAXUserTestingNotification
10:02:11.834 WebDriverAgentRunner-Runner[1852:329941] Received kAXUserTestingNotification from AX element pid: 174, elementOrHash.elementID: 0.1: {
    controllerClass = SBHWidgetContainerViewController;
    event = ViewDidAppear;
}
10:02:11.834 WebDriverAgentRunner-Runner[1852:329941] Handling kAXUserTestingNotification
10:02:11.834 WebDriverAgentRunner-Runner[1852:329941] Received kAXUserTestingNotification from AX element pid: 174, elementOrHash.elementID: 0.1: {
    controllerClass = SBHMultiplexingViewController;
    event = ViewDidAppear;
}
10:02:11.835 WebDriverAgentRunner-Runner[1852:329941] Handling kAXUserTestingNotification
10:02:11.835 WebDriverAgentRunner-Runner[1852:329941] Received kAXUserTestingNotification from AX element pid: 174, elementOrHash.elementID: 0.1: {
    controllerClass = SBHWidgetStackViewController;
    event = ViewDidAppear;
}
10:02:11.835 WebDriverAgentRunner-Runner[1852:329941] Handling kAXUserTestingNotification
10:02:11.835 WebDriverAgentRunner-Runner[1852:329941] Received kAXUserTestingNotification from AX element pid: 174, elementOrHash.elementID: 0.1: {
    controllerClass = SBRootFolderController;
    event = ViewDidAppear;
}
10:02:11.835 WebDriverAgentRunner-Runner[1852:329941] Handling kAXPidStatusChangedNotification
10:02:11.835 WebDriverAgentRunner-Runner[1852:329941] Got kAXPidStatusChangedNotification for pid 303: active
10:02:11.835 WebDriverAgentRunner-Runner[1852:329941] Handling kAXPidStatusChangedNotification
10:02:11.835 WebDriverAgentRunner-Runner[1852:329941] Got kAXPidStatusChangedNotification for invalid pid 0, full payload {
    pid = 0;
    pipPid = 1;
}
10:02:11.843 WebDriverAgentRunner-Runner[1852:329941] Handling kAXPidStatusChangedNotification
10:02:11.843 WebDriverAgentRunner-Runner[1852:329941] Got kAXPidStatusChangedNotification for invalid pid 0, full payload {
    pid = 0;
    pipPid = 1;
}
10:02:11.874 WebDriverAgentRunner-Runner[1852:331606] Handling kAXPidStatusChangedNotification
10:02:11.875 WebDriverAgentRunner-Runner[1852:331606] Got kAXPidStatusChangedNotification for invalid pid 0, full payload {
    pid = 0;
    pipPid = 1;
}
10:02:11.876 WebDriverAgentRunner-Runner[1852:331606] Handling kAXPidStatusChangedNotification
10:02:11.876 WebDriverAgentRunner-Runner[1852:331606] Got kAXPidStatusChangedNotification for invalid pid 0, full payload {
    pid = 0;
    pipPid = 1;
}
10:02:11.904 WebDriverAgentRunner-Runner[1852:331606] Handling kAXUserTestingNotification
10:02:11.905 WebDriverAgentRunner-Runner[1852:331606] Received kAXUserTestingNotification from AX element pid: 174, elementOrHash.elementID: 0.1: {
    controllerClass = SBHLibraryIconViewController;
    event = ViewDidAppear;
}
10:02:11.909 WebDriverAgentRunner-Runner[1852:331606] Handling kAXUserTestingNotification
10:02:11.911 WebDriverAgentRunner-Runner[1852:331606] Received kAXUserTestingNotification from AX element pid: 174, elementOrHash.elementID: 0.1: {
    event = TouchEventsCompleted;
}
10:02:11.921 WebDriverAgentRunner-Runner[1852:329941] Handling kAXUserTestingNotification
10:02:11.922 WebDriverAgentRunner-Runner[1852:329941] Received kAXUserTestingNotification from AX element pid: 308, elementOrHash.elementID: 0.1: {
    controllerClass = "WidgetRenderer.WidgetSceneContentViewController";
    event = ViewDidAppear;
}
10:02:11.923 WebDriverAgentRunner-Runner[1852:329941] Handling kAXUserTestingNotification
10:02:11.924 WebDriverAgentRunner-Runner[1852:329941] Received kAXUserTestingNotification from AX element pid: 308, elementOrHash.elementID: 0.1: {
    controllerClass = "WidgetRenderer.SecureHostingController";
    event = ViewDidAppear;
}
10:02:11.928 WebDriverAgentRunner-Runner[1852:329632] Handling kAXUserTestingNotification
10:02:11.929 WebDriverAgentRunner-Runner[1852:329632] Received kAXUserTestingNotification from AX element pid: 308, elementOrHash.elementID: 0.1: {
    controllerClass = "WidgetRenderer.WidgetSceneContentViewController";
    event = ViewDidAppear;
}
10:02:11.930 WebDriverAgentRunner-Runner[1852:329632] Handling kAXUserTestingNotification
10:02:11.931 WebDriverAgentRunner-Runner[1852:329632] Received kAXUserTestingNotification from AX element pid: 308, elementOrHash.elementID: 0.1: {
    controllerClass = "WidgetRenderer.SecureHostingController";
    event = ViewDidAppear;
}
10:02:11.935 WebDriverAgentRunner-Runner[1852:331606] Handling kAXUserTestingNotification
10:02:11.936 WebDriverAgentRunner-Runner[1852:331606] Received kAXUserTestingNotification from AX element pid: 308, elementOrHash.elementID: 0.1: {
    controllerClass = "WidgetRenderer.WidgetSceneContentViewController";
    event = ViewDidAppear;
}
10:02:11.937 WebDriverAgentRunner-Runner[1852:331606] Handling kAXUserTestingNotification
10:02:11.939 WebDriverAgentRunner-Runner[1852:331606] Received kAXUserTestingNotification from AX element pid: 308, elementOrHash.elementID: 0.1: {
    controllerClass = "WidgetRenderer.SecureHostingController";
    event = ViewDidAppear;
}
10:02:11.948 WebDriverAgentRunner-Runner[1852:331606] Handling kAXUserTestingNotification
10:02:11.949 WebDriverAgentRunner-Runner[1852:331606] Received kAXUserTestingNotification from AX element pid: 308, elementOrHash.elementID: 0.1: {
    controllerClass = "WidgetRenderer.WidgetSceneContentViewController";
    event = ViewDidAppear;
}
10:02:11.950 WebDriverAgentRunner-Runner[1852:331606] Handling kAXUserTestingNotification
10:02:11.951 WebDriverAgentRunner-Runner[1852:331606] Received kAXUserTestingNotification from AX element pid: 308, elementOrHash.elementID: 0.1: {
    controllerClass = "WidgetRenderer.SecureHostingController";
    event = ViewDidAppear;
}
10:02:11.953 WebDriverAgentRunner-Runner[1852:329941] Handling kAXUserTestingNotification
10:02:11.954 WebDriverAgentRunner-Runner[1852:329941] Received kAXUserTestingNotification from AX element pid: 308, elementOrHash.elementID: 0.1: {
    controllerClass = "WidgetRenderer.WidgetSceneContentViewController";
    event = ViewDidAppear;
}
10:02:11.956 WebDriverAgentRunner-Runner[1852:329941] Handling kAXUserTestingNotification
10:02:11.958 WebDriverAgentRunner-Runner[1852:329941] Received kAXUserTestingNotification from AX element pid: 308, elementOrHash.elementID: 0.1: {
    controllerClass = "WidgetRenderer.SecureHostingController";
    event = ViewDidAppear;
}
10:02:12.189 WebDriverAgentRunner-Runner[1852:331113] Handling kAXPidStatusChangedNotification
10:02:12.191 WebDriverAgentRunner-Runner[1852:331113] Got kAXPidStatusChangedNotification for pid 1472: active
10:02:12.193 WebDriverAgentRunner-Runner[1852:329941] Handling kAXPidStatusChangedNotification
10:02:12.195 WebDriverAgentRunner-Runner[1852:329941] Got kAXPidStatusChangedNotification for pid 1474: active
10:02:12.201 WebDriverAgentRunner-Runner[1852:331113] Handling kAXPidStatusChangedNotification
10:02:12.210 WebDriverAgentRunner-Runner[1852:331113] Got kAXPidStatusChangedNotification for pid 1475: active
10:02:12.228 WebDriverAgentRunner-Runner[1852:329941] Handling kAXPidStatusChangedNotification
10:02:12.231 WebDriverAgentRunner-Runner[1852:329941] Got kAXPidStatusChangedNotification for pid 1477: active
10:02:12.245 WebDriverAgentRunner-Runner[1852:329941] Handling kAXPidStatusChangedNotification
10:02:12.246 WebDriverAgentRunner-Runner[1852:329941] Got kAXPidStatusChangedNotification for pid 1547: active
10:02:12.253 WebDriverAgentRunner-Runner[1852:329941] Handling kAXPidStatusChangedNotification
10:02:12.254 WebDriverAgentRunner-Runner[1852:329941] Got kAXPidStatusChangedNotification for pid 1564: active
10:02:12.278 WebDriverAgentRunner-Runner[1852:331606] Handling kAXPidStatusChangedNotification
10:02:12.280 WebDriverAgentRunner-Runner[1852:331606] Got kAXPidStatusChangedNotification for pid 1578: active
10:02:12.376 WebDriverAgentRunner-Runner[1852:329941] Handling kAXPidStatusChangedNotification
10:02:12.376 WebDriverAgentRunner-Runner[1852:329941] Got kAXPidStatusChangedNotification for pid 1494: active
10:02:12.383 WebDriverAgentRunner-Runner[1852:331113] Handling kAXPidStatusChangedNotification
10:02:12.385 WebDriverAgentRunner-Runner[1852:331113] Got kAXPidStatusChangedNotification for pid 1530: active
10:02:12.396 WebDriverAgentRunner-Runner[1852:329941] Handling kAXPidStatusChangedNotification
10:02:12.398 WebDriverAgentRunner-Runner[1852:329941] Got kAXPidStatusChangedNotification for pid 1581: active
10:02:12.406 WebDriverAgentRunner-Runner[1852:331606] Handling kAXPidStatusChangedNotification
10:02:12.407 WebDriverAgentRunner-Runner[1852:331606] Got kAXPidStatusChangedNotification for pid 1583: active
10:02:12.408 WebDriverAgentRunner-Runner[1852:331606] Handling kAXPidStatusChangedNotification
10:02:12.409 WebDriverAgentRunner-Runner[1852:331606] Got kAXPidStatusChangedNotification for pid 1599: active
10:02:12.434 WebDriverAgentRunner-Runner[1852:331606] Handling kAXPidStatusChangedNotification
10:02:12.434 WebDriverAgentRunner-Runner[1852:331606] Got kAXPidStatusChangedNotification for pid 1557: active
10:02:12.435 WebDriverAgentRunner-Runner[1852:331606] Handling kAXPidStatusChangedNotification
10:02:12.436 WebDriverAgentRunner-Runner[1852:331606] Got kAXPidStatusChangedNotification for pid 1845: active
10:02:12.438 WebDriverAgentRunner-Runner[1852:331606] Handling kAXPidStatusChangedNotification
10:02:12.439 WebDriverAgentRunner-Runner[1852:331606] Got kAXPidStatusChangedNotification for pid 1522: active
10:02:12.462 WebDriverAgentRunner-Runner[1852:331606] Handling kAXPidStatusChangedNotification
10:02:12.464 WebDriverAgentRunner-Runner[1852:331606] Got kAXPidStatusChangedNotification for pid 1697: active
10:02:12.466 WebDriverAgentRunner-Runner[1852:329941] Handling kAXPidStatusChangedNotification
10:02:12.467 WebDriverAgentRunner-Runner[1852:329941] Got kAXPidStatusChangedNotification for pid 1573: active
10:02:12.492 WebDriverAgentRunner-Runner[1852:329632] Handling kAXPidStatusChangedNotification
10:02:12.494 WebDriverAgentRunner-Runner[1852:329632] Got kAXPidStatusChangedNotification for pid 629: active
10:02:12.495 WebDriverAgentRunner-Runner[1852:329632] Handling kAXPidStatusChangedNotification
10:02:12.496 WebDriverAgentRunner-Runner[1852:329632] Got kAXPidStatusChangedNotification for pid 1715: active
10:02:12.497 WebDriverAgentRunner-Runner[1852:329632] Handling kAXPidStatusChangedNotification
10:02:12.498 WebDriverAgentRunner-Runner[1852:329632] Got kAXPidStatusChangedNotification for pid 1825: active
10:02:12.506 WebDriverAgentRunner-Runner[1852:329941] Handling kAXPidStatusChangedNotification
10:02:12.506 WebDriverAgentRunner-Runner[1852:329941] Got kAXPidStatusChangedNotification for pid 1575: active
10:02:12.511 WebDriverAgentRunner-Runner[1852:331606] Handling kAXPidStatusChangedNotification
10:02:12.512 WebDriverAgentRunner-Runner[1852:331606] Got kAXPidStatusChangedNotification for pid 1594: active
10:02:12.527 WebDriverAgentRunner-Runner[1852:331606] Handling kAXPidStatusChangedNotification
10:02:12.528 WebDriverAgentRunner-Runner[1852:331606] Got kAXPidStatusChangedNotification for pid 1535: active
10:02:12.529 WebDriverAgentRunner-Runner[1852:331606] Handling kAXPidStatusChangedNotification
10:02:12.530 WebDriverAgentRunner-Runner[1852:331606] Got kAXPidStatusChangedNotification for pid 1676: active
10:02:12.536 WebDriverAgentRunner-Runner[1852:329941] Handling kAXPidStatusChangedNotification
10:02:12.537 WebDriverAgentRunner-Runner[1852:329941] Got kAXPidStatusChangedNotification for pid 1833: active
10:02:12.538 WebDriverAgentRunner-Runner[1852:329941] Handling kAXPidStatusChangedNotification
10:02:12.539 WebDriverAgentRunner-Runner[1852:329941] Got kAXPidStatusChangedNotification for pid 1540: active
10:02:12.557 WebDriverAgentRunner-Runner[1852:331606] Handling kAXPidStatusChangedNotification
10:02:12.558 WebDriverAgentRunner-Runner[1852:331606] Got kAXPidStatusChangedNotification for pid 1574: active
10:02:12.559 WebDriverAgentRunner-Runner[1852:331606] Handling kAXPidStatusChangedNotification
10:02:12.560 WebDriverAgentRunner-Runner[1852:331606] Got kAXPidStatusChangedNotification for pid 1508: active
10:02:12.561 WebDriverAgentRunner-Runner[1852:331606] Handling kAXPidStatusChangedNotification
10:02:12.563 WebDriverAgentRunner-Runner[1852:331606] Got kAXPidStatusChangedNotification for pid 1528: active
10:02:12.564 WebDriverAgentRunner-Runner[1852:331606] Handling kAXPidStatusChangedNotification
10:02:12.565 WebDriverAgentRunner-Runner[1852:331606] Got kAXPidStatusChangedNotification for pid 1582: active
10:02:12.566 WebDriverAgentRunner-Runner[1852:331606] Handling kAXPidStatusChangedNotification
10:02:12.567 WebDriverAgentRunner-Runner[1852:331606] Got kAXPidStatusChangedNotification for pid 1536: active
10:02:12.574 WebDriverAgentRunner-Runner[1852:331606] Handling kAXPidStatusChangedNotification
10:02:12.575 WebDriverAgentRunner-Runner[1852:331606] Got kAXPidStatusChangedNotification for pid 1502: active
10:02:12.597 WebDriverAgentRunner-Runner[1852:331606] Handling kAXPidStatusChangedNotification
10:02:12.598 WebDriverAgentRunner-Runner[1852:331606] Got kAXPidStatusChangedNotification for pid 1783: active
10:02:13.133 WebDriverAgentRunner-Runner[1852:331606] Handling kAXPidStatusChangedNotification
10:02:13.135 WebDriverAgentRunner-Runner[1852:331606] Got kAXPidStatusChangedNotification for invalid pid 0, full payload {
    pid = 0;
    pipPid = 1;
}
10:02:13.167 WebDriverAgentRunner-Runner[1852:331607] Handling kAXPidStatusChangedNotification
10:02:13.168 WebDriverAgentRunner-Runner[1852:331607] Got kAXPidStatusChangedNotification for invalid pid 0, full payload {
    pid = 0;
    pipPid = 1;
}
10:02:13.221 WebDriverAgentRunner-Runner[1852:331607] Handling kAXUserTestingNotification
10:02:13.221 WebDriverAgentRunner-Runner[1852:331607] Received kAXUserTestingNotification from AX element pid: 174, elementOrHash.elementID: 0.1: {
    controllerClass = SBMedusaDecoratedDeviceApplicationSceneViewController;
    event = ViewDidDisappear;
}
10:02:13.222 WebDriverAgentRunner-Runner[1852:331607] Handling kAXUserTestingNotification
10:02:13.223 WebDriverAgentRunner-Runner[1852:331607] Received kAXUserTestingNotification from AX element pid: 174, elementOrHash.elementID: 0.1: {
    controllerClass = SBTopAffordanceViewController;
    event = ViewDidDisappear;
}
10:02:13.224 WebDriverAgentRunner-Runner[1852:331607] Handling kAXUserTestingNotification
10:02:13.226 WebDriverAgentRunner-Runner[1852:331607] Received kAXUserTestingNotification from AX element pid: 174, elementOrHash.elementID: 0.1: {
    controllerClass = SWKWindowControlsViewController;
    event = ViewDidDisappear;
}
10:02:13.228 WebDriverAgentRunner-Runner[1852:331607] Handling kAXUserTestingNotification
10:02:13.230 WebDriverAgentRunner-Runner[1852:331607] Received kAXUserTestingNotification from AX element pid: 174, elementOrHash.elementID: 0.1: {
    controllerClass = SBSwitcherViewController;
    event = ViewDidDisappear;
}
10:02:13.232 WebDriverAgentRunner-Runner[1852:331607] Handling kAXUserTestingNotification
10:02:13.233 WebDriverAgentRunner-Runner[1852:331607] Received kAXUserTestingNotification from AX element pid: 174, elementOrHash.elementID: 0.1: {
    controllerClass = SBGridSwitcherViewController;
    event = ViewDidDisappear;
}
10:02:13.236 WebDriverAgentRunner-Runner[1852:331607] Handling kAXUserTestingNotification
10:02:13.236 WebDriverAgentRunner-Runner[1852:331607] Received kAXUserTestingNotification from AX element pid: 174, elementOrHash.elementID: 0.1: {
    controllerClass = SBDeviceApplicationSceneViewController;
    event = ViewDidDisappear;
}
10:02:13.291 WebDriverAgentRunner-Runner[1852:329613] No application process found matching pid 1462, caching
10:02:13.292 WebDriverAgentRunner-Runner[1852:329613] No application process found matching pid 274, caching
10:02:13.293 WebDriverAgentRunner-Runner[1852:329613] No application process found matching pid 303, caching
10:02:13.298 WebDriverAgentRunner-Runner[1852:329613] No application process found matching pid 303, caching
10:02:13.300 WebDriverAgentRunner-Runner[1852:329613] No application process found matching pid 1472, caching
10:02:13.302 WebDriverAgentRunner-Runner[1852:329613] No application process found matching pid 1474, caching
10:02:13.309 WebDriverAgentRunner-Runner[1852:329613] No application process found matching pid 1475, caching
10:02:13.309 WebDriverAgentRunner-Runner[1852:329613] No application process found matching pid 1477, caching
10:02:13.309 WebDriverAgentRunner-Runner[1852:329613] No application process found matching pid 1547, caching
10:02:13.310 WebDriverAgentRunner-Runner[1852:329613] No application process found matching pid 1564, caching
10:02:13.311 WebDriverAgentRunner-Runner[1852:329613] No application process found matching pid 1578, caching
10:02:13.312 WebDriverAgentRunner-Runner[1852:329613] No application process found matching pid 1494, caching
10:02:13.312 WebDriverAgentRunner-Runner[1852:329613] No application process found matching pid 1530, caching
10:02:13.314 WebDriverAgentRunner-Runner[1852:329613] No application process found matching pid 1581, caching
10:02:13.314 WebDriverAgentRunner-Runner[1852:329613] No application process found matching pid 1583, caching
10:02:13.318 WebDriverAgentRunner-Runner[1852:329613] No application process found matching pid 1599, caching
10:02:13.318 WebDriverAgentRunner-Runner[1852:329613] No application process found matching pid 1557, caching
10:02:13.318 WebDriverAgentRunner-Runner[1852:329613] No application process found matching pid 1845, caching
10:02:13.320 WebDriverAgentRunner-Runner[1852:329613] No application process found matching pid 1522, caching
10:02:13.321 WebDriverAgentRunner-Runner[1852:329613] No application process found matching pid 1697, caching
10:02:13.326 WebDriverAgentRunner-Runner[1852:329613] No application process found matching pid 1573, caching
10:02:13.328 WebDriverAgentRunner-Runner[1852:329613] No application process found matching pid 629, caching
10:02:13.329 WebDriverAgentRunner-Runner[1852:329613] No application process found matching pid 1715, caching
10:02:13.329 WebDriverAgentRunner-Runner[1852:329613] No application process found matching pid 1825, caching
10:02:13.329 WebDriverAgentRunner-Runner[1852:329613] No application process found matching pid 1575, caching
10:02:13.329 WebDriverAgentRunner-Runner[1852:329613] No application process found matching pid 1594, caching
10:02:13.330 WebDriverAgentRunner-Runner[1852:329613] No application process found matching pid 1535, caching
10:02:13.331 WebDriverAgentRunner-Runner[1852:329613] No application process found matching pid 1676, caching
10:02:13.332 WebDriverAgentRunner-Runner[1852:329613] No application process found matching pid 1833, caching
10:02:13.333 WebDriverAgentRunner-Runner[1852:329613] No application process found matching pid 1540, caching
10:02:13.333 WebDriverAgentRunner-Runner[1852:329613] No application process found matching pid 1574, caching
10:02:13.334 WebDriverAgentRunner-Runner[1852:329613] No application process found matching pid 1508, caching
10:02:13.336 WebDriverAgentRunner-Runner[1852:329613] No application process found matching pid 1528, caching
10:02:13.351 WebDriverAgentRunner-Runner[1852:329613] No application process found matching pid 1582, caching
10:02:13.353 WebDriverAgentRunner-Runner[1852:329613] No application process found matching pid 1536, caching
10:02:13.353 WebDriverAgentRunner-Runner[1852:329613] No application process found matching pid 1502, caching
10:02:13.353 WebDriverAgentRunner-Runner[1852:329613] No application process found matching pid 1783, caching
10:02:13.613 WebDriverAgentRunner-Runner[1852:331607] Handling AXNotification 3031
10:02:14.191 WebDriverAgentRunner-Runner[1852:329941] Handling kAXPidStatusChangedNotification
10:02:14.192 WebDriverAgentRunner-Runner[1852:329941] Got kAXPidStatusChangedNotification for pid 1462: active
10:02:14.856 WebDriverAgentRunner-Runner[1852:329613] No application process found matching pid 1462, caching
10:02:23.601 WebDriverAgentRunner-Runner[1852:329613] Creating future for 'fetching attributes 'XC_kAXXCAttributeSystemAppApplication' for Device system-wide element' with timeout 65.00
10:02:23.606 WebDriverAgentRunner-Runner[1852:329613] <XCTWaiter: 0x1157648d0> entering wait loop for 65.00s with expectations: `fetching attributes 'XC_kAXXCAttributeSystemAppApplication' for Device system-wide element`
10:02:23.614 WebDriverAgentRunner-Runner[1852:331966] Got attribute fetch response with values {
    "XC_kAXXCAttributeSystemAppApplication" = "AX element pid: 174, elementOrHash.elementID: 0.1";
}, error: (null)
10:02:23.615 WebDriverAgentRunner-Runner[1852:329613] Returning result XCTWaiterResultCompleted for synchronous waiter <XCTWaiter: 0x1157648d0>
10:02:23.616 WebDriverAgentRunner-Runner[1852:329613] Wait <XCTWaiterWait: 0x1143ed200> completed after 0.010s
10:02:23.616 WebDriverAgentRunner-Runner[1852:329613] cleaning up fetching attributes 'XC_kAXXCAttributeSystemAppApplication' for Device system-wide element
10:02:23.617 WebDriverAgentRunner-Runner[1852:329613] Error (com.apple.dt.xctest.ui-testing.error) 10100, userInfo keys: (null): Unknown application: 'com.apple.springboard'
10:02:23.617 WebDriverAgentRunner-Runner[1852:329613] Error (com.apple.dt.xctest.ui-testing.error) 10100, userInfo keys: (null): Unknown application: 'com.apple.springboard'
10:02:23.618 WebDriverAgentRunner-Runner[1852:329613] updating com.apple.springboard crashBehavior to 1
10:02:23.619 WebDriverAgentRunner-Runner[1852:329613] KVO change: checked status of Expect value of 'isApplicationStateKnown' of Application 'com.apple.springboard' to be '1': fulfill=YES
10:02:23.620 WebDriverAgentRunner-Runner[1852:329613] <XCTWaiter: 0x1157649c0> entering wait loop for 60.00s with expectations: `Expect value of 'isApplicationStateKnown' of Application 'com.apple.springboard' to be '1'`
10:02:23.621 WebDriverAgentRunner-Runner[1852:329613] Returning result XCTWaiterResultCompleted for synchronous waiter <XCTWaiter: 0x1157649c0>
10:02:23.621 WebDriverAgentRunner-Runner[1852:329613] Wait <XCTWaiterWait: 0x1143ed1c0> completed after 0.001s
10:02:23.622 WebDriverAgentRunner-Runner[1852:329613] cleaning up Expect value of 'isApplicationStateKnown' of Application 'com.apple.springboard' to be '1'
10:02:23.622 WebDriverAgentRunner-Runner[1852:329613] cleaning up Expect value of 'isApplicationStateKnown' of Application 'com.apple.springboard' to be '1'
    t =   123.02s Get all elements bound by index for: Descendants matching type StatusBar
10:02:23.640 WebDriverAgentRunner-Runner[1852:329613] <XCTContext: 0x1141895e0> started activity <XCActivityRecord: 0x114d717a0> 2026-07-20 03:02:23 +0000: Get all elements bound by index for: Descendants matching type StatusBar
10:02:23.643 WebDriverAgentRunner-Runner[1852:329613] Creating future for 'getting screen identifiers' with timeout 30.00
10:02:23.644 WebDriverAgentRunner-Runner[1852:329613] <XCTWaiter: 0x1157652f0> entering wait loop for 30.00s with expectations: `getting screen identifiers`
10:02:23.645 WebDriverAgentRunner-Runner[1852:329613] Returning result XCTWaiterResultCompleted for synchronous waiter <XCTWaiter: 0x1157652f0>
10:02:23.645 WebDriverAgentRunner-Runner[1852:329613] Wait <XCTWaiterWait: 0x1143ecf80> completed after 0.001s
10:02:23.645 WebDriverAgentRunner-Runner[1852:329613] cleaning up getting screen identifiers
10:02:23.646 WebDriverAgentRunner-Runner[1852:329613] Executing query:
↪︎ Descendants matching type StatusBar
10:02:23.647 WebDriverAgentRunner-Runner[1852:329613] Creating future for 'getting unsupported bundle IDs for automation sessions' with timeout 30.00
10:02:23.647 WebDriverAgentRunner-Runner[1852:329613] Requesting unsupported bundle IDs for automation sessions
10:02:23.648 WebDriverAgentRunner-Runner[1852:329613] <XCTWaiter: 0x115765710> entering wait loop for 30.00s with expectations: `getting unsupported bundle IDs for automation sessions`
10:02:23.648 WebDriverAgentRunner-Runner[1852:329613] Returning result XCTWaiterResultCompleted for synchronous waiter <XCTWaiter: 0x115765710>
10:02:23.648 WebDriverAgentRunner-Runner[1852:329613] Wait <XCTWaiterWait: 0x1143ecd80> completed after 0.001s
10:02:23.649 WebDriverAgentRunner-Runner[1852:329613] cleaning up getting unsupported bundle IDs for automation sessions
10:02:23.649 WebDriverAgentRunner-Runner[1852:329613] Creating future for 'requesting automation session for com.apple.springboard (pid:174)' with timeout 60.00
10:02:23.649 WebDriverAgentRunner-Runner[1852:329613] Requesting automation session for pid 174, automation framework path: /System/Developer/Library/PrivateFrameworks/XCTAutomationSupport.framework
10:02:23.649 WebDriverAgentRunner-Runner[1852:329613] <XCTWaiter: 0x115765ad0> entering wait loop for 60.00s with expectations: `requesting automation session for com.apple.springboard (pid:174)`
10:02:23.654 WebDriverAgentRunner-Runner[1852:331607] Got endpoint for automation session with pid 174
10:02:23.655 WebDriverAgentRunner-Runner[1852:331607] Exchanging capabilities for automation session connection to pid 174
10:02:23.658 WebDriverAgentRunner-Runner[1852:331966] Got remote interface capabilities for automation session connection to pid 174: <XCTCapabilities: 0x1141d88e0>: {
    "accept remote connection capability" = 1;
    "containing transformer capability" = 1;
    "disclosed child rows transformer capability" = 2;
    "element sorting transformer capability" = 1;
    "evaluate query capability" = 1;
    "fetch element attributes capability" = 2;
    "indexing transformer capability" = 4;
    "main thread checker runtime issues" = 1;
    "malloc stack logging" = 1;
    "notify animations idle capability" = 1;
    "notify main run loop idle capability" = 1;
    "query runtime issue reporting" = 1;
    "query runtime issue reporting/automation type mismatch" = 1;
    "system provides kAXXCAttributeBannerIsStickyAttribute" = 1;
}
10:02:23.659 WebDriverAgentRunner-Runner[1852:329613] Returning result XCTWaiterResultCompleted for synchronous waiter <XCTWaiter: 0x115765ad0>
10:02:23.659 WebDriverAgentRunner-Runner[1852:329613] Wait <XCTWaiterWait: 0x1143ecc00> completed after 0.010s
10:02:23.659 WebDriverAgentRunner-Runner[1852:329613] cleaning up requesting automation session for com.apple.springboard (pid:174)
10:02:23.659 WebDriverAgentRunner-Runner[1852:329613] Creating future for 'checking for continuity enablement' with timeout 30.00
10:02:23.659 WebDriverAgentRunner-Runner[1852:329613] <XCTWaiter: 0x115766400> entering wait loop for 30.00s with expectations: `checking for continuity enablement`
10:02:23.669 WebDriverAgentRunner-Runner[1852:329613] Returning result XCTWaiterResultCompleted for synchronous waiter <XCTWaiter: 0x115766400>
10:02:23.669 WebDriverAgentRunner-Runner[1852:329613] Wait <XCTWaiterWait: 0x1143eca00> completed after 0.010s
10:02:23.670 WebDriverAgentRunner-Runner[1852:329613] cleaning up checking for continuity enablement
10:02:23.672 WebDriverAgentRunner-Runner[1852:329613] Should evaluate query remotely? XCTDisableRemoteQueryEvaluation(d-write): YES, hasAutomationSession: YES, supportsRemoteEvaluation: YES
10:02:23.672 WebDriverAgentRunner-Runner[1852:329613] Getting matching snapshots for locally evaluated query
10:02:23.672 WebDriverAgentRunner-Runner[1852:329613] Evaluating query:
 ↪︎ Descendants matching type StatusBar
10:02:23.672 WebDriverAgentRunner-Runner[1852:329613] Getting root element snapshot
10:02:23.672 WebDriverAgentRunner-Runner[1852:329613] Getting snapshot for App element pid: 174 for query ↪︎ Descendants matching type StatusBar
10:02:23.673 WebDriverAgentRunner-Runner[1852:329613] <XCTContext: 0x1141895e0> started activity <XCActivityRecord: 0x114d718f0> 2026-07-20 03:02:23 +0000: Requesting snapshot of accessibility hierarchy for app with pid 174
10:02:23.673 WebDriverAgentRunner-Runner[1852:329613] Query requires iOS snapshot attributes XC_kAXXCAttributeElementType, XC_kAXXCAttributeElementBaseType, XC_kAXXCAttributeAutomationType, XC_kAXXCAttributeTraits.
10:02:23.673 WebDriverAgentRunner-Runner[1852:329613] XCUIElementQuery <XCTElementSnapshotProvider> getting snapshot
    t =   123.06s     Requesting snapshot of accessibility hierarchy for app with pid 174
10:02:23.673 WebDriverAgentRunner-Runner[1852:329613] Snapshot request has custom attributes XC_kAXXCAttributeElementType, XC_kAXXCAttributeElementBaseType, XC_kAXXCAttributeAutomationType, XC_kAXXCAttributeTraits
10:02:23.673 WebDriverAgentRunner-Runner[1852:329613] Snapshot request has custom parameters {
    snapshotKeyHonorModalViews = 0;
}
10:02:23.675 WebDriverAgentRunner-Runner[1852:329613] Current snapshot generation is 0
10:02:23.675 WebDriverAgentRunner-Runner[1852:329613] Capturing a new snapshot
10:02:23.675 WebDriverAgentRunner-Runner[1852:329613] Fetching snapshot for App element pid: 174 from testmanagerd with attributes XC_kAXXCAttributeElementType, XC_kAXXCAttributeElementBaseType, XC_kAXXCAttributeParent, XC_kAXXCAttributeIdentifier, XC_kAXXCAttributeAutomationType, XC_kAXXCAttributeTraits and parameters {
    maxArrayCount = 2147483647;
    maxChildren = 2147483647;
    maxDepth = 50;
    snapshotKeyHonorModalViews = 0;
    traverseFromParentsToChildren = 1;
}.
10:02:23.675 WebDriverAgentRunner-Runner[1852:329613] Creating future for 'fetching snapshot from testmanagerd.' with timeout 65.00
10:02:23.676 WebDriverAgentRunner-Runner[1852:329613] <XCTWaiter: 0x115766d30> entering wait loop for 65.00s with expectations: `fetching snapshot from testmanagerd.`
10:02:24.051 WebDriverAgentRunner-Runner[1852:329632] Got snapshot response with runtime issue support from testmanagerd.
10:02:24.051 WebDriverAgentRunner-Runner[1852:329613] Returning result XCTWaiterResultCompleted for synchronous waiter <XCTWaiter: 0x115766d30>
10:02:24.051 WebDriverAgentRunner-Runner[1852:329613] Wait <XCTWaiterWait: 0x1143ec5c0> completed after 0.376s
10:02:24.051 WebDriverAgentRunner-Runner[1852:329613] cleaning up fetching snapshot from testmanagerd.
10:02:24.052 WebDriverAgentRunner-Runner[1852:329613] <XCTContext: 0x1141895e0> finished activity <XCActivityRecord: 0x114d718f0> 2026-07-20 03:02:23 +0000: Requesting snapshot of accessibility hierarchy for app with pid 174 (0.379173s)
10:02:24.052 WebDriverAgentRunner-Runner[1852:329613] XCTPerformOnMainRunLoop[MT]: already on MT; performing block without run loop dispatch - timeouts will not be enforced.
10:02:24.052 WebDriverAgentRunner-Runner[1852:329613] XCTElementQuery: set data source for rootElementSnapshot to (null)
10:02:24.052 WebDriverAgentRunner-Runner[1852:329613] Finding all matches with input Application, pid: 174 using transformers 
↪︎ Descendants matching type StatusBar
10:02:24.053 WebDriverAgentRunner-Runner[1852:329613] <XCTContext: 0x1141895e0> started activity <XCActivityRecord: 0x114d718f0> 2026-07-20 03:02:24 +0000: Find: Descendants matching type StatusBar
    t =   123.44s     Find: Descendants matching type StatusBar
10:02:24.059 WebDriverAgentRunner-Runner[1852:329613] <XCTContext: 0x1141895e0> finished activity <XCActivityRecord: 0x114d718f0> 2026-07-20 03:02:24 +0000: Find: Descendants matching type StatusBar (0.00607002s)
10:02:24.059 WebDriverAgentRunner-Runner[1852:329613] [Match All] applied transformer `Descendants matching type StatusBar` to input {(
    Application, pid: 174
)}, found {(
    StatusBar
)}
10:02:24.059 WebDriverAgentRunner-Runner[1852:329613] [Match All] setting out related elements {(
)}
10:02:24.066 WebDriverAgentRunner-Runner[1852:329613] Current tree:
Application, 0x115788500, pid: 174 <App element pid: 174>
  Window, 0x115788640 <AX element pid: 174, elementOrHash.elementID: 36032084992.10>
    Other, 0x115788780 <AX element pid: 174, elementOrHash.elementID: 35948119808.19>
      Other, 0x1157888c0 <AX element pid: 174, elementOrHash.elementID: 35948120256.30>
        Image, 0x115788a00 <AX element pid: 174, elementOrHash.elementID: 36036531200.42>
        Image, 0x115788b40 <AX element pid: 174, elementOrHash.elementID: 36036531712.43>
      Other, 0x115788c80 <AX element pid: 174, elementOrHash.elementID: 35948119360.31>
        Other, 0x115788dc0 <AX element pid: 174, elementOrHash.elementID: 35948131904.44>
          Other, 0x115788f00 <AX element pid: 174, elementOrHash.elementID: 35941697024.53>
            Other, 0x115789040 <AX element pid: 174, elementOrHash.elementID: 35948131456.62>
              Other, 0x115789180 <AX element pid: 174, elementOrHash.elementID: 35948131008.97>
            Icon, 0x1157892c0 <AX element pid: 174, elementOrHash.elementID: 36035587328.63>
              Icon, 0x115789400 <AX element pid: 174, elementOrHash.elementID: 35905400832.2824>
                Other, 0x115789540 <AX element pid: 174, elementOrHash.elementID: 35889811840.2825>
                  Other, 0x115789680 <AX element pid: 174, elementOrHash.elementID: 35889812288.2826>
                    Other, 0x1157897c0 <AX element pid: 174, elementOrHash.elementID: 35887739136.2969>
                      Other, 0x115789900 <AX element pid: 174, elementOrHash.elementID: 35887732416.2978>
                        ScrollView, 0x115789a40 <AX element pid: 174, elementOrHash.elementID: 35954400768.2995>
                          Other, 0x115789b80 <AX element pid: 174, elementOrHash.elementID: 35887344256.3000>
                            Other, 0x115789cc0 <AX element pid: 174, elementOrHash.elementID: 35957572928.3010>
                            Other, 0x115789e00 <AX element pid: 174, elementOrHash.elementID: 35957574720.3011>
                              Other, 0x115789f40 <AX element pid: 174, elementOrHash.elementID: 35887795712.1508>
                                Other, 0x11578a080 <AX element pid: 174, elementOrHash.elementID: 35887803776.1513>
                                  Other, 0x11578a1c0 <AX element pid: 174, elementOrHash.elementID: 35910135168.1524>
                                    Other, 0x11578a300 <AX element pid: 174, elementOrHash.elementID: 35890609024.1535>
                                Other, 0x11578a440 <AX element pid: 174, elementOrHash.elementID: 36052129280.1514>
                                  Other, 0x11578a580 <AX element pid: 174, elementOrHash.elementID: 35887799296.1525>
                                    Other, 0x11578a6c0 <AX element pid: 174, elementOrHash.elementID: 36052130816.1536>
                                      Other, 0x11578a800 <AX element pid: 174, elementOrHash.elementID: 8177705805140893231.9999>
                                        Other, 0x11578a940 <AX element pid: 308, elementOrHash.elementID: 53445094336.735>
                                          Other, 0x11578aa80 <AX element pid: 308, elementOrHash.elementID: 53445085376.736>
                                            Other, 0x11578abc0 <AX element pid: 308, elementOrHash.elementID: 53436624256.738>
                                              Other, 0x11578ad00 <AX element pid: 308, elementOrHash.elementID: 53438646016.739>
                                                Other, 0x11578ae40 <AX element pid: 308, elementOrHash.elementID: 53445094784.740>
                                                  Other, 0x11578af80 <AX element pid: 308, elementOrHash.elementID: 53445095680.741>
                                                    Image, 0x11578b0c0 <AX element pid: 308, elementOrHash.elementID: 53445097920.742>
                                                    Image, 0x11578b200 <AX element pid: 308, elementOrHash.elementID: 53445097024.743>
                                                    Other, 0x11578b340 <AX element pid: 308, elementOrHash.elementID: 53445093888.744>
                                          Other, 0x11578b480 <AX element pid: 308, elementOrHash.elementID: 53428073984.737>
                                Other, 0x11578b5c0 <AX element pid: 174, elementOrHash.elementID: 35887802432.1515>
                                  Other, 0x11578b700 <AX element pid: 174, elementOrHash.elementID: 35910127104.1526>
                                    Other, 0x11578b840 <AX element pid: 174, elementOrHash.elementID: 35890600512.1537>
                          Other, 0x11578b980 <AX element pid: 174, elementOrHash.elementID: 36057364480.3001>
                            Other, 0x11578bac0 <AX element pid: 174, elementOrHash.elementID: 35921970944.3012>
                          Other, 0x11578bc00 <AX element pid: 174, elementOrHash.elementID: 36057364480.3001>
                            Other, 0x11578bd40 <AX element pid: 174, elementOrHash.elementID: 35921970944.3012>
              Icon, 0x11578be80 <AX element pid: 174, elementOrHash.elementID: 35943731712.121>
                Other, 0x1140d2e40 <AX element pid: 174, elementOrHash.elementID: 35943610816.163>
                  Other, 0x1157f0000 <AX element pid: 174, elementOrHash.elementID: 35903859200.207>
                    Other, 0x1157f0140 <AX element pid: 174, elementOrHash.elementID: 35892755328.2970>
                      Other, 0x1157f0280 <AX element pid: 174, elementOrHash.elementID: 35892743680.2979>
                        ScrollView, 0x1157f03c0 <AX element pid: 174, elementOrHash.elementID: 35954405888.2996>
                          Other, 0x1157f0500 <AX element pid: 174, elementOrHash.elementID: 35909329664.3002>
                            Other, 0x1157f0640 <AX element pid: 174, elementOrHash.elementID: 35957584128.3013>
                              Other, 0x1157f0780 <AX element pid: 174, elementOrHash.elementID: 35911023936.1509>
                                Other, 0x1157f08c0 <AX element pid: 174, elementOrHash.elementID: 36052134912.1516>
                                  Other, 0x1157f0a00 <AX element pid: 174, elementOrHash.elementID: 35892667136.1527>
                                    Other, 0x1157f0b40 <AX element pid: 174, elementOrHash.elementID: 36052124160.1538>
                                      Other, 0x1157f0c80 <AX element pid: 174, elementOrHash.elementID: 13543915967597595297.9999>
                                        Other, 0x1157f0dc0 <AX element pid: 308, elementOrHash.elementID: 53438654976.745>
                                          Other, 0x1157f0f00 <AX element pid: 308, elementOrHash.elementID: 53438656768.746>
                                            Other, 0x1157f1040 <AX element pid: 308, elementOrHash.elementID: 53436626048.748>
                                              Other, 0x1157f1180 <AX element pid: 308, elementOrHash.elementID: 53438648256.749>
                                                Other, 0x1157f12c0 <AX element pid: 308, elementOrHash.elementID: 53445098368.750>
                                                Other, 0x1157f1400 <AX element pid: 308, elementOrHash.elementID: 53445091648.751>
                                                  Other, 0x1157f1540 <AX element pid: 308, elementOrHash.elementID: 53438646464.752>
                                                    Button, 0x1157f1680 <AX element pid: 308, elementOrHash.elementID: 53438654528.754>
                                                      Image, 0x1157f17c0 <AX element pid: 308, elementOrHash.elementID: 53438659904.756>
                                                      StaticText, 0x1157f1900 <AX element pid: 308, elementOrHash.elementID: 53438647360.757>
                                                  Other, 0x1157f1a40 <AX element pid: 308, elementOrHash.elementID: 53438649600.753>
                                                    Button, 0x1157f1b80 <AX element pid: 308, elementOrHash.elementID: 53438647808.755>
                                                      StaticText, 0x1157f1cc0 <AX element pid: 308, elementOrHash.elementID: 53438653632.758>
                                                      StaticText, 0x1157f1e00 <AX element pid: 308, elementOrHash.elementID: 53438657216.759>
                                                      StaticText, 0x1157f1f40 <AX element pid: 308, elementOrHash.elementID: 53438657664.760>
                                          Other, 0x1157f2080 <AX element pid: 308, elementOrHash.elementID: 53425754624.747>
                                Other, 0x1157f21c0 <AX element pid: 174, elementOrHash.elementID: 35892703040.1517>
                                  Other, 0x1157f2300 <AX element pid: 174, elementOrHash.elementID: 35906805632.1528>
                                    Other, 0x1157f2440 <AX element pid: 174, elementOrHash.elementID: 35890599616.1539>
                          Other, 0x1157f2580 <AX element pid: 174, elementOrHash.elementID: 36057352704.3003>
                            Other, 0x1157f26c0 <AX element pid: 174, elementOrHash.elementID: 35887741376.3014>
                          Other, 0x1157f2800 <AX element pid: 174, elementOrHash.elementID: 36057352704.3003>
                            Other, 0x1157f2940 <AX element pid: 174, elementOrHash.elementID: 35887741376.3014>
              Icon, 0x1157f2a80 <AX element pid: 174, elementOrHash.elementID: 35943697408.130>
                Other, 0x1157f2bc0 <AX element pid: 174, elementOrHash.elementID: 35943605888.172>
                  Other, 0x1157f2d00 <AX element pid: 174, elementOrHash.elementID: 35921982144.225>
                    Other, 0x1157f2e40 <AX element pid: 174, elementOrHash.elementID: 35889820352.2971>
                      Other, 0x1157f2f80 <AX element pid: 174, elementOrHash.elementID: 35889818560.2980>
                        ScrollView, 0x1157f30c0 <AX element pid: 174, elementOrHash.elementID: 35952341504.2997>
                          Other, 0x1157f3200 <AX element pid: 174, elementOrHash.elementID: 35949552384.3004>
                            Other, 0x1157f3340 <AX element pid: 174, elementOrHash.elementID: 35957576960.3015>
                              Other, 0x1157f3480 <AX element pid: 174, elementOrHash.elementID: 35910753728.1510>
                                Other, 0x1157f35c0 <AX element pid: 174, elementOrHash.elementID: 36056066560.1518>
                                  Other, 0x1157f3700 <AX element pid: 174, elementOrHash.elementID: 35892723008.1529>
                                    Other, 0x1157f3840 <AX element pid: 174, elementOrHash.elementID: 36056063488.1540>
                                      Other, 0x1157f3980 <AX element pid: 174, elementOrHash.elementID: 2952537582149975182.9999>
                                        Other, 0x1157f3ac0 <AX element pid: 308, elementOrHash.elementID: 53438650048.761>
                                          Other, 0x1157f3c00 <AX element pid: 308, elementOrHash.elementID: 53438652288.762>
                                            Other, 0x1157f3d40 <AX element pid: 308, elementOrHash.elementID: 53436619776.764>
                                              Other, 0x1157f3e80 <AX element pid: 308, elementOrHash.elementID: 53449602624.765>
                                                Other, 0x1157f4000 <AX element pid: 308, elementOrHash.elementID: 53445092544.766>
                                                  Image, 0x1157f4140 <AX element pid: 308, elementOrHash.elementID: 53449594560.767>
                                          Other, 0x1157f4280 <AX element pid: 308, elementOrHash.elementID: 53425752064.763>
                                Other, 0x1157f43c0 <AX element pid: 174, elementOrHash.elementID: 35892716736.1519>
                                  Other, 0x1157f4500 <AX element pid: 174, elementOrHash.elementID: 35906807424.1530>
                                    Other, 0x1157f4640 <AX element pid: 174, elementOrHash.elementID: 35890600064.1541>
                          Other, 0x1157f4780 <AX element pid: 174, elementOrHash.elementID: 36046873088.3005>
                            Other, 0x1157f48c0 <AX element pid: 174, elementOrHash.elementID: 35905686144.3016>
                          Other, 0x1157f4a00 <AX element pid: 174, elementOrHash.elementID: 36046873088.3005>
                            Other, 0x1157f4b40 <AX element pid: 174, elementOrHash.elementID: 35905686144.3016>
              Icon, 0x1157f4c80 <AX element pid: 174, elementOrHash.elementID: 35905497600.1378>
                Other, 0x1157f4dc0 <AX element pid: 174, elementOrHash.elementID: 35889615680.1394>
                  Other, 0x1157f4f00 <AX element pid: 174, elementOrHash.elementID: 35889616128.1417>
                    Other, 0x1157f5040 <AX element pid: 174, elementOrHash.elementID: 35887703232.2972>
                      Other, 0x1157f5180 <AX element pid: 174, elementOrHash.elementID: 35887705920.2981>
                        ScrollView, 0x1157f52c0 <AX element pid: 174, elementOrHash.elementID: 35952328704.2998>
                          Other, 0x1157f5400 <AX element pid: 174, elementOrHash.elementID: 35887333376.3006>
                            Other, 0x1157f5540 <AX element pid: 174, elementOrHash.elementID: 35957583680.3017>
                              Other, 0x1157f5680 <AX element pid: 174, elementOrHash.elementID: 35910755072.1511>
                                Other, 0x1157f57c0 <AX element pid: 174, elementOrHash.elementID: 36045241344.1520>
                                  Other, 0x1157f5900 <AX element pid: 174, elementOrHash.elementID: 35910757312.1531>
                                    Other, 0x1157f5a40 <AX element pid: 174, elementOrHash.elementID: 36044394496.1542>
                                      Other, 0x1157f5b80 <AX element pid: 174, elementOrHash.elementID: 13688983028095814368.9999>
                                        Other, 0x1157f5cc0 <AX element pid: 308, elementOrHash.elementID: 53438658112.768>
                                          Other, 0x1157f5e00 <AX element pid: 308, elementOrHash.elementID: 53438649152.769>
                                            Other, 0x1157f5f40 <AX element pid: 308, elementOrHash.elementID: 53436612608.771>
                                              Other, 0x1157f6080 <AX element pid: 308, elementOrHash.elementID: 53448910912.772>
                                                Other, 0x1157f61c0 <AX element pid: 308, elementOrHash.elementID: 53445096576.773>
                                                Other, 0x1157f6300 <AX element pid: 308, elementOrHash.elementID: 53445098816.774>
                                                  Other, 0x1157f6440 <AX element pid: 308, elementOrHash.elementID: 53449593216.775>
                                                    StaticText, 0x1157f6580 <AX element pid: 308, elementOrHash.elementID: 53449592320.778>
                                                    StaticText, 0x1157f66c0 <AX element pid: 308, elementOrHash.elementID: 53449596800.779>
                                                    StaticText, 0x1157f6800 <AX element pid: 308, elementOrHash.elementID: 53449600384.780>
                                                  StaticText, 0x1157f6940 <AX element pid: 308, elementOrHash.elementID: 53449598144.776>
                                                  Other, 0x1157f6a80 <AX element pid: 308, elementOrHash.elementID: 53449590080.777>
                                                    Button, 0x1157f6bc0, Selected <AX element pid: 308, elementOrHash.elementID: 53449597696.781>
                                                      StaticText, 0x1157f6d00 <AX element pid: 308, elementOrHash.elementID: 53449604416.782>
                                                      StaticText, 0x1157f6e40 <AX element pid: 308, elementOrHash.elementID: 53449603968.783>
                                                      StaticText, 0x1157f6f80 <AX element pid: 308, elementOrHash.elementID: 53449597248.784>
                                                      StaticText, 0x1157f70c0 <AX element pid: 308, elementOrHash.elementID: 53449594112.785>
                                                      StaticText, 0x1157f7200 <AX element pid: 308, elementOrHash.elementID: 53449603520.786>
                                                      StaticText, 0x1157f7340 <AX element pid: 308, elementOrHash.elementID: 53449598592.787>
                                                      StaticText, 0x1157f7480 <AX element pid: 308, elementOrHash.elementID: 53449589632.788>
                                                      StaticText, 0x1157f75c0 <AX element pid: 308, elementOrHash.elementID: 53447825984.789>
                                                      Button, 0x1157f7700 <AX element pid: 308, elementOrHash.elementID: 53447824192.790>
                                                      Button, 0x1157f7840 <AX element pid: 308, elementOrHash.elementID: 53447832256.791>
                                                      Button, 0x1157f7980 <AX element pid: 308, elementOrHash.elementID: 53447830464.792>
                                                      Button, 0x1157f7ac0 <AX element pid: 308, elementOrHash.elementID: 53447822400.793>
                                                      Button, 0x1157f7c00 <AX element pid: 308, elementOrHash.elementID: 53447826432.794>
                                                      Button, 0x1157f7d40 <AX element pid: 308, elementOrHash.elementID: 53447829568.795>
                                                      Button, 0x1157f7e80 <AX element pid: 308, elementOrHash.elementID: 53447829120.796>
                                                      Button, 0x1157fc000 <AX element pid: 308, elementOrHash.elementID: 53447823744.797>
                                                      Button, 0x1157fc140 <AX element pid: 308, elementOrHash.elementID: 53447831808.798>
                                                      Button, 0x1157fc280 <AX element pid: 308, elementOrHash.elementID: 53447833600.799>
                                                      Button, 0x1157fc3c0 <AX element pid: 308, elementOrHash.elementID: 53447819264.800>
                                                      Button, 0x1157fc500 <AX element pid: 308, elementOrHash.elementID: 53447821056.801>
                                                      Button, 0x1157fc640 <AX element pid: 308, elementOrHash.elementID: 53447828224.802>
                                                      Button, 0x1157fc780 <AX element pid: 308, elementOrHash.elementID: 53447830016.803>
                                                      Button, 0x1157fc8c0 <AX element pid: 308, elementOrHash.elementID: 53447827776.804>
                                                      Button, 0x1157fca00 <AX element pid: 308, elementOrHash.elementID: 53447819712.805>
                                                      Button, 0x1157fcb40 <AX element pid: 308, elementOrHash.elementID: 53447820160.806>
                                                      Button, 0x1157fcc80 <AX element pid: 308, elementOrHash.elementID: 53447822848.807>
                                                      Button, 0x1157fcdc0 <AX element pid: 308, elementOrHash.elementID: 53447830912.808>
                                                      Button, 0x1157fcf00, Selected <AX element pid: 308, elementOrHash.elementID: 53447832704.809>
                                                      Button, 0x1157fd040 <AX element pid: 308, elementOrHash.elementID: 53447828672.810>
                                                      Button, 0x1157fd180 <AX element pid: 308, elementOrHash.elementID: 53447833152.811>
                                                      Button, 0x1157fd2c0 <AX element pid: 308, elementOrHash.elementID: 53447820608.812>
                                                      Button, 0x1157fd400 <AX element pid: 308, elementOrHash.elementID: 53447823296.813>
                                                      Button, 0x1157fd540 <AX element pid: 308, elementOrHash.elementID: 53447825088.814>
                                                      Button, 0x1157fd680 <AX element pid: 308, elementOrHash.elementID: 53447824640.815>
                                                      Button, 0x1157fd7c0 <AX element pid: 308, elementOrHash.elementID: 53447821504.816>
                                                      Button, 0x1157fd900 <AX element pid: 308, elementOrHash.elementID: 53447827328.817>
                                                      Button, 0x1157fda40 <AX element pid: 308, elementOrHash.elementID: 53447826880.818>
                                                      Button, 0x1157fdb80 <AX element pid: 308, elementOrHash.elementID: 53447834048.819>
                                                      Button, 0x1157fdcc0 <AX element pid: 308, elementOrHash.elementID: 53447831360.820>
                                          Other, 0x1157fde00 <AX element pid: 308, elementOrHash.elementID: 53425760256.770>
                                Other, 0x1157fdf40 <AX element pid: 174, elementOrHash.elementID: 35911008704.1521>
                                  Other, 0x1157fe080 <AX element pid: 174, elementOrHash.elementID: 35911289472.1532>
                                    Other, 0x1157fe1c0 <AX element pid: 174, elementOrHash.elementID: 35890603200.1543>
                          Other, 0x1157fe300 <AX element pid: 174, elementOrHash.elementID: 36057350144.3007>
                            Other, 0x1157fe440 <AX element pid: 174, elementOrHash.elementID: 35892753088.3018>
                          Other, 0x1157fe580 <AX element pid: 174, elementOrHash.elementID: 36057350144.3007>
                            Other, 0x1157fe6c0 <AX element pid: 174, elementOrHash.elementID: 35892753088.3018>
              Icon, 0x1157fe800 <AX element pid: 174, elementOrHash.elementID: 35943698944.1370>
                Other, 0x1157fe940 <AX element pid: 174, elementOrHash.elementID: 35943606336.1386>
                  Other, 0x1157fea80 <AX element pid: 174, elementOrHash.elementID: 35887733312.1401>
                    Other, 0x1157febc0 <AX element pid: 174, elementOrHash.elementID: 35905684352.2973>
                      Other, 0x1157fed00 <AX element pid: 174, elementOrHash.elementID: 35910462848.2982>
                        ScrollView, 0x1157fee40 <AX element pid: 174, elementOrHash.elementID: 35952333824.2999>
                          Other, 0x1157fef80 <AX element pid: 174, elementOrHash.elementID: 35923123712.3008>
                            Other, 0x1157ff0c0 <AX element pid: 174, elementOrHash.elementID: 35957586368.3019>
                              Other, 0x1157ff200 <AX element pid: 174, elementOrHash.elementID: 35911011840.1512>
                                Other, 0x1157ff340 <AX element pid: 174, elementOrHash.elementID: 36044395520.1522>
                                  Other, 0x1157ff480 <AX element pid: 174, elementOrHash.elementID: 35911012736.1533>
                                    Other, 0x1157ff5c0 <AX element pid: 174, elementOrHash.elementID: 36043826176.1544>
                                      Other, 0x1157ff700 <AX element pid: 174, elementOrHash.elementID: 5658468804979518825.9999>
                                        Other, 0x1157ff840 <AX element pid: 308, elementOrHash.elementID: 53438652736.821>
                                          Other, 0x1157ff980 <AX element pid: 308, elementOrHash.elementID: 53438654080.822>
                                            Other, 0x1157ffac0 <AX element pid: 308, elementOrHash.elementID: 53436614400.824>
                                              Other, 0x1157ffc00 <AX element pid: 308, elementOrHash.elementID: 53452304640.825>
                                                Other, 0x1157ffd40 <AX element pid: 308, elementOrHash.elementID: 53445092096.826>
                                                Other, 0x1157ffe80 <AX element pid: 308, elementOrHash.elementID: 53445097472.827>
                                                  StaticText, 0x115810000 <AX element pid: 308, elementOrHash.elementID: 53448915840.828>
                                                    StaticText, 0x115810140 <AX element pid: 308, elementOrHash.elementID: 53448912704.831>
                                                    StaticText, 0x115810280 <AX element pid: 308, elementOrHash.elementID: 53448903744.832>
                                                    Image, 0x1158103c0 <AX element pid: 308, elementOrHash.elementID: 53448909568.833>
                                                    StaticText, 0x115810500 <AX element pid: 308, elementOrHash.elementID: 53448910016.834>
                                                    StaticText, 0x115810640 <AX element pid: 308, elementOrHash.elementID: 53448901056.835>
                                                  Other, 0x115810780 <AX element pid: 308, elementOrHash.elementID: 53448905536.829>
                                                    Other, 0x1158108c0 <AX element pid: 308, elementOrHash.elementID: 53448916288.836>
                                                      StaticText, 0x115810a00 <AX element pid: 308, elementOrHash.elementID: 53448908672.847>
                                                      Image, 0x115810b40 <AX element pid: 308, elementOrHash.elementID: 53448905984.848>
                                                      StaticText, 0x115810c80 <AX element pid: 308, elementOrHash.elementID: 53448913152.849>
                                                    Other, 0x115810dc0 <AX element pid: 308, elementOrHash.elementID: 53448907776.837>
                                                      StaticText, 0x115810f00 <AX element pid: 308, elementOrHash.elementID: 53448904192.850>
                                                      Image, 0x115811040 <AX element pid: 308, elementOrHash.elementID: 53448901504.851>
                                                      StaticText, 0x115811180 <AX element pid: 308, elementOrHash.elementID: 53448904640.852>
                                                    Other, 0x1158112c0 <AX element pid: 308, elementOrHash.elementID: 53448906432.838>
                                                      StaticText, 0x115811400 <AX element pid: 308, elementOrHash.elementID: 53448907328.853>
                                                      Image, 0x115811540 <AX element pid: 308, elementOrHash.elementID: 53448909120.854>
                                                      StaticText, 0x115811680 <AX element pid: 308, elementOrHash.elementID: 53448902400.855>
                                                    Other, 0x1158117c0 <AX element pid: 308, elementOrHash.elementID: 53448912256.839>
                                                      StaticText, 0x115811900 <AX element pid: 308, elementOrHash.elementID: 53448902848.856>
                                                      Image, 0x115811a40 <AX element pid: 308, elementOrHash.elementID: 53448905088.857>
                                                      StaticText, 0x115811b80 <AX element pid: 308, elementOrHash.elementID: 53448908224.858>
                                                    Other, 0x115811cc0 <AX element pid: 308, elementOrHash.elementID: 53448906880.840>
                                                      StaticText, 0x115811e00 <AX element pid: 308, elementOrHash.elementID: 53448910464.859>
                                                      Image, 0x115811f40 <AX element pid: 308, elementOrHash.elementID: 53448911808.860>
                                                      StaticText, 0x115812080 <AX element pid: 308, elementOrHash.elementID: 53448914496.861>
                                                    Other, 0x1158121c0 <AX element pid: 308, elementOrHash.elementID: 53448913600.841>
                                                      StaticText, 0x115812300 <AX element pid: 308, elementOrHash.elementID: 53448914048.862>
                                                      Image, 0x115812440 <AX element pid: 308, elementOrHash.elementID: 53448914944.863>
                                                      StaticText, 0x115812580 <AX element pid: 308, elementOrHash.elementID: 53448901952.864>
                                                  Other, 0x1158126c0 <AX element pid: 308, elementOrHash.elementID: 53448915392.830>
                                                    Other, 0x115812800 <AX element pid: 308, elementOrHash.elementID: 53448911360.842>
                                                      StaticText, 0x115812940 <AX element pid: 308, elementOrHash.elementID: 53448903296.865>
                                                      Image, 0x115812a80 <AX element pid: 308, elementOrHash.elementID: 53452292096.866>
                                                      StaticText, 0x115812bc0 <AX element pid: 308, elementOrHash.elementID: 53452292544.867>
                                                      Other, 0x115812d00 <AX element pid: 308, elementOrHash.elementID: 53452292992.868>
                                                      StaticText, 0x115812e40 <AX element pid: 308, elementOrHash.elementID: 53452293440.869>
                                                    Other, 0x115812f80 <AX element pid: 308, elementOrHash.elementID: 53452293888.843>
                                                      StaticText, 0x1158130c0 <AX element pid: 308, elementOrHash.elementID: 53452294336.870>
                                                      Image, 0x115813200 <AX element pid: 308, elementOrHash.elementID: 53452294784.871>
                                                      StaticText, 0x115813340 <AX element pid: 308, elementOrHash.elementID: 53452295232.872>
                                                      Other, 0x115813480 <AX element pid: 308, elementOrHash.elementID: 53452295680.873>
                                                      StaticText, 0x1158135c0 <AX element pid: 308, elementOrHash.elementID: 53452296128.874>
                                                    Other, 0x115813700 <AX element pid: 308, elementOrHash.elementID: 53452296576.844>
                                                      StaticText, 0x115813840 <AX element pid: 308, elementOrHash.elementID: 53452297024.875>
                                                      Image, 0x115813980 <AX element pid: 308, elementOrHash.elementID: 53452297472.876>
                                                      StaticText, 0x115813ac0 <AX element pid: 308, elementOrHash.elementID: 53452297920.877>
                                                      Other, 0x115813c00 <AX element pid: 308, elementOrHash.elementID: 53452298368.878>
                                                      StaticText, 0x115813d40 <AX element pid: 308, elementOrHash.elementID: 53452298816.879>
                                                    Other, 0x115813e80 <AX element pid: 308, elementOrHash.elementID: 53452299264.845>
                                                      StaticText, 0x115814000 <AX element pid: 308, elementOrHash.elementID: 53452299712.880>
                                                      Image, 0x115814140 <AX element pid: 308, elementOrHash.elementID: 53452300160.881>
                                                      StaticText, 0x115814280 <AX element pid: 308, elementOrHash.elementID: 53452300608.882>
                                                      Other, 0x1158143c0 <AX element pid: 308, elementOrHash.elementID: 53452301056.883>
                                                      StaticText, 0x115814500 <AX element pid: 308, elementOrHash.elementID: 53452301504.884>
                                                    Other, 0x115814640 <AX element pid: 308, elementOrHash.elementID: 53452301952.846>
                                                      StaticText, 0x115814780 <AX element pid: 308, elementOrHash.elementID: 53452302400.885>
                                                      Image, 0x1158148c0 <AX element pid: 308, elementOrHash.elementID: 53452302848.886>
                                                      StaticText, 0x115814a00 <AX element pid: 308, elementOrHash.elementID: 53452303296.887>
                                                      Other, 0x115814b40 <AX element pid: 308, elementOrHash.elementID: 53452303744.888>
                                                      StaticText, 0x115814c80 <AX element pid: 308, elementOrHash.elementID: 53452304192.889>
                                          Other, 0x115814dc0 <AX element pid: 308, elementOrHash.elementID: 53425759232.823>
                                Other, 0x115814f00 <AX element pid: 174, elementOrHash.elementID: 35911016320.1523>
                                  Other, 0x115815040 <AX element pid: 174, elementOrHash.elementID: 35911290368.1534>
                                    Other, 0x115815180 <AX element pid: 174, elementOrHash.elementID: 35890596480.1545>
                          Other, 0x1158152c0 <AX element pid: 174, elementOrHash.elementID: 36055542272.3009>
                            Other, 0x115815400 <AX element pid: 174, elementOrHash.elementID: 35954368384.3020>
                          Other, 0x115815540 <AX element pid: 174, elementOrHash.elementID: 36055542272.3009>
                            Other, 0x115815680 <AX element pid: 174, elementOrHash.elementID: 35954368384.3020>
              Icon, 0x1158157c0 <AX element pid: 174, elementOrHash.elementID: 35943730176.142>
                Other, 0x115815900 <AX element pid: 174, elementOrHash.elementID: 35943610368.184>
                  Other, 0x115815a40 <AX element pid: 174, elementOrHash.elementID: 35910748352.249>
                    Other, 0x115815b80 <AX element pid: 174, elementOrHash.elementID: 35887487872.2829>
                      Other, 0x115815cc0 <AX element pid: 174, elementOrHash.elementID: 35887488512.2983>
                  Other, 0x115815e00 <AX element pid: 174, elementOrHash.elementID: 35903651840.250>
                    Other, 0x115815f40 <AX element pid: 174, elementOrHash.elementID: 35910760000.318>
                      Image, 0x115816080 <AX element pid: 174, elementOrHash.elementID: 36046519808.413>
                      Image, 0x1158161c0 <AX element pid: 174, elementOrHash.elementID: 36046519296.414>
              Icon, 0x115816300 <AX element pid: 174, elementOrHash.elementID: 35943681024.139>
                Other, 0x115816440 <AX element pid: 174, elementOrHash.elementID: 35943601408.181>
                  Other, 0x115816580 <AX element pid: 174, elementOrHash.elementID: 35903861888.243>
                    Other, 0x1158166c0 <AX element pid: 174, elementOrHash.elementID: 35889723136.1443>
                      Other, 0x115816800 <AX element pid: 174, elementOrHash.elementID: 35887484672.2984>
                  Other, 0x115816940 <AX element pid: 174, elementOrHash.elementID: 35904824704.244>
                    Other, 0x115816a80 <AX element pid: 174, elementOrHash.elementID: 35903863680.312>
                      Image, 0x115816bc0 <AX element pid: 174, elementOrHash.elementID: 36044148736.404>
                      Image, 0x115816d00 <AX element pid: 174, elementOrHash.elementID: 36044146176.405>
              Icon, 0x115816e40 <AX element pid: 174, elementOrHash.elementID: 35905496064.1369>
                Other, 0x115816f80 <AX element pid: 174, elementOrHash.elementID: 35889614336.1384>
                  Other, 0x1158170c0 <AX element pid: 174, elementOrHash.elementID: 35889614784.1399>
                    Other, 0x115817200 <AX element pid: 174, elementOrHash.elementID: 35876097792.2974>
                      Other, 0x115817340 <AX element pid: 174, elementOrHash.elementID: 35887482112.2985>
                  Other, 0x115817480 <AX element pid: 174, elementOrHash.elementID: 35889722496.1738>
                    Other, 0x1158175c0 <AX element pid: 174, elementOrHash.elementID: 35889615232.1748>
                      Image, 0x115817700 <AX element pid: 174, elementOrHash.elementID: 36055474688.1766>
                      Image, 0x115817840 <AX element pid: 174, elementOrHash.elementID: 36055474176.1767>
              Icon, 0x115817980 <AX element pid: 174, elementOrHash.elementID: 35904845312.1558>
                Other, 0x115817ac0 <AX element pid: 174, elementOrHash.elementID: 35889592320.1577>
                  Other, 0x115817c00 <AX element pid: 174, elementOrHash.elementID: 35889592768.1609>
                    Other, 0x115817d40 <AX element pid: 174, elementOrHash.elementID: 35887331072.2786>
                      Other, 0x115817e80 <AX element pid: 174, elementOrHash.elementID: 35887483392.2986>
                  Other, 0x11581c000 <AX element pid: 174, elementOrHash.elementID: 35888235776.1610>
                    Other, 0x11581c140 <AX element pid: 174, elementOrHash.elementID: 35889591424.1648>
                      Image, 0x11581c280 <AX element pid: 174, elementOrHash.elementID: 36053847040.1708>
                      Image, 0x11581c3c0 <AX element pid: 174, elementOrHash.elementID: 36053845504.1709>
              Icon, 0x11581c500 <AX element pid: 174, elementOrHash.elementID: 35943585792.1553>
                Other, 0x11581c640 <AX element pid: 174, elementOrHash.elementID: 35943597824.1572>
                  Other, 0x11581c780 <AX element pid: 174, elementOrHash.elementID: 35921981248.1599>
                    Other, 0x11581c8c0 <AX element pid: 174, elementOrHash.elementID: 35941857664.292>
                      Other, 0x11581ca00 <AX element pid: 174, elementOrHash.elementID: 35903660800.2987>
                  Other, 0x11581cb40 <AX element pid: 174, elementOrHash.elementID: 35922149376.1600>
                    Other, 0x11581cc80 <AX element pid: 174, elementOrHash.elementID: 35921981696.1639>
                      Image, 0x11581cdc0 <AX element pid: 174, elementOrHash.elementID: 36039293440.1693>
                      Image, 0x11581cf00 <AX element pid: 174, elementOrHash.elementID: 36039292928.1694>
              Icon, 0x11581d040 <AX element pid: 174, elementOrHash.elementID: 35943682560.131>
                Other, 0x11581d180 <AX element pid: 174, elementOrHash.elementID: 35943601856.173>
                  Other, 0x11581d2c0 <AX element pid: 174, elementOrHash.elementID: 35921978560.227>
                    Other, 0x11581d400 <AX element pid: 174, elementOrHash.elementID: 35875790976.2975>
                      Other, 0x11581d540 <AX element pid: 174, elementOrHash.elementID: 35909321984.2988>
                  Other, 0x11581d680 <AX element pid: 174, elementOrHash.elementID: 35921997696.228>
                    Other, 0x11581d7c0 <AX element pid: 174, elementOrHash.elementID: 35921979008.295>
                      Image, 0x11581d900 <AX element pid: 174, elementOrHash.elementID: 36039285760.379>
                      Image, 0x11581da40 <AX element pid: 174, elementOrHash.elementID: 36039285248.380>
              Icon, 0x11581db80 <AX element pid: 174, elementOrHash.elementID: 35943584256.128>
                Other, 0x11581dcc0 <AX element pid: 174, elementOrHash.elementID: 35943597376.170>
                  Other, 0x11581de00 <AX element pid: 174, elementOrHash.elementID: 35903857856.221>
                    Other, 0x11581df40 <AX element pid: 174, elementOrHash.elementID: 35943798400.306>
                      Other, 0x11581e080 <AX element pid: 174, elementOrHash.elementID: 35887347456.2989>
                  Other, 0x11581e1c0 <AX element pid: 174, elementOrHash.elementID: 35949556224.222>
                    Other, 0x11581e300 <AX element pid: 174, elementOrHash.elementID: 35903857408.289>
                      Image, 0x11581e440 <AX element pid: 174, elementOrHash.elementID: 36039485440.370>
                      Image, 0x11581e580 <AX element pid: 174, elementOrHash.elementID: 36039485952.371>
              Icon, 0x11581e6c0 <AX element pid: 174, elementOrHash.elementID: 35905397760.1375>
                Other, 0x11581e800 <AX element pid: 174, elementOrHash.elementID: 35889808256.1391>
                  Other, 0x11581e940 <AX element pid: 174, elementOrHash.elementID: 35889808704.1411>
                    Other, 0x11581ea80 <AX element pid: 174, elementOrHash.elementID: 35888232832.1428>
                      Other, 0x11581ebc0 <AX element pid: 174, elementOrHash.elementID: 35887491072.2990>
                  Other, 0x11581ed00 <AX element pid: 174, elementOrHash.elementID: 35889824384.1412>
                    Other, 0x11581ee40 <AX element pid: 174, elementOrHash.elementID: 35889809152.1437>
                      Image, 0x11581ef80 <AX element pid: 174, elementOrHash.elementID: 36055536640.1469>
                      Image, 0x11581f0c0 <AX element pid: 174, elementOrHash.elementID: 36055536128.1470>
              Icon, 0x11581f200 <AX element pid: 174, elementOrHash.elementID: 35904831488.1559>
                Other, 0x11581f340 <AX element pid: 174, elementOrHash.elementID: 35922777792.1578>
                  Other, 0x11581f480 <AX element pid: 174, elementOrHash.elementID: 35922772864.1611>
                    Other, 0x11581f5c0 <AX element pid: 174, elementOrHash.elementID: 35887348096.1427>
                      Other, 0x11581f700 <AX element pid: 174, elementOrHash.elementID: 35889825664.2991>
                  Other, 0x11581f840 <AX element pid: 174, elementOrHash.elementID: 35888229632.1612>
                    Other, 0x11581f980 <AX element pid: 174, elementOrHash.elementID: 35922782720.1651>
                      Image, 0x11581fac0 <AX element pid: 174, elementOrHash.elementID: 36055022080.1712>
                      Image, 0x11581fc00 <AX element pid: 174, elementOrHash.elementID: 36055017472.1713>
              Icon, 0x11581fd40 <AX element pid: 174, elementOrHash.elementID: 35905399296.1374>
                Other, 0x11581fe80 <AX element pid: 174, elementOrHash.elementID: 35889810496.1390>
                  Other, 0x115828000 <AX element pid: 174, elementOrHash.elementID: 35889810944.1409>
                    Other, 0x115828140 <AX element pid: 174, elementOrHash.elementID: 35887346816.2976>
                      Other, 0x115828280 <AX element pid: 174, elementOrHash.elementID: 35909320704.2992>
                  Other, 0x1158283c0 <AX element pid: 174, elementOrHash.elementID: 35889826944.1410>
                    Other, 0x115828500 <AX element pid: 174, elementOrHash.elementID: 35889811392.1435>
                      Image, 0x115828640 <AX element pid: 174, elementOrHash.elementID: 36055538688.1466>
                      Image, 0x115828780 <AX element pid: 174, elementOrHash.elementID: 36055538176.1467>
              Icon, 0x1158288c0 <AX element pid: 174, elementOrHash.elementID: 35908016128.1373>
                Other, 0x115828a00 <AX element pid: 174, elementOrHash.elementID: 35910462400.1389>
                  Other, 0x115828b40 <AX element pid: 174, elementOrHash.elementID: 35910459712.1407>
                    Other, 0x115828c80 <AX element pid: 174, elementOrHash.elementID: 35903663360.302>
                      Other, 0x115828dc0 <AX element pid: 174, elementOrHash.elementID: 35887342336.2993>
                    Other, 0x115828f00 <AX element pid: 174, elementOrHash.elementID: 35922157696.1650>
                      Other, 0x115829040 <AX element pid: 174, elementOrHash.elementID: 35922184384.1711>
                        Image, 0x115829180 <AX element pid: 174, elementOrHash.elementID: 36050305536.1726>
                  Other, 0x1158292c0 <AX element pid: 174, elementOrHash.elementID: 35888207488.1408>
                    Other, 0x115829400 <AX element pid: 174, elementOrHash.elementID: 35887805568.1433>
                      Image, 0x115829540 <AX element pid: 174, elementOrHash.elementID: 36053785600.1462>
                      Image, 0x115829680 <AX element pid: 174, elementOrHash.elementID: 36053794304.1463>
              Icon, 0x1158297c0 <AX element pid: 174, elementOrHash.elementID: 35943582720.1371>
                Other, 0x115829900 <AX element pid: 174, elementOrHash.elementID: 35943596928.1387>
                  Other, 0x115829a40 <AX element pid: 174, elementOrHash.elementID: 35892718080.1403>
                    Other, 0x115829b80 <AX element pid: 174, elementOrHash.elementID: 35876106752.2785>
                      Other, 0x115829cc0 <AX element pid: 174, elementOrHash.elementID: 35887494272.2994>
                  Other, 0x115829e00 <AX element pid: 174, elementOrHash.elementID: 35888225152.1404>
                    Other, 0x115829f40 <AX element pid: 174, elementOrHash.elementID: 35887799744.1429>
                      Image, 0x11582a080 <AX element pid: 174, elementOrHash.elementID: 36055009280.1455>
                      Image, 0x11582a1c0 <AX element pid: 174, elementOrHash.elementID: 36055019008.1456>
            Icon, 0x11582a300 <AX element pid: 174, elementOrHash.elementID: 36035588864.64>
              Icon, 0x11582a440 <AX element pid: 174, elementOrHash.elementID: 36024186368.614>
              Icon, 0x11582a580 <AX element pid: 174, elementOrHash.elementID: 36023795456.615>
              Icon, 0x11582a6c0 <AX element pid: 174, elementOrHash.elementID: 36024184832.616>
              Icon, 0x11582a800 <AX element pid: 174, elementOrHash.elementID: 36024207808.617>
              Icon, 0x11582a940 <AX element pid: 174, elementOrHash.elementID: 36023793536.618>
              Icon, 0x11582aa80 <AX element pid: 174, elementOrHash.elementID: 36024212608.619>
              Icon, 0x11582abc0 <AX element pid: 174, elementOrHash.elementID: 36024842880.620>
              Icon, 0x11582ad00 <AX element pid: 174, elementOrHash.elementID: 36024214144.621>
              Icon, 0x11582ae40 <AX element pid: 174, elementOrHash.elementID: 36023794880.622>
              Icon, 0x11582af80 <AX element pid: 174, elementOrHash.elementID: 36024254464.623>
              Icon, 0x11582b0c0 <AX element pid: 174, elementOrHash.elementID: 36024260992.624>
              Icon, 0x11582b200 <AX element pid: 174, elementOrHash.elementID: 36024843072.625>
              Icon, 0x11582b340 <AX element pid: 174, elementOrHash.elementID: 36024180992.626>
              Icon, 0x11582b480 <AX element pid: 174, elementOrHash.elementID: 36023793728.627>
              Icon, 0x11582b5c0 <AX element pid: 174, elementOrHash.elementID: 36024181568.628>
              Icon, 0x11582b700 <AX element pid: 174, elementOrHash.elementID: 36024205888.629>
              Icon, 0x11582b840 <AX element pid: 174, elementOrHash.elementID: 36024259264.630>
              Icon, 0x11582b980 <AX element pid: 174, elementOrHash.elementID: 36024261568.631>
              Icon, 0x11582bac0 <AX element pid: 174, elementOrHash.elementID: 36024177536.632>
              Icon, 0x11582bc00 <AX element pid: 174, elementOrHash.elementID: 36024840192.633>
              Icon, 0x11582bd40 <AX element pid: 174, elementOrHash.elementID: 36024838656.634>
              Icon, 0x11582be80 <AX element pid: 174, elementOrHash.elementID: 36023791232.635>
              Icon, 0x115830000 <AX element pid: 174, elementOrHash.elementID: 36024184448.636>
              Icon, 0x115830140 <AX element pid: 174, elementOrHash.elementID: 36024209920.637>
              Icon, 0x115830280 <AX element pid: 174, elementOrHash.elementID: 36023786816.638>
              Icon, 0x1158303c0 <AX element pid: 174, elementOrHash.elementID: 36024259072.639>
              Icon, 0x115830500 <AX element pid: 174, elementOrHash.elementID: 36024188096.640>
              Icon, 0x115830640 <AX element pid: 174, elementOrHash.elementID: 36057335872.2961>
            Icon, 0x115830780 <AX element pid: 174, elementOrHash.elementID: 36035589376.65>
              Icon, 0x1158308c0 <AX element pid: 174, elementOrHash.elementID: 36023791424.143>
            PageIndicator, 0x115830a00 <AX element pid: 174, elementOrHash.elementID: 35941843584.66>
        Other, 0x115830b40 <AX element pid: 174, elementOrHash.elementID: 36034925568.45>
          Other, 0x115830c80 <AX element pid: 174, elementOrHash.elementID: 35951750528.2944>
            Other, 0x115830dc0 <AX element pid: 174, elementOrHash.elementID: 35887654528.2947>
              Other, 0x115830f00 <AX element pid: 174, elementOrHash.elementID: 35887652736.2962>
                Other, 0x115831040 <AX element pid: 174, elementOrHash.elementID: 36055707648.2965>
                  Other, 0x115831180 <AX element pid: 174, elementOrHash.elementID: 35887646464.2968>
              Other, 0x1158312c0 <AX element pid: 174, elementOrHash.elementID: 36055711232.2963>
                Other, 0x115831400 <AX element pid: 174, elementOrHash.elementID: 35887652288.2966>
              Other, 0x115831540 <AX element pid: 174, elementOrHash.elementID: 36055698432.2964>
                Other, 0x115831680 <AX element pid: 174, elementOrHash.elementID: 35887649152.2967>
      Other, 0x1158317c0 <AX element pid: 174, elementOrHash.elementID: 36034935808.32>
  Window, 0x115831900 <AX element pid: 174, elementOrHash.elementID: 36032077824.11>
    Other, 0x115831a40 <AX element pid: 174, elementOrHash.elementID: 35953538624.20>
      Other, 0x115831b80 <AX element pid: 174, elementOrHash.elementID: 35953538176.33>
  Window, 0x115831cc0 <AX element pid: 174, elementOrHash.elementID: 36018690304.12>
    Other, 0x115831e00 <AX element pid: 174, elementOrHash.elementID: 36017882432.21>
      Other, 0x115831f40 <AX element pid: 174, elementOrHash.elementID: 36038462464.34>
        Other, 0x115832080 <AX element pid: 174, elementOrHash.elementID: 35920632704.46>
          Other, 0x1158321c0 <AX element pid: 174, elementOrHash.elementID: 35920548672.54>
            Other, 0x115832300 <AX element pid: 174, elementOrHash.elementID: 35910751040.2948>
            Other, 0x115832440 <AX element pid: 174, elementOrHash.elementID: 35907105024.2949>
            Other, 0x115832580 <AX element pid: 174, elementOrHash.elementID: 35920551360.69>
            Other, 0x1158326c0 <AX element pid: 174, elementOrHash.elementID: 35920551808.70>
            Other, 0x115832800 <AX element pid: 174, elementOrHash.elementID: 35887657216.2950>
            Other, 0x115832940 <AX element pid: 174, elementOrHash.elementID: 35887649600.2951>
            Other, 0x115832a80 <AX element pid: 174, elementOrHash.elementID: 35920553152.73>
            Other, 0x115832bc0 <AX element pid: 174, elementOrHash.elementID: 35920549120.74>
      Other, 0x115832d00 <AX element pid: 174, elementOrHash.elementID: 36049184256.2942>
        Other, 0x115832e40 <AX element pid: 174, elementOrHash.elementID: 11494289431044805875.9999>
          Other, 0x115832f80 <AX element pid: 333, elementOrHash.elementID: 4309013472.4>
            Other, 0x1158330c0 <AX element pid: 333, elementOrHash.elementID: 4309041312.5>
              Other, 0x115833200 <AX element pid: 333, elementOrHash.elementID: 4308983520.6>
                Other, 0x115833340 <AX element pid: 333, elementOrHash.elementID: 4309005120.7>
      Other, 0x115833480 <AX element pid: 174, elementOrHash.elementID: 36058049536.2867>
        Other, 0x1158335c0 <AX element pid: 174, elementOrHash.elementID: 35889837824.2868>
          Other, 0x115833700 <AX element pid: 174, elementOrHash.elementID: 35890595584.2870>
  Window, 0x115833840 <AX element pid: 174, elementOrHash.elementID: 36018691584.13>
    Other, 0x115833980 <AX element pid: 174, elementOrHash.elementID: 36017885568.22>
  Window, 0x115833ac0 <AX element pid: 174, elementOrHash.elementID: 36018685184.1812>
    Other, 0x115833c00 <AX element pid: 174, elementOrHash.elementID: 35889648896.1813>
      Other, 0x115833d40 <AX element pid: 174, elementOrHash.elementID: 35887702784.1815>
  Window, 0x115833e80 <AX element pid: 174, elementOrHash.elementID: 35951108864.14>
    Other, 0x115834000 <AX element pid: 174, elementOrHash.elementID: 35953539072.23>
      Other, 0x115834140 <AX element pid: 174, elementOrHash.elementID: 35953539968.37>
  Window, 0x115834280 <AX element pid: 174, elementOrHash.elementID: 35920354816.15>
    Other, 0x1158343c0 <AX element pid: 174, elementOrHash.elementID: 35923110400.24>
      Other, 0x115834500 <AX element pid: 174, elementOrHash.elementID: 35923112192.38>
  Window, 0x115834640 <AX element pid: 174, elementOrHash.elementID: 36036372480.9>
    Other, 0x115834780 <AX element pid: 174, elementOrHash.elementID: 35942339840.25>
      Other, 0x1158348c0 <AX element pid: 174, elementOrHash.elementID: 35942340288.39>
        Other, 0x115834a00 <AX element pid: 174, elementOrHash.elementID: 35942345216.48>
        Other, 0x115834b40 <AX element pid: 174, elementOrHash.elementID: 35942345664.49>
        Other, 0x115834c80 <AX element pid: 174, elementOrHash.elementID: 35941851264.50>
          Other, 0x115834dc0 <AX element pid: 174, elementOrHash.elementID: 36036367360.56>
            Icon, 0x115834f00 <AX element pid: 174, elementOrHash.elementID: 35943737856.6>
              Other, 0x115835040 <AX element pid: 174, elementOrHash.elementID: 35943844928.145>
                Other, 0x115835180 <AX element pid: 174, elementOrHash.elementID: 35943845376.185>
                  Other, 0x1158352c0 <AX element pid: 174, elementOrHash.elementID: 35943797760.251>
                    Other, 0x115835400 <AX element pid: 174, elementOrHash.elementID: 35943806720.319>
            Icon, 0x115835540 <AX element pid: 174, elementOrHash.elementID: 35943739392.75>
              Other, 0x115835680 <AX element pid: 174, elementOrHash.elementID: 35943845824.146>
                Other, 0x1158357c0 <AX element pid: 174, elementOrHash.elementID: 35943846272.186>
                  Other, 0x115835900 <AX element pid: 174, elementOrHash.elementID: 35943792640.252>
                    Other, 0x115835a40 <AX element pid: 174, elementOrHash.elementID: 35943808000.320>
            Icon, 0x115835b80 <AX element pid: 174, elementOrHash.elementID: 35943740928.76>
              Other, 0x115835cc0 <AX element pid: 174, elementOrHash.elementID: 35943846720.147>
                Other, 0x115835e00 <AX element pid: 174, elementOrHash.elementID: 35943847168.187>
                  Other, 0x115835f40 <AX element pid: 174, elementOrHash.elementID: 35941855104.253>
                    Other, 0x115836080 <AX element pid: 174, elementOrHash.elementID: 35944039040.321>
            Icon, 0x1158361c0 <AX element pid: 174, elementOrHash.elementID: 35944136704.77>
              Other, 0x115836300 <AX element pid: 174, elementOrHash.elementID: 35943847616.148>
                Other, 0x115836440 <AX element pid: 174, elementOrHash.elementID: 35943848064.188>
                  Other, 0x115836580 <AX element pid: 174, elementOrHash.elementID: 35943795840.254>
                    Other, 0x1158366c0 <AX element pid: 174, elementOrHash.elementID: 35944040320.322>
            Icon, 0x115836800 <AX element pid: 174, elementOrHash.elementID: 35944138240.78>
              Other, 0x115836940 <AX element pid: 174, elementOrHash.elementID: 35943848512.149>
                Other, 0x115836a80 <AX element pid: 174, elementOrHash.elementID: 35943848960.189>
                  Other, 0x115836bc0 <AX element pid: 174, elementOrHash.elementID: 35941858304.255>
                    Other, 0x115836d00 <AX element pid: 174, elementOrHash.elementID: 35949554944.2977>
            Icon, 0x115836e40 <AX element pid: 174, elementOrHash.elementID: 35944139776.79>
              Other, 0x115836f80 <AX element pid: 174, elementOrHash.elementID: 35943849856.150>
                Other, 0x1158370c0 <AX element pid: 174, elementOrHash.elementID: 35943850304.190>
                  Other, 0x115837200 <AX element pid: 174, elementOrHash.elementID: 35943799040.256>
                    Other, 0x115837340 <AX element pid: 174, elementOrHash.elementID: 35944043520.324>
            Icon, 0x115837480 <AX element pid: 174, elementOrHash.elementID: 35944141312.80>
              Other, 0x1158375c0 <AX element pid: 174, elementOrHash.elementID: 35943850752.151>
                Other, 0x115837700 <AX element pid: 174, elementOrHash.elementID: 35943851200.191>
                  Other, 0x115837840 <AX element pid: 174, elementOrHash.elementID: 35941853184.257>
                    Other, 0x115837980 <AX element pid: 174, elementOrHash.elementID: 35944044800.325>
          Other, 0x115837ac0 <AX element pid: 174, elementOrHash.elementID: 36036369408.57>
            Icon, 0x115837c00 <AX element pid: 174, elementOrHash.elementID: 35941698560.81>
              Other, 0x115837d40 <AX element pid: 174, elementOrHash.elementID: 35942346112.152>
                Other, 0x115837e80 <AX element pid: 174, elementOrHash.elementID: 35943611712.192>
                  Other, 0x11583c000 <AX element pid: 174, elementOrHash.elementID: 35941853824.258>
                    Other, 0x11583c140 <AX element pid: 174, elementOrHash.elementID: 35943800960.326>
            Icon, 0x11583c280 <AX element pid: 174, elementOrHash.elementID: 35943734784.82>
              Other, 0x11583c3c0 <AX element pid: 174, elementOrHash.elementID: 35943841792.153>
                Other, 0x11583c500 <AX element pid: 174, elementOrHash.elementID: 35943842240.193>
                  Other, 0x11583c640 <AX element pid: 174, elementOrHash.elementID: 35943794560.259>
                    Other, 0x11583c780 <AX element pid: 174, elementOrHash.elementID: 35943802240.327>
                  Other, 0x11583c8c0 <AX element pid: 174, elementOrHash.elementID: 35889825024.1441>
                    Other, 0x11583ca00 <AX element pid: 174, elementOrHash.elementID: 35889810048.1475>
                      Image, 0x11583cb40 <AX element pid: 174, elementOrHash.elementID: 36055537152.1486>
          Other, 0x11583cc80 <AX element pid: 174, elementOrHash.elementID: 36036368384.58>
          Icon, 0x11583cdc0 <AX element pid: 174, elementOrHash.elementID: 35944142848.59>
            Other, 0x11583cf00 <AX element pid: 174, elementOrHash.elementID: 35887499776.2952>
            Other, 0x11583d040 <AX element pid: 174, elementOrHash.elementID: 35921987456.2953>
            Other, 0x11583d180 <AX element pid: 174, elementOrHash.elementID: 35906212864.2954>
            Other, 0x11583d2c0 <AX element pid: 174, elementOrHash.elementID: 35891053184.513>
      Other, 0x11583d400 <AX element pid: 174, elementOrHash.elementID: 35944048000.40>
        Other, 0x11583d540 <AX element pid: 174, elementOrHash.elementID: 36037143040.51>
          Other, 0x11583d680 <AX element pid: 174, elementOrHash.elementID: 15888323694556361868.9999>
            Other, 0x11583d7c0 <AX element pid: 303, elementOrHash.elementID: 4312005392.4>
              Other, 0x11583d900 <AX element pid: 303, elementOrHash.elementID: 33807598848.5>
                Other, 0x11583da40 <AX element pid: 303, elementOrHash.elementID: 33807631232.6>
                  Other, 0x11583db80 <AX element pid: 303, elementOrHash.elementID: 33807630336.7>
          Other, 0x11583dcc0 <AX element pid: 174, elementOrHash.elementID: 4828928117917013637.9999>
            Other, 0x11583de00 <AX element pid: 303, elementOrHash.elementID: 33807632128.8>
              Other, 0x11583df40 <AX element pid: 303, elementOrHash.elementID: 33807633920.9>
          Other, 0x11583e080 <AX element pid: 174, elementOrHash.elementID: 4707142009615084407.9999>
  Window, 0x11583e1c0 <AX element pid: 174, elementOrHash.elementID: 36022010880.16>
    StatusBar, 0x11583e300 <AX element pid: 174, elementOrHash.elementID: 36017866624.26>
      Other, 0x11583e440 <AX element pid: 174, elementOrHash.elementID: 36021977088.41>
        Other, 0x11583e580 <AX element pid: 174, elementOrHash.elementID: 35910747456.2943>
          Other, 0x11583e6c0 <AX element pid: 174, elementOrHash.elementID: 35910750144.2945>
            StaticText, 0x11583e800 <AX element pid: 174, elementOrHash.elementID: 35893191424.2955>
            StaticText, 0x11583e940 <AX element pid: 174, elementOrHash.elementID: 35893196800.2956>
          Other, 0x11583ea80 <AX element pid: 174, elementOrHash.elementID: 35910748800.2946>
            Other, 0x11583ebc0 <AX element pid: 174, elementOrHash.elementID: 36055708672.2957>
            Image, 0x11583ed00 <AX element pid: 174, elementOrHash.elementID: 35887438080.2958>
            StaticText, 0x11583ee40 <AX element pid: 174, elementOrHash.elementID: 35951741568.2959>
            Other, 0x11583ef80 <AX element pid: 174, elementOrHash.elementID: 35887440640.2960>
    Other, 0x11583f0c0 <AX element pid: 174, elementOrHash.elementID: 36017881984.27>
  Window, 0x11583f200 <AX element pid: 174, elementOrHash.elementID: 36032072704.17>
    Other, 0x11583f340 <AX element pid: 174, elementOrHash.elementID: 35953535488.28>
  Window, 0x11583f480 <AX element pid: 174, elementOrHash.elementID: 36032076800.18>
    Other, 0x11583f5c0 <AX element pid: 174, elementOrHash.elementID: 35953537728.29>
10:02:24.066 WebDriverAgentRunner-Runner[1852:329613] Found matches {(
    StatusBar
)} with root Application, pid: 174
10:02:24.066 WebDriverAgentRunner-Runner[1852:329613] <XCTContext: 0x1141895e0> finished activity <XCActivityRecord: 0x114d717a0> 2026-07-20 03:02:23 +0000: Get all elements bound by index for: Descendants matching type StatusBar (0.430252s)
10:02:24.067 WebDriverAgentRunner-Runner[1852:329613] <XCTContext: 0x1141895e0> started activity <XCActivityRecord: 0x114d717a0> 2026-07-20 03:02:24 +0000: Find the StatusBar (Element at index 0)
10:02:24.067 WebDriverAgentRunner-Runner[1852:329613] Executing query:
↪︎ Descendants matching type StatusBar
    ↪︎ Element at index 0
10:02:24.067 WebDriverAgentRunner-Runner[1852:329613] Creating future for 'checking for continuity enablement' with timeout 30.00
10:02:24.067 WebDriverAgentRunner-Runner[1852:329613] <XCTWaiter: 0x1157ec660> entering wait loop for 30.00s with expectations: `checking for continuity enablement`
10:02:24.068 WebDriverAgentRunner-Runner[1852:329613] Returning result XCTWaiterResultCompleted for synchronous waiter <XCTWaiter: 0x1157ec660>
10:02:24.069 WebDriverAgentRunner-Runner[1852:329613] Wait <XCTWaiterWait: 0x115840a80> completed after 0.001s
10:02:24.069 WebDriverAgentRunner-Runner[1852:329613] cleaning up checking for continuity enablement
10:02:24.069 WebDriverAgentRunner-Runner[1852:329613] Should evaluate query remotely? XCTDisableRemoteQueryEvaluation(d-write): YES, hasAutomationSession: YES, supportsRemoteEvaluation: YES
10:02:24.069 WebDriverAgentRunner-Runner[1852:329613] Getting matching snapshots for locally evaluated query
10:02:24.069 WebDriverAgentRunner-Runner[1852:329613] Evaluating query:
 ↪︎ Descendants matching type StatusBar
    ↪︎ Element at index 0
10:02:24.069 WebDriverAgentRunner-Runner[1852:329613] Getting root element snapshot
10:02:24.069 WebDriverAgentRunner-Runner[1852:329613] Getting snapshot for App element pid: 174 for query ↪︎ Descendants matching type StatusBar
    ↪︎ Element at index 0
10:02:24.069 WebDriverAgentRunner-Runner[1852:329613] <XCTContext: 0x1141895e0> started activity <XCActivityRecord: 0x114d718f0> 2026-07-20 03:02:24 +0000: Requesting snapshot of accessibility hierarchy for app with pid 174
10:02:24.070 WebDriverAgentRunner-Runner[1852:329613] Query requires iOS snapshot attributes XC_kAXXCAttributeElementType, XC_kAXXCAttributeElementBaseType, XC_kAXXCAttributeAutomationType, XC_kAXXCAttributeTraits.
10:02:24.070 WebDriverAgentRunner-Runner[1852:329613] XCUIElementQuery <XCTElementSnapshotProvider> getting snapshot
10:02:24.070 WebDriverAgentRunner-Runner[1852:329613] Snapshot request has custom attributes XC_kAXXCAttributeElementType, XC_kAXXCAttributeElementBaseType, XC_kAXXCAttributeAutomationType, XC_kAXXCAttributeTraits
10:02:24.070 WebDriverAgentRunner-Runner[1852:329613] Snapshot request has custom parameters {
    snapshotKeyHonorModalViews = 0;
}
10:02:24.070 WebDriverAgentRunner-Runner[1852:329613] Current snapshot generation is 5
10:02:24.070 WebDriverAgentRunner-Runner[1852:329613] Capturing a new snapshot
10:02:24.070 WebDriverAgentRunner-Runner[1852:329613] Fetching snapshot for App element pid: 174 from testmanagerd with attributes XC_kAXXCAttributeElementType, XC_kAXXCAttributeElementBaseType, XC_kAXXCAttributeParent, XC_kAXXCAttributeIdentifier, XC_kAXXCAttributeAutomationType, XC_kAXXCAttributeTraits and parameters {
    maxArrayCount = 2147483647;
    maxChildren = 2147483647;
    maxDepth = 50;
    snapshotKeyHonorModalViews = 0;
    traverseFromParentsToChildren = 1;
}.
10:02:24.070 WebDriverAgentRunner-Runner[1852:329613] Creating future for 'fetching snapshot from testmanagerd.' with timeout 65.00
10:02:24.070 WebDriverAgentRunner-Runner[1852:329613] <XCTWaiter: 0x1157ecf90> entering wait loop for 65.00s with expectations: `fetching snapshot from testmanagerd.`
    t =   123.45s Find the StatusBar (Element at index 0)
    t =   123.46s     Requesting snapshot of accessibility hierarchy for app with pid 174
10:02:24.446 WebDriverAgentRunner-Runner[1852:329632] Got snapshot response with runtime issue support from testmanagerd.
10:02:24.446 WebDriverAgentRunner-Runner[1852:329613] Returning result XCTWaiterResultCompleted for synchronous waiter <XCTWaiter: 0x1157ecf90>
10:02:24.446 WebDriverAgentRunner-Runner[1852:329613] Wait <XCTWaiterWait: 0x115840180> completed after 0.376s
10:02:24.446 WebDriverAgentRunner-Runner[1852:329613] cleaning up fetching snapshot from testmanagerd.
10:02:24.447 WebDriverAgentRunner-Runner[1852:329613] <XCTContext: 0x1141895e0> finished activity <XCActivityRecord: 0x114d718f0> 2026-07-20 03:02:24 +0000: Requesting snapshot of accessibility hierarchy for app with pid 174 (0.377339s)
10:02:24.447 WebDriverAgentRunner-Runner[1852:329613] XCTPerformOnMainRunLoop[MT]: already on MT; performing block without run loop dispatch - timeouts will not be enforced.
10:02:24.447 WebDriverAgentRunner-Runner[1852:329613] XCTElementQuery: set data source for rootElementSnapshot to (null)
10:02:24.447 WebDriverAgentRunner-Runner[1852:329613] Finding all matches with input Application, pid: 174 using transformers 
↪︎ Descendants matching type StatusBar
    ↪︎ Element at index 0
10:02:24.447 WebDriverAgentRunner-Runner[1852:329613] <XCTContext: 0x1141895e0> started activity <XCActivityRecord: 0x114d718f0> 2026-07-20 03:02:24 +0000: Find: Descendants matching type StatusBar
    t =   123.83s     Find: Descendants matching type StatusBar
10:02:24.452 WebDriverAgentRunner-Runner[1852:329613] <XCTContext: 0x1141895e0> finished activity <XCActivityRecord: 0x114d718f0> 2026-07-20 03:02:24 +0000: Find: Descendants matching type StatusBar (0.00423205s)
10:02:24.452 WebDriverAgentRunner-Runner[1852:329613] [Match All] applied transformer `Descendants matching type StatusBar` to input {(
    Application, pid: 174
)}, found {(
    StatusBar
)}
10:02:24.452 WebDriverAgentRunner-Runner[1852:329613] <XCTContext: 0x1141895e0> started activity <XCActivityRecord: 0x114d718f0> 2026-07-20 03:02:24 +0000: Find: Element at index 0
10:02:24.452 WebDriverAgentRunner-Runner[1852:329613] <XCTContext: 0x1141895e0> finished activity <XCActivityRecord: 0x114d718f0> 2026-07-20 03:02:24 +0000: Find: Element at index 0 (0.000319004s)
10:02:24.453 WebDriverAgentRunner-Runner[1852:329613] [Match All] applied transformer `Element at index 0` to input {(
    StatusBar
)}, found {(
    StatusBar
)}
10:02:24.453 WebDriverAgentRunner-Runner[1852:329613] [Match All] setting out related elements {(
)}
    t =   123.84s     Find: Element at index 0
10:02:24.459 WebDriverAgentRunner-Runner[1852:329613] Current tree:
Application, 0x11583f700, pid: 174 <App element pid: 174>
  Window, 0x11583f840 <AX element pid: 174, elementOrHash.elementID: 36032084992.10>
    Other, 0x11583f980 <AX element pid: 174, elementOrHash.elementID: 35948119808.19>
      Other, 0x11583fac0 <AX element pid: 174, elementOrHash.elementID: 35948120256.30>
        Image, 0x11583fc00 <AX element pid: 174, elementOrHash.elementID: 36036531200.42>
        Image, 0x11583fd40 <AX element pid: 174, elementOrHash.elementID: 36036531712.43>
      Other, 0x11583fe80 <AX element pid: 174, elementOrHash.elementID: 35948119360.31>
        Other, 0x115888000 <AX element pid: 174, elementOrHash.elementID: 35948131904.44>
          Other, 0x115888140 <AX element pid: 174, elementOrHash.elementID: 35941697024.53>
            Other, 0x115888280 <AX element pid: 174, elementOrHash.elementID: 35948131456.62>
              Other, 0x1158883c0 <AX element pid: 174, elementOrHash.elementID: 35948131008.97>
            Icon, 0x115888500 <AX element pid: 174, elementOrHash.elementID: 36035587328.63>
              Icon, 0x115888640 <AX element pid: 174, elementOrHash.elementID: 35905400832.2824>
                Other, 0x115888780 <AX element pid: 174, elementOrHash.elementID: 35889811840.2825>
                  Other, 0x1158888c0 <AX element pid: 174, elementOrHash.elementID: 35889812288.2826>
                    Other, 0x115888a00 <AX element pid: 174, elementOrHash.elementID: 35887739136.2969>
                      Other, 0x115888b40 <AX element pid: 174, elementOrHash.elementID: 35887732416.2978>
                        ScrollView, 0x115888c80 <AX element pid: 174, elementOrHash.elementID: 35954400768.2995>
                          Other, 0x115888dc0 <AX element pid: 174, elementOrHash.elementID: 35887344256.3000>
                            Other, 0x115888f00 <AX element pid: 174, elementOrHash.elementID: 35957572928.3010>
                            Other, 0x115889040 <AX element pid: 174, elementOrHash.elementID: 35957574720.3011>
                              Other, 0x115889180 <AX element pid: 174, elementOrHash.elementID: 35887795712.1508>
                                Other, 0x1158892c0 <AX element pid: 174, elementOrHash.elementID: 35887803776.1513>
                                  Other, 0x115889400 <AX element pid: 174, elementOrHash.elementID: 35910135168.1524>
                                    Other, 0x115889540 <AX element pid: 174, elementOrHash.elementID: 35890609024.1535>
                                Other, 0x115889680 <AX element pid: 174, elementOrHash.elementID: 36052129280.1514>
                                  Other, 0x1158897c0 <AX element pid: 174, elementOrHash.elementID: 35887799296.1525>
                                    Other, 0x115889900 <AX element pid: 174, elementOrHash.elementID: 36052130816.1536>
                                      Other, 0x115889a40 <AX element pid: 174, elementOrHash.elementID: 8177705805140893231.9999>
                                        Other, 0x115889b80 <AX element pid: 308, elementOrHash.elementID: 53445094336.735>
                                          Other, 0x115889cc0 <AX element pid: 308, elementOrHash.elementID: 53445085376.736>
                                            Other, 0x115889e00 <AX element pid: 308, elementOrHash.elementID: 53436624256.738>
                                              Other, 0x115889f40 <AX element pid: 308, elementOrHash.elementID: 53438646016.739>
                                                Other, 0x11588a080 <AX element pid: 308, elementOrHash.elementID: 53445094784.740>
                                                  Other, 0x11588a1c0 <AX element pid: 308, elementOrHash.elementID: 53445095680.741>
                                                    Image, 0x11588a300 <AX element pid: 308, elementOrHash.elementID: 53445097920.742>
                                                    Image, 0x11588a440 <AX element pid: 308, elementOrHash.elementID: 53445097024.743>
                                                    Other, 0x11588a580 <AX element pid: 308, elementOrHash.elementID: 53445093888.744>
                                          Other, 0x11588a6c0 <AX element pid: 308, elementOrHash.elementID: 53428073984.737>
                                Other, 0x11588a800 <AX element pid: 174, elementOrHash.elementID: 35887802432.1515>
                                  Other, 0x11588a940 <AX element pid: 174, elementOrHash.elementID: 35910127104.1526>
                                    Other, 0x11588aa80 <AX element pid: 174, elementOrHash.elementID: 35890600512.1537>
                          Other, 0x11588abc0 <AX element pid: 174, elementOrHash.elementID: 36057364480.3001>
                            Other, 0x11588ad00 <AX element pid: 174, elementOrHash.elementID: 35921970944.3012>
                          Other, 0x11588ae40 <AX element pid: 174, elementOrHash.elementID: 36057364480.3001>
                            Other, 0x11588af80 <AX element pid: 174, elementOrHash.elementID: 35921970944.3012>
              Icon, 0x11588b0c0 <AX element pid: 174, elementOrHash.elementID: 35943731712.121>
                Other, 0x11588b200 <AX element pid: 174, elementOrHash.elementID: 35943610816.163>
                  Other, 0x11588b340 <AX element pid: 174, elementOrHash.elementID: 35903859200.207>
                    Other, 0x11588b480 <AX element pid: 174, elementOrHash.elementID: 35892755328.2970>
                      Other, 0x11588b5c0 <AX element pid: 174, elementOrHash.elementID: 35892743680.2979>
                        ScrollView, 0x11588b700 <AX element pid: 174, elementOrHash.elementID: 35954405888.2996>
                          Other, 0x11588b840 <AX element pid: 174, elementOrHash.elementID: 35909329664.3002>
                            Other, 0x11588b980 <AX element pid: 174, elementOrHash.elementID: 35957584128.3013>
                              Other, 0x11588bac0 <AX element pid: 174, elementOrHash.elementID: 35911023936.1509>
                                Other, 0x11588bc00 <AX element pid: 174, elementOrHash.elementID: 36052134912.1516>
                                  Other, 0x11588bd40 <AX element pid: 174, elementOrHash.elementID: 35892667136.1527>
                                    Other, 0x11588be80 <AX element pid: 174, elementOrHash.elementID: 36052124160.1538>
                                      Other, 0x11588c000 <AX element pid: 174, elementOrHash.elementID: 13543915967597595297.9999>
                                        Other, 0x11588c140 <AX element pid: 308, elementOrHash.elementID: 53438654976.745>
                                          Other, 0x11588c280 <AX element pid: 308, elementOrHash.elementID: 53438656768.746>
                                            Other, 0x11588c3c0 <AX element pid: 308, elementOrHash.elementID: 53436626048.748>
                                              Other, 0x11588c500 <AX element pid: 308, elementOrHash.elementID: 53438648256.749>
                                                Other, 0x11588c640 <AX element pid: 308, elementOrHash.elementID: 53445098368.750>
                                                Other, 0x11588c780 <AX element pid: 308, elementOrHash.elementID: 53445091648.751>
                                                  Other, 0x11588c8c0 <AX element pid: 308, elementOrHash.elementID: 53438646464.752>
                                                    Button, 0x11588ca00 <AX element pid: 308, elementOrHash.elementID: 53438654528.754>
                                                      Image, 0x11588cb40 <AX element pid: 308, elementOrHash.elementID: 53438659904.756>
                                                      StaticText, 0x11588cc80 <AX element pid: 308, elementOrHash.elementID: 53438647360.757>
                                                  Other, 0x11588cdc0 <AX element pid: 308, elementOrHash.elementID: 53438649600.753>
                                                    Button, 0x11588cf00 <AX element pid: 308, elementOrHash.elementID: 53438647808.755>
                                                      StaticText, 0x11588d040 <AX element pid: 308, elementOrHash.elementID: 53438653632.758>
                                                      StaticText, 0x11588d180 <AX element pid: 308, elementOrHash.elementID: 53438657216.759>
                                                      StaticText, 0x11588d2c0 <AX element pid: 308, elementOrHash.elementID: 53438657664.760>
                                          Other, 0x11588d400 <AX element pid: 308, elementOrHash.elementID: 53425754624.747>
                                Other, 0x11588d540 <AX element pid: 174, elementOrHash.elementID: 35892703040.1517>
                                  Other, 0x11588d680 <AX element pid: 174, elementOrHash.elementID: 35906805632.1528>
                                    Other, 0x11588d7c0 <AX element pid: 174, elementOrHash.elementID: 35890599616.1539>
                          Other, 0x11588d900 <AX element pid: 174, elementOrHash.elementID: 36057352704.3003>
                            Other, 0x11588da40 <AX element pid: 174, elementOrHash.elementID: 35887741376.3014>
                          Other, 0x11588db80 <AX element pid: 174, elementOrHash.elementID: 36057352704.3003>
                            Other, 0x11588dcc0 <AX element pid: 174, elementOrHash.elementID: 35887741376.3014>
              Icon, 0x11588de00 <AX element pid: 174, elementOrHash.elementID: 35943697408.130>
                Other, 0x11588df40 <AX element pid: 174, elementOrHash.elementID: 35943605888.172>
                  Other, 0x11588e080 <AX element pid: 174, elementOrHash.elementID: 35921982144.225>
                    Other, 0x11588e1c0 <AX element pid: 174, elementOrHash.elementID: 35889820352.2971>
                      Other, 0x11588e300 <AX element pid: 174, elementOrHash.elementID: 35889818560.2980>
                        ScrollView, 0x11588e440 <AX element pid: 174, elementOrHash.elementID: 35952341504.2997>
                          Other, 0x11588e580 <AX element pid: 174, elementOrHash.elementID: 35949552384.3004>
                            Other, 0x11588e6c0 <AX element pid: 174, elementOrHash.elementID: 35957576960.3015>
                              Other, 0x11588e800 <AX element pid: 174, elementOrHash.elementID: 35910753728.1510>
                                Other, 0x11588e940 <AX element pid: 174, elementOrHash.elementID: 36056066560.1518>
                                  Other, 0x11588ea80 <AX element pid: 174, elementOrHash.elementID: 35892723008.1529>
                                    Other, 0x11588ebc0 <AX element pid: 174, elementOrHash.elementID: 36056063488.1540>
                                      Other, 0x11588ed00 <AX element pid: 174, elementOrHash.elementID: 2952537582149975182.9999>
                                        Other, 0x11588ee40 <AX element pid: 308, elementOrHash.elementID: 53438650048.761>
                                          Other, 0x11588ef80 <AX element pid: 308, elementOrHash.elementID: 53438652288.762>
                                            Other, 0x11588f0c0 <AX element pid: 308, elementOrHash.elementID: 53436619776.764>
                                              Other, 0x11588f200 <AX element pid: 308, elementOrHash.elementID: 53449602624.765>
                                                Other, 0x11588f340 <AX element pid: 308, elementOrHash.elementID: 53445092544.766>
                                                  Image, 0x11588f480 <AX element pid: 308, elementOrHash.elementID: 53449594560.767>
                                          Other, 0x11588f5c0 <AX element pid: 308, elementOrHash.elementID: 53425752064.763>
                                Other, 0x11588f700 <AX element pid: 174, elementOrHash.elementID: 35892716736.1519>
                                  Other, 0x11588f840 <AX element pid: 174, elementOrHash.elementID: 35906807424.1530>
                                    Other, 0x11588f980 <AX element pid: 174, elementOrHash.elementID: 35890600064.1541>
                          Other, 0x11588fac0 <AX element pid: 174, elementOrHash.elementID: 36046873088.3005>
                            Other, 0x11588fc00 <AX element pid: 174, elementOrHash.elementID: 35905686144.3016>
                          Other, 0x11588fd40 <AX element pid: 174, elementOrHash.elementID: 36046873088.3005>
                            Other, 0x11588fe80 <AX element pid: 174, elementOrHash.elementID: 35905686144.3016>
              Icon, 0x115894000 <AX element pid: 174, elementOrHash.elementID: 35905497600.1378>
                Other, 0x115894140 <AX element pid: 174, elementOrHash.elementID: 35889615680.1394>
                  Other, 0x115894280 <AX element pid: 174, elementOrHash.elementID: 35889616128.1417>
                    Other, 0x1158943c0 <AX element pid: 174, elementOrHash.elementID: 35887703232.2972>
                      Other, 0x115894500 <AX element pid: 174, elementOrHash.elementID: 35887705920.2981>
                        ScrollView, 0x115894640 <AX element pid: 174, elementOrHash.elementID: 35952328704.2998>
                          Other, 0x115894780 <AX element pid: 174, elementOrHash.elementID: 35887333376.3006>
                            Other, 0x1158948c0 <AX element pid: 174, elementOrHash.elementID: 35957583680.3017>
                              Other, 0x115894a00 <AX element pid: 174, elementOrHash.elementID: 35910755072.1511>
                                Other, 0x115894b40 <AX element pid: 174, elementOrHash.elementID: 36045241344.1520>
                                  Other, 0x115894c80 <AX element pid: 174, elementOrHash.elementID: 35910757312.1531>
                                    Other, 0x115894dc0 <AX element pid: 174, elementOrHash.elementID: 36044394496.1542>
                                      Other, 0x115894f00 <AX element pid: 174, elementOrHash.elementID: 13688983028095814368.9999>
                                        Other, 0x115895040 <AX element pid: 308, elementOrHash.elementID: 53438658112.768>
                                          Other, 0x115895180 <AX element pid: 308, elementOrHash.elementID: 53438649152.769>
                                            Other, 0x1158952c0 <AX element pid: 308, elementOrHash.elementID: 53436612608.771>
                                              Other, 0x115895400 <AX element pid: 308, elementOrHash.elementID: 53448910912.772>
                                                Other, 0x115895540 <AX element pid: 308, elementOrHash.elementID: 53445096576.773>
                                                Other, 0x115895680 <AX element pid: 308, elementOrHash.elementID: 53445098816.774>
                                                  Other, 0x1158957c0 <AX element pid: 308, elementOrHash.elementID: 53449593216.775>
                                                    StaticText, 0x115895900 <AX element pid: 308, elementOrHash.elementID: 53449592320.778>
                                                    StaticText, 0x115895a40 <AX element pid: 308, elementOrHash.elementID: 53449596800.779>
                                                    StaticText, 0x115895b80 <AX element pid: 308, elementOrHash.elementID: 53449600384.780>
                                                  StaticText, 0x115895cc0 <AX element pid: 308, elementOrHash.elementID: 53449598144.776>
                                                  Other, 0x115895e00 <AX element pid: 308, elementOrHash.elementID: 53449590080.777>
                                                    Button, 0x115895f40, Selected <AX element pid: 308, elementOrHash.elementID: 53449597696.781>
                                                      StaticText, 0x115896080 <AX element pid: 308, elementOrHash.elementID: 53449604416.782>
                                                      StaticText, 0x1158961c0 <AX element pid: 308, elementOrHash.elementID: 53449603968.783>
                                                      StaticText, 0x115896300 <AX element pid: 308, elementOrHash.elementID: 53449597248.784>
                                                      StaticText, 0x115896440 <AX element pid: 308, elementOrHash.elementID: 53449594112.785>
                                                      StaticText, 0x115896580 <AX element pid: 308, elementOrHash.elementID: 53449603520.786>
                                                      StaticText, 0x1158966c0 <AX element pid: 308, elementOrHash.elementID: 53449598592.787>
                                                      StaticText, 0x115896800 <AX element pid: 308, elementOrHash.elementID: 53449589632.788>
                                                      StaticText, 0x115896940 <AX element pid: 308, elementOrHash.elementID: 53447825984.789>
                                                      Button, 0x115896a80 <AX element pid: 308, elementOrHash.elementID: 53447824192.790>
                                                      Button, 0x115896bc0 <AX element pid: 308, elementOrHash.elementID: 53447832256.791>
                                                      Button, 0x115896d00 <AX element pid: 308, elementOrHash.elementID: 53447830464.792>
                                                      Button, 0x115896e40 <AX element pid: 308, elementOrHash.elementID: 53447822400.793>
                                                      Button, 0x115896f80 <AX element pid: 308, elementOrHash.elementID: 53447826432.794>
                                                      Button, 0x1158970c0 <AX element pid: 308, elementOrHash.elementID: 53447829568.795>
                                                      Button, 0x115897200 <AX element pid: 308, elementOrHash.elementID: 53447829120.796>
                                                      Button, 0x115897340 <AX element pid: 308, elementOrHash.elementID: 53447823744.797>
                                                      Button, 0x115897480 <AX element pid: 308, elementOrHash.elementID: 53447831808.798>
                                                      Button, 0x1158975c0 <AX element pid: 308, elementOrHash.elementID: 53447833600.799>
                                                      Button, 0x115897700 <AX element pid: 308, elementOrHash.elementID: 53447819264.800>
                                                      Button, 0x115897840 <AX element pid: 308, elementOrHash.elementID: 53447821056.801>
                                                      Button, 0x115897980 <AX element pid: 308, elementOrHash.elementID: 53447828224.802>
                                                      Button, 0x115897ac0 <AX element pid: 308, elementOrHash.elementID: 53447830016.803>
                                                      Button, 0x115897c00 <AX element pid: 308, elementOrHash.elementID: 53447827776.804>
                                                      Button, 0x115897d40 <AX element pid: 308, elementOrHash.elementID: 53447819712.805>
                                                      Button, 0x115897e80 <AX element pid: 308, elementOrHash.elementID: 53447820160.806>
                                                      Button, 0x115898000 <AX element pid: 308, elementOrHash.elementID: 53447822848.807>
                                                      Button, 0x115898140 <AX element pid: 308, elementOrHash.elementID: 53447830912.808>
                                                      Button, 0x115898280, Selected <AX element pid: 308, elementOrHash.elementID: 53447832704.809>
                                                      Button, 0x1158983c0 <AX element pid: 308, elementOrHash.elementID: 53447828672.810>
                                                      Button, 0x115898500 <AX element pid: 308, elementOrHash.elementID: 53447833152.811>
                                                      Button, 0x115898640 <AX element pid: 308, elementOrHash.elementID: 53447820608.812>
                                                      Button, 0x115898780 <AX element pid: 308, elementOrHash.elementID: 53447823296.813>
                                                      Button, 0x1158988c0 <AX element pid: 308, elementOrHash.elementID: 53447825088.814>
                                                      Button, 0x115898a00 <AX element pid: 308, elementOrHash.elementID: 53447824640.815>
                                                      Button, 0x115898b40 <AX element pid: 308, elementOrHash.elementID: 53447821504.816>
                                                      Button, 0x115898c80 <AX element pid: 308, elementOrHash.elementID: 53447827328.817>
                                                      Button, 0x115898dc0 <AX element pid: 308, elementOrHash.elementID: 53447826880.818>
                                                      Button, 0x115898f00 <AX element pid: 308, elementOrHash.elementID: 53447834048.819>
                                                      Button, 0x115899040 <AX element pid: 308, elementOrHash.elementID: 53447831360.820>
                                          Other, 0x115899180 <AX element pid: 308, elementOrHash.elementID: 53425760256.770>
                                Other, 0x1158992c0 <AX element pid: 174, elementOrHash.elementID: 35911008704.1521>
                                  Other, 0x115899400 <AX element pid: 174, elementOrHash.elementID: 35911289472.1532>
                                    Other, 0x115899540 <AX element pid: 174, elementOrHash.elementID: 35890603200.1543>
                          Other, 0x115899680 <AX element pid: 174, elementOrHash.elementID: 36057350144.3007>
                            Other, 0x1158997c0 <AX element pid: 174, elementOrHash.elementID: 35892753088.3018>
                          Other, 0x115899900 <AX element pid: 174, elementOrHash.elementID: 36057350144.3007>
                            Other, 0x115899a40 <AX element pid: 174, elementOrHash.elementID: 35892753088.3018>
              Icon, 0x115899b80 <AX element pid: 174, elementOrHash.elementID: 35943698944.1370>
                Other, 0x115899cc0 <AX element pid: 174, elementOrHash.elementID: 35943606336.1386>
                  Other, 0x115899e00 <AX element pid: 174, elementOrHash.elementID: 35887733312.1401>
                    Other, 0x115899f40 <AX element pid: 174, elementOrHash.elementID: 35905684352.2973>
                      Other, 0x11589a080 <AX element pid: 174, elementOrHash.elementID: 35910462848.2982>
                        ScrollView, 0x11589a1c0 <AX element pid: 174, elementOrHash.elementID: 35952333824.2999>
                          Other, 0x11589a300 <AX element pid: 174, elementOrHash.elementID: 35923123712.3008>
                            Other, 0x11589a440 <AX element pid: 174, elementOrHash.elementID: 35957586368.3019>
                              Other, 0x11589a580 <AX element pid: 174, elementOrHash.elementID: 35911011840.1512>
                                Other, 0x11589a6c0 <AX element pid: 174, elementOrHash.elementID: 36044395520.1522>
                                  Other, 0x11589a800 <AX element pid: 174, elementOrHash.elementID: 35911012736.1533>
                                    Other, 0x11589a940 <AX element pid: 174, elementOrHash.elementID: 36043826176.1544>
                                      Other, 0x11589aa80 <AX element pid: 174, elementOrHash.elementID: 5658468804979518825.9999>
                                        Other, 0x11589abc0 <AX element pid: 308, elementOrHash.elementID: 53438652736.821>
                                          Other, 0x11589ad00 <AX element pid: 308, elementOrHash.elementID: 53438654080.822>
                                            Other, 0x11589ae40 <AX element pid: 308, elementOrHash.elementID: 53436614400.824>
                                              Other, 0x11589af80 <AX element pid: 308, elementOrHash.elementID: 53452304640.825>
                                                Other, 0x11589b0c0 <AX element pid: 308, elementOrHash.elementID: 53445092096.826>
                                                Other, 0x11589b200 <AX element pid: 308, elementOrHash.elementID: 53445097472.827>
                                                  StaticText, 0x11589b340 <AX element pid: 308, elementOrHash.elementID: 53448915840.828>
                                                    StaticText, 0x11589b480 <AX element pid: 308, elementOrHash.elementID: 53448912704.831>
                                                    StaticText, 0x11589b5c0 <AX element pid: 308, elementOrHash.elementID: 53448903744.832>
                                                    Image, 0x11589b700 <AX element pid: 308, elementOrHash.elementID: 53448909568.833>
                                                    StaticText, 0x11589b840 <AX element pid: 308, elementOrHash.elementID: 53448910016.834>
                                                    StaticText, 0x11589b980 <AX element pid: 308, elementOrHash.elementID: 53448901056.835>
                                                  Other, 0x11589bac0 <AX element pid: 308, elementOrHash.elementID: 53448905536.829>
                                                    Other, 0x11589bc00 <AX element pid: 308, elementOrHash.elementID: 53448916288.836>
                                                      StaticText, 0x11589bd40 <AX element pid: 308, elementOrHash.elementID: 53448908672.847>
                                                      Image, 0x11589be80 <AX element pid: 308, elementOrHash.elementID: 53448905984.848>
                                                      StaticText, 0x11589c000 <AX element pid: 308, elementOrHash.elementID: 53448913152.849>
                                                    Other, 0x11589c140 <AX element pid: 308, elementOrHash.elementID: 53448907776.837>
                                                      StaticText, 0x11589c280 <AX element pid: 308, elementOrHash.elementID: 53448904192.850>
                                                      Image, 0x11589c3c0 <AX element pid: 308, elementOrHash.elementID: 53448901504.851>
                                                      StaticText, 0x11589c500 <AX element pid: 308, elementOrHash.elementID: 53448904640.852>
                                                    Other, 0x11589c640 <AX element pid: 308, elementOrHash.elementID: 53448906432.838>
                                                      StaticText, 0x11589c780 <AX element pid: 308, elementOrHash.elementID: 53448907328.853>
                                                      Image, 0x11589c8c0 <AX element pid: 308, elementOrHash.elementID: 53448909120.854>
                                                      StaticText, 0x11589ca00 <AX element pid: 308, elementOrHash.elementID: 53448902400.855>
                                                    Other, 0x11589cb40 <AX element pid: 308, elementOrHash.elementID: 53448912256.839>
                                                      StaticText, 0x11589cc80 <AX element pid: 308, elementOrHash.elementID: 53448902848.856>
                                                      Image, 0x11589cdc0 <AX element pid: 308, elementOrHash.elementID: 53448905088.857>
                                                      StaticText, 0x11589cf00 <AX element pid: 308, elementOrHash.elementID: 53448908224.858>
                                                    Other, 0x11589d040 <AX element pid: 308, elementOrHash.elementID: 53448906880.840>
                                                      StaticText, 0x11589d180 <AX element pid: 308, elementOrHash.elementID: 53448910464.859>
                                                      Image, 0x11589d2c0 <AX element pid: 308, elementOrHash.elementID: 53448911808.860>
                                                      StaticText, 0x11589d400 <AX element pid: 308, elementOrHash.elementID: 53448914496.861>
                                                    Other, 0x11589d540 <AX element pid: 308, elementOrHash.elementID: 53448913600.841>
                                                      StaticText, 0x11589d680 <AX element pid: 308, elementOrHash.elementID: 53448914048.862>
                                                      Image, 0x11589d7c0 <AX element pid: 308, elementOrHash.elementID: 53448914944.863>
                                                      StaticText, 0x11589d900 <AX element pid: 308, elementOrHash.elementID: 53448901952.864>
                                                  Other, 0x11589da40 <AX element pid: 308, elementOrHash.elementID: 53448915392.830>
                                                    Other, 0x11589db80 <AX element pid: 308, elementOrHash.elementID: 53448911360.842>
                                                      StaticText, 0x11589dcc0 <AX element pid: 308, elementOrHash.elementID: 53448903296.865>
                                                      Image, 0x11589de00 <AX element pid: 308, elementOrHash.elementID: 53452292096.866>
                                                      StaticText, 0x11589df40 <AX element pid: 308, elementOrHash.elementID: 53452292544.867>
                                                      Other, 0x11589e080 <AX element pid: 308, elementOrHash.elementID: 53452292992.868>
                                                      StaticText, 0x11589e1c0 <AX element pid: 308, elementOrHash.elementID: 53452293440.869>
                                                    Other, 0x11589e300 <AX element pid: 308, elementOrHash.elementID: 53452293888.843>
                                                      StaticText, 0x11589e440 <AX element pid: 308, elementOrHash.elementID: 53452294336.870>
                                                      Image, 0x11589e580 <AX element pid: 308, elementOrHash.elementID: 53452294784.871>
                                                      StaticText, 0x11589e6c0 <AX element pid: 308, elementOrHash.elementID: 53452295232.872>
                                                      Other, 0x11589e800 <AX element pid: 308, elementOrHash.elementID: 53452295680.873>
                                                      StaticText, 0x11589e940 <AX element pid: 308, elementOrHash.elementID: 53452296128.874>
                                                    Other, 0x11589ea80 <AX element pid: 308, elementOrHash.elementID: 53452296576.844>
                                                      StaticText, 0x11589ebc0 <AX element pid: 308, elementOrHash.elementID: 53452297024.875>
                                                      Image, 0x11589ed00 <AX element pid: 308, elementOrHash.elementID: 53452297472.876>
                                                      StaticText, 0x11589ee40 <AX element pid: 308, elementOrHash.elementID: 53452297920.877>
                                                      Other, 0x11589ef80 <AX element pid: 308, elementOrHash.elementID: 53452298368.878>
                                                      StaticText, 0x11589f0c0 <AX element pid: 308, elementOrHash.elementID: 53452298816.879>
                                                    Other, 0x11589f200 <AX element pid: 308, elementOrHash.elementID: 53452299264.845>
                                                      StaticText, 0x11589f340 <AX element pid: 308, elementOrHash.elementID: 53452299712.880>
                                                      Image, 0x11589f480 <AX element pid: 308, elementOrHash.elementID: 53452300160.881>
                                                      StaticText, 0x11589f5c0 <AX element pid: 308, elementOrHash.elementID: 53452300608.882>
                                                      Other, 0x11589f700 <AX element pid: 308, elementOrHash.elementID: 53452301056.883>
                                                      StaticText, 0x11589f840 <AX element pid: 308, elementOrHash.elementID: 53452301504.884>
                                                    Other, 0x11589f980 <AX element pid: 308, elementOrHash.elementID: 53452301952.846>
                                                      StaticText, 0x11589fac0 <AX element pid: 308, elementOrHash.elementID: 53452302400.885>
                                                      Image, 0x11589fc00 <AX element pid: 308, elementOrHash.elementID: 53452302848.886>
                                                      StaticText, 0x11589fd40 <AX element pid: 308, elementOrHash.elementID: 53452303296.887>
                                                      Other, 0x11589fe80 <AX element pid: 308, elementOrHash.elementID: 53452303744.888>
                                                      StaticText, 0x1158a0000 <AX element pid: 308, elementOrHash.elementID: 53452304192.889>
                                          Other, 0x1158a0140 <AX element pid: 308, elementOrHash.elementID: 53425759232.823>
                                Other, 0x1158a0280 <AX element pid: 174, elementOrHash.elementID: 35911016320.1523>
                                  Other, 0x1158a03c0 <AX element pid: 174, elementOrHash.elementID: 35911290368.1534>
                                    Other, 0x1158a0500 <AX element pid: 174, elementOrHash.elementID: 35890596480.1545>
                          Other, 0x1158a0640 <AX element pid: 174, elementOrHash.elementID: 36055542272.3009>
                            Other, 0x1158a0780 <AX element pid: 174, elementOrHash.elementID: 35954368384.3020>
                          Other, 0x1158a08c0 <AX element pid: 174, elementOrHash.elementID: 36055542272.3009>
                            Other, 0x1158a0a00 <AX element pid: 174, elementOrHash.elementID: 35954368384.3020>
              Icon, 0x1158a0b40 <AX element pid: 174, elementOrHash.elementID: 35943730176.142>
                Other, 0x1158a0c80 <AX element pid: 174, elementOrHash.elementID: 35943610368.184>
                  Other, 0x1158a0dc0 <AX element pid: 174, elementOrHash.elementID: 35910748352.249>
                    Other, 0x1158a0f00 <AX element pid: 174, elementOrHash.elementID: 35887487872.2829>
                      Other, 0x1158a1040 <AX element pid: 174, elementOrHash.elementID: 35887488512.2983>
                  Other, 0x1158a1180 <AX element pid: 174, elementOrHash.elementID: 35903651840.250>
                    Other, 0x1158a12c0 <AX element pid: 174, elementOrHash.elementID: 35910760000.318>
                      Image, 0x1158a1400 <AX element pid: 174, elementOrHash.elementID: 36046519808.413>
                      Image, 0x1158a1540 <AX element pid: 174, elementOrHash.elementID: 36046519296.414>
              Icon, 0x1158a1680 <AX element pid: 174, elementOrHash.elementID: 35943681024.139>
                Other, 0x1158a17c0 <AX element pid: 174, elementOrHash.elementID: 35943601408.181>
                  Other, 0x1158a1900 <AX element pid: 174, elementOrHash.elementID: 35903861888.243>
                    Other, 0x1158a1a40 <AX element pid: 174, elementOrHash.elementID: 35889723136.1443>
                      Other, 0x1158a1b80 <AX element pid: 174, elementOrHash.elementID: 35887484672.2984>
                  Other, 0x1158a1cc0 <AX element pid: 174, elementOrHash.elementID: 35904824704.244>
                    Other, 0x1158a1e00 <AX element pid: 174, elementOrHash.elementID: 35903863680.312>
                      Image, 0x1158a1f40 <AX element pid: 174, elementOrHash.elementID: 36044148736.404>
                      Image, 0x1158a2080 <AX element pid: 174, elementOrHash.elementID: 36044146176.405>
              Icon, 0x1158a21c0 <AX element pid: 174, elementOrHash.elementID: 35905496064.1369>
                Other, 0x1158a2300 <AX element pid: 174, elementOrHash.elementID: 35889614336.1384>
                  Other, 0x1158a2440 <AX element pid: 174, elementOrHash.elementID: 35889614784.1399>
                    Other, 0x1158a2580 <AX element pid: 174, elementOrHash.elementID: 35876097792.2974>
                      Other, 0x1158a26c0 <AX element pid: 174, elementOrHash.elementID: 35887482112.2985>
                  Other, 0x1158a2800 <AX element pid: 174, elementOrHash.elementID: 35889722496.1738>
                    Other, 0x1158a2940 <AX element pid: 174, elementOrHash.elementID: 35889615232.1748>
                      Image, 0x1158a2a80 <AX element pid: 174, elementOrHash.elementID: 36055474688.1766>
                      Image, 0x1158a2bc0 <AX element pid: 174, elementOrHash.elementID: 36055474176.1767>
              Icon, 0x1158a2d00 <AX element pid: 174, elementOrHash.elementID: 35904845312.1558>
                Other, 0x1158a2e40 <AX element pid: 174, elementOrHash.elementID: 35889592320.1577>
                  Other, 0x1158a2f80 <AX element pid: 174, elementOrHash.elementID: 35889592768.1609>
                    Other, 0x1158a30c0 <AX element pid: 174, elementOrHash.elementID: 35887331072.2786>
                      Other, 0x1158a3200 <AX element pid: 174, elementOrHash.elementID: 35887483392.2986>
                  Other, 0x1158a3340 <AX element pid: 174, elementOrHash.elementID: 35888235776.1610>
                    Other, 0x1158a3480 <AX element pid: 174, elementOrHash.elementID: 35889591424.1648>
                      Image, 0x1158a35c0 <AX element pid: 174, elementOrHash.elementID: 36053847040.1708>
                      Image, 0x1158a3700 <AX element pid: 174, elementOrHash.elementID: 36053845504.1709>
              Icon, 0x1158a3840 <AX element pid: 174, elementOrHash.elementID: 35943585792.1553>
                Other, 0x1158a3980 <AX element pid: 174, elementOrHash.elementID: 35943597824.1572>
                  Other, 0x1158a3ac0 <AX element pid: 174, elementOrHash.elementID: 35921981248.1599>
                    Other, 0x1158a3c00 <AX element pid: 174, elementOrHash.elementID: 35941857664.292>
                      Other, 0x1158a3d40 <AX element pid: 174, elementOrHash.elementID: 35903660800.2987>
                  Other, 0x1158a3e80 <AX element pid: 174, elementOrHash.elementID: 35922149376.1600>
                    Other, 0x1158a8000 <AX element pid: 174, elementOrHash.elementID: 35921981696.1639>
                      Image, 0x1158a8140 <AX element pid: 174, elementOrHash.elementID: 36039293440.1693>
                      Image, 0x1158a8280 <AX element pid: 174, elementOrHash.elementID: 36039292928.1694>
              Icon, 0x1158a83c0 <AX element pid: 174, elementOrHash.elementID: 35943682560.131>
                Other, 0x1158a8500 <AX element pid: 174, elementOrHash.elementID: 35943601856.173>
                  Other, 0x1158a8640 <AX element pid: 174, elementOrHash.elementID: 35921978560.227>
                    Other, 0x1158a8780 <AX element pid: 174, elementOrHash.elementID: 35875790976.2975>
                      Other, 0x1158a88c0 <AX element pid: 174, elementOrHash.elementID: 35909321984.2988>
                  Other, 0x1158a8a00 <AX element pid: 174, elementOrHash.elementID: 35921997696.228>
                    Other, 0x1158a8b40 <AX element pid: 174, elementOrHash.elementID: 35921979008.295>
                      Image, 0x1158a8c80 <AX element pid: 174, elementOrHash.elementID: 36039285760.379>
                      Image, 0x1158a8dc0 <AX element pid: 174, elementOrHash.elementID: 36039285248.380>
              Icon, 0x1158a8f00 <AX element pid: 174, elementOrHash.elementID: 35943584256.128>
                Other, 0x1158a9040 <AX element pid: 174, elementOrHash.elementID: 35943597376.170>
                  Other, 0x1158a9180 <AX element pid: 174, elementOrHash.elementID: 35903857856.221>
                    Other, 0x1158a92c0 <AX element pid: 174, elementOrHash.elementID: 35943798400.306>
                      Other, 0x1158a9400 <AX element pid: 174, elementOrHash.elementID: 35887347456.2989>
                  Other, 0x1158a9540 <AX element pid: 174, elementOrHash.elementID: 35949556224.222>
                    Other, 0x1158a9680 <AX element pid: 174, elementOrHash.elementID: 35903857408.289>
                      Image, 0x1158a97c0 <AX element pid: 174, elementOrHash.elementID: 36039485440.370>
                      Image, 0x1158a9900 <AX element pid: 174, elementOrHash.elementID: 36039485952.371>
              Icon, 0x1158a9a40 <AX element pid: 174, elementOrHash.elementID: 35905397760.1375>
                Other, 0x1158a9b80 <AX element pid: 174, elementOrHash.elementID: 35889808256.1391>
                  Other, 0x1158a9cc0 <AX element pid: 174, elementOrHash.elementID: 35889808704.1411>
                    Other, 0x1158a9e00 <AX element pid: 174, elementOrHash.elementID: 35888232832.1428>
                      Other, 0x1158a9f40 <AX element pid: 174, elementOrHash.elementID: 35887491072.2990>
                  Other, 0x1158aa080 <AX element pid: 174, elementOrHash.elementID: 35889824384.1412>
                    Other, 0x1158aa1c0 <AX element pid: 174, elementOrHash.elementID: 35889809152.1437>
                      Image, 0x1158aa300 <AX element pid: 174, elementOrHash.elementID: 36055536640.1469>
                      Image, 0x1158aa440 <AX element pid: 174, elementOrHash.elementID: 36055536128.1470>
              Icon, 0x1158aa580 <AX element pid: 174, elementOrHash.elementID: 35904831488.1559>
                Other, 0x1158aa6c0 <AX element pid: 174, elementOrHash.elementID: 35922777792.1578>
                  Other, 0x1158aa800 <AX element pid: 174, elementOrHash.elementID: 35922772864.1611>
                    Other, 0x1158aa940 <AX element pid: 174, elementOrHash.elementID: 35887348096.1427>
                      Other, 0x1158aaa80 <AX element pid: 174, elementOrHash.elementID: 35889825664.2991>
                  Other, 0x1158aabc0 <AX element pid: 174, elementOrHash.elementID: 35888229632.1612>
                    Other, 0x1158aad00 <AX element pid: 174, elementOrHash.elementID: 35922782720.1651>
                      Image, 0x1158aae40 <AX element pid: 174, elementOrHash.elementID: 36055022080.1712>
                      Image, 0x1158aaf80 <AX element pid: 174, elementOrHash.elementID: 36055017472.1713>
              Icon, 0x1158ab0c0 <AX element pid: 174, elementOrHash.elementID: 35905399296.1374>
                Other, 0x1158ab200 <AX element pid: 174, elementOrHash.elementID: 35889810496.1390>
                  Other, 0x1158ab340 <AX element pid: 174, elementOrHash.elementID: 35889810944.1409>
                    Other, 0x1158ab480 <AX element pid: 174, elementOrHash.elementID: 35887346816.2976>
                      Other, 0x1158ab5c0 <AX element pid: 174, elementOrHash.elementID: 35909320704.2992>
                  Other, 0x1158ab700 <AX element pid: 174, elementOrHash.elementID: 35889826944.1410>
                    Other, 0x1158ab840 <AX element pid: 174, elementOrHash.elementID: 35889811392.1435>
                      Image, 0x1158ab980 <AX element pid: 174, elementOrHash.elementID: 36055538688.1466>
                      Image, 0x1158abac0 <AX element pid: 174, elementOrHash.elementID: 36055538176.1467>
              Icon, 0x1158abc00 <AX element pid: 174, elementOrHash.elementID: 35908016128.1373>
                Other, 0x1158abd40 <AX element pid: 174, elementOrHash.elementID: 35910462400.1389>
                  Other, 0x1158abe80 <AX element pid: 174, elementOrHash.elementID: 35910459712.1407>
                    Other, 0x1158b0000 <AX element pid: 174, elementOrHash.elementID: 35903663360.302>
                      Other, 0x1158b0140 <AX element pid: 174, elementOrHash.elementID: 35887342336.2993>
                    Other, 0x1158b0280 <AX element pid: 174, elementOrHash.elementID: 35922157696.1650>
                      Other, 0x1158b03c0 <AX element pid: 174, elementOrHash.elementID: 35922184384.1711>
                        Image, 0x1158b0500 <AX element pid: 174, elementOrHash.elementID: 36050305536.1726>
                  Other, 0x1158b0640 <AX element pid: 174, elementOrHash.elementID: 35888207488.1408>
                    Other, 0x1158b0780 <AX element pid: 174, elementOrHash.elementID: 35887805568.1433>
                      Image, 0x1158b08c0 <AX element pid: 174, elementOrHash.elementID: 36053785600.1462>
                      Image, 0x1158b0a00 <AX element pid: 174, elementOrHash.elementID: 36053794304.1463>
              Icon, 0x1158b0b40 <AX element pid: 174, elementOrHash.elementID: 35943582720.1371>
                Other, 0x1158b0c80 <AX element pid: 174, elementOrHash.elementID: 35943596928.1387>
                  Other, 0x1158b0dc0 <AX element pid: 174, elementOrHash.elementID: 35892718080.1403>
                    Other, 0x1158b0f00 <AX element pid: 174, elementOrHash.elementID: 35876106752.2785>
                      Other, 0x1158b1040 <AX element pid: 174, elementOrHash.elementID: 35887494272.2994>
                  Other, 0x1158b1180 <AX element pid: 174, elementOrHash.elementID: 35888225152.1404>
                    Other, 0x1158b12c0 <AX element pid: 174, elementOrHash.elementID: 35887799744.1429>
                      Image, 0x1158b1400 <AX element pid: 174, elementOrHash.elementID: 36055009280.1455>
                      Image, 0x1158b1540 <AX element pid: 174, elementOrHash.elementID: 36055019008.1456>
            Icon, 0x1158b1680 <AX element pid: 174, elementOrHash.elementID: 36035588864.64>
              Icon, 0x1158b17c0 <AX element pid: 174, elementOrHash.elementID: 36024186368.614>
              Icon, 0x1158b1900 <AX element pid: 174, elementOrHash.elementID: 36023795456.615>
              Icon, 0x1158b1a40 <AX element pid: 174, elementOrHash.elementID: 36024184832.616>
              Icon, 0x1158b1b80 <AX element pid: 174, elementOrHash.elementID: 36024207808.617>
              Icon, 0x1158b1cc0 <AX element pid: 174, elementOrHash.elementID: 36023793536.618>
              Icon, 0x1158b1e00 <AX element pid: 174, elementOrHash.elementID: 36024212608.619>
              Icon, 0x1158b1f40 <AX element pid: 174, elementOrHash.elementID: 36024842880.620>
              Icon, 0x1158b2080 <AX element pid: 174, elementOrHash.elementID: 36024214144.621>
              Icon, 0x1158b21c0 <AX element pid: 174, elementOrHash.elementID: 36023794880.622>
              Icon, 0x1158b2300 <AX element pid: 174, elementOrHash.elementID: 36024254464.623>
              Icon, 0x1158b2440 <AX element pid: 174, elementOrHash.elementID: 36024260992.624>
              Icon, 0x1158b2580 <AX element pid: 174, elementOrHash.elementID: 36024843072.625>
              Icon, 0x1158b26c0 <AX element pid: 174, elementOrHash.elementID: 36024180992.626>
              Icon, 0x1158b2800 <AX element pid: 174, elementOrHash.elementID: 36023793728.627>
              Icon, 0x1158b2940 <AX element pid: 174, elementOrHash.elementID: 36024181568.628>
              Icon, 0x1158b2a80 <AX element pid: 174, elementOrHash.elementID: 36024205888.629>
              Icon, 0x1158b2bc0 <AX element pid: 174, elementOrHash.elementID: 36024259264.630>
              Icon, 0x1158b2d00 <AX element pid: 174, elementOrHash.elementID: 36024261568.631>
              Icon, 0x1158b2e40 <AX element pid: 174, elementOrHash.elementID: 36024177536.632>
              Icon, 0x1158b2f80 <AX element pid: 174, elementOrHash.elementID: 36024840192.633>
              Icon, 0x1158b30c0 <AX element pid: 174, elementOrHash.elementID: 36024838656.634>
              Icon, 0x1158b3200 <AX element pid: 174, elementOrHash.elementID: 36023791232.635>
              Icon, 0x1158b3340 <AX element pid: 174, elementOrHash.elementID: 36024184448.636>
              Icon, 0x1158b3480 <AX element pid: 174, elementOrHash.elementID: 36024209920.637>
              Icon, 0x1158b35c0 <AX element pid: 174, elementOrHash.elementID: 36023786816.638>
              Icon, 0x1158b3700 <AX element pid: 174, elementOrHash.elementID: 36024259072.639>
              Icon, 0x1158b3840 <AX element pid: 174, elementOrHash.elementID: 36024188096.640>
              Icon, 0x1158b3980 <AX element pid: 174, elementOrHash.elementID: 36057335872.2961>
            Icon, 0x1158b3ac0 <AX element pid: 174, elementOrHash.elementID: 36035589376.65>
              Icon, 0x1158b3c00 <AX element pid: 174, elementOrHash.elementID: 36023791424.143>
            PageIndicator, 0x1158b3d40 <AX element pid: 174, elementOrHash.elementID: 35941843584.66>
        Other, 0x1158b3e80 <AX element pid: 174, elementOrHash.elementID: 36034925568.45>
          Other, 0x1158cc000 <AX element pid: 174, elementOrHash.elementID: 35951750528.2944>
            Other, 0x1158cc140 <AX element pid: 174, elementOrHash.elementID: 35887654528.2947>
              Other, 0x1158cc280 <AX element pid: 174, elementOrHash.elementID: 35887652736.2962>
                Other, 0x1158cc3c0 <AX element pid: 174, elementOrHash.elementID: 36055707648.2965>
                  Other, 0x1158cc500 <AX element pid: 174, elementOrHash.elementID: 35887646464.2968>
              Other, 0x1158cc640 <AX element pid: 174, elementOrHash.elementID: 36055711232.2963>
                Other, 0x1158cc780 <AX element pid: 174, elementOrHash.elementID: 35887652288.2966>
              Other, 0x1158cc8c0 <AX element pid: 174, elementOrHash.elementID: 36055698432.2964>
                Other, 0x1158cca00 <AX element pid: 174, elementOrHash.elementID: 35887649152.2967>
      Other, 0x1158ccb40 <AX element pid: 174, elementOrHash.elementID: 36034935808.32>
  Window, 0x1158ccc80 <AX element pid: 174, elementOrHash.elementID: 36032077824.11>
    Other, 0x1158ccdc0 <AX element pid: 174, elementOrHash.elementID: 35953538624.20>
      Other, 0x1158ccf00 <AX element pid: 174, elementOrHash.elementID: 35953538176.33>
  Window, 0x1158cd040 <AX element pid: 174, elementOrHash.elementID: 36018690304.12>
    Other, 0x1158cd180 <AX element pid: 174, elementOrHash.elementID: 36017882432.21>
      Other, 0x1158cd2c0 <AX element pid: 174, elementOrHash.elementID: 36038462464.34>
        Other, 0x1158cd400 <AX element pid: 174, elementOrHash.elementID: 35920632704.46>
          Other, 0x1158cd540 <AX element pid: 174, elementOrHash.elementID: 35920548672.54>
            Other, 0x1158cd680 <AX element pid: 174, elementOrHash.elementID: 35910751040.2948>
            Other, 0x1158cd7c0 <AX element pid: 174, elementOrHash.elementID: 35907105024.2949>
            Other, 0x1158cd900 <AX element pid: 174, elementOrHash.elementID: 35920551360.69>
            Other, 0x1158cda40 <AX element pid: 174, elementOrHash.elementID: 35920551808.70>
            Other, 0x1158cdb80 <AX element pid: 174, elementOrHash.elementID: 35887657216.2950>
            Other, 0x1158cdcc0 <AX element pid: 174, elementOrHash.elementID: 35887649600.2951>
            Other, 0x1158cde00 <AX element pid: 174, elementOrHash.elementID: 35920553152.73>
            Other, 0x1158cdf40 <AX element pid: 174, elementOrHash.elementID: 35920549120.74>
      Other, 0x1158ce080 <AX element pid: 174, elementOrHash.elementID: 36049184256.2942>
        Other, 0x1158ce1c0 <AX element pid: 174, elementOrHash.elementID: 11494289431044805875.9999>
          Other, 0x1158ce300 <AX element pid: 333, elementOrHash.elementID: 4309013472.4>
            Other, 0x1158ce440 <AX element pid: 333, elementOrHash.elementID: 4309041312.5>
              Other, 0x1158ce580 <AX element pid: 333, elementOrHash.elementID: 4308983520.6>
                Other, 0x1158ce6c0 <AX element pid: 333, elementOrHash.elementID: 4309005120.7>
      Other, 0x1158ce800 <AX element pid: 174, elementOrHash.elementID: 36058049536.2867>
        Other, 0x1158ce940 <AX element pid: 174, elementOrHash.elementID: 35889837824.2868>
          Other, 0x1158cea80 <AX element pid: 174, elementOrHash.elementID: 35890595584.2870>
  Window, 0x1158cebc0 <AX element pid: 174, elementOrHash.elementID: 36018691584.13>
    Other, 0x1158ced00 <AX element pid: 174, elementOrHash.elementID: 36017885568.22>
  Window, 0x1158cee40 <AX element pid: 174, elementOrHash.elementID: 36018685184.1812>
    Other, 0x1158cef80 <AX element pid: 174, elementOrHash.elementID: 35889648896.1813>
      Other, 0x1158cf0c0 <AX element pid: 174, elementOrHash.elementID: 35887702784.1815>
  Window, 0x1158cf200 <AX element pid: 174, elementOrHash.elementID: 35951108864.14>
    Other, 0x1158cf340 <AX element pid: 174, elementOrHash.elementID: 35953539072.23>
      Other, 0x1158cf480 <AX element pid: 174, elementOrHash.elementID: 35953539968.37>
  Window, 0x1158cf5c0 <AX element pid: 174, elementOrHash.elementID: 35920354816.15>
    Other, 0x1158cf700 <AX element pid: 174, elementOrHash.elementID: 35923110400.24>
      Other, 0x1158cf840 <AX element pid: 174, elementOrHash.elementID: 35923112192.38>
  Window, 0x1158cf980 <AX element pid: 174, elementOrHash.elementID: 36036372480.9>
    Other, 0x1158cfac0 <AX element pid: 174, elementOrHash.elementID: 35942339840.25>
      Other, 0x1158cfc00 <AX element pid: 174, elementOrHash.elementID: 35942340288.39>
        Other, 0x1158cfd40 <AX element pid: 174, elementOrHash.elementID: 35942345216.48>
        Other, 0x1158cfe80 <AX element pid: 174, elementOrHash.elementID: 35942345664.49>
        Other, 0x1158d4000 <AX element pid: 174, elementOrHash.elementID: 35941851264.50>
          Other, 0x1158d4140 <AX element pid: 174, elementOrHash.elementID: 36036367360.56>
            Icon, 0x1158d4280 <AX element pid: 174, elementOrHash.elementID: 35943737856.6>
              Other, 0x1158d43c0 <AX element pid: 174, elementOrHash.elementID: 35943844928.145>
                Other, 0x1158d4500 <AX element pid: 174, elementOrHash.elementID: 35943845376.185>
                  Other, 0x1158d4640 <AX element pid: 174, elementOrHash.elementID: 35943797760.251>
                    Other, 0x1158d4780 <AX element pid: 174, elementOrHash.elementID: 35943806720.319>
            Icon, 0x1158d48c0 <AX element pid: 174, elementOrHash.elementID: 35943739392.75>
              Other, 0x1158d4a00 <AX element pid: 174, elementOrHash.elementID: 35943845824.146>
                Other, 0x1158d4b40 <AX element pid: 174, elementOrHash.elementID: 35943846272.186>
                  Other, 0x1158d4c80 <AX element pid: 174, elementOrHash.elementID: 35943792640.252>
                    Other, 0x1158d4dc0 <AX element pid: 174, elementOrHash.elementID: 35943808000.320>
            Icon, 0x1158d4f00 <AX element pid: 174, elementOrHash.elementID: 35943740928.76>
              Other, 0x1158d5040 <AX element pid: 174, elementOrHash.elementID: 35943846720.147>
                Other, 0x1158d5180 <AX element pid: 174, elementOrHash.elementID: 35943847168.187>
                  Other, 0x1158d52c0 <AX element pid: 174, elementOrHash.elementID: 35941855104.253>
                    Other, 0x1158d5400 <AX element pid: 174, elementOrHash.elementID: 35944039040.321>
            Icon, 0x1158d5540 <AX element pid: 174, elementOrHash.elementID: 35944136704.77>
              Other, 0x1158d5680 <AX element pid: 174, elementOrHash.elementID: 35943847616.148>
                Other, 0x1158d57c0 <AX element pid: 174, elementOrHash.elementID: 35943848064.188>
                  Other, 0x1158d5900 <AX element pid: 174, elementOrHash.elementID: 35943795840.254>
                    Other, 0x1158d5a40 <AX element pid: 174, elementOrHash.elementID: 35944040320.322>
            Icon, 0x1158d5b80 <AX element pid: 174, elementOrHash.elementID: 35944138240.78>
              Other, 0x1158d5cc0 <AX element pid: 174, elementOrHash.elementID: 35943848512.149>
                Other, 0x1158d5e00 <AX element pid: 174, elementOrHash.elementID: 35943848960.189>
                  Other, 0x1158d5f40 <AX element pid: 174, elementOrHash.elementID: 35941858304.255>
                    Other, 0x1158d6080 <AX element pid: 174, elementOrHash.elementID: 35949554944.2977>
            Icon, 0x1158d61c0 <AX element pid: 174, elementOrHash.elementID: 35944139776.79>
              Other, 0x1158d6300 <AX element pid: 174, elementOrHash.elementID: 35943849856.150>
                Other, 0x1158d6440 <AX element pid: 174, elementOrHash.elementID: 35943850304.190>
                  Other, 0x1158d6580 <AX element pid: 174, elementOrHash.elementID: 35943799040.256>
                    Other, 0x1158d66c0 <AX element pid: 174, elementOrHash.elementID: 35944043520.324>
            Icon, 0x1158d6800 <AX element pid: 174, elementOrHash.elementID: 35944141312.80>
              Other, 0x1158d6940 <AX element pid: 174, elementOrHash.elementID: 35943850752.151>
                Other, 0x1158d6a80 <AX element pid: 174, elementOrHash.elementID: 35943851200.191>
                  Other, 0x1158d6bc0 <AX element pid: 174, elementOrHash.elementID: 35941853184.257>
                    Other, 0x1158d6d00 <AX element pid: 174, elementOrHash.elementID: 35944044800.325>
          Other, 0x1158d6e40 <AX element pid: 174, elementOrHash.elementID: 36036369408.57>
            Icon, 0x1158d6f80 <AX element pid: 174, elementOrHash.elementID: 35941698560.81>
              Other, 0x1158d70c0 <AX element pid: 174, elementOrHash.elementID: 35942346112.152>
                Other, 0x1158d7200 <AX element pid: 174, elementOrHash.elementID: 35943611712.192>
                  Other, 0x1158d7340 <AX element pid: 174, elementOrHash.elementID: 35941853824.258>
                    Other, 0x1158d7480 <AX element pid: 174, elementOrHash.elementID: 35943800960.326>
            Icon, 0x1158d75c0 <AX element pid: 174, elementOrHash.elementID: 35943734784.82>
              Other, 0x1158d7700 <AX element pid: 174, elementOrHash.elementID: 35943841792.153>
                Other, 0x1158d7840 <AX element pid: 174, elementOrHash.elementID: 35943842240.193>
                  Other, 0x1158d7980 <AX element pid: 174, elementOrHash.elementID: 35943794560.259>
                    Other, 0x1158d7ac0 <AX element pid: 174, elementOrHash.elementID: 35943802240.327>
                  Other, 0x1158d7c00 <AX element pid: 174, elementOrHash.elementID: 35889825024.1441>
                    Other, 0x1158d7d40 <AX element pid: 174, elementOrHash.elementID: 35889810048.1475>
                      Image, 0x1158d7e80 <AX element pid: 174, elementOrHash.elementID: 36055537152.1486>
          Other, 0x1158e0000 <AX element pid: 174, elementOrHash.elementID: 36036368384.58>
          Icon, 0x1158e0140 <AX element pid: 174, elementOrHash.elementID: 35944142848.59>
            Other, 0x1158e0280 <AX element pid: 174, elementOrHash.elementID: 35887499776.2952>
            Other, 0x1158e03c0 <AX element pid: 174, elementOrHash.elementID: 35921987456.2953>
            Other, 0x1158e0500 <AX element pid: 174, elementOrHash.elementID: 35906212864.2954>
            Other, 0x1158e0640 <AX element pid: 174, elementOrHash.elementID: 35891053184.513>
      Other, 0x1158e0780 <AX element pid: 174, elementOrHash.elementID: 35944048000.40>
        Other, 0x1158e08c0 <AX element pid: 174, elementOrHash.elementID: 36037143040.51>
          Other, 0x1158e0a00 <AX element pid: 174, elementOrHash.elementID: 15888323694556361868.9999>
            Other, 0x1158e0b40 <AX element pid: 303, elementOrHash.elementID: 4312005392.4>
              Other, 0x1158e0c80 <AX element pid: 303, elementOrHash.elementID: 33807598848.5>
                Other, 0x1158e0dc0 <AX element pid: 303, elementOrHash.elementID: 33807631232.6>
                  Other, 0x1158e0f00 <AX element pid: 303, elementOrHash.elementID: 33807630336.7>
          Other, 0x1158e1040 <AX element pid: 174, elementOrHash.elementID: 4828928117917013637.9999>
            Other, 0x1158e1180 <AX element pid: 303, elementOrHash.elementID: 33807632128.8>
              Other, 0x1158e12c0 <AX element pid: 303, elementOrHash.elementID: 33807633920.9>
          Other, 0x1158e1400 <AX element pid: 174, elementOrHash.elementID: 4707142009615084407.9999>
  Window, 0x1158e1540 <AX element pid: 174, elementOrHash.elementID: 36022010880.16>
    StatusBar, 0x1158e1680 <AX element pid: 174, elementOrHash.elementID: 36017866624.26>
      Other, 0x1158e17c0 <AX element pid: 174, elementOrHash.elementID: 36021977088.41>
        Other, 0x1158e1900 <AX element pid: 174, elementOrHash.elementID: 35910747456.2943>
          Other, 0x1158e1a40 <AX element pid: 174, elementOrHash.elementID: 35910750144.2945>
            StaticText, 0x1158e1b80 <AX element pid: 174, elementOrHash.elementID: 35893191424.2955>
            StaticText, 0x1158e1cc0 <AX element pid: 174, elementOrHash.elementID: 35893196800.2956>
          Other, 0x1158e1e00 <AX element pid: 174, elementOrHash.elementID: 35910748800.2946>
            Other, 0x1158e1f40 <AX element pid: 174, elementOrHash.elementID: 36055708672.2957>
            Image, 0x1158e2080 <AX element pid: 174, elementOrHash.elementID: 35887438080.2958>
            StaticText, 0x1158e21c0 <AX element pid: 174, elementOrHash.elementID: 35951741568.2959>
            Other, 0x1158e2300 <AX element pid: 174, elementOrHash.elementID: 35887440640.2960>
    Other, 0x1158e2440 <AX element pid: 174, elementOrHash.elementID: 36017881984.27>
  Window, 0x1158e2580 <AX element pid: 174, elementOrHash.elementID: 36032072704.17>
    Other, 0x1158e26c0 <AX element pid: 174, elementOrHash.elementID: 35953535488.28>
  Window, 0x1158e2800 <AX element pid: 174, elementOrHash.elementID: 36032076800.18>
    Other, 0x1158e2940 <AX element pid: 174, elementOrHash.elementID: 35953537728.29>
10:02:24.459 WebDriverAgentRunner-Runner[1852:329613] Found matches {(
    StatusBar
)} with root Application, pid: 174
10:02:24.459 WebDriverAgentRunner-Runner[1852:329613] <XCTContext: 0x1141895e0> finished activity <XCActivityRecord: 0x114d717a0> 2026-07-20 03:02:24 +0000: Find the StatusBar (Element at index 0) (0.392347s)
10:02:24.460 WebDriverAgentRunner-Runner[1852:329613] Creating future for 'checking for continuity enablement' with timeout 30.00
10:02:24.460 WebDriverAgentRunner-Runner[1852:329613] <XCTWaiter: 0x1157ec300> entering wait loop for 30.00s with expectations: `checking for continuity enablement`
10:02:24.461 WebDriverAgentRunner-Runner[1852:329613] Returning result XCTWaiterResultCompleted for synchronous waiter <XCTWaiter: 0x1157ec300>
10:02:24.461 WebDriverAgentRunner-Runner[1852:329613] Wait <XCTWaiterWait: 0x1158e5480> completed after 0.001s
10:02:24.461 WebDriverAgentRunner-Runner[1852:329613] cleaning up checking for continuity enablement
10:02:24.461 WebDriverAgentRunner-Runner[1852:329613] Creating future for 'fetching attributes 'XC_kAXXCAttributeFrame', 'XC_kAXXCAttributeWindowDisplayId', 'XC_kAXXCAttributeWindowContextId' for AX element pid: 174, elementOrHash.elementID: 36017866624.26' with timeout 30.00
10:02:24.462 WebDriverAgentRunner-Runner[1852:329613] <XCTWaiter: 0x1157ec7e0> entering wait loop for 30.00s with expectations: `fetching attributes 'XC_kAXXCAttributeFrame', 'XC_kAXXCAttributeWindowDisplayId', 'XC_kAXXCAttributeWindowContextId' for AX element pid: 174, elementOrHash.elementID: 36017866624.26`
10:02:24.464 WebDriverAgentRunner-Runner[1852:329613] Returning result XCTWaiterResultCompleted for synchronous waiter <XCTWaiter: 0x1157ec7e0>
10:02:24.464 WebDriverAgentRunner-Runner[1852:329613] Wait <XCTWaiterWait: 0x1158e5300> completed after 0.003s
10:02:24.465 WebDriverAgentRunner-Runner[1852:329613] cleaning up fetching attributes 'XC_kAXXCAttributeFrame', 'XC_kAXXCAttributeWindowDisplayId', 'XC_kAXXCAttributeWindowContextId' for AX element pid: 174, elementOrHash.elementID: 36017866624.26
10:02:24.465 WebDriverAgentRunner-Runner[1852:329613] StatusBar (AX element pid: 174, elementOrHash.elementID: 36017866624.26) faulted in {
    "XC_kAXXCAttributeFrame" =     {
        Height = 32;
        Width = 1024;
        X = 0;
        Y = 0;
    };
    "XC_kAXXCAttributeWindowContextId" = 2087488016;
    "XC_kAXXCAttributeWindowDisplayId" = 1;
}: (no error) for frame using XC_kAXXCAttributeFrame, XC_kAXXCAttributeWindowDisplayId, XC_kAXXCAttributeWindowContextId
10:02:24.465 WebDriverAgentRunner-Runner[1852:329613] getting parameterized attribute XC_kAXXCParameterizedAttributeConvertHostedViewFrame with parameter (
        {
        Height = 32;
        Width = 1024;
        X = 0;
        Y = 0;
    },
    2087488016,
    1
)
10:02:24.465 WebDriverAgentRunner-Runner[1852:329613] Creating future for 'getting parameterized attribute XC_kAXXCParameterizedAttributeConvertHostedViewFrame' with timeout 65.00
10:02:24.465 WebDriverAgentRunner-Runner[1852:329613] <XCTWaiter: 0x1157ec840> entering wait loop for 65.00s with expectations: `getting parameterized attribute XC_kAXXCParameterizedAttributeConvertHostedViewFrame`
10:02:24.467 WebDriverAgentRunner-Runner[1852:329632] Got parameterized attribute fetch for XC_kAXXCParameterizedAttributeConvertHostedViewFrame response with values {
    Height = 32;
    Width = 1024;
    X = 0;
    Y = 0;
}, error: (null)
10:02:24.468 WebDriverAgentRunner-Runner[1852:329613] Returning result XCTWaiterResultCompleted for synchronous waiter <XCTWaiter: 0x1157ec840>
10:02:24.468 WebDriverAgentRunner-Runner[1852:329613] Wait <XCTWaiterWait: 0x1158e4f00> completed after 0.002s
10:02:24.468 WebDriverAgentRunner-Runner[1852:329613] cleaning up getting parameterized attribute XC_kAXXCParameterizedAttributeConvertHostedViewFrame
10:02:24.468 WebDriverAgentRunner-Runner[1852:329613] No change when transforming rect {{0, 0}, {1024, 32}}, either portrait orientation or non-standard app configuration such as springboard
10:02:24.468 WebDriverAgentRunner-Runner[1852:329613] Fetching application interface orientation
10:02:24.468 WebDriverAgentRunner-Runner[1852:329613] Creating future for 'getting interface orientation' with timeout 65.00
10:02:24.468 WebDriverAgentRunner-Runner[1852:329613] <XCTWaiter: 0x1157eccc0> entering wait loop for 65.00s with expectations: `getting interface orientation`
10:02:24.469 WebDriverAgentRunner-Runner[1852:329613] Returning result XCTWaiterResultCompleted for synchronous waiter <XCTWaiter: 0x1157eccc0>
10:02:24.469 WebDriverAgentRunner-Runner[1852:329613] Wait <XCTWaiterWait: 0x1158e4b80> completed after 0.001s
10:02:24.469 WebDriverAgentRunner-Runner[1852:329613] cleaning up getting interface orientation
10:02:24.470 WebDriverAgentRunner-Runner[1852:329613] Creating future for 'getting screen identifiers' with timeout 30.00
10:02:24.470 WebDriverAgentRunner-Runner[1852:329613] <XCTWaiter: 0x1157eced0> entering wait loop for 30.00s with expectations: `getting screen identifiers`
10:02:24.470 WebDriverAgentRunner-Runner[1852:329613] Returning result XCTWaiterResultCompleted for synchronous waiter <XCTWaiter: 0x1157eced0>
10:02:24.470 WebDriverAgentRunner-Runner[1852:329613] Wait <XCTWaiterWait: 0x1158e4980> completed after 0.000s
10:02:24.470 WebDriverAgentRunner-Runner[1852:329613] cleaning up getting screen identifiers
10:02:24.470 WebDriverAgentRunner-Runner[1852:329613] Creating future for 'getting screen bounds' with timeout 30.00
10:02:24.470 WebDriverAgentRunner-Runner[1852:329613] <XCTWaiter: 0x1157ed290> entering wait loop for 30.00s with expectations: `getting screen bounds`
10:02:24.470 WebDriverAgentRunner-Runner[1852:329613] Returning result XCTWaiterResultCompleted for synchronous waiter <XCTWaiter: 0x1157ed290>
10:02:24.470 WebDriverAgentRunner-Runner[1852:329613] Wait <XCTWaiterWait: 0x1158e4800> completed after 0.000s
10:02:24.470 WebDriverAgentRunner-Runner[1852:329613] cleaning up getting screen bounds
10:02:24.471 WebDriverAgentRunner-Runner[1852:329613] Creating future for 'getting screen scale' with timeout 30.00
10:02:24.471 WebDriverAgentRunner-Runner[1852:329613] <XCTWaiter: 0x1157ed590> entering wait loop for 30.00s with expectations: `getting screen scale`
10:02:24.471 WebDriverAgentRunner-Runner[1852:329613] Returning result XCTWaiterResultCompleted for synchronous waiter <XCTWaiter: 0x1157ed590>
10:02:24.471 WebDriverAgentRunner-Runner[1852:329613] Wait <XCTWaiterWait: 0x1158e4800> completed after 0.000s
10:02:24.471 WebDriverAgentRunner-Runner[1852:329613] cleaning up getting screen scale
10:02:24.472 WebDriverAgentRunner-Runner[1852:329613] <XCTContext: 0x1141895e0> started activity <XCActivityRecord: 0x114d718f0> 2026-07-20 03:02:24 +0000: Find the Application 'com.apple.springboard'
10:02:24.472 WebDriverAgentRunner-Runner[1852:329613] Executing query:

    t =   123.86s Find the Application 'com.apple.springboard'
10:02:24.472 WebDriverAgentRunner-Runner[1852:329613] Creating future for 'checking for continuity enablement' with timeout 30.00
10:02:24.472 WebDriverAgentRunner-Runner[1852:329613] <XCTWaiter: 0x1157edaa0> entering wait loop for 30.00s with expectations: `checking for continuity enablement`
10:02:24.473 WebDriverAgentRunner-Runner[1852:329613] Returning result XCTWaiterResultCompleted for synchronous waiter <XCTWaiter: 0x1157edaa0>
10:02:24.474 WebDriverAgentRunner-Runner[1852:329613] Wait <XCTWaiterWait: 0x1158e4500> completed after 0.001s
10:02:24.474 WebDriverAgentRunner-Runner[1852:329613] cleaning up checking for continuity enablement
10:02:24.474 WebDriverAgentRunner-Runner[1852:329613] Should evaluate query remotely? XCTDisableRemoteQueryEvaluation(d-write): YES, hasAutomationSession: YES, supportsRemoteEvaluation: YES
10:02:24.474 WebDriverAgentRunner-Runner[1852:329613] Getting matching snapshots for locally evaluated query
10:02:24.474 WebDriverAgentRunner-Runner[1852:329613] Evaluating query:
 
10:02:24.474 WebDriverAgentRunner-Runner[1852:329613] Getting root element snapshot
10:02:24.474 WebDriverAgentRunner-Runner[1852:329613] Getting snapshot for App element pid: 174 for query 
10:02:24.474 WebDriverAgentRunner-Runner[1852:329613] <XCTContext: 0x1141895e0> started activity <XCActivityRecord: 0x114d71730> 2026-07-20 03:02:24 +0000: Requesting snapshot of accessibility hierarchy for app with pid 174
10:02:24.474 WebDriverAgentRunner-Runner[1852:329613] Query requires iOS snapshot attributes .
10:02:24.474 WebDriverAgentRunner-Runner[1852:329613] XCUIElementQuery <XCTElementSnapshotProvider> getting snapshot
10:02:24.475 WebDriverAgentRunner-Runner[1852:329613] Snapshot request has custom attributes 
10:02:24.475 WebDriverAgentRunner-Runner[1852:329613] Snapshot request has custom parameters {
    snapshotKeyHonorModalViews = 0;
}
10:02:24.475 WebDriverAgentRunner-Runner[1852:329613] Current snapshot generation is 14
10:02:24.475 WebDriverAgentRunner-Runner[1852:329613] Capturing a new snapshot
10:02:24.475 WebDriverAgentRunner-Runner[1852:329613] Fetching snapshot for App element pid: 174 from testmanagerd with attributes XC_kAXXCAttributeElementType, XC_kAXXCAttributeElementBaseType, XC_kAXXCAttributeParent, XC_kAXXCAttributeIdentifier, XC_kAXXCAttributeAutomationType, XC_kAXXCAttributeTraits and parameters {
    maxArrayCount = 2147483647;
    maxChildren = 2147483647;
    maxDepth = 50;
    snapshotKeyHonorModalViews = 0;
    traverseFromParentsToChildren = 1;
}.
10:02:24.475 WebDriverAgentRunner-Runner[1852:329613] Creating future for 'fetching snapshot from testmanagerd.' with timeout 65.00
10:02:24.475 WebDriverAgentRunner-Runner[1852:329613] <XCTWaiter: 0x1157ee5b0> entering wait loop for 65.00s with expectations: `fetching snapshot from testmanagerd.`
    t =   123.86s     Requesting snapshot of accessibility hierarchy for app with pid 174
10:02:24.853 WebDriverAgentRunner-Runner[1852:331607] Got snapshot response with runtime issue support from testmanagerd.
10:02:24.854 WebDriverAgentRunner-Runner[1852:329613] Returning result XCTWaiterResultCompleted for synchronous waiter <XCTWaiter: 0x1157ee5b0>
10:02:24.854 WebDriverAgentRunner-Runner[1852:329613] Wait <XCTWaiterWait: 0x1158e4100> completed after 0.379s
10:02:24.854 WebDriverAgentRunner-Runner[1852:329613] cleaning up fetching snapshot from testmanagerd.
10:02:24.854 WebDriverAgentRunner-Runner[1852:329613] <XCTContext: 0x1141895e0> finished activity <XCActivityRecord: 0x114d71730> 2026-07-20 03:02:24 +0000: Requesting snapshot of accessibility hierarchy for app with pid 174 (0.379997s)
10:02:24.854 WebDriverAgentRunner-Runner[1852:329613] Found matches {(
    App element pid: 174
)} with root App element pid: 174
10:02:24.855 WebDriverAgentRunner-Runner[1852:329613] <XCTContext: 0x1141895e0> finished activity <XCActivityRecord: 0x114d718f0> 2026-07-20 03:02:24 +0000: Find the Application 'com.apple.springboard' (0.382949s)
10:02:24.855 WebDriverAgentRunner-Runner[1852:329613] XCUIElementQuery <XCTElementSnapshotProvider> getting snapshot
10:02:24.855 WebDriverAgentRunner-Runner[1852:329613] Snapshot request has custom attributes XC_kAXXCAttributeElementBaseType, XC_kAXXCAttributeValue, XC_kAXXCAttributeAutomationType, XC_kAXXCAttributeIdentifier, XC_kAXXCAttributeTraits, XC_kAXXCAttributeVerticalSizeClass, XC_kAXXCAttributeFrame, XC_kAXXCAttributeWindowDisplayId, XC_kAXXCAttributeWindowContextId, XC_kAXXCAttributeLabel, XC_kAXXCAttributeHorizontalSizeClass, XC_kAXXCAttributeHasNativeFocus, XC_kAXXCAttributePlaceholderValue, XC_kAXXCAttributeElementType
10:02:24.855 WebDriverAgentRunner-Runner[1852:329613] Current snapshot generation is 18
10:02:24.855 WebDriverAgentRunner-Runner[1852:329613] Query rootElementSnapshot is non-null with generation count 18
10:02:24.855 WebDriverAgentRunner-Runner[1852:329613] Capturing a new snapshot
10:02:24.856 WebDriverAgentRunner-Runner[1852:329613] Fetching snapshot for App element pid: 174 from testmanagerd with attributes XC_kAXXCAttributeElementBaseType, XC_kAXXCAttributeParent, XC_kAXXCAttributeAutomationType, XC_kAXXCAttributeIdentifier, XC_kAXXCAttributeTraits, XC_kAXXCAttributeVerticalSizeClass, XC_kAXXCAttributeFrame, XC_kAXXCAttributeWindowDisplayId, XC_kAXXCAttributeWindowContextId, XC_kAXXCAttributeLabel, XC_kAXXCAttributeHorizontalSizeClass, XC_kAXXCAttributeHasNativeFocus, XC_kAXXCAttributePlaceholderValue, XC_kAXXCAttributeTruncatedValue, XC_kAXXCAttributeElementType and parameters {
    maxArrayCount = 2147483647;
    maxChildren = 2147483647;
    maxDepth = 50;
    snapshotKeyHonorModalViews = 0;
    traverseFromParentsToChildren = 1;
}.
10:02:24.856 WebDriverAgentRunner-Runner[1852:329613] Creating future for 'fetching snapshot from testmanagerd.' with timeout 65.00
10:02:24.856 WebDriverAgentRunner-Runner[1852:329613] <XCTWaiter: 0x115765b00> entering wait loop for 65.00s with expectations: `fetching snapshot from testmanagerd.`
10:02:25.431 WebDriverAgentRunner-Runner[1852:329632] Got snapshot response with runtime issue support from testmanagerd.
10:02:25.431 WebDriverAgentRunner-Runner[1852:329613] Returning result XCTWaiterResultCompleted for synchronous waiter <XCTWaiter: 0x115765b00>
10:02:25.431 WebDriverAgentRunner-Runner[1852:329613] Wait <XCTWaiterWait: 0x11594d700> completed after 0.575s
10:02:25.432 WebDriverAgentRunner-Runner[1852:329613] cleaning up fetching snapshot from testmanagerd.
10:02:25.432 WebDriverAgentRunner-Runner[1852:329613] Creating future for 'getting interface orientation' with timeout 65.00
10:02:25.432 WebDriverAgentRunner-Runner[1852:329613] <XCTWaiter: 0x115765650> entering wait loop for 65.00s with expectations: `getting interface orientation`
10:02:25.433 WebDriverAgentRunner-Runner[1852:329613] Returning result XCTWaiterResultCompleted for synchronous waiter <XCTWaiter: 0x115765650>
10:02:25.433 WebDriverAgentRunner-Runner[1852:329613] Wait <XCTWaiterWait: 0x1159b4940> completed after 0.001s
10:02:25.433 WebDriverAgentRunner-Runner[1852:329613] cleaning up getting interface orientation
10:02:25.433 WebDriverAgentRunner-Runner[1852:329613] Creating future for 'getting screen identifiers' with timeout 30.00
10:02:25.434 WebDriverAgentRunner-Runner[1852:329613] <XCTWaiter: 0x1157641b0> entering wait loop for 30.00s with expectations: `getting screen identifiers`
10:02:25.434 WebDriverAgentRunner-Runner[1852:329613] Returning result XCTWaiterResultCompleted for synchronous waiter <XCTWaiter: 0x1157641b0>
10:02:25.434 WebDriverAgentRunner-Runner[1852:329613] Wait <XCTWaiterWait: 0x1159b4600> completed after 0.000s
10:02:25.434 WebDriverAgentRunner-Runner[1852:329613] cleaning up getting screen identifiers
10:02:25.434 WebDriverAgentRunner-Runner[1852:329613] Creating future for 'getting screen scale' with timeout 30.00
10:02:25.434 WebDriverAgentRunner-Runner[1852:329613] <XCTWaiter: 0x1157663d0> entering wait loop for 30.00s with expectations: `getting screen scale`
10:02:25.434 WebDriverAgentRunner-Runner[1852:329613] Returning result XCTWaiterResultCompleted for synchronous waiter <XCTWaiter: 0x1157663d0>
10:02:25.434 WebDriverAgentRunner-Runner[1852:329613] Wait <XCTWaiterWait: 0x1159b4400> completed after 0.000s
10:02:25.434 WebDriverAgentRunner-Runner[1852:329613] cleaning up getting screen scale
10:02:25.440 WebDriverAgentRunner-Runner[1852:329613] Creating future for 'fetching attributes 'XC_kAXXCAttributeSystemAppApplication' for Device system-wide element' with timeout 65.00
10:02:25.440 WebDriverAgentRunner-Runner[1852:329613] <XCTWaiter: 0x115764870> entering wait loop for 65.00s with expectations: `fetching attributes 'XC_kAXXCAttributeSystemAppApplication' for Device system-wide element`
10:02:25.440 WebDriverAgentRunner-Runner[1852:332467] Got attribute fetch response with values {
    "XC_kAXXCAttributeSystemAppApplication" = "AX element pid: 174, elementOrHash.elementID: 0.1";
}, error: (null)
10:02:25.440 WebDriverAgentRunner-Runner[1852:329613] Returning result XCTWaiterResultCompleted for synchronous waiter <XCTWaiter: 0x115764870>
    t =   124.83s Get all elements bound by index for: Descendants matching type StatusBar
10:02:25.440 WebDriverAgentRunner-Runner[1852:329613] Wait <XCTWaiterWait: 0x1159b4800> completed after 0.001s
10:02:25.441 WebDriverAgentRunner-Runner[1852:329613] cleaning up fetching attributes 'XC_kAXXCAttributeSystemAppApplication' for Device system-wide element
10:02:25.441 WebDriverAgentRunner-Runner[1852:329613] <XCTContext: 0x1141895e0> started activity <XCActivityRecord: 0x114d717a0> 2026-07-20 03:02:25 +0000: Get all elements bound by index for: Descendants matching type StatusBar
10:02:25.441 WebDriverAgentRunner-Runner[1852:329613] Creating future for 'getting screen identifiers' with timeout 30.00
10:02:25.441 WebDriverAgentRunner-Runner[1852:329613] <XCTWaiter: 0x115764cc0> entering wait loop for 30.00s with expectations: `getting screen identifiers`
10:02:25.441 WebDriverAgentRunner-Runner[1852:329613] Returning result XCTWaiterResultCompleted for synchronous waiter <XCTWaiter: 0x115764cc0>
10:02:25.441 WebDriverAgentRunner-Runner[1852:329613] Wait <XCTWaiterWait: 0x1159b4540> completed after 0.000s
10:02:25.441 WebDriverAgentRunner-Runner[1852:329613] cleaning up getting screen identifiers
10:02:25.442 WebDriverAgentRunner-Runner[1852:329613] Executing query:
↪︎ Descendants matching type StatusBar
10:02:25.442 WebDriverAgentRunner-Runner[1852:329613] Creating future for 'checking for continuity enablement' with timeout 30.00
10:02:25.442 WebDriverAgentRunner-Runner[1852:329613] <XCTWaiter: 0x115765d70> entering wait loop for 30.00s with expectations: `checking for continuity enablement`
10:02:25.443 WebDriverAgentRunner-Runner[1852:329613] Returning result XCTWaiterResultCompleted for synchronous waiter <XCTWaiter: 0x115765d70>
10:02:25.443 WebDriverAgentRunner-Runner[1852:329613] Wait <XCTWaiterWait: 0x1159b4940> completed after 0.001s
10:02:25.443 WebDriverAgentRunner-Runner[1852:329613] cleaning up checking for continuity enablement
10:02:25.443 WebDriverAgentRunner-Runner[1852:329613] Should evaluate query remotely? XCTDisableRemoteQueryEvaluation(d-write): YES, hasAutomationSession: YES, supportsRemoteEvaluation: YES
10:02:25.444 WebDriverAgentRunner-Runner[1852:329613] Getting matching snapshots for locally evaluated query
10:02:25.444 WebDriverAgentRunner-Runner[1852:329613] Evaluating query:
 ↪︎ Descendants matching type StatusBar
    t =   124.83s     Requesting snapshot of accessibility hierarchy for app with pid 174
10:02:25.444 WebDriverAgentRunner-Runner[1852:329613] Getting root element snapshot
10:02:25.444 WebDriverAgentRunner-Runner[1852:329613] Getting snapshot for App element pid: 174 for query ↪︎ Descendants matching type StatusBar
10:02:25.444 WebDriverAgentRunner-Runner[1852:329613] <XCTContext: 0x1141895e0> started activity <XCActivityRecord: 0x114d718f0> 2026-07-20 03:02:25 +0000: Requesting snapshot of accessibility hierarchy for app with pid 174
10:02:25.444 WebDriverAgentRunner-Runner[1852:329613] Query requires iOS snapshot attributes XC_kAXXCAttributeElementType, XC_kAXXCAttributeElementBaseType, XC_kAXXCAttributeAutomationType, XC_kAXXCAttributeTraits.
10:02:25.444 WebDriverAgentRunner-Runner[1852:329613] XCUIElementQuery <XCTElementSnapshotProvider> getting snapshot
10:02:25.444 WebDriverAgentRunner-Runner[1852:329613] Snapshot request has custom attributes XC_kAXXCAttributeElementType, XC_kAXXCAttributeElementBaseType, XC_kAXXCAttributeAutomationType, XC_kAXXCAttributeTraits
10:02:25.444 WebDriverAgentRunner-Runner[1852:329613] Snapshot request has custom parameters {
    snapshotKeyHonorModalViews = 0;
}
10:02:25.444 WebDriverAgentRunner-Runner[1852:329613] Current snapshot generation is 28
10:02:25.445 WebDriverAgentRunner-Runner[1852:329613] Capturing a new snapshot
10:02:25.445 WebDriverAgentRunner-Runner[1852:329613] Fetching snapshot for App element pid: 174 from testmanagerd with attributes XC_kAXXCAttributeElementType, XC_kAXXCAttributeElementBaseType, XC_kAXXCAttributeParent, XC_kAXXCAttributeIdentifier, XC_kAXXCAttributeAutomationType, XC_kAXXCAttributeTraits and parameters {
    maxArrayCount = 2147483647;
    maxChildren = 2147483647;
    maxDepth = 50;
    snapshotKeyHonorModalViews = 0;
    traverseFromParentsToChildren = 1;
}.
10:02:25.445 WebDriverAgentRunner-Runner[1852:329613] Creating future for 'fetching snapshot from testmanagerd.' with timeout 65.00
10:02:25.445 WebDriverAgentRunner-Runner[1852:329613] <XCTWaiter: 0x115765290> entering wait loop for 65.00s with expectations: `fetching snapshot from testmanagerd.`
10:02:25.825 WebDriverAgentRunner-Runner[1852:331966] Got snapshot response with runtime issue support from testmanagerd.
10:02:25.826 WebDriverAgentRunner-Runner[1852:329613] Returning result XCTWaiterResultCompleted for synchronous waiter <XCTWaiter: 0x115765290>
10:02:25.826 WebDriverAgentRunner-Runner[1852:329613] Wait <XCTWaiterWait: 0x1159b4c00> completed after 0.381s
10:02:25.826 WebDriverAgentRunner-Runner[1852:329613] cleaning up fetching snapshot from testmanagerd.
10:02:25.826 WebDriverAgentRunner-Runner[1852:329613] <XCTContext: 0x1141895e0> finished activity <XCActivityRecord: 0x114d718f0> 2026-07-20 03:02:25 +0000: Requesting snapshot of accessibility hierarchy for app with pid 174 (0.382368s)
10:02:25.827 WebDriverAgentRunner-Runner[1852:329613] XCTPerformOnMainRunLoop[MT]: already on MT; performing block without run loop dispatch - timeouts will not be enforced.
10:02:25.827 WebDriverAgentRunner-Runner[1852:329613] XCTElementQuery: set data source for rootElementSnapshot to (null)
10:02:25.827 WebDriverAgentRunner-Runner[1852:329613] Finding all matches with input Application, pid: 174 using transformers 
↪︎ Descendants matching type StatusBar
10:02:25.827 WebDriverAgentRunner-Runner[1852:329613] <XCTContext: 0x1141895e0> started activity <XCActivityRecord: 0x114d718f0> 2026-07-20 03:02:25 +0000: Find: Descendants matching type StatusBar
    t =   125.21s     Find: Descendants matching type StatusBar
10:02:25.831 WebDriverAgentRunner-Runner[1852:329613] <XCTContext: 0x1141895e0> finished activity <XCActivityRecord: 0x114d718f0> 2026-07-20 03:02:25 +0000: Find: Descendants matching type StatusBar (0.00429595s)
10:02:25.832 WebDriverAgentRunner-Runner[1852:329613] [Match All] applied transformer `Descendants matching type StatusBar` to input {(
    Application, pid: 174
)}, found {(
    StatusBar
)}
10:02:25.832 WebDriverAgentRunner-Runner[1852:329613] [Match All] setting out related elements {(
)}
10:02:25.838 WebDriverAgentRunner-Runner[1852:329613] Current tree:
Application, 0x1159b1180, pid: 174 <App element pid: 174>
  Window, 0x1159b12c0 <AX element pid: 174, elementOrHash.elementID: 36032084992.10>
    Other, 0x1159b1400 <AX element pid: 174, elementOrHash.elementID: 35948119808.19>
      Other, 0x1159b1540 <AX element pid: 174, elementOrHash.elementID: 35948120256.30>
        Image, 0x1159b1680 <AX element pid: 174, elementOrHash.elementID: 36036531200.42>
        Image, 0x1159b17c0 <AX element pid: 174, elementOrHash.elementID: 36036531712.43>
      Other, 0x1159b1900 <AX element pid: 174, elementOrHash.elementID: 35948119360.31>
        Other, 0x1159b1a40 <AX element pid: 174, elementOrHash.elementID: 35948131904.44>
          Other, 0x1159b1b80 <AX element pid: 174, elementOrHash.elementID: 35941697024.53>
            Other, 0x1159b1cc0 <AX element pid: 174, elementOrHash.elementID: 35948131456.62>
              Other, 0x1159b1e00 <AX element pid: 174, elementOrHash.elementID: 35948131008.97>
            Icon, 0x1159b1f40 <AX element pid: 174, elementOrHash.elementID: 36035587328.63>
              Icon, 0x1159b2080 <AX element pid: 174, elementOrHash.elementID: 35905400832.2824>
                Other, 0x1159b21c0 <AX element pid: 174, elementOrHash.elementID: 35889811840.2825>
                  Other, 0x1159b2300 <AX element pid: 174, elementOrHash.elementID: 35889812288.2826>
                    Other, 0x1159b2440 <AX element pid: 174, elementOrHash.elementID: 35887739136.2969>
                      Other, 0x1159b2580 <AX element pid: 174, elementOrHash.elementID: 35887732416.2978>
                        ScrollView, 0x1159b26c0 <AX element pid: 174, elementOrHash.elementID: 35954400768.2995>
                          Other, 0x1159b2800 <AX element pid: 174, elementOrHash.elementID: 35887344256.3000>
                            Other, 0x1159b2940 <AX element pid: 174, elementOrHash.elementID: 35957572928.3010>
                            Other, 0x1159b2a80 <AX element pid: 174, elementOrHash.elementID: 35957574720.3011>
                              Other, 0x1159b2bc0 <AX element pid: 174, elementOrHash.elementID: 35887795712.1508>
                                Other, 0x1159b2d00 <AX element pid: 174, elementOrHash.elementID: 35887803776.1513>
                                  Other, 0x1159b2e40 <AX element pid: 174, elementOrHash.elementID: 35910135168.1524>
                                    Other, 0x1159b2f80 <AX element pid: 174, elementOrHash.elementID: 35890609024.1535>
                                Other, 0x1159b30c0 <AX element pid: 174, elementOrHash.elementID: 36052129280.1514>
                                  Other, 0x1159b3200 <AX element pid: 174, elementOrHash.elementID: 35887799296.1525>
                                    Other, 0x1159b3340 <AX element pid: 174, elementOrHash.elementID: 36052130816.1536>
                                      Other, 0x1159b3480 <AX element pid: 174, elementOrHash.elementID: 8177705805140893231.9999>
                                        Other, 0x1159b35c0 <AX element pid: 308, elementOrHash.elementID: 53445094336.735>
                                          Other, 0x1159b3700 <AX element pid: 308, elementOrHash.elementID: 53445085376.736>
                                            Other, 0x1159b3840 <AX element pid: 308, elementOrHash.elementID: 53436624256.738>
                                              Other, 0x1159b3980 <AX element pid: 308, elementOrHash.elementID: 53438646016.739>
                                                Other, 0x1159b3ac0 <AX element pid: 308, elementOrHash.elementID: 53445094784.740>
                                                  Other, 0x1159b3c00 <AX element pid: 308, elementOrHash.elementID: 53445095680.741>
                                                    Image, 0x1159b3d40 <AX element pid: 308, elementOrHash.elementID: 53445097920.742>
                                                    Image, 0x1159b3e80 <AX element pid: 308, elementOrHash.elementID: 53445097024.743>
                                                    Other, 0x1140d2e40 <AX element pid: 308, elementOrHash.elementID: 53445093888.744>
                                          Other, 0x115788500 <AX element pid: 308, elementOrHash.elementID: 53428073984.737>
                                Other, 0x115788640 <AX element pid: 174, elementOrHash.elementID: 35887802432.1515>
                                  Other, 0x115788780 <AX element pid: 174, elementOrHash.elementID: 35910127104.1526>
                                    Other, 0x115788c80 <AX element pid: 174, elementOrHash.elementID: 35890600512.1537>
                          Other, 0x115788dc0 <AX element pid: 174, elementOrHash.elementID: 36057364480.3001>
                            Other, 0x115788f00 <AX element pid: 174, elementOrHash.elementID: 35921970944.3012>
                          Other, 0x1157892c0 <AX element pid: 174, elementOrHash.elementID: 36057364480.3001>
                            Other, 0x11578be80 <AX element pid: 174, elementOrHash.elementID: 35921970944.3012>
              Icon, 0x115789400 <AX element pid: 174, elementOrHash.elementID: 35943731712.121>
                Other, 0x115789540 <AX element pid: 174, elementOrHash.elementID: 35943610816.163>
                  Other, 0x115789680 <AX element pid: 174, elementOrHash.elementID: 35903859200.207>
                    Other, 0x1157897c0 <AX element pid: 174, elementOrHash.elementID: 35892755328.2970>
                      Other, 0x115789900 <AX element pid: 174, elementOrHash.elementID: 35892743680.2979>
                        ScrollView, 0x115789a40 <AX element pid: 174, elementOrHash.elementID: 35954405888.2996>
                          Other, 0x11578bc00 <AX element pid: 174, elementOrHash.elementID: 35909329664.3002>
                            Other, 0x11578bd40 <AX element pid: 174, elementOrHash.elementID: 35957584128.3013>
                              Other, 0x11578b980 <AX element pid: 174, elementOrHash.elementID: 35911023936.1509>
                                Other, 0x11578bac0 <AX element pid: 174, elementOrHash.elementID: 36052134912.1516>
                                  Other, 0x115789b80 <AX element pid: 174, elementOrHash.elementID: 35892667136.1527>
                                    Other, 0x115789e00 <AX element pid: 174, elementOrHash.elementID: 36052124160.1538>
                                      Other, 0x115789f40 <AX element pid: 174, elementOrHash.elementID: 13543915967597595297.9999>
                                        Other, 0x11578b5c0 <AX element pid: 308, elementOrHash.elementID: 53438654976.745>
                                          Other, 0x11578b700 <AX element pid: 308, elementOrHash.elementID: 53438656768.746>
                                            Other, 0x11578b840 <AX element pid: 308, elementOrHash.elementID: 53436626048.748>
                                              Other, 0x11578a440 <AX element pid: 308, elementOrHash.elementID: 53438648256.749>
                                                Other, 0x11578a580 <AX element pid: 308, elementOrHash.elementID: 53445098368.750>
                                                Other, 0x11578a6c0 <AX element pid: 308, elementOrHash.elementID: 53445091648.751>
                                                  Other, 0x11578a800 <AX element pid: 308, elementOrHash.elementID: 53438646464.752>
                                                    Button, 0x11578a940 <AX element pid: 308, elementOrHash.elementID: 53438654528.754>
                                                      Image, 0x11578b480 <AX element pid: 308, elementOrHash.elementID: 53438659904.756>
                                                      StaticText, 0x11578aa80 <AX element pid: 308, elementOrHash.elementID: 53438647360.757>
                                                  Other, 0x11578abc0 <AX element pid: 308, elementOrHash.elementID: 53438649600.753>
                                                    Button, 0x11578ad00 <AX element pid: 308, elementOrHash.elementID: 53438647808.755>
                                                      StaticText, 0x11578ae40 <AX element pid: 308, elementOrHash.elementID: 53438653632.758>
                                                      StaticText, 0x11578af80 <AX element pid: 308, elementOrHash.elementID: 53438657216.759>
                                                      StaticText, 0x11578b340 <AX element pid: 308, elementOrHash.elementID: 53438657664.760>
                                          Other, 0x11578b200 <AX element pid: 308, elementOrHash.elementID: 53425754624.747>
                                Other, 0x11578b0c0 <AX element pid: 174, elementOrHash.elementID: 35892703040.1517>
                                  Other, 0x11578a080 <AX element pid: 174, elementOrHash.elementID: 35906805632.1528>
                                    Other, 0x11578a1c0 <AX element pid: 174, elementOrHash.elementID: 35890599616.1539>
                          Other, 0x11578a300 <AX element pid: 174, elementOrHash.elementID: 36057352704.3003>
                            Other, 0x115789cc0 <AX element pid: 174, elementOrHash.elementID: 35887741376.3014>
                          Other, 0x115789040 <AX element pid: 174, elementOrHash.elementID: 36057352704.3003>
                            Other, 0x115789180 <AX element pid: 174, elementOrHash.elementID: 35887741376.3014>
              Icon, 0x1157888c0 <AX element pid: 174, elementOrHash.elementID: 35943697408.130>
                Other, 0x115788b40 <AX element pid: 174, elementOrHash.elementID: 35943605888.172>
                  Other, 0x115788a00 <AX element pid: 174, elementOrHash.elementID: 35921982144.225>
                    Other, 0x1158e2800 <AX element pid: 174, elementOrHash.elementID: 35889820352.2971>
                      Other, 0x1158e2940 <AX element pid: 174, elementOrHash.elementID: 35889818560.2980>
                        ScrollView, 0x1158e2580 <AX element pid: 174, elementOrHash.elementID: 35952341504.2997>
                          Other, 0x1158e26c0 <AX element pid: 174, elementOrHash.elementID: 35949552384.3004>
                            Other, 0x1158e1540 <AX element pid: 174, elementOrHash.elementID: 35957576960.3015>
                              Other, 0x1158e2440 <AX element pid: 174, elementOrHash.elementID: 35910753728.1510>
                                Other, 0x1158e1680 <AX element pid: 174, elementOrHash.elementID: 36056066560.1518>
                                  Other, 0x1158e17c0 <AX element pid: 174, elementOrHash.elementID: 35892723008.1529>
                                    Other, 0x1158e1900 <AX element pid: 174, elementOrHash.elementID: 36056063488.1540>
                                      Other, 0x1158e1e00 <AX element pid: 174, elementOrHash.elementID: 2952537582149975182.9999>
                                        Other, 0x1158e2300 <AX element pid: 308, elementOrHash.elementID: 53438650048.761>
                                          Other, 0x1158e21c0 <AX element pid: 308, elementOrHash.elementID: 53438652288.762>
                                            Other, 0x1158e2080 <AX element pid: 308, elementOrHash.elementID: 53436619776.764>
                                              Other, 0x1158e1f40 <AX element pid: 308, elementOrHash.elementID: 53449602624.765>
                                                Other, 0x1158e1a40 <AX element pid: 308, elementOrHash.elementID: 53445092544.766>
                                                  Image, 0x1158e1cc0 <AX element pid: 308, elementOrHash.elementID: 53449594560.767>
                                          Other, 0x1158e1b80 <AX element pid: 308, elementOrHash.elementID: 53425752064.763>
                                Other, 0x1158e0780 <AX element pid: 174, elementOrHash.elementID: 35892716736.1519>
                                  Other, 0x1158e08c0 <AX element pid: 174, elementOrHash.elementID: 35906807424.1530>
                                    Other, 0x1158e1400 <AX element pid: 174, elementOrHash.elementID: 35890600064.1541>
                          Other, 0x1158e1040 <AX element pid: 174, elementOrHash.elementID: 36046873088.3005>
                            Other, 0x1158e1180 <AX element pid: 174, elementOrHash.elementID: 35905686144.3016>
                          Other, 0x1158e12c0 <AX element pid: 174, elementOrHash.elementID: 36046873088.3005>
                            Other, 0x1158e0a00 <AX element pid: 174, elementOrHash.elementID: 35905686144.3016>
              Icon, 0x1158e0b40 <AX element pid: 174, elementOrHash.elementID: 35905497600.1378>
                Other, 0x1158e0c80 <AX element pid: 174, elementOrHash.elementID: 35889615680.1394>
                  Other, 0x1158e0dc0 <AX element pid: 174, elementOrHash.elementID: 35889616128.1417>
                    Other, 0x1158e0f00 <AX element pid: 174, elementOrHash.elementID: 35887703232.2972>
                      Other, 0x1158e0140 <AX element pid: 174, elementOrHash.elementID: 35887705920.2981>
                        ScrollView, 0x1158e0640 <AX element pid: 174, elementOrHash.elementID: 35952328704.2998>
                          Other, 0x1158e0500 <AX element pid: 174, elementOrHash.elementID: 35887333376.3006>
                            Other, 0x1158e03c0 <AX element pid: 174, elementOrHash.elementID: 35957583680.3017>
                              Other, 0x1158e0280 <AX element pid: 174, elementOrHash.elementID: 35910755072.1511>
                                Other, 0x1158e0000 <AX element pid: 174, elementOrHash.elementID: 36045241344.1520>
                                  Other, 0x11583c000 <AX element pid: 174, elementOrHash.elementID: 35910757312.1531>
                                    Other, 0x11583c140 <AX element pid: 174, elementOrHash.elementID: 36044394496.1542>
                                      Other, 0x11583c280 <AX element pid: 174, elementOrHash.elementID: 13688983028095814368.9999>
                                        Other, 0x11583c3c0 <AX element pid: 308, elementOrHash.elementID: 53438658112.768>
                                          Other, 0x11583c500 <AX element pid: 308, elementOrHash.elementID: 53438649152.769>
                                            Other, 0x11583c640 <AX element pid: 308, elementOrHash.elementID: 53436612608.771>
                                              Other, 0x11583c780 <AX element pid: 308, elementOrHash.elementID: 53448910912.772>
                                                Other, 0x11583c8c0 <AX element pid: 308, elementOrHash.elementID: 53445096576.773>
                                                Other, 0x11583ca00 <AX element pid: 308, elementOrHash.elementID: 53445098816.774>
                                                  Other, 0x11583cb40 <AX element pid: 308, elementOrHash.elementID: 53449593216.775>
                                                    StaticText, 0x11583cc80 <AX element pid: 308, elementOrHash.elementID: 53449592320.778>
                                                    StaticText, 0x11583cdc0 <AX element pid: 308, elementOrHash.elementID: 53449596800.779>
                                                    StaticText, 0x11583cf00 <AX element pid: 308, elementOrHash.elementID: 53449600384.780>
                                                  StaticText, 0x11583d040 <AX element pid: 308, elementOrHash.elementID: 53449598144.776>
                                                  Other, 0x11583d180 <AX element pid: 308, elementOrHash.elementID: 53449590080.777>
                                                    Button, 0x11583d2c0, Selected <AX element pid: 308, elementOrHash.elementID: 53449597696.781>
                                                      StaticText, 0x11583d400 <AX element pid: 308, elementOrHash.elementID: 53449604416.782>
                                                      StaticText, 0x11583d540 <AX element pid: 308, elementOrHash.elementID: 53449603968.783>
                                                      StaticText, 0x11583d680 <AX element pid: 308, elementOrHash.elementID: 53449597248.784>
                                                      StaticText, 0x11583d7c0 <AX element pid: 308, elementOrHash.elementID: 53449594112.785>
                                                      StaticText, 0x11583d900 <AX element pid: 308, elementOrHash.elementID: 53449603520.786>
                                                      StaticText, 0x11583da40 <AX element pid: 308, elementOrHash.elementID: 53449598592.787>
                                                      StaticText, 0x11583db80 <AX element pid: 308, elementOrHash.elementID: 53449589632.788>
                                                      StaticText, 0x11583dcc0 <AX element pid: 308, elementOrHash.elementID: 53447825984.789>
                                                      Button, 0x11583de00 <AX element pid: 308, elementOrHash.elementID: 53447824192.790>
                                                      Button, 0x11583df40 <AX element pid: 308, elementOrHash.elementID: 53447832256.791>
                                                      Button, 0x11583e080 <AX element pid: 308, elementOrHash.elementID: 53447830464.792>
                                                      Button, 0x11583e1c0 <AX element pid: 308, elementOrHash.elementID: 53447822400.793>
                                                      Button, 0x11583e300 <AX element pid: 308, elementOrHash.elementID: 53447826432.794>
                                                      Button, 0x11583e440 <AX element pid: 308, elementOrHash.elementID: 53447829568.795>
                                                      Button, 0x11583e580 <AX element pid: 308, elementOrHash.elementID: 53447829120.796>
                                                      Button, 0x11583e6c0 <AX element pid: 308, elementOrHash.elementID: 53447823744.797>
                                                      Button, 0x11583e800 <AX element pid: 308, elementOrHash.elementID: 53447831808.798>
                                                      Button, 0x11583e940 <AX element pid: 308, elementOrHash.elementID: 53447833600.799>
                                                      Button, 0x11583ea80 <AX element pid: 308, elementOrHash.elementID: 53447819264.800>
                                                      Button, 0x11583ebc0 <AX element pid: 308, elementOrHash.elementID: 53447821056.801>
                                                      Button, 0x11583ed00 <AX element pid: 308, elementOrHash.elementID: 53447828224.802>
                                                      Button, 0x11583ee40 <AX element pid: 308, elementOrHash.elementID: 53447830016.803>
                                                      Button, 0x11583ef80 <AX element pid: 308, elementOrHash.elementID: 53447827776.804>
                                                      Button, 0x11583f0c0 <AX element pid: 308, elementOrHash.elementID: 53447819712.805>
                                                      Button, 0x11583f200 <AX element pid: 308, elementOrHash.elementID: 53447820160.806>
                                                      Button, 0x11583f340 <AX element pid: 308, elementOrHash.elementID: 53447822848.807>
                                                      Button, 0x11583f480 <AX element pid: 308, elementOrHash.elementID: 53447830912.808>
                                                      Button, 0x11583f5c0, Selected <AX element pid: 308, elementOrHash.elementID: 53447832704.809>
                                                      Button, 0x11583f700 <AX element pid: 308, elementOrHash.elementID: 53447828672.810>
                                                      Button, 0x11583f840 <AX element pid: 308, elementOrHash.elementID: 53447833152.811>
                                                      Button, 0x11583f980 <AX element pid: 308, elementOrHash.elementID: 53447820608.812>
                                                      Button, 0x11583fac0 <AX element pid: 308, elementOrHash.elementID: 53447823296.813>
                                                      Button, 0x11583fc00 <AX element pid: 308, elementOrHash.elementID: 53447825088.814>
                                                      Button, 0x11583fd40 <AX element pid: 308, elementOrHash.elementID: 53447824640.815>
                                                      Button, 0x11583fe80 <AX element pid: 308, elementOrHash.elementID: 53447821504.816>
                                                      Button, 0x115888000 <AX element pid: 308, elementOrHash.elementID: 53447827328.817>
                                                      Button, 0x115888140 <AX element pid: 308, elementOrHash.elementID: 53447826880.818>
                                                      Button, 0x115888280 <AX element pid: 308, elementOrHash.elementID: 53447834048.819>
                                                      Button, 0x1158883c0 <AX element pid: 308, elementOrHash.elementID: 53447831360.820>
                                          Other, 0x115888500 <AX element pid: 308, elementOrHash.elementID: 53425760256.770>
                                Other, 0x115888640 <AX element pid: 174, elementOrHash.elementID: 35911008704.1521>
                                  Other, 0x115888780 <AX element pid: 174, elementOrHash.elementID: 35911289472.1532>
                                    Other, 0x1158888c0 <AX element pid: 174, elementOrHash.elementID: 35890603200.1543>
                          Other, 0x115888a00 <AX element pid: 174, elementOrHash.elementID: 36057350144.3007>
                            Other, 0x115888b40 <AX element pid: 174, elementOrHash.elementID: 35892753088.3018>
                          Other, 0x115888c80 <AX element pid: 174, elementOrHash.elementID: 36057350144.3007>
                            Other, 0x115888dc0 <AX element pid: 174, elementOrHash.elementID: 35892753088.3018>
              Icon, 0x115888f00 <AX element pid: 174, elementOrHash.elementID: 35943698944.1370>
                Other, 0x115889040 <AX element pid: 174, elementOrHash.elementID: 35943606336.1386>
                  Other, 0x115889180 <AX element pid: 174, elementOrHash.elementID: 35887733312.1401>
                    Other, 0x1158892c0 <AX element pid: 174, elementOrHash.elementID: 35905684352.2973>
                      Other, 0x115889400 <AX element pid: 174, elementOrHash.elementID: 35910462848.2982>
                        ScrollView, 0x115889540 <AX element pid: 174, elementOrHash.elementID: 35952333824.2999>
                          Other, 0x115889680 <AX element pid: 174, elementOrHash.elementID: 35923123712.3008>
                            Other, 0x1158897c0 <AX element pid: 174, elementOrHash.elementID: 35957586368.3019>
                              Other, 0x115889900 <AX element pid: 174, elementOrHash.elementID: 35911011840.1512>
                                Other, 0x115889a40 <AX element pid: 174, elementOrHash.elementID: 36044395520.1522>
                                  Other, 0x115889b80 <AX element pid: 174, elementOrHash.elementID: 35911012736.1533>
                                    Other, 0x115889cc0 <AX element pid: 174, elementOrHash.elementID: 36043826176.1544>
                                      Other, 0x115889e00 <AX element pid: 174, elementOrHash.elementID: 5658468804979518825.9999>
                                        Other, 0x115889f40 <AX element pid: 308, elementOrHash.elementID: 53438652736.821>
                                          Other, 0x11588a080 <AX element pid: 308, elementOrHash.elementID: 53438654080.822>
                                            Other, 0x11588a1c0 <AX element pid: 308, elementOrHash.elementID: 53436614400.824>
                                              Other, 0x11588a300 <AX element pid: 308, elementOrHash.elementID: 53452304640.825>
                                                Other, 0x11588a440 <AX element pid: 308, elementOrHash.elementID: 53445092096.826>
                                                Other, 0x11588a580 <AX element pid: 308, elementOrHash.elementID: 53445097472.827>
                                                  StaticText, 0x11588a6c0 <AX element pid: 308, elementOrHash.elementID: 53448915840.828>
                                                    StaticText, 0x11588a800 <AX element pid: 308, elementOrHash.elementID: 53448912704.831>
                                                    StaticText, 0x11588a940 <AX element pid: 308, elementOrHash.elementID: 53448903744.832>
                                                    Image, 0x11588aa80 <AX element pid: 308, elementOrHash.elementID: 53448909568.833>
                                                    StaticText, 0x11588abc0 <AX element pid: 308, elementOrHash.elementID: 53448910016.834>
                                                    StaticText, 0x11588ad00 <AX element pid: 308, elementOrHash.elementID: 53448901056.835>
                                                  Other, 0x11588ae40 <AX element pid: 308, elementOrHash.elementID: 53448905536.829>
                                                    Other, 0x11588af80 <AX element pid: 308, elementOrHash.elementID: 53448916288.836>
                                                      StaticText, 0x11588b0c0 <AX element pid: 308, elementOrHash.elementID: 53448908672.847>
                                                      Image, 0x11588b200 <AX element pid: 308, elementOrHash.elementID: 53448905984.848>
                                                      StaticText, 0x11588b340 <AX element pid: 308, elementOrHash.elementID: 53448913152.849>
                                                    Other, 0x11588b480 <AX element pid: 308, elementOrHash.elementID: 53448907776.837>
                                                      StaticText, 0x11588b5c0 <AX element pid: 308, elementOrHash.elementID: 53448904192.850>
                                                      Image, 0x11588b700 <AX element pid: 308, elementOrHash.elementID: 53448901504.851>
                                                      StaticText, 0x11588b840 <AX element pid: 308, elementOrHash.elementID: 53448904640.852>
                                                    Other, 0x11588b980 <AX element pid: 308, elementOrHash.elementID: 53448906432.838>
                                                      StaticText, 0x11588bac0 <AX element pid: 308, elementOrHash.elementID: 53448907328.853>
                                                      Image, 0x11588bc00 <AX element pid: 308, elementOrHash.elementID: 53448909120.854>
                                                      StaticText, 0x11588bd40 <AX element pid: 308, elementOrHash.elementID: 53448902400.855>
                                                    Other, 0x11588be80 <AX element pid: 308, elementOrHash.elementID: 53448912256.839>
                                                      StaticText, 0x11588c000 <AX element pid: 308, elementOrHash.elementID: 53448902848.856>
                                                      Image, 0x11588c140 <AX element pid: 308, elementOrHash.elementID: 53448905088.857>
                                                      StaticText, 0x11588c280 <AX element pid: 308, elementOrHash.elementID: 53448908224.858>
                                                    Other, 0x11588c3c0 <AX element pid: 308, elementOrHash.elementID: 53448906880.840>
                                                      StaticText, 0x11588c500 <AX element pid: 308, elementOrHash.elementID: 53448910464.859>
                                                      Image, 0x11588c640 <AX element pid: 308, elementOrHash.elementID: 53448911808.860>
                                                      StaticText, 0x11588c780 <AX element pid: 308, elementOrHash.elementID: 53448914496.861>
                                                    Other, 0x11588c8c0 <AX element pid: 308, elementOrHash.elementID: 53448913600.841>
                                                      StaticText, 0x11588ca00 <AX element pid: 308, elementOrHash.elementID: 53448914048.862>
                                                      Image, 0x11588cb40 <AX element pid: 308, elementOrHash.elementID: 53448914944.863>
                                                      StaticText, 0x11588cc80 <AX element pid: 308, elementOrHash.elementID: 53448901952.864>
                                                  Other, 0x11588cdc0 <AX element pid: 308, elementOrHash.elementID: 53448915392.830>
                                                    Other, 0x11588cf00 <AX element pid: 308, elementOrHash.elementID: 53448911360.842>
                                                      StaticText, 0x11588d040 <AX element pid: 308, elementOrHash.elementID: 53448903296.865>
                                                      Image, 0x11588d180 <AX element pid: 308, elementOrHash.elementID: 53452292096.866>
                                                      StaticText, 0x11588d2c0 <AX element pid: 308, elementOrHash.elementID: 53452292544.867>
                                                      Other, 0x11588d400 <AX element pid: 308, elementOrHash.elementID: 53452292992.868>
                                                      StaticText, 0x11588d540 <AX element pid: 308, elementOrHash.elementID: 53452293440.869>
                                                    Other, 0x11588d680 <AX element pid: 308, elementOrHash.elementID: 53452293888.843>
                                                      StaticText, 0x11588d7c0 <AX element pid: 308, elementOrHash.elementID: 53452294336.870>
                                                      Image, 0x11588d900 <AX element pid: 308, elementOrHash.elementID: 53452294784.871>
                                                      StaticText, 0x11588da40 <AX element pid: 308, elementOrHash.elementID: 53452295232.872>
                                                      Other, 0x11588db80 <AX element pid: 308, elementOrHash.elementID: 53452295680.873>
                                                      StaticText, 0x11588dcc0 <AX element pid: 308, elementOrHash.elementID: 53452296128.874>
                                                    Other, 0x11588de00 <AX element pid: 308, elementOrHash.elementID: 53452296576.844>
                                                      StaticText, 0x11588df40 <AX element pid: 308, elementOrHash.elementID: 53452297024.875>
                                                      Image, 0x11588e080 <AX element pid: 308, elementOrHash.elementID: 53452297472.876>
                                                      StaticText, 0x11588e1c0 <AX element pid: 308, elementOrHash.elementID: 53452297920.877>
                                                      Other, 0x11588e300 <AX element pid: 308, elementOrHash.elementID: 53452298368.878>
                                                      StaticText, 0x11588e440 <AX element pid: 308, elementOrHash.elementID: 53452298816.879>
                                                    Other, 0x11588e580 <AX element pid: 308, elementOrHash.elementID: 53452299264.845>
                                                      StaticText, 0x11588e6c0 <AX element pid: 308, elementOrHash.elementID: 53452299712.880>
                                                      Image, 0x11588e800 <AX element pid: 308, elementOrHash.elementID: 53452300160.881>
                                                      StaticText, 0x11588e940 <AX element pid: 308, elementOrHash.elementID: 53452300608.882>
                                                      Other, 0x11588ea80 <AX element pid: 308, elementOrHash.elementID: 53452301056.883>
                                                      StaticText, 0x11588ebc0 <AX element pid: 308, elementOrHash.elementID: 53452301504.884>
                                                    Other, 0x11588ed00 <AX element pid: 308, elementOrHash.elementID: 53452301952.846>
                                                      StaticText, 0x11588ee40 <AX element pid: 308, elementOrHash.elementID: 53452302400.885>
                                                      Image, 0x11588ef80 <AX element pid: 308, elementOrHash.elementID: 53452302848.886>
                                                      StaticText, 0x11588f0c0 <AX element pid: 308, elementOrHash.elementID: 53452303296.887>
                                                      Other, 0x11588f200 <AX element pid: 308, elementOrHash.elementID: 53452303744.888>
                                                      StaticText, 0x11588f340 <AX element pid: 308, elementOrHash.elementID: 53452304192.889>
                                          Other, 0x11588f480 <AX element pid: 308, elementOrHash.elementID: 53425759232.823>
                                Other, 0x11588f5c0 <AX element pid: 174, elementOrHash.elementID: 35911016320.1523>
                                  Other, 0x11588f700 <AX element pid: 174, elementOrHash.elementID: 35911290368.1534>
                                    Other, 0x11588f840 <AX element pid: 174, elementOrHash.elementID: 35890596480.1545>
                          Other, 0x11588f980 <AX element pid: 174, elementOrHash.elementID: 36055542272.3009>
                            Other, 0x11588fac0 <AX element pid: 174, elementOrHash.elementID: 35954368384.3020>
                          Other, 0x11588fc00 <AX element pid: 174, elementOrHash.elementID: 36055542272.3009>
                            Other, 0x11588fd40 <AX element pid: 174, elementOrHash.elementID: 35954368384.3020>
              Icon, 0x11588fe80 <AX element pid: 174, elementOrHash.elementID: 35943730176.142>
                Other, 0x115894000 <AX element pid: 174, elementOrHash.elementID: 35943610368.184>
                  Other, 0x115894140 <AX element pid: 174, elementOrHash.elementID: 35910748352.249>
                    Other, 0x115894280 <AX element pid: 174, elementOrHash.elementID: 35887487872.2829>
                      Other, 0x1158943c0 <AX element pid: 174, elementOrHash.elementID: 35887488512.2983>
                  Other, 0x115894500 <AX element pid: 174, elementOrHash.elementID: 35903651840.250>
                    Other, 0x115894640 <AX element pid: 174, elementOrHash.elementID: 35910760000.318>
                      Image, 0x115894780 <AX element pid: 174, elementOrHash.elementID: 36046519808.413>
                      Image, 0x1158948c0 <AX element pid: 174, elementOrHash.elementID: 36046519296.414>
              Icon, 0x115894a00 <AX element pid: 174, elementOrHash.elementID: 35943681024.139>
                Other, 0x115894b40 <AX element pid: 174, elementOrHash.elementID: 35943601408.181>
                  Other, 0x115894c80 <AX element pid: 174, elementOrHash.elementID: 35903861888.243>
                    Other, 0x115894dc0 <AX element pid: 174, elementOrHash.elementID: 35889723136.1443>
                      Other, 0x115894f00 <AX element pid: 174, elementOrHash.elementID: 35887484672.2984>
                  Other, 0x115895040 <AX element pid: 174, elementOrHash.elementID: 35904824704.244>
                    Other, 0x115895180 <AX element pid: 174, elementOrHash.elementID: 35903863680.312>
                      Image, 0x1158952c0 <AX element pid: 174, elementOrHash.elementID: 36044148736.404>
                      Image, 0x115895400 <AX element pid: 174, elementOrHash.elementID: 36044146176.405>
              Icon, 0x115895540 <AX element pid: 174, elementOrHash.elementID: 35905496064.1369>
                Other, 0x115895680 <AX element pid: 174, elementOrHash.elementID: 35889614336.1384>
                  Other, 0x1158957c0 <AX element pid: 174, elementOrHash.elementID: 35889614784.1399>
                    Other, 0x115895900 <AX element pid: 174, elementOrHash.elementID: 35876097792.2974>
                      Other, 0x115895a40 <AX element pid: 174, elementOrHash.elementID: 35887482112.2985>
                  Other, 0x115895b80 <AX element pid: 174, elementOrHash.elementID: 35889722496.1738>
                    Other, 0x115895cc0 <AX element pid: 174, elementOrHash.elementID: 35889615232.1748>
                      Image, 0x115895e00 <AX element pid: 174, elementOrHash.elementID: 36055474688.1766>
                      Image, 0x115895f40 <AX element pid: 174, elementOrHash.elementID: 36055474176.1767>
              Icon, 0x115896080 <AX element pid: 174, elementOrHash.elementID: 35904845312.1558>
                Other, 0x1158961c0 <AX element pid: 174, elementOrHash.elementID: 35889592320.1577>
                  Other, 0x115896300 <AX element pid: 174, elementOrHash.elementID: 35889592768.1609>
                    Other, 0x115896440 <AX element pid: 174, elementOrHash.elementID: 35887331072.2786>
                      Other, 0x115896580 <AX element pid: 174, elementOrHash.elementID: 35887483392.2986>
                  Other, 0x1158966c0 <AX element pid: 174, elementOrHash.elementID: 35888235776.1610>
                    Other, 0x115896800 <AX element pid: 174, elementOrHash.elementID: 35889591424.1648>
                      Image, 0x115896940 <AX element pid: 174, elementOrHash.elementID: 36053847040.1708>
                      Image, 0x115896a80 <AX element pid: 174, elementOrHash.elementID: 36053845504.1709>
              Icon, 0x115896bc0 <AX element pid: 174, elementOrHash.elementID: 35943585792.1553>
                Other, 0x115896d00 <AX element pid: 174, elementOrHash.elementID: 35943597824.1572>
                  Other, 0x115896e40 <AX element pid: 174, elementOrHash.elementID: 35921981248.1599>
                    Other, 0x115896f80 <AX element pid: 174, elementOrHash.elementID: 35941857664.292>
                      Other, 0x1158970c0 <AX element pid: 174, elementOrHash.elementID: 35903660800.2987>
                  Other, 0x115897200 <AX element pid: 174, elementOrHash.elementID: 35922149376.1600>
                    Other, 0x115897340 <AX element pid: 174, elementOrHash.elementID: 35921981696.1639>
                      Image, 0x115897480 <AX element pid: 174, elementOrHash.elementID: 36039293440.1693>
                      Image, 0x1158975c0 <AX element pid: 174, elementOrHash.elementID: 36039292928.1694>
              Icon, 0x115897700 <AX element pid: 174, elementOrHash.elementID: 35943682560.131>
                Other, 0x115897840 <AX element pid: 174, elementOrHash.elementID: 35943601856.173>
                  Other, 0x115897980 <AX element pid: 174, elementOrHash.elementID: 35921978560.227>
                    Other, 0x115897ac0 <AX element pid: 174, elementOrHash.elementID: 35875790976.2975>
                      Other, 0x115897c00 <AX element pid: 174, elementOrHash.elementID: 35909321984.2988>
                  Other, 0x115897d40 <AX element pid: 174, elementOrHash.elementID: 35921997696.228>
                    Other, 0x115897e80 <AX element pid: 174, elementOrHash.elementID: 35921979008.295>
                      Image, 0x115898000 <AX element pid: 174, elementOrHash.elementID: 36039285760.379>
                      Image, 0x115898140 <AX element pid: 174, elementOrHash.elementID: 36039285248.380>
              Icon, 0x115898280 <AX element pid: 174, elementOrHash.elementID: 35943584256.128>
                Other, 0x1158983c0 <AX element pid: 174, elementOrHash.elementID: 35943597376.170>
                  Other, 0x115898500 <AX element pid: 174, elementOrHash.elementID: 35903857856.221>
                    Other, 0x115898640 <AX element pid: 174, elementOrHash.elementID: 35943798400.306>
                      Other, 0x115898780 <AX element pid: 174, elementOrHash.elementID: 35887347456.2989>
                  Other, 0x1158988c0 <AX element pid: 174, elementOrHash.elementID: 35949556224.222>
                    Other, 0x115898a00 <AX element pid: 174, elementOrHash.elementID: 35903857408.289>
                      Image, 0x115898b40 <AX element pid: 174, elementOrHash.elementID: 36039485440.370>
                      Image, 0x115898c80 <AX element pid: 174, elementOrHash.elementID: 36039485952.371>
              Icon, 0x115898dc0 <AX element pid: 174, elementOrHash.elementID: 35905397760.1375>
                Other, 0x115898f00 <AX element pid: 174, elementOrHash.elementID: 35889808256.1391>
                  Other, 0x115899040 <AX element pid: 174, elementOrHash.elementID: 35889808704.1411>
                    Other, 0x115899180 <AX element pid: 174, elementOrHash.elementID: 35888232832.1428>
                      Other, 0x1158992c0 <AX element pid: 174, elementOrHash.elementID: 35887491072.2990>
                  Other, 0x115899400 <AX element pid: 174, elementOrHash.elementID: 35889824384.1412>
                    Other, 0x115899540 <AX element pid: 174, elementOrHash.elementID: 35889809152.1437>
                      Image, 0x115899680 <AX element pid: 174, elementOrHash.elementID: 36055536640.1469>
                      Image, 0x1158997c0 <AX element pid: 174, elementOrHash.elementID: 36055536128.1470>
              Icon, 0x115899900 <AX element pid: 174, elementOrHash.elementID: 35904831488.1559>
                Other, 0x115899a40 <AX element pid: 174, elementOrHash.elementID: 35922777792.1578>
                  Other, 0x115899b80 <AX element pid: 174, elementOrHash.elementID: 35922772864.1611>
                    Other, 0x115899cc0 <AX element pid: 174, elementOrHash.elementID: 35887348096.1427>
                      Other, 0x115899e00 <AX element pid: 174, elementOrHash.elementID: 35889825664.2991>
                  Other, 0x115899f40 <AX element pid: 174, elementOrHash.elementID: 35888229632.1612>
                    Other, 0x11589a080 <AX element pid: 174, elementOrHash.elementID: 35922782720.1651>
                      Image, 0x11589a1c0 <AX element pid: 174, elementOrHash.elementID: 36055022080.1712>
                      Image, 0x11589a300 <AX element pid: 174, elementOrHash.elementID: 36055017472.1713>
              Icon, 0x11589a440 <AX element pid: 174, elementOrHash.elementID: 35905399296.1374>
                Other, 0x11589a580 <AX element pid: 174, elementOrHash.elementID: 35889810496.1390>
                  Other, 0x11589a6c0 <AX element pid: 174, elementOrHash.elementID: 35889810944.1409>
                    Other, 0x11589a800 <AX element pid: 174, elementOrHash.elementID: 35887346816.2976>
                      Other, 0x11589a940 <AX element pid: 174, elementOrHash.elementID: 35909320704.2992>
                  Other, 0x11589aa80 <AX element pid: 174, elementOrHash.elementID: 35889826944.1410>
                    Other, 0x11589abc0 <AX element pid: 174, elementOrHash.elementID: 35889811392.1435>
                      Image, 0x11589ad00 <AX element pid: 174, elementOrHash.elementID: 36055538688.1466>
                      Image, 0x11589ae40 <AX element pid: 174, elementOrHash.elementID: 36055538176.1467>
              Icon, 0x11589af80 <AX element pid: 174, elementOrHash.elementID: 35908016128.1373>
                Other, 0x11589b0c0 <AX element pid: 174, elementOrHash.elementID: 35910462400.1389>
                  Other, 0x11589b200 <AX element pid: 174, elementOrHash.elementID: 35910459712.1407>
                    Other, 0x11589b340 <AX element pid: 174, elementOrHash.elementID: 35903663360.302>
                      Other, 0x11589b480 <AX element pid: 174, elementOrHash.elementID: 35887342336.2993>
                    Other, 0x11589b5c0 <AX element pid: 174, elementOrHash.elementID: 35922157696.1650>
                      Other, 0x11589b700 <AX element pid: 174, elementOrHash.elementID: 35922184384.1711>
                        Image, 0x11589b840 <AX element pid: 174, elementOrHash.elementID: 36050305536.1726>
                  Other, 0x11589b980 <AX element pid: 174, elementOrHash.elementID: 35888207488.1408>
                    Other, 0x11589bac0 <AX element pid: 174, elementOrHash.elementID: 35887805568.1433>
                      Image, 0x11589bc00 <AX element pid: 174, elementOrHash.elementID: 36053785600.1462>
                      Image, 0x11589bd40 <AX element pid: 174, elementOrHash.elementID: 36053794304.1463>
              Icon, 0x11589be80 <AX element pid: 174, elementOrHash.elementID: 35943582720.1371>
                Other, 0x11589c000 <AX element pid: 174, elementOrHash.elementID: 35943596928.1387>
                  Other, 0x11589c140 <AX element pid: 174, elementOrHash.elementID: 35892718080.1403>
                    Other, 0x11589c280 <AX element pid: 174, elementOrHash.elementID: 35876106752.2785>
                      Other, 0x11589c3c0 <AX element pid: 174, elementOrHash.elementID: 35887494272.2994>
                  Other, 0x11589c500 <AX element pid: 174, elementOrHash.elementID: 35888225152.1404>
                    Other, 0x11589c640 <AX element pid: 174, elementOrHash.elementID: 35887799744.1429>
                      Image, 0x11589c780 <AX element pid: 174, elementOrHash.elementID: 36055009280.1455>
                      Image, 0x11589c8c0 <AX element pid: 174, elementOrHash.elementID: 36055019008.1456>
            Icon, 0x11589ca00 <AX element pid: 174, elementOrHash.elementID: 36035588864.64>
              Icon, 0x11589cb40 <AX element pid: 174, elementOrHash.elementID: 36024186368.614>
              Icon, 0x11589cc80 <AX element pid: 174, elementOrHash.elementID: 36023795456.615>
              Icon, 0x11589cdc0 <AX element pid: 174, elementOrHash.elementID: 36024184832.616>
              Icon, 0x11589cf00 <AX element pid: 174, elementOrHash.elementID: 36024207808.617>
              Icon, 0x11589d040 <AX element pid: 174, elementOrHash.elementID: 36023793536.618>
              Icon, 0x11589d180 <AX element pid: 174, elementOrHash.elementID: 36024212608.619>
              Icon, 0x11589d2c0 <AX element pid: 174, elementOrHash.elementID: 36024842880.620>
              Icon, 0x11589d400 <AX element pid: 174, elementOrHash.elementID: 36024214144.621>
              Icon, 0x11589d540 <AX element pid: 174, elementOrHash.elementID: 36023794880.622>
              Icon, 0x11589d680 <AX element pid: 174, elementOrHash.elementID: 36024254464.623>
              Icon, 0x11589d7c0 <AX element pid: 174, elementOrHash.elementID: 36024260992.624>
              Icon, 0x11589d900 <AX element pid: 174, elementOrHash.elementID: 36024843072.625>
              Icon, 0x11589da40 <AX element pid: 174, elementOrHash.elementID: 36024180992.626>
              Icon, 0x11589db80 <AX element pid: 174, elementOrHash.elementID: 36023793728.627>
              Icon, 0x11589dcc0 <AX element pid: 174, elementOrHash.elementID: 36024181568.628>
              Icon, 0x11589de00 <AX element pid: 174, elementOrHash.elementID: 36024205888.629>
              Icon, 0x11589df40 <AX element pid: 174, elementOrHash.elementID: 36024259264.630>
              Icon, 0x11589e080 <AX element pid: 174, elementOrHash.elementID: 36024261568.631>
              Icon, 0x11589e1c0 <AX element pid: 174, elementOrHash.elementID: 36024177536.632>
              Icon, 0x11589e300 <AX element pid: 174, elementOrHash.elementID: 36024840192.633>
              Icon, 0x11589e440 <AX element pid: 174, elementOrHash.elementID: 36024838656.634>
              Icon, 0x11589e580 <AX element pid: 174, elementOrHash.elementID: 36023791232.635>
              Icon, 0x11589e6c0 <AX element pid: 174, elementOrHash.elementID: 36024184448.636>
              Icon, 0x11589e800 <AX element pid: 174, elementOrHash.elementID: 36024209920.637>
              Icon, 0x11589e940 <AX element pid: 174, elementOrHash.elementID: 36023786816.638>
              Icon, 0x11589ea80 <AX element pid: 174, elementOrHash.elementID: 36024259072.639>
              Icon, 0x11589ebc0 <AX element pid: 174, elementOrHash.elementID: 36024188096.640>
              Icon, 0x11589ed00 <AX element pid: 174, elementOrHash.elementID: 36057335872.2961>
            Icon, 0x11589ee40 <AX element pid: 174, elementOrHash.elementID: 36035589376.65>
              Icon, 0x11589ef80 <AX element pid: 174, elementOrHash.elementID: 36023791424.143>
            PageIndicator, 0x11589f0c0 <AX element pid: 174, elementOrHash.elementID: 35941843584.66>
        Other, 0x11589f200 <AX element pid: 174, elementOrHash.elementID: 36034925568.45>
          Other, 0x11589f340 <AX element pid: 174, elementOrHash.elementID: 35951750528.2944>
            Other, 0x11589f480 <AX element pid: 174, elementOrHash.elementID: 35887654528.2947>
              Other, 0x11589f5c0 <AX element pid: 174, elementOrHash.elementID: 35887652736.2962>
                Other, 0x11589f700 <AX element pid: 174, elementOrHash.elementID: 36055707648.2965>
                  Other, 0x11589f840 <AX element pid: 174, elementOrHash.elementID: 35887646464.2968>
              Other, 0x11589f980 <AX element pid: 174, elementOrHash.elementID: 36055711232.2963>
                Other, 0x11589fac0 <AX element pid: 174, elementOrHash.elementID: 35887652288.2966>
              Other, 0x11589fc00 <AX element pid: 174, elementOrHash.elementID: 36055698432.2964>
                Other, 0x11589fd40 <AX element pid: 174, elementOrHash.elementID: 35887649152.2967>
      Other, 0x11589fe80 <AX element pid: 174, elementOrHash.elementID: 36034935808.32>
  Window, 0x1158a0000 <AX element pid: 174, elementOrHash.elementID: 36032077824.11>
    Other, 0x1158a0140 <AX element pid: 174, elementOrHash.elementID: 35953538624.20>
      Other, 0x1158a0280 <AX element pid: 174, elementOrHash.elementID: 35953538176.33>
  Window, 0x1158a03c0 <AX element pid: 174, elementOrHash.elementID: 36018690304.12>
    Other, 0x1158a0500 <AX element pid: 174, elementOrHash.elementID: 36017882432.21>
      Other, 0x1158a0640 <AX element pid: 174, elementOrHash.elementID: 36038462464.34>
        Other, 0x1158a0780 <AX element pid: 174, elementOrHash.elementID: 35920632704.46>
          Other, 0x1158a08c0 <AX element pid: 174, elementOrHash.elementID: 35920548672.54>
            Other, 0x1158a0a00 <AX element pid: 174, elementOrHash.elementID: 35910751040.2948>
            Other, 0x1158a0b40 <AX element pid: 174, elementOrHash.elementID: 35907105024.2949>
            Other, 0x1158a0c80 <AX element pid: 174, elementOrHash.elementID: 35920551360.69>
            Other, 0x1158a0dc0 <AX element pid: 174, elementOrHash.elementID: 35920551808.70>
            Other, 0x1158a0f00 <AX element pid: 174, elementOrHash.elementID: 35887657216.2950>
            Other, 0x1158a1040 <AX element pid: 174, elementOrHash.elementID: 35887649600.2951>
            Other, 0x1158a1180 <AX element pid: 174, elementOrHash.elementID: 35920553152.73>
            Other, 0x1158a12c0 <AX element pid: 174, elementOrHash.elementID: 35920549120.74>
      Other, 0x1158a1400 <AX element pid: 174, elementOrHash.elementID: 36049184256.2942>
        Other, 0x1158a1540 <AX element pid: 174, elementOrHash.elementID: 11494289431044805875.9999>
          Other, 0x1158a1680 <AX element pid: 333, elementOrHash.elementID: 4309013472.4>
            Other, 0x1158a17c0 <AX element pid: 333, elementOrHash.elementID: 4309041312.5>
              Other, 0x1158a1900 <AX element pid: 333, elementOrHash.elementID: 4308983520.6>
                Other, 0x1158a1a40 <AX element pid: 333, elementOrHash.elementID: 4309005120.7>
      Other, 0x1158a1b80 <AX element pid: 174, elementOrHash.elementID: 36058049536.2867>
        Other, 0x1158a1cc0 <AX element pid: 174, elementOrHash.elementID: 35889837824.2868>
          Other, 0x1158a1e00 <AX element pid: 174, elementOrHash.elementID: 35890595584.2870>
  Window, 0x1158a1f40 <AX element pid: 174, elementOrHash.elementID: 36018691584.13>
    Other, 0x1158a2080 <AX element pid: 174, elementOrHash.elementID: 36017885568.22>
  Window, 0x1158a21c0 <AX element pid: 174, elementOrHash.elementID: 36018685184.1812>
    Other, 0x1158a2300 <AX element pid: 174, elementOrHash.elementID: 35889648896.1813>
      Other, 0x1158a2440 <AX element pid: 174, elementOrHash.elementID: 35887702784.1815>
  Window, 0x1158a2580 <AX element pid: 174, elementOrHash.elementID: 35951108864.14>
    Other, 0x1158a26c0 <AX element pid: 174, elementOrHash.elementID: 35953539072.23>
      Other, 0x1158a2800 <AX element pid: 174, elementOrHash.elementID: 35953539968.37>
  Window, 0x1158a2940 <AX element pid: 174, elementOrHash.elementID: 35920354816.15>
    Other, 0x1158a2a80 <AX element pid: 174, elementOrHash.elementID: 35923110400.24>
      Other, 0x1158a2bc0 <AX element pid: 174, elementOrHash.elementID: 35923112192.38>
  Window, 0x1158a2d00 <AX element pid: 174, elementOrHash.elementID: 36036372480.9>
    Other, 0x1158a2e40 <AX element pid: 174, elementOrHash.elementID: 35942339840.25>
      Other, 0x1158a2f80 <AX element pid: 174, elementOrHash.elementID: 35942340288.39>
        Other, 0x1158a30c0 <AX element pid: 174, elementOrHash.elementID: 35942345216.48>
        Other, 0x1158a3200 <AX element pid: 174, elementOrHash.elementID: 35942345664.49>
        Other, 0x1158a3340 <AX element pid: 174, elementOrHash.elementID: 35941851264.50>
          Other, 0x1158a3480 <AX element pid: 174, elementOrHash.elementID: 36036367360.56>
            Icon, 0x1158a35c0 <AX element pid: 174, elementOrHash.elementID: 35943737856.6>
              Other, 0x1158a3700 <AX element pid: 174, elementOrHash.elementID: 35943844928.145>
                Other, 0x1158a3840 <AX element pid: 174, elementOrHash.elementID: 35943845376.185>
                  Other, 0x1158a3980 <AX element pid: 174, elementOrHash.elementID: 35943797760.251>
                    Other, 0x1158a3ac0 <AX element pid: 174, elementOrHash.elementID: 35943806720.319>
            Icon, 0x1158a3c00 <AX element pid: 174, elementOrHash.elementID: 35943739392.75>
              Other, 0x1158a3d40 <AX element pid: 174, elementOrHash.elementID: 35943845824.146>
                Other, 0x1158a3e80 <AX element pid: 174, elementOrHash.elementID: 35943846272.186>
                  Other, 0x1158a8000 <AX element pid: 174, elementOrHash.elementID: 35943792640.252>
                    Other, 0x1158a8140 <AX element pid: 174, elementOrHash.elementID: 35943808000.320>
            Icon, 0x1158a8280 <AX element pid: 174, elementOrHash.elementID: 35943740928.76>
              Other, 0x1158a83c0 <AX element pid: 174, elementOrHash.elementID: 35943846720.147>
                Other, 0x1158a8500 <AX element pid: 174, elementOrHash.elementID: 35943847168.187>
                  Other, 0x1158a8640 <AX element pid: 174, elementOrHash.elementID: 35941855104.253>
                    Other, 0x1158a8780 <AX element pid: 174, elementOrHash.elementID: 35944039040.321>
            Icon, 0x1158a88c0 <AX element pid: 174, elementOrHash.elementID: 35944136704.77>
              Other, 0x1158a8a00 <AX element pid: 174, elementOrHash.elementID: 35943847616.148>
                Other, 0x1158a8b40 <AX element pid: 174, elementOrHash.elementID: 35943848064.188>
                  Other, 0x1158a8c80 <AX element pid: 174, elementOrHash.elementID: 35943795840.254>
                    Other, 0x1158a8dc0 <AX element pid: 174, elementOrHash.elementID: 35944040320.322>
            Icon, 0x1158a8f00 <AX element pid: 174, elementOrHash.elementID: 35944138240.78>
              Other, 0x1158a9040 <AX element pid: 174, elementOrHash.elementID: 35943848512.149>
                Other, 0x1158a9180 <AX element pid: 174, elementOrHash.elementID: 35943848960.189>
                  Other, 0x1158a92c0 <AX element pid: 174, elementOrHash.elementID: 35941858304.255>
                    Other, 0x1158a9400 <AX element pid: 174, elementOrHash.elementID: 35949554944.2977>
            Icon, 0x1158a9540 <AX element pid: 174, elementOrHash.elementID: 35944139776.79>
              Other, 0x1158a9680 <AX element pid: 174, elementOrHash.elementID: 35943849856.150>
                Other, 0x1158a97c0 <AX element pid: 174, elementOrHash.elementID: 35943850304.190>
                  Other, 0x1158a9900 <AX element pid: 174, elementOrHash.elementID: 35943799040.256>
                    Other, 0x1158a9a40 <AX element pid: 174, elementOrHash.elementID: 35944043520.324>
            Icon, 0x1158a9b80 <AX element pid: 174, elementOrHash.elementID: 35944141312.80>
              Other, 0x1158a9cc0 <AX element pid: 174, elementOrHash.elementID: 35943850752.151>
                Other, 0x1158a9e00 <AX element pid: 174, elementOrHash.elementID: 35943851200.191>
                  Other, 0x1158a9f40 <AX element pid: 174, elementOrHash.elementID: 35941853184.257>
                    Other, 0x1158aa080 <AX element pid: 174, elementOrHash.elementID: 35944044800.325>
          Other, 0x1158aa1c0 <AX element pid: 174, elementOrHash.elementID: 36036369408.57>
            Icon, 0x1158aa300 <AX element pid: 174, elementOrHash.elementID: 35941698560.81>
              Other, 0x1158aa440 <AX element pid: 174, elementOrHash.elementID: 35942346112.152>
                Other, 0x1158aa580 <AX element pid: 174, elementOrHash.elementID: 35943611712.192>
                  Other, 0x1158aa6c0 <AX element pid: 174, elementOrHash.elementID: 35941853824.258>
                    Other, 0x1158aa800 <AX element pid: 174, elementOrHash.elementID: 35943800960.326>
            Icon, 0x1158aa940 <AX element pid: 174, elementOrHash.elementID: 35943734784.82>
              Other, 0x1158aaa80 <AX element pid: 174, elementOrHash.elementID: 35943841792.153>
                Other, 0x1158aabc0 <AX element pid: 174, elementOrHash.elementID: 35943842240.193>
                  Other, 0x1158aad00 <AX element pid: 174, elementOrHash.elementID: 35943794560.259>
                    Other, 0x1158aae40 <AX element pid: 174, elementOrHash.elementID: 35943802240.327>
                  Other, 0x1158aaf80 <AX element pid: 174, elementOrHash.elementID: 35889825024.1441>
                    Other, 0x1158ab0c0 <AX element pid: 174, elementOrHash.elementID: 35889810048.1475>
                      Image, 0x1158ab200 <AX element pid: 174, elementOrHash.elementID: 36055537152.1486>
          Other, 0x1158ab340 <AX element pid: 174, elementOrHash.elementID: 36036368384.58>
          Icon, 0x1158ab480 <AX element pid: 174, elementOrHash.elementID: 35944142848.59>
            Other, 0x1158ab5c0 <AX element pid: 174, elementOrHash.elementID: 35887499776.2952>
            Other, 0x1158ab700 <AX element pid: 174, elementOrHash.elementID: 35921987456.2953>
            Other, 0x1158ab840 <AX element pid: 174, elementOrHash.elementID: 35906212864.2954>
            Other, 0x1158ab980 <AX element pid: 174, elementOrHash.elementID: 35891053184.513>
      Other, 0x1158abac0 <AX element pid: 174, elementOrHash.elementID: 35944048000.40>
        Other, 0x1158abc00 <AX element pid: 174, elementOrHash.elementID: 36037143040.51>
          Other, 0x1158abd40 <AX element pid: 174, elementOrHash.elementID: 15888323694556361868.9999>
            Other, 0x1158abe80 <AX element pid: 303, elementOrHash.elementID: 4312005392.4>
              Other, 0x1158b0000 <AX element pid: 303, elementOrHash.elementID: 33807598848.5>
                Other, 0x1158b0140 <AX element pid: 303, elementOrHash.elementID: 33807631232.6>
                  Other, 0x1158b0280 <AX element pid: 303, elementOrHash.elementID: 33807630336.7>
          Other, 0x1158b03c0 <AX element pid: 174, elementOrHash.elementID: 4828928117917013637.9999>
            Other, 0x1158b0500 <AX element pid: 303, elementOrHash.elementID: 33807632128.8>
              Other, 0x1158b0640 <AX element pid: 303, elementOrHash.elementID: 33807633920.9>
          Other, 0x1158b0780 <AX element pid: 174, elementOrHash.elementID: 4707142009615084407.9999>
  Window, 0x1158b08c0 <AX element pid: 174, elementOrHash.elementID: 36022010880.16>
    StatusBar, 0x1158b0a00 <AX element pid: 174, elementOrHash.elementID: 36017866624.26>
      Other, 0x1158b0b40 <AX element pid: 174, elementOrHash.elementID: 36021977088.41>
        Other, 0x1158b0c80 <AX element pid: 174, elementOrHash.elementID: 35910747456.2943>
          Other, 0x1158b0dc0 <AX element pid: 174, elementOrHash.elementID: 35910750144.2945>
            StaticText, 0x1158b0f00 <AX element pid: 174, elementOrHash.elementID: 35893191424.2955>
            StaticText, 0x1158b1040 <AX element pid: 174, elementOrHash.elementID: 35893196800.2956>
          Other, 0x1158b1180 <AX element pid: 174, elementOrHash.elementID: 35910748800.2946>
            Other, 0x1158b12c0 <AX element pid: 174, elementOrHash.elementID: 36055708672.2957>
            Image, 0x1158b1400 <AX element pid: 174, elementOrHash.elementID: 35887438080.2958>
            StaticText, 0x1158b1540 <AX element pid: 174, elementOrHash.elementID: 35951741568.2959>
            Other, 0x1158b1680 <AX element pid: 174, elementOrHash.elementID: 35887440640.2960>
    Other, 0x1158b17c0 <AX element pid: 174, elementOrHash.elementID: 36017881984.27>
  Window, 0x1158b1900 <AX element pid: 174, elementOrHash.elementID: 36032072704.17>
    Other, 0x1158b1a40 <AX element pid: 174, elementOrHash.elementID: 35953535488.28>
  Window, 0x1158b1b80 <AX element pid: 174, elementOrHash.elementID: 36032076800.18>
    Other, 0x1158b1cc0 <AX element pid: 174, elementOrHash.elementID: 35953537728.29>
10:02:25.838 WebDriverAgentRunner-Runner[1852:329613] Found matches {(
    StatusBar
)} with root Application, pid: 174
10:02:25.838 WebDriverAgentRunner-Runner[1852:329613] <XCTContext: 0x1141895e0> finished activity <XCActivityRecord: 0x114d717a0> 2026-07-20 03:02:25 +0000: Get all elements bound by index for: Descendants matching type StatusBar (0.397536s)
10:02:25.839 WebDriverAgentRunner-Runner[1852:329613] <XCTContext: 0x1141895e0> started activity <XCActivityRecord: 0x114d717a0> 2026-07-20 03:02:25 +0000: Find the StatusBar (Element at index 0)
10:02:25.839 WebDriverAgentRunner-Runner[1852:329613] Executing query:
↪︎ Descendants matching type StatusBar
    ↪︎ Element at index 0
10:02:25.839 WebDriverAgentRunner-Runner[1852:329613] Creating future for 'checking for continuity enablement' with timeout 30.00
10:02:25.839 WebDriverAgentRunner-Runner[1852:329613] <XCTWaiter: 0x1157ec120> entering wait loop for 30.00s with expectations: `checking for continuity enablement`
10:02:25.841 WebDriverAgentRunner-Runner[1852:329613] Returning result XCTWaiterResultCompleted for synchronous waiter <XCTWaiter: 0x1157ec120>
10:02:25.841 WebDriverAgentRunner-Runner[1852:329613] Wait <XCTWaiterWait: 0x11599c540> completed after 0.001s
10:02:25.841 WebDriverAgentRunner-Runner[1852:329613] cleaning up checking for continuity enablement
10:02:25.841 WebDriverAgentRunner-Runner[1852:329613] Should evaluate query remotely? XCTDisableRemoteQueryEvaluation(d-write): YES, hasAutomationSession: YES, supportsRemoteEvaluation: YES
    t =   125.23s Find the StatusBar (Element at index 0)
10:02:25.841 WebDriverAgentRunner-Runner[1852:329613] Getting matching snapshots for locally evaluated query
10:02:25.841 WebDriverAgentRunner-Runner[1852:329613] Evaluating query:
 ↪︎ Descendants matching type StatusBar
    ↪︎ Element at index 0
10:02:25.841 WebDriverAgentRunner-Runner[1852:329613] Getting root element snapshot
10:02:25.841 WebDriverAgentRunner-Runner[1852:329613] Getting snapshot for App element pid: 174 for query ↪︎ Descendants matching type StatusBar
    ↪︎ Element at index 0
10:02:25.842 WebDriverAgentRunner-Runner[1852:329613] <XCTContext: 0x1141895e0> started activity <XCActivityRecord: 0x114d718f0> 2026-07-20 03:02:25 +0000: Requesting snapshot of accessibility hierarchy for app with pid 174
10:02:25.842 WebDriverAgentRunner-Runner[1852:329613] Query requires iOS snapshot attributes XC_kAXXCAttributeElementType, XC_kAXXCAttributeElementBaseType, XC_kAXXCAttributeAutomationType, XC_kAXXCAttributeTraits.
10:02:25.842 WebDriverAgentRunner-Runner[1852:329613] XCUIElementQuery <XCTElementSnapshotProvider> getting snapshot
10:02:25.842 WebDriverAgentRunner-Runner[1852:329613] Snapshot request has custom attributes XC_kAXXCAttributeElementType, XC_kAXXCAttributeElementBaseType, XC_kAXXCAttributeAutomationType, XC_kAXXCAttributeTraits
10:02:25.842 WebDriverAgentRunner-Runner[1852:329613] Snapshot request has custom parameters {
    snapshotKeyHonorModalViews = 0;
}
10:02:25.842 WebDriverAgentRunner-Runner[1852:329613] Current snapshot generation is 33
10:02:25.842 WebDriverAgentRunner-Runner[1852:329613] Capturing a new snapshot
10:02:25.842 WebDriverAgentRunner-Runner[1852:329613] Fetching snapshot for App element pid: 174 from testmanagerd with attributes XC_kAXXCAttributeElementType, XC_kAXXCAttributeElementBaseType, XC_kAXXCAttributeParent, XC_kAXXCAttributeIdentifier, XC_kAXXCAttributeAutomationType, XC_kAXXCAttributeTraits and parameters {
    maxArrayCount = 2147483647;
    maxChildren = 2147483647;
    maxDepth = 50;
    snapshotKeyHonorModalViews = 0;
    traverseFromParentsToChildren = 1;
}.
10:02:25.842 WebDriverAgentRunner-Runner[1852:329613] Creating future for 'fetching snapshot from testmanagerd.' with timeout 65.00
10:02:25.843 WebDriverAgentRunner-Runner[1852:329613] <XCTWaiter: 0x1157ed530> entering wait loop for 65.00s with expectations: `fetching snapshot from testmanagerd.`
    t =   125.23s     Requesting snapshot of accessibility hierarchy for app with pid 174
10:02:26.225 WebDriverAgentRunner-Runner[1852:331966] Got snapshot response with runtime issue support from testmanagerd.
10:02:26.225 WebDriverAgentRunner-Runner[1852:329613] Returning result XCTWaiterResultCompleted for synchronous waiter <XCTWaiter: 0x1157ed530>
10:02:26.225 WebDriverAgentRunner-Runner[1852:329613] Wait <XCTWaiterWait: 0x11599cd40> completed after 0.383s
10:02:26.225 WebDriverAgentRunner-Runner[1852:329613] cleaning up fetching snapshot from testmanagerd.
10:02:26.226 WebDriverAgentRunner-Runner[1852:329613] <XCTContext: 0x1141895e0> finished activity <XCActivityRecord: 0x114d718f0> 2026-07-20 03:02:25 +0000: Requesting snapshot of accessibility hierarchy for app with pid 174 (0.384028s)
10:02:26.226 WebDriverAgentRunner-Runner[1852:329613] XCTPerformOnMainRunLoop[MT]: already on MT; performing block without run loop dispatch - timeouts will not be enforced.
10:02:26.226 WebDriverAgentRunner-Runner[1852:329613] XCTElementQuery: set data source for rootElementSnapshot to (null)
10:02:26.226 WebDriverAgentRunner-Runner[1852:329613] Finding all matches with input Application, pid: 174 using transformers 
↪︎ Descendants matching type StatusBar
    ↪︎ Element at index 0
10:02:26.226 WebDriverAgentRunner-Runner[1852:329613] <XCTContext: 0x1141895e0> started activity <XCActivityRecord: 0x114d718f0> 2026-07-20 03:02:26 +0000: Find: Descendants matching type StatusBar
    t =   125.61s     Find: Descendants matching type StatusBar
10:02:26.230 WebDriverAgentRunner-Runner[1852:329613] <XCTContext: 0x1141895e0> finished activity <XCActivityRecord: 0x114d718f0> 2026-07-20 03:02:26 +0000: Find: Descendants matching type StatusBar (0.00391901s)
10:02:26.230 WebDriverAgentRunner-Runner[1852:329613] [Match All] applied transformer `Descendants matching type StatusBar` to input {(
    Application, pid: 174
)}, found {(
    StatusBar
)}
10:02:26.231 WebDriverAgentRunner-Runner[1852:329613] <XCTContext: 0x1141895e0> started activity <XCActivityRecord: 0x114d718f0> 2026-07-20 03:02:26 +0000: Find: Element at index 0
    t =   125.62s     Find: Element at index 0
10:02:26.231 WebDriverAgentRunner-Runner[1852:329613] <XCTContext: 0x1141895e0> finished activity <XCActivityRecord: 0x114d718f0> 2026-07-20 03:02:26 +0000: Find: Element at index 0 (0.000259042s)
10:02:26.231 WebDriverAgentRunner-Runner[1852:329613] [Match All] applied transformer `Element at index 0` to input {(
    StatusBar
)}, found {(
    StatusBar
)}
10:02:26.231 WebDriverAgentRunner-Runner[1852:329613] [Match All] setting out related elements {(
)}
10:02:26.237 WebDriverAgentRunner-Runner[1852:329613] Current tree:
Application, 0x1158b1e00, pid: 174 <App element pid: 174>
  Window, 0x1158b1f40 <AX element pid: 174, elementOrHash.elementID: 36032084992.10>
    Other, 0x1158b2080 <AX element pid: 174, elementOrHash.elementID: 35948119808.19>
      Other, 0x1158b21c0 <AX element pid: 174, elementOrHash.elementID: 35948120256.30>
        Image, 0x1158b2300 <AX element pid: 174, elementOrHash.elementID: 36036531200.42>
        Image, 0x1158b2440 <AX element pid: 174, elementOrHash.elementID: 36036531712.43>
      Other, 0x1158b2580 <AX element pid: 174, elementOrHash.elementID: 35948119360.31>
        Other, 0x1158b26c0 <AX element pid: 174, elementOrHash.elementID: 35948131904.44>
          Other, 0x1158b2800 <AX element pid: 174, elementOrHash.elementID: 35941697024.53>
            Other, 0x1158b2940 <AX element pid: 174, elementOrHash.elementID: 35948131456.62>
              Other, 0x1158b2a80 <AX element pid: 174, elementOrHash.elementID: 35948131008.97>
            Icon, 0x1158b2bc0 <AX element pid: 174, elementOrHash.elementID: 36035587328.63>
              Icon, 0x1158b2d00 <AX element pid: 174, elementOrHash.elementID: 35905400832.2824>
                Other, 0x1158b2e40 <AX element pid: 174, elementOrHash.elementID: 35889811840.2825>
                  Other, 0x1158b2f80 <AX element pid: 174, elementOrHash.elementID: 35889812288.2826>
                    Other, 0x1158b30c0 <AX element pid: 174, elementOrHash.elementID: 35887739136.2969>
                      Other, 0x1158b3200 <AX element pid: 174, elementOrHash.elementID: 35887732416.2978>
                        ScrollView, 0x1158b3340 <AX element pid: 174, elementOrHash.elementID: 35954400768.2995>
                          Other, 0x1158b3480 <AX element pid: 174, elementOrHash.elementID: 35887344256.3000>
                            Other, 0x1158b35c0 <AX element pid: 174, elementOrHash.elementID: 35957572928.3010>
                            Other, 0x1158b3700 <AX element pid: 174, elementOrHash.elementID: 35957574720.3011>
                              Other, 0x1158b3840 <AX element pid: 174, elementOrHash.elementID: 35887795712.1508>
                                Other, 0x1158b3980 <AX element pid: 174, elementOrHash.elementID: 35887803776.1513>
                                  Other, 0x1158b3ac0 <AX element pid: 174, elementOrHash.elementID: 35910135168.1524>
                                    Other, 0x1158b3c00 <AX element pid: 174, elementOrHash.elementID: 35890609024.1535>
                                Other, 0x1158b3d40 <AX element pid: 174, elementOrHash.elementID: 36052129280.1514>
                                  Other, 0x1158b3e80 <AX element pid: 174, elementOrHash.elementID: 35887799296.1525>
                                    Other, 0x1158cc000 <AX element pid: 174, elementOrHash.elementID: 36052130816.1536>
                                      Other, 0x1158cc140 <AX element pid: 174, elementOrHash.elementID: 8177705805140893231.9999>
                                        Other, 0x1158cc280 <AX element pid: 308, elementOrHash.elementID: 53445094336.735>
                                          Other, 0x1158cc3c0 <AX element pid: 308, elementOrHash.elementID: 53445085376.736>
                                            Other, 0x1158cc500 <AX element pid: 308, elementOrHash.elementID: 53436624256.738>
                                              Other, 0x1158cc640 <AX element pid: 308, elementOrHash.elementID: 53438646016.739>
                                                Other, 0x1158cc780 <AX element pid: 308, elementOrHash.elementID: 53445094784.740>
                                                  Other, 0x1158cc8c0 <AX element pid: 308, elementOrHash.elementID: 53445095680.741>
                                                    Image, 0x1158cca00 <AX element pid: 308, elementOrHash.elementID: 53445097920.742>
                                                    Image, 0x1158ccb40 <AX element pid: 308, elementOrHash.elementID: 53445097024.743>
                                                    Other, 0x1158ccc80 <AX element pid: 308, elementOrHash.elementID: 53445093888.744>
                                          Other, 0x1158ccdc0 <AX element pid: 308, elementOrHash.elementID: 53428073984.737>
                                Other, 0x1158ccf00 <AX element pid: 174, elementOrHash.elementID: 35887802432.1515>
                                  Other, 0x1158cd040 <AX element pid: 174, elementOrHash.elementID: 35910127104.1526>
                                    Other, 0x1158cd180 <AX element pid: 174, elementOrHash.elementID: 35890600512.1537>
                          Other, 0x1158cd2c0 <AX element pid: 174, elementOrHash.elementID: 36057364480.3001>
                            Other, 0x1158cd400 <AX element pid: 174, elementOrHash.elementID: 35921970944.3012>
                          Other, 0x1158cd540 <AX element pid: 174, elementOrHash.elementID: 36057364480.3001>
                            Other, 0x1158cd680 <AX element pid: 174, elementOrHash.elementID: 35921970944.3012>
              Icon, 0x1158cd7c0 <AX element pid: 174, elementOrHash.elementID: 35943731712.121>
                Other, 0x1158cd900 <AX element pid: 174, elementOrHash.elementID: 35943610816.163>
                  Other, 0x1158cda40 <AX element pid: 174, elementOrHash.elementID: 35903859200.207>
                    Other, 0x1158cdb80 <AX element pid: 174, elementOrHash.elementID: 35892755328.2970>
                      Other, 0x1158cdcc0 <AX element pid: 174, elementOrHash.elementID: 35892743680.2979>
                        ScrollView, 0x1158cde00 <AX element pid: 174, elementOrHash.elementID: 35954405888.2996>
                          Other, 0x1158cdf40 <AX element pid: 174, elementOrHash.elementID: 35909329664.3002>
                            Other, 0x1158ce080 <AX element pid: 174, elementOrHash.elementID: 35957584128.3013>
                              Other, 0x1158ce1c0 <AX element pid: 174, elementOrHash.elementID: 35911023936.1509>
                                Other, 0x1158ce300 <AX element pid: 174, elementOrHash.elementID: 36052134912.1516>
                                  Other, 0x1158ce440 <AX element pid: 174, elementOrHash.elementID: 35892667136.1527>
                                    Other, 0x1158ce580 <AX element pid: 174, elementOrHash.elementID: 36052124160.1538>
                                      Other, 0x1158ce6c0 <AX element pid: 174, elementOrHash.elementID: 13543915967597595297.9999>
                                        Other, 0x1158ce800 <AX element pid: 308, elementOrHash.elementID: 53438654976.745>
                                          Other, 0x1158ce940 <AX element pid: 308, elementOrHash.elementID: 53438656768.746>
                                            Other, 0x1158cea80 <AX element pid: 308, elementOrHash.elementID: 53436626048.748>
                                              Other, 0x1158cebc0 <AX element pid: 308, elementOrHash.elementID: 53438648256.749>
                                                Other, 0x1158ced00 <AX element pid: 308, elementOrHash.elementID: 53445098368.750>
                                                Other, 0x1158cee40 <AX element pid: 308, elementOrHash.elementID: 53445091648.751>
                                                  Other, 0x1158cef80 <AX element pid: 308, elementOrHash.elementID: 53438646464.752>
                                                    Button, 0x1158cf0c0 <AX element pid: 308, elementOrHash.elementID: 53438654528.754>
                                                      Image, 0x1158cf200 <AX element pid: 308, elementOrHash.elementID: 53438659904.756>
                                                      StaticText, 0x1158cf340 <AX element pid: 308, elementOrHash.elementID: 53438647360.757>
                                                  Other, 0x1158cf480 <AX element pid: 308, elementOrHash.elementID: 53438649600.753>
                                                    Button, 0x1158cf5c0 <AX element pid: 308, elementOrHash.elementID: 53438647808.755>
                                                      StaticText, 0x1158cf700 <AX element pid: 308, elementOrHash.elementID: 53438653632.758>
                                                      StaticText, 0x1158cf840 <AX element pid: 308, elementOrHash.elementID: 53438657216.759>
                                                      StaticText, 0x1158cf980 <AX element pid: 308, elementOrHash.elementID: 53438657664.760>
                                          Other, 0x1158cfac0 <AX element pid: 308, elementOrHash.elementID: 53425754624.747>
                                Other, 0x1158cfc00 <AX element pid: 174, elementOrHash.elementID: 35892703040.1517>
                                  Other, 0x1158cfd40 <AX element pid: 174, elementOrHash.elementID: 35906805632.1528>
                                    Other, 0x1158cfe80 <AX element pid: 174, elementOrHash.elementID: 35890599616.1539>
                          Other, 0x1158d4000 <AX element pid: 174, elementOrHash.elementID: 36057352704.3003>
                            Other, 0x1158d4140 <AX element pid: 174, elementOrHash.elementID: 35887741376.3014>
                          Other, 0x1158d4280 <AX element pid: 174, elementOrHash.elementID: 36057352704.3003>
                            Other, 0x1158d43c0 <AX element pid: 174, elementOrHash.elementID: 35887741376.3014>
              Icon, 0x1158d4500 <AX element pid: 174, elementOrHash.elementID: 35943697408.130>
                Other, 0x1158d4640 <AX element pid: 174, elementOrHash.elementID: 35943605888.172>
                  Other, 0x1158d4780 <AX element pid: 174, elementOrHash.elementID: 35921982144.225>
                    Other, 0x1158d48c0 <AX element pid: 174, elementOrHash.elementID: 35889820352.2971>
                      Other, 0x1158d4a00 <AX element pid: 174, elementOrHash.elementID: 35889818560.2980>
                        ScrollView, 0x1158d4b40 <AX element pid: 174, elementOrHash.elementID: 35952341504.2997>
                          Other, 0x1158d4c80 <AX element pid: 174, elementOrHash.elementID: 35949552384.3004>
                            Other, 0x1158d4dc0 <AX element pid: 174, elementOrHash.elementID: 35957576960.3015>
                              Other, 0x1158d4f00 <AX element pid: 174, elementOrHash.elementID: 35910753728.1510>
                                Other, 0x1158d5040 <AX element pid: 174, elementOrHash.elementID: 36056066560.1518>
                                  Other, 0x1158d5180 <AX element pid: 174, elementOrHash.elementID: 35892723008.1529>
                                    Other, 0x1158d52c0 <AX element pid: 174, elementOrHash.elementID: 36056063488.1540>
                                      Other, 0x1158d5400 <AX element pid: 174, elementOrHash.elementID: 2952537582149975182.9999>
                                        Other, 0x1158d5540 <AX element pid: 308, elementOrHash.elementID: 53438650048.761>
                                          Other, 0x1158d5680 <AX element pid: 308, elementOrHash.elementID: 53438652288.762>
                                            Other, 0x1158d57c0 <AX element pid: 308, elementOrHash.elementID: 53436619776.764>
                                              Other, 0x1158d5900 <AX element pid: 308, elementOrHash.elementID: 53449602624.765>
                                                Other, 0x1158d5a40 <AX element pid: 308, elementOrHash.elementID: 53445092544.766>
                                                  Image, 0x1158d5b80 <AX element pid: 308, elementOrHash.elementID: 53449594560.767>
                                          Other, 0x1158d5cc0 <AX element pid: 308, elementOrHash.elementID: 53425752064.763>
                                Other, 0x1158d5e00 <AX element pid: 174, elementOrHash.elementID: 35892716736.1519>
                                  Other, 0x1158d5f40 <AX element pid: 174, elementOrHash.elementID: 35906807424.1530>
                                    Other, 0x1158d6080 <AX element pid: 174, elementOrHash.elementID: 35890600064.1541>
                          Other, 0x1158d61c0 <AX element pid: 174, elementOrHash.elementID: 36046873088.3005>
                            Other, 0x1158d6300 <AX element pid: 174, elementOrHash.elementID: 35905686144.3016>
                          Other, 0x1158d6440 <AX element pid: 174, elementOrHash.elementID: 36046873088.3005>
                            Other, 0x1158d6580 <AX element pid: 174, elementOrHash.elementID: 35905686144.3016>
              Icon, 0x1158d66c0 <AX element pid: 174, elementOrHash.elementID: 35905497600.1378>
                Other, 0x1158d6800 <AX element pid: 174, elementOrHash.elementID: 35889615680.1394>
                  Other, 0x1158d6940 <AX element pid: 174, elementOrHash.elementID: 35889616128.1417>
                    Other, 0x1158d6a80 <AX element pid: 174, elementOrHash.elementID: 35887703232.2972>
                      Other, 0x1158d6bc0 <AX element pid: 174, elementOrHash.elementID: 35887705920.2981>
                        ScrollView, 0x1158d6d00 <AX element pid: 174, elementOrHash.elementID: 35952328704.2998>
                          Other, 0x1158d6e40 <AX element pid: 174, elementOrHash.elementID: 35887333376.3006>
                            Other, 0x1158d6f80 <AX element pid: 174, elementOrHash.elementID: 35957583680.3017>
                              Other, 0x1158d70c0 <AX element pid: 174, elementOrHash.elementID: 35910755072.1511>
                                Other, 0x1158d7200 <AX element pid: 174, elementOrHash.elementID: 36045241344.1520>
                                  Other, 0x1158d7340 <AX element pid: 174, elementOrHash.elementID: 35910757312.1531>
                                    Other, 0x1158d7480 <AX element pid: 174, elementOrHash.elementID: 36044394496.1542>
                                      Other, 0x1158d75c0 <AX element pid: 174, elementOrHash.elementID: 13688983028095814368.9999>
                                        Other, 0x1158d7700 <AX element pid: 308, elementOrHash.elementID: 53438658112.768>
                                          Other, 0x1158d7840 <AX element pid: 308, elementOrHash.elementID: 53438649152.769>
                                            Other, 0x1158d7980 <AX element pid: 308, elementOrHash.elementID: 53436612608.771>
                                              Other, 0x1158d7ac0 <AX element pid: 308, elementOrHash.elementID: 53448910912.772>
                                                Other, 0x1158d7c00 <AX element pid: 308, elementOrHash.elementID: 53445096576.773>
                                                Other, 0x1158d7d40 <AX element pid: 308, elementOrHash.elementID: 53445098816.774>
                                                  Other, 0x1158d7e80 <AX element pid: 308, elementOrHash.elementID: 53449593216.775>
                                                    StaticText, 0x1157f0000 <AX element pid: 308, elementOrHash.elementID: 53449592320.778>
                                                    StaticText, 0x1157f0140 <AX element pid: 308, elementOrHash.elementID: 53449596800.779>
                                                    StaticText, 0x1157f0280 <AX element pid: 308, elementOrHash.elementID: 53449600384.780>
                                                  StaticText, 0x1157f03c0 <AX element pid: 308, elementOrHash.elementID: 53449598144.776>
                                                  Other, 0x1157f0500 <AX element pid: 308, elementOrHash.elementID: 53449590080.777>
                                                    Button, 0x1157f0640, Selected <AX element pid: 308, elementOrHash.elementID: 53449597696.781>
                                                      StaticText, 0x1157f0780 <AX element pid: 308, elementOrHash.elementID: 53449604416.782>
                                                      StaticText, 0x1157f08c0 <AX element pid: 308, elementOrHash.elementID: 53449603968.783>
                                                      StaticText, 0x1157f0a00 <AX element pid: 308, elementOrHash.elementID: 53449597248.784>
                                                      StaticText, 0x1157f0b40 <AX element pid: 308, elementOrHash.elementID: 53449594112.785>
                                                      StaticText, 0x1157f0c80 <AX element pid: 308, elementOrHash.elementID: 53449603520.786>
                                                      StaticText, 0x1157f0dc0 <AX element pid: 308, elementOrHash.elementID: 53449598592.787>
                                                      StaticText, 0x1157f0f00 <AX element pid: 308, elementOrHash.elementID: 53449589632.788>
                                                      StaticText, 0x1157f1040 <AX element pid: 308, elementOrHash.elementID: 53447825984.789>
                                                      Button, 0x1157f1180 <AX element pid: 308, elementOrHash.elementID: 53447824192.790>
                                                      Button, 0x1157f12c0 <AX element pid: 308, elementOrHash.elementID: 53447832256.791>
                                                      Button, 0x1157f1400 <AX element pid: 308, elementOrHash.elementID: 53447830464.792>
                                                      Button, 0x1157f1540 <AX element pid: 308, elementOrHash.elementID: 53447822400.793>
                                                      Button, 0x1157f1680 <AX element pid: 308, elementOrHash.elementID: 53447826432.794>
                                                      Button, 0x1157f17c0 <AX element pid: 308, elementOrHash.elementID: 53447829568.795>
                                                      Button, 0x1157f1900 <AX element pid: 308, elementOrHash.elementID: 53447829120.796>
                                                      Button, 0x1157f1a40 <AX element pid: 308, elementOrHash.elementID: 53447823744.797>
                                                      Button, 0x1157f1b80 <AX element pid: 308, elementOrHash.elementID: 53447831808.798>
                                                      Button, 0x1157f1cc0 <AX element pid: 308, elementOrHash.elementID: 53447833600.799>
                                                      Button, 0x1157f1e00 <AX element pid: 308, elementOrHash.elementID: 53447819264.800>
                                                      Button, 0x1157f1f40 <AX element pid: 308, elementOrHash.elementID: 53447821056.801>
                                                      Button, 0x1157f2080 <AX element pid: 308, elementOrHash.elementID: 53447828224.802>
                                                      Button, 0x1157f21c0 <AX element pid: 308, elementOrHash.elementID: 53447830016.803>
                                                      Button, 0x1157f2300 <AX element pid: 308, elementOrHash.elementID: 53447827776.804>
                                                      Button, 0x1157f2440 <AX element pid: 308, elementOrHash.elementID: 53447819712.805>
                                                      Button, 0x1157f2580 <AX element pid: 308, elementOrHash.elementID: 53447820160.806>
                                                      Button, 0x1157f26c0 <AX element pid: 308, elementOrHash.elementID: 53447822848.807>
                                                      Button, 0x1157f2800 <AX element pid: 308, elementOrHash.elementID: 53447830912.808>
                                                      Button, 0x1157f2940, Selected <AX element pid: 308, elementOrHash.elementID: 53447832704.809>
                                                      Button, 0x1157f2a80 <AX element pid: 308, elementOrHash.elementID: 53447828672.810>
                                                      Button, 0x1157f2bc0 <AX element pid: 308, elementOrHash.elementID: 53447833152.811>
                                                      Button, 0x1157f2d00 <AX element pid: 308, elementOrHash.elementID: 53447820608.812>
                                                      Button, 0x1157f2e40 <AX element pid: 308, elementOrHash.elementID: 53447823296.813>
                                                      Button, 0x1157f2f80 <AX element pid: 308, elementOrHash.elementID: 53447825088.814>
                                                      Button, 0x1157f30c0 <AX element pid: 308, elementOrHash.elementID: 53447824640.815>
                                                      Button, 0x1157f3200 <AX element pid: 308, elementOrHash.elementID: 53447821504.816>
                                                      Button, 0x1157f3340 <AX element pid: 308, elementOrHash.elementID: 53447827328.817>
                                                      Button, 0x1157f3480 <AX element pid: 308, elementOrHash.elementID: 53447826880.818>
                                                      Button, 0x1157f35c0 <AX element pid: 308, elementOrHash.elementID: 53447834048.819>
                                                      Button, 0x1157f3700 <AX element pid: 308, elementOrHash.elementID: 53447831360.820>
                                          Other, 0x1157f3840 <AX element pid: 308, elementOrHash.elementID: 53425760256.770>
                                Other, 0x1157f3980 <AX element pid: 174, elementOrHash.elementID: 35911008704.1521>
                                  Other, 0x1157f3ac0 <AX element pid: 174, elementOrHash.elementID: 35911289472.1532>
                                    Other, 0x1157f3c00 <AX element pid: 174, elementOrHash.elementID: 35890603200.1543>
                          Other, 0x1157f3d40 <AX element pid: 174, elementOrHash.elementID: 36057350144.3007>
                            Other, 0x1157f3e80 <AX element pid: 174, elementOrHash.elementID: 35892753088.3018>
                          Other, 0x1157f4000 <AX element pid: 174, elementOrHash.elementID: 36057350144.3007>
                            Other, 0x1157f4140 <AX element pid: 174, elementOrHash.elementID: 35892753088.3018>
              Icon, 0x1157f4280 <AX element pid: 174, elementOrHash.elementID: 35943698944.1370>
                Other, 0x1157f43c0 <AX element pid: 174, elementOrHash.elementID: 35943606336.1386>
                  Other, 0x1157f4500 <AX element pid: 174, elementOrHash.elementID: 35887733312.1401>
                    Other, 0x1157f4640 <AX element pid: 174, elementOrHash.elementID: 35905684352.2973>
                      Other, 0x1157f4780 <AX element pid: 174, elementOrHash.elementID: 35910462848.2982>
                        ScrollView, 0x1157f48c0 <AX element pid: 174, elementOrHash.elementID: 35952333824.2999>
                          Other, 0x1157f4a00 <AX element pid: 174, elementOrHash.elementID: 35923123712.3008>
                            Other, 0x1157f4b40 <AX element pid: 174, elementOrHash.elementID: 35957586368.3019>
                              Other, 0x1157f4c80 <AX element pid: 174, elementOrHash.elementID: 35911011840.1512>
                                Other, 0x1157f4dc0 <AX element pid: 174, elementOrHash.elementID: 36044395520.1522>
                                  Other, 0x1157f4f00 <AX element pid: 174, elementOrHash.elementID: 35911012736.1533>
                                    Other, 0x1157f5040 <AX element pid: 174, elementOrHash.elementID: 36043826176.1544>
                                      Other, 0x1157f5180 <AX element pid: 174, elementOrHash.elementID: 5658468804979518825.9999>
                                        Other, 0x1157f52c0 <AX element pid: 308, elementOrHash.elementID: 53438652736.821>
                                          Other, 0x1157f5400 <AX element pid: 308, elementOrHash.elementID: 53438654080.822>
                                            Other, 0x1157f5540 <AX element pid: 308, elementOrHash.elementID: 53436614400.824>
                                              Other, 0x1157f5680 <AX element pid: 308, elementOrHash.elementID: 53452304640.825>
                                                Other, 0x1157f57c0 <AX element pid: 308, elementOrHash.elementID: 53445092096.826>
                                                Other, 0x1157f5900 <AX element pid: 308, elementOrHash.elementID: 53445097472.827>
                                                  StaticText, 0x1157f5a40 <AX element pid: 308, elementOrHash.elementID: 53448915840.828>
                                                    StaticText, 0x1157f5b80 <AX element pid: 308, elementOrHash.elementID: 53448912704.831>
                                                    StaticText, 0x1157f5cc0 <AX element pid: 308, elementOrHash.elementID: 53448903744.832>
                                                    Image, 0x1157f5e00 <AX element pid: 308, elementOrHash.elementID: 53448909568.833>
                                                    StaticText, 0x1157f5f40 <AX element pid: 308, elementOrHash.elementID: 53448910016.834>
                                                    StaticText, 0x1157f6080 <AX element pid: 308, elementOrHash.elementID: 53448901056.835>
                                                  Other, 0x1157f61c0 <AX element pid: 308, elementOrHash.elementID: 53448905536.829>
                                                    Other, 0x1157f6300 <AX element pid: 308, elementOrHash.elementID: 53448916288.836>
                                                      StaticText, 0x1157f6440 <AX element pid: 308, elementOrHash.elementID: 53448908672.847>
                                                      Image, 0x1157f6580 <AX element pid: 308, elementOrHash.elementID: 53448905984.848>
                                                      StaticText, 0x1157f66c0 <AX element pid: 308, elementOrHash.elementID: 53448913152.849>
                                                    Other, 0x1157f6800 <AX element pid: 308, elementOrHash.elementID: 53448907776.837>
                                                      StaticText, 0x1157f6940 <AX element pid: 308, elementOrHash.elementID: 53448904192.850>
                                                      Image, 0x1157f6a80 <AX element pid: 308, elementOrHash.elementID: 53448901504.851>
                                                      StaticText, 0x1157f6bc0 <AX element pid: 308, elementOrHash.elementID: 53448904640.852>
                                                    Other, 0x1157f6d00 <AX element pid: 308, elementOrHash.elementID: 53448906432.838>
                                                      StaticText, 0x1157f6e40 <AX element pid: 308, elementOrHash.elementID: 53448907328.853>
                                                      Image, 0x1157f6f80 <AX element pid: 308, elementOrHash.elementID: 53448909120.854>
                                                      StaticText, 0x1157f70c0 <AX element pid: 308, elementOrHash.elementID: 53448902400.855>
                                                    Other, 0x1157f7200 <AX element pid: 308, elementOrHash.elementID: 53448912256.839>
                                                      StaticText, 0x1157f7340 <AX element pid: 308, elementOrHash.elementID: 53448902848.856>
                                                      Image, 0x1157f7480 <AX element pid: 308, elementOrHash.elementID: 53448905088.857>
                                                      StaticText, 0x1157f75c0 <AX element pid: 308, elementOrHash.elementID: 53448908224.858>
                                                    Other, 0x1157f7700 <AX element pid: 308, elementOrHash.elementID: 53448906880.840>
                                                      StaticText, 0x1157f7840 <AX element pid: 308, elementOrHash.elementID: 53448910464.859>
                                                      Image, 0x1157f7980 <AX element pid: 308, elementOrHash.elementID: 53448911808.860>
                                                      StaticText, 0x1157f7ac0 <AX element pid: 308, elementOrHash.elementID: 53448914496.861>
                                                    Other, 0x1157f7c00 <AX element pid: 308, elementOrHash.elementID: 53448913600.841>
                                                      StaticText, 0x1157f7d40 <AX element pid: 308, elementOrHash.elementID: 53448914048.862>
                                                      Image, 0x1157f7e80 <AX element pid: 308, elementOrHash.elementID: 53448914944.863>
                                                      StaticText, 0x1157fc000 <AX element pid: 308, elementOrHash.elementID: 53448901952.864>
                                                  Other, 0x1157fc140 <AX element pid: 308, elementOrHash.elementID: 53448915392.830>
                                                    Other, 0x1157fc280 <AX element pid: 308, elementOrHash.elementID: 53448911360.842>
                                                      StaticText, 0x1157fc3c0 <AX element pid: 308, elementOrHash.elementID: 53448903296.865>
                                                      Image, 0x1157fc500 <AX element pid: 308, elementOrHash.elementID: 53452292096.866>
                                                      StaticText, 0x1157fc640 <AX element pid: 308, elementOrHash.elementID: 53452292544.867>
                                                      Other, 0x1157fc780 <AX element pid: 308, elementOrHash.elementID: 53452292992.868>
                                                      StaticText, 0x1157fc8c0 <AX element pid: 308, elementOrHash.elementID: 53452293440.869>
                                                    Other, 0x1157fca00 <AX element pid: 308, elementOrHash.elementID: 53452293888.843>
                                                      StaticText, 0x1157fcb40 <AX element pid: 308, elementOrHash.elementID: 53452294336.870>
                                                      Image, 0x1157fcc80 <AX element pid: 308, elementOrHash.elementID: 53452294784.871>
                                                      StaticText, 0x1157fcdc0 <AX element pid: 308, elementOrHash.elementID: 53452295232.872>
                                                      Other, 0x1157fcf00 <AX element pid: 308, elementOrHash.elementID: 53452295680.873>
                                                      StaticText, 0x1157fd040 <AX element pid: 308, elementOrHash.elementID: 53452296128.874>
                                                    Other, 0x1157fd180 <AX element pid: 308, elementOrHash.elementID: 53452296576.844>
                                                      StaticText, 0x1157fd2c0 <AX element pid: 308, elementOrHash.elementID: 53452297024.875>
                                                      Image, 0x1157fd400 <AX element pid: 308, elementOrHash.elementID: 53452297472.876>
                                                      StaticText, 0x1157fd540 <AX element pid: 308, elementOrHash.elementID: 53452297920.877>
                                                      Other, 0x1157fd680 <AX element pid: 308, elementOrHash.elementID: 53452298368.878>
                                                      StaticText, 0x1157fd7c0 <AX element pid: 308, elementOrHash.elementID: 53452298816.879>
                                                    Other, 0x1157fd900 <AX element pid: 308, elementOrHash.elementID: 53452299264.845>
                                                      StaticText, 0x1157fda40 <AX element pid: 308, elementOrHash.elementID: 53452299712.880>
                                                      Image, 0x1157fdb80 <AX element pid: 308, elementOrHash.elementID: 53452300160.881>
                                                      StaticText, 0x1157fdcc0 <AX element pid: 308, elementOrHash.elementID: 53452300608.882>
                                                      Other, 0x1157fde00 <AX element pid: 308, elementOrHash.elementID: 53452301056.883>
                                                      StaticText, 0x1157fdf40 <AX element pid: 308, elementOrHash.elementID: 53452301504.884>
                                                    Other, 0x1157fe080 <AX element pid: 308, elementOrHash.elementID: 53452301952.846>
                                                      StaticText, 0x1157fe1c0 <AX element pid: 308, elementOrHash.elementID: 53452302400.885>
                                                      Image, 0x1157fe300 <AX element pid: 308, elementOrHash.elementID: 53452302848.886>
                                                      StaticText, 0x1157fe440 <AX element pid: 308, elementOrHash.elementID: 53452303296.887>
                                                      Other, 0x1157fe580 <AX element pid: 308, elementOrHash.elementID: 53452303744.888>
                                                      StaticText, 0x1157fe6c0 <AX element pid: 308, elementOrHash.elementID: 53452304192.889>
                                          Other, 0x1157fe800 <AX element pid: 308, elementOrHash.elementID: 53425759232.823>
                                Other, 0x1157fe940 <AX element pid: 174, elementOrHash.elementID: 35911016320.1523>
                                  Other, 0x1157fea80 <AX element pid: 174, elementOrHash.elementID: 35911290368.1534>
                                    Other, 0x1157febc0 <AX element pid: 174, elementOrHash.elementID: 35890596480.1545>
                          Other, 0x1157fed00 <AX element pid: 174, elementOrHash.elementID: 36055542272.3009>
                            Other, 0x1157fee40 <AX element pid: 174, elementOrHash.elementID: 35954368384.3020>
                          Other, 0x1157fef80 <AX element pid: 174, elementOrHash.elementID: 36055542272.3009>
                            Other, 0x1157ff0c0 <AX element pid: 174, elementOrHash.elementID: 35954368384.3020>
              Icon, 0x1157ff200 <AX element pid: 174, elementOrHash.elementID: 35943730176.142>
                Other, 0x1157ff340 <AX element pid: 174, elementOrHash.elementID: 35943610368.184>
                  Other, 0x1157ff480 <AX element pid: 174, elementOrHash.elementID: 35910748352.249>
                    Other, 0x1157ff5c0 <AX element pid: 174, elementOrHash.elementID: 35887487872.2829>
                      Other, 0x1157ff700 <AX element pid: 174, elementOrHash.elementID: 35887488512.2983>
                  Other, 0x1157ff840 <AX element pid: 174, elementOrHash.elementID: 35903651840.250>
                    Other, 0x1157ff980 <AX element pid: 174, elementOrHash.elementID: 35910760000.318>
                      Image, 0x1157ffac0 <AX element pid: 174, elementOrHash.elementID: 36046519808.413>
                      Image, 0x1157ffc00 <AX element pid: 174, elementOrHash.elementID: 36046519296.414>
              Icon, 0x1157ffd40 <AX element pid: 174, elementOrHash.elementID: 35943681024.139>
                Other, 0x1157ffe80 <AX element pid: 174, elementOrHash.elementID: 35943601408.181>
                  Other, 0x115810000 <AX element pid: 174, elementOrHash.elementID: 35903861888.243>
                    Other, 0x115810140 <AX element pid: 174, elementOrHash.elementID: 35889723136.1443>
                      Other, 0x115810280 <AX element pid: 174, elementOrHash.elementID: 35887484672.2984>
                  Other, 0x1158103c0 <AX element pid: 174, elementOrHash.elementID: 35904824704.244>
                    Other, 0x115810500 <AX element pid: 174, elementOrHash.elementID: 35903863680.312>
                      Image, 0x115810640 <AX element pid: 174, elementOrHash.elementID: 36044148736.404>
                      Image, 0x115810780 <AX element pid: 174, elementOrHash.elementID: 36044146176.405>
              Icon, 0x1158108c0 <AX element pid: 174, elementOrHash.elementID: 35905496064.1369>
                Other, 0x115810a00 <AX element pid: 174, elementOrHash.elementID: 35889614336.1384>
                  Other, 0x115810b40 <AX element pid: 174, elementOrHash.elementID: 35889614784.1399>
                    Other, 0x115810c80 <AX element pid: 174, elementOrHash.elementID: 35876097792.2974>
                      Other, 0x115810dc0 <AX element pid: 174, elementOrHash.elementID: 35887482112.2985>
                  Other, 0x115810f00 <AX element pid: 174, elementOrHash.elementID: 35889722496.1738>
                    Other, 0x115811040 <AX element pid: 174, elementOrHash.elementID: 35889615232.1748>
                      Image, 0x115811180 <AX element pid: 174, elementOrHash.elementID: 36055474688.1766>
                      Image, 0x1158112c0 <AX element pid: 174, elementOrHash.elementID: 36055474176.1767>
              Icon, 0x115811400 <AX element pid: 174, elementOrHash.elementID: 35904845312.1558>
                Other, 0x115811540 <AX element pid: 174, elementOrHash.elementID: 35889592320.1577>
                  Other, 0x115811680 <AX element pid: 174, elementOrHash.elementID: 35889592768.1609>
                    Other, 0x1158117c0 <AX element pid: 174, elementOrHash.elementID: 35887331072.2786>
                      Other, 0x115811900 <AX element pid: 174, elementOrHash.elementID: 35887483392.2986>
                  Other, 0x115811a40 <AX element pid: 174, elementOrHash.elementID: 35888235776.1610>
                    Other, 0x115811b80 <AX element pid: 174, elementOrHash.elementID: 35889591424.1648>
                      Image, 0x115811cc0 <AX element pid: 174, elementOrHash.elementID: 36053847040.1708>
                      Image, 0x115811e00 <AX element pid: 174, elementOrHash.elementID: 36053845504.1709>
              Icon, 0x115811f40 <AX element pid: 174, elementOrHash.elementID: 35943585792.1553>
                Other, 0x115812080 <AX element pid: 174, elementOrHash.elementID: 35943597824.1572>
                  Other, 0x1158121c0 <AX element pid: 174, elementOrHash.elementID: 35921981248.1599>
                    Other, 0x115812300 <AX element pid: 174, elementOrHash.elementID: 35941857664.292>
                      Other, 0x115812440 <AX element pid: 174, elementOrHash.elementID: 35903660800.2987>
                  Other, 0x115812580 <AX element pid: 174, elementOrHash.elementID: 35922149376.1600>
                    Other, 0x1158126c0 <AX element pid: 174, elementOrHash.elementID: 35921981696.1639>
                      Image, 0x115812800 <AX element pid: 174, elementOrHash.elementID: 36039293440.1693>
                      Image, 0x115812940 <AX element pid: 174, elementOrHash.elementID: 36039292928.1694>
              Icon, 0x115812a80 <AX element pid: 174, elementOrHash.elementID: 35943682560.131>
                Other, 0x115812bc0 <AX element pid: 174, elementOrHash.elementID: 35943601856.173>
                  Other, 0x115812d00 <AX element pid: 174, elementOrHash.elementID: 35921978560.227>
                    Other, 0x115812e40 <AX element pid: 174, elementOrHash.elementID: 35875790976.2975>
                      Other, 0x115812f80 <AX element pid: 174, elementOrHash.elementID: 35909321984.2988>
                  Other, 0x1158130c0 <AX element pid: 174, elementOrHash.elementID: 35921997696.228>
                    Other, 0x115813200 <AX element pid: 174, elementOrHash.elementID: 35921979008.295>
                      Image, 0x115813340 <AX element pid: 174, elementOrHash.elementID: 36039285760.379>
                      Image, 0x115813480 <AX element pid: 174, elementOrHash.elementID: 36039285248.380>
              Icon, 0x1158135c0 <AX element pid: 174, elementOrHash.elementID: 35943584256.128>
                Other, 0x115813700 <AX element pid: 174, elementOrHash.elementID: 35943597376.170>
                  Other, 0x115813840 <AX element pid: 174, elementOrHash.elementID: 35903857856.221>
                    Other, 0x115813980 <AX element pid: 174, elementOrHash.elementID: 35943798400.306>
                      Other, 0x115813ac0 <AX element pid: 174, elementOrHash.elementID: 35887347456.2989>
                  Other, 0x115813c00 <AX element pid: 174, elementOrHash.elementID: 35949556224.222>
                    Other, 0x115813d40 <AX element pid: 174, elementOrHash.elementID: 35903857408.289>
                      Image, 0x115813e80 <AX element pid: 174, elementOrHash.elementID: 36039485440.370>
                      Image, 0x115814000 <AX element pid: 174, elementOrHash.elementID: 36039485952.371>
              Icon, 0x115814140 <AX element pid: 174, elementOrHash.elementID: 35905397760.1375>
                Other, 0x115814280 <AX element pid: 174, elementOrHash.elementID: 35889808256.1391>
                  Other, 0x1158143c0 <AX element pid: 174, elementOrHash.elementID: 35889808704.1411>
                    Other, 0x115814500 <AX element pid: 174, elementOrHash.elementID: 35888232832.1428>
                      Other, 0x115814640 <AX element pid: 174, elementOrHash.elementID: 35887491072.2990>
                  Other, 0x115814780 <AX element pid: 174, elementOrHash.elementID: 35889824384.1412>
                    Other, 0x1158148c0 <AX element pid: 174, elementOrHash.elementID: 35889809152.1437>
                      Image, 0x115814a00 <AX element pid: 174, elementOrHash.elementID: 36055536640.1469>
                      Image, 0x115814b40 <AX element pid: 174, elementOrHash.elementID: 36055536128.1470>
              Icon, 0x115814c80 <AX element pid: 174, elementOrHash.elementID: 35904831488.1559>
                Other, 0x115814dc0 <AX element pid: 174, elementOrHash.elementID: 35922777792.1578>
                  Other, 0x115814f00 <AX element pid: 174, elementOrHash.elementID: 35922772864.1611>
                    Other, 0x115815040 <AX element pid: 174, elementOrHash.elementID: 35887348096.1427>
                      Other, 0x115815180 <AX element pid: 174, elementOrHash.elementID: 35889825664.2991>
                  Other, 0x1158152c0 <AX element pid: 174, elementOrHash.elementID: 35888229632.1612>
                    Other, 0x115815400 <AX element pid: 174, elementOrHash.elementID: 35922782720.1651>
                      Image, 0x115815540 <AX element pid: 174, elementOrHash.elementID: 36055022080.1712>
                      Image, 0x115815680 <AX element pid: 174, elementOrHash.elementID: 36055017472.1713>
              Icon, 0x1158157c0 <AX element pid: 174, elementOrHash.elementID: 35905399296.1374>
                Other, 0x115815900 <AX element pid: 174, elementOrHash.elementID: 35889810496.1390>
                  Other, 0x115815a40 <AX element pid: 174, elementOrHash.elementID: 35889810944.1409>
                    Other, 0x115815b80 <AX element pid: 174, elementOrHash.elementID: 35887346816.2976>
                      Other, 0x115815cc0 <AX element pid: 174, elementOrHash.elementID: 35909320704.2992>
                  Other, 0x115815e00 <AX element pid: 174, elementOrHash.elementID: 35889826944.1410>
                    Other, 0x115815f40 <AX element pid: 174, elementOrHash.elementID: 35889811392.1435>
                      Image, 0x115816080 <AX element pid: 174, elementOrHash.elementID: 36055538688.1466>
                      Image, 0x1158161c0 <AX element pid: 174, elementOrHash.elementID: 36055538176.1467>
              Icon, 0x115816300 <AX element pid: 174, elementOrHash.elementID: 35908016128.1373>
                Other, 0x115816440 <AX element pid: 174, elementOrHash.elementID: 35910462400.1389>
                  Other, 0x115816580 <AX element pid: 174, elementOrHash.elementID: 35910459712.1407>
                    Other, 0x1158166c0 <AX element pid: 174, elementOrHash.elementID: 35903663360.302>
                      Other, 0x115816800 <AX element pid: 174, elementOrHash.elementID: 35887342336.2993>
                    Other, 0x115816940 <AX element pid: 174, elementOrHash.elementID: 35922157696.1650>
                      Other, 0x115816a80 <AX element pid: 174, elementOrHash.elementID: 35922184384.1711>
                        Image, 0x115816bc0 <AX element pid: 174, elementOrHash.elementID: 36050305536.1726>
                  Other, 0x115816d00 <AX element pid: 174, elementOrHash.elementID: 35888207488.1408>
                    Other, 0x115816e40 <AX element pid: 174, elementOrHash.elementID: 35887805568.1433>
                      Image, 0x115816f80 <AX element pid: 174, elementOrHash.elementID: 36053785600.1462>
                      Image, 0x1158170c0 <AX element pid: 174, elementOrHash.elementID: 36053794304.1463>
              Icon, 0x115817200 <AX element pid: 174, elementOrHash.elementID: 35943582720.1371>
                Other, 0x115817340 <AX element pid: 174, elementOrHash.elementID: 35943596928.1387>
                  Other, 0x115817480 <AX element pid: 174, elementOrHash.elementID: 35892718080.1403>
                    Other, 0x1158175c0 <AX element pid: 174, elementOrHash.elementID: 35876106752.2785>
                      Other, 0x115817700 <AX element pid: 174, elementOrHash.elementID: 35887494272.2994>
                  Other, 0x115817840 <AX element pid: 174, elementOrHash.elementID: 35888225152.1404>
                    Other, 0x115817980 <AX element pid: 174, elementOrHash.elementID: 35887799744.1429>
                      Image, 0x115817ac0 <AX element pid: 174, elementOrHash.elementID: 36055009280.1455>
                      Image, 0x115817c00 <AX element pid: 174, elementOrHash.elementID: 36055019008.1456>
            Icon, 0x115817d40 <AX element pid: 174, elementOrHash.elementID: 36035588864.64>
              Icon, 0x115817e80 <AX element pid: 174, elementOrHash.elementID: 36024186368.614>
              Icon, 0x11581c000 <AX element pid: 174, elementOrHash.elementID: 36023795456.615>
              Icon, 0x11581c140 <AX element pid: 174, elementOrHash.elementID: 36024184832.616>
              Icon, 0x11581c280 <AX element pid: 174, elementOrHash.elementID: 36024207808.617>
              Icon, 0x11581c3c0 <AX element pid: 174, elementOrHash.elementID: 36023793536.618>
              Icon, 0x11581c500 <AX element pid: 174, elementOrHash.elementID: 36024212608.619>
              Icon, 0x11581c640 <AX element pid: 174, elementOrHash.elementID: 36024842880.620>
              Icon, 0x11581c780 <AX element pid: 174, elementOrHash.elementID: 36024214144.621>
              Icon, 0x11581c8c0 <AX element pid: 174, elementOrHash.elementID: 36023794880.622>
              Icon, 0x11581ca00 <AX element pid: 174, elementOrHash.elementID: 36024254464.623>
              Icon, 0x11581cb40 <AX element pid: 174, elementOrHash.elementID: 36024260992.624>
              Icon, 0x11581cc80 <AX element pid: 174, elementOrHash.elementID: 36024843072.625>
              Icon, 0x11581cdc0 <AX element pid: 174, elementOrHash.elementID: 36024180992.626>
              Icon, 0x11581cf00 <AX element pid: 174, elementOrHash.elementID: 36023793728.627>
              Icon, 0x11581d040 <AX element pid: 174, elementOrHash.elementID: 36024181568.628>
              Icon, 0x11581d180 <AX element pid: 174, elementOrHash.elementID: 36024205888.629>
              Icon, 0x11581d2c0 <AX element pid: 174, elementOrHash.elementID: 36024259264.630>
              Icon, 0x11581d400 <AX element pid: 174, elementOrHash.elementID: 36024261568.631>
              Icon, 0x11581d540 <AX element pid: 174, elementOrHash.elementID: 36024177536.632>
              Icon, 0x11581d680 <AX element pid: 174, elementOrHash.elementID: 36024840192.633>
              Icon, 0x11581d7c0 <AX element pid: 174, elementOrHash.elementID: 36024838656.634>
              Icon, 0x11581d900 <AX element pid: 174, elementOrHash.elementID: 36023791232.635>
              Icon, 0x11581da40 <AX element pid: 174, elementOrHash.elementID: 36024184448.636>
              Icon, 0x11581db80 <AX element pid: 174, elementOrHash.elementID: 36024209920.637>
              Icon, 0x11581dcc0 <AX element pid: 174, elementOrHash.elementID: 36023786816.638>
              Icon, 0x11581de00 <AX element pid: 174, elementOrHash.elementID: 36024259072.639>
              Icon, 0x11581df40 <AX element pid: 174, elementOrHash.elementID: 36024188096.640>
              Icon, 0x11581e080 <AX element pid: 174, elementOrHash.elementID: 36057335872.2961>
            Icon, 0x11581e1c0 <AX element pid: 174, elementOrHash.elementID: 36035589376.65>
              Icon, 0x11581e300 <AX element pid: 174, elementOrHash.elementID: 36023791424.143>
            PageIndicator, 0x11581e440 <AX element pid: 174, elementOrHash.elementID: 35941843584.66>
        Other, 0x11581e580 <AX element pid: 174, elementOrHash.elementID: 36034925568.45>
          Other, 0x11581e6c0 <AX element pid: 174, elementOrHash.elementID: 35951750528.2944>
            Other, 0x11581e800 <AX element pid: 174, elementOrHash.elementID: 35887654528.2947>
              Other, 0x11581e940 <AX element pid: 174, elementOrHash.elementID: 35887652736.2962>
                Other, 0x11581ea80 <AX element pid: 174, elementOrHash.elementID: 36055707648.2965>
                  Other, 0x11581ebc0 <AX element pid: 174, elementOrHash.elementID: 35887646464.2968>
              Other, 0x11581ed00 <AX element pid: 174, elementOrHash.elementID: 36055711232.2963>
                Other, 0x11581ee40 <AX element pid: 174, elementOrHash.elementID: 35887652288.2966>
              Other, 0x11581ef80 <AX element pid: 174, elementOrHash.elementID: 36055698432.2964>
                Other, 0x11581f0c0 <AX element pid: 174, elementOrHash.elementID: 35887649152.2967>
      Other, 0x11581f200 <AX element pid: 174, elementOrHash.elementID: 36034935808.32>
  Window, 0x11581f340 <AX element pid: 174, elementOrHash.elementID: 36032077824.11>
    Other, 0x11581f480 <AX element pid: 174, elementOrHash.elementID: 35953538624.20>
      Other, 0x11581f5c0 <AX element pid: 174, elementOrHash.elementID: 35953538176.33>
  Window, 0x11581f700 <AX element pid: 174, elementOrHash.elementID: 36018690304.12>
    Other, 0x11581f840 <AX element pid: 174, elementOrHash.elementID: 36017882432.21>
      Other, 0x11581f980 <AX element pid: 174, elementOrHash.elementID: 36038462464.34>
        Other, 0x11581fac0 <AX element pid: 174, elementOrHash.elementID: 35920632704.46>
          Other, 0x11581fc00 <AX element pid: 174, elementOrHash.elementID: 35920548672.54>
            Other, 0x11581fd40 <AX element pid: 174, elementOrHash.elementID: 35910751040.2948>
            Other, 0x11581fe80 <AX element pid: 174, elementOrHash.elementID: 35907105024.2949>
            Other, 0x115828000 <AX element pid: 174, elementOrHash.elementID: 35920551360.69>
            Other, 0x115828140 <AX element pid: 174, elementOrHash.elementID: 35920551808.70>
            Other, 0x115828280 <AX element pid: 174, elementOrHash.elementID: 35887657216.2950>
            Other, 0x1158283c0 <AX element pid: 174, elementOrHash.elementID: 35887649600.2951>
            Other, 0x115828500 <AX element pid: 174, elementOrHash.elementID: 35920553152.73>
            Other, 0x115828640 <AX element pid: 174, elementOrHash.elementID: 35920549120.74>
      Other, 0x115828780 <AX element pid: 174, elementOrHash.elementID: 36049184256.2942>
        Other, 0x1158288c0 <AX element pid: 174, elementOrHash.elementID: 11494289431044805875.9999>
          Other, 0x115828a00 <AX element pid: 333, elementOrHash.elementID: 4309013472.4>
            Other, 0x115828b40 <AX element pid: 333, elementOrHash.elementID: 4309041312.5>
              Other, 0x115828c80 <AX element pid: 333, elementOrHash.elementID: 4308983520.6>
                Other, 0x115828dc0 <AX element pid: 333, elementOrHash.elementID: 4309005120.7>
      Other, 0x115828f00 <AX element pid: 174, elementOrHash.elementID: 36058049536.2867>
        Other, 0x115829040 <AX element pid: 174, elementOrHash.elementID: 35889837824.2868>
          Other, 0x115829180 <AX element pid: 174, elementOrHash.elementID: 35890595584.2870>
  Window, 0x1158292c0 <AX element pid: 174, elementOrHash.elementID: 36018691584.13>
    Other, 0x115829400 <AX element pid: 174, elementOrHash.elementID: 36017885568.22>
  Window, 0x115829540 <AX element pid: 174, elementOrHash.elementID: 36018685184.1812>
    Other, 0x115829680 <AX element pid: 174, elementOrHash.elementID: 35889648896.1813>
      Other, 0x1158297c0 <AX element pid: 174, elementOrHash.elementID: 35887702784.1815>
  Window, 0x115829900 <AX element pid: 174, elementOrHash.elementID: 35951108864.14>
    Other, 0x115829a40 <AX element pid: 174, elementOrHash.elementID: 35953539072.23>
      Other, 0x115829b80 <AX element pid: 174, elementOrHash.elementID: 35953539968.37>
  Window, 0x115829cc0 <AX element pid: 174, elementOrHash.elementID: 35920354816.15>
    Other, 0x115829e00 <AX element pid: 174, elementOrHash.elementID: 35923110400.24>
      Other, 0x115829f40 <AX element pid: 174, elementOrHash.elementID: 35923112192.38>
  Window, 0x11582a080 <AX element pid: 174, elementOrHash.elementID: 36036372480.9>
    Other, 0x11582a1c0 <AX element pid: 174, elementOrHash.elementID: 35942339840.25>
      Other, 0x11582a300 <AX element pid: 174, elementOrHash.elementID: 35942340288.39>
        Other, 0x11582a440 <AX element pid: 174, elementOrHash.elementID: 35942345216.48>
        Other, 0x11582a580 <AX element pid: 174, elementOrHash.elementID: 35942345664.49>
        Other, 0x11582a6c0 <AX element pid: 174, elementOrHash.elementID: 35941851264.50>
          Other, 0x11582a800 <AX element pid: 174, elementOrHash.elementID: 36036367360.56>
            Icon, 0x11582a940 <AX element pid: 174, elementOrHash.elementID: 35943737856.6>
              Other, 0x11582aa80 <AX element pid: 174, elementOrHash.elementID: 35943844928.145>
                Other, 0x11582abc0 <AX element pid: 174, elementOrHash.elementID: 35943845376.185>
                  Other, 0x11582ad00 <AX element pid: 174, elementOrHash.elementID: 35943797760.251>
                    Other, 0x11582ae40 <AX element pid: 174, elementOrHash.elementID: 35943806720.319>
            Icon, 0x11582af80 <AX element pid: 174, elementOrHash.elementID: 35943739392.75>
              Other, 0x11582b0c0 <AX element pid: 174, elementOrHash.elementID: 35943845824.146>
                Other, 0x11582b200 <AX element pid: 174, elementOrHash.elementID: 35943846272.186>
                  Other, 0x11582b340 <AX element pid: 174, elementOrHash.elementID: 35943792640.252>
                    Other, 0x11582b480 <AX element pid: 174, elementOrHash.elementID: 35943808000.320>
            Icon, 0x11582b5c0 <AX element pid: 174, elementOrHash.elementID: 35943740928.76>
              Other, 0x11582b700 <AX element pid: 174, elementOrHash.elementID: 35943846720.147>
                Other, 0x11582b840 <AX element pid: 174, elementOrHash.elementID: 35943847168.187>
                  Other, 0x11582b980 <AX element pid: 174, elementOrHash.elementID: 35941855104.253>
                    Other, 0x11582bac0 <AX element pid: 174, elementOrHash.elementID: 35944039040.321>
            Icon, 0x11582bc00 <AX element pid: 174, elementOrHash.elementID: 35944136704.77>
              Other, 0x11582bd40 <AX element pid: 174, elementOrHash.elementID: 35943847616.148>
                Other, 0x11582be80 <AX element pid: 174, elementOrHash.elementID: 35943848064.188>
                  Other, 0x115830000 <AX element pid: 174, elementOrHash.elementID: 35943795840.254>
                    Other, 0x115830140 <AX element pid: 174, elementOrHash.elementID: 35944040320.322>
            Icon, 0x115830280 <AX element pid: 174, elementOrHash.elementID: 35944138240.78>
              Other, 0x1158303c0 <AX element pid: 174, elementOrHash.elementID: 35943848512.149>
                Other, 0x115830500 <AX element pid: 174, elementOrHash.elementID: 35943848960.189>
                  Other, 0x115830640 <AX element pid: 174, elementOrHash.elementID: 35941858304.255>
                    Other, 0x115830780 <AX element pid: 174, elementOrHash.elementID: 35949554944.2977>
            Icon, 0x1158308c0 <AX element pid: 174, elementOrHash.elementID: 35944139776.79>
              Other, 0x115830a00 <AX element pid: 174, elementOrHash.elementID: 35943849856.150>
                Other, 0x115830b40 <AX element pid: 174, elementOrHash.elementID: 35943850304.190>
                  Other, 0x115830c80 <AX element pid: 174, elementOrHash.elementID: 35943799040.256>
                    Other, 0x115830dc0 <AX element pid: 174, elementOrHash.elementID: 35944043520.324>
            Icon, 0x115830f00 <AX element pid: 174, elementOrHash.elementID: 35944141312.80>
              Other, 0x115831040 <AX element pid: 174, elementOrHash.elementID: 35943850752.151>
                Other, 0x115831180 <AX element pid: 174, elementOrHash.elementID: 35943851200.191>
                  Other, 0x1158312c0 <AX element pid: 174, elementOrHash.elementID: 35941853184.257>
                    Other, 0x115831400 <AX element pid: 174, elementOrHash.elementID: 35944044800.325>
          Other, 0x115831540 <AX element pid: 174, elementOrHash.elementID: 36036369408.57>
            Icon, 0x115831680 <AX element pid: 174, elementOrHash.elementID: 35941698560.81>
              Other, 0x1158317c0 <AX element pid: 174, elementOrHash.elementID: 35942346112.152>
                Other, 0x115831900 <AX element pid: 174, elementOrHash.elementID: 35943611712.192>
                  Other, 0x115831a40 <AX element pid: 174, elementOrHash.elementID: 35941853824.258>
                    Other, 0x115831b80 <AX element pid: 174, elementOrHash.elementID: 35943800960.326>
            Icon, 0x115831cc0 <AX element pid: 174, elementOrHash.elementID: 35943734784.82>
              Other, 0x115831e00 <AX element pid: 174, elementOrHash.elementID: 35943841792.153>
                Other, 0x115831f40 <AX element pid: 174, elementOrHash.elementID: 35943842240.193>
                  Other, 0x115832080 <AX element pid: 174, elementOrHash.elementID: 35943794560.259>
                    Other, 0x1158321c0 <AX element pid: 174, elementOrHash.elementID: 35943802240.327>
                  Other, 0x115832300 <AX element pid: 174, elementOrHash.elementID: 35889825024.1441>
                    Other, 0x115832440 <AX element pid: 174, elementOrHash.elementID: 35889810048.1475>
                      Image, 0x115832580 <AX element pid: 174, elementOrHash.elementID: 36055537152.1486>
          Other, 0x1158326c0 <AX element pid: 174, elementOrHash.elementID: 36036368384.58>
          Icon, 0x115832800 <AX element pid: 174, elementOrHash.elementID: 35944142848.59>
            Other, 0x115832940 <AX element pid: 174, elementOrHash.elementID: 35887499776.2952>
            Other, 0x115832a80 <AX element pid: 174, elementOrHash.elementID: 35921987456.2953>
            Other, 0x115832bc0 <AX element pid: 174, elementOrHash.elementID: 35906212864.2954>
            Other, 0x115832d00 <AX element pid: 174, elementOrHash.elementID: 35891053184.513>
      Other, 0x115832e40 <AX element pid: 174, elementOrHash.elementID: 35944048000.40>
        Other, 0x115832f80 <AX element pid: 174, elementOrHash.elementID: 36037143040.51>
          Other, 0x1158330c0 <AX element pid: 174, elementOrHash.elementID: 15888323694556361868.9999>
            Other, 0x115833200 <AX element pid: 303, elementOrHash.elementID: 4312005392.4>
              Other, 0x115833340 <AX element pid: 303, elementOrHash.elementID: 33807598848.5>
                Other, 0x115833480 <AX element pid: 303, elementOrHash.elementID: 33807631232.6>
                  Other, 0x1158335c0 <AX element pid: 303, elementOrHash.elementID: 33807630336.7>
          Other, 0x115833700 <AX element pid: 174, elementOrHash.elementID: 4828928117917013637.9999>
            Other, 0x115833840 <AX element pid: 303, elementOrHash.elementID: 33807632128.8>
              Other, 0x115833980 <AX element pid: 303, elementOrHash.elementID: 33807633920.9>
          Other, 0x115833ac0 <AX element pid: 174, elementOrHash.elementID: 4707142009615084407.9999>
  Window, 0x115833c00 <AX element pid: 174, elementOrHash.elementID: 36022010880.16>
    StatusBar, 0x115833d40 <AX element pid: 174, elementOrHash.elementID: 36017866624.26>
      Other, 0x115833e80 <AX element pid: 174, elementOrHash.elementID: 36021977088.41>
        Other, 0x115834000 <AX element pid: 174, elementOrHash.elementID: 35910747456.2943>
          Other, 0x115834140 <AX element pid: 174, elementOrHash.elementID: 35910750144.2945>
            StaticText, 0x115834280 <AX element pid: 174, elementOrHash.elementID: 35893191424.2955>
            StaticText, 0x1158343c0 <AX element pid: 174, elementOrHash.elementID: 35893196800.2956>
          Other, 0x115834500 <AX element pid: 174, elementOrHash.elementID: 35910748800.2946>
            Other, 0x115834640 <AX element pid: 174, elementOrHash.elementID: 36055708672.2957>
            Image, 0x115834780 <AX element pid: 174, elementOrHash.elementID: 35887438080.2958>
            StaticText, 0x1158348c0 <AX element pid: 174, elementOrHash.elementID: 35951741568.2959>
            Other, 0x115834a00 <AX element pid: 174, elementOrHash.elementID: 35887440640.2960>
    Other, 0x115834b40 <AX element pid: 174, elementOrHash.elementID: 36017881984.27>
  Window, 0x115834c80 <AX element pid: 174, elementOrHash.elementID: 36032072704.17>
    Other, 0x115834dc0 <AX element pid: 174, elementOrHash.elementID: 35953535488.28>
  Window, 0x115834f00 <AX element pid: 174, elementOrHash.elementID: 36032076800.18>
    Other, 0x115835040 <AX element pid: 174, elementOrHash.elementID: 35953537728.29>
10:02:26.237 WebDriverAgentRunner-Runner[1852:329613] Found matches {(
    StatusBar
)} with root Application, pid: 174
10:02:26.237 WebDriverAgentRunner-Runner[1852:329613] <XCTContext: 0x1141895e0> finished activity <XCActivityRecord: 0x114d717a0> 2026-07-20 03:02:25 +0000: Find the StatusBar (Element at index 0) (0.398424s)
10:02:26.238 WebDriverAgentRunner-Runner[1852:329613] Creating future for 'checking for continuity enablement' with timeout 30.00
10:02:26.238 WebDriverAgentRunner-Runner[1852:329613] <XCTWaiter: 0x1157ec300> entering wait loop for 30.00s with expectations: `checking for continuity enablement`
10:02:26.239 WebDriverAgentRunner-Runner[1852:329613] Returning result XCTWaiterResultCompleted for synchronous waiter <XCTWaiter: 0x1157ec300>
10:02:26.239 WebDriverAgentRunner-Runner[1852:329613] Wait <XCTWaiterWait: 0x1159ab500> completed after 0.001s
10:02:26.239 WebDriverAgentRunner-Runner[1852:329613] cleaning up checking for continuity enablement
10:02:26.239 WebDriverAgentRunner-Runner[1852:329613] Creating future for 'fetching attributes 'XC_kAXXCAttributeFrame', 'XC_kAXXCAttributeWindowDisplayId', 'XC_kAXXCAttributeWindowContextId' for AX element pid: 174, elementOrHash.elementID: 36017866624.26' with timeout 30.00
10:02:26.239 WebDriverAgentRunner-Runner[1852:329613] <XCTWaiter: 0x1157ecba0> entering wait loop for 30.00s with expectations: `fetching attributes 'XC_kAXXCAttributeFrame', 'XC_kAXXCAttributeWindowDisplayId', 'XC_kAXXCAttributeWindowContextId' for AX element pid: 174, elementOrHash.elementID: 36017866624.26`
10:02:26.242 WebDriverAgentRunner-Runner[1852:329613] Returning result XCTWaiterResultCompleted for synchronous waiter <XCTWaiter: 0x1157ecba0>
10:02:26.242 WebDriverAgentRunner-Runner[1852:329613] Wait <XCTWaiterWait: 0x1159aac80> completed after 0.002s
10:02:26.242 WebDriverAgentRunner-Runner[1852:329613] cleaning up fetching attributes 'XC_kAXXCAttributeFrame', 'XC_kAXXCAttributeWindowDisplayId', 'XC_kAXXCAttributeWindowContextId' for AX element pid: 174, elementOrHash.elementID: 36017866624.26
10:02:26.242 WebDriverAgentRunner-Runner[1852:329613] StatusBar (AX element pid: 174, elementOrHash.elementID: 36017866624.26) faulted in {
    "XC_kAXXCAttributeFrame" =     {
        Height = 32;
        Width = 1024;
        X = 0;
        Y = 0;
    };
    "XC_kAXXCAttributeWindowContextId" = 2087488016;
    "XC_kAXXCAttributeWindowDisplayId" = 1;
}: (no error) for frame using XC_kAXXCAttributeFrame, XC_kAXXCAttributeWindowDisplayId, XC_kAXXCAttributeWindowContextId
10:02:26.242 WebDriverAgentRunner-Runner[1852:329613] getting parameterized attribute XC_kAXXCParameterizedAttributeConvertHostedViewFrame with parameter (
        {
        Height = 32;
        Width = 1024;
        X = 0;
        Y = 0;
    },
    2087488016,
    1
)
10:02:26.242 WebDriverAgentRunner-Runner[1852:329613] Creating future for 'getting parameterized attribute XC_kAXXCParameterizedAttributeConvertHostedViewFrame' with timeout 65.00
10:02:26.242 WebDriverAgentRunner-Runner[1852:329613] <XCTWaiter: 0x1157ec420> entering wait loop for 65.00s with expectations: `getting parameterized attribute XC_kAXXCParameterizedAttributeConvertHostedViewFrame`
10:02:26.243 WebDriverAgentRunner-Runner[1852:329632] Got parameterized attribute fetch for XC_kAXXCParameterizedAttributeConvertHostedViewFrame response with values {
    Height = 32;
    Width = 1024;
    X = 0;
    Y = 0;
}, error: (null)
10:02:26.243 WebDriverAgentRunner-Runner[1852:329613] Returning result XCTWaiterResultCompleted for synchronous waiter <XCTWaiter: 0x1157ec420>
10:02:26.243 WebDriverAgentRunner-Runner[1852:329613] Wait <XCTWaiterWait: 0x1159a8fc0> completed after 0.001s
10:02:26.243 WebDriverAgentRunner-Runner[1852:329613] cleaning up getting parameterized attribute XC_kAXXCParameterizedAttributeConvertHostedViewFrame
10:02:26.243 WebDriverAgentRunner-Runner[1852:329613] No change when transforming rect {{0, 0}, {1024, 32}}, either portrait orientation or non-standard app configuration such as springboard
10:02:26.243 WebDriverAgentRunner-Runner[1852:329613] Fetching application interface orientation
10:02:26.244 WebDriverAgentRunner-Runner[1852:329613] Creating future for 'getting interface orientation' with timeout 65.00
10:02:26.244 WebDriverAgentRunner-Runner[1852:329613] <XCTWaiter: 0x1157ed020> entering wait loop for 65.00s with expectations: `getting interface orientation`
10:02:26.244 WebDriverAgentRunner-Runner[1852:329613] Returning result XCTWaiterResultCompleted for synchronous waiter <XCTWaiter: 0x1157ed020>
10:02:26.245 WebDriverAgentRunner-Runner[1852:329613] Wait <XCTWaiterWait: 0x1159a9240> completed after 0.001s
10:02:26.245 WebDriverAgentRunner-Runner[1852:329613] cleaning up getting interface orientation
10:02:26.245 WebDriverAgentRunner-Runner[1852:329613] Creating future for 'getting screen identifiers' with timeout 30.00
10:02:26.245 WebDriverAgentRunner-Runner[1852:329613] <XCTWaiter: 0x1157ed7a0> entering wait loop for 30.00s with expectations: `getting screen identifiers`
10:02:26.245 WebDriverAgentRunner-Runner[1852:329613] Returning result XCTWaiterResultCompleted for synchronous waiter <XCTWaiter: 0x1157ed7a0>
10:02:26.245 WebDriverAgentRunner-Runner[1852:329613] Wait <XCTWaiterWait: 0x1159aabc0> completed after 0.000s
10:02:26.245 WebDriverAgentRunner-Runner[1852:329613] cleaning up getting screen identifiers
10:02:26.245 WebDriverAgentRunner-Runner[1852:329613] Creating future for 'getting screen bounds' with timeout 30.00
10:02:26.245 WebDriverAgentRunner-Runner[1852:329613] <XCTWaiter: 0x1157ec0c0> entering wait loop for 30.00s with expectations: `getting screen bounds`
10:02:26.246 WebDriverAgentRunner-Runner[1852:329613] Returning result XCTWaiterResultCompleted for synchronous waiter <XCTWaiter: 0x1157ec0c0>
10:02:26.246 WebDriverAgentRunner-Runner[1852:329613] Wait <XCTWaiterWait: 0x1159aaa80> completed after 0.000s
10:02:26.246 WebDriverAgentRunner-Runner[1852:329613] cleaning up getting screen bounds
10:02:26.246 WebDriverAgentRunner-Runner[1852:329613] Creating future for 'getting screen scale' with timeout 30.00
10:02:26.246 WebDriverAgentRunner-Runner[1852:329613] <XCTWaiter: 0x1157ee0a0> entering wait loop for 30.00s with expectations: `getting screen scale`
10:02:26.246 WebDriverAgentRunner-Runner[1852:329613] Returning result XCTWaiterResultCompleted for synchronous waiter <XCTWaiter: 0x1157ee0a0>
10:02:26.246 WebDriverAgentRunner-Runner[1852:329613] Wait <XCTWaiterWait: 0x1159aaa80> completed after 0.000s
10:02:26.246 WebDriverAgentRunner-Runner[1852:329613] cleaning up getting screen scale
10:02:26.246 WebDriverAgentRunner-Runner[1852:329613] <XCTContext: 0x1141895e0> started activity <XCActivityRecord: 0x114d718f0> 2026-07-20 03:02:26 +0000: Find the Application 'com.apple.springboard'
10:02:26.247 WebDriverAgentRunner-Runner[1852:329613] Executing query:

    t =   125.63s Find the Application 'com.apple.springboard'
10:02:26.247 WebDriverAgentRunner-Runner[1852:329613] Creating future for 'checking for continuity enablement' with timeout 30.00
10:02:26.247 WebDriverAgentRunner-Runner[1852:329613] <XCTWaiter: 0x1157ed8c0> entering wait loop for 30.00s with expectations: `checking for continuity enablement`
10:02:26.247 WebDriverAgentRunner-Runner[1852:329613] Returning result XCTWaiterResultCompleted for synchronous waiter <XCTWaiter: 0x1157ed8c0>
10:02:26.248 WebDriverAgentRunner-Runner[1852:329613] Wait <XCTWaiterWait: 0x1159aa800> completed after 0.001s
10:02:26.248 WebDriverAgentRunner-Runner[1852:329613] cleaning up checking for continuity enablement
10:02:26.248 WebDriverAgentRunner-Runner[1852:329613] Should evaluate query remotely? XCTDisableRemoteQueryEvaluation(d-write): YES, hasAutomationSession: YES, supportsRemoteEvaluation: YES
10:02:26.248 WebDriverAgentRunner-Runner[1852:329613] Getting matching snapshots for locally evaluated query
10:02:26.248 WebDriverAgentRunner-Runner[1852:329613] Evaluating query:
 
10:02:26.248 WebDriverAgentRunner-Runner[1852:329613] Getting root element snapshot
10:02:26.248 WebDriverAgentRunner-Runner[1852:329613] Getting snapshot for App element pid: 174 for query 
10:02:26.248 WebDriverAgentRunner-Runner[1852:329613] <XCTContext: 0x1141895e0> started activity <XCActivityRecord: 0x114d71730> 2026-07-20 03:02:26 +0000: Requesting snapshot of accessibility hierarchy for app with pid 174
10:02:26.248 WebDriverAgentRunner-Runner[1852:329613] Query requires iOS snapshot attributes .
10:02:26.248 WebDriverAgentRunner-Runner[1852:329613] XCUIElementQuery <XCTElementSnapshotProvider> getting snapshot
10:02:26.249 WebDriverAgentRunner-Runner[1852:329613] Snapshot request has custom attributes 
10:02:26.249 WebDriverAgentRunner-Runner[1852:329613] Snapshot request has custom parameters {
    snapshotKeyHonorModalViews = 0;
}
10:02:26.249 WebDriverAgentRunner-Runner[1852:329613] Current snapshot generation is 42
10:02:26.249 WebDriverAgentRunner-Runner[1852:329613] Query rootElementSnapshot is non-null with generation count 18
10:02:26.249 WebDriverAgentRunner-Runner[1852:329613] Capturing a new snapshot
10:02:26.249 WebDriverAgentRunner-Runner[1852:329613] Fetching snapshot for App element pid: 174 from testmanagerd with attributes XC_kAXXCAttributeElementType, XC_kAXXCAttributeElementBaseType, XC_kAXXCAttributeParent, XC_kAXXCAttributeIdentifier, XC_kAXXCAttributeAutomationType, XC_kAXXCAttributeTraits and parameters {
    maxArrayCount = 2147483647;
    maxChildren = 2147483647;
    maxDepth = 50;
    snapshotKeyHonorModalViews = 0;
    traverseFromParentsToChildren = 1;
}.
10:02:26.249 WebDriverAgentRunner-Runner[1852:329613] Creating future for 'fetching snapshot from testmanagerd.' with timeout 65.00
10:02:26.249 WebDriverAgentRunner-Runner[1852:329613] <XCTWaiter: 0x1157ee3a0> entering wait loop for 65.00s with expectations: `fetching snapshot from testmanagerd.`
    t =   125.63s     Requesting snapshot of accessibility hierarchy for app with pid 174
10:02:26.612 WebDriverAgentRunner-Runner[1852:331966] Got snapshot response with runtime issue support from testmanagerd.
10:02:26.612 WebDriverAgentRunner-Runner[1852:329613] Returning result XCTWaiterResultCompleted for synchronous waiter <XCTWaiter: 0x1157ee3a0>
10:02:26.612 WebDriverAgentRunner-Runner[1852:329613] Wait <XCTWaiterWait: 0x1159aa500> completed after 0.363s
10:02:26.612 WebDriverAgentRunner-Runner[1852:329613] cleaning up fetching snapshot from testmanagerd.
10:02:26.613 WebDriverAgentRunner-Runner[1852:329613] <XCTContext: 0x1141895e0> finished activity <XCActivityRecord: 0x114d71730> 2026-07-20 03:02:26 +0000: Requesting snapshot of accessibility hierarchy for app with pid 174 (0.364406s)
10:02:26.613 WebDriverAgentRunner-Runner[1852:329613] Found matches {(
    App element pid: 174
)} with root App element pid: 174
10:02:26.614 WebDriverAgentRunner-Runner[1852:329613] <XCTContext: 0x1141895e0> finished activity <XCActivityRecord: 0x114d718f0> 2026-07-20 03:02:26 +0000: Find the Application 'com.apple.springboard' (0.36772s)
10:02:26.614 WebDriverAgentRunner-Runner[1852:329613] XCUIElementQuery <XCTElementSnapshotProvider> getting snapshot
10:02:26.615 WebDriverAgentRunner-Runner[1852:329613] Snapshot request has custom attributes XC_kAXXCAttributeElementBaseType, XC_kAXXCAttributeValue, XC_kAXXCAttributeAutomationType, XC_kAXXCAttributeIdentifier, XC_kAXXCAttributeTraits, XC_kAXXCAttributeVerticalSizeClass, XC_kAXXCAttributeFrame, XC_kAXXCAttributeWindowDisplayId, XC_kAXXCAttributeWindowContextId, XC_kAXXCAttributeLabel, XC_kAXXCAttributeHorizontalSizeClass, XC_kAXXCAttributeHasNativeFocus, XC_kAXXCAttributePlaceholderValue, XC_kAXXCAttributeElementType
10:02:26.615 WebDriverAgentRunner-Runner[1852:329613] Current snapshot generation is 46
10:02:26.615 WebDriverAgentRunner-Runner[1852:329613] Query rootElementSnapshot is non-null with generation count 46
10:02:26.615 WebDriverAgentRunner-Runner[1852:329613] Capturing a new snapshot
10:02:26.615 WebDriverAgentRunner-Runner[1852:329613] Fetching snapshot for App element pid: 174 from testmanagerd with attributes XC_kAXXCAttributeElementBaseType, XC_kAXXCAttributeParent, XC_kAXXCAttributeAutomationType, XC_kAXXCAttributeIdentifier, XC_kAXXCAttributeTraits, XC_kAXXCAttributeVerticalSizeClass, XC_kAXXCAttributeFrame, XC_kAXXCAttributeWindowDisplayId, XC_kAXXCAttributeWindowContextId, XC_kAXXCAttributeLabel, XC_kAXXCAttributeHorizontalSizeClass, XC_kAXXCAttributeHasNativeFocus, XC_kAXXCAttributePlaceholderValue, XC_kAXXCAttributeTruncatedValue, XC_kAXXCAttributeElementType and parameters {
    maxArrayCount = 2147483647;
    maxChildren = 2147483647;
    maxDepth = 50;
    snapshotKeyHonorModalViews = 0;
    traverseFromParentsToChildren = 1;
}.
10:02:26.615 WebDriverAgentRunner-Runner[1852:329613] Creating future for 'fetching snapshot from testmanagerd.' with timeout 65.00
10:02:26.615 WebDriverAgentRunner-Runner[1852:329613] <XCTWaiter: 0x115766f10> entering wait loop for 65.00s with expectations: `fetching snapshot from testmanagerd.`
10:02:27.169 WebDriverAgentRunner-Runner[1852:332467] Got snapshot response with runtime issue support from testmanagerd.
10:02:27.169 WebDriverAgentRunner-Runner[1852:329613] Returning result XCTWaiterResultCompleted for synchronous waiter <XCTWaiter: 0x115766f10>
10:02:27.169 WebDriverAgentRunner-Runner[1852:329613] Wait <XCTWaiterWait: 0x1159f8100> completed after 0.554s
10:02:27.169 WebDriverAgentRunner-Runner[1852:329613] cleaning up fetching snapshot from testmanagerd.
10:02:27.169 WebDriverAgentRunner-Runner[1852:329613] Creating future for 'getting interface orientation' with timeout 65.00
10:02:27.169 WebDriverAgentRunner-Runner[1852:329613] <XCTWaiter: 0x1157efb70> entering wait loop for 65.00s with expectations: `getting interface orientation`
10:02:27.170 WebDriverAgentRunner-Runner[1852:329613] Returning result XCTWaiterResultCompleted for synchronous waiter <XCTWaiter: 0x1157efb70>
10:02:27.170 WebDriverAgentRunner-Runner[1852:329613] Wait <XCTWaiterWait: 0x115926fc0> completed after 0.001s
10:02:27.170 WebDriverAgentRunner-Runner[1852:329613] cleaning up getting interface orientation
10:02:27.171 WebDriverAgentRunner-Runner[1852:329613] Creating future for 'getting screen identifiers' with timeout 30.00
10:02:27.171 WebDriverAgentRunner-Runner[1852:329613] <XCTWaiter: 0x1157ef930> entering wait loop for 30.00s with expectations: `getting screen identifiers`
10:02:27.171 WebDriverAgentRunner-Runner[1852:329613] Returning result XCTWaiterResultCompleted for synchronous waiter <XCTWaiter: 0x1157ef930>
10:02:27.171 WebDriverAgentRunner-Runner[1852:329613] Wait <XCTWaiterWait: 0x1159262c0> completed after 0.000s
10:02:27.171 WebDriverAgentRunner-Runner[1852:329613] cleaning up getting screen identifiers
10:02:27.171 WebDriverAgentRunner-Runner[1852:329613] Creating future for 'getting screen scale' with timeout 30.00
10:02:27.171 WebDriverAgentRunner-Runner[1852:329613] <XCTWaiter: 0x1157edf20> entering wait loop for 30.00s with expectations: `getting screen scale`
10:02:27.171 WebDriverAgentRunner-Runner[1852:329613] Returning result XCTWaiterResultCompleted for synchronous waiter <XCTWaiter: 0x1157edf20>
10:02:27.171 WebDriverAgentRunner-Runner[1852:329613] Wait <XCTWaiterWait: 0x115924ac0> completed after 0.000s
10:02:27.171 WebDriverAgentRunner-Runner[1852:329613] cleaning up getting screen scale
10:02:27.178 WebDriverAgentRunner-Runner[1852:329613] Creating future for 'fetching attributes 'XC_kAXXCAttributeSystemAppApplication' for Device system-wide element' with timeout 65.00
10:02:27.179 WebDriverAgentRunner-Runner[1852:329613] <XCTWaiter: 0x1157eeb50> entering wait loop for 65.00s with expectations: `fetching attributes 'XC_kAXXCAttributeSystemAppApplication' for Device system-wide element`
10:02:27.180 WebDriverAgentRunner-Runner[1852:329941] Got attribute fetch response with values {
    "XC_kAXXCAttributeSystemAppApplication" = "AX element pid: 174, elementOrHash.elementID: 0.1";
}, error: (null)
10:02:27.180 WebDriverAgentRunner-Runner[1852:329613] Returning result XCTWaiterResultCompleted for synchronous waiter <XCTWaiter: 0x1157eeb50>
10:02:27.180 WebDriverAgentRunner-Runner[1852:329613] Wait <XCTWaiterWait: 0x115927e00> completed after 0.002s
10:02:27.180 WebDriverAgentRunner-Runner[1852:329613] cleaning up fetching attributes 'XC_kAXXCAttributeSystemAppApplication' for Device system-wide element
10:02:27.180 WebDriverAgentRunner-Runner[1852:329613] Creating future for 'fetching attributes 'XC_kAXXCAttributeFocusedApplications' for AX element pid: 174, elementOrHash.elementID: 0.1' with timeout 65.00
10:02:27.181 WebDriverAgentRunner-Runner[1852:329613] <XCTWaiter: 0x1157ec4b0> entering wait loop for 65.00s with expectations: `fetching attributes 'XC_kAXXCAttributeFocusedApplications' for AX element pid: 174, elementOrHash.elementID: 0.1`
10:02:27.188 WebDriverAgentRunner-Runner[1852:331966] Got attribute fetch response with values {
    "XC_kAXXCAttributeFocusedApplications" =     (
        "AX element pid: 303, elementOrHash.elementID: 0.1",
        "AX element pid: 174, elementOrHash.elementID: 0.1"
    );
}, error: (null)
10:02:27.188 WebDriverAgentRunner-Runner[1852:329613] Returning result XCTWaiterResultCompleted for synchronous waiter <XCTWaiter: 0x1157ec4b0>
10:02:27.188 WebDriverAgentRunner-Runner[1852:329613] Wait <XCTWaiterWait: 0x1159276c0> completed after 0.008s
10:02:27.189 WebDriverAgentRunner-Runner[1852:329613] cleaning up fetching attributes 'XC_kAXXCAttributeFocusedApplications' for AX element pid: 174, elementOrHash.elementID: 0.1
10:02:27.189 WebDriverAgentRunner-Runner[1852:329613] Active application elements: (
    "AX element pid: 303, elementOrHash.elementID: 0.1",
    "AX element pid: 174, elementOrHash.elementID: 0.1"
)
10:02:27.192 WebDriverAgentRunner-Runner[1852:329613] Creating future for 'looking up application specifier for pid 303' with timeout 30.00
10:02:27.192 WebDriverAgentRunner-Runner[1852:329613] Requesting application specifier for pid 303
10:02:27.193 WebDriverAgentRunner-Runner[1852:329613] <XCTWaiter: 0x1157ecbd0> entering wait loop for 30.00s with expectations: `looking up application specifier for pid 303`
10:02:27.193 WebDriverAgentRunner-Runner[1852:329613] Returning result XCTWaiterResultCompleted for synchronous waiter <XCTWaiter: 0x1157ecbd0>
10:02:27.193 WebDriverAgentRunner-Runner[1852:329613] Wait <XCTWaiterWait: 0x115927340> completed after 0.001s
10:02:27.193 WebDriverAgentRunner-Runner[1852:329613] cleaning up looking up application specifier for pid 303
10:02:27.193 WebDriverAgentRunner-Runner[1852:329613] App specifier for pid 303: <XCUIApplicationSpecifier: 0x11594a6a0> { com.apple.DocumentManager.DockFolderViewService }
10:02:27.194 WebDriverAgentRunner-Runner[1852:329613] Error (com.apple.dt.xctest.ui-testing.error) 10100, userInfo keys: (null): Unknown application: 'com.apple.DocumentManager.DockFolderViewService'
10:02:27.194 WebDriverAgentRunner-Runner[1852:329613] Error (com.apple.dt.xctest.ui-testing.error) 10100, userInfo keys: (null): Unknown application: 'com.apple.DocumentManager.DockFolderViewService'
10:02:27.194 WebDriverAgentRunner-Runner[1852:329613] XCUIApplicationImplDepot: Creating XCUIApplicationImpl for identifier: com.apple.DocumentManager.DockFolderViewService
10:02:27.194 WebDriverAgentRunner-Runner[1852:329613] updating com.apple.DocumentManager.DockFolderViewService crashBehavior to 1
10:02:27.194 WebDriverAgentRunner-Runner[1852:329613] KVO change: checked status of Expect value of 'isApplicationStateKnown' of Application 'com.apple.DocumentManager.DockFolderViewService' to be '1': fulfill=NO
10:02:27.194 WebDriverAgentRunner-Runner[1852:329613] KVO change: checked status of Expect value of 'isApplicationStateKnown' of Application 'com.apple.DocumentManager.DockFolderViewService' to be '1': fulfill=NO
10:02:27.194 WebDriverAgentRunner-Runner[1852:329613] <XCTWaiter: 0x1157ed5f0> entering wait loop for 60.00s with expectations: `Expect value of 'isApplicationStateKnown' of Application 'com.apple.DocumentManager.DockFolderViewService' to be '1'`
10:02:27.197 WebDriverAgentRunner-Runner[1852:331607] -[XCTRunnerDaemonSession(XCTMessagingRole_UIApplicationStateUpdating) _XCT_applicationDidUpdateState:] com.apple.DocumentManager.DockFolderViewService@/Applications/DockFolderViewService.app processName: DockFolderViewS pid: 303 state: running foreground
10:02:27.197 WebDriverAgentRunner-Runner[1852:329613] [AM:0] Processing state snapshot com.apple.DocumentManager.DockFolderViewService@/Applications/DockFolderViewService.app processName: DockFolderViewS pid: 303 state: running foreground
10:02:27.197 WebDriverAgentRunner-Runner[1852:331607] -[XCTRunnerDaemonSession(XCTMessagingRole_UIApplicationStateUpdating) _XCT_applicationDidUpdateState:] com.apple.DocumentManager.DockFolderViewService@/Applications/DockFolderViewService.app processName: DockFolderViewS pid: 303 state: running foreground
10:02:27.197 WebDriverAgentRunner-Runner[1852:329613] <XCUIApplicationImpl: 0x1159241c0 com.apple.DocumentManager.DockFolderViewService> changing currentProcess from (null) to com.apple.DocumentManager.DockFolderViewService (pid:0)
10:02:27.198 WebDriverAgentRunner-Runner[1852:329613] KVO change: checked status of Expect value of 'isApplicationStateKnown' of Application 'com.apple.DocumentManager.DockFolderViewService' to be '1': fulfill=NO
10:02:27.198 WebDriverAgentRunner-Runner[1852:331607] -[XCTRunnerDaemonSession(XCTMessagingRole_UIApplicationStateUpdating) _XCT_applicationDidUpdateState:] com.apple.DocumentManager.DockFolderViewService@/Applications/DockFolderViewService.app processName: DockFolderViewS pid: 303 state: running foreground
10:02:27.198 WebDriverAgentRunner-Runner[1852:329613] Setting pid for 0x114c43400 0 -> 303
10:02:27.198 WebDriverAgentRunner-Runner[1852:329613] Done setting pid for <XCUIApplicationImpl: 0x1159241c0 com.apple.DocumentManager.DockFolderViewService> to 303
10:02:27.198 WebDriverAgentRunner-Runner[1852:331607] com.apple.DocumentManager.DockFolderViewService (pid:0) pid 0 -> 303
10:02:27.198 WebDriverAgentRunner-Runner[1852:331607] com.apple.DocumentManager.DockFolderViewService (pid:0) checking for cached AX loaded value using pid 303
10:02:27.198 WebDriverAgentRunner-Runner[1852:329941] Monitor: set com.apple.DocumentManager.DockFolderViewService (pid:303) for pid 303
10:02:27.198 WebDriverAgentRunner-Runner[1852:329632] com.apple.DocumentManager.DockFolderViewService (pid:303) application state Unknown (0) -> Running Foreground (4)
10:02:27.199 WebDriverAgentRunner-Runner[1852:329613] KVO change: checked status of Expect value of 'isApplicationStateKnown' of Application 'com.apple.DocumentManager.DockFolderViewService' to be '1': fulfill=YES
10:02:27.199 WebDriverAgentRunner-Runner[1852:329613] KVO change: checked status of Expect value of 'isApplicationStateKnown' of Application 'com.apple.DocumentManager.DockFolderViewService' to be '1': fulfill=YES
10:02:27.199 WebDriverAgentRunner-Runner[1852:329613] App state updated for <XCUIApplicationImpl: 0x1159241c0 com.apple.DocumentManager.DockFolderViewService>: Running Foreground (4)
10:02:27.199 WebDriverAgentRunner-Runner[1852:329613] KVO change: checked status of Expect value of 'isApplicationStateKnown' of Application 'com.apple.DocumentManager.DockFolderViewService' to be '1': fulfill=YES
10:02:27.199 WebDriverAgentRunner-Runner[1852:329613] Returning result XCTWaiterResultCompleted for synchronous waiter <XCTWaiter: 0x1157ed5f0>
10:02:27.199 WebDriverAgentRunner-Runner[1852:329613] Wait <XCTWaiterWait: 0x115925440> completed after 0.005s
10:02:27.199 WebDriverAgentRunner-Runner[1852:329613] cleaning up Expect value of 'isApplicationStateKnown' of Application 'com.apple.DocumentManager.DockFolderViewService' to be '1'
10:02:27.199 WebDriverAgentRunner-Runner[1852:329613] cleaning up Expect value of 'isApplicationStateKnown' of Application 'com.apple.DocumentManager.DockFolderViewService' to be '1'
10:02:27.199 WebDriverAgentRunner-Runner[1852:329613] <XCTContext: 0x1141895e0> started activity <XCActivityRecord: 0x114d717a0> 2026-07-20 03:02:27 +0000: Find the Application 'com.apple.DocumentManager.DockFolderViewService'
    t =   126.59s Find the Application 'com.apple.DocumentManager.DockFolderViewService'
10:02:27.200 WebDriverAgentRunner-Runner[1852:329613] Executing query:

10:02:27.200 WebDriverAgentRunner-Runner[1852:329613] Creating future for 'requesting automation session for com.apple.DocumentManager.DockFolderViewService (pid:303)' with timeout 60.00
10:02:27.200 WebDriverAgentRunner-Runner[1852:329613] Requesting automation session for pid 303, automation framework path: /System/Developer/Library/PrivateFrameworks/XCTAutomationSupport.framework
10:02:27.200 WebDriverAgentRunner-Runner[1852:329613] <XCTWaiter: 0x1157ed0e0> entering wait loop for 60.00s with expectations: `requesting automation session for com.apple.DocumentManager.DockFolderViewService (pid:303)`
10:02:27.200 WebDriverAgentRunner-Runner[1852:329613] [AM:0] Processing state snapshot com.apple.DocumentManager.DockFolderViewService@/Applications/DockFolderViewService.app processName: DockFolderViewS pid: 303 state: running foreground
10:02:27.200 WebDriverAgentRunner-Runner[1852:329613] Done setting pid for <XCUIApplicationImpl: 0x1159241c0 com.apple.DocumentManager.DockFolderViewService> to 303
10:02:27.200 WebDriverAgentRunner-Runner[1852:329613] App state updated for <XCUIApplicationImpl: 0x1159241c0 com.apple.DocumentManager.DockFolderViewService>: Running Foreground (4)
10:02:27.200 WebDriverAgentRunner-Runner[1852:329613] [AM:0] Processing state snapshot com.apple.DocumentManager.DockFolderViewService@/Applications/DockFolderViewService.app processName: DockFolderViewS pid: 303 state: running foreground
10:02:27.201 WebDriverAgentRunner-Runner[1852:329613] Done setting pid for <XCUIApplicationImpl: 0x1159241c0 com.apple.DocumentManager.DockFolderViewService> to 303
10:02:27.201 WebDriverAgentRunner-Runner[1852:329613] App state updated for <XCUIApplicationImpl: 0x1159241c0 com.apple.DocumentManager.DockFolderViewService>: Running Foreground (4)
10:02:27.201 WebDriverAgentRunner-Runner[1852:329632] Got endpoint for automation session with pid 303
10:02:27.201 WebDriverAgentRunner-Runner[1852:329632] Exchanging capabilities for automation session connection to pid 303
10:02:27.204 WebDriverAgentRunner-Runner[1852:329941] Got remote interface capabilities for automation session connection to pid 303: <XCTCapabilities: 0x1158fd2d0>: {
    "accept remote connection capability" = 1;
    "containing transformer capability" = 1;
    "disclosed child rows transformer capability" = 2;
    "element sorting transformer capability" = 1;
    "evaluate query capability" = 1;
    "fetch element attributes capability" = 2;
    "indexing transformer capability" = 4;
    "main thread checker runtime issues" = 1;
    "malloc stack logging" = 1;
    "notify animations idle capability" = 1;
    "notify main run loop idle capability" = 1;
    "query runtime issue reporting" = 1;
    "query runtime issue reporting/automation type mismatch" = 1;
    "system provides kAXXCAttributeBannerIsStickyAttribute" = 1;
}
10:02:27.204 WebDriverAgentRunner-Runner[1852:329613] Returning result XCTWaiterResultCompleted for synchronous waiter <XCTWaiter: 0x1157ed0e0>
10:02:27.204 WebDriverAgentRunner-Runner[1852:329613] Wait <XCTWaiterWait: 0x115925e80> completed after 0.004s
10:02:27.204 WebDriverAgentRunner-Runner[1852:329613] cleaning up requesting automation session for com.apple.DocumentManager.DockFolderViewService (pid:303)
10:02:27.204 WebDriverAgentRunner-Runner[1852:329613] Creating future for 'checking for continuity enablement' with timeout 30.00
10:02:27.204 WebDriverAgentRunner-Runner[1852:329613] <XCTWaiter: 0x1157edd70> entering wait loop for 30.00s with expectations: `checking for continuity enablement`
10:02:27.205 WebDriverAgentRunner-Runner[1852:329613] Returning result XCTWaiterResultCompleted for synchronous waiter <XCTWaiter: 0x1157edd70>
10:02:27.205 WebDriverAgentRunner-Runner[1852:329613] Wait <XCTWaiterWait: 0x115926000> completed after 0.001s
10:02:27.205 WebDriverAgentRunner-Runner[1852:329613] cleaning up checking for continuity enablement
10:02:27.206 WebDriverAgentRunner-Runner[1852:329613] Should evaluate query remotely? XCTDisableRemoteQueryEvaluation(d-write): YES, hasAutomationSession: YES, supportsRemoteEvaluation: YES
10:02:27.206 WebDriverAgentRunner-Runner[1852:329613] Getting matching snapshots for locally evaluated query
10:02:27.206 WebDriverAgentRunner-Runner[1852:329613] Evaluating query:
 
10:02:27.206 WebDriverAgentRunner-Runner[1852:329613] Getting root element snapshot
10:02:27.206 WebDriverAgentRunner-Runner[1852:329613] Getting snapshot for App element pid: 303 for query 
10:02:27.206 WebDriverAgentRunner-Runner[1852:329613] <XCTContext: 0x1141895e0> started activity <XCActivityRecord: 0x114d716c0> 2026-07-20 03:02:27 +0000: Requesting snapshot of accessibility hierarchy for app with pid 303
10:02:27.206 WebDriverAgentRunner-Runner[1852:329613] Query requires iOS snapshot attributes .
10:02:27.206 WebDriverAgentRunner-Runner[1852:329613] XCUIElementQuery <XCTElementSnapshotProvider> getting snapshot
10:02:27.206 WebDriverAgentRunner-Runner[1852:329613] Snapshot request has custom attributes 
10:02:27.206 WebDriverAgentRunner-Runner[1852:329613] Snapshot request has custom parameters {
    snapshotKeyHonorModalViews = 0;
}
10:02:27.206 WebDriverAgentRunner-Runner[1852:329613] Current snapshot generation is 60
    t =   126.59s     Requesting snapshot of accessibility hierarchy for app with pid 303
10:02:27.207 WebDriverAgentRunner-Runner[1852:329613] Capturing a new snapshot
10:02:27.207 WebDriverAgentRunner-Runner[1852:329613] Fetching snapshot for App element pid: 303 from testmanagerd with attributes XC_kAXXCAttributeElementType, XC_kAXXCAttributeElementBaseType, XC_kAXXCAttributeParent, XC_kAXXCAttributeIdentifier, XC_kAXXCAttributeAutomationType, XC_kAXXCAttributeTraits and parameters {
    maxArrayCount = 2147483647;
    maxChildren = 2147483647;
    maxDepth = 50;
    snapshotKeyHonorModalViews = 0;
    traverseFromParentsToChildren = 1;
}.
10:02:27.207 WebDriverAgentRunner-Runner[1852:329613] Creating future for 'fetching snapshot from testmanagerd.' with timeout 65.00
10:02:27.207 WebDriverAgentRunner-Runner[1852:329613] <XCTWaiter: 0x1157efae0> entering wait loop for 65.00s with expectations: `fetching snapshot from testmanagerd.`
10:02:27.219 WebDriverAgentRunner-Runner[1852:331966] Got snapshot response with runtime issue support from testmanagerd.
10:02:27.219 WebDriverAgentRunner-Runner[1852:329613] Returning result XCTWaiterResultCompleted for synchronous waiter <XCTWaiter: 0x1157efae0>
10:02:27.219 WebDriverAgentRunner-Runner[1852:329613] Wait <XCTWaiterWait: 0x115926f00> completed after 0.012s
10:02:27.219 WebDriverAgentRunner-Runner[1852:329613] cleaning up fetching snapshot from testmanagerd.
10:02:27.220 WebDriverAgentRunner-Runner[1852:329613] <XCTContext: 0x1141895e0> finished activity <XCActivityRecord: 0x114d716c0> 2026-07-20 03:02:27 +0000: Requesting snapshot of accessibility hierarchy for app with pid 303 (0.0136811s)
10:02:27.220 WebDriverAgentRunner-Runner[1852:329613] Found matches {(
    App element pid: 303
)} with root App element pid: 303
10:02:27.220 WebDriverAgentRunner-Runner[1852:329613] <XCTContext: 0x1141895e0> finished activity <XCActivityRecord: 0x114d717a0> 2026-07-20 03:02:27 +0000: Find the Application 'com.apple.DocumentManager.DockFolderViewService' (0.0205319s)
10:02:27.220 WebDriverAgentRunner-Runner[1852:329613] XCUIElementQuery <XCTElementSnapshotProvider> getting snapshot
10:02:27.220 WebDriverAgentRunner-Runner[1852:329613] Snapshot request has custom attributes XC_kAXXCAttributeElementBaseType, XC_kAXXCAttributeValue, XC_kAXXCAttributeAutomationType, XC_kAXXCAttributeIdentifier, XC_kAXXCAttributeTraits, XC_kAXXCAttributeVerticalSizeClass, XC_kAXXCAttributeFrame, XC_kAXXCAttributeWindowDisplayId, XC_kAXXCAttributeWindowContextId, XC_kAXXCAttributeLabel, XC_kAXXCAttributeHorizontalSizeClass, XC_kAXXCAttributeHasNativeFocus, XC_kAXXCAttributePlaceholderValue, XC_kAXXCAttributeElementType
10:02:27.220 WebDriverAgentRunner-Runner[1852:329613] Current snapshot generation is 61
10:02:27.221 WebDriverAgentRunner-Runner[1852:329613] Query rootElementSnapshot is non-null with generation count 61
10:02:27.221 WebDriverAgentRunner-Runner[1852:329613] Capturing a new snapshot
10:02:27.221 WebDriverAgentRunner-Runner[1852:329613] Fetching snapshot for App element pid: 303 from testmanagerd with attributes XC_kAXXCAttributeElementBaseType, XC_kAXXCAttributeParent, XC_kAXXCAttributeAutomationType, XC_kAXXCAttributeIdentifier, XC_kAXXCAttributeTraits, XC_kAXXCAttributeVerticalSizeClass, XC_kAXXCAttributeFrame, XC_kAXXCAttributeWindowDisplayId, XC_kAXXCAttributeWindowContextId, XC_kAXXCAttributeLabel, XC_kAXXCAttributeHorizontalSizeClass, XC_kAXXCAttributeHasNativeFocus, XC_kAXXCAttributePlaceholderValue, XC_kAXXCAttributeTruncatedValue, XC_kAXXCAttributeElementType and parameters {
    maxArrayCount = 2147483647;
    maxChildren = 2147483647;
    maxDepth = 50;
    snapshotKeyHonorModalViews = 0;
    traverseFromParentsToChildren = 1;
}.
10:02:27.221 WebDriverAgentRunner-Runner[1852:329613] Creating future for 'fetching snapshot from testmanagerd.' with timeout 65.00
10:02:27.221 WebDriverAgentRunner-Runner[1852:329613] <XCTWaiter: 0x1157ed920> entering wait loop for 65.00s with expectations: `fetching snapshot from testmanagerd.`
10:02:27.238 WebDriverAgentRunner-Runner[1852:329941] Got snapshot response with runtime issue support from testmanagerd.
10:02:27.239 WebDriverAgentRunner-Runner[1852:329613] Returning result XCTWaiterResultCompleted for synchronous waiter <XCTWaiter: 0x1157ed920>
10:02:27.239 WebDriverAgentRunner-Runner[1852:329613] Wait <XCTWaiterWait: 0x115926100> completed after 0.018s
10:02:27.239 WebDriverAgentRunner-Runner[1852:329613] cleaning up fetching snapshot from testmanagerd.
10:02:27.239 WebDriverAgentRunner-Runner[1852:329613] Creating future for 'getting interface orientation' with timeout 65.00
10:02:27.239 WebDriverAgentRunner-Runner[1852:329613] <XCTWaiter: 0x1157ec810> entering wait loop for 65.00s with expectations: `getting interface orientation`
10:02:27.240 WebDriverAgentRunner-Runner[1852:329613] Returning result XCTWaiterResultCompleted for synchronous waiter <XCTWaiter: 0x1157ec810>
10:02:27.240 WebDriverAgentRunner-Runner[1852:329613] Wait <XCTWaiterWait: 0x1159279c0> completed after 0.001s
10:02:27.240 WebDriverAgentRunner-Runner[1852:329613] cleaning up getting interface orientation
10:02:28.622 WebDriverAgentRunner-Runner[1852:332516] Handling kAXUserTestingNotification
10:02:28.622 WebDriverAgentRunner-Runner[1852:332516] Received kAXUserTestingNotification from AX element pid: 308, elementOrHash.elementID: 0.1: {
    controllerClass = "WidgetRenderer.DebugOverlayViewController";
    event = ViewDidAppear;
}
10:02:28.622 WebDriverAgentRunner-Runner[1852:332516] Handling kAXUserTestingNotification
10:02:28.622 WebDriverAgentRunner-Runner[1852:332516] Received kAXUserTestingNotification from AX element pid: 308, elementOrHash.elementID: 0.1: {
    controllerClass = "WidgetRenderer.WidgetSceneContentViewController";
    event = ViewDidAppear;
}
10:02:28.623 WebDriverAgentRunner-Runner[1852:332516] Handling kAXUserTestingNotification
10:02:28.623 WebDriverAgentRunner-Runner[1852:332516] Received kAXUserTestingNotification from AX element pid: 308, elementOrHash.elementID: 0.1: {
    controllerClass = "WidgetRenderer.SecureHostingController";
    event = ViewDidAppear;
}
10:02:28.633 WebDriverAgentRunner-Runner[1852:331966] Handling kAXUserTestingNotification
10:02:28.634 WebDriverAgentRunner-Runner[1852:331966] Received kAXUserTestingNotification from AX element pid: 308, elementOrHash.elementID: 0.1: {
    controllerClass = "WidgetRenderer.ZStackContainerViewController";
    event = ViewDidAppear;
}
10:02:28.647 WebDriverAgentRunner-Runner[1852:331966] Handling kAXUserTestingNotification
10:02:28.647 WebDriverAgentRunner-Runner[1852:331966] Received kAXUserTestingNotification from AX element pid: 308, elementOrHash.elementID: 0.1: {
    controllerClass = "WidgetRenderer.DebugOverlayViewController";
    event = ViewDidAppear;
}
10:02:28.647 WebDriverAgentRunner-Runner[1852:331966] Handling kAXUserTestingNotification
10:02:28.648 WebDriverAgentRunner-Runner[1852:331966] Received kAXUserTestingNotification from AX element pid: 308, elementOrHash.elementID: 0.1: {
    controllerClass = "WidgetRenderer.WidgetSceneContentViewController";
    event = ViewDidAppear;
}
10:02:28.648 WebDriverAgentRunner-Runner[1852:332519] Handling kAXUserTestingNotification
10:02:28.648 WebDriverAgentRunner-Runner[1852:332519] Received kAXUserTestingNotification from AX element pid: 308, elementOrHash.elementID: 0.1: {
    controllerClass = "WidgetRenderer.SecureHostingController";
    event = ViewDidAppear;
}
10:02:28.648 WebDriverAgentRunner-Runner[1852:332519] Handling kAXUserTestingNotification
10:02:28.648 WebDriverAgentRunner-Runner[1852:332519] Received kAXUserTestingNotification from AX element pid: 308, elementOrHash.elementID: 0.1: {
    controllerClass = "WidgetRenderer.ZStackContainerViewController";
    event = ViewDidAppear;
}
10:02:28.665 WebDriverAgentRunner-Runner[1852:331966] Handling kAXUserTestingNotification
10:02:28.665 WebDriverAgentRunner-Runner[1852:331966] Received kAXUserTestingNotification from AX element pid: 308, elementOrHash.elementID: 0.1: {
    controllerClass = "WidgetRenderer.DebugOverlayViewController";
    event = ViewDidAppear;
}
10:02:28.665 WebDriverAgentRunner-Runner[1852:331966] Handling kAXUserTestingNotification
10:02:28.665 WebDriverAgentRunner-Runner[1852:331966] Received kAXUserTestingNotification from AX element pid: 308, elementOrHash.elementID: 0.1: {
    controllerClass = "WidgetRenderer.WidgetSceneContentViewController";
    event = ViewDidAppear;
}
10:02:28.666 WebDriverAgentRunner-Runner[1852:331966] Handling kAXUserTestingNotification
10:02:28.667 WebDriverAgentRunner-Runner[1852:331966] Received kAXUserTestingNotification from AX element pid: 308, elementOrHash.elementID: 0.1: {
    controllerClass = "WidgetRenderer.SecureHostingController";
    event = ViewDidAppear;
}
10:02:28.668 WebDriverAgentRunner-Runner[1852:331966] Handling kAXUserTestingNotification
10:02:28.669 WebDriverAgentRunner-Runner[1852:331966] Received kAXUserTestingNotification from AX element pid: 308, elementOrHash.elementID: 0.1: {
    controllerClass = "WidgetRenderer.ZStackContainerViewController";
    event = ViewDidAppear;
}
10:02:28.669 WebDriverAgentRunner-Runner[1852:331966] Handling kAXUserTestingNotification
10:02:28.669 WebDriverAgentRunner-Runner[1852:331966] Received kAXUserTestingNotification from AX element pid: 174, elementOrHash.elementID: 0.1: {
    controllerClass = SBHomeScreenOverlayViewController;
    event = ViewDidAppear;
}
10:02:28.669 WebDriverAgentRunner-Runner[1852:331966] Handling kAXUserTestingNotification
10:02:28.669 WebDriverAgentRunner-Runner[1852:331966] Received kAXUserTestingNotification from AX element pid: 174, elementOrHash.elementID: 0.1: {
    controllerClass = SBHRootSidebarController;
    event = ViewDidAppear;
}
10:02:28.670 WebDriverAgentRunner-Runner[1852:331966] Handling kAXUserTestingNotification
10:02:28.670 WebDriverAgentRunner-Runner[1852:331966] Received kAXUserTestingNotification from AX element pid: 174, elementOrHash.elementID: 0.1: {
    controllerClass = SBTodayViewController;
    event = ViewDidAppear;
}
10:02:28.670 WebDriverAgentRunner-Runner[1852:331966] Handling kAXUserTestingNotification
10:02:28.670 WebDriverAgentRunner-Runner[1852:331966] Received kAXUserTestingNotification from AX element pid: 174, elementOrHash.elementID: 0.1: {
    controllerClass = SBHWidgetViewController;
    event = ViewDidAppear;
}
10:02:28.670 WebDriverAgentRunner-Runner[1852:331966] Handling kAXUserTestingNotification
10:02:28.670 WebDriverAgentRunner-Runner[1852:331966] Received kAXUserTestingNotification from AX element pid: 174, elementOrHash.elementID: 0.1: {
    controllerClass = SBHWidgetContainerViewController;
    event = ViewDidAppear;
}
10:02:28.670 WebDriverAgentRunner-Runner[1852:331966] Handling kAXUserTestingNotification
10:02:28.671 WebDriverAgentRunner-Runner[1852:331966] Received kAXUserTestingNotification from AX element pid: 174, elementOrHash.elementID: 0.1: {
    controllerClass = SBHMultiplexingViewController;
    event = ViewDidAppear;
}
10:02:28.674 WebDriverAgentRunner-Runner[1852:331966] Handling kAXUserTestingNotification
10:02:28.675 WebDriverAgentRunner-Runner[1852:331966] Received kAXUserTestingNotification from AX element pid: 174, elementOrHash.elementID: 0.1: {
    controllerClass = SBHWidgetStackViewController;
    event = ViewDidAppear;
}
10:02:28.675 WebDriverAgentRunner-Runner[1852:331966] Handling kAXUserTestingNotification
10:02:28.676 WebDriverAgentRunner-Runner[1852:331966] Received kAXUserTestingNotification from AX element pid: 174, elementOrHash.elementID: 0.1: {
    controllerClass = SBHWidgetViewController;
    event = ViewDidAppear;
}
10:02:28.677 WebDriverAgentRunner-Runner[1852:331966] Handling kAXUserTestingNotification
10:02:28.677 WebDriverAgentRunner-Runner[1852:331966] Received kAXUserTestingNotification from AX element pid: 174, elementOrHash.elementID: 0.1: {
    controllerClass = SBHWidgetContainerViewController;
    event = ViewDidAppear;
}
10:02:28.678 WebDriverAgentRunner-Runner[1852:331966] Handling kAXUserTestingNotification
10:02:28.678 WebDriverAgentRunner-Runner[1852:331966] Received kAXUserTestingNotification from AX element pid: 174, elementOrHash.elementID: 0.1: {
    controllerClass = SBHMultiplexingViewController;
    event = ViewDidAppear;
}
10:02:28.678 WebDriverAgentRunner-Runner[1852:331966] Handling kAXUserTestingNotification
10:02:28.678 WebDriverAgentRunner-Runner[1852:331966] Received kAXUserTestingNotification from AX element pid: 174, elementOrHash.elementID: 0.1: {
    controllerClass = SBHWidgetStackViewController;
    event = ViewDidAppear;
}
10:02:28.678 WebDriverAgentRunner-Runner[1852:331966] Handling kAXUserTestingNotification
10:02:28.679 WebDriverAgentRunner-Runner[1852:331966] Received kAXUserTestingNotification from AX element pid: 174, elementOrHash.elementID: 0.1: {
    controllerClass = SBHWidgetViewController;
    event = ViewDidAppear;
}
10:02:28.679 WebDriverAgentRunner-Runner[1852:331966] Handling kAXUserTestingNotification
10:02:28.679 WebDriverAgentRunner-Runner[1852:331966] Received kAXUserTestingNotification from AX element pid: 174, elementOrHash.elementID: 0.1: {
    controllerClass = SBHWidgetContainerViewController;
    event = ViewDidAppear;
}
10:02:28.679 WebDriverAgentRunner-Runner[1852:331966] Handling kAXUserTestingNotification
10:02:28.679 WebDriverAgentRunner-Runner[1852:331966] Received kAXUserTestingNotification from AX element pid: 174, elementOrHash.elementID: 0.1: {
    controllerClass = SBHMultiplexingViewController;
    event = ViewDidAppear;
}
10:02:28.679 WebDriverAgentRunner-Runner[1852:331966] Handling kAXUserTestingNotification
10:02:28.679 WebDriverAgentRunner-Runner[1852:331966] Received kAXUserTestingNotification from AX element pid: 174, elementOrHash.elementID: 0.1: {
    controllerClass = SBHWidgetStackViewController;
    event = ViewDidAppear;
}
10:02:28.679 WebDriverAgentRunner-Runner[1852:331966] Handling kAXUserTestingNotification
10:02:28.679 WebDriverAgentRunner-Runner[1852:331966] Received kAXUserTestingNotification from AX element pid: 174, elementOrHash.elementID: 0.1: {
    controllerClass = SBHWidgetViewController;
    event = ViewDidAppear;
}
10:02:28.680 WebDriverAgentRunner-Runner[1852:331966] Handling kAXUserTestingNotification
10:02:28.680 WebDriverAgentRunner-Runner[1852:331966] Received kAXUserTestingNotification from AX element pid: 174, elementOrHash.elementID: 0.1: {
    controllerClass = SBHWidgetContainerViewController;
    event = ViewDidAppear;
}
10:02:28.680 WebDriverAgentRunner-Runner[1852:331966] Handling kAXUserTestingNotification
10:02:28.680 WebDriverAgentRunner-Runner[1852:331966] Received kAXUserTestingNotification from AX element pid: 174, elementOrHash.elementID: 0.1: {
    controllerClass = SBHMultiplexingViewController;
    event = ViewDidAppear;
}
10:02:28.680 WebDriverAgentRunner-Runner[1852:331966] Handling kAXUserTestingNotification
10:02:28.680 WebDriverAgentRunner-Runner[1852:331966] Received kAXUserTestingNotification from AX element pid: 174, elementOrHash.elementID: 0.1: {
    controllerClass = SBHWidgetStackViewController;
    event = ViewDidAppear;
}
10:02:28.680 WebDriverAgentRunner-Runner[1852:331966] Handling kAXUserTestingNotification
10:02:28.680 WebDriverAgentRunner-Runner[1852:331966] Received kAXUserTestingNotification from AX element pid: 174, elementOrHash.elementID: 0.1: {
    controllerClass = SBHWidgetViewController;
    event = ViewDidAppear;
}
10:02:28.681 WebDriverAgentRunner-Runner[1852:331966] Handling kAXUserTestingNotification
10:02:28.681 WebDriverAgentRunner-Runner[1852:331966] Received kAXUserTestingNotification from AX element pid: 174, elementOrHash.elementID: 0.1: {
    controllerClass = SBHWidgetContainerViewController;
    event = ViewDidAppear;
}
10:02:28.681 WebDriverAgentRunner-Runner[1852:331966] Handling kAXUserTestingNotification
10:02:28.681 WebDriverAgentRunner-Runner[1852:331966] Received kAXUserTestingNotification from AX element pid: 174, elementOrHash.elementID: 0.1: {
    controllerClass = SBHMultiplexingViewController;
    event = ViewDidAppear;
}
10:02:28.681 WebDriverAgentRunner-Runner[1852:331966] Handling kAXUserTestingNotification
10:02:28.681 WebDriverAgentRunner-Runner[1852:331966] Received kAXUserTestingNotification from AX element pid: 174, elementOrHash.elementID: 0.1: {
    controllerClass = SBHWidgetStackViewController;
    event = ViewDidAppear;
}
10:02:28.681 WebDriverAgentRunner-Runner[1852:331966] Handling kAXUserTestingNotification
10:02:28.682 WebDriverAgentRunner-Runner[1852:331966] Received kAXUserTestingNotification from AX element pid: 174, elementOrHash.elementID: 0.1: {
    controllerClass = SBHWidgetViewController;
    event = ViewDidAppear;
}
10:02:28.682 WebDriverAgentRunner-Runner[1852:331966] Handling kAXUserTestingNotification
10:02:28.682 WebDriverAgentRunner-Runner[1852:331966] Received kAXUserTestingNotification from AX element pid: 174, elementOrHash.elementID: 0.1: {
    controllerClass = SBHWidgetContainerViewController;
    event = ViewDidAppear;
}
10:02:28.682 WebDriverAgentRunner-Runner[1852:331966] Handling kAXUserTestingNotification
10:02:28.682 WebDriverAgentRunner-Runner[1852:331966] Received kAXUserTestingNotification from AX element pid: 174, elementOrHash.elementID: 0.1: {
    controllerClass = SBHMultiplexingViewController;
    event = ViewDidAppear;
}
10:02:28.682 WebDriverAgentRunner-Runner[1852:331966] Handling kAXUserTestingNotification
10:02:28.682 WebDriverAgentRunner-Runner[1852:331966] Received kAXUserTestingNotification from AX element pid: 174, elementOrHash.elementID: 0.1: {
    controllerClass = SBHWidgetStackViewController;
    event = ViewDidAppear;
}
10:02:28.683 WebDriverAgentRunner-Runner[1852:331966] Handling kAXUserTestingNotification
10:02:28.684 WebDriverAgentRunner-Runner[1852:331966] Received kAXUserTestingNotification from AX element pid: 174, elementOrHash.elementID: 0.1: {
    controllerClass = SBHWidgetViewController;
    event = ViewDidAppear;
}
10:02:28.684 WebDriverAgentRunner-Runner[1852:331966] Handling kAXUserTestingNotification
10:02:28.684 WebDriverAgentRunner-Runner[1852:331966] Received kAXUserTestingNotification from AX element pid: 174, elementOrHash.elementID: 0.1: {
    controllerClass = SBHWidgetContainerViewController;
    event = ViewDidAppear;
}
10:02:28.685 WebDriverAgentRunner-Runner[1852:331966] Handling kAXUserTestingNotification
10:02:28.685 WebDriverAgentRunner-Runner[1852:331966] Received kAXUserTestingNotification from AX element pid: 174, elementOrHash.elementID: 0.1: {
    controllerClass = SBHMultiplexingViewController;
    event = ViewDidAppear;
}
10:02:28.685 WebDriverAgentRunner-Runner[1852:331966] Handling kAXUserTestingNotification
10:02:28.686 WebDriverAgentRunner-Runner[1852:331966] Received kAXUserTestingNotification from AX element pid: 174, elementOrHash.elementID: 0.1: {
    controllerClass = SBHWidgetStackViewController;
    event = ViewDidAppear;
}
10:02:28.686 WebDriverAgentRunner-Runner[1852:331966] Handling kAXUserTestingNotification
10:02:28.686 WebDriverAgentRunner-Runner[1852:331966] Received kAXUserTestingNotification from AX element pid: 174, elementOrHash.elementID: 0.1: {
    controllerClass = SBHWidgetViewController;
    event = ViewDidAppear;
}
10:02:28.686 WebDriverAgentRunner-Runner[1852:331966] Handling kAXUserTestingNotification
10:02:28.686 WebDriverAgentRunner-Runner[1852:331966] Received kAXUserTestingNotification from AX element pid: 174, elementOrHash.elementID: 0.1: {
    controllerClass = SBHWidgetContainerViewController;
    event = ViewDidAppear;
}
10:02:28.686 WebDriverAgentRunner-Runner[1852:331966] Handling kAXUserTestingNotification
10:02:28.686 WebDriverAgentRunner-Runner[1852:331966] Received kAXUserTestingNotification from AX element pid: 174, elementOrHash.elementID: 0.1: {
    controllerClass = SBHMultiplexingViewController;
    event = ViewDidAppear;
}
10:02:28.687 WebDriverAgentRunner-Runner[1852:331966] Handling kAXUserTestingNotification
10:02:28.687 WebDriverAgentRunner-Runner[1852:331966] Received kAXUserTestingNotification from AX element pid: 174, elementOrHash.elementID: 0.1: {
    controllerClass = SBHWidgetStackViewController;
    event = ViewDidAppear;
}
10:02:28.687 WebDriverAgentRunner-Runner[1852:331966] Handling kAXUserTestingNotification
10:02:28.687 WebDriverAgentRunner-Runner[1852:331966] Received kAXUserTestingNotification from AX element pid: 308, elementOrHash.elementID: 0.1: {
    controllerClass = "WidgetRenderer.DebugOverlayViewController";
    event = ViewDidAppear;
}
10:02:28.688 WebDriverAgentRunner-Runner[1852:331966] Handling kAXUserTestingNotification
10:02:28.688 WebDriverAgentRunner-Runner[1852:331966] Received kAXUserTestingNotification from AX element pid: 308, elementOrHash.elementID: 0.1: {
    controllerClass = "WidgetRenderer.WidgetSceneContentViewController";
    event = ViewDidAppear;
}
10:02:28.688 WebDriverAgentRunner-Runner[1852:331966] Handling kAXUserTestingNotification
10:02:28.688 WebDriverAgentRunner-Runner[1852:331966] Received kAXUserTestingNotification from AX element pid: 308, elementOrHash.elementID: 0.1: {
    controllerClass = "WidgetRenderer.SecureHostingController";
    event = ViewDidAppear;
}
10:02:28.695 WebDriverAgentRunner-Runner[1852:329941] Handling kAXUserTestingNotification
10:02:28.695 WebDriverAgentRunner-Runner[1852:329941] Received kAXUserTestingNotification from AX element pid: 308, elementOrHash.elementID: 0.1: {
    controllerClass = "WidgetRenderer.ZStackContainerViewController";
    event = ViewDidDisappear;
}
10:02:28.695 WebDriverAgentRunner-Runner[1852:329941] Handling kAXUserTestingNotification
10:02:28.695 WebDriverAgentRunner-Runner[1852:329941] Received kAXUserTestingNotification from AX element pid: 308, elementOrHash.elementID: 0.1: {
    controllerClass = "WidgetRenderer.ZStackContainerViewController";
    event = ViewDidAppear;
}
10:02:28.716 WebDriverAgentRunner-Runner[1852:331966] Handling kAXUserTestingNotification
10:02:28.717 WebDriverAgentRunner-Runner[1852:331966] Received kAXUserTestingNotification from AX element pid: 308, elementOrHash.elementID: 0.1: {
    controllerClass = "WidgetRenderer.DebugOverlayViewController";
    event = ViewDidAppear;
}
10:02:28.718 WebDriverAgentRunner-Runner[1852:331966] Handling kAXUserTestingNotification
10:02:28.718 WebDriverAgentRunner-Runner[1852:331966] Received kAXUserTestingNotification from AX element pid: 308, elementOrHash.elementID: 0.1: {
    controllerClass = "WidgetRenderer.WidgetSceneContentViewController";
    event = ViewDidAppear;
}
10:02:28.718 WebDriverAgentRunner-Runner[1852:332519] Handling kAXUserTestingNotification
10:02:28.718 WebDriverAgentRunner-Runner[1852:332519] Received kAXUserTestingNotification from AX element pid: 308, elementOrHash.elementID: 0.1: {
    controllerClass = "WidgetRenderer.SecureHostingController";
    event = ViewDidAppear;
}
10:02:28.756 WebDriverAgentRunner-Runner[1852:329941] Handling kAXUserTestingNotification
10:02:28.756 WebDriverAgentRunner-Runner[1852:329941] Received kAXUserTestingNotification from AX element pid: 308, elementOrHash.elementID: 0.1: {
    controllerClass = "WidgetRenderer.DebugOverlayViewController";
    event = ViewDidAppear;
}
10:02:28.757 WebDriverAgentRunner-Runner[1852:329941] Handling kAXUserTestingNotification
10:02:28.757 WebDriverAgentRunner-Runner[1852:329941] Received kAXUserTestingNotification from AX element pid: 308, elementOrHash.elementID: 0.1: {
    controllerClass = "WidgetRenderer.WidgetSceneContentViewController";
    event = ViewDidAppear;
}
10:02:28.757 WebDriverAgentRunner-Runner[1852:329941] Handling kAXUserTestingNotification
10:02:28.757 WebDriverAgentRunner-Runner[1852:329941] Received kAXUserTestingNotification from AX element pid: 308, elementOrHash.elementID: 0.1: {
    controllerClass = "WidgetRenderer.SecureHostingController";
    event = ViewDidAppear;
}
10:02:28.761 WebDriverAgentRunner-Runner[1852:332519] Handling kAXUserTestingNotification
10:02:28.761 WebDriverAgentRunner-Runner[1852:332519] Received kAXUserTestingNotification from AX element pid: 308, elementOrHash.elementID: 0.1: {
    controllerClass = "WidgetRenderer.ZStackContainerViewController";
    event = ViewDidDisappear;
}
10:02:28.761 WebDriverAgentRunner-Runner[1852:332519] Handling kAXUserTestingNotification
10:02:28.761 WebDriverAgentRunner-Runner[1852:332519] Received kAXUserTestingNotification from AX element pid: 308, elementOrHash.elementID: 0.1: {
    controllerClass = "WidgetRenderer.ZStackContainerViewController";
    event = ViewDidAppear;
}
10:02:28.761 WebDriverAgentRunner-Runner[1852:332519] Handling kAXUserTestingNotification
10:02:28.761 WebDriverAgentRunner-Runner[1852:332519] Received kAXUserTestingNotification from AX element pid: 308, elementOrHash.elementID: 0.1: {
    controllerClass = "WidgetRenderer.ZStackContainerViewController";
    event = ViewDidDisappear;
}
10:02:28.761 WebDriverAgentRunner-Runner[1852:332519] Handling kAXUserTestingNotification
10:02:28.762 WebDriverAgentRunner-Runner[1852:332519] Received kAXUserTestingNotification from AX element pid: 308, elementOrHash.elementID: 0.1: {
    controllerClass = "WidgetRenderer.ZStackContainerViewController";
    event = ViewDidAppear;
}
10:02:28.834 WebDriverAgentRunner-Runner[1852:331966] Handling kAXUserTestingNotification
10:02:28.835 WebDriverAgentRunner-Runner[1852:331966] Received kAXUserTestingNotification from AX element pid: 308, elementOrHash.elementID: 0.1: {
    controllerClass = "WidgetRenderer.DebugOverlayViewController";
    event = ViewDidAppear;
}
10:02:28.835 WebDriverAgentRunner-Runner[1852:332519] Handling kAXUserTestingNotification
10:02:28.836 WebDriverAgentRunner-Runner[1852:332519] Received kAXUserTestingNotification from AX element pid: 308, elementOrHash.elementID: 0.1: {
    controllerClass = "WidgetRenderer.WidgetSceneContentViewController";
    event = ViewDidAppear;
}
10:02:28.836 WebDriverAgentRunner-Runner[1852:332519] Handling kAXUserTestingNotification
10:02:28.836 WebDriverAgentRunner-Runner[1852:332519] Received kAXUserTestingNotification from AX element pid: 308, elementOrHash.elementID: 0.1: {
    controllerClass = "WidgetRenderer.SecureHostingController";
    event = ViewDidAppear;
}
10:02:28.837 WebDriverAgentRunner-Runner[1852:332519] Handling kAXUserTestingNotification
10:02:28.837 WebDriverAgentRunner-Runner[1852:332519] Received kAXUserTestingNotification from AX element pid: 308, elementOrHash.elementID: 0.1: {
    controllerClass = "WidgetRenderer.ZStackContainerViewController";
    event = ViewDidDisappear;
}
10:02:28.837 WebDriverAgentRunner-Runner[1852:332519] Handling kAXUserTestingNotification
10:02:28.837 WebDriverAgentRunner-Runner[1852:332519] Received kAXUserTestingNotification from AX element pid: 308, elementOrHash.elementID: 0.1: {
    controllerClass = "WidgetRenderer.ZStackContainerViewController";
    event = ViewDidAppear;
}
10:02:28.851 WebDriverAgentRunner-Runner[1852:332522] Handling kAXUserTestingNotification
10:02:28.851 WebDriverAgentRunner-Runner[1852:332522] Received kAXUserTestingNotification from AX element pid: 308, elementOrHash.elementID: 0.1: {
    controllerClass = "WidgetRenderer.DebugOverlayViewController";
    event = ViewDidAppear;
}
10:02:28.852 WebDriverAgentRunner-Runner[1852:332519] Handling kAXUserTestingNotification
10:02:28.852 WebDriverAgentRunner-Runner[1852:332519] Received kAXUserTestingNotification from AX element pid: 308, elementOrHash.elementID: 0.1: {
    controllerClass = "WidgetRenderer.WidgetSceneContentViewController";
    event = ViewDidAppear;
}
10:02:28.852 WebDriverAgentRunner-Runner[1852:332519] Handling kAXUserTestingNotification
10:02:28.852 WebDriverAgentRunner-Runner[1852:332519] Received kAXUserTestingNotification from AX element pid: 308, elementOrHash.elementID: 0.1: {
    controllerClass = "WidgetRenderer.SecureHostingController";
    event = ViewDidAppear;
}
10:02:28.856 WebDriverAgentRunner-Runner[1852:332519] Handling kAXUserTestingNotification
10:02:28.857 WebDriverAgentRunner-Runner[1852:332519] Received kAXUserTestingNotification from AX element pid: 308, elementOrHash.elementID: 0.1: {
    controllerClass = "WidgetRenderer.ZStackContainerViewController";
    event = ViewDidDisappear;
}
10:02:28.858 WebDriverAgentRunner-Runner[1852:332519] Handling kAXUserTestingNotification
10:02:28.858 WebDriverAgentRunner-Runner[1852:332519] Received kAXUserTestingNotification from AX element pid: 308, elementOrHash.elementID: 0.1: {
    controllerClass = "WidgetRenderer.ZStackContainerViewController";
    event = ViewDidAppear;
}
10:02:29.495 WebDriverAgentRunner-Runner[1852:332519] Handling kAXUserTestingNotification
10:02:29.496 WebDriverAgentRunner-Runner[1852:332519] Received kAXUserTestingNotification from AX element pid: 174, elementOrHash.elementID: 0.1: {
    controllerClass = SBHWidgetStackViewController;
    event = ViewDidDisappear;
}
10:02:29.496 WebDriverAgentRunner-Runner[1852:332519] Handling kAXUserTestingNotification
10:02:29.496 WebDriverAgentRunner-Runner[1852:332519] Received kAXUserTestingNotification from AX element pid: 174, elementOrHash.elementID: 0.1: {
    controllerClass = SBHWidgetContainerViewController;
    event = ViewDidDisappear;
}
10:02:29.496 WebDriverAgentRunner-Runner[1852:332519] Handling kAXUserTestingNotification
10:02:29.496 WebDriverAgentRunner-Runner[1852:332519] Received kAXUserTestingNotification from AX element pid: 174, elementOrHash.elementID: 0.1: {
    controllerClass = SBHMultiplexingViewController;
    event = ViewDidDisappear;
}
10:02:29.496 WebDriverAgentRunner-Runner[1852:332519] Handling kAXUserTestingNotification
10:02:29.496 WebDriverAgentRunner-Runner[1852:332519] Received kAXUserTestingNotification from AX element pid: 174, elementOrHash.elementID: 0.1: {
    controllerClass = SBHWidgetViewController;
    event = ViewDidDisappear;
}
10:02:29.497 WebDriverAgentRunner-Runner[1852:332519] Handling kAXUserTestingNotification
10:02:29.497 WebDriverAgentRunner-Runner[1852:332519] Received kAXUserTestingNotification from AX element pid: 174, elementOrHash.elementID: 0.1: {
    controllerClass = SBHWidgetStackViewController;
    event = ViewDidDisappear;
}
10:02:29.497 WebDriverAgentRunner-Runner[1852:332519] Handling kAXUserTestingNotification
10:02:29.499 WebDriverAgentRunner-Runner[1852:332519] Received kAXUserTestingNotification from AX element pid: 174, elementOrHash.elementID: 0.1: {
    controllerClass = SBHWidgetContainerViewController;
    event = ViewDidDisappear;
}
10:02:29.503 WebDriverAgentRunner-Runner[1852:332519] Handling kAXUserTestingNotification
10:02:29.504 WebDriverAgentRunner-Runner[1852:332519] Received kAXUserTestingNotification from AX element pid: 174, elementOrHash.elementID: 0.1: {
    controllerClass = SBHMultiplexingViewController;
    event = ViewDidDisappear;
}
10:02:29.504 WebDriverAgentRunner-Runner[1852:332519] Handling kAXUserTestingNotification
10:02:29.504 WebDriverAgentRunner-Runner[1852:332519] Received kAXUserTestingNotification from AX element pid: 174, elementOrHash.elementID: 0.1: {
    controllerClass = SBHWidgetViewController;
    event = ViewDidDisappear;
}
10:02:29.504 WebDriverAgentRunner-Runner[1852:332519] Handling kAXUserTestingNotification
10:02:29.505 WebDriverAgentRunner-Runner[1852:332519] Received kAXUserTestingNotification from AX element pid: 174, elementOrHash.elementID: 0.1: {
    controllerClass = SBHWidgetStackViewController;
    event = ViewDidDisappear;
}
10:02:29.505 WebDriverAgentRunner-Runner[1852:332519] Handling kAXUserTestingNotification
10:02:29.505 WebDriverAgentRunner-Runner[1852:332519] Received kAXUserTestingNotification from AX element pid: 174, elementOrHash.elementID: 0.1: {
    controllerClass = SBHWidgetContainerViewController;
    event = ViewDidDisappear;
}
10:02:29.508 WebDriverAgentRunner-Runner[1852:332519] Handling kAXUserTestingNotification
10:02:29.510 WebDriverAgentRunner-Runner[1852:332519] Received kAXUserTestingNotification from AX element pid: 174, elementOrHash.elementID: 0.1: {
    controllerClass = SBHMultiplexingViewController;
    event = ViewDidDisappear;
}
10:02:29.510 WebDriverAgentRunner-Runner[1852:332519] Handling kAXUserTestingNotification
10:02:29.510 WebDriverAgentRunner-Runner[1852:332519] Received kAXUserTestingNotification from AX element pid: 174, elementOrHash.elementID: 0.1: {
    controllerClass = SBHWidgetViewController;
    event = ViewDidDisappear;
}
10:02:29.511 WebDriverAgentRunner-Runner[1852:332519] Handling kAXUserTestingNotification
10:02:29.511 WebDriverAgentRunner-Runner[1852:332519] Received kAXUserTestingNotification from AX element pid: 174, elementOrHash.elementID: 0.1: {
    controllerClass = SBHWidgetStackViewController;
    event = ViewDidDisappear;
}
10:02:29.511 WebDriverAgentRunner-Runner[1852:332519] Handling kAXUserTestingNotification
10:02:29.511 WebDriverAgentRunner-Runner[1852:332519] Received kAXUserTestingNotification from AX element pid: 174, elementOrHash.elementID: 0.1: {
    controllerClass = SBHWidgetContainerViewController;
    event = ViewDidDisappear;
}
10:02:29.511 WebDriverAgentRunner-Runner[1852:332519] Handling kAXUserTestingNotification
10:02:29.511 WebDriverAgentRunner-Runner[1852:332519] Received kAXUserTestingNotification from AX element pid: 174, elementOrHash.elementID: 0.1: {
    controllerClass = SBHMultiplexingViewController;
    event = ViewDidDisappear;
}
10:02:29.511 WebDriverAgentRunner-Runner[1852:332519] Handling kAXUserTestingNotification
10:02:29.511 WebDriverAgentRunner-Runner[1852:332519] Received kAXUserTestingNotification from AX element pid: 174, elementOrHash.elementID: 0.1: {
    controllerClass = SBHWidgetViewController;
    event = ViewDidDisappear;
}
10:02:29.512 WebDriverAgentRunner-Runner[1852:332519] Handling kAXUserTestingNotification
10:02:29.512 WebDriverAgentRunner-Runner[1852:332519] Received kAXUserTestingNotification from AX element pid: 174, elementOrHash.elementID: 0.1: {
    controllerClass = SBHWidgetStackViewController;
    event = ViewDidDisappear;
}
10:02:29.512 WebDriverAgentRunner-Runner[1852:332519] Handling kAXUserTestingNotification
10:02:29.512 WebDriverAgentRunner-Runner[1852:332519] Received kAXUserTestingNotification from AX element pid: 174, elementOrHash.elementID: 0.1: {
    controllerClass = SBHWidgetContainerViewController;
    event = ViewDidDisappear;
}
10:02:29.512 WebDriverAgentRunner-Runner[1852:332519] Handling kAXUserTestingNotification
10:02:29.512 WebDriverAgentRunner-Runner[1852:332519] Received kAXUserTestingNotification from AX element pid: 174, elementOrHash.elementID: 0.1: {
    controllerClass = SBHMultiplexingViewController;
    event = ViewDidDisappear;
}
10:02:29.512 WebDriverAgentRunner-Runner[1852:332519] Handling kAXUserTestingNotification
10:02:29.512 WebDriverAgentRunner-Runner[1852:332519] Received kAXUserTestingNotification from AX element pid: 174, elementOrHash.elementID: 0.1: {
    controllerClass = SBHWidgetViewController;
    event = ViewDidDisappear;
}
10:02:29.512 WebDriverAgentRunner-Runner[1852:332519] Handling kAXUserTestingNotification
10:02:29.513 WebDriverAgentRunner-Runner[1852:332519] Received kAXUserTestingNotification from AX element pid: 174, elementOrHash.elementID: 0.1: {
    controllerClass = SBHWidgetStackViewController;
    event = ViewDidDisappear;
}
10:02:29.513 WebDriverAgentRunner-Runner[1852:332519] Handling kAXUserTestingNotification
10:02:29.513 WebDriverAgentRunner-Runner[1852:332519] Received kAXUserTestingNotification from AX element pid: 174, elementOrHash.elementID: 0.1: {
    controllerClass = SBHWidgetContainerViewController;
    event = ViewDidDisappear;
}
10:02:29.513 WebDriverAgentRunner-Runner[1852:332519] Handling kAXUserTestingNotification
10:02:29.513 WebDriverAgentRunner-Runner[1852:332519] Received kAXUserTestingNotification from AX element pid: 174, elementOrHash.elementID: 0.1: {
    controllerClass = SBHMultiplexingViewController;
    event = ViewDidDisappear;
}
10:02:29.513 WebDriverAgentRunner-Runner[1852:332519] Handling kAXUserTestingNotification
10:02:29.513 WebDriverAgentRunner-Runner[1852:332519] Received kAXUserTestingNotification from AX element pid: 174, elementOrHash.elementID: 0.1: {
    controllerClass = SBHWidgetViewController;
    event = ViewDidDisappear;
}
10:02:29.514 WebDriverAgentRunner-Runner[1852:332519] Handling kAXUserTestingNotification
10:02:29.514 WebDriverAgentRunner-Runner[1852:332519] Received kAXUserTestingNotification from AX element pid: 174, elementOrHash.elementID: 0.1: {
    controllerClass = SBHWidgetStackViewController;
    event = ViewDidDisappear;
}
10:02:29.514 WebDriverAgentRunner-Runner[1852:332519] Handling kAXUserTestingNotification
10:02:29.514 WebDriverAgentRunner-Runner[1852:332519] Received kAXUserTestingNotification from AX element pid: 174, elementOrHash.elementID: 0.1: {
    controllerClass = SBHWidgetContainerViewController;
    event = ViewDidDisappear;
}
10:02:29.515 WebDriverAgentRunner-Runner[1852:332519] Handling kAXUserTestingNotification
10:02:29.517 WebDriverAgentRunner-Runner[1852:332519] Received kAXUserTestingNotification from AX element pid: 174, elementOrHash.elementID: 0.1: {
    controllerClass = SBHMultiplexingViewController;
    event = ViewDidDisappear;
}
10:02:29.517 WebDriverAgentRunner-Runner[1852:332519] Handling kAXUserTestingNotification
10:02:29.517 WebDriverAgentRunner-Runner[1852:332519] Received kAXUserTestingNotification from AX element pid: 174, elementOrHash.elementID: 0.1: {
    controllerClass = SBHWidgetViewController;
    event = ViewDidDisappear;
}
10:02:29.517 WebDriverAgentRunner-Runner[1852:332519] Handling kAXUserTestingNotification
10:02:29.518 WebDriverAgentRunner-Runner[1852:332519] Received kAXUserTestingNotification from AX element pid: 174, elementOrHash.elementID: 0.1: {
    controllerClass = SBHWidgetStackViewController;
    event = ViewDidDisappear;
}
10:02:29.520 WebDriverAgentRunner-Runner[1852:332519] Handling kAXUserTestingNotification
10:02:29.520 WebDriverAgentRunner-Runner[1852:332519] Received kAXUserTestingNotification from AX element pid: 174, elementOrHash.elementID: 0.1: {
    controllerClass = SBHWidgetContainerViewController;
    event = ViewDidDisappear;
}
10:02:29.520 WebDriverAgentRunner-Runner[1852:332519] Handling kAXUserTestingNotification
10:02:29.521 WebDriverAgentRunner-Runner[1852:332519] Received kAXUserTestingNotification from AX element pid: 174, elementOrHash.elementID: 0.1: {
    controllerClass = SBHMultiplexingViewController;
    event = ViewDidDisappear;
}
10:02:29.521 WebDriverAgentRunner-Runner[1852:332519] Handling kAXUserTestingNotification
10:02:29.521 WebDriverAgentRunner-Runner[1852:332519] Received kAXUserTestingNotification from AX element pid: 174, elementOrHash.elementID: 0.1: {
    controllerClass = SBHWidgetViewController;
    event = ViewDidDisappear;
}
10:02:29.521 WebDriverAgentRunner-Runner[1852:332519] Handling kAXUserTestingNotification
10:02:29.522 WebDriverAgentRunner-Runner[1852:332519] Received kAXUserTestingNotification from AX element pid: 174, elementOrHash.elementID: 0.1: {
    controllerClass = SBHomeScreenOverlayViewController;
    event = ViewDidDisappear;
}
10:02:29.525 WebDriverAgentRunner-Runner[1852:332519] Handling kAXUserTestingNotification
10:02:29.526 WebDriverAgentRunner-Runner[1852:332519] Received kAXUserTestingNotification from AX element pid: 174, elementOrHash.elementID: 0.1: {
    controllerClass = SBHRootSidebarController;
    event = ViewDidDisappear;
}
10:02:29.527 WebDriverAgentRunner-Runner[1852:332519] Handling kAXUserTestingNotification
10:02:29.527 WebDriverAgentRunner-Runner[1852:332519] Received kAXUserTestingNotification from AX element pid: 174, elementOrHash.elementID: 0.1: {
    controllerClass = SBTodayViewController;
    event = ViewDidDisappear;
}
10:02:29.530 WebDriverAgentRunner-Runner[1852:332519] Handling kAXUserTestingNotification
10:02:29.530 WebDriverAgentRunner-Runner[1852:332519] Received kAXUserTestingNotification from AX element pid: 308, elementOrHash.elementID: 0.1: {
    controllerClass = "WidgetRenderer.WidgetSceneContentViewController";
    event = ViewDidDisappear;
}
10:02:29.530 WebDriverAgentRunner-Runner[1852:332519] Handling kAXUserTestingNotification
10:02:29.531 WebDriverAgentRunner-Runner[1852:332519] Received kAXUserTestingNotification from AX element pid: 308, elementOrHash.elementID: 0.1: {
    controllerClass = "WidgetRenderer.SecureHostingController";
    event = ViewDidDisappear;
}
10:02:29.532 WebDriverAgentRunner-Runner[1852:332519] Handling kAXUserTestingNotification
10:02:29.532 WebDriverAgentRunner-Runner[1852:332519] Received kAXUserTestingNotification from AX element pid: 308, elementOrHash.elementID: 0.1: {
    controllerClass = "WidgetRenderer.WidgetSceneContentViewController";
    event = ViewDidDisappear;
}
10:02:29.533 WebDriverAgentRunner-Runner[1852:332519] Handling kAXUserTestingNotification
10:02:29.533 WebDriverAgentRunner-Runner[1852:332519] Received kAXUserTestingNotification from AX element pid: 308, elementOrHash.elementID: 0.1: {
    controllerClass = "WidgetRenderer.SecureHostingController";
    event = ViewDidDisappear;
}
10:02:29.534 WebDriverAgentRunner-Runner[1852:332519] Handling kAXUserTestingNotification
10:02:29.534 WebDriverAgentRunner-Runner[1852:332519] Received kAXUserTestingNotification from AX element pid: 308, elementOrHash.elementID: 0.1: {
    controllerClass = "WidgetRenderer.WidgetSceneContentViewController";
    event = ViewDidDisappear;
}
10:02:29.534 WebDriverAgentRunner-Runner[1852:332519] Handling kAXUserTestingNotification
10:02:29.534 WebDriverAgentRunner-Runner[1852:332519] Received kAXUserTestingNotification from AX element pid: 308, elementOrHash.elementID: 0.1: {
    controllerClass = "WidgetRenderer.SecureHostingController";
    event = ViewDidDisappear;
}
10:02:29.535 WebDriverAgentRunner-Runner[1852:332519] Handling kAXUserTestingNotification
10:02:29.535 WebDriverAgentRunner-Runner[1852:332519] Received kAXUserTestingNotification from AX element pid: 308, elementOrHash.elementID: 0.1: {
    controllerClass = "WidgetRenderer.WidgetSceneContentViewController";
    event = ViewDidDisappear;
}
10:02:29.535 WebDriverAgentRunner-Runner[1852:332519] Handling kAXUserTestingNotification
10:02:29.535 WebDriverAgentRunner-Runner[1852:332519] Received kAXUserTestingNotification from AX element pid: 308, elementOrHash.elementID: 0.1: {
    controllerClass = "WidgetRenderer.SecureHostingController";
    event = ViewDidDisappear;
}
10:02:29.536 WebDriverAgentRunner-Runner[1852:329941] Handling kAXUserTestingNotification
10:02:29.537 WebDriverAgentRunner-Runner[1852:329941] Received kAXUserTestingNotification from AX element pid: 308, elementOrHash.elementID: 0.1: {
    controllerClass = "WidgetRenderer.WidgetSceneContentViewController";
    event = ViewDidDisappear;
}
10:02:29.537 WebDriverAgentRunner-Runner[1852:329941] Handling kAXUserTestingNotification
10:02:29.537 WebDriverAgentRunner-Runner[1852:329941] Received kAXUserTestingNotification from AX element pid: 308, elementOrHash.elementID: 0.1: {
    controllerClass = "WidgetRenderer.SecureHostingController";
    event = ViewDidDisappear;
}
10:02:29.538 WebDriverAgentRunner-Runner[1852:329941] Handling kAXUserTestingNotification
10:02:29.538 WebDriverAgentRunner-Runner[1852:329941] Received kAXUserTestingNotification from AX element pid: 308, elementOrHash.elementID: 0.1: {
    controllerClass = "WidgetRenderer.WidgetSceneContentViewController";
    event = ViewDidDisappear;
}
10:02:29.538 WebDriverAgentRunner-Runner[1852:329941] Handling kAXUserTestingNotification
10:02:29.538 WebDriverAgentRunner-Runner[1852:329941] Received kAXUserTestingNotification from AX element pid: 308, elementOrHash.elementID: 0.1: {
    controllerClass = "WidgetRenderer.SecureHostingController";
    event = ViewDidDisappear;
}
10:02:29.539 WebDriverAgentRunner-Runner[1852:329941] Handling kAXUserTestingNotification
10:02:29.539 WebDriverAgentRunner-Runner[1852:329941] Received kAXUserTestingNotification from AX element pid: 308, elementOrHash.elementID: 0.1: {
    controllerClass = "WidgetRenderer.WidgetSceneContentViewController";
    event = ViewDidDisappear;
}
10:02:29.539 WebDriverAgentRunner-Runner[1852:329941] Handling kAXUserTestingNotification
10:02:29.540 WebDriverAgentRunner-Runner[1852:329941] Received kAXUserTestingNotification from AX element pid: 308, elementOrHash.elementID: 0.1: {
    controllerClass = "WidgetRenderer.SecureHostingController";
    event = ViewDidDisappear;
}
10:02:29.540 WebDriverAgentRunner-Runner[1852:329941] Handling kAXUserTestingNotification
10:02:29.540 WebDriverAgentRunner-Runner[1852:329941] Received kAXUserTestingNotification from AX element pid: 308, elementOrHash.elementID: 0.1: {
    controllerClass = "WidgetRenderer.WidgetSceneContentViewController";
    event = ViewDidDisappear;
}
10:02:29.541 WebDriverAgentRunner-Runner[1852:329941] Handling kAXUserTestingNotification
10:02:29.541 WebDriverAgentRunner-Runner[1852:329941] Received kAXUserTestingNotification from AX element pid: 308, elementOrHash.elementID: 0.1: {
    controllerClass = "WidgetRenderer.SecureHostingController";
    event = ViewDidDisappear;
}
10:02:29.651 WebDriverAgentRunner-Runner[1852:332519] Handling kAXUserTestingNotification
10:02:29.651 WebDriverAgentRunner-Runner[1852:332519] Received kAXUserTestingNotification from AX element pid: 308, elementOrHash.elementID: 0.1: {
    controllerClass = "WidgetRenderer.WidgetSceneContentViewController";
    event = ViewDidAppear;
}
10:02:29.651 WebDriverAgentRunner-Runner[1852:332519] Handling kAXUserTestingNotification
10:02:29.651 WebDriverAgentRunner-Runner[1852:332519] Received kAXUserTestingNotification from AX element pid: 308, elementOrHash.elementID: 0.1: {
    controllerClass = "WidgetRenderer.SecureHostingController";
    event = ViewDidAppear;
}
10:02:29.666 WebDriverAgentRunner-Runner[1852:332522] Handling kAXUserTestingNotification
10:02:29.667 WebDriverAgentRunner-Runner[1852:332522] Received kAXUserTestingNotification from AX element pid: 308, elementOrHash.elementID: 0.1: {
    controllerClass = "WidgetRenderer.WidgetSceneContentViewController";
    event = ViewDidAppear;
}
10:02:29.668 WebDriverAgentRunner-Runner[1852:332522] Handling kAXUserTestingNotification
10:02:29.668 WebDriverAgentRunner-Runner[1852:332522] Received kAXUserTestingNotification from AX element pid: 308, elementOrHash.elementID: 0.1: {
    controllerClass = "WidgetRenderer.SecureHostingController";
    event = ViewDidAppear;
}
10:02:29.674 WebDriverAgentRunner-Runner[1852:332516] Handling kAXUserTestingNotification
10:02:29.674 WebDriverAgentRunner-Runner[1852:332516] Received kAXUserTestingNotification from AX element pid: 308, elementOrHash.elementID: 0.1: {
    controllerClass = "WidgetRenderer.WidgetSceneContentViewController";
    event = ViewDidAppear;
}
10:02:29.676 WebDriverAgentRunner-Runner[1852:332516] Handling kAXUserTestingNotification
10:02:29.677 WebDriverAgentRunner-Runner[1852:332516] Received kAXUserTestingNotification from AX element pid: 308, elementOrHash.elementID: 0.1: {
    controllerClass = "WidgetRenderer.SecureHostingController";
    event = ViewDidAppear;
}
10:02:29.680 WebDriverAgentRunner-Runner[1852:332518] Handling kAXUserTestingNotification
10:02:29.680 WebDriverAgentRunner-Runner[1852:332518] Received kAXUserTestingNotification from AX element pid: 308, elementOrHash.elementID: 0.1: {
    controllerClass = "WidgetRenderer.WidgetSceneContentViewController";
    event = ViewDidAppear;
}
10:02:29.680 WebDriverAgentRunner-Runner[1852:332518] Handling kAXUserTestingNotification
10:02:29.680 WebDriverAgentRunner-Runner[1852:332518] Received kAXUserTestingNotification from AX element pid: 308, elementOrHash.elementID: 0.1: {
    controllerClass = "WidgetRenderer.SecureHostingController";
    event = ViewDidAppear;
}
10:02:29.685 WebDriverAgentRunner-Runner[1852:332522] Handling kAXUserTestingNotification
10:02:29.685 WebDriverAgentRunner-Runner[1852:332522] Received kAXUserTestingNotification from AX element pid: 308, elementOrHash.elementID: 0.1: {
    controllerClass = "WidgetRenderer.WidgetSceneContentViewController";
    event = ViewDidAppear;
}
10:02:29.686 WebDriverAgentRunner-Runner[1852:332522] Handling kAXUserTestingNotification
10:02:29.687 WebDriverAgentRunner-Runner[1852:332522] Received kAXUserTestingNotification from AX element pid: 308, elementOrHash.elementID: 0.1: {
    controllerClass = "WidgetRenderer.SecureHostingController";
    event = ViewDidAppear;
}
10:02:29.711 WebDriverAgentRunner-Runner[1852:329941] Handling kAXUserTestingNotification
10:02:29.713 WebDriverAgentRunner-Runner[1852:329941] Received kAXUserTestingNotification from AX element pid: 174, elementOrHash.elementID: 0.1: {
    controllerClass = SBHomeScreenOverlayViewController;
    event = ViewDidAppear;
}
10:02:29.717 WebDriverAgentRunner-Runner[1852:329941] Handling kAXUserTestingNotification
10:02:29.717 WebDriverAgentRunner-Runner[1852:329941] Received kAXUserTestingNotification from AX element pid: 174, elementOrHash.elementID: 0.1: {
    controllerClass = SBHRootSidebarController;
    event = ViewDidAppear;
}
10:02:29.717 WebDriverAgentRunner-Runner[1852:329941] Handling kAXUserTestingNotification
10:02:29.717 WebDriverAgentRunner-Runner[1852:329941] Received kAXUserTestingNotification from AX element pid: 174, elementOrHash.elementID: 0.1: {
    controllerClass = SBTodayViewController;
    event = ViewDidAppear;
}
10:02:29.717 WebDriverAgentRunner-Runner[1852:329941] Handling kAXUserTestingNotification
10:02:29.718 WebDriverAgentRunner-Runner[1852:329941] Received kAXUserTestingNotification from AX element pid: 174, elementOrHash.elementID: 0.1: {
    controllerClass = SBHWidgetViewController;
    event = ViewDidAppear;
}
10:02:29.718 WebDriverAgentRunner-Runner[1852:329941] Handling kAXUserTestingNotification
10:02:29.718 WebDriverAgentRunner-Runner[1852:329941] Received kAXUserTestingNotification from AX element pid: 174, elementOrHash.elementID: 0.1: {
    controllerClass = SBHWidgetContainerViewController;
    event = ViewDidAppear;
}
10:02:29.718 WebDriverAgentRunner-Runner[1852:329941] Handling kAXUserTestingNotification
10:02:29.718 WebDriverAgentRunner-Runner[1852:329941] Received kAXUserTestingNotification from AX element pid: 174, elementOrHash.elementID: 0.1: {
    controllerClass = SBHMultiplexingViewController;
    event = ViewDidAppear;
}
10:02:29.718 WebDriverAgentRunner-Runner[1852:329941] Handling kAXUserTestingNotification
10:02:29.718 WebDriverAgentRunner-Runner[1852:329941] Received kAXUserTestingNotification from AX element pid: 174, elementOrHash.elementID: 0.1: {
    controllerClass = SBHWidgetStackViewController;
    event = ViewDidAppear;
}
10:02:29.718 WebDriverAgentRunner-Runner[1852:329941] Handling kAXUserTestingNotification
10:02:29.718 WebDriverAgentRunner-Runner[1852:329941] Received kAXUserTestingNotification from AX element pid: 174, elementOrHash.elementID: 0.1: {
    controllerClass = SBHWidgetViewController;
    event = ViewDidAppear;
}
10:02:29.719 WebDriverAgentRunner-Runner[1852:329941] Handling kAXUserTestingNotification
10:02:29.719 WebDriverAgentRunner-Runner[1852:329941] Received kAXUserTestingNotification from AX element pid: 174, elementOrHash.elementID: 0.1: {
    controllerClass = SBHWidgetContainerViewController;
    event = ViewDidAppear;
}
10:02:29.720 WebDriverAgentRunner-Runner[1852:329941] Handling kAXUserTestingNotification
10:02:29.720 WebDriverAgentRunner-Runner[1852:329941] Received kAXUserTestingNotification from AX element pid: 174, elementOrHash.elementID: 0.1: {
    controllerClass = SBHMultiplexingViewController;
    event = ViewDidAppear;
}
10:02:29.720 WebDriverAgentRunner-Runner[1852:329941] Handling kAXUserTestingNotification
10:02:29.720 WebDriverAgentRunner-Runner[1852:329941] Received kAXUserTestingNotification from AX element pid: 174, elementOrHash.elementID: 0.1: {
    controllerClass = SBHWidgetStackViewController;
    event = ViewDidAppear;
}
10:02:29.722 WebDriverAgentRunner-Runner[1852:329941] Handling kAXUserTestingNotification
10:02:29.725 WebDriverAgentRunner-Runner[1852:329941] Received kAXUserTestingNotification from AX element pid: 174, elementOrHash.elementID: 0.1: {
    controllerClass = SBHWidgetViewController;
    event = ViewDidAppear;
}
10:02:29.726 WebDriverAgentRunner-Runner[1852:329941] Handling kAXUserTestingNotification
10:02:29.726 WebDriverAgentRunner-Runner[1852:329941] Received kAXUserTestingNotification from AX element pid: 174, elementOrHash.elementID: 0.1: {
    controllerClass = SBHWidgetContainerViewController;
    event = ViewDidAppear;
}
10:02:29.726 WebDriverAgentRunner-Runner[1852:329941] Handling kAXUserTestingNotification
10:02:29.726 WebDriverAgentRunner-Runner[1852:329941] Received kAXUserTestingNotification from AX element pid: 174, elementOrHash.elementID: 0.1: {
    controllerClass = SBHMultiplexingViewController;
    event = ViewDidAppear;
}
10:02:29.727 WebDriverAgentRunner-Runner[1852:329941] Handling kAXUserTestingNotification
10:02:29.727 WebDriverAgentRunner-Runner[1852:329941] Received kAXUserTestingNotification from AX element pid: 174, elementOrHash.elementID: 0.1: {
    controllerClass = SBHWidgetStackViewController;
    event = ViewDidAppear;
}
10:02:29.727 WebDriverAgentRunner-Runner[1852:329941] Handling kAXUserTestingNotification
10:02:29.727 WebDriverAgentRunner-Runner[1852:329941] Received kAXUserTestingNotification from AX element pid: 174, elementOrHash.elementID: 0.1: {
    controllerClass = SBHWidgetViewController;
    event = ViewDidAppear;
}
10:02:29.728 WebDriverAgentRunner-Runner[1852:329941] Handling kAXUserTestingNotification
10:02:29.728 WebDriverAgentRunner-Runner[1852:329941] Received kAXUserTestingNotification from AX element pid: 308, elementOrHash.elementID: 0.1: {
    controllerClass = "WidgetRenderer.WidgetSceneContentViewController";
    event = ViewDidAppear;
}
10:02:29.728 WebDriverAgentRunner-Runner[1852:329941] Handling kAXUserTestingNotification
10:02:29.729 WebDriverAgentRunner-Runner[1852:329941] Received kAXUserTestingNotification from AX element pid: 174, elementOrHash.elementID: 0.1: {
    controllerClass = SBHWidgetContainerViewController;
    event = ViewDidAppear;
}
10:02:29.729 WebDriverAgentRunner-Runner[1852:329941] Handling kAXUserTestingNotification
10:02:29.729 WebDriverAgentRunner-Runner[1852:329941] Received kAXUserTestingNotification from AX element pid: 308, elementOrHash.elementID: 0.1: {
    controllerClass = "WidgetRenderer.SecureHostingController";
    event = ViewDidAppear;
}
10:02:29.729 WebDriverAgentRunner-Runner[1852:329941] Handling kAXUserTestingNotification
10:02:29.729 WebDriverAgentRunner-Runner[1852:329941] Received kAXUserTestingNotification from AX element pid: 174, elementOrHash.elementID: 0.1: {
    controllerClass = SBHMultiplexingViewController;
    event = ViewDidAppear;
}
10:02:29.729 WebDriverAgentRunner-Runner[1852:329941] Handling kAXUserTestingNotification
10:02:29.730 WebDriverAgentRunner-Runner[1852:329941] Received kAXUserTestingNotification from AX element pid: 174, elementOrHash.elementID: 0.1: {
    controllerClass = SBHWidgetStackViewController;
    event = ViewDidAppear;
}
10:02:29.730 WebDriverAgentRunner-Runner[1852:329941] Handling kAXUserTestingNotification
10:02:29.730 WebDriverAgentRunner-Runner[1852:329941] Received kAXUserTestingNotification from AX element pid: 174, elementOrHash.elementID: 0.1: {
    controllerClass = SBHWidgetViewController;
    event = ViewDidAppear;
}
10:02:29.730 WebDriverAgentRunner-Runner[1852:329941] Handling kAXUserTestingNotification
10:02:29.730 WebDriverAgentRunner-Runner[1852:329941] Received kAXUserTestingNotification from AX element pid: 174, elementOrHash.elementID: 0.1: {
    controllerClass = SBHWidgetContainerViewController;
    event = ViewDidAppear;
}
10:02:29.730 WebDriverAgentRunner-Runner[1852:329941] Handling kAXUserTestingNotification
10:02:29.730 WebDriverAgentRunner-Runner[1852:329941] Received kAXUserTestingNotification from AX element pid: 174, elementOrHash.elementID: 0.1: {
    controllerClass = SBHMultiplexingViewController;
    event = ViewDidAppear;
}
10:02:29.730 WebDriverAgentRunner-Runner[1852:329941] Handling kAXUserTestingNotification
10:02:29.730 WebDriverAgentRunner-Runner[1852:329941] Received kAXUserTestingNotification from AX element pid: 174, elementOrHash.elementID: 0.1: {
    controllerClass = SBHWidgetStackViewController;
    event = ViewDidAppear;
}
10:02:29.731 WebDriverAgentRunner-Runner[1852:329941] Handling kAXUserTestingNotification
10:02:29.731 WebDriverAgentRunner-Runner[1852:329941] Received kAXUserTestingNotification from AX element pid: 174, elementOrHash.elementID: 0.1: {
    controllerClass = SBHWidgetViewController;
    event = ViewDidAppear;
}
10:02:29.731 WebDriverAgentRunner-Runner[1852:329941] Handling kAXUserTestingNotification
10:02:29.731 WebDriverAgentRunner-Runner[1852:329941] Received kAXUserTestingNotification from AX element pid: 174, elementOrHash.elementID: 0.1: {
    controllerClass = SBHWidgetContainerViewController;
    event = ViewDidAppear;
}
10:02:29.732 WebDriverAgentRunner-Runner[1852:329941] Handling kAXUserTestingNotification
10:02:29.732 WebDriverAgentRunner-Runner[1852:329941] Received kAXUserTestingNotification from AX element pid: 174, elementOrHash.elementID: 0.1: {
    controllerClass = SBHMultiplexingViewController;
    event = ViewDidAppear;
}
10:02:29.732 WebDriverAgentRunner-Runner[1852:329941] Handling kAXUserTestingNotification
10:02:29.732 WebDriverAgentRunner-Runner[1852:329941] Received kAXUserTestingNotification from AX element pid: 174, elementOrHash.elementID: 0.1: {
    controllerClass = SBHWidgetStackViewController;
    event = ViewDidAppear;
}
10:02:29.733 WebDriverAgentRunner-Runner[1852:329941] Handling kAXUserTestingNotification
10:02:29.733 WebDriverAgentRunner-Runner[1852:329941] Received kAXUserTestingNotification from AX element pid: 174, elementOrHash.elementID: 0.1: {
    controllerClass = SBHWidgetViewController;
    event = ViewDidAppear;
}
10:02:29.734 WebDriverAgentRunner-Runner[1852:329941] Handling kAXUserTestingNotification
10:02:29.734 WebDriverAgentRunner-Runner[1852:329941] Received kAXUserTestingNotification from AX element pid: 174, elementOrHash.elementID: 0.1: {
    controllerClass = SBHWidgetContainerViewController;
    event = ViewDidAppear;
}
10:02:29.734 WebDriverAgentRunner-Runner[1852:329941] Handling kAXUserTestingNotification
10:02:29.734 WebDriverAgentRunner-Runner[1852:329941] Received kAXUserTestingNotification from AX element pid: 174, elementOrHash.elementID: 0.1: {
    controllerClass = SBHMultiplexingViewController;
    event = ViewDidAppear;
}
10:02:29.735 WebDriverAgentRunner-Runner[1852:329941] Handling kAXUserTestingNotification
10:02:29.735 WebDriverAgentRunner-Runner[1852:329941] Received kAXUserTestingNotification from AX element pid: 174, elementOrHash.elementID: 0.1: {
    controllerClass = SBHWidgetStackViewController;
    event = ViewDidAppear;
}
10:02:29.735 WebDriverAgentRunner-Runner[1852:329941] Handling kAXUserTestingNotification
10:02:29.735 WebDriverAgentRunner-Runner[1852:329941] Received kAXUserTestingNotification from AX element pid: 174, elementOrHash.elementID: 0.1: {
    controllerClass = SBHWidgetViewController;
    event = ViewDidAppear;
}
10:02:29.735 WebDriverAgentRunner-Runner[1852:329941] Handling kAXUserTestingNotification
10:02:29.735 WebDriverAgentRunner-Runner[1852:329941] Received kAXUserTestingNotification from AX element pid: 174, elementOrHash.elementID: 0.1: {
    controllerClass = SBHWidgetContainerViewController;
    event = ViewDidAppear;
}
10:02:29.736 WebDriverAgentRunner-Runner[1852:329941] Handling kAXUserTestingNotification
10:02:29.736 WebDriverAgentRunner-Runner[1852:329941] Received kAXUserTestingNotification from AX element pid: 174, elementOrHash.elementID: 0.1: {
    controllerClass = SBHMultiplexingViewController;
    event = ViewDidAppear;
}
10:02:29.737 WebDriverAgentRunner-Runner[1852:329941] Handling kAXUserTestingNotification
10:02:29.737 WebDriverAgentRunner-Runner[1852:329941] Received kAXUserTestingNotification from AX element pid: 174, elementOrHash.elementID: 0.1: {
    controllerClass = SBHWidgetStackViewController;
    event = ViewDidAppear;
}
10:02:29.738 WebDriverAgentRunner-Runner[1852:329941] Handling kAXUserTestingNotification
10:02:29.738 WebDriverAgentRunner-Runner[1852:329941] Received kAXUserTestingNotification from AX element pid: 308, elementOrHash.elementID: 0.1: {
    controllerClass = "WidgetRenderer.WidgetSceneContentViewController";
    event = ViewDidAppear;
}
10:02:29.738 WebDriverAgentRunner-Runner[1852:329941] Handling kAXUserTestingNotification
10:02:29.738 WebDriverAgentRunner-Runner[1852:329941] Received kAXUserTestingNotification from AX element pid: 308, elementOrHash.elementID: 0.1: {
    controllerClass = "WidgetRenderer.SecureHostingController";
    event = ViewDidAppear;
}
10:02:29.745 WebDriverAgentRunner-Runner[1852:332518] Handling kAXUserTestingNotification
10:02:29.745 WebDriverAgentRunner-Runner[1852:332518] Received kAXUserTestingNotification from AX element pid: 308, elementOrHash.elementID: 0.1: {
    controllerClass = "WidgetRenderer.WidgetSceneContentViewController";
    event = ViewDidAppear;
}
10:02:29.745 WebDriverAgentRunner-Runner[1852:332518] Handling kAXUserTestingNotification
10:02:29.745 WebDriverAgentRunner-Runner[1852:332518] Received kAXUserTestingNotification from AX element pid: 308, elementOrHash.elementID: 0.1: {
    controllerClass = "WidgetRenderer.SecureHostingController";
    event = ViewDidAppear;
}
10:02:29.980 WebDriverAgentRunner-Runner[1852:332519] Handling kAXUserTestingNotification
10:02:29.980 WebDriverAgentRunner-Runner[1852:332519] Received kAXUserTestingNotification from AX element pid: 174, elementOrHash.elementID: 0.1: {
    controllerClass = SBHWidgetStackViewController;
    event = ViewDidDisappear;
}
10:02:29.980 WebDriverAgentRunner-Runner[1852:332519] Handling kAXUserTestingNotification
10:02:29.980 WebDriverAgentRunner-Runner[1852:332519] Received kAXUserTestingNotification from AX element pid: 174, elementOrHash.elementID: 0.1: {
    controllerClass = SBHWidgetContainerViewController;
    event = ViewDidDisappear;
}
10:02:29.981 WebDriverAgentRunner-Runner[1852:332519] Handling kAXUserTestingNotification
10:02:29.981 WebDriverAgentRunner-Runner[1852:332519] Received kAXUserTestingNotification from AX element pid: 174, elementOrHash.elementID: 0.1: {
    controllerClass = SBHMultiplexingViewController;
    event = ViewDidDisappear;
}
10:02:29.981 WebDriverAgentRunner-Runner[1852:332519] Handling kAXUserTestingNotification
10:02:29.981 WebDriverAgentRunner-Runner[1852:332519] Received kAXUserTestingNotification from AX element pid: 174, elementOrHash.elementID: 0.1: {
    controllerClass = SBHWidgetViewController;
    event = ViewDidDisappear;
}
10:02:29.981 WebDriverAgentRunner-Runner[1852:332519] Handling kAXUserTestingNotification
10:02:29.981 WebDriverAgentRunner-Runner[1852:332519] Received kAXUserTestingNotification from AX element pid: 174, elementOrHash.elementID: 0.1: {
    controllerClass = SBHWidgetStackViewController;
    event = ViewDidDisappear;
}
10:02:29.982 WebDriverAgentRunner-Runner[1852:332519] Handling kAXUserTestingNotification
10:02:29.982 WebDriverAgentRunner-Runner[1852:332519] Received kAXUserTestingNotification from AX element pid: 174, elementOrHash.elementID: 0.1: {
    controllerClass = SBHWidgetContainerViewController;
    event = ViewDidDisappear;
}
10:02:29.983 WebDriverAgentRunner-Runner[1852:332519] Handling kAXUserTestingNotification
10:02:29.983 WebDriverAgentRunner-Runner[1852:332519] Received kAXUserTestingNotification from AX element pid: 174, elementOrHash.elementID: 0.1: {
    controllerClass = SBHMultiplexingViewController;
    event = ViewDidDisappear;
}
10:02:29.983 WebDriverAgentRunner-Runner[1852:332519] Handling kAXUserTestingNotification
10:02:29.984 WebDriverAgentRunner-Runner[1852:332519] Received kAXUserTestingNotification from AX element pid: 174, elementOrHash.elementID: 0.1: {
    controllerClass = SBHWidgetViewController;
    event = ViewDidDisappear;
}
10:02:29.984 WebDriverAgentRunner-Runner[1852:332519] Handling kAXUserTestingNotification
10:02:29.984 WebDriverAgentRunner-Runner[1852:332519] Received kAXUserTestingNotification from AX element pid: 174, elementOrHash.elementID: 0.1: {
    controllerClass = SBHWidgetStackViewController;
    event = ViewDidDisappear;
}
10:02:29.984 WebDriverAgentRunner-Runner[1852:332519] Handling kAXUserTestingNotification
10:02:29.984 WebDriverAgentRunner-Runner[1852:332519] Received kAXUserTestingNotification from AX element pid: 174, elementOrHash.elementID: 0.1: {
    controllerClass = SBHWidgetContainerViewController;
    event = ViewDidDisappear;
}
10:02:29.985 WebDriverAgentRunner-Runner[1852:332519] Handling kAXUserTestingNotification
10:02:29.985 WebDriverAgentRunner-Runner[1852:332519] Received kAXUserTestingNotification from AX element pid: 174, elementOrHash.elementID: 0.1: {
    controllerClass = SBHMultiplexingViewController;
    event = ViewDidDisappear;
}
10:02:29.985 WebDriverAgentRunner-Runner[1852:332519] Handling kAXUserTestingNotification
10:02:29.985 WebDriverAgentRunner-Runner[1852:332519] Received kAXUserTestingNotification from AX element pid: 174, elementOrHash.elementID: 0.1: {
    controllerClass = SBHWidgetViewController;
    event = ViewDidDisappear;
}
10:02:29.986 WebDriverAgentRunner-Runner[1852:332519] Handling kAXUserTestingNotification
10:02:29.986 WebDriverAgentRunner-Runner[1852:332519] Received kAXUserTestingNotification from AX element pid: 174, elementOrHash.elementID: 0.1: {
    controllerClass = SBHWidgetStackViewController;
    event = ViewDidDisappear;
}
10:02:29.986 WebDriverAgentRunner-Runner[1852:332519] Handling kAXUserTestingNotification
10:02:29.986 WebDriverAgentRunner-Runner[1852:332519] Received kAXUserTestingNotification from AX element pid: 174, elementOrHash.elementID: 0.1: {
    controllerClass = SBHWidgetContainerViewController;
    event = ViewDidDisappear;
}
10:02:29.986 WebDriverAgentRunner-Runner[1852:332519] Handling kAXUserTestingNotification
10:02:29.986 WebDriverAgentRunner-Runner[1852:332519] Received kAXUserTestingNotification from AX element pid: 174, elementOrHash.elementID: 0.1: {
    controllerClass = SBHMultiplexingViewController;
    event = ViewDidDisappear;
}
10:02:29.987 WebDriverAgentRunner-Runner[1852:332519] Handling kAXUserTestingNotification
10:02:29.987 WebDriverAgentRunner-Runner[1852:332519] Received kAXUserTestingNotification from AX element pid: 174, elementOrHash.elementID: 0.1: {
    controllerClass = SBHWidgetViewController;
    event = ViewDidDisappear;
}
10:02:29.987 WebDriverAgentRunner-Runner[1852:332519] Handling kAXUserTestingNotification
10:02:29.987 WebDriverAgentRunner-Runner[1852:332519] Received kAXUserTestingNotification from AX element pid: 174, elementOrHash.elementID: 0.1: {
    controllerClass = SBHWidgetStackViewController;
    event = ViewDidDisappear;
}
10:02:29.987 WebDriverAgentRunner-Runner[1852:332519] Handling kAXUserTestingNotification
10:02:29.987 WebDriverAgentRunner-Runner[1852:332519] Received kAXUserTestingNotification from AX element pid: 174, elementOrHash.elementID: 0.1: {
    controllerClass = SBHWidgetContainerViewController;
    event = ViewDidDisappear;
}
10:02:29.987 WebDriverAgentRunner-Runner[1852:332519] Handling kAXUserTestingNotification
10:02:29.987 WebDriverAgentRunner-Runner[1852:332519] Received kAXUserTestingNotification from AX element pid: 174, elementOrHash.elementID: 0.1: {
    controllerClass = SBHMultiplexingViewController;
    event = ViewDidDisappear;
}
10:02:29.988 WebDriverAgentRunner-Runner[1852:332519] Handling kAXUserTestingNotification
10:02:29.988 WebDriverAgentRunner-Runner[1852:332519] Received kAXUserTestingNotification from AX element pid: 174, elementOrHash.elementID: 0.1: {
    controllerClass = SBHWidgetViewController;
    event = ViewDidDisappear;
}
10:02:29.988 WebDriverAgentRunner-Runner[1852:332519] Handling kAXUserTestingNotification
10:02:29.988 WebDriverAgentRunner-Runner[1852:332519] Received kAXUserTestingNotification from AX element pid: 174, elementOrHash.elementID: 0.1: {
    controllerClass = SBHWidgetStackViewController;
    event = ViewDidDisappear;
}
10:02:29.988 WebDriverAgentRunner-Runner[1852:332519] Handling kAXUserTestingNotification
10:02:29.988 WebDriverAgentRunner-Runner[1852:332519] Received kAXUserTestingNotification from AX element pid: 174, elementOrHash.elementID: 0.1: {
    controllerClass = SBHWidgetContainerViewController;
    event = ViewDidDisappear;
}
10:02:29.988 WebDriverAgentRunner-Runner[1852:332519] Handling kAXUserTestingNotification
10:02:29.988 WebDriverAgentRunner-Runner[1852:332519] Received kAXUserTestingNotification from AX element pid: 174, elementOrHash.elementID: 0.1: {
    controllerClass = SBHMultiplexingViewController;
    event = ViewDidDisappear;
}
10:02:29.988 WebDriverAgentRunner-Runner[1852:332519] Handling kAXUserTestingNotification
10:02:29.989 WebDriverAgentRunner-Runner[1852:332519] Received kAXUserTestingNotification from AX element pid: 174, elementOrHash.elementID: 0.1: {
    controllerClass = SBHWidgetViewController;
    event = ViewDidDisappear;
}
10:02:29.989 WebDriverAgentRunner-Runner[1852:332519] Handling kAXUserTestingNotification
10:02:29.989 WebDriverAgentRunner-Runner[1852:332519] Received kAXUserTestingNotification from AX element pid: 174, elementOrHash.elementID: 0.1: {
    controllerClass = SBHWidgetStackViewController;
    event = ViewDidDisappear;
}
10:02:29.989 WebDriverAgentRunner-Runner[1852:332519] Handling kAXUserTestingNotification
10:02:29.989 WebDriverAgentRunner-Runner[1852:332519] Received kAXUserTestingNotification from AX element pid: 174, elementOrHash.elementID: 0.1: {
    controllerClass = SBHWidgetContainerViewController;
    event = ViewDidDisappear;
}
10:02:29.989 WebDriverAgentRunner-Runner[1852:332519] Handling kAXUserTestingNotification
10:02:29.989 WebDriverAgentRunner-Runner[1852:332519] Received kAXUserTestingNotification from AX element pid: 174, elementOrHash.elementID: 0.1: {
    controllerClass = SBHMultiplexingViewController;
    event = ViewDidDisappear;
}
10:02:29.989 WebDriverAgentRunner-Runner[1852:332519] Handling kAXUserTestingNotification
10:02:29.989 WebDriverAgentRunner-Runner[1852:332519] Received kAXUserTestingNotification from AX element pid: 174, elementOrHash.elementID: 0.1: {
    controllerClass = SBHWidgetViewController;
    event = ViewDidDisappear;
}
10:02:29.990 WebDriverAgentRunner-Runner[1852:332519] Handling kAXUserTestingNotification
10:02:29.990 WebDriverAgentRunner-Runner[1852:332519] Received kAXUserTestingNotification from AX element pid: 174, elementOrHash.elementID: 0.1: {
    controllerClass = SBHWidgetStackViewController;
    event = ViewDidDisappear;
}
10:02:29.990 WebDriverAgentRunner-Runner[1852:332519] Handling kAXUserTestingNotification
10:02:29.990 WebDriverAgentRunner-Runner[1852:332519] Received kAXUserTestingNotification from AX element pid: 174, elementOrHash.elementID: 0.1: {
    controllerClass = SBHWidgetContainerViewController;
    event = ViewDidDisappear;
}
10:02:29.990 WebDriverAgentRunner-Runner[1852:332519] Handling kAXUserTestingNotification
10:02:29.990 WebDriverAgentRunner-Runner[1852:332519] Received kAXUserTestingNotification from AX element pid: 174, elementOrHash.elementID: 0.1: {
    controllerClass = SBHMultiplexingViewController;
    event = ViewDidDisappear;
}
10:02:29.990 WebDriverAgentRunner-Runner[1852:332519] Handling kAXUserTestingNotification
10:02:29.990 WebDriverAgentRunner-Runner[1852:332519] Received kAXUserTestingNotification from AX element pid: 174, elementOrHash.elementID: 0.1: {
    controllerClass = SBHWidgetViewController;
    event = ViewDidDisappear;
}
10:02:29.991 WebDriverAgentRunner-Runner[1852:332519] Handling kAXUserTestingNotification
10:02:29.991 WebDriverAgentRunner-Runner[1852:332519] Received kAXUserTestingNotification from AX element pid: 174, elementOrHash.elementID: 0.1: {
    controllerClass = SBHomeScreenOverlayViewController;
    event = ViewDidDisappear;
}
10:02:29.991 WebDriverAgentRunner-Runner[1852:332519] Handling kAXUserTestingNotification
10:02:29.991 WebDriverAgentRunner-Runner[1852:332519] Received kAXUserTestingNotification from AX element pid: 174, elementOrHash.elementID: 0.1: {
    controllerClass = SBHRootSidebarController;
    event = ViewDidDisappear;
}
10:02:29.991 WebDriverAgentRunner-Runner[1852:332519] Handling kAXUserTestingNotification
10:02:29.991 WebDriverAgentRunner-Runner[1852:332519] Received kAXUserTestingNotification from AX element pid: 174, elementOrHash.elementID: 0.1: {
    controllerClass = SBTodayViewController;
    event = ViewDidDisappear;
}
10:02:29.991 WebDriverAgentRunner-Runner[1852:332519] Handling kAXUserTestingNotification
10:02:29.991 WebDriverAgentRunner-Runner[1852:332519] Received kAXUserTestingNotification from AX element pid: 174, elementOrHash.elementID: 0.1: {
    controllerClass = SBHomeScreenOverlayViewController;
    event = ViewDidAppear;
}
10:02:29.992 WebDriverAgentRunner-Runner[1852:332519] Handling kAXUserTestingNotification
10:02:29.992 WebDriverAgentRunner-Runner[1852:332519] Received kAXUserTestingNotification from AX element pid: 174, elementOrHash.elementID: 0.1: {
    controllerClass = SBHRootSidebarController;
    event = ViewDidAppear;
}
10:02:29.993 WebDriverAgentRunner-Runner[1852:332519] Handling kAXUserTestingNotification
10:02:29.993 WebDriverAgentRunner-Runner[1852:332519] Received kAXUserTestingNotification from AX element pid: 174, elementOrHash.elementID: 0.1: {
    controllerClass = SBTodayViewController;
    event = ViewDidAppear;
}
10:02:29.993 WebDriverAgentRunner-Runner[1852:332519] Handling kAXUserTestingNotification
10:02:29.993 WebDriverAgentRunner-Runner[1852:332519] Received kAXUserTestingNotification from AX element pid: 174, elementOrHash.elementID: 0.1: {
    controllerClass = SBHWidgetViewController;
    event = ViewDidAppear;
}
10:02:29.993 WebDriverAgentRunner-Runner[1852:332519] Handling kAXUserTestingNotification
10:02:29.993 WebDriverAgentRunner-Runner[1852:332519] Received kAXUserTestingNotification from AX element pid: 174, elementOrHash.elementID: 0.1: {
    controllerClass = SBHWidgetContainerViewController;
    event = ViewDidAppear;
}
10:02:29.993 WebDriverAgentRunner-Runner[1852:332519] Handling kAXUserTestingNotification
10:02:29.993 WebDriverAgentRunner-Runner[1852:332519] Received kAXUserTestingNotification from AX element pid: 174, elementOrHash.elementID: 0.1: {
    controllerClass = SBHMultiplexingViewController;
    event = ViewDidAppear;
}
10:02:29.994 WebDriverAgentRunner-Runner[1852:332519] Handling kAXUserTestingNotification
10:02:29.994 WebDriverAgentRunner-Runner[1852:332519] Received kAXUserTestingNotification from AX element pid: 174, elementOrHash.elementID: 0.1: {
    controllerClass = SBHWidgetStackViewController;
    event = ViewDidAppear;
}
10:02:29.994 WebDriverAgentRunner-Runner[1852:332519] Handling kAXUserTestingNotification
10:02:29.994 WebDriverAgentRunner-Runner[1852:332519] Received kAXUserTestingNotification from AX element pid: 174, elementOrHash.elementID: 0.1: {
    controllerClass = SBHWidgetViewController;
    event = ViewDidAppear;
}
10:02:29.994 WebDriverAgentRunner-Runner[1852:332519] Handling kAXUserTestingNotification
10:02:29.994 WebDriverAgentRunner-Runner[1852:332519] Received kAXUserTestingNotification from AX element pid: 174, elementOrHash.elementID: 0.1: {
    controllerClass = SBHWidgetContainerViewController;
    event = ViewDidAppear;
}
10:02:29.995 WebDriverAgentRunner-Runner[1852:332519] Handling kAXUserTestingNotification
10:02:29.995 WebDriverAgentRunner-Runner[1852:332519] Received kAXUserTestingNotification from AX element pid: 174, elementOrHash.elementID: 0.1: {
    controllerClass = SBHMultiplexingViewController;
    event = ViewDidAppear;
}
10:02:29.995 WebDriverAgentRunner-Runner[1852:332519] Handling kAXUserTestingNotification
10:02:29.995 WebDriverAgentRunner-Runner[1852:332519] Received kAXUserTestingNotification from AX element pid: 174, elementOrHash.elementID: 0.1: {
    controllerClass = SBHWidgetStackViewController;
    event = ViewDidAppear;
}
10:02:29.996 WebDriverAgentRunner-Runner[1852:332519] Handling kAXUserTestingNotification
10:02:29.996 WebDriverAgentRunner-Runner[1852:332519] Received kAXUserTestingNotification from AX element pid: 174, elementOrHash.elementID: 0.1: {
    controllerClass = SBHWidgetViewController;
    event = ViewDidAppear;
}
10:02:29.996 WebDriverAgentRunner-Runner[1852:332519] Handling kAXUserTestingNotification
10:02:29.996 WebDriverAgentRunner-Runner[1852:332519] Received kAXUserTestingNotification from AX element pid: 174, elementOrHash.elementID: 0.1: {
    controllerClass = SBHWidgetContainerViewController;
    event = ViewDidAppear;
}
10:02:29.996 WebDriverAgentRunner-Runner[1852:332519] Handling kAXUserTestingNotification
10:02:29.996 WebDriverAgentRunner-Runner[1852:332519] Received kAXUserTestingNotification from AX element pid: 174, elementOrHash.elementID: 0.1: {
    controllerClass = SBHMultiplexingViewController;
    event = ViewDidAppear;
}
10:02:29.996 WebDriverAgentRunner-Runner[1852:332519] Handling kAXUserTestingNotification
10:02:29.997 WebDriverAgentRunner-Runner[1852:332519] Received kAXUserTestingNotification from AX element pid: 174, elementOrHash.elementID: 0.1: {
    controllerClass = SBHWidgetStackViewController;
    event = ViewDidAppear;
}
10:02:29.997 WebDriverAgentRunner-Runner[1852:332519] Handling kAXUserTestingNotification
10:02:29.997 WebDriverAgentRunner-Runner[1852:332519] Received kAXUserTestingNotification from AX element pid: 174, elementOrHash.elementID: 0.1: {
    controllerClass = SBHWidgetViewController;
    event = ViewDidAppear;
}
10:02:29.997 WebDriverAgentRunner-Runner[1852:332519] Handling kAXUserTestingNotification
10:02:29.997 WebDriverAgentRunner-Runner[1852:332519] Received kAXUserTestingNotification from AX element pid: 174, elementOrHash.elementID: 0.1: {
    controllerClass = SBHWidgetContainerViewController;
    event = ViewDidAppear;
}
10:02:29.997 WebDriverAgentRunner-Runner[1852:332519] Handling kAXUserTestingNotification
10:02:29.997 WebDriverAgentRunner-Runner[1852:332519] Received kAXUserTestingNotification from AX element pid: 174, elementOrHash.elementID: 0.1: {
    controllerClass = SBHMultiplexingViewController;
    event = ViewDidAppear;
}
10:02:29.997 WebDriverAgentRunner-Runner[1852:332519] Handling kAXUserTestingNotification
10:02:29.998 WebDriverAgentRunner-Runner[1852:332519] Received kAXUserTestingNotification from AX element pid: 174, elementOrHash.elementID: 0.1: {
    controllerClass = SBHWidgetStackViewController;
    event = ViewDidAppear;
}
10:02:29.999 WebDriverAgentRunner-Runner[1852:332519] Handling kAXUserTestingNotification
10:02:29.999 WebDriverAgentRunner-Runner[1852:332519] Received kAXUserTestingNotification from AX element pid: 174, elementOrHash.elementID: 0.1: {
    controllerClass = SBHWidgetViewController;
    event = ViewDidAppear;
}
10:02:29.999 WebDriverAgentRunner-Runner[1852:332519] Handling kAXUserTestingNotification
10:02:29.999 WebDriverAgentRunner-Runner[1852:332519] Received kAXUserTestingNotification from AX element pid: 174, elementOrHash.elementID: 0.1: {
    controllerClass = SBHWidgetContainerViewController;
    event = ViewDidAppear;
}
10:02:30.000 WebDriverAgentRunner-Runner[1852:332519] Handling kAXUserTestingNotification
10:02:30.000 WebDriverAgentRunner-Runner[1852:332519] Received kAXUserTestingNotification from AX element pid: 174, elementOrHash.elementID: 0.1: {
    controllerClass = SBHMultiplexingViewController;
    event = ViewDidAppear;
}
10:02:30.000 WebDriverAgentRunner-Runner[1852:332519] Handling kAXUserTestingNotification
10:02:30.000 WebDriverAgentRunner-Runner[1852:332519] Received kAXUserTestingNotification from AX element pid: 174, elementOrHash.elementID: 0.1: {
    controllerClass = SBHWidgetStackViewController;
    event = ViewDidAppear;
}
10:02:30.000 WebDriverAgentRunner-Runner[1852:332519] Handling kAXUserTestingNotification
10:02:30.000 WebDriverAgentRunner-Runner[1852:332519] Received kAXUserTestingNotification from AX element pid: 174, elementOrHash.elementID: 0.1: {
    controllerClass = SBHWidgetViewController;
    event = ViewDidAppear;
}
10:02:30.000 WebDriverAgentRunner-Runner[1852:332519] Handling kAXUserTestingNotification
10:02:30.000 WebDriverAgentRunner-Runner[1852:332519] Received kAXUserTestingNotification from AX element pid: 174, elementOrHash.elementID: 0.1: {
    controllerClass = SBHWidgetContainerViewController;
    event = ViewDidAppear;
}
10:02:30.001 WebDriverAgentRunner-Runner[1852:332519] Handling kAXUserTestingNotification
10:02:30.001 WebDriverAgentRunner-Runner[1852:332519] Received kAXUserTestingNotification from AX element pid: 174, elementOrHash.elementID: 0.1: {
    controllerClass = SBHMultiplexingViewController;
    event = ViewDidAppear;
}
10:02:30.001 WebDriverAgentRunner-Runner[1852:332519] Handling kAXUserTestingNotification
10:02:30.001 WebDriverAgentRunner-Runner[1852:332519] Received kAXUserTestingNotification from AX element pid: 174, elementOrHash.elementID: 0.1: {
    controllerClass = SBHWidgetStackViewController;
    event = ViewDidAppear;
}
10:02:30.001 WebDriverAgentRunner-Runner[1852:332519] Handling kAXUserTestingNotification
10:02:30.001 WebDriverAgentRunner-Runner[1852:332519] Received kAXUserTestingNotification from AX element pid: 174, elementOrHash.elementID: 0.1: {
    controllerClass = SBHWidgetViewController;
    event = ViewDidAppear;
}
10:02:30.001 WebDriverAgentRunner-Runner[1852:332519] Handling kAXUserTestingNotification
10:02:30.001 WebDriverAgentRunner-Runner[1852:332519] Received kAXUserTestingNotification from AX element pid: 174, elementOrHash.elementID: 0.1: {
    controllerClass = SBHWidgetContainerViewController;
    event = ViewDidAppear;
}
10:02:30.001 WebDriverAgentRunner-Runner[1852:332519] Handling kAXUserTestingNotification
10:02:30.002 WebDriverAgentRunner-Runner[1852:332519] Received kAXUserTestingNotification from AX element pid: 174, elementOrHash.elementID: 0.1: {
    controllerClass = SBHMultiplexingViewController;
    event = ViewDidAppear;
}
10:02:30.002 WebDriverAgentRunner-Runner[1852:332519] Handling kAXUserTestingNotification
10:02:30.002 WebDriverAgentRunner-Runner[1852:332519] Received kAXUserTestingNotification from AX element pid: 174, elementOrHash.elementID: 0.1: {
    controllerClass = SBHWidgetStackViewController;
    event = ViewDidAppear;
}
10:02:30.002 WebDriverAgentRunner-Runner[1852:332519] Handling kAXUserTestingNotification
10:02:30.002 WebDriverAgentRunner-Runner[1852:332519] Received kAXUserTestingNotification from AX element pid: 174, elementOrHash.elementID: 0.1: {
    controllerClass = SBHWidgetViewController;
    event = ViewDidAppear;
}
10:02:30.002 WebDriverAgentRunner-Runner[1852:332519] Handling kAXUserTestingNotification
10:02:30.002 WebDriverAgentRunner-Runner[1852:332519] Received kAXUserTestingNotification from AX element pid: 174, elementOrHash.elementID: 0.1: {
    controllerClass = SBHWidgetContainerViewController;
    event = ViewDidAppear;
}
10:02:30.002 WebDriverAgentRunner-Runner[1852:332519] Handling kAXUserTestingNotification
10:02:30.002 WebDriverAgentRunner-Runner[1852:332519] Received kAXUserTestingNotification from AX element pid: 174, elementOrHash.elementID: 0.1: {
    controllerClass = SBHMultiplexingViewController;
    event = ViewDidAppear;
}
10:02:30.002 WebDriverAgentRunner-Runner[1852:332519] Handling kAXUserTestingNotification
10:02:30.003 WebDriverAgentRunner-Runner[1852:332519] Received kAXUserTestingNotification from AX element pid: 174, elementOrHash.elementID: 0.1: {
    controllerClass = SBHWidgetStackViewController;
    event = ViewDidAppear;
}
10:02:30.011 WebDriverAgentRunner-Runner[1852:332516] Handling kAXUserTestingNotification
10:02:30.011 WebDriverAgentRunner-Runner[1852:332516] Received kAXUserTestingNotification from AX element pid: 174, elementOrHash.elementID: 0.1: {
    event = TouchEventsCompleted;
}
10:02:30.011 WebDriverAgentRunner-Runner[1852:332516] Handling kAXUserTestingNotification
10:02:30.012 WebDriverAgentRunner-Runner[1852:332516] Received kAXUserTestingNotification from AX element pid: 174, elementOrHash.elementID: 0.1: {
    event = TouchEventsCompleted;
}
10:02:30.071 WebDriverAgentRunner-Runner[1852:332519] Handling kAXUserTestingNotification
10:02:30.072 WebDriverAgentRunner-Runner[1852:332519] Received kAXUserTestingNotification from AX element pid: 174, elementOrHash.elementID: 0.1: {
    controllerClass = SBHWidgetStackViewController;
    event = ViewDidDisappear;
}
10:02:30.072 WebDriverAgentRunner-Runner[1852:332519] Handling kAXUserTestingNotification
10:02:30.072 WebDriverAgentRunner-Runner[1852:332519] Received kAXUserTestingNotification from AX element pid: 174, elementOrHash.elementID: 0.1: {
    controllerClass = SBHWidgetContainerViewController;
    event = ViewDidDisappear;
}
10:02:30.072 WebDriverAgentRunner-Runner[1852:332519] Handling kAXUserTestingNotification
10:02:30.072 WebDriverAgentRunner-Runner[1852:332519] Received kAXUserTestingNotification from AX element pid: 174, elementOrHash.elementID: 0.1: {
    controllerClass = SBHMultiplexingViewController;
    event = ViewDidDisappear;
}
10:02:30.073 WebDriverAgentRunner-Runner[1852:332519] Handling kAXUserTestingNotification
10:02:30.073 WebDriverAgentRunner-Runner[1852:332519] Received kAXUserTestingNotification from AX element pid: 174, elementOrHash.elementID: 0.1: {
    controllerClass = SBHWidgetViewController;
    event = ViewDidDisappear;
}
10:02:30.074 WebDriverAgentRunner-Runner[1852:332516] Handling kAXUserTestingNotification
10:02:30.075 WebDriverAgentRunner-Runner[1852:332516] Received kAXUserTestingNotification from AX element pid: 308, elementOrHash.elementID: 0.1: {
    controllerClass = "WidgetRenderer.WidgetSceneContentViewController";
    event = ViewDidDisappear;
}
10:02:30.075 WebDriverAgentRunner-Runner[1852:332516] Handling kAXUserTestingNotification
10:02:30.075 WebDriverAgentRunner-Runner[1852:332516] Received kAXUserTestingNotification from AX element pid: 308, elementOrHash.elementID: 0.1: {
    controllerClass = "WidgetRenderer.SecureHostingController";
    event = ViewDidDisappear;
}
10:02:30.141 WebDriverAgentRunner-Runner[1852:332519] Handling kAXUserTestingNotification
10:02:30.142 WebDriverAgentRunner-Runner[1852:332519] Received kAXUserTestingNotification from AX element pid: 174, elementOrHash.elementID: 0.1: {
    controllerClass = SBHWidgetStackViewController;
    event = ViewDidDisappear;
}
10:02:30.142 WebDriverAgentRunner-Runner[1852:332519] Handling kAXUserTestingNotification
10:02:30.142 WebDriverAgentRunner-Runner[1852:332519] Received kAXUserTestingNotification from AX element pid: 174, elementOrHash.elementID: 0.1: {
    controllerClass = SBHWidgetContainerViewController;
    event = ViewDidDisappear;
}
10:02:30.143 WebDriverAgentRunner-Runner[1852:332519] Handling kAXUserTestingNotification
10:02:30.144 WebDriverAgentRunner-Runner[1852:332519] Received kAXUserTestingNotification from AX element pid: 174, elementOrHash.elementID: 0.1: {
    controllerClass = SBHMultiplexingViewController;
    event = ViewDidDisappear;
}
10:02:30.146 WebDriverAgentRunner-Runner[1852:332519] Handling kAXUserTestingNotification
10:02:30.146 WebDriverAgentRunner-Runner[1852:332519] Received kAXUserTestingNotification from AX element pid: 174, elementOrHash.elementID: 0.1: {
    controllerClass = SBHWidgetViewController;
    event = ViewDidDisappear;
}
10:02:30.146 WebDriverAgentRunner-Runner[1852:332519] Handling kAXUserTestingNotification
10:02:30.147 WebDriverAgentRunner-Runner[1852:332519] Received kAXUserTestingNotification from AX element pid: 174, elementOrHash.elementID: 0.1: {
    controllerClass = SBHWidgetStackViewController;
    event = ViewDidDisappear;
}
10:02:30.147 WebDriverAgentRunner-Runner[1852:332519] Handling kAXUserTestingNotification
10:02:30.147 WebDriverAgentRunner-Runner[1852:332519] Received kAXUserTestingNotification from AX element pid: 174, elementOrHash.elementID: 0.1: {
    controllerClass = SBHWidgetContainerViewController;
    event = ViewDidDisappear;
}
10:02:30.147 WebDriverAgentRunner-Runner[1852:332519] Handling kAXUserTestingNotification
10:02:30.147 WebDriverAgentRunner-Runner[1852:332519] Received kAXUserTestingNotification from AX element pid: 174, elementOrHash.elementID: 0.1: {
    controllerClass = SBHMultiplexingViewController;
    event = ViewDidDisappear;
}
10:02:30.148 WebDriverAgentRunner-Runner[1852:332519] Handling kAXUserTestingNotification
10:02:30.148 WebDriverAgentRunner-Runner[1852:332519] Received kAXUserTestingNotification from AX element pid: 174, elementOrHash.elementID: 0.1: {
    controllerClass = SBHWidgetViewController;
    event = ViewDidDisappear;
}
10:02:30.149 WebDriverAgentRunner-Runner[1852:332519] Handling kAXUserTestingNotification
10:02:30.149 WebDriverAgentRunner-Runner[1852:332519] Received kAXUserTestingNotification from AX element pid: 174, elementOrHash.elementID: 0.1: {
    controllerClass = SBHWidgetStackViewController;
    event = ViewDidDisappear;
}
10:02:30.150 WebDriverAgentRunner-Runner[1852:332519] Handling kAXUserTestingNotification
10:02:30.150 WebDriverAgentRunner-Runner[1852:332519] Received kAXUserTestingNotification from AX element pid: 174, elementOrHash.elementID: 0.1: {
    controllerClass = SBHWidgetContainerViewController;
    event = ViewDidDisappear;
}
10:02:30.150 WebDriverAgentRunner-Runner[1852:332519] Handling kAXUserTestingNotification
10:02:30.150 WebDriverAgentRunner-Runner[1852:332519] Received kAXUserTestingNotification from AX element pid: 174, elementOrHash.elementID: 0.1: {
    controllerClass = SBHMultiplexingViewController;
    event = ViewDidDisappear;
}
10:02:30.150 WebDriverAgentRunner-Runner[1852:332519] Handling kAXUserTestingNotification
10:02:30.151 WebDriverAgentRunner-Runner[1852:332519] Received kAXUserTestingNotification from AX element pid: 174, elementOrHash.elementID: 0.1: {
    controllerClass = SBHWidgetViewController;
    event = ViewDidDisappear;
}
10:02:30.151 WebDriverAgentRunner-Runner[1852:332519] Handling kAXUserTestingNotification
10:02:30.151 WebDriverAgentRunner-Runner[1852:332519] Received kAXUserTestingNotification from AX element pid: 174, elementOrHash.elementID: 0.1: {
    controllerClass = SBHWidgetStackViewController;
    event = ViewDidDisappear;
}
10:02:30.151 WebDriverAgentRunner-Runner[1852:332519] Handling kAXUserTestingNotification
10:02:30.151 WebDriverAgentRunner-Runner[1852:332519] Received kAXUserTestingNotification from AX element pid: 174, elementOrHash.elementID: 0.1: {
    controllerClass = SBHWidgetContainerViewController;
    event = ViewDidDisappear;
}
10:02:30.151 WebDriverAgentRunner-Runner[1852:332519] Handling kAXUserTestingNotification
10:02:30.151 WebDriverAgentRunner-Runner[1852:332519] Received kAXUserTestingNotification from AX element pid: 174, elementOrHash.elementID: 0.1: {
    controllerClass = SBHMultiplexingViewController;
    event = ViewDidDisappear;
}
10:02:30.151 WebDriverAgentRunner-Runner[1852:332519] Handling kAXUserTestingNotification
10:02:30.152 WebDriverAgentRunner-Runner[1852:332519] Received kAXUserTestingNotification from AX element pid: 174, elementOrHash.elementID: 0.1: {
    controllerClass = SBHWidgetViewController;
    event = ViewDidDisappear;
}
10:02:30.152 WebDriverAgentRunner-Runner[1852:332519] Handling kAXUserTestingNotification
10:02:30.152 WebDriverAgentRunner-Runner[1852:332519] Received kAXUserTestingNotification from AX element pid: 174, elementOrHash.elementID: 0.1: {
    controllerClass = SBHWidgetStackViewController;
    event = ViewDidDisappear;
}
10:02:30.152 WebDriverAgentRunner-Runner[1852:332519] Handling kAXUserTestingNotification
10:02:30.152 WebDriverAgentRunner-Runner[1852:332519] Received kAXUserTestingNotification from AX element pid: 174, elementOrHash.elementID: 0.1: {
    controllerClass = SBHWidgetContainerViewController;
    event = ViewDidDisappear;
}
10:02:30.152 WebDriverAgentRunner-Runner[1852:332519] Handling kAXUserTestingNotification
10:02:30.152 WebDriverAgentRunner-Runner[1852:332519] Received kAXUserTestingNotification from AX element pid: 174, elementOrHash.elementID: 0.1: {
    controllerClass = SBHMultiplexingViewController;
    event = ViewDidDisappear;
}
10:02:30.153 WebDriverAgentRunner-Runner[1852:332519] Handling kAXUserTestingNotification
10:02:30.153 WebDriverAgentRunner-Runner[1852:332519] Received kAXUserTestingNotification from AX element pid: 174, elementOrHash.elementID: 0.1: {
    controllerClass = SBHWidgetViewController;
    event = ViewDidDisappear;
}
10:02:30.153 WebDriverAgentRunner-Runner[1852:332519] Handling kAXUserTestingNotification
10:02:30.153 WebDriverAgentRunner-Runner[1852:332519] Received kAXUserTestingNotification from AX element pid: 174, elementOrHash.elementID: 0.1: {
    controllerClass = SBHWidgetStackViewController;
    event = ViewDidDisappear;
}
10:02:30.153 WebDriverAgentRunner-Runner[1852:332519] Handling kAXUserTestingNotification
10:02:30.153 WebDriverAgentRunner-Runner[1852:332519] Received kAXUserTestingNotification from AX element pid: 174, elementOrHash.elementID: 0.1: {
    controllerClass = SBHWidgetContainerViewController;
    event = ViewDidDisappear;
}
10:02:30.154 WebDriverAgentRunner-Runner[1852:332519] Handling kAXUserTestingNotification
10:02:30.154 WebDriverAgentRunner-Runner[1852:332519] Received kAXUserTestingNotification from AX element pid: 174, elementOrHash.elementID: 0.1: {
    controllerClass = SBHMultiplexingViewController;
    event = ViewDidDisappear;
}
10:02:30.154 WebDriverAgentRunner-Runner[1852:332519] Handling kAXUserTestingNotification
10:02:30.154 WebDriverAgentRunner-Runner[1852:332519] Received kAXUserTestingNotification from AX element pid: 174, elementOrHash.elementID: 0.1: {
    controllerClass = SBHWidgetViewController;
    event = ViewDidDisappear;
}
10:02:30.154 WebDriverAgentRunner-Runner[1852:332519] Handling kAXUserTestingNotification
10:02:30.154 WebDriverAgentRunner-Runner[1852:332519] Received kAXUserTestingNotification from AX element pid: 174, elementOrHash.elementID: 0.1: {
    controllerClass = SBHWidgetStackViewController;
    event = ViewDidDisappear;
}
10:02:30.155 WebDriverAgentRunner-Runner[1852:332519] Handling kAXUserTestingNotification
10:02:30.155 WebDriverAgentRunner-Runner[1852:332519] Received kAXUserTestingNotification from AX element pid: 174, elementOrHash.elementID: 0.1: {
    controllerClass = SBHWidgetContainerViewController;
    event = ViewDidDisappear;
}
10:02:30.155 WebDriverAgentRunner-Runner[1852:332519] Handling kAXUserTestingNotification
10:02:30.156 WebDriverAgentRunner-Runner[1852:332519] Received kAXUserTestingNotification from AX element pid: 174, elementOrHash.elementID: 0.1: {
    controllerClass = SBHMultiplexingViewController;
    event = ViewDidDisappear;
}
10:02:30.156 WebDriverAgentRunner-Runner[1852:332519] Handling kAXUserTestingNotification
10:02:30.156 WebDriverAgentRunner-Runner[1852:332519] Received kAXUserTestingNotification from AX element pid: 174, elementOrHash.elementID: 0.1: {
    controllerClass = SBHWidgetViewController;
    event = ViewDidDisappear;
}
10:02:30.157 WebDriverAgentRunner-Runner[1852:332519] Handling kAXUserTestingNotification
10:02:30.157 WebDriverAgentRunner-Runner[1852:332519] Received kAXUserTestingNotification from AX element pid: 174, elementOrHash.elementID: 0.1: {
    controllerClass = SBHWidgetStackViewController;
    event = ViewDidDisappear;
}
10:02:30.158 WebDriverAgentRunner-Runner[1852:332519] Handling kAXUserTestingNotification
10:02:30.158 WebDriverAgentRunner-Runner[1852:332519] Received kAXUserTestingNotification from AX element pid: 174, elementOrHash.elementID: 0.1: {
    controllerClass = SBHWidgetContainerViewController;
    event = ViewDidDisappear;
}
10:02:30.158 WebDriverAgentRunner-Runner[1852:332519] Handling kAXUserTestingNotification
10:02:30.158 WebDriverAgentRunner-Runner[1852:332519] Received kAXUserTestingNotification from AX element pid: 174, elementOrHash.elementID: 0.1: {
    controllerClass = SBHMultiplexingViewController;
    event = ViewDidDisappear;
}
10:02:30.159 WebDriverAgentRunner-Runner[1852:332519] Handling kAXUserTestingNotification
10:02:30.159 WebDriverAgentRunner-Runner[1852:332519] Received kAXUserTestingNotification from AX element pid: 174, elementOrHash.elementID: 0.1: {
    controllerClass = SBHWidgetViewController;
    event = ViewDidDisappear;
}
10:02:30.159 WebDriverAgentRunner-Runner[1852:332519] Handling kAXUserTestingNotification
10:02:30.160 WebDriverAgentRunner-Runner[1852:332519] Received kAXUserTestingNotification from AX element pid: 174, elementOrHash.elementID: 0.1: {
    controllerClass = SBHomeScreenOverlayViewController;
    event = ViewDidDisappear;
}
10:02:30.160 WebDriverAgentRunner-Runner[1852:332519] Handling kAXUserTestingNotification
10:02:30.160 WebDriverAgentRunner-Runner[1852:332519] Received kAXUserTestingNotification from AX element pid: 174, elementOrHash.elementID: 0.1: {
    controllerClass = SBHRootSidebarController;
    event = ViewDidDisappear;
}
10:02:30.161 WebDriverAgentRunner-Runner[1852:332519] Handling kAXUserTestingNotification
10:02:30.161 WebDriverAgentRunner-Runner[1852:332519] Received kAXUserTestingNotification from AX element pid: 174, elementOrHash.elementID: 0.1: {
    controllerClass = SBTodayViewController;
    event = ViewDidDisappear;
}
10:02:30.161 WebDriverAgentRunner-Runner[1852:332519] Handling kAXUserTestingNotification
10:02:30.162 WebDriverAgentRunner-Runner[1852:332519] Received kAXUserTestingNotification from AX element pid: 308, elementOrHash.elementID: 0.1: {
    controllerClass = "WidgetRenderer.WidgetSceneContentViewController";
    event = ViewDidDisappear;
}
10:02:30.162 WebDriverAgentRunner-Runner[1852:332519] Handling kAXUserTestingNotification
10:02:30.162 WebDriverAgentRunner-Runner[1852:332519] Received kAXUserTestingNotification from AX element pid: 308, elementOrHash.elementID: 0.1: {
    controllerClass = "WidgetRenderer.SecureHostingController";
    event = ViewDidDisappear;
}
10:02:30.163 WebDriverAgentRunner-Runner[1852:332519] Handling kAXUserTestingNotification
10:02:30.164 WebDriverAgentRunner-Runner[1852:332519] Received kAXUserTestingNotification from AX element pid: 308, elementOrHash.elementID: 0.1: {
    controllerClass = "WidgetRenderer.WidgetSceneContentViewController";
    event = ViewDidDisappear;
}
10:02:30.164 WebDriverAgentRunner-Runner[1852:332519] Handling kAXUserTestingNotification
10:02:30.165 WebDriverAgentRunner-Runner[1852:332519] Received kAXUserTestingNotification from AX element pid: 308, elementOrHash.elementID: 0.1: {
    controllerClass = "WidgetRenderer.SecureHostingController";
    event = ViewDidDisappear;
}
10:02:30.167 WebDriverAgentRunner-Runner[1852:332519] Handling kAXUserTestingNotification
10:02:30.168 WebDriverAgentRunner-Runner[1852:332519] Received kAXUserTestingNotification from AX element pid: 308, elementOrHash.elementID: 0.1: {
    controllerClass = "WidgetRenderer.WidgetSceneContentViewController";
    event = ViewDidDisappear;
}
10:02:30.168 WebDriverAgentRunner-Runner[1852:332519] Handling kAXUserTestingNotification
10:02:30.168 WebDriverAgentRunner-Runner[1852:332519] Received kAXUserTestingNotification from AX element pid: 308, elementOrHash.elementID: 0.1: {
    controllerClass = "WidgetRenderer.SecureHostingController";
    event = ViewDidDisappear;
}
10:02:30.169 WebDriverAgentRunner-Runner[1852:332519] Handling kAXUserTestingNotification
10:02:30.169 WebDriverAgentRunner-Runner[1852:332519] Received kAXUserTestingNotification from AX element pid: 174, elementOrHash.elementID: 0.1: {
    controllerClass = SBHWidgetStackViewController;
    event = ViewDidDisappear;
}
10:02:30.170 WebDriverAgentRunner-Runner[1852:332519] Handling kAXUserTestingNotification
10:02:30.170 WebDriverAgentRunner-Runner[1852:332519] Received kAXUserTestingNotification from AX element pid: 174, elementOrHash.elementID: 0.1: {
    controllerClass = SBHWidgetContainerViewController;
    event = ViewDidDisappear;
}
10:02:30.170 WebDriverAgentRunner-Runner[1852:332519] Handling kAXUserTestingNotification
10:02:30.171 WebDriverAgentRunner-Runner[1852:332519] Received kAXUserTestingNotification from AX element pid: 174, elementOrHash.elementID: 0.1: {
    controllerClass = SBHMultiplexingViewController;
    event = ViewDidDisappear;
}
10:02:30.172 WebDriverAgentRunner-Runner[1852:332519] Handling kAXUserTestingNotification
10:02:30.173 WebDriverAgentRunner-Runner[1852:332519] Received kAXUserTestingNotification from AX element pid: 174, elementOrHash.elementID: 0.1: {
    controllerClass = SBHWidgetViewController;
    event = ViewDidDisappear;
}
10:02:30.173 WebDriverAgentRunner-Runner[1852:332519] Handling kAXUserTestingNotification
10:02:30.174 WebDriverAgentRunner-Runner[1852:332519] Received kAXUserTestingNotification from AX element pid: 174, elementOrHash.elementID: 0.1: {
    controllerClass = SBHWidgetStackViewController;
    event = ViewDidDisappear;
}
10:02:30.174 WebDriverAgentRunner-Runner[1852:332519] Handling kAXUserTestingNotification
10:02:30.175 WebDriverAgentRunner-Runner[1852:332519] Received kAXUserTestingNotification from AX element pid: 174, elementOrHash.elementID: 0.1: {
    controllerClass = SBHWidgetContainerViewController;
    event = ViewDidDisappear;
}
10:02:30.176 WebDriverAgentRunner-Runner[1852:332519] Handling kAXUserTestingNotification
10:02:30.177 WebDriverAgentRunner-Runner[1852:332519] Received kAXUserTestingNotification from AX element pid: 174, elementOrHash.elementID: 0.1: {
    controllerClass = SBHMultiplexingViewController;
    event = ViewDidDisappear;
}
10:02:30.177 WebDriverAgentRunner-Runner[1852:332519] Handling kAXUserTestingNotification
10:02:30.177 WebDriverAgentRunner-Runner[1852:332519] Received kAXUserTestingNotification from AX element pid: 174, elementOrHash.elementID: 0.1: {
    controllerClass = SBHWidgetViewController;
    event = ViewDidDisappear;
}
10:02:30.178 WebDriverAgentRunner-Runner[1852:332519] Handling kAXUserTestingNotification
10:02:30.178 WebDriverAgentRunner-Runner[1852:332519] Received kAXUserTestingNotification from AX element pid: 308, elementOrHash.elementID: 0.1: {
    controllerClass = "WidgetRenderer.WidgetSceneContentViewController";
    event = ViewDidDisappear;
}
10:02:30.178 WebDriverAgentRunner-Runner[1852:332519] Handling kAXUserTestingNotification
10:02:30.178 WebDriverAgentRunner-Runner[1852:332519] Received kAXUserTestingNotification from AX element pid: 308, elementOrHash.elementID: 0.1: {
    controllerClass = "WidgetRenderer.SecureHostingController";
    event = ViewDidDisappear;
}
10:02:30.178 WebDriverAgentRunner-Runner[1852:332519] Handling kAXUserTestingNotification
10:02:30.179 WebDriverAgentRunner-Runner[1852:332519] Received kAXUserTestingNotification from AX element pid: 174, elementOrHash.elementID: 0.1: {
    controllerClass = SBHWidgetStackViewController;
    event = ViewDidDisappear;
}
10:02:30.179 WebDriverAgentRunner-Runner[1852:332519] Handling kAXUserTestingNotification
10:02:30.179 WebDriverAgentRunner-Runner[1852:332519] Received kAXUserTestingNotification from AX element pid: 308, elementOrHash.elementID: 0.1: {
    controllerClass = "WidgetRenderer.WidgetSceneContentViewController";
    event = ViewDidDisappear;
}
10:02:30.180 WebDriverAgentRunner-Runner[1852:332519] Handling kAXUserTestingNotification
10:02:30.180 WebDriverAgentRunner-Runner[1852:332519] Received kAXUserTestingNotification from AX element pid: 174, elementOrHash.elementID: 0.1: {
    controllerClass = SBHWidgetContainerViewController;
    event = ViewDidDisappear;
}
10:02:30.180 WebDriverAgentRunner-Runner[1852:332519] Handling kAXUserTestingNotification
10:02:30.181 WebDriverAgentRunner-Runner[1852:332519] Received kAXUserTestingNotification from AX element pid: 308, elementOrHash.elementID: 0.1: {
    controllerClass = "WidgetRenderer.SecureHostingController";
    event = ViewDidDisappear;
}
10:02:30.182 WebDriverAgentRunner-Runner[1852:332519] Handling kAXUserTestingNotification
10:02:30.182 WebDriverAgentRunner-Runner[1852:332519] Received kAXUserTestingNotification from AX element pid: 174, elementOrHash.elementID: 0.1: {
    controllerClass = SBHMultiplexingViewController;
    event = ViewDidDisappear;
}
10:02:30.183 WebDriverAgentRunner-Runner[1852:332519] Handling kAXUserTestingNotification
10:02:30.184 WebDriverAgentRunner-Runner[1852:332519] Received kAXUserTestingNotification from AX element pid: 174, elementOrHash.elementID: 0.1: {
    controllerClass = SBHWidgetViewController;
    event = ViewDidDisappear;
}
10:02:30.185 WebDriverAgentRunner-Runner[1852:332519] Handling kAXUserTestingNotification
10:02:30.185 WebDriverAgentRunner-Runner[1852:332519] Received kAXUserTestingNotification from AX element pid: 308, elementOrHash.elementID: 0.1: {
    controllerClass = "WidgetRenderer.WidgetSceneContentViewController";
    event = ViewDidDisappear;
}
10:02:30.186 WebDriverAgentRunner-Runner[1852:332519] Handling kAXUserTestingNotification
10:02:30.186 WebDriverAgentRunner-Runner[1852:332519] Received kAXUserTestingNotification from AX element pid: 308, elementOrHash.elementID: 0.1: {
    controllerClass = "WidgetRenderer.SecureHostingController";
    event = ViewDidDisappear;
}
10:02:30.187 WebDriverAgentRunner-Runner[1852:332519] Handling kAXUserTestingNotification
10:02:30.188 WebDriverAgentRunner-Runner[1852:332519] Received kAXUserTestingNotification from AX element pid: 308, elementOrHash.elementID: 0.1: {
    controllerClass = "WidgetRenderer.WidgetSceneContentViewController";
    event = ViewDidDisappear;
}
10:02:30.188 WebDriverAgentRunner-Runner[1852:332519] Handling kAXUserTestingNotification
10:02:30.189 WebDriverAgentRunner-Runner[1852:332519] Received kAXUserTestingNotification from AX element pid: 308, elementOrHash.elementID: 0.1: {
    controllerClass = "WidgetRenderer.SecureHostingController";
    event = ViewDidDisappear;
}
10:02:30.189 WebDriverAgentRunner-Runner[1852:332519] Handling kAXUserTestingNotification
10:02:30.189 WebDriverAgentRunner-Runner[1852:332519] Received kAXUserTestingNotification from AX element pid: 308, elementOrHash.elementID: 0.1: {
    controllerClass = "WidgetRenderer.WidgetSceneContentViewController";
    event = ViewDidDisappear;
}
10:02:30.190 WebDriverAgentRunner-Runner[1852:332519] Handling kAXUserTestingNotification
10:02:30.191 WebDriverAgentRunner-Runner[1852:332519] Received kAXUserTestingNotification from AX element pid: 308, elementOrHash.elementID: 0.1: {
    controllerClass = "WidgetRenderer.SecureHostingController";
    event = ViewDidDisappear;
}
10:02:30.191 WebDriverAgentRunner-Runner[1852:332519] Handling kAXUserTestingNotification
10:02:30.192 WebDriverAgentRunner-Runner[1852:332519] Received kAXUserTestingNotification from AX element pid: 308, elementOrHash.elementID: 0.1: {
    controllerClass = "WidgetRenderer.ZStackContainerViewController";
    event = ViewDidDisappear;
}
10:02:30.193 WebDriverAgentRunner-Runner[1852:332519] Handling kAXUserTestingNotification
10:02:30.193 WebDriverAgentRunner-Runner[1852:332519] Received kAXUserTestingNotification from AX element pid: 308, elementOrHash.elementID: 0.1: {
    controllerClass = "WidgetRenderer.ZStackContainerViewController";
    event = ViewDidDisappear;
}
10:02:30.193 WebDriverAgentRunner-Runner[1852:332519] Handling kAXUserTestingNotification
10:02:30.194 WebDriverAgentRunner-Runner[1852:332519] Received kAXUserTestingNotification from AX element pid: 308, elementOrHash.elementID: 0.1: {
    controllerClass = "WidgetRenderer.WidgetSceneContentViewController";
    event = ViewDidDisappear;
}
10:02:30.194 WebDriverAgentRunner-Runner[1852:332519] Handling kAXUserTestingNotification
10:02:30.194 WebDriverAgentRunner-Runner[1852:332519] Received kAXUserTestingNotification from AX element pid: 308, elementOrHash.elementID: 0.1: {
    controllerClass = "WidgetRenderer.SecureHostingController";
    event = ViewDidDisappear;
}
10:02:30.194 WebDriverAgentRunner-Runner[1852:332519] Handling kAXUserTestingNotification
10:02:30.195 WebDriverAgentRunner-Runner[1852:332519] Received kAXUserTestingNotification from AX element pid: 308, elementOrHash.elementID: 0.1: {
    controllerClass = "WidgetRenderer.WidgetSceneContentViewController";
    event = ViewDidDisappear;
}
10:02:30.195 WebDriverAgentRunner-Runner[1852:332519] Handling kAXUserTestingNotification
10:02:30.195 WebDriverAgentRunner-Runner[1852:332519] Received kAXUserTestingNotification from AX element pid: 308, elementOrHash.elementID: 0.1: {
    controllerClass = "WidgetRenderer.SecureHostingController";
    event = ViewDidDisappear;
}
10:02:30.195 WebDriverAgentRunner-Runner[1852:332519] Handling kAXUserTestingNotification
10:02:30.195 WebDriverAgentRunner-Runner[1852:332519] Received kAXUserTestingNotification from AX element pid: 308, elementOrHash.elementID: 0.1: {
    controllerClass = "WidgetRenderer.WidgetSceneContentViewController";
    event = ViewDidDisappear;
}
10:02:30.196 WebDriverAgentRunner-Runner[1852:332519] Handling kAXUserTestingNotification
10:02:30.196 WebDriverAgentRunner-Runner[1852:332519] Received kAXUserTestingNotification from AX element pid: 308, elementOrHash.elementID: 0.1: {
    controllerClass = "WidgetRenderer.SecureHostingController";
    event = ViewDidDisappear;
}
10:02:30.482 WebDriverAgentRunner-Runner[1852:332518] Handling kAXUserTestingNotification
10:02:30.483 WebDriverAgentRunner-Runner[1852:332518] Received kAXUserTestingNotification from AX element pid: 174, elementOrHash.elementID: 0.1: {
    controllerClass = SBHWidgetStackViewController;
    event = ViewDidDisappear;
}
10:02:30.483 WebDriverAgentRunner-Runner[1852:332518] Handling kAXUserTestingNotification
10:02:30.483 WebDriverAgentRunner-Runner[1852:332518] Received kAXUserTestingNotification from AX element pid: 174, elementOrHash.elementID: 0.1: {
    controllerClass = SBHWidgetContainerViewController;
    event = ViewDidDisappear;
}
10:02:30.484 WebDriverAgentRunner-Runner[1852:332518] Handling kAXUserTestingNotification
10:02:30.484 WebDriverAgentRunner-Runner[1852:332518] Received kAXUserTestingNotification from AX element pid: 174, elementOrHash.elementID: 0.1: {
    controllerClass = SBHMultiplexingViewController;
    event = ViewDidDisappear;
}
10:02:30.484 WebDriverAgentRunner-Runner[1852:332518] Handling kAXUserTestingNotification
10:02:30.484 WebDriverAgentRunner-Runner[1852:332518] Received kAXUserTestingNotification from AX element pid: 174, elementOrHash.elementID: 0.1: {
    controllerClass = SBHWidgetViewController;
    event = ViewDidDisappear;
}
10:02:30.500 WebDriverAgentRunner-Runner[1852:332518] Handling kAXUserTestingNotification
10:02:30.500 WebDriverAgentRunner-Runner[1852:332518] Received kAXUserTestingNotification from AX element pid: 308, elementOrHash.elementID: 0.1: {
    controllerClass = "WidgetRenderer.ZStackContainerViewController";
    event = ViewDidDisappear;
}
10:02:30.501 WebDriverAgentRunner-Runner[1852:329632] Handling kAXUserTestingNotification
10:02:30.501 WebDriverAgentRunner-Runner[1852:329632] Received kAXUserTestingNotification from AX element pid: 308, elementOrHash.elementID: 0.1: {
    controllerClass = "WidgetRenderer.WidgetSceneContentViewController";
    event = ViewDidDisappear;
}
10:02:30.501 WebDriverAgentRunner-Runner[1852:329632] Handling kAXUserTestingNotification
10:02:30.501 WebDriverAgentRunner-Runner[1852:329632] Received kAXUserTestingNotification from AX element pid: 308, elementOrHash.elementID: 0.1: {
    controllerClass = "WidgetRenderer.SecureHostingController";
    event = ViewDidDisappear;
}
10:02:34.291 WebDriverAgentRunner-Runner[1852:332516] Handling kAXUserTestingNotification
10:02:34.292 WebDriverAgentRunner-Runner[1852:332516] Received kAXUserTestingNotification from AX element pid: 174, elementOrHash.elementID: 0.1: {
    controllerClass = SBHWidgetViewController;
    event = ViewDidAppear;
}
10:02:34.292 WebDriverAgentRunner-Runner[1852:332516] Handling kAXUserTestingNotification
10:02:34.292 WebDriverAgentRunner-Runner[1852:332516] Received kAXUserTestingNotification from AX element pid: 174, elementOrHash.elementID: 0.1: {
    controllerClass = SBHWidgetContainerViewController;
    event = ViewDidAppear;
}
10:02:34.292 WebDriverAgentRunner-Runner[1852:332516] Handling kAXUserTestingNotification
10:02:34.293 WebDriverAgentRunner-Runner[1852:332516] Received kAXUserTestingNotification from AX element pid: 174, elementOrHash.elementID: 0.1: {
    controllerClass = SBHMultiplexingViewController;
    event = ViewDidAppear;
}
10:02:34.293 WebDriverAgentRunner-Runner[1852:332516] Handling kAXUserTestingNotification
10:02:34.293 WebDriverAgentRunner-Runner[1852:332516] Received kAXUserTestingNotification from AX element pid: 174, elementOrHash.elementID: 0.1: {
    controllerClass = SBHWidgetStackViewController;
    event = ViewDidAppear;
}
10:02:34.320 WebDriverAgentRunner-Runner[1852:329941] Handling kAXUserTestingNotification
10:02:34.320 WebDriverAgentRunner-Runner[1852:329941] Received kAXUserTestingNotification from AX element pid: 308, elementOrHash.elementID: 0.1: {
    controllerClass = "WidgetRenderer.WidgetSceneContentViewController";
    event = ViewDidAppear;
}
10:02:34.320 WebDriverAgentRunner-Runner[1852:329941] Handling kAXUserTestingNotification
10:02:34.320 WebDriverAgentRunner-Runner[1852:329941] Received kAXUserTestingNotification from AX element pid: 308, elementOrHash.elementID: 0.1: {
    controllerClass = "WidgetRenderer.SecureHostingController";
    event = ViewDidAppear;
}
10:02:34.789 WebDriverAgentRunner-Runner[1852:329941] Handling kAXPidStatusChangedNotification
10:02:34.789 WebDriverAgentRunner-Runner[1852:329941] Got kAXPidStatusChangedNotification for pid 1873: active
10:02:35.175 WebDriverAgentRunner-Runner[1852:329613] No application process found matching pid 1873, caching
10:02:36.357 WebDriverAgentRunner-Runner[1852:329941] Handling kAXUserTestingNotification
10:02:36.357 WebDriverAgentRunner-Runner[1852:329941] Received kAXUserTestingNotification from AX element pid: 174, elementOrHash.elementID: 0.1: {
    controllerClass = SBHWidgetStackViewController;
    event = ViewDidDisappear;
}
10:02:36.358 WebDriverAgentRunner-Runner[1852:329941] Handling kAXUserTestingNotification
10:02:36.358 WebDriverAgentRunner-Runner[1852:329941] Received kAXUserTestingNotification from AX element pid: 174, elementOrHash.elementID: 0.1: {
    controllerClass = SBHWidgetContainerViewController;
    event = ViewDidDisappear;
}
10:02:36.358 WebDriverAgentRunner-Runner[1852:329941] Handling kAXUserTestingNotification
10:02:36.358 WebDriverAgentRunner-Runner[1852:329941] Received kAXUserTestingNotification from AX element pid: 174, elementOrHash.elementID: 0.1: {
    controllerClass = SBHMultiplexingViewController;
    event = ViewDidDisappear;
}
10:02:36.358 WebDriverAgentRunner-Runner[1852:329941] Handling kAXUserTestingNotification
10:02:36.358 WebDriverAgentRunner-Runner[1852:329941] Received kAXUserTestingNotification from AX element pid: 174, elementOrHash.elementID: 0.1: {
    controllerClass = SBHWidgetViewController;
    event = ViewDidDisappear;
}
10:02:36.384 WebDriverAgentRunner-Runner[1852:332516] Handling kAXUserTestingNotification
10:02:36.384 WebDriverAgentRunner-Runner[1852:332516] Received kAXUserTestingNotification from AX element pid: 308, elementOrHash.elementID: 0.1: {
    controllerClass = "WidgetRenderer.WidgetSceneContentViewController";
    event = ViewDidDisappear;
}
10:02:36.384 WebDriverAgentRunner-Runner[1852:332516] Handling kAXUserTestingNotification
10:02:36.384 WebDriverAgentRunner-Runner[1852:332516] Received kAXUserTestingNotification from AX element pid: 308, elementOrHash.elementID: 0.1: {
    controllerClass = "WidgetRenderer.SecureHostingController";
    event = ViewDidDisappear;
}
10:02:36.438 WebDriverAgentRunner-Runner[1852:329941] Handling kAXUserTestingNotification
10:02:36.439 WebDriverAgentRunner-Runner[1852:329941] Received kAXUserTestingNotification from AX element pid: 174, elementOrHash.elementID: 0.1: {
    controllerClass = SBHWidgetViewController;
    event = ViewDidAppear;
}
10:02:36.439 WebDriverAgentRunner-Runner[1852:329941] Handling kAXUserTestingNotification
10:02:36.439 WebDriverAgentRunner-Runner[1852:329941] Received kAXUserTestingNotification from AX element pid: 174, elementOrHash.elementID: 0.1: {
    controllerClass = SBHWidgetContainerViewController;
    event = ViewDidAppear;
}
10:02:36.439 WebDriverAgentRunner-Runner[1852:329941] Handling kAXUserTestingNotification
10:02:36.439 WebDriverAgentRunner-Runner[1852:329941] Received kAXUserTestingNotification from AX element pid: 174, elementOrHash.elementID: 0.1: {
    controllerClass = SBHMultiplexingViewController;
    event = ViewDidAppear;
}
10:02:36.439 WebDriverAgentRunner-Runner[1852:329941] Handling kAXUserTestingNotification
10:02:36.439 WebDriverAgentRunner-Runner[1852:329941] Received kAXUserTestingNotification from AX element pid: 174, elementOrHash.elementID: 0.1: {
    controllerClass = SBHWidgetStackViewController;
    event = ViewDidAppear;
}
10:02:36.464 WebDriverAgentRunner-Runner[1852:332522] Handling kAXUserTestingNotification
10:02:36.464 WebDriverAgentRunner-Runner[1852:332522] Received kAXUserTestingNotification from AX element pid: 308, elementOrHash.elementID: 0.1: {
    controllerClass = "WidgetRenderer.WidgetSceneContentViewController";
    event = ViewDidAppear;
}
10:02:36.464 WebDriverAgentRunner-Runner[1852:332522] Handling kAXUserTestingNotification
10:02:36.464 WebDriverAgentRunner-Runner[1852:332522] Received kAXUserTestingNotification from AX element pid: 308, elementOrHash.elementID: 0.1: {
    controllerClass = "WidgetRenderer.SecureHostingController";
    event = ViewDidAppear;
}
10:02:37.390 WebDriverAgentRunner-Runner[1852:329632] Handling kAXUserTestingNotification
10:02:37.390 WebDriverAgentRunner-Runner[1852:329632] Received kAXUserTestingNotification from AX element pid: 174, elementOrHash.elementID: 0.1: {
    controllerClass = SBHWidgetStackViewController;
    event = ViewDidDisappear;
}
10:02:37.390 WebDriverAgentRunner-Runner[1852:329632] Handling kAXUserTestingNotification
10:02:37.390 WebDriverAgentRunner-Runner[1852:329632] Received kAXUserTestingNotification from AX element pid: 174, elementOrHash.elementID: 0.1: {
    controllerClass = SBHWidgetContainerViewController;
    event = ViewDidDisappear;
}
10:02:37.391 WebDriverAgentRunner-Runner[1852:332516] Handling kAXUserTestingNotification
10:02:37.391 WebDriverAgentRunner-Runner[1852:332516] Received kAXUserTestingNotification from AX element pid: 174, elementOrHash.elementID: 0.1: {
    controllerClass = SBHMultiplexingViewController;
    event = ViewDidDisappear;
}
10:02:37.391 WebDriverAgentRunner-Runner[1852:332516] Handling kAXUserTestingNotification
10:02:37.391 WebDriverAgentRunner-Runner[1852:332516] Received kAXUserTestingNotification from AX element pid: 174, elementOrHash.elementID: 0.1: {
    controllerClass = SBHWidgetViewController;
    event = ViewDidDisappear;
}
10:02:37.405 WebDriverAgentRunner-Runner[1852:332516] Handling kAXUserTestingNotification
10:02:37.405 WebDriverAgentRunner-Runner[1852:332516] Received kAXUserTestingNotification from AX element pid: 174, elementOrHash.elementID: 0.1: {
    event = TouchEventsCompleted;
}
10:02:37.405 WebDriverAgentRunner-Runner[1852:332516] Handling kAXUserTestingNotification
10:02:37.405 WebDriverAgentRunner-Runner[1852:332516] Received kAXUserTestingNotification from AX element pid: 174, elementOrHash.elementID: 0.1: {
    event = TouchEventsCompleted;
}
10:02:37.409 WebDriverAgentRunner-Runner[1852:329632] Handling kAXUserTestingNotification
10:02:37.409 WebDriverAgentRunner-Runner[1852:329632] Received kAXUserTestingNotification from AX element pid: 308, elementOrHash.elementID: 0.1: {
    controllerClass = "WidgetRenderer.WidgetSceneContentViewController";
    event = ViewDidDisappear;
}
10:02:37.410 WebDriverAgentRunner-Runner[1852:329632] Handling kAXUserTestingNotification
10:02:37.410 WebDriverAgentRunner-Runner[1852:329632] Received kAXUserTestingNotification from AX element pid: 308, elementOrHash.elementID: 0.1: {
    controllerClass = "WidgetRenderer.SecureHostingController";
    event = ViewDidDisappear;
}
10:02:38.292 WebDriverAgentRunner-Runner[1852:329941] Handling kAXUserTestingNotification
10:02:38.292 WebDriverAgentRunner-Runner[1852:329941] Received kAXUserTestingNotification from AX element pid: 174, elementOrHash.elementID: 0.1: {
    event = TouchEventsCompleted;
}
10:02:38.293 WebDriverAgentRunner-Runner[1852:329941] Handling kAXUserTestingNotification
10:02:38.293 WebDriverAgentRunner-Runner[1852:329941] Received kAXUserTestingNotification from AX element pid: 174, elementOrHash.elementID: 0.1: {
    event = TouchEventsCompleted;
}
10:02:40.725 WebDriverAgentRunner-Runner[1852:329632] Handling kAXPidStatusChangedNotification
10:02:40.725 WebDriverAgentRunner-Runner[1852:329632] Got kAXPidStatusChangedNotification for pid 308: active
10:02:41.166 WebDriverAgentRunner-Runner[1852:329613] No application process found matching pid 308, caching
10:02:49.859 WebDriverAgentRunner-Runner[1852:331607] Handling kAXPidStatusChangedNotification
10:02:49.859 WebDriverAgentRunner-Runner[1852:331607] Got kAXPidStatusChangedNotification for pid 308: active
10:02:49.861 WebDriverAgentRunner-Runner[1852:329632] Handling kAXUserTestingNotification
10:02:49.861 WebDriverAgentRunner-Runner[1852:329632] Received kAXUserTestingNotification from AX element pid: 174, elementOrHash.elementID: 0.1: {
    controllerClass = SBHWidgetViewController;
    event = ViewDidAppear;
}
10:02:49.861 WebDriverAgentRunner-Runner[1852:329632] Handling kAXUserTestingNotification
10:02:49.861 WebDriverAgentRunner-Runner[1852:329632] Received kAXUserTestingNotification from AX element pid: 174, elementOrHash.elementID: 0.1: {
    controllerClass = SBHWidgetContainerViewController;
    event = ViewDidAppear;
}
10:02:49.862 WebDriverAgentRunner-Runner[1852:329632] Handling kAXUserTestingNotification
10:02:49.862 WebDriverAgentRunner-Runner[1852:329632] Received kAXUserTestingNotification from AX element pid: 174, elementOrHash.elementID: 0.1: {
    controllerClass = SBHMultiplexingViewController;
    event = ViewDidAppear;
}
10:02:49.862 WebDriverAgentRunner-Runner[1852:329632] Handling kAXUserTestingNotification
10:02:49.862 WebDriverAgentRunner-Runner[1852:329632] Received kAXUserTestingNotification from AX element pid: 174, elementOrHash.elementID: 0.1: {
    controllerClass = SBHWidgetStackViewController;
    event = ViewDidAppear;
}
10:02:49.914 WebDriverAgentRunner-Runner[1852:332702] Handling kAXUserTestingNotification
10:02:49.915 WebDriverAgentRunner-Runner[1852:332702] Received kAXUserTestingNotification from AX element pid: 308, elementOrHash.elementID: 0.1: {
    controllerClass = "WidgetRenderer.DebugOverlayViewController";
    event = ViewDidAppear;
}
10:02:49.915 WebDriverAgentRunner-Runner[1852:332702] Handling kAXUserTestingNotification
10:02:49.915 WebDriverAgentRunner-Runner[1852:332702] Received kAXUserTestingNotification from AX element pid: 308, elementOrHash.elementID: 0.1: {
    controllerClass = "WidgetRenderer.WidgetSceneContentViewController";
    event = ViewDidAppear;
}
10:02:49.915 WebDriverAgentRunner-Runner[1852:332702] Handling kAXUserTestingNotification
10:02:49.915 WebDriverAgentRunner-Runner[1852:332702] Received kAXUserTestingNotification from AX element pid: 308, elementOrHash.elementID: 0.1: {
    controllerClass = "WidgetRenderer.SecureHostingController";
    event = ViewDidAppear;
}
10:02:49.916 WebDriverAgentRunner-Runner[1852:332702] Handling kAXUserTestingNotification
10:02:49.916 WebDriverAgentRunner-Runner[1852:332702] Received kAXUserTestingNotification from AX element pid: 308, elementOrHash.elementID: 0.1: {
    controllerClass = "WidgetRenderer.ZStackContainerViewController";
    event = ViewDidDisappear;
}
10:02:49.916 WebDriverAgentRunner-Runner[1852:332702] Handling kAXUserTestingNotification
10:02:49.916 WebDriverAgentRunner-Runner[1852:332702] Received kAXUserTestingNotification from AX element pid: 308, elementOrHash.elementID: 0.1: {
    controllerClass = "WidgetRenderer.ZStackContainerViewController";
    event = ViewDidAppear;
}
10:02:50.126 WebDriverAgentRunner-Runner[1852:329613] No application process found matching pid 308, caching
10:02:50.554 WebDriverAgentRunner-Runner[1852:331607] Handling kAXUserTestingNotification
10:02:50.554 WebDriverAgentRunner-Runner[1852:331607] Received kAXUserTestingNotification from AX element pid: 174, elementOrHash.elementID: 0.1: {
    event = TouchEventsCompleted;
}
10:02:50.555 WebDriverAgentRunner-Runner[1852:331607] Handling kAXUserTestingNotification
10:02:50.555 WebDriverAgentRunner-Runner[1852:331607] Received kAXUserTestingNotification from AX element pid: 174, elementOrHash.elementID: 0.1: {
    event = TouchEventsCompleted;
}
10:02:50.639 WebDriverAgentRunner-Runner[1852:329632] Handling kAXUserTestingNotification
10:02:50.639 WebDriverAgentRunner-Runner[1852:329632] Received kAXUserTestingNotification from AX element pid: 174, elementOrHash.elementID: 0.1: {
    controllerClass = SBHWidgetStackViewController;
    event = ViewDidDisappear;
}
10:02:50.639 WebDriverAgentRunner-Runner[1852:329632] Handling kAXUserTestingNotification
10:02:50.639 WebDriverAgentRunner-Runner[1852:329632] Received kAXUserTestingNotification from AX element pid: 174, elementOrHash.elementID: 0.1: {
    controllerClass = SBHWidgetContainerViewController;
    event = ViewDidDisappear;
}
10:02:50.640 WebDriverAgentRunner-Runner[1852:329632] Handling kAXUserTestingNotification
10:02:50.640 WebDriverAgentRunner-Runner[1852:329632] Received kAXUserTestingNotification from AX element pid: 174, elementOrHash.elementID: 0.1: {
    controllerClass = SBHMultiplexingViewController;
    event = ViewDidDisappear;
}
10:02:50.640 WebDriverAgentRunner-Runner[1852:331607] Handling kAXUserTestingNotification
10:02:50.640 WebDriverAgentRunner-Runner[1852:331607] Received kAXUserTestingNotification from AX element pid: 174, elementOrHash.elementID: 0.1: {
    controllerClass = SBHWidgetViewController;
    event = ViewDidDisappear;
}
10:02:50.657 WebDriverAgentRunner-Runner[1852:329632] Handling kAXUserTestingNotification
10:02:50.657 WebDriverAgentRunner-Runner[1852:329632] Received kAXUserTestingNotification from AX element pid: 308, elementOrHash.elementID: 0.1: {
    controllerClass = "WidgetRenderer.WidgetSceneContentViewController";
    event = ViewDidDisappear;
}
10:02:50.657 WebDriverAgentRunner-Runner[1852:329632] Handling kAXUserTestingNotification
10:02:50.657 WebDriverAgentRunner-Runner[1852:329632] Received kAXUserTestingNotification from AX element pid: 308, elementOrHash.elementID: 0.1: {
    controllerClass = "WidgetRenderer.SecureHostingController";
    event = ViewDidDisappear;
}
10:02:50.866 WebDriverAgentRunner-Runner[1852:332702] Handling kAXPidStatusChangedNotification
10:02:50.867 WebDriverAgentRunner-Runner[1852:332702] Got kAXPidStatusChangedNotification for pid 308: active
10:02:51.034 WebDriverAgentRunner-Runner[1852:329613] No application process found matching pid 308, caching
10:03:02.103 WebDriverAgentRunner-Runner[1852:332720] Handling kAXPidStatusChangedNotification
10:03:02.103 WebDriverAgentRunner-Runner[1852:332720] Got kAXPidStatusChangedNotification for pid 308: active
10:03:02.106 WebDriverAgentRunner-Runner[1852:329941] Handling kAXUserTestingNotification
10:03:02.106 WebDriverAgentRunner-Runner[1852:329941] Received kAXUserTestingNotification from AX element pid: 174, elementOrHash.elementID: 0.1: {
    controllerClass = SBHWidgetViewController;
    event = ViewDidAppear;
}
10:03:02.106 WebDriverAgentRunner-Runner[1852:329941] Handling kAXUserTestingNotification
10:03:02.106 WebDriverAgentRunner-Runner[1852:329941] Received kAXUserTestingNotification from AX element pid: 174, elementOrHash.elementID: 0.1: {
    controllerClass = SBHWidgetContainerViewController;
    event = ViewDidAppear;
}
10:03:02.106 WebDriverAgentRunner-Runner[1852:329941] Handling kAXUserTestingNotification
10:03:02.107 WebDriverAgentRunner-Runner[1852:329941] Received kAXUserTestingNotification from AX element pid: 174, elementOrHash.elementID: 0.1: {
    controllerClass = SBHMultiplexingViewController;
    event = ViewDidAppear;
}
10:03:02.107 WebDriverAgentRunner-Runner[1852:329941] Handling kAXUserTestingNotification
10:03:02.107 WebDriverAgentRunner-Runner[1852:329941] Received kAXUserTestingNotification from AX element pid: 174, elementOrHash.elementID: 0.1: {
    controllerClass = SBHWidgetStackViewController;
    event = ViewDidAppear;
}
10:03:02.158 WebDriverAgentRunner-Runner[1852:332720] Handling kAXUserTestingNotification
10:03:02.158 WebDriverAgentRunner-Runner[1852:332720] Received kAXUserTestingNotification from AX element pid: 308, elementOrHash.elementID: 0.1: {
    controllerClass = "WidgetRenderer.DebugOverlayViewController";
    event = ViewDidAppear;
}
10:03:02.158 WebDriverAgentRunner-Runner[1852:332720] Handling kAXUserTestingNotification
10:03:02.159 WebDriverAgentRunner-Runner[1852:332720] Received kAXUserTestingNotification from AX element pid: 308, elementOrHash.elementID: 0.1: {
    controllerClass = "WidgetRenderer.WidgetSceneContentViewController";
    event = ViewDidAppear;
}
10:03:02.159 WebDriverAgentRunner-Runner[1852:332720] Handling kAXUserTestingNotification
10:03:02.159 WebDriverAgentRunner-Runner[1852:332720] Received kAXUserTestingNotification from AX element pid: 308, elementOrHash.elementID: 0.1: {
    controllerClass = "WidgetRenderer.SecureHostingController";
    event = ViewDidAppear;
}
10:03:02.159 WebDriverAgentRunner-Runner[1852:332720] Handling kAXUserTestingNotification
10:03:02.159 WebDriverAgentRunner-Runner[1852:332720] Received kAXUserTestingNotification from AX element pid: 308, elementOrHash.elementID: 0.1: {
    controllerClass = "WidgetRenderer.ZStackContainerViewController";
    event = ViewDidDisappear;
}
10:03:02.159 WebDriverAgentRunner-Runner[1852:332720] Handling kAXUserTestingNotification
10:03:02.159 WebDriverAgentRunner-Runner[1852:332720] Received kAXUserTestingNotification from AX element pid: 308, elementOrHash.elementID: 0.1: {
    controllerClass = "WidgetRenderer.ZStackContainerViewController";
    event = ViewDidAppear;
}
10:03:02.545 WebDriverAgentRunner-Runner[1852:329613] No application process found matching pid 308, caching
10:03:02.975 WebDriverAgentRunner-Runner[1852:332718] Handling kAXUserTestingNotification
10:03:02.975 WebDriverAgentRunner-Runner[1852:332718] Received kAXUserTestingNotification from AX element pid: 174, elementOrHash.elementID: 0.1: {
    event = TouchEventsCompleted;
}
10:03:02.975 WebDriverAgentRunner-Runner[1852:332718] Handling kAXUserTestingNotification
10:03:02.975 WebDriverAgentRunner-Runner[1852:332718] Received kAXUserTestingNotification from AX element pid: 174, elementOrHash.elementID: 0.1: {
    event = TouchEventsCompleted;
}
10:03:03.236 WebDriverAgentRunner-Runner[1852:332718] Handling kAXUserTestingNotification
10:03:03.236 WebDriverAgentRunner-Runner[1852:332718] Received kAXUserTestingNotification from AX element pid: 174, elementOrHash.elementID: 0.1: {
    controllerClass = SBHWidgetStackViewController;
    event = ViewDidDisappear;
}
10:03:03.236 WebDriverAgentRunner-Runner[1852:332718] Handling kAXUserTestingNotification
10:03:03.236 WebDriverAgentRunner-Runner[1852:332718] Received kAXUserTestingNotification from AX element pid: 174, elementOrHash.elementID: 0.1: {
    controllerClass = SBHWidgetContainerViewController;
    event = ViewDidDisappear;
}
10:03:03.237 WebDriverAgentRunner-Runner[1852:332718] Handling kAXUserTestingNotification
10:03:03.237 WebDriverAgentRunner-Runner[1852:332718] Received kAXUserTestingNotification from AX element pid: 174, elementOrHash.elementID: 0.1: {
    controllerClass = SBHMultiplexingViewController;
    event = ViewDidDisappear;
}
10:03:03.237 WebDriverAgentRunner-Runner[1852:332718] Handling kAXUserTestingNotification
10:03:03.237 WebDriverAgentRunner-Runner[1852:332718] Received kAXUserTestingNotification from AX element pid: 174, elementOrHash.elementID: 0.1: {
    controllerClass = SBHWidgetViewController;
    event = ViewDidDisappear;
}
10:03:03.249 WebDriverAgentRunner-Runner[1852:332718] Handling kAXUserTestingNotification
10:03:03.250 WebDriverAgentRunner-Runner[1852:332718] Received kAXUserTestingNotification from AX element pid: 308, elementOrHash.elementID: 0.1: {
    controllerClass = "WidgetRenderer.WidgetSceneContentViewController";
    event = ViewDidDisappear;
}
10:03:03.250 WebDriverAgentRunner-Runner[1852:332718] Handling kAXUserTestingNotification
10:03:03.250 WebDriverAgentRunner-Runner[1852:332718] Received kAXUserTestingNotification from AX element pid: 308, elementOrHash.elementID: 0.1: {
    controllerClass = "WidgetRenderer.SecureHostingController";
    event = ViewDidDisappear;
}
10:03:03.464 WebDriverAgentRunner-Runner[1852:332702] Handling kAXPidStatusChangedNotification
10:03:03.465 WebDriverAgentRunner-Runner[1852:332702] Got kAXPidStatusChangedNotification for pid 308: active
10:03:03.907 WebDriverAgentRunner-Runner[1852:329613] No application process found matching pid 308, caching
10:03:07.863 WebDriverAgentRunner-Runner[1852:329613] Creating future for 'fetching attributes 'XC_kAXXCAttributeSystemAppApplication' for Device system-wide element' with timeout 65.00
10:03:07.864 WebDriverAgentRunner-Runner[1852:329613] <XCTWaiter: 0x1157eecd0> entering wait loop for 65.00s with expectations: `fetching attributes 'XC_kAXXCAttributeSystemAppApplication' for Device system-wide element`
10:03:07.864 WebDriverAgentRunner-Runner[1852:332718] Got attribute fetch response with values {
    "XC_kAXXCAttributeSystemAppApplication" = "AX element pid: 174, elementOrHash.elementID: 0.1";
}, error: (null)
10:03:07.865 WebDriverAgentRunner-Runner[1852:329613] Returning result XCTWaiterResultCompleted for synchronous waiter <XCTWaiter: 0x1157eecd0>
10:03:07.865 WebDriverAgentRunner-Runner[1852:329613] Wait <XCTWaiterWait: 0x11582c600> completed after 0.001s
10:03:07.865 WebDriverAgentRunner-Runner[1852:329613] cleaning up fetching attributes 'XC_kAXXCAttributeSystemAppApplication' for Device system-wide element
10:03:07.865 WebDriverAgentRunner-Runner[1852:329613] Creating future for 'fetching attributes 'XC_kAXXCAttributeFocusedApplications' for AX element pid: 174, elementOrHash.elementID: 0.1' with timeout 65.00
10:03:07.865 WebDriverAgentRunner-Runner[1852:329613] <XCTWaiter: 0x1157ef000> entering wait loop for 65.00s with expectations: `fetching attributes 'XC_kAXXCAttributeFocusedApplications' for AX element pid: 174, elementOrHash.elementID: 0.1`
10:03:07.868 WebDriverAgentRunner-Runner[1852:332718] Got attribute fetch response with values {
    "XC_kAXXCAttributeFocusedApplications" =     (
        "AX element pid: 303, elementOrHash.elementID: 0.1",
        "AX element pid: 174, elementOrHash.elementID: 0.1"
    );
}, error: (null)
10:03:07.868 WebDriverAgentRunner-Runner[1852:329613] Returning result XCTWaiterResultCompleted for synchronous waiter <XCTWaiter: 0x1157ef000>
10:03:07.868 WebDriverAgentRunner-Runner[1852:329613] Wait <XCTWaiterWait: 0x11582ed40> completed after 0.003s
10:03:07.868 WebDriverAgentRunner-Runner[1852:329613] cleaning up fetching attributes 'XC_kAXXCAttributeFocusedApplications' for AX element pid: 174, elementOrHash.elementID: 0.1
10:03:07.868 WebDriverAgentRunner-Runner[1852:329613] Active application elements: (
    "AX element pid: 303, elementOrHash.elementID: 0.1",
    "AX element pid: 174, elementOrHash.elementID: 0.1"
)
10:03:07.891 WebDriverAgentRunner-Runner[1852:329613] Creating future for 'getting interface orientation' with timeout 65.00
10:03:07.891 WebDriverAgentRunner-Runner[1852:329613] <XCTWaiter: 0x1157ef330> entering wait loop for 65.00s with expectations: `getting interface orientation`
10:03:07.892 WebDriverAgentRunner-Runner[1852:329613] Returning result XCTWaiterResultCompleted for synchronous waiter <XCTWaiter: 0x1157ef330>
10:03:07.892 WebDriverAgentRunner-Runner[1852:329613] Wait <XCTWaiterWait: 0x11582e400> completed after 0.001s
10:03:07.892 WebDriverAgentRunner-Runner[1852:329613] cleaning up getting interface orientation
10:03:07.892 WebDriverAgentRunner-Runner[1852:329613] Creating future for 'getting interface orientation' with timeout 65.00
10:03:07.892 WebDriverAgentRunner-Runner[1852:329613] <XCTWaiter: 0x1157ef5d0> entering wait loop for 65.00s with expectations: `getting interface orientation`
10:03:07.893 WebDriverAgentRunner-Runner[1852:329613] Returning result XCTWaiterResultCompleted for synchronous waiter <XCTWaiter: 0x1157ef5d0>
    t =   167.28s Find the Application 'com.apple.springboard'
10:03:07.893 WebDriverAgentRunner-Runner[1852:329613] Wait <XCTWaiterWait: 0x11582c640> completed after 0.001s
10:03:07.893 WebDriverAgentRunner-Runner[1852:329613] cleaning up getting interface orientation
10:03:07.894 WebDriverAgentRunner-Runner[1852:329613] <XCTContext: 0x1141895e0> started activity <XCActivityRecord: 0x114d717a0> 2026-07-20 03:03:07 +0000: Find the Application 'com.apple.springboard'
10:03:07.894 WebDriverAgentRunner-Runner[1852:329613] Executing query:

10:03:07.894 WebDriverAgentRunner-Runner[1852:329613] Creating future for 'checking for continuity enablement' with timeout 30.00
10:03:07.894 WebDriverAgentRunner-Runner[1852:329613] <XCTWaiter: 0x1157eff00> entering wait loop for 30.00s with expectations: `checking for continuity enablement`
10:03:07.895 WebDriverAgentRunner-Runner[1852:329613] Returning result XCTWaiterResultCompleted for synchronous waiter <XCTWaiter: 0x1157eff00>
10:03:07.895 WebDriverAgentRunner-Runner[1852:329613] Wait <XCTWaiterWait: 0x11582e200> completed after 0.001s
10:03:07.895 WebDriverAgentRunner-Runner[1852:329613] cleaning up checking for continuity enablement
10:03:07.895 WebDriverAgentRunner-Runner[1852:329613] Should evaluate query remotely? XCTDisableRemoteQueryEvaluation(d-write): YES, hasAutomationSession: YES, supportsRemoteEvaluation: YES
10:03:07.895 WebDriverAgentRunner-Runner[1852:329613] Getting matching snapshots for locally evaluated query
10:03:07.895 WebDriverAgentRunner-Runner[1852:329613] Evaluating query:
 
10:03:07.895 WebDriverAgentRunner-Runner[1852:329613] Getting root element snapshot
10:03:07.895 WebDriverAgentRunner-Runner[1852:329613] Getting snapshot for App element pid: 174 for query 
10:03:07.895 WebDriverAgentRunner-Runner[1852:329613] <XCTContext: 0x1141895e0> started activity <XCActivityRecord: 0x114d716c0> 2026-07-20 03:03:07 +0000: Requesting snapshot of accessibility hierarchy for app with pid 174
10:03:07.896 WebDriverAgentRunner-Runner[1852:329613] Query requires iOS snapshot attributes .
10:03:07.896 WebDriverAgentRunner-Runner[1852:329613] XCUIElementQuery <XCTElementSnapshotProvider> getting snapshot
10:03:07.896 WebDriverAgentRunner-Runner[1852:329613] Snapshot request has custom attributes 
10:03:07.896 WebDriverAgentRunner-Runner[1852:329613] Snapshot request has custom parameters {
    snapshotKeyHonorModalViews = 0;
}
10:03:07.896 WebDriverAgentRunner-Runner[1852:329613] Current snapshot generation is 326
10:03:07.896 WebDriverAgentRunner-Runner[1852:329613] Query rootElementSnapshot is non-null with generation count 46
10:03:07.896 WebDriverAgentRunner-Runner[1852:329613] Capturing a new snapshot
10:03:07.896 WebDriverAgentRunner-Runner[1852:329613] Fetching snapshot for App element pid: 174 from testmanagerd with attributes XC_kAXXCAttributeElementType, XC_kAXXCAttributeElementBaseType, XC_kAXXCAttributeParent, XC_kAXXCAttributeIdentifier, XC_kAXXCAttributeAutomationType, XC_kAXXCAttributeTraits and parameters {
    maxArrayCount = 2147483647;
    maxChildren = 2147483647;
    maxDepth = 50;
    snapshotKeyHonorModalViews = 0;
    traverseFromParentsToChildren = 1;
}.
10:03:07.896 WebDriverAgentRunner-Runner[1852:329613] Creating future for 'fetching snapshot from testmanagerd.' with timeout 65.00
10:03:07.897 WebDriverAgentRunner-Runner[1852:329613] <XCTWaiter: 0x115766ca0> entering wait loop for 65.00s with expectations: `fetching snapshot from testmanagerd.`
    t =   167.28s     Requesting snapshot of accessibility hierarchy for app with pid 174
10:03:08.086 WebDriverAgentRunner-Runner[1852:329632] Got snapshot response with runtime issue support from testmanagerd.
10:03:08.087 WebDriverAgentRunner-Runner[1852:329613] Returning result XCTWaiterResultCompleted for synchronous waiter <XCTWaiter: 0x115766ca0>
10:03:08.087 WebDriverAgentRunner-Runner[1852:329613] Wait <XCTWaiterWait: 0x114057a00> completed after 0.190s
10:03:08.087 WebDriverAgentRunner-Runner[1852:329613] cleaning up fetching snapshot from testmanagerd.
10:03:08.087 WebDriverAgentRunner-Runner[1852:329613] <XCTContext: 0x1141895e0> finished activity <XCActivityRecord: 0x114d716c0> 2026-07-20 03:03:07 +0000: Requesting snapshot of accessibility hierarchy for app with pid 174 (0.191527s)
10:03:08.088 WebDriverAgentRunner-Runner[1852:329613] Found matches {(
    App element pid: 174
)} with root App element pid: 174
10:03:08.088 WebDriverAgentRunner-Runner[1852:329613] <XCTContext: 0x1141895e0> finished activity <XCActivityRecord: 0x114d717a0> 2026-07-20 03:03:07 +0000: Find the Application 'com.apple.springboard' (0.194737s)
10:03:08.088 WebDriverAgentRunner-Runner[1852:329613] XCUIElementQuery <XCTElementSnapshotProvider> getting snapshot
10:03:08.089 WebDriverAgentRunner-Runner[1852:329613] Snapshot request has custom attributes XC_kAXXCAttributeElementBaseType, XC_kAXXCAttributeValue, XC_kAXXCAttributeAutomationType, XC_kAXXCAttributeIdentifier, XC_kAXXCAttributeTraits, XC_kAXXCAttributeVerticalSizeClass, XC_kAXXCAttributeFrame, XC_kAXXCAttributeWindowDisplayId, XC_kAXXCAttributeWindowContextId, XC_kAXXCAttributeLabel, XC_kAXXCAttributeHorizontalSizeClass, XC_kAXXCAttributeHasNativeFocus, XC_kAXXCAttributePlaceholderValue, XC_kAXXCAttributeElementType
10:03:08.089 WebDriverAgentRunner-Runner[1852:329613] Current snapshot generation is 328
10:03:08.089 WebDriverAgentRunner-Runner[1852:329613] Query rootElementSnapshot is non-null with generation count 328
10:03:08.089 WebDriverAgentRunner-Runner[1852:329613] Capturing a new snapshot
10:03:08.089 WebDriverAgentRunner-Runner[1852:329613] Fetching snapshot for App element pid: 174 from testmanagerd with attributes XC_kAXXCAttributeElementBaseType, XC_kAXXCAttributeParent, XC_kAXXCAttributeAutomationType, XC_kAXXCAttributeIdentifier, XC_kAXXCAttributeTraits, XC_kAXXCAttributeVerticalSizeClass, XC_kAXXCAttributeFrame, XC_kAXXCAttributeWindowDisplayId, XC_kAXXCAttributeWindowContextId, XC_kAXXCAttributeLabel, XC_kAXXCAttributeHorizontalSizeClass, XC_kAXXCAttributeHasNativeFocus, XC_kAXXCAttributePlaceholderValue, XC_kAXXCAttributeTruncatedValue, XC_kAXXCAttributeElementType and parameters {
    maxArrayCount = 2147483647;
    maxChildren = 2147483647;
    maxDepth = 50;
    snapshotKeyHonorModalViews = 0;
    traverseFromParentsToChildren = 1;
}.
10:03:08.089 WebDriverAgentRunner-Runner[1852:329613] Creating future for 'fetching snapshot from testmanagerd.' with timeout 65.00
10:03:08.089 WebDriverAgentRunner-Runner[1852:329613] <XCTWaiter: 0x115766520> entering wait loop for 65.00s with expectations: `fetching snapshot from testmanagerd.`
10:03:08.340 WebDriverAgentRunner-Runner[1852:329632] Got snapshot response with runtime issue support from testmanagerd.
10:03:08.340 WebDriverAgentRunner-Runner[1852:329613] Returning result XCTWaiterResultCompleted for synchronous waiter <XCTWaiter: 0x115766520>
10:03:08.340 WebDriverAgentRunner-Runner[1852:329613] Wait <XCTWaiterWait: 0x1159891c0> completed after 0.251s
10:03:08.340 WebDriverAgentRunner-Runner[1852:329613] cleaning up fetching snapshot from testmanagerd.
10:03:08.340 WebDriverAgentRunner-Runner[1852:329613] Creating future for 'getting interface orientation' with timeout 65.00
10:03:08.340 WebDriverAgentRunner-Runner[1852:329613] <XCTWaiter: 0x1157656b0> entering wait loop for 65.00s with expectations: `getting interface orientation`
10:03:08.341 WebDriverAgentRunner-Runner[1852:329613] Returning result XCTWaiterResultCompleted for synchronous waiter <XCTWaiter: 0x1157656b0>
10:03:08.341 WebDriverAgentRunner-Runner[1852:329613] Wait <XCTWaiterWait: 0x1143fcd00> completed after 0.000s
10:03:08.341 WebDriverAgentRunner-Runner[1852:329613] cleaning up getting interface orientation
10:03:08.341 WebDriverAgentRunner-Runner[1852:329613] Requesting local synthesis of event: 
<XCSynthesizedEventRecord 'Swipe Point Array display 0'>
Path 1:
	Touch down at 831.0, 8.0, offset=0.00s
	Move to 831.0, 9.0, offset=0.01s
	Move to 834.0, 31.0, offset=0.04s
	Move to 833.0, 108.0, offset=0.08s
	Move to 794.0, 279.0, offset=0.12s
	Move to 727.0, 481.0, offset=0.16s
	Move to 693.0, 567.0, offset=0.20s
	Move to 690.0, 575.0, offset=0.21s
	Touch up at 690.0, 575.0, offset=0.22s
10:03:08.473 WebDriverAgentRunner-Runner[1852:332905] Handling kAXPidStatusChangedNotification
10:03:08.473 WebDriverAgentRunner-Runner[1852:332905] Got kAXPidStatusChangedNotification for pid 274: active
10:03:08.511 WebDriverAgentRunner-Runner[1852:332905] Handling kAXUserTestingNotification
10:03:08.511 WebDriverAgentRunner-Runner[1852:332905] Received kAXUserTestingNotification from AX element pid: 174, elementOrHash.elementID: 0.1: {
    controllerClass = CSCombinedListViewController;
    event = ViewDidAppear;
}
10:03:08.511 WebDriverAgentRunner-Runner[1852:332905] Handling kAXUserTestingNotification
10:03:08.511 WebDriverAgentRunner-Runner[1852:332905] Received kAXUserTestingNotification from AX element pid: 174, elementOrHash.elementID: 0.1: {
    controllerClass = NCNotificationStructuredListViewController;
    event = ViewDidAppear;
}
10:03:08.512 WebDriverAgentRunner-Runner[1852:332905] Handling kAXUserTestingNotification
10:03:08.512 WebDriverAgentRunner-Runner[1852:332905] Received kAXUserTestingNotification from AX element pid: 174, elementOrHash.elementID: 0.1: {
    controllerClass = NCNotificationListCountIndicatorViewController;
    event = ViewDidAppear;
}
10:03:08.512 WebDriverAgentRunner-Runner[1852:332905] Handling kAXUserTestingNotification
10:03:08.512 WebDriverAgentRunner-Runner[1852:332905] Received kAXUserTestingNotification from AX element pid: 174, elementOrHash.elementID: 0.1: {
    controllerClass = NCNotificationListSupplementaryHostingViewController;
    event = ViewDidAppear;
}
10:03:08.512 WebDriverAgentRunner-Runner[1852:332905] Handling kAXUserTestingNotification
10:03:08.512 WebDriverAgentRunner-Runner[1852:332905] Received kAXUserTestingNotification from AX element pid: 174, elementOrHash.elementID: 0.1: {
    controllerClass = CSProminentUISpacerViewController;
    event = ViewDidAppear;
}
10:03:08.512 WebDriverAgentRunner-Runner[1852:332905] Handling kAXUserTestingNotification
10:03:08.512 WebDriverAgentRunner-Runner[1852:332905] Received kAXUserTestingNotification from AX element pid: 174, elementOrHash.elementID: 0.1: {
    controllerClass = CSNotificationViewController;
    event = ViewDidAppear;
}
10:03:08.513 WebDriverAgentRunner-Runner[1852:332905] Handling kAXAlertNotification
10:03:08.513 WebDriverAgentRunner-Runner[1852:332905] Handling kAXAlertNotification for AX element pid: 174, elementOrHash.elementID: 0.1
10:03:08.513 WebDriverAgentRunner-Runner[1852:332905] Handling kAXUserTestingNotification
10:03:08.513 WebDriverAgentRunner-Runner[1852:332905] Received kAXUserTestingNotification from AX element pid: 174, elementOrHash.elementID: 0.1: {
    controllerClass = CSMainPageContentViewController;
    event = ViewDidAppear;
}
10:03:08.513 WebDriverAgentRunner-Runner[1852:332905] Handling kAXUserTestingNotification
10:03:08.513 WebDriverAgentRunner-Runner[1852:332905] Received kAXUserTestingNotification from AX element pid: 174, elementOrHash.elementID: 0.1: {
    controllerClass = PRWidgetGridViewController;
    event = ViewDidAppear;
}
10:03:08.513 WebDriverAgentRunner-Runner[1852:332905] Handling kAXUserTestingNotification
10:03:08.513 WebDriverAgentRunner-Runner[1852:332905] Received kAXUserTestingNotification from AX element pid: 174, elementOrHash.elementID: 0.1: {
    controllerClass = "_TtGC13CoverSheetKit27LockScreenHostingControllerVS_14TitleLabelView_";
    event = ViewDidAppear;
}
10:03:08.537 WebDriverAgentRunner-Runner[1852:329632] Handling kAXUserTestingNotification
10:03:08.538 WebDriverAgentRunner-Runner[1852:329632] Received kAXUserTestingNotification from AX element pid: 174, elementOrHash.elementID: 0.1: {
    event = TouchEventsCompleted;
}
10:03:08.546 WebDriverAgentRunner-Runner[1852:329613] No application process found matching pid 274, caching
10:03:08.547 WebDriverAgentRunner-Runner[1852:329613] Error (com.apple.dt.xctest.ui-testing.error) 10100, userInfo keys: (null): Unknown application: 'com.apple.springboard'
10:03:08.547 WebDriverAgentRunner-Runner[1852:329613] Error (com.apple.dt.xctest.ui-testing.error) 10100, userInfo keys: (null): Unknown application: 'com.apple.springboard'
10:03:08.547 WebDriverAgentRunner-Runner[1852:329613] updating com.apple.springboard crashBehavior to 1
10:03:08.547 WebDriverAgentRunner-Runner[1852:329613] KVO change: checked status of Expect value of 'isApplicationStateKnown' of Application 'com.apple.springboard' to be '1': fulfill=YES
10:03:08.547 WebDriverAgentRunner-Runner[1852:329613] <XCTWaiter: 0x115766ca0> entering wait loop for 60.00s with expectations: `Expect value of 'isApplicationStateKnown' of Application 'com.apple.springboard' to be '1'`
10:03:08.547 WebDriverAgentRunner-Runner[1852:329613] Returning result XCTWaiterResultCompleted for synchronous waiter <XCTWaiter: 0x115766ca0>
10:03:08.547 WebDriverAgentRunner-Runner[1852:329613] Wait <XCTWaiterWait: 0x1143ffcc0> completed after 0.000s
10:03:08.547 WebDriverAgentRunner-Runner[1852:329613] cleaning up Expect value of 'isApplicationStateKnown' of Application 'com.apple.springboard' to be '1'
10:03:08.547 WebDriverAgentRunner-Runner[1852:329613] cleaning up Expect value of 'isApplicationStateKnown' of Application 'com.apple.springboard' to be '1'
10:03:08.548 WebDriverAgentRunner-Runner[1852:329613] No custom alert monitors found
10:03:08.548 WebDriverAgentRunner-Runner[1852:329632] Incremented alert counter for com.apple.springboard (pid:174): # alerts = 4
10:03:08.636 WebDriverAgentRunner-Runner[1852:332702] Handling kAXUserTestingNotification
10:03:08.636 WebDriverAgentRunner-Runner[1852:332702] Received kAXUserTestingNotification from AX element pid: 174, elementOrHash.elementID: 0.1: {
    event = TouchEventsCompleted;
}
10:03:08.637 WebDriverAgentRunner-Runner[1852:332702] Handling kAXUserTestingNotification
10:03:08.637 WebDriverAgentRunner-Runner[1852:332702] Received kAXUserTestingNotification from AX element pid: 174, elementOrHash.elementID: 0.1: {
    controllerClass = "_TtGC13CoverSheetKit27LockScreenHostingControllerVS_14TitleLabelView_";
    event = ViewDidDisappear;
}
10:03:09.158 WebDriverAgentRunner-Runner[1852:332720] Handling kAXUserTestingNotification
10:03:09.158 WebDriverAgentRunner-Runner[1852:332720] Received kAXUserTestingNotification from AX element pid: 174, elementOrHash.elementID: 0.1: {
    controllerClass = SBCoverSheetPrimarySlidingViewController;
    event = ViewDidDisappear;
}
10:03:09.158 WebDriverAgentRunner-Runner[1852:332720] Handling kAXUserTestingNotification
10:03:09.158 WebDriverAgentRunner-Runner[1852:332720] Received kAXUserTestingNotification from AX element pid: 174, elementOrHash.elementID: 0.1: {
    controllerClass = CSCoverSheetViewController;
    event = ViewDidDisappear;
}
10:03:09.158 WebDriverAgentRunner-Runner[1852:332720] Handling kAXUserTestingNotification
10:03:09.158 WebDriverAgentRunner-Runner[1852:332720] Received kAXUserTestingNotification from AX element pid: 174, elementOrHash.elementID: 0.1: {
    controllerClass = SBFLockScreenDateViewController;
    event = ViewDidDisappear;
}
10:03:09.159 WebDriverAgentRunner-Runner[1852:332830] Handling kAXUserTestingNotification
10:03:09.159 WebDriverAgentRunner-Runner[1852:332830] Received kAXUserTestingNotification from AX element pid: 174, elementOrHash.elementID: 0.1: {
    controllerClass = CSProminentDisplayViewController;
    event = ViewDidDisappear;
}
10:03:09.159 WebDriverAgentRunner-Runner[1852:332830] Handling kAXUserTestingNotification
10:03:09.159 WebDriverAgentRunner-Runner[1852:332830] Received kAXUserTestingNotification from AX element pid: 174, elementOrHash.elementID: 0.1: {
    controllerClass = CSWidgetGridViewController;
    event = ViewDidDisappear;
}
10:03:09.160 WebDriverAgentRunner-Runner[1852:332830] Handling kAXUserTestingNotification
10:03:09.160 WebDriverAgentRunner-Runner[1852:332830] Received kAXUserTestingNotification from AX element pid: 174, elementOrHash.elementID: 0.1: {
    controllerClass = PRWidgetGridViewController;
    event = ViewDidDisappear;
}
10:03:09.160 WebDriverAgentRunner-Runner[1852:332830] Handling kAXUserTestingNotification
10:03:09.160 WebDriverAgentRunner-Runner[1852:332830] Received kAXUserTestingNotification from AX element pid: 174, elementOrHash.elementID: 0.1: {
    controllerClass = CSFixedFooterViewController;
    event = ViewDidDisappear;
}
10:03:09.161 WebDriverAgentRunner-Runner[1852:332830] Handling kAXUserTestingNotification
10:03:09.161 WebDriverAgentRunner-Runner[1852:332830] Received kAXUserTestingNotification from AX element pid: 174, elementOrHash.elementID: 0.1: {
    controllerClass = CSStatusTextViewController;
    event = ViewDidDisappear;
}
10:03:09.161 WebDriverAgentRunner-Runner[1852:332830] Handling kAXUserTestingNotification
10:03:09.161 WebDriverAgentRunner-Runner[1852:332830] Received kAXUserTestingNotification from AX element pid: 174, elementOrHash.elementID: 0.1: {
    controllerClass = CSTeachableMomentsContainerViewController;
    event = ViewDidDisappear;
}
10:03:09.161 WebDriverAgentRunner-Runner[1852:332830] Handling kAXUserTestingNotification
10:03:09.162 WebDriverAgentRunner-Runner[1852:332830] Received kAXUserTestingNotification from AX element pid: 174, elementOrHash.elementID: 0.1: {
    controllerClass = CSHomeAffordanceViewController;
    event = ViewDidDisappear;
}
10:03:09.162 WebDriverAgentRunner-Runner[1852:332830] Handling kAXUserTestingNotification
10:03:09.162 WebDriverAgentRunner-Runner[1852:332830] Received kAXUserTestingNotification from AX element pid: 174, elementOrHash.elementID: 0.1: {
    controllerClass = CSWidgetGridViewController;
    event = ViewDidDisappear;
}
10:03:09.162 WebDriverAgentRunner-Runner[1852:332830] Handling kAXUserTestingNotification
10:03:09.162 WebDriverAgentRunner-Runner[1852:332830] Received kAXUserTestingNotification from AX element pid: 174, elementOrHash.elementID: 0.1: {
    controllerClass = CSProudLockViewController;
    event = ViewDidDisappear;
}
10:03:09.162 WebDriverAgentRunner-Runner[1852:332830] Handling kAXUserTestingNotification
10:03:09.162 WebDriverAgentRunner-Runner[1852:332830] Received kAXUserTestingNotification from AX element pid: 174, elementOrHash.elementID: 0.1: {
    controllerClass = SBUIProudLockContainerViewController;
    event = ViewDidDisappear;
}
10:03:09.162 WebDriverAgentRunner-Runner[1852:332830] Handling kAXUserTestingNotification
10:03:09.162 WebDriverAgentRunner-Runner[1852:332830] Received kAXUserTestingNotification from AX element pid: 174, elementOrHash.elementID: 0.1: {
    controllerClass = CSMainPageContentViewController;
    event = ViewDidDisappear;
}
10:03:09.163 WebDriverAgentRunner-Runner[1852:332830] Handling kAXUserTestingNotification
10:03:09.163 WebDriverAgentRunner-Runner[1852:332830] Received kAXUserTestingNotification from AX element pid: 174, elementOrHash.elementID: 0.1: {
    controllerClass = CSCombinedListViewController;
    event = ViewDidDisappear;
}
10:03:09.163 WebDriverAgentRunner-Runner[1852:332830] Handling kAXUserTestingNotification
10:03:09.163 WebDriverAgentRunner-Runner[1852:332830] Received kAXUserTestingNotification from AX element pid: 174, elementOrHash.elementID: 0.1: {
    controllerClass = NCNotificationStructuredListViewController;
    event = ViewDidDisappear;
}
10:03:09.163 WebDriverAgentRunner-Runner[1852:332830] Handling kAXUserTestingNotification
10:03:09.163 WebDriverAgentRunner-Runner[1852:332830] Received kAXUserTestingNotification from AX element pid: 174, elementOrHash.elementID: 0.1: {
    controllerClass = NCNotificationListCountIndicatorViewController;
    event = ViewDidDisappear;
}
10:03:09.163 WebDriverAgentRunner-Runner[1852:332830] Handling kAXUserTestingNotification
10:03:09.163 WebDriverAgentRunner-Runner[1852:332830] Received kAXUserTestingNotification from AX element pid: 174, elementOrHash.elementID: 0.1: {
    controllerClass = NCNotificationListSupplementaryHostingViewController;
    event = ViewDidDisappear;
}
10:03:09.164 WebDriverAgentRunner-Runner[1852:332830] Handling kAXUserTestingNotification
10:03:09.164 WebDriverAgentRunner-Runner[1852:332830] Received kAXUserTestingNotification from AX element pid: 174, elementOrHash.elementID: 0.1: {
    controllerClass = CSProminentUISpacerViewController;
    event = ViewDidDisappear;
}
10:03:09.164 WebDriverAgentRunner-Runner[1852:332830] Handling kAXUserTestingNotification
10:03:09.164 WebDriverAgentRunner-Runner[1852:332830] Received kAXUserTestingNotification from AX element pid: 174, elementOrHash.elementID: 0.1: {
    controllerClass = CSNotificationViewController;
    event = ViewDidDisappear;
}
10:03:09.164 WebDriverAgentRunner-Runner[1852:332830] Handling kAXUserTestingNotification
10:03:09.164 WebDriverAgentRunner-Runner[1852:332830] Received kAXUserTestingNotification from AX element pid: 174, elementOrHash.elementID: 0.1: {
    controllerClass = CSNotificationViewController;
    event = ViewDidDisappear;
}
10:03:09.588 WebDriverAgentRunner-Runner[1852:332905] Handling kAXPidStatusChangedNotification
10:03:09.588 WebDriverAgentRunner-Runner[1852:332905] Got kAXPidStatusChangedNotification for pid 274: active
10:03:09.719 WebDriverAgentRunner-Runner[1852:329613] No application process found matching pid 274, caching
10:03:11.872 WebDriverAgentRunner-Runner[1852:329613] Creating future for 'fetching attributes 'XC_kAXXCAttributeSystemAppApplication' for Device system-wide element' with timeout 65.00
10:03:11.872 WebDriverAgentRunner-Runner[1852:329613] <XCTWaiter: 0x115764c90> entering wait loop for 65.00s with expectations: `fetching attributes 'XC_kAXXCAttributeSystemAppApplication' for Device system-wide element`
10:03:11.872 WebDriverAgentRunner-Runner[1852:332830] Got attribute fetch response with values {
    "XC_kAXXCAttributeSystemAppApplication" = "AX element pid: 174, elementOrHash.elementID: 0.1";
}, error: (null)
10:03:11.873 WebDriverAgentRunner-Runner[1852:329613] Returning result XCTWaiterResultCompleted for synchronous waiter <XCTWaiter: 0x115764c90>
10:03:11.873 WebDriverAgentRunner-Runner[1852:329613] Wait <XCTWaiterWait: 0x1143fe980> completed after 0.001s
10:03:11.873 WebDriverAgentRunner-Runner[1852:329613] cleaning up fetching attributes 'XC_kAXXCAttributeSystemAppApplication' for Device system-wide element
10:03:11.873 WebDriverAgentRunner-Runner[1852:329613] <XCTContext: 0x1141895e0> started activity <XCActivityRecord: 0x114d717a0> 2026-07-20 03:03:11 +0000: Get all elements bound by index for: Descendants matching type StatusBar
10:03:11.873 WebDriverAgentRunner-Runner[1852:329613] Creating future for 'getting screen identifiers' with timeout 30.00
10:03:11.873 WebDriverAgentRunner-Runner[1852:329613] <XCTWaiter: 0x1157647b0> entering wait loop for 30.00s with expectations: `getting screen identifiers`
10:03:11.873 WebDriverAgentRunner-Runner[1852:329613] Returning result XCTWaiterResultCompleted for synchronous waiter <XCTWaiter: 0x1157647b0>
10:03:11.874 WebDriverAgentRunner-Runner[1852:329613] Wait <XCTWaiterWait: 0x1143ffa80> completed after 0.000s
10:03:11.874 WebDriverAgentRunner-Runner[1852:329613] cleaning up getting screen identifiers
10:03:11.874 WebDriverAgentRunner-Runner[1852:329613] Executing query:
↪︎ Descendants matching type StatusBar
10:03:11.874 WebDriverAgentRunner-Runner[1852:329613] Creating future for 'checking for continuity enablement' with timeout 30.00
    t =   171.26s Get all elements bound by index for: Descendants matching type StatusBar
10:03:11.874 WebDriverAgentRunner-Runner[1852:329613] <XCTWaiter: 0x115764840> entering wait loop for 30.00s with expectations: `checking for continuity enablement`
10:03:11.875 WebDriverAgentRunner-Runner[1852:329613] Returning result XCTWaiterResultCompleted for synchronous waiter <XCTWaiter: 0x115764840>
10:03:11.875 WebDriverAgentRunner-Runner[1852:329613] Wait <XCTWaiterWait: 0x1143fc8c0> completed after 0.001s
10:03:11.875 WebDriverAgentRunner-Runner[1852:329613] cleaning up checking for continuity enablement
10:03:11.875 WebDriverAgentRunner-Runner[1852:329613] Should evaluate query remotely? XCTDisableRemoteQueryEvaluation(d-write): YES, hasAutomationSession: YES, supportsRemoteEvaluation: YES
10:03:11.875 WebDriverAgentRunner-Runner[1852:329613] Getting matching snapshots for locally evaluated query
10:03:11.875 WebDriverAgentRunner-Runner[1852:329613] Evaluating query:
 ↪︎ Descendants matching type StatusBar
10:03:11.875 WebDriverAgentRunner-Runner[1852:329613] Getting root element snapshot
10:03:11.875 WebDriverAgentRunner-Runner[1852:329613] Getting snapshot for App element pid: 174 for query ↪︎ Descendants matching type StatusBar
10:03:11.876 WebDriverAgentRunner-Runner[1852:329613] <XCTContext: 0x1141895e0> started activity <XCActivityRecord: 0x114d716c0> 2026-07-20 03:03:11 +0000: Requesting snapshot of accessibility hierarchy for app with pid 174
10:03:11.876 WebDriverAgentRunner-Runner[1852:329613] Query requires iOS snapshot attributes XC_kAXXCAttributeElementType, XC_kAXXCAttributeElementBaseType, XC_kAXXCAttributeAutomationType, XC_kAXXCAttributeTraits.
10:03:11.876 WebDriverAgentRunner-Runner[1852:329613] XCUIElementQuery <XCTElementSnapshotProvider> getting snapshot
10:03:11.876 WebDriverAgentRunner-Runner[1852:329613] Snapshot request has custom attributes XC_kAXXCAttributeElementType, XC_kAXXCAttributeElementBaseType, XC_kAXXCAttributeAutomationType, XC_kAXXCAttributeTraits
10:03:11.876 WebDriverAgentRunner-Runner[1852:329613] Snapshot request has custom parameters {
    snapshotKeyHonorModalViews = 0;
}
10:03:11.876 WebDriverAgentRunner-Runner[1852:329613] Current snapshot generation is 356
10:03:11.876 WebDriverAgentRunner-Runner[1852:329613] Capturing a new snapshot
10:03:11.876 WebDriverAgentRunner-Runner[1852:329613] Fetching snapshot for App element pid: 174 from testmanagerd with attributes XC_kAXXCAttributeElementType, XC_kAXXCAttributeElementBaseType, XC_kAXXCAttributeParent, XC_kAXXCAttributeIdentifier, XC_kAXXCAttributeAutomationType, XC_kAXXCAttributeTraits and parameters {
    maxArrayCount = 2147483647;
    maxChildren = 2147483647;
    maxDepth = 50;
    snapshotKeyHonorModalViews = 0;
    traverseFromParentsToChildren = 1;
}.
10:03:11.876 WebDriverAgentRunner-Runner[1852:329613] Creating future for 'fetching snapshot from testmanagerd.' with timeout 65.00
10:03:11.877 WebDriverAgentRunner-Runner[1852:329613] <XCTWaiter: 0x115766760> entering wait loop for 65.00s with expectations: `fetching snapshot from testmanagerd.`
    t =   171.26s     Requesting snapshot of accessibility hierarchy for app with pid 174
10:03:12.072 WebDriverAgentRunner-Runner[1852:329632] Got snapshot response with runtime issue support from testmanagerd.
10:03:12.072 WebDriverAgentRunner-Runner[1852:329613] Returning result XCTWaiterResultCompleted for synchronous waiter <XCTWaiter: 0x115766760>
10:03:12.072 WebDriverAgentRunner-Runner[1852:329613] Wait <XCTWaiterWait: 0x1143fe800> completed after 0.195s
10:03:12.072 WebDriverAgentRunner-Runner[1852:329613] cleaning up fetching snapshot from testmanagerd.
10:03:12.072 WebDriverAgentRunner-Runner[1852:329613] <XCTContext: 0x1141895e0> finished activity <XCActivityRecord: 0x114d716c0> 2026-07-20 03:03:11 +0000: Requesting snapshot of accessibility hierarchy for app with pid 174 (0.196769s)
10:03:12.073 WebDriverAgentRunner-Runner[1852:329613] XCTPerformOnMainRunLoop[MT]: already on MT; performing block without run loop dispatch - timeouts will not be enforced.
10:03:12.073 WebDriverAgentRunner-Runner[1852:329613] XCTElementQuery: set data source for rootElementSnapshot to (null)
10:03:12.073 WebDriverAgentRunner-Runner[1852:329613] Finding all matches with input Application, pid: 174 using transformers 
↪︎ Descendants matching type StatusBar
10:03:12.073 WebDriverAgentRunner-Runner[1852:329613] <XCTContext: 0x1141895e0> started activity <XCActivityRecord: 0x114d716c0> 2026-07-20 03:03:12 +0000: Find: Descendants matching type StatusBar
    t =   171.46s     Find: Descendants matching type StatusBar
10:03:12.075 WebDriverAgentRunner-Runner[1852:329613] <XCTContext: 0x1141895e0> finished activity <XCActivityRecord: 0x114d716c0> 2026-07-20 03:03:12 +0000: Find: Descendants matching type StatusBar (0.00235093s)
10:03:12.075 WebDriverAgentRunner-Runner[1852:329613] [Match All] applied transformer `Descendants matching type StatusBar` to input {(
    Application, pid: 174
)}, found {(
    StatusBar
)}
10:03:12.075 WebDriverAgentRunner-Runner[1852:329613] [Match All] setting out related elements {(
)}
10:03:12.079 WebDriverAgentRunner-Runner[1852:329613] Current tree:
Application, 0x1159d3700, pid: 174 <App element pid: 174>
  Window, 0x1159d3840 <AX element pid: 174, elementOrHash.elementID: 36032084992.10>
    Other, 0x1159d3980 <AX element pid: 174, elementOrHash.elementID: 35948119808.19>
      Other, 0x1159d3ac0 <AX element pid: 174, elementOrHash.elementID: 35948120256.30>
        Image, 0x1159d3c00 <AX element pid: 174, elementOrHash.elementID: 36036531200.42>
        Image, 0x1159d3d40 <AX element pid: 174, elementOrHash.elementID: 36036531712.43>
      Other, 0x1159d3e80 <AX element pid: 174, elementOrHash.elementID: 35948119360.31>
        Other, 0x115946d00 <AX element pid: 174, elementOrHash.elementID: 35948131904.44>
          Other, 0x1157fd180 <AX element pid: 174, elementOrHash.elementID: 35941697024.53>
            Other, 0x1159dc000 <AX element pid: 174, elementOrHash.elementID: 35948131456.62>
              Other, 0x1159dc140 <AX element pid: 174, elementOrHash.elementID: 35948131008.97>
            Icon, 0x1159dc280 <AX element pid: 174, elementOrHash.elementID: 36035587328.63>
              Icon, 0x1159dc3c0 <AX element pid: 174, elementOrHash.elementID: 36035839104.98>
              Icon, 0x1159dc500 <AX element pid: 174, elementOrHash.elementID: 36035839296.99>
              Icon, 0x1159dc640 <AX element pid: 174, elementOrHash.elementID: 36035839488.100>
              Icon, 0x1159dc780 <AX element pid: 174, elementOrHash.elementID: 36035839872.101>
              Icon, 0x1159dc8c0 <AX element pid: 174, elementOrHash.elementID: 36035840064.102>
              Icon, 0x1159dca00 <AX element pid: 174, elementOrHash.elementID: 36024175808.103>
              Icon, 0x1159dcb40 <AX element pid: 174, elementOrHash.elementID: 36023792960.104>
              Icon, 0x1159dcc80 <AX element pid: 174, elementOrHash.elementID: 36024840576.105>
              Icon, 0x1159dcdc0 <AX element pid: 174, elementOrHash.elementID: 36024206656.106>
              Icon, 0x1159dcf00 <AX element pid: 174, elementOrHash.elementID: 36023793344.107>
              Icon, 0x1159dd040 <AX element pid: 174, elementOrHash.elementID: 36024183296.108>
              Icon, 0x1159dd180 <AX element pid: 174, elementOrHash.elementID: 36024259456.109>
              Icon, 0x1159dd2c0 <AX element pid: 174, elementOrHash.elementID: 36024838464.110>
              Icon, 0x1159dd400 <AX element pid: 174, elementOrHash.elementID: 36024596928.111>
              Icon, 0x1159dd540 <AX element pid: 174, elementOrHash.elementID: 36024207040.112>
              Icon, 0x1159dd680 <AX element pid: 174, elementOrHash.elementID: 36024209536.113>
              Icon, 0x1159dd7c0 <AX element pid: 174, elementOrHash.elementID: 36024186176.114>
            Icon, 0x1159dd900 <AX element pid: 174, elementOrHash.elementID: 36035588864.64>
              Icon, 0x1159dda40 <AX element pid: 174, elementOrHash.elementID: 35905396224.1354>
                Other, 0x1159ddb80 <AX element pid: 174, elementOrHash.elementID: 35889626432.1385>
                  Other, 0x1159ddcc0 <AX element pid: 174, elementOrHash.elementID: 35889807360.1400>
                    Other, 0x1159dde00 <AX element pid: 174, elementOrHash.elementID: 36042307072.1621>
                      Other, 0x1159ddf40 <AX element pid: 174, elementOrHash.elementID: 35941852544.3026>
                  Other, 0x1159de080 <AX element pid: 174, elementOrHash.elementID: 35889772928.1739>
                    Other, 0x1159de1c0 <AX element pid: 174, elementOrHash.elementID: 35889807808.1750>
                      Image, 0x1159de300 <AX element pid: 174, elementOrHash.elementID: 36055535616.1770>
                      Image, 0x1159de440 <AX element pid: 174, elementOrHash.elementID: 36055535104.1771>
              Icon, 0x1159de580 <AX element pid: 174, elementOrHash.elementID: 35943677952.1368>
                Other, 0x1159de6c0 <AX element pid: 174, elementOrHash.elementID: 35943600512.1383>
                  Other, 0x1159de800 <AX element pid: 174, elementOrHash.elementID: 35921982592.1398>
                    Other, 0x1159de940 <AX element pid: 174, elementOrHash.elementID: 35889765888.2611>
                      Other, 0x1159dea80 <AX element pid: 174, elementOrHash.elementID: 35876112256.3027>
                  Other, 0x1159debc0 <AX element pid: 174, elementOrHash.elementID: 35922150656.1740>
                    Other, 0x1159ded00 <AX element pid: 174, elementOrHash.elementID: 35921983040.1751>
                      Image, 0x1159dee40 <AX element pid: 174, elementOrHash.elementID: 36039377920.1773>
                      Image, 0x1159def80 <AX element pid: 174, elementOrHash.elementID: 36039377408.1774>
              Icon, 0x1159df0c0 <AX element pid: 174, elementOrHash.elementID: 35941709312.1555>
                Other, 0x1159df200 <AX element pid: 174, elementOrHash.elementID: 35942350144.1574>
                  Other, 0x1159df340 <AX element pid: 174, elementOrHash.elementID: 35887740480.1603>
                    Other, 0x1159df480 <AX element pid: 174, elementOrHash.elementID: 35889827584.1643>
                      Other, 0x1159df5c0 <AX element pid: 174, elementOrHash.elementID: 35876122496.3028>
                  Other, 0x1159df700 <AX element pid: 174, elementOrHash.elementID: 35888278784.1604>
                    Other, 0x1159df840 <AX element pid: 174, elementOrHash.elementID: 35887736896.1642>
                      Image, 0x1159df980 <AX element pid: 174, elementOrHash.elementID: 36052131328.1699>
                      Image, 0x1159dfac0 <AX element pid: 174, elementOrHash.elementID: 36052126720.1700>
              Icon, 0x1159dfc00 <AX element pid: 174, elementOrHash.elementID: 35943706624.1143>
                Other, 0x1159dfd40 <AX element pid: 174, elementOrHash.elementID: 35943608576.1567>
                  Other, 0x1159dfe80 <AX element pid: 174, elementOrHash.elementID: 35921976768.1589>
                    Other, 0x1159e0000 <AX element pid: 174, elementOrHash.elementID: 35889773568.1436>
                      Other, 0x1159e0140 <AX element pid: 174, elementOrHash.elementID: 35905292800.3029>
                  Other, 0x1159e0280 <AX element pid: 174, elementOrHash.elementID: 35903654400.1590>
                    Other, 0x1159e03c0 <AX element pid: 174, elementOrHash.elementID: 35887731968.1628>
                      Image, 0x1159e0500 <AX element pid: 174, elementOrHash.elementID: 36053854208.1672>
                      Image, 0x1159e0640 <AX element pid: 174, elementOrHash.elementID: 36053856768.1673>
              Icon, 0x1159e0780 <AX element pid: 174, elementOrHash.elementID: 35905489920.1560>
                Other, 0x1159e08c0 <AX element pid: 174, elementOrHash.elementID: 35887708160.1579>
                  Other, 0x1159e0a00 <AX element pid: 174, elementOrHash.elementID: 35887694272.1613>
                    Other, 0x1159e0b40 <AX element pid: 174, elementOrHash.elementID: 35888238976.1438>
                      Other, 0x1159e0c80 <AX element pid: 174, elementOrHash.elementID: 35876099712.3030>
                  Other, 0x1159e0dc0 <AX element pid: 174, elementOrHash.elementID: 35889714816.1614>
                    Other, 0x1159e0f00 <AX element pid: 174, elementOrHash.elementID: 35887695168.1653>
                      Image, 0x1159e1040 <AX element pid: 174, elementOrHash.elementID: 36055469568.1715>
                      Image, 0x1159e1180 <AX element pid: 174, elementOrHash.elementID: 36055469056.1716>
              Icon, 0x1159e12c0 <AX element pid: 174, elementOrHash.elementID: 35904843776.1376>
                Other, 0x1159e1400 <AX element pid: 174, elementOrHash.elementID: 35889589184.1392>
                  Other, 0x1159e1540 <AX element pid: 174, elementOrHash.elementID: 35889590080.1413>
                    Other, 0x1159e1680 <AX element pid: 174, elementOrHash.elementID: 36017871744.288>
                      Other, 0x1159e17c0 <AX element pid: 174, elementOrHash.elementID: 35941854464.3031>
                  Other, 0x1159e1900 <AX element pid: 174, elementOrHash.elementID: 35888248576.1414>
                    Other, 0x1159e1a40 <AX element pid: 174, elementOrHash.elementID: 35889591872.1439>
                      Image, 0x1159e1b80 <AX element pid: 174, elementOrHash.elementID: 36055018496.1472>
                      Image, 0x1159e1cc0 <AX element pid: 174, elementOrHash.elementID: 36055013376.1473>
              Icon, 0x1159e1e00 <AX element pid: 174, elementOrHash.elementID: 35943694336.119>
                Other, 0x1159e1f40 <AX element pid: 174, elementOrHash.elementID: 35943604992.161>
                  Other, 0x1159e2080 <AX element pid: 174, elementOrHash.elementID: 35920557184.203>
                    Other, 0x1159e21c0 <AX element pid: 174, elementOrHash.elementID: 35889719296.1633>
                      Other, 0x1159e2300 <AX element pid: 174, elementOrHash.elementID: 35876117376.3032>
                  Other, 0x1159e2440 <AX element pid: 174, elementOrHash.elementID: 35944979968.204>
                    Other, 0x1159e2580 <AX element pid: 174, elementOrHash.elementID: 35910755968.271>
                      Image, 0x1159e26c0 <AX element pid: 174, elementOrHash.elementID: 36046516224.343>
                      Image, 0x1159e2800 <AX element pid: 174, elementOrHash.elementID: 36046515712.344>
              Icon, 0x1159e2940 <AX element pid: 174, elementOrHash.elementID: 35904516096.1549>
                Other, 0x1159e2a80 <AX element pid: 174, elementOrHash.elementID: 35907066880.1568>
                  Other, 0x1159e2bc0 <AX element pid: 174, elementOrHash.elementID: 35891482560.1591>
                    Other, 0x1159e2d00 <AX element pid: 174, elementOrHash.elementID: 35888220672.1656>
                      Other, 0x1159e2e40 <AX element pid: 174, elementOrHash.elementID: 35876121856.3033>
                  Other, 0x1159e2f80 <AX element pid: 174, elementOrHash.elementID: 35887504256.1592>
                    Other, 0x1159e30c0 <AX element pid: 174, elementOrHash.elementID: 35887807360.1630>
                      Image, 0x1159e3200 <AX element pid: 174, elementOrHash.elementID: 36055015936.1676>
                      Image, 0x1159e3340 <AX element pid: 174, elementOrHash.elementID: 36055014912.1677>
              Icon, 0x1159e3480 <AX element pid: 174, elementOrHash.elementID: 35905391616.1372>
                Other, 0x1159e35c0 <AX element pid: 174, elementOrHash.elementID: 35889622400.1388>
                  Other, 0x1159e3700 <AX element pid: 174, elementOrHash.elementID: 35889622848.1405>
                    Other, 0x1159e3840 <AX element pid: 174, elementOrHash.elementID: 35887443840.2516>
                      Other, 0x1159e3980 <AX element pid: 174, elementOrHash.elementID: 35957085184.3034>
                  Other, 0x1159e3ac0 <AX element pid: 174, elementOrHash.elementID: 35889767168.1406>
                    Other, 0x1159e3c00 <AX element pid: 174, elementOrHash.elementID: 35889623296.1432>
                      Image, 0x1159e3d40 <AX element pid: 174, elementOrHash.elementID: 36055531520.1459>
                      Image, 0x1159e3e80 <AX element pid: 174, elementOrHash.elementID: 36055481856.1460>
              Icon, 0x1159e8000 <AX element pid: 174, elementOrHash.elementID: 35943691776.1546>
                Other, 0x1159e8140 <AX element pid: 174, elementOrHash.elementID: 35943604544.1564>
                  Other, 0x1159e8280 <AX element pid: 174, elementOrHash.elementID: 35957582336.1583>
                    Other, 0x1159e83c0 <AX element pid: 174, elementOrHash.elementID: 35921991936.1638>
                      Other, 0x1159e8500 <AX element pid: 174, elementOrHash.elementID: 35923123712.3035>
                  Other, 0x1159e8640 <AX element pid: 174, elementOrHash.elementID: 35888275584.1584>
                    Other, 0x1159e8780 <AX element pid: 174, elementOrHash.elementID: 36004838272.1623>
                      Image, 0x1159e88c0 <AX element pid: 174, elementOrHash.elementID: 36052134400.1661>
                      Image, 0x1159e8a00 <AX element pid: 174, elementOrHash.elementID: 36052130304.1662>
              Icon, 0x1159e8b40 <AX element pid: 174, elementOrHash.elementID: 35943679488.1563>
                Other, 0x1159e8c80 <AX element pid: 174, elementOrHash.elementID: 35943600960.1582>
                  Other, 0x1159e8dc0 <AX element pid: 174, elementOrHash.elementID: 35887739584.1619>
                    Other, 0x1159e8f00 <AX element pid: 174, elementOrHash.elementID: 35904824064.311>
                      Other, 0x1159e9040 <AX element pid: 174, elementOrHash.elementID: 35909329664.3036>
                  Other, 0x1159e9180 <AX element pid: 174, elementOrHash.elementID: 35888281984.1620>
                    Other, 0x1159e92c0 <AX element pid: 174, elementOrHash.elementID: 35887734208.1658>
                      Image, 0x1159e9400 <AX element pid: 174, elementOrHash.elementID: 36053844480.1724>
                      Image, 0x1159e9540 <AX element pid: 174, elementOrHash.elementID: 36053843968.1725>
              Icon, 0x1159e9680 <AX element pid: 174, elementOrHash.elementID: 35943727104.116>
                Other, 0x1159e97c0 <AX element pid: 174, elementOrHash.elementID: 35943609472.158>
                  Other, 0x1159e9900 <AX element pid: 174, elementOrHash.elementID: 35923107712.197>
                    Other, 0x1159e9a40 <AX element pid: 174, elementOrHash.elementID: 35889717376.1637>
                      Other, 0x1159e9b80 <AX element pid: 174, elementOrHash.elementID: 35876110336.3037>
                  Other, 0x1159e9cc0 <AX element pid: 174, elementOrHash.elementID: 35904820864.198>
                    Other, 0x1159e9e00 <AX element pid: 174, elementOrHash.elementID: 35923099648.265>
                      Image, 0x1159e9f40 <AX element pid: 174, elementOrHash.elementID: 36044152320.334>
                      Image, 0x1159ea080 <AX element pid: 174, elementOrHash.elementID: 36044151808.335>
              Icon, 0x1159ea1c0 <AX element pid: 174, elementOrHash.elementID: 35905491456.1547>
                Other, 0x1159ea300 <AX element pid: 174, elementOrHash.elementID: 35887693824.1565>
                  Other, 0x1159ea440 <AX element pid: 174, elementOrHash.elementID: 35889610752.1585>
                    Other, 0x1159ea580 <AX element pid: 174, elementOrHash.elementID: 35904822144.264>
                      Other, 0x1159ea6c0 <AX element pid: 174, elementOrHash.elementID: 35876121216.3038>
                  Other, 0x1159ea800 <AX element pid: 174, elementOrHash.elementID: 35889716736.1586>
                    Other, 0x1159ea940 <AX element pid: 174, elementOrHash.elementID: 35889611200.1625>
                      Image, 0x1159eaa80 <AX element pid: 174, elementOrHash.elementID: 36055470592.1664>
                      Image, 0x1159eabc0 <AX element pid: 174, elementOrHash.elementID: 36055470080.1665>
              Icon, 0x1159ead00 <AX element pid: 174, elementOrHash.elementID: 35943593472.1554>
                Other, 0x1159eae40 <AX element pid: 174, elementOrHash.elementID: 35943600064.1573>
                  Other, 0x1159eaf80 <AX element pid: 174, elementOrHash.elementID: 35922183040.1601>
                    Other, 0x1159eb0c0 <AX element pid: 174, elementOrHash.elementID: 35887493632.3021>
                      Other, 0x1159eb200 <AX element pid: 174, elementOrHash.elementID: 35891044480.3039>
                  Other, 0x1159eb340 <AX element pid: 174, elementOrHash.elementID: 35922157056.1602>
                    Other, 0x1159eb480 <AX element pid: 174, elementOrHash.elementID: 35922183488.1641>
                      Image, 0x1159eb5c0 <AX element pid: 174, elementOrHash.elementID: 36039390720.1696>
                      Image, 0x1159eb700 <AX element pid: 174, elementOrHash.elementID: 36039390208.1697>
              Icon, 0x1159eb840 <AX element pid: 174, elementOrHash.elementID: 35943708160.135>
                Other, 0x1159eb980 <AX element pid: 174, elementOrHash.elementID: 35943609024.177>
                  Other, 0x1159ebac0 <AX element pid: 174, elementOrHash.elementID: 35909462528.235>
                    Other, 0x1159ebc00 <AX element pid: 174, elementOrHash.elementID: 35943793280.1645>
                      Other, 0x1159ebd40 <AX element pid: 174, elementOrHash.elementID: 35888216448.3040>
                  Other, 0x1159ebe80 <AX element pid: 174, elementOrHash.elementID: 35903660160.236>
                    Other, 0x1159f0000 <AX element pid: 174, elementOrHash.elementID: 35909461632.303>
                      Image, 0x1159f0140 <AX element pid: 174, elementOrHash.elementID: 36021239808.391>
                      Image, 0x1159f0280 <AX element pid: 174, elementOrHash.elementID: 36045234176.392>
              Icon, 0x1159f03c0 <AX element pid: 174, elementOrHash.elementID: 35943695872.140>
                Other, 0x1159f0500 <AX element pid: 174, elementOrHash.elementID: 35943605440.182>
                  Other, 0x1159f0640 <AX element pid: 174, elementOrHash.elementID: 35909463872.245>
                    Other, 0x1159f0780 <AX element pid: 174, elementOrHash.elementID: 35976178304.313>
                      Other, 0x1159f08c0 <AX element pid: 174, elementOrHash.elementID: 35909320704.3041>
                  Other, 0x1159f0a00 <AX element pid: 174, elementOrHash.elementID: 35908194688.246>
                    Other, 0x1159f0b40 <AX element pid: 174, elementOrHash.elementID: 35909454912.314>
                      Image, 0x1159f0c80 <AX element pid: 174, elementOrHash.elementID: 36039489024.407>
                      Image, 0x1159f0dc0 <AX element pid: 174, elementOrHash.elementID: 36039489536.408>
              Icon, 0x1159f0f00 <AX element pid: 174, elementOrHash.elementID: 35905492992.1548>
                Other, 0x1159f1040 <AX element pid: 174, elementOrHash.elementID: 35889611648.1566>
                  Other, 0x1159f1180 <AX element pid: 174, elementOrHash.elementID: 35889612096.1587>
                    Other, 0x1159f12c0 <AX element pid: 174, elementOrHash.elementID: 35887301888.1431>
                      Other, 0x1159f1400 <AX element pid: 174, elementOrHash.elementID: 35876119296.3042>
                  Other, 0x1159f1540 <AX element pid: 174, elementOrHash.elementID: 35889718656.1588>
                    Other, 0x1159f1680 <AX element pid: 174, elementOrHash.elementID: 35889612544.1627>
                      Image, 0x1159f17c0 <AX element pid: 174, elementOrHash.elementID: 36055472128.1667>
                      Image, 0x1159f1900 <AX element pid: 174, elementOrHash.elementID: 36055471616.1668>
              Icon, 0x1159f1a40 <AX element pid: 174, elementOrHash.elementID: 35943579648.129>
                Other, 0x1159f1b80 <AX element pid: 174, elementOrHash.elementID: 35943596032.171>
                  Other, 0x1159f1cc0 <AX element pid: 174, elementOrHash.elementID: 35909462080.223>
                    Other, 0x1159f1e00 <AX element pid: 174, elementOrHash.elementID: 35893129728.1640>
                      Other, 0x1159f1f40 <AX element pid: 174, elementOrHash.elementID: 35876118656.3043>
                  Other, 0x1159f2080 <AX element pid: 174, elementOrHash.elementID: 35903662080.224>
                    Other, 0x1159f21c0 <AX element pid: 174, elementOrHash.elementID: 35909456704.291>
                      Image, 0x1159f2300 <AX element pid: 174, elementOrHash.elementID: 36045230080.373>
                      Image, 0x1159f2440 <AX element pid: 174, elementOrHash.elementID: 36045229568.374>
              Icon, 0x1159f2580 <AX element pid: 174, elementOrHash.elementID: 35904839168.1377>
                Other, 0x1159f26c0 <AX element pid: 174, elementOrHash.elementID: 35887797504.1393>
                  Other, 0x1159f2800 <AX element pid: 174, elementOrHash.elementID: 35887807808.1415>
                    Other, 0x1159f2940 <AX element pid: 174, elementOrHash.elementID: 35887442560.3022>
                      Other, 0x1159f2a80 <AX element pid: 174, elementOrHash.elementID: 35903660800.3044>
                  Other, 0x1159f2bc0 <AX element pid: 174, elementOrHash.elementID: 35888221952.1416>
                    Other, 0x1159f2d00 <AX element pid: 174, elementOrHash.elementID: 35887797952.1442>
                      Image, 0x1159f2e40 <AX element pid: 174, elementOrHash.elementID: 36055015424.1476>
                      Image, 0x1159f2f80 <AX element pid: 174, elementOrHash.elementID: 36055019520.1477>
              Icon, 0x1159f30c0 <AX element pid: 174, elementOrHash.elementID: 35905393152.1552>
                Other, 0x1159f3200 <AX element pid: 174, elementOrHash.elementID: 35889623744.1571>
                  Other, 0x1159f3340 <AX element pid: 174, elementOrHash.elementID: 35889624192.1597>
                    Other, 0x1159f3480 <AX element pid: 174, elementOrHash.elementID: 35887330432.2047>
                      Other, 0x1159f35c0 <AX element pid: 174, elementOrHash.elementID: 35887474688.3045>
                  Other, 0x1159f3700 <AX element pid: 174, elementOrHash.elementID: 35889769088.1598>
                    Other, 0x1159f3840 <AX element pid: 174, elementOrHash.elementID: 35889624640.1636>
                      Image, 0x1159f3980 <AX element pid: 174, elementOrHash.elementID: 36055533056.1687>
                      Image, 0x1159f3ac0 <AX element pid: 174, elementOrHash.elementID: 36055532544.1688>
              Icon, 0x1159f3c00 <AX element pid: 174, elementOrHash.elementID: 35943728640.126>
                Other, 0x1159f3d40 <AX element pid: 174, elementOrHash.elementID: 35943609920.168>
                  Other, 0x1159f3e80 <AX element pid: 174, elementOrHash.elementID: 35921979456.217>
                    Other, 0x1159fc000 <AX element pid: 174, elementOrHash.elementID: 35875789056.3023>
                      Other, 0x1159fc140 <AX element pid: 174, elementOrHash.elementID: 35909321984.3046>
                  Other, 0x1159fc280 <AX element pid: 174, elementOrHash.elementID: 35921998976.218>
                    Other, 0x1159fc3c0 <AX element pid: 174, elementOrHash.elementID: 35921979904.285>
                      Image, 0x1159fc500 <AX element pid: 174, elementOrHash.elementID: 36039288320.364>
                      Image, 0x1159fc640 <AX element pid: 174, elementOrHash.elementID: 36039287808.365>
              Icon, 0x1159fc780 <AX element pid: 174, elementOrHash.elementID: 35904517632.1550>
                Other, 0x1159fc8c0 <AX element pid: 174, elementOrHash.elementID: 35892693632.1569>
                  Other, 0x1159fca00 <AX element pid: 174, elementOrHash.elementID: 35892704384.1593>
                    Other, 0x1159fcb40 <AX element pid: 174, elementOrHash.elementID: 35887504896.1631>
                      Other, 0x1159fcc80 <AX element pid: 174, elementOrHash.elementID: 35876118016.3047>
                  Other, 0x1159fcdc0 <AX element pid: 174, elementOrHash.elementID: 35888235136.1594>
                    Other, 0x1159fcf00 <AX element pid: 174, elementOrHash.elementID: 35892692288.1632>
                      Image, 0x1159fd040 <AX element pid: 174, elementOrHash.elementID: 36053856256.1679>
                      Image, 0x1159fd180 <AX element pid: 174, elementOrHash.elementID: 36053851136.1680>
              Icon, 0x1159fd2c0 <AX element pid: 174, elementOrHash.elementID: 35905394688.1556>
                Other, 0x1159fd400 <AX element pid: 174, elementOrHash.elementID: 35889625088.1575>
                  Other, 0x1159fd540 <AX element pid: 174, elementOrHash.elementID: 35889625536.1605>
                    Other, 0x1159fd680 <AX element pid: 174, elementOrHash.elementID: 35889715456.1624>
                      Other, 0x1159fd7c0 <AX element pid: 174, elementOrHash.elementID: 35876125056.3048>
                  Other, 0x1159fd900 <AX element pid: 174, elementOrHash.elementID: 35889771008.1606>
                    Other, 0x1159fda40 <AX element pid: 174, elementOrHash.elementID: 35889625984.1644>
                      Image, 0x1159fdb80 <AX element pid: 174, elementOrHash.elementID: 36055534080.1702>
                      Image, 0x1159fdcc0 <AX element pid: 174, elementOrHash.elementID: 36055533568.1703>
              Icon, 0x1159fde00 <AX element pid: 174, elementOrHash.elementID: 35941707776.137>
                Other, 0x1159fdf40 <AX element pid: 174, elementOrHash.elementID: 35942349696.179>
                  Other, 0x1159fe080 <AX element pid: 174, elementOrHash.elementID: 35921984384.239>
                    Other, 0x1159fe1c0 <AX element pid: 174, elementOrHash.elementID: 35888203008.3024>
                      Other, 0x1159fe300 <AX element pid: 174, elementOrHash.elementID: 35876094592.3049>
                    Other, 0x1159fe440 <AX element pid: 174, elementOrHash.elementID: 35920638464.309>
                      Other, 0x1159fe580 <AX element pid: 174, elementOrHash.elementID: 35921973184.400>
                        Image, 0x1159fe6c0 <AX element pid: 174, elementOrHash.elementID: 36046661120.416>
                  Other, 0x1159fe800 <AX element pid: 174, elementOrHash.elementID: 35922153216.240>
                    Other, 0x1159fe940 <AX element pid: 174, elementOrHash.elementID: 35921984832.307>
                      Image, 0x1159fea80 <AX element pid: 174, elementOrHash.elementID: 36039383040.397>
                      Image, 0x1159febc0 <AX element pid: 174, elementOrHash.elementID: 36039382528.398>
              Icon, 0x1159fed00 <AX element pid: 174, elementOrHash.elementID: 35904840704.1561>
                Other, 0x1159fee40 <AX element pid: 174, elementOrHash.elementID: 35889589632.1580>
                  Other, 0x1159fef80 <AX element pid: 174, elementOrHash.elementID: 35889588288.1615>
                    Other, 0x1159ff0c0 <AX element pid: 174, elementOrHash.elementID: 35888170240.2122>
                      Other, 0x1159ff200 <AX element pid: 174, elementOrHash.elementID: 35887476608.3050>
                  Other, 0x1159ff340 <AX element pid: 174, elementOrHash.elementID: 35888242816.1616>
                    Other, 0x1159ff480 <AX element pid: 174, elementOrHash.elementID: 35889588736.1655>
                      Image, 0x1159ff5c0 <AX element pid: 174, elementOrHash.elementID: 36055023104.1718>
                      Image, 0x1159ff700 <AX element pid: 174, elementOrHash.elementID: 36055020544.1719>
              Icon, 0x1159ff840 <AX element pid: 174, elementOrHash.elementID: 35905494528.1551>
                Other, 0x1159ff980 <AX element pid: 174, elementOrHash.elementID: 35889612992.1570>
                  Other, 0x1159ffac0 <AX element pid: 174, elementOrHash.elementID: 35889613440.1595>
                    Other, 0x1159ffc00 <AX element pid: 174, elementOrHash.elementID: 35887441280.2515>
                      Other, 0x1159ffd40 <AX element pid: 174, elementOrHash.elementID: 35909332864.3051>
                  Other, 0x1159ffe80 <AX element pid: 174, elementOrHash.elementID: 35889720576.1596>
                    Other, 0x1158f4000 <AX element pid: 174, elementOrHash.elementID: 35889613888.1634>
                      Image, 0x1158f4140 <AX element pid: 174, elementOrHash.elementID: 36055473152.1682>
                      Image, 0x1158f4280 <AX element pid: 174, elementOrHash.elementID: 36055472640.1683>
              Icon, 0x1158f43c0 <AX element pid: 174, elementOrHash.elementID: 35943581184.1557>
                Other, 0x1158f4500 <AX element pid: 174, elementOrHash.elementID: 35943596480.1576>
                  Other, 0x1158f4640 <AX element pid: 174, elementOrHash.elementID: 35922182144.1607>
                    Other, 0x1158f4780 <AX element pid: 174, elementOrHash.elementID: 35903653760.2828>
                      Other, 0x1158f48c0 <AX element pid: 174, elementOrHash.elementID: 35876112896.3052>
                  Other, 0x1158f4a00 <AX element pid: 174, elementOrHash.elementID: 35922155776.1608>
                    Other, 0x1158f4b40 <AX element pid: 174, elementOrHash.elementID: 35922182592.1646>
                      Image, 0x1158f4c80 <AX element pid: 174, elementOrHash.elementID: 36039388160.1705>
                      Image, 0x1158f4dc0 <AX element pid: 174, elementOrHash.elementID: 36039387648.1706>
              Icon, 0x1158f4f00 <AX element pid: 174, elementOrHash.elementID: 35904842240.1562>
                Other, 0x1158f5040 <AX element pid: 174, elementOrHash.elementID: 35889590528.1581>
                  Other, 0x1158f5180 <AX element pid: 174, elementOrHash.elementID: 35889590976.1617>
                    Other, 0x1158f52c0 <AX element pid: 174, elementOrHash.elementID: 35887484032.3025>
                      Other, 0x1158f5400 <AX element pid: 174, elementOrHash.elementID: 35876116096.3053>
                  Other, 0x1158f5540 <AX element pid: 174, elementOrHash.elementID: 35888227712.1618>
                    Other, 0x1158f5680 <AX element pid: 174, elementOrHash.elementID: 35889593664.1657>
                      Image, 0x1158f57c0 <AX element pid: 174, elementOrHash.elementID: 36055022592.1721>
                      Image, 0x1158f5900 <AX element pid: 174, elementOrHash.elementID: 36055012864.1722>
            Icon, 0x1158f5a40 <AX element pid: 174, elementOrHash.elementID: 36035589376.65>
              Icon, 0x1158f5b80 <AX element pid: 174, elementOrHash.elementID: 36023791424.143>
            PageIndicator, 0x1158f5cc0 <AX element pid: 174, elementOrHash.elementID: 35941843584.66>
        Other, 0x1158f5e00 <AX element pid: 174, elementOrHash.elementID: 36034925568.45>
      Other, 0x1158f5f40 <AX element pid: 174, elementOrHash.elementID: 36034935808.32>
  Window, 0x1158f6080 <AX element pid: 174, elementOrHash.elementID: 36032077824.11>
    Other, 0x1158f61c0 <AX element pid: 174, elementOrHash.elementID: 35953538624.20>
      Other, 0x1158f6300 <AX element pid: 174, elementOrHash.elementID: 35953538176.33>
  Window, 0x1158f6440 <AX element pid: 174, elementOrHash.elementID: 36018690304.12>
    Other, 0x1158f6580 <AX element pid: 174, elementOrHash.elementID: 36017882432.21>
      Other, 0x1158f66c0 <AX element pid: 174, elementOrHash.elementID: 36038462464.34>
        Other, 0x1158f6800 <AX element pid: 174, elementOrHash.elementID: 35920632704.46>
          Other, 0x1158f6940 <AX element pid: 174, elementOrHash.elementID: 35920548672.54>
            Other, 0x1158f6a80 <AX element pid: 174, elementOrHash.elementID: 35910751040.2948>
            Other, 0x1158f6bc0 <AX element pid: 174, elementOrHash.elementID: 35907105024.2949>
            Other, 0x1158f6d00 <AX element pid: 174, elementOrHash.elementID: 35920551360.69>
            Other, 0x1158f6e40 <AX element pid: 174, elementOrHash.elementID: 35920551808.70>
            Other, 0x1158f6f80 <AX element pid: 174, elementOrHash.elementID: 35887657216.2950>
            Other, 0x1158f70c0 <AX element pid: 174, elementOrHash.elementID: 35887649600.2951>
            Other, 0x1158f7200 <AX element pid: 174, elementOrHash.elementID: 35920553152.73>
            Other, 0x1158f7340 <AX element pid: 174, elementOrHash.elementID: 35920549120.74>
      Other, 0x1158f7480 <AX element pid: 174, elementOrHash.elementID: 36049184256.2942>
        Other, 0x1158f75c0 <AX element pid: 174, elementOrHash.elementID: 11494289431044805875.9999>
          Other, 0x1158f7700 <AX element pid: 333, elementOrHash.elementID: 4309013472.4>
            Other, 0x1158f7840 <AX element pid: 333, elementOrHash.elementID: 4309041312.5>
              Other, 0x1158f7980 <AX element pid: 333, elementOrHash.elementID: 4308983520.6>
                Other, 0x1158f7ac0 <AX element pid: 333, elementOrHash.elementID: 4309005120.7>
      Other, 0x1158f7c00 <AX element pid: 174, elementOrHash.elementID: 36058049536.2867>
        Other, 0x1158f7d40 <AX element pid: 174, elementOrHash.elementID: 35889837824.2868>
          Other, 0x1158f7e80 <AX element pid: 174, elementOrHash.elementID: 35890595584.2870>
  Window, 0x115910000 <AX element pid: 174, elementOrHash.elementID: 36018691584.13>
    Other, 0x115910140 <AX element pid: 174, elementOrHash.elementID: 36017885568.22>
  Window, 0x115910280 <AX element pid: 174, elementOrHash.elementID: 36018685184.1812>
    Other, 0x1159103c0 <AX element pid: 174, elementOrHash.elementID: 35889648896.1813>
      Other, 0x115910500 <AX element pid: 174, elementOrHash.elementID: 35887702784.1815>
  Window, 0x115910640 <AX element pid: 174, elementOrHash.elementID: 35951108864.14>
    Other, 0x115910780 <AX element pid: 174, elementOrHash.elementID: 35953539072.23>
      Other, 0x1159108c0 <AX element pid: 174, elementOrHash.elementID: 35953539968.37>
  Window, 0x115910a00 <AX element pid: 174, elementOrHash.elementID: 35920354816.15>
    Other, 0x115910b40 <AX element pid: 174, elementOrHash.elementID: 35923110400.24>
      Other, 0x115910c80 <AX element pid: 174, elementOrHash.elementID: 35923112192.38>
  Window, 0x115910dc0 <AX element pid: 174, elementOrHash.elementID: 36036372480.9>
    Other, 0x115910f00 <AX element pid: 174, elementOrHash.elementID: 35942339840.25>
      Other, 0x115911040 <AX element pid: 174, elementOrHash.elementID: 35942340288.39>
        Other, 0x115911180 <AX element pid: 174, elementOrHash.elementID: 35942345216.48>
        Other, 0x1159112c0 <AX element pid: 174, elementOrHash.elementID: 35942345664.49>
        Other, 0x115911400 <AX element pid: 174, elementOrHash.elementID: 35941851264.50>
          Other, 0x115911540 <AX element pid: 174, elementOrHash.elementID: 36036367360.56>
            Icon, 0x115911680 <AX element pid: 174, elementOrHash.elementID: 35943737856.6>
              Other, 0x1159117c0 <AX element pid: 174, elementOrHash.elementID: 35943844928.145>
                Other, 0x115911900 <AX element pid: 174, elementOrHash.elementID: 35943845376.185>
                  Other, 0x115911a40 <AX element pid: 174, elementOrHash.elementID: 35943797760.251>
                    Other, 0x115911b80 <AX element pid: 174, elementOrHash.elementID: 35943806720.319>
            Icon, 0x115911cc0 <AX element pid: 174, elementOrHash.elementID: 35943739392.75>
              Other, 0x115911e00 <AX element pid: 174, elementOrHash.elementID: 35943845824.146>
                Other, 0x115911f40 <AX element pid: 174, elementOrHash.elementID: 35943846272.186>
                  Other, 0x115912080 <AX element pid: 174, elementOrHash.elementID: 35943792640.252>
                    Other, 0x1159121c0 <AX element pid: 174, elementOrHash.elementID: 35943808000.320>
            Icon, 0x115912300 <AX element pid: 174, elementOrHash.elementID: 35943740928.76>
              Other, 0x115912440 <AX element pid: 174, elementOrHash.elementID: 35943846720.147>
                Other, 0x115912580 <AX element pid: 174, elementOrHash.elementID: 35943847168.187>
                  Other, 0x1159126c0 <AX element pid: 174, elementOrHash.elementID: 35941855104.253>
                    Other, 0x115912800 <AX element pid: 174, elementOrHash.elementID: 35944039040.321>
            Icon, 0x115912940 <AX element pid: 174, elementOrHash.elementID: 35944136704.77>
              Other, 0x115912a80 <AX element pid: 174, elementOrHash.elementID: 35943847616.148>
                Other, 0x115912bc0 <AX element pid: 174, elementOrHash.elementID: 35943848064.188>
                  Other, 0x115912d00 <AX element pid: 174, elementOrHash.elementID: 35943795840.254>
                    Other, 0x115912e40 <AX element pid: 174, elementOrHash.elementID: 35944040320.322>
            Icon, 0x115912f80 <AX element pid: 174, elementOrHash.elementID: 35944138240.78>
              Other, 0x1159130c0 <AX element pid: 174, elementOrHash.elementID: 35943848512.149>
                Other, 0x115913200 <AX element pid: 174, elementOrHash.elementID: 35943848960.189>
                  Other, 0x115913340 <AX element pid: 174, elementOrHash.elementID: 35941858304.255>
                    Other, 0x115913480 <AX element pid: 174, elementOrHash.elementID: 35949554944.2977>
            Icon, 0x1159135c0 <AX element pid: 174, elementOrHash.elementID: 35944139776.79>
              Other, 0x115913700 <AX element pid: 174, elementOrHash.elementID: 35943849856.150>
                Other, 0x115913840 <AX element pid: 174, elementOrHash.elementID: 35943850304.190>
                  Other, 0x115913980 <AX element pid: 174, elementOrHash.elementID: 35943799040.256>
                    Other, 0x115913ac0 <AX element pid: 174, elementOrHash.elementID: 35944043520.324>
            Icon, 0x115913c00 <AX element pid: 174, elementOrHash.elementID: 35944141312.80>
              Other, 0x115913d40 <AX element pid: 174, elementOrHash.elementID: 35943850752.151>
                Other, 0x115913e80 <AX element pid: 174, elementOrHash.elementID: 35943851200.191>
                  Other, 0x115914000 <AX element pid: 174, elementOrHash.elementID: 35941853184.257>
                    Other, 0x115914140 <AX element pid: 174, elementOrHash.elementID: 35944044800.325>
          Other, 0x115914280 <AX element pid: 174, elementOrHash.elementID: 36036369408.57>
            Icon, 0x1159143c0 <AX element pid: 174, elementOrHash.elementID: 35941698560.81>
              Other, 0x115914500 <AX element pid: 174, elementOrHash.elementID: 35942346112.152>
                Other, 0x115914640 <AX element pid: 174, elementOrHash.elementID: 35943611712.192>
                  Other, 0x115914780 <AX element pid: 174, elementOrHash.elementID: 35941853824.258>
                    Other, 0x1159148c0 <AX element pid: 174, elementOrHash.elementID: 35943800960.326>
            Icon, 0x115914a00 <AX element pid: 174, elementOrHash.elementID: 35943734784.82>
              Other, 0x115914b40 <AX element pid: 174, elementOrHash.elementID: 35943841792.153>
                Other, 0x115914c80 <AX element pid: 174, elementOrHash.elementID: 35943842240.193>
                  Other, 0x115914dc0 <AX element pid: 174, elementOrHash.elementID: 35943794560.259>
                    Other, 0x115914f00 <AX element pid: 174, elementOrHash.elementID: 35943802240.327>
                  Other, 0x115915040 <AX element pid: 174, elementOrHash.elementID: 35889825024.1441>
                    Other, 0x115915180 <AX element pid: 174, elementOrHash.elementID: 35889810048.1475>
                      Image, 0x1159152c0 <AX element pid: 174, elementOrHash.elementID: 36055537152.1486>
          Other, 0x115915400 <AX element pid: 174, elementOrHash.elementID: 36036368384.58>
          Icon, 0x115915540 <AX element pid: 174, elementOrHash.elementID: 35944142848.59>
            Other, 0x115915680 <AX element pid: 174, elementOrHash.elementID: 35887499776.2952>
            Other, 0x1159157c0 <AX element pid: 174, elementOrHash.elementID: 35921987456.2953>
            Other, 0x115915900 <AX element pid: 174, elementOrHash.elementID: 35906212864.2954>
            Other, 0x115915a40 <AX element pid: 174, elementOrHash.elementID: 35891053184.513>
      Other, 0x115915b80 <AX element pid: 174, elementOrHash.elementID: 35944048000.40>
        Other, 0x115915cc0 <AX element pid: 174, elementOrHash.elementID: 36037143040.51>
          Other, 0x115915e00 <AX element pid: 174, elementOrHash.elementID: 15888323694556361868.9999>
            Other, 0x115915f40 <AX element pid: 303, elementOrHash.elementID: 4312005392.4>
              Other, 0x115916080 <AX element pid: 303, elementOrHash.elementID: 33807598848.5>
                Other, 0x1159161c0 <AX element pid: 303, elementOrHash.elementID: 33807631232.6>
                  Other, 0x115916300 <AX element pid: 303, elementOrHash.elementID: 33807630336.7>
          Other, 0x115916440 <AX element pid: 174, elementOrHash.elementID: 4828928117917013637.9999>
            Other, 0x115916580 <AX element pid: 303, elementOrHash.elementID: 33807632128.8>
              Other, 0x1159166c0 <AX element pid: 303, elementOrHash.elementID: 33807633920.9>
          Other, 0x115916800 <AX element pid: 174, elementOrHash.elementID: 4707142009615084407.9999>
  Window, 0x115916940 <AX element pid: 174, elementOrHash.elementID: 36022010880.16>
    StatusBar, 0x115916a80 <AX element pid: 174, elementOrHash.elementID: 36017866624.26>
      Other, 0x115916bc0 <AX element pid: 174, elementOrHash.elementID: 36021977088.41>
        Other, 0x115916d00 <AX element pid: 174, elementOrHash.elementID: 35956201600.3054>
          Other, 0x115916e40 <AX element pid: 174, elementOrHash.elementID: 35956206976.3055>
            StaticText, 0x115916f80 <AX element pid: 174, elementOrHash.elementID: 35893188736.3057>
            StaticText, 0x1159170c0 <AX element pid: 174, elementOrHash.elementID: 35951739776.3058>
          Other, 0x115917200 <AX element pid: 174, elementOrHash.elementID: 35948128320.3056>
            Other, 0x115917340 <AX element pid: 174, elementOrHash.elementID: 36046874112.3059>
            Image, 0x115917480 <AX element pid: 174, elementOrHash.elementID: 35887312128.3060>
            StaticText, 0x1159175c0 <AX element pid: 174, elementOrHash.elementID: 35951751424.3061>
            Other, 0x115917700 <AX element pid: 174, elementOrHash.elementID: 35887314048.3062>
    Other, 0x115917840 <AX element pid: 174, elementOrHash.elementID: 36017881984.27>
  Window, 0x115917980 <AX element pid: 174, elementOrHash.elementID: 36032072704.17>
    Other, 0x115917ac0 <AX element pid: 174, elementOrHash.elementID: 35953535488.28>
  Window, 0x115917c00 <AX element pid: 174, elementOrHash.elementID: 36032076800.18>
    Other, 0x115917d40 <AX element pid: 174, elementOrHash.elementID: 35953537728.29>
10:03:12.080 WebDriverAgentRunner-Runner[1852:329613] Found matches {(
    StatusBar
)} with root Application, pid: 174
10:03:12.080 WebDriverAgentRunner-Runner[1852:329613] <XCTContext: 0x1141895e0> finished activity <XCActivityRecord: 0x114d717a0> 2026-07-20 03:03:11 +0000: Get all elements bound by index for: Descendants matching type StatusBar (0.20673s)
10:03:12.080 WebDriverAgentRunner-Runner[1852:329613] <XCTContext: 0x1141895e0> started activity <XCActivityRecord: 0x114d717a0> 2026-07-20 03:03:12 +0000: Find the StatusBar (Element at index 0)
10:03:12.080 WebDriverAgentRunner-Runner[1852:329613] Executing query:
↪︎ Descendants matching type StatusBar
    ↪︎ Element at index 0
10:03:12.080 WebDriverAgentRunner-Runner[1852:329613] Creating future for 'checking for continuity enablement' with timeout 30.00
10:03:12.081 WebDriverAgentRunner-Runner[1852:329613] <XCTWaiter: 0x1157ee730> entering wait loop for 30.00s with expectations: `checking for continuity enablement`
10:03:12.081 WebDriverAgentRunner-Runner[1852:329613] Returning result XCTWaiterResultCompleted for synchronous waiter <XCTWaiter: 0x1157ee730>
10:03:12.081 WebDriverAgentRunner-Runner[1852:329613] Wait <XCTWaiterWait: 0x1143ec880> completed after 0.001s
10:03:12.081 WebDriverAgentRunner-Runner[1852:329613] cleaning up checking for continuity enablement
10:03:12.082 WebDriverAgentRunner-Runner[1852:329613] Should evaluate query remotely? XCTDisableRemoteQueryEvaluation(d-write): YES, hasAutomationSession: YES, supportsRemoteEvaluation: YES
10:03:12.082 WebDriverAgentRunner-Runner[1852:329613] Getting matching snapshots for locally evaluated query
10:03:12.082 WebDriverAgentRunner-Runner[1852:329613] Evaluating query:
 ↪︎ Descendants matching type StatusBar
    ↪︎ Element at index 0
10:03:12.082 WebDriverAgentRunner-Runner[1852:329613] Getting root element snapshot
10:03:12.082 WebDriverAgentRunner-Runner[1852:329613] Getting snapshot for App element pid: 174 for query ↪︎ Descendants matching type StatusBar
    ↪︎ Element at index 0
10:03:12.082 WebDriverAgentRunner-Runner[1852:329613] <XCTContext: 0x1141895e0> started activity <XCActivityRecord: 0x114d716c0> 2026-07-20 03:03:12 +0000: Requesting snapshot of accessibility hierarchy for app with pid 174
10:03:12.082 WebDriverAgentRunner-Runner[1852:329613] Query requires iOS snapshot attributes XC_kAXXCAttributeElementType, XC_kAXXCAttributeElementBaseType, XC_kAXXCAttributeAutomationType, XC_kAXXCAttributeTraits.
10:03:12.082 WebDriverAgentRunner-Runner[1852:329613] XCUIElementQuery <XCTElementSnapshotProvider> getting snapshot
10:03:12.082 WebDriverAgentRunner-Runner[1852:329613] Snapshot request has custom attributes XC_kAXXCAttributeElementType, XC_kAXXCAttributeElementBaseType, XC_kAXXCAttributeAutomationType, XC_kAXXCAttributeTraits
10:03:12.082 WebDriverAgentRunner-Runner[1852:329613] Snapshot request has custom parameters {
    snapshotKeyHonorModalViews = 0;
}
10:03:12.083 WebDriverAgentRunner-Runner[1852:329613] Current snapshot generation is 359
10:03:12.083 WebDriverAgentRunner-Runner[1852:329613] Capturing a new snapshot
10:03:12.083 WebDriverAgentRunner-Runner[1852:329613] Fetching snapshot for App element pid: 174 from testmanagerd with attributes XC_kAXXCAttributeElementType, XC_kAXXCAttributeElementBaseType, XC_kAXXCAttributeParent, XC_kAXXCAttributeIdentifier, XC_kAXXCAttributeAutomationType, XC_kAXXCAttributeTraits and parameters {
    maxArrayCount = 2147483647;
    maxChildren = 2147483647;
    maxDepth = 50;
    snapshotKeyHonorModalViews = 0;
    traverseFromParentsToChildren = 1;
}.
10:03:12.083 WebDriverAgentRunner-Runner[1852:329613] Creating future for 'fetching snapshot from testmanagerd.' with timeout 65.00
10:03:12.083 WebDriverAgentRunner-Runner[1852:329613] <XCTWaiter: 0x1157ef630> entering wait loop for 65.00s with expectations: `fetching snapshot from testmanagerd.`
    t =   171.47s Find the StatusBar (Element at index 0)
    t =   171.47s     Requesting snapshot of accessibility hierarchy for app with pid 174
10:03:12.251 WebDriverAgentRunner-Runner[1852:332905] Got snapshot response with runtime issue support from testmanagerd.
10:03:12.251 WebDriverAgentRunner-Runner[1852:329613] Returning result XCTWaiterResultCompleted for synchronous waiter <XCTWaiter: 0x1157ef630>
10:03:12.251 WebDriverAgentRunner-Runner[1852:329613] Wait <XCTWaiterWait: 0x1143ec000> completed after 0.168s
10:03:12.251 WebDriverAgentRunner-Runner[1852:329613] cleaning up fetching snapshot from testmanagerd.
10:03:12.251 WebDriverAgentRunner-Runner[1852:329613] <XCTContext: 0x1141895e0> finished activity <XCActivityRecord: 0x114d716c0> 2026-07-20 03:03:12 +0000: Requesting snapshot of accessibility hierarchy for app with pid 174 (0.169345s)
10:03:12.252 WebDriverAgentRunner-Runner[1852:329613] XCTPerformOnMainRunLoop[MT]: already on MT; performing block without run loop dispatch - timeouts will not be enforced.
10:03:12.252 WebDriverAgentRunner-Runner[1852:329613] XCTElementQuery: set data source for rootElementSnapshot to (null)
10:03:12.252 WebDriverAgentRunner-Runner[1852:329613] Finding all matches with input Application, pid: 174 using transformers 
↪︎ Descendants matching type StatusBar
    ↪︎ Element at index 0
10:03:12.252 WebDriverAgentRunner-Runner[1852:329613] <XCTContext: 0x1141895e0> started activity <XCActivityRecord: 0x114d716c0> 2026-07-20 03:03:12 +0000: Find: Descendants matching type StatusBar
    t =   171.64s     Find: Descendants matching type StatusBar
10:03:12.254 WebDriverAgentRunner-Runner[1852:329613] <XCTContext: 0x1141895e0> finished activity <XCActivityRecord: 0x114d716c0> 2026-07-20 03:03:12 +0000: Find: Descendants matching type StatusBar (0.00236189s)
10:03:12.254 WebDriverAgentRunner-Runner[1852:329613] [Match All] applied transformer `Descendants matching type StatusBar` to input {(
    Application, pid: 174
)}, found {(
    StatusBar
)}
10:03:12.255 WebDriverAgentRunner-Runner[1852:329613] <XCTContext: 0x1141895e0> started activity <XCActivityRecord: 0x114d716c0> 2026-07-20 03:03:12 +0000: Find: Element at index 0
10:03:12.255 WebDriverAgentRunner-Runner[1852:329613] <XCTContext: 0x1141895e0> finished activity <XCActivityRecord: 0x114d716c0> 2026-07-20 03:03:12 +0000: Find: Element at index 0 (0.000242949s)
10:03:12.255 WebDriverAgentRunner-Runner[1852:329613] [Match All] applied transformer `Element at index 0` to input {(
    StatusBar
)}, found {(
    StatusBar
)}
10:03:12.255 WebDriverAgentRunner-Runner[1852:329613] [Match All] setting out related elements {(
)}
    t =   171.64s     Find: Element at index 0
10:03:12.259 WebDriverAgentRunner-Runner[1852:329613] Current tree:
Application, 0x115917e80, pid: 174 <App element pid: 174>
  Window, 0x115918000 <AX element pid: 174, elementOrHash.elementID: 36032084992.10>
    Other, 0x115918140 <AX element pid: 174, elementOrHash.elementID: 35948119808.19>
      Other, 0x115918280 <AX element pid: 174, elementOrHash.elementID: 35948120256.30>
        Image, 0x1159183c0 <AX element pid: 174, elementOrHash.elementID: 36036531200.42>
        Image, 0x115918500 <AX element pid: 174, elementOrHash.elementID: 36036531712.43>
      Other, 0x115918640 <AX element pid: 174, elementOrHash.elementID: 35948119360.31>
        Other, 0x115918780 <AX element pid: 174, elementOrHash.elementID: 35948131904.44>
          Other, 0x1159188c0 <AX element pid: 174, elementOrHash.elementID: 35941697024.53>
            Other, 0x115918a00 <AX element pid: 174, elementOrHash.elementID: 35948131456.62>
              Other, 0x115918b40 <AX element pid: 174, elementOrHash.elementID: 35948131008.97>
            Icon, 0x115918c80 <AX element pid: 174, elementOrHash.elementID: 36035587328.63>
              Icon, 0x115918dc0 <AX element pid: 174, elementOrHash.elementID: 36035839104.98>
              Icon, 0x115918f00 <AX element pid: 174, elementOrHash.elementID: 36035839296.99>
              Icon, 0x115919040 <AX element pid: 174, elementOrHash.elementID: 36035839488.100>
              Icon, 0x115919180 <AX element pid: 174, elementOrHash.elementID: 36035839872.101>
              Icon, 0x1159192c0 <AX element pid: 174, elementOrHash.elementID: 36035840064.102>
              Icon, 0x115919400 <AX element pid: 174, elementOrHash.elementID: 36024175808.103>
              Icon, 0x115919540 <AX element pid: 174, elementOrHash.elementID: 36023792960.104>
              Icon, 0x115919680 <AX element pid: 174, elementOrHash.elementID: 36024840576.105>
              Icon, 0x1159197c0 <AX element pid: 174, elementOrHash.elementID: 36024206656.106>
              Icon, 0x115919900 <AX element pid: 174, elementOrHash.elementID: 36023793344.107>
              Icon, 0x115919a40 <AX element pid: 174, elementOrHash.elementID: 36024183296.108>
              Icon, 0x115919b80 <AX element pid: 174, elementOrHash.elementID: 36024259456.109>
              Icon, 0x115919cc0 <AX element pid: 174, elementOrHash.elementID: 36024838464.110>
              Icon, 0x115919e00 <AX element pid: 174, elementOrHash.elementID: 36024596928.111>
              Icon, 0x115919f40 <AX element pid: 174, elementOrHash.elementID: 36024207040.112>
              Icon, 0x11591a080 <AX element pid: 174, elementOrHash.elementID: 36024209536.113>
              Icon, 0x11591a1c0 <AX element pid: 174, elementOrHash.elementID: 36024186176.114>
            Icon, 0x11591a300 <AX element pid: 174, elementOrHash.elementID: 36035588864.64>
              Icon, 0x11591a440 <AX element pid: 174, elementOrHash.elementID: 35905396224.1354>
                Other, 0x11591a580 <AX element pid: 174, elementOrHash.elementID: 35889626432.1385>
                  Other, 0x11591a6c0 <AX element pid: 174, elementOrHash.elementID: 35889807360.1400>
                    Other, 0x11591a800 <AX element pid: 174, elementOrHash.elementID: 36042307072.1621>
                      Other, 0x11591a940 <AX element pid: 174, elementOrHash.elementID: 35941852544.3026>
                  Other, 0x11591aa80 <AX element pid: 174, elementOrHash.elementID: 35889772928.1739>
                    Other, 0x11591abc0 <AX element pid: 174, elementOrHash.elementID: 35889807808.1750>
                      Image, 0x11591ad00 <AX element pid: 174, elementOrHash.elementID: 36055535616.1770>
                      Image, 0x11591ae40 <AX element pid: 174, elementOrHash.elementID: 36055535104.1771>
              Icon, 0x11591af80 <AX element pid: 174, elementOrHash.elementID: 35943677952.1368>
                Other, 0x11591b0c0 <AX element pid: 174, elementOrHash.elementID: 35943600512.1383>
                  Other, 0x11591b200 <AX element pid: 174, elementOrHash.elementID: 35921982592.1398>
                    Other, 0x11591b340 <AX element pid: 174, elementOrHash.elementID: 35889765888.2611>
                      Other, 0x11591b480 <AX element pid: 174, elementOrHash.elementID: 35876112256.3027>
                  Other, 0x11591b5c0 <AX element pid: 174, elementOrHash.elementID: 35922150656.1740>
                    Other, 0x11591b700 <AX element pid: 174, elementOrHash.elementID: 35921983040.1751>
                      Image, 0x11591b840 <AX element pid: 174, elementOrHash.elementID: 36039377920.1773>
                      Image, 0x11591b980 <AX element pid: 174, elementOrHash.elementID: 36039377408.1774>
              Icon, 0x11591bac0 <AX element pid: 174, elementOrHash.elementID: 35941709312.1555>
                Other, 0x11591bc00 <AX element pid: 174, elementOrHash.elementID: 35942350144.1574>
                  Other, 0x11591bd40 <AX element pid: 174, elementOrHash.elementID: 35887740480.1603>
                    Other, 0x11591be80 <AX element pid: 174, elementOrHash.elementID: 35889827584.1643>
                      Other, 0x11591c000 <AX element pid: 174, elementOrHash.elementID: 35876122496.3028>
                  Other, 0x11591c140 <AX element pid: 174, elementOrHash.elementID: 35888278784.1604>
                    Other, 0x11591c280 <AX element pid: 174, elementOrHash.elementID: 35887736896.1642>
                      Image, 0x11591c3c0 <AX element pid: 174, elementOrHash.elementID: 36052131328.1699>
                      Image, 0x11591c500 <AX element pid: 174, elementOrHash.elementID: 36052126720.1700>
              Icon, 0x11591c640 <AX element pid: 174, elementOrHash.elementID: 35943706624.1143>
                Other, 0x11591c780 <AX element pid: 174, elementOrHash.elementID: 35943608576.1567>
                  Other, 0x11591c8c0 <AX element pid: 174, elementOrHash.elementID: 35921976768.1589>
                    Other, 0x11591ca00 <AX element pid: 174, elementOrHash.elementID: 35889773568.1436>
                      Other, 0x11591cb40 <AX element pid: 174, elementOrHash.elementID: 35905292800.3029>
                  Other, 0x11591cc80 <AX element pid: 174, elementOrHash.elementID: 35903654400.1590>
                    Other, 0x11591cdc0 <AX element pid: 174, elementOrHash.elementID: 35887731968.1628>
                      Image, 0x11591cf00 <AX element pid: 174, elementOrHash.elementID: 36053854208.1672>
                      Image, 0x11591d040 <AX element pid: 174, elementOrHash.elementID: 36053856768.1673>
              Icon, 0x11591d180 <AX element pid: 174, elementOrHash.elementID: 35905489920.1560>
                Other, 0x11591d2c0 <AX element pid: 174, elementOrHash.elementID: 35887708160.1579>
                  Other, 0x11591d400 <AX element pid: 174, elementOrHash.elementID: 35887694272.1613>
                    Other, 0x11591d540 <AX element pid: 174, elementOrHash.elementID: 35888238976.1438>
                      Other, 0x11591d680 <AX element pid: 174, elementOrHash.elementID: 35876099712.3030>
                  Other, 0x11591d7c0 <AX element pid: 174, elementOrHash.elementID: 35889714816.1614>
                    Other, 0x11591d900 <AX element pid: 174, elementOrHash.elementID: 35887695168.1653>
                      Image, 0x11591da40 <AX element pid: 174, elementOrHash.elementID: 36055469568.1715>
                      Image, 0x11591db80 <AX element pid: 174, elementOrHash.elementID: 36055469056.1716>
              Icon, 0x11591dcc0 <AX element pid: 174, elementOrHash.elementID: 35904843776.1376>
                Other, 0x11591de00 <AX element pid: 174, elementOrHash.elementID: 35889589184.1392>
                  Other, 0x11591df40 <AX element pid: 174, elementOrHash.elementID: 35889590080.1413>
                    Other, 0x11591e080 <AX element pid: 174, elementOrHash.elementID: 36017871744.288>
                      Other, 0x11591e1c0 <AX element pid: 174, elementOrHash.elementID: 35941854464.3031>
                  Other, 0x11591e300 <AX element pid: 174, elementOrHash.elementID: 35888248576.1414>
                    Other, 0x11591e440 <AX element pid: 174, elementOrHash.elementID: 35889591872.1439>
                      Image, 0x11591e580 <AX element pid: 174, elementOrHash.elementID: 36055018496.1472>
                      Image, 0x11591e6c0 <AX element pid: 174, elementOrHash.elementID: 36055013376.1473>
              Icon, 0x11591e800 <AX element pid: 174, elementOrHash.elementID: 35943694336.119>
                Other, 0x11591e940 <AX element pid: 174, elementOrHash.elementID: 35943604992.161>
                  Other, 0x11591ea80 <AX element pid: 174, elementOrHash.elementID: 35920557184.203>
                    Other, 0x11591ebc0 <AX element pid: 174, elementOrHash.elementID: 35889719296.1633>
                      Other, 0x11591ed00 <AX element pid: 174, elementOrHash.elementID: 35876117376.3032>
                  Other, 0x11591ee40 <AX element pid: 174, elementOrHash.elementID: 35944979968.204>
                    Other, 0x11591ef80 <AX element pid: 174, elementOrHash.elementID: 35910755968.271>
                      Image, 0x11591f0c0 <AX element pid: 174, elementOrHash.elementID: 36046516224.343>
                      Image, 0x11591f200 <AX element pid: 174, elementOrHash.elementID: 36046515712.344>
              Icon, 0x11591f340 <AX element pid: 174, elementOrHash.elementID: 35904516096.1549>
                Other, 0x11591f480 <AX element pid: 174, elementOrHash.elementID: 35907066880.1568>
                  Other, 0x11591f5c0 <AX element pid: 174, elementOrHash.elementID: 35891482560.1591>
                    Other, 0x11591f700 <AX element pid: 174, elementOrHash.elementID: 35888220672.1656>
                      Other, 0x11591f840 <AX element pid: 174, elementOrHash.elementID: 35876121856.3033>
                  Other, 0x11591f980 <AX element pid: 174, elementOrHash.elementID: 35887504256.1592>
                    Other, 0x11591fac0 <AX element pid: 174, elementOrHash.elementID: 35887807360.1630>
                      Image, 0x11591fc00 <AX element pid: 174, elementOrHash.elementID: 36055015936.1676>
                      Image, 0x11591fd40 <AX element pid: 174, elementOrHash.elementID: 36055014912.1677>
              Icon, 0x11591fe80 <AX element pid: 174, elementOrHash.elementID: 35905391616.1372>
                Other, 0x115920000 <AX element pid: 174, elementOrHash.elementID: 35889622400.1388>
                  Other, 0x115920140 <AX element pid: 174, elementOrHash.elementID: 35889622848.1405>
                    Other, 0x115920280 <AX element pid: 174, elementOrHash.elementID: 35887443840.2516>
                      Other, 0x1159203c0 <AX element pid: 174, elementOrHash.elementID: 35957085184.3034>
                  Other, 0x115920500 <AX element pid: 174, elementOrHash.elementID: 35889767168.1406>
                    Other, 0x115920640 <AX element pid: 174, elementOrHash.elementID: 35889623296.1432>
                      Image, 0x115920780 <AX element pid: 174, elementOrHash.elementID: 36055531520.1459>
                      Image, 0x1159208c0 <AX element pid: 174, elementOrHash.elementID: 36055481856.1460>
              Icon, 0x115920a00 <AX element pid: 174, elementOrHash.elementID: 35943691776.1546>
                Other, 0x115920b40 <AX element pid: 174, elementOrHash.elementID: 35943604544.1564>
                  Other, 0x115920c80 <AX element pid: 174, elementOrHash.elementID: 35957582336.1583>
                    Other, 0x115920dc0 <AX element pid: 174, elementOrHash.elementID: 35921991936.1638>
                      Other, 0x115920f00 <AX element pid: 174, elementOrHash.elementID: 35923123712.3035>
                  Other, 0x115921040 <AX element pid: 174, elementOrHash.elementID: 35888275584.1584>
                    Other, 0x115921180 <AX element pid: 174, elementOrHash.elementID: 36004838272.1623>
                      Image, 0x1159212c0 <AX element pid: 174, elementOrHash.elementID: 36052134400.1661>
                      Image, 0x115921400 <AX element pid: 174, elementOrHash.elementID: 36052130304.1662>
              Icon, 0x115921540 <AX element pid: 174, elementOrHash.elementID: 35943679488.1563>
                Other, 0x115921680 <AX element pid: 174, elementOrHash.elementID: 35943600960.1582>
                  Other, 0x1159217c0 <AX element pid: 174, elementOrHash.elementID: 35887739584.1619>
                    Other, 0x115921900 <AX element pid: 174, elementOrHash.elementID: 35904824064.311>
                      Other, 0x115921a40 <AX element pid: 174, elementOrHash.elementID: 35909329664.3036>
                  Other, 0x115921b80 <AX element pid: 174, elementOrHash.elementID: 35888281984.1620>
                    Other, 0x115921cc0 <AX element pid: 174, elementOrHash.elementID: 35887734208.1658>
                      Image, 0x115921e00 <AX element pid: 174, elementOrHash.elementID: 36053844480.1724>
                      Image, 0x115921f40 <AX element pid: 174, elementOrHash.elementID: 36053843968.1725>
              Icon, 0x115922080 <AX element pid: 174, elementOrHash.elementID: 35943727104.116>
                Other, 0x1159221c0 <AX element pid: 174, elementOrHash.elementID: 35943609472.158>
                  Other, 0x115922300 <AX element pid: 174, elementOrHash.elementID: 35923107712.197>
                    Other, 0x115922440 <AX element pid: 174, elementOrHash.elementID: 35889717376.1637>
                      Other, 0x115922580 <AX element pid: 174, elementOrHash.elementID: 35876110336.3037>
                  Other, 0x1159226c0 <AX element pid: 174, elementOrHash.elementID: 35904820864.198>
                    Other, 0x115922800 <AX element pid: 174, elementOrHash.elementID: 35923099648.265>
                      Image, 0x115922940 <AX element pid: 174, elementOrHash.elementID: 36044152320.334>
                      Image, 0x115922a80 <AX element pid: 174, elementOrHash.elementID: 36044151808.335>
              Icon, 0x115922bc0 <AX element pid: 174, elementOrHash.elementID: 35905491456.1547>
                Other, 0x115922d00 <AX element pid: 174, elementOrHash.elementID: 35887693824.1565>
                  Other, 0x115922e40 <AX element pid: 174, elementOrHash.elementID: 35889610752.1585>
                    Other, 0x115922f80 <AX element pid: 174, elementOrHash.elementID: 35904822144.264>
                      Other, 0x1159230c0 <AX element pid: 174, elementOrHash.elementID: 35876121216.3038>
                  Other, 0x115923200 <AX element pid: 174, elementOrHash.elementID: 35889716736.1586>
                    Other, 0x115923340 <AX element pid: 174, elementOrHash.elementID: 35889611200.1625>
                      Image, 0x115923480 <AX element pid: 174, elementOrHash.elementID: 36055470592.1664>
                      Image, 0x1159235c0 <AX element pid: 174, elementOrHash.elementID: 36055470080.1665>
              Icon, 0x115923700 <AX element pid: 174, elementOrHash.elementID: 35943593472.1554>
                Other, 0x115923840 <AX element pid: 174, elementOrHash.elementID: 35943600064.1573>
                  Other, 0x115923980 <AX element pid: 174, elementOrHash.elementID: 35922183040.1601>
                    Other, 0x115923ac0 <AX element pid: 174, elementOrHash.elementID: 35887493632.3021>
                      Other, 0x115923c00 <AX element pid: 174, elementOrHash.elementID: 35891044480.3039>
                  Other, 0x115923d40 <AX element pid: 174, elementOrHash.elementID: 35922157056.1602>
                    Other, 0x115923e80 <AX element pid: 174, elementOrHash.elementID: 35922183488.1641>
                      Image, 0x115928000 <AX element pid: 174, elementOrHash.elementID: 36039390720.1696>
                      Image, 0x115928140 <AX element pid: 174, elementOrHash.elementID: 36039390208.1697>
              Icon, 0x115928280 <AX element pid: 174, elementOrHash.elementID: 35943708160.135>
                Other, 0x1159283c0 <AX element pid: 174, elementOrHash.elementID: 35943609024.177>
                  Other, 0x115928500 <AX element pid: 174, elementOrHash.elementID: 35909462528.235>
                    Other, 0x115928640 <AX element pid: 174, elementOrHash.elementID: 35943793280.1645>
                      Other, 0x115928780 <AX element pid: 174, elementOrHash.elementID: 35888216448.3040>
                  Other, 0x1159288c0 <AX element pid: 174, elementOrHash.elementID: 35903660160.236>
                    Other, 0x115928a00 <AX element pid: 174, elementOrHash.elementID: 35909461632.303>
                      Image, 0x115928b40 <AX element pid: 174, elementOrHash.elementID: 36021239808.391>
                      Image, 0x115928c80 <AX element pid: 174, elementOrHash.elementID: 36045234176.392>
              Icon, 0x115928dc0 <AX element pid: 174, elementOrHash.elementID: 35943695872.140>
                Other, 0x115928f00 <AX element pid: 174, elementOrHash.elementID: 35943605440.182>
                  Other, 0x115929040 <AX element pid: 174, elementOrHash.elementID: 35909463872.245>
                    Other, 0x115929180 <AX element pid: 174, elementOrHash.elementID: 35976178304.313>
                      Other, 0x1159292c0 <AX element pid: 174, elementOrHash.elementID: 35909320704.3041>
                  Other, 0x115929400 <AX element pid: 174, elementOrHash.elementID: 35908194688.246>
                    Other, 0x115929540 <AX element pid: 174, elementOrHash.elementID: 35909454912.314>
                      Image, 0x115929680 <AX element pid: 174, elementOrHash.elementID: 36039489024.407>
                      Image, 0x1159297c0 <AX element pid: 174, elementOrHash.elementID: 36039489536.408>
              Icon, 0x115929900 <AX element pid: 174, elementOrHash.elementID: 35905492992.1548>
                Other, 0x115929a40 <AX element pid: 174, elementOrHash.elementID: 35889611648.1566>
                  Other, 0x115929b80 <AX element pid: 174, elementOrHash.elementID: 35889612096.1587>
                    Other, 0x115929cc0 <AX element pid: 174, elementOrHash.elementID: 35887301888.1431>
                      Other, 0x115929e00 <AX element pid: 174, elementOrHash.elementID: 35876119296.3042>
                  Other, 0x115929f40 <AX element pid: 174, elementOrHash.elementID: 35889718656.1588>
                    Other, 0x11592a080 <AX element pid: 174, elementOrHash.elementID: 35889612544.1627>
                      Image, 0x11592a1c0 <AX element pid: 174, elementOrHash.elementID: 36055472128.1667>
                      Image, 0x11592a300 <AX element pid: 174, elementOrHash.elementID: 36055471616.1668>
              Icon, 0x11592a440 <AX element pid: 174, elementOrHash.elementID: 35943579648.129>
                Other, 0x11592a580 <AX element pid: 174, elementOrHash.elementID: 35943596032.171>
                  Other, 0x11592a6c0 <AX element pid: 174, elementOrHash.elementID: 35909462080.223>
                    Other, 0x11592a800 <AX element pid: 174, elementOrHash.elementID: 35893129728.1640>
                      Other, 0x11592a940 <AX element pid: 174, elementOrHash.elementID: 35876118656.3043>
                  Other, 0x11592aa80 <AX element pid: 174, elementOrHash.elementID: 35903662080.224>
                    Other, 0x11592abc0 <AX element pid: 174, elementOrHash.elementID: 35909456704.291>
                      Image, 0x11592ad00 <AX element pid: 174, elementOrHash.elementID: 36045230080.373>
                      Image, 0x11592ae40 <AX element pid: 174, elementOrHash.elementID: 36045229568.374>
              Icon, 0x11592af80 <AX element pid: 174, elementOrHash.elementID: 35904839168.1377>
                Other, 0x11592b0c0 <AX element pid: 174, elementOrHash.elementID: 35887797504.1393>
                  Other, 0x11592b200 <AX element pid: 174, elementOrHash.elementID: 35887807808.1415>
                    Other, 0x11592b340 <AX element pid: 174, elementOrHash.elementID: 35887442560.3022>
                      Other, 0x11592b480 <AX element pid: 174, elementOrHash.elementID: 35903660800.3044>
                  Other, 0x11592b5c0 <AX element pid: 174, elementOrHash.elementID: 35888221952.1416>
                    Other, 0x11592b700 <AX element pid: 174, elementOrHash.elementID: 35887797952.1442>
                      Image, 0x11592b840 <AX element pid: 174, elementOrHash.elementID: 36055015424.1476>
                      Image, 0x11592b980 <AX element pid: 174, elementOrHash.elementID: 36055019520.1477>
              Icon, 0x11592bac0 <AX element pid: 174, elementOrHash.elementID: 35905393152.1552>
                Other, 0x11592bc00 <AX element pid: 174, elementOrHash.elementID: 35889623744.1571>
                  Other, 0x11592bd40 <AX element pid: 174, elementOrHash.elementID: 35889624192.1597>
                    Other, 0x11592be80 <AX element pid: 174, elementOrHash.elementID: 35887330432.2047>
                      Other, 0x115934000 <AX element pid: 174, elementOrHash.elementID: 35887474688.3045>
                  Other, 0x115934140 <AX element pid: 174, elementOrHash.elementID: 35889769088.1598>
                    Other, 0x115934280 <AX element pid: 174, elementOrHash.elementID: 35889624640.1636>
                      Image, 0x1159343c0 <AX element pid: 174, elementOrHash.elementID: 36055533056.1687>
                      Image, 0x115934500 <AX element pid: 174, elementOrHash.elementID: 36055532544.1688>
              Icon, 0x115934640 <AX element pid: 174, elementOrHash.elementID: 35943728640.126>
                Other, 0x115934780 <AX element pid: 174, elementOrHash.elementID: 35943609920.168>
                  Other, 0x1159348c0 <AX element pid: 174, elementOrHash.elementID: 35921979456.217>
                    Other, 0x115934a00 <AX element pid: 174, elementOrHash.elementID: 35875789056.3023>
                      Other, 0x115934b40 <AX element pid: 174, elementOrHash.elementID: 35909321984.3046>
                  Other, 0x115934c80 <AX element pid: 174, elementOrHash.elementID: 35921998976.218>
                    Other, 0x115934dc0 <AX element pid: 174, elementOrHash.elementID: 35921979904.285>
                      Image, 0x115934f00 <AX element pid: 174, elementOrHash.elementID: 36039288320.364>
                      Image, 0x115935040 <AX element pid: 174, elementOrHash.elementID: 36039287808.365>
              Icon, 0x115935180 <AX element pid: 174, elementOrHash.elementID: 35904517632.1550>
                Other, 0x1159352c0 <AX element pid: 174, elementOrHash.elementID: 35892693632.1569>
                  Other, 0x115935400 <AX element pid: 174, elementOrHash.elementID: 35892704384.1593>
                    Other, 0x115935540 <AX element pid: 174, elementOrHash.elementID: 35887504896.1631>
                      Other, 0x115935680 <AX element pid: 174, elementOrHash.elementID: 35876118016.3047>
                  Other, 0x1159357c0 <AX element pid: 174, elementOrHash.elementID: 35888235136.1594>
                    Other, 0x115935900 <AX element pid: 174, elementOrHash.elementID: 35892692288.1632>
                      Image, 0x115935a40 <AX element pid: 174, elementOrHash.elementID: 36053856256.1679>
                      Image, 0x115935b80 <AX element pid: 174, elementOrHash.elementID: 36053851136.1680>
              Icon, 0x115935cc0 <AX element pid: 174, elementOrHash.elementID: 35905394688.1556>
                Other, 0x115935e00 <AX element pid: 174, elementOrHash.elementID: 35889625088.1575>
                  Other, 0x115935f40 <AX element pid: 174, elementOrHash.elementID: 35889625536.1605>
                    Other, 0x115936080 <AX element pid: 174, elementOrHash.elementID: 35889715456.1624>
                      Other, 0x1159361c0 <AX element pid: 174, elementOrHash.elementID: 35876125056.3048>
                  Other, 0x115936300 <AX element pid: 174, elementOrHash.elementID: 35889771008.1606>
                    Other, 0x115936440 <AX element pid: 174, elementOrHash.elementID: 35889625984.1644>
                      Image, 0x115936580 <AX element pid: 174, elementOrHash.elementID: 36055534080.1702>
                      Image, 0x1159366c0 <AX element pid: 174, elementOrHash.elementID: 36055533568.1703>
              Icon, 0x115936800 <AX element pid: 174, elementOrHash.elementID: 35941707776.137>
                Other, 0x115936940 <AX element pid: 174, elementOrHash.elementID: 35942349696.179>
                  Other, 0x115936a80 <AX element pid: 174, elementOrHash.elementID: 35921984384.239>
                    Other, 0x115936bc0 <AX element pid: 174, elementOrHash.elementID: 35888203008.3024>
                      Other, 0x115936d00 <AX element pid: 174, elementOrHash.elementID: 35876094592.3049>
                    Other, 0x115936e40 <AX element pid: 174, elementOrHash.elementID: 35920638464.309>
                      Other, 0x115936f80 <AX element pid: 174, elementOrHash.elementID: 35921973184.400>
                        Image, 0x1159370c0 <AX element pid: 174, elementOrHash.elementID: 36046661120.416>
                  Other, 0x115937200 <AX element pid: 174, elementOrHash.elementID: 35922153216.240>
                    Other, 0x115937340 <AX element pid: 174, elementOrHash.elementID: 35921984832.307>
                      Image, 0x115937480 <AX element pid: 174, elementOrHash.elementID: 36039383040.397>
                      Image, 0x1159375c0 <AX element pid: 174, elementOrHash.elementID: 36039382528.398>
              Icon, 0x115937700 <AX element pid: 174, elementOrHash.elementID: 35904840704.1561>
                Other, 0x115937840 <AX element pid: 174, elementOrHash.elementID: 35889589632.1580>
                  Other, 0x115937980 <AX element pid: 174, elementOrHash.elementID: 35889588288.1615>
                    Other, 0x115937ac0 <AX element pid: 174, elementOrHash.elementID: 35888170240.2122>
                      Other, 0x115937c00 <AX element pid: 174, elementOrHash.elementID: 35887476608.3050>
                  Other, 0x115937d40 <AX element pid: 174, elementOrHash.elementID: 35888242816.1616>
                    Other, 0x115937e80 <AX element pid: 174, elementOrHash.elementID: 35889588736.1655>
                      Image, 0x11593c000 <AX element pid: 174, elementOrHash.elementID: 36055023104.1718>
                      Image, 0x11593c140 <AX element pid: 174, elementOrHash.elementID: 36055020544.1719>
              Icon, 0x11593c280 <AX element pid: 174, elementOrHash.elementID: 35905494528.1551>
                Other, 0x11593c3c0 <AX element pid: 174, elementOrHash.elementID: 35889612992.1570>
                  Other, 0x11593c500 <AX element pid: 174, elementOrHash.elementID: 35889613440.1595>
                    Other, 0x11593c640 <AX element pid: 174, elementOrHash.elementID: 35887441280.2515>
                      Other, 0x11593c780 <AX element pid: 174, elementOrHash.elementID: 35909332864.3051>
                  Other, 0x11593c8c0 <AX element pid: 174, elementOrHash.elementID: 35889720576.1596>
                    Other, 0x11593ca00 <AX element pid: 174, elementOrHash.elementID: 35889613888.1634>
                      Image, 0x11593cb40 <AX element pid: 174, elementOrHash.elementID: 36055473152.1682>
                      Image, 0x11593cc80 <AX element pid: 174, elementOrHash.elementID: 36055472640.1683>
              Icon, 0x11593cdc0 <AX element pid: 174, elementOrHash.elementID: 35943581184.1557>
                Other, 0x11593cf00 <AX element pid: 174, elementOrHash.elementID: 35943596480.1576>
                  Other, 0x11593d040 <AX element pid: 174, elementOrHash.elementID: 35922182144.1607>
                    Other, 0x11593d180 <AX element pid: 174, elementOrHash.elementID: 35903653760.2828>
                      Other, 0x11593d2c0 <AX element pid: 174, elementOrHash.elementID: 35876112896.3052>
                  Other, 0x11593d400 <AX element pid: 174, elementOrHash.elementID: 35922155776.1608>
                    Other, 0x11593d540 <AX element pid: 174, elementOrHash.elementID: 35922182592.1646>
                      Image, 0x11593d680 <AX element pid: 174, elementOrHash.elementID: 36039388160.1705>
                      Image, 0x11593d7c0 <AX element pid: 174, elementOrHash.elementID: 36039387648.1706>
              Icon, 0x11593d900 <AX element pid: 174, elementOrHash.elementID: 35904842240.1562>
                Other, 0x11593da40 <AX element pid: 174, elementOrHash.elementID: 35889590528.1581>
                  Other, 0x11593db80 <AX element pid: 174, elementOrHash.elementID: 35889590976.1617>
                    Other, 0x11593dcc0 <AX element pid: 174, elementOrHash.elementID: 35887484032.3025>
                      Other, 0x11593de00 <AX element pid: 174, elementOrHash.elementID: 35876116096.3053>
                  Other, 0x11593df40 <AX element pid: 174, elementOrHash.elementID: 35888227712.1618>
                    Other, 0x11593e080 <AX element pid: 174, elementOrHash.elementID: 35889593664.1657>
                      Image, 0x11593e1c0 <AX element pid: 174, elementOrHash.elementID: 36055022592.1721>
                      Image, 0x11593e300 <AX element pid: 174, elementOrHash.elementID: 36055012864.1722>
            Icon, 0x11593e440 <AX element pid: 174, elementOrHash.elementID: 36035589376.65>
              Icon, 0x11593e580 <AX element pid: 174, elementOrHash.elementID: 36023791424.143>
            PageIndicator, 0x11593e6c0 <AX element pid: 174, elementOrHash.elementID: 35941843584.66>
        Other, 0x11593e800 <AX element pid: 174, elementOrHash.elementID: 36034925568.45>
      Other, 0x11593e940 <AX element pid: 174, elementOrHash.elementID: 36034935808.32>
  Window, 0x11593ea80 <AX element pid: 174, elementOrHash.elementID: 36032077824.11>
    Other, 0x11593ebc0 <AX element pid: 174, elementOrHash.elementID: 35953538624.20>
      Other, 0x11593ed00 <AX element pid: 174, elementOrHash.elementID: 35953538176.33>
  Window, 0x11593ee40 <AX element pid: 174, elementOrHash.elementID: 36018690304.12>
    Other, 0x11593ef80 <AX element pid: 174, elementOrHash.elementID: 36017882432.21>
      Other, 0x11593f0c0 <AX element pid: 174, elementOrHash.elementID: 36038462464.34>
        Other, 0x11593f200 <AX element pid: 174, elementOrHash.elementID: 35920632704.46>
          Other, 0x11593f340 <AX element pid: 174, elementOrHash.elementID: 35920548672.54>
            Other, 0x11593f480 <AX element pid: 174, elementOrHash.elementID: 35910751040.2948>
            Other, 0x11593f5c0 <AX element pid: 174, elementOrHash.elementID: 35907105024.2949>
            Other, 0x11593f700 <AX element pid: 174, elementOrHash.elementID: 35920551360.69>
            Other, 0x11593f840 <AX element pid: 174, elementOrHash.elementID: 35920551808.70>
            Other, 0x11593f980 <AX element pid: 174, elementOrHash.elementID: 35887657216.2950>
            Other, 0x11593fac0 <AX element pid: 174, elementOrHash.elementID: 35887649600.2951>
            Other, 0x11593fc00 <AX element pid: 174, elementOrHash.elementID: 35920553152.73>
            Other, 0x11593fd40 <AX element pid: 174, elementOrHash.elementID: 35920549120.74>
      Other, 0x11593fe80 <AX element pid: 174, elementOrHash.elementID: 36049184256.2942>
        Other, 0x115810000 <AX element pid: 174, elementOrHash.elementID: 11494289431044805875.9999>
          Other, 0x115810140 <AX element pid: 333, elementOrHash.elementID: 4309013472.4>
            Other, 0x115810280 <AX element pid: 333, elementOrHash.elementID: 4309041312.5>
              Other, 0x1158103c0 <AX element pid: 333, elementOrHash.elementID: 4308983520.6>
                Other, 0x115810500 <AX element pid: 333, elementOrHash.elementID: 4309005120.7>
      Other, 0x115810640 <AX element pid: 174, elementOrHash.elementID: 36058049536.2867>
        Other, 0x115810780 <AX element pid: 174, elementOrHash.elementID: 35889837824.2868>
          Other, 0x1158108c0 <AX element pid: 174, elementOrHash.elementID: 35890595584.2870>
  Window, 0x115810a00 <AX element pid: 174, elementOrHash.elementID: 36018691584.13>
    Other, 0x115810b40 <AX element pid: 174, elementOrHash.elementID: 36017885568.22>
  Window, 0x115810c80 <AX element pid: 174, elementOrHash.elementID: 36018685184.1812>
    Other, 0x115810dc0 <AX element pid: 174, elementOrHash.elementID: 35889648896.1813>
      Other, 0x115810f00 <AX element pid: 174, elementOrHash.elementID: 35887702784.1815>
  Window, 0x115811040 <AX element pid: 174, elementOrHash.elementID: 35951108864.14>
    Other, 0x115811180 <AX element pid: 174, elementOrHash.elementID: 35953539072.23>
      Other, 0x1158112c0 <AX element pid: 174, elementOrHash.elementID: 35953539968.37>
  Window, 0x115811400 <AX element pid: 174, elementOrHash.elementID: 35920354816.15>
    Other, 0x115811540 <AX element pid: 174, elementOrHash.elementID: 35923110400.24>
      Other, 0x115811680 <AX element pid: 174, elementOrHash.elementID: 35923112192.38>
  Window, 0x1158117c0 <AX element pid: 174, elementOrHash.elementID: 36036372480.9>
    Other, 0x115811900 <AX element pid: 174, elementOrHash.elementID: 35942339840.25>
      Other, 0x115811a40 <AX element pid: 174, elementOrHash.elementID: 35942340288.39>
        Other, 0x115811b80 <AX element pid: 174, elementOrHash.elementID: 35942345216.48>
        Other, 0x115811cc0 <AX element pid: 174, elementOrHash.elementID: 35942345664.49>
        Other, 0x115811e00 <AX element pid: 174, elementOrHash.elementID: 35941851264.50>
          Other, 0x115811f40 <AX element pid: 174, elementOrHash.elementID: 36036367360.56>
            Icon, 0x115812080 <AX element pid: 174, elementOrHash.elementID: 35943737856.6>
              Other, 0x1158121c0 <AX element pid: 174, elementOrHash.elementID: 35943844928.145>
                Other, 0x115812300 <AX element pid: 174, elementOrHash.elementID: 35943845376.185>
                  Other, 0x115812440 <AX element pid: 174, elementOrHash.elementID: 35943797760.251>
                    Other, 0x115812580 <AX element pid: 174, elementOrHash.elementID: 35943806720.319>
            Icon, 0x1158126c0 <AX element pid: 174, elementOrHash.elementID: 35943739392.75>
              Other, 0x115812800 <AX element pid: 174, elementOrHash.elementID: 35943845824.146>
                Other, 0x115812940 <AX element pid: 174, elementOrHash.elementID: 35943846272.186>
                  Other, 0x115812a80 <AX element pid: 174, elementOrHash.elementID: 35943792640.252>
                    Other, 0x115812bc0 <AX element pid: 174, elementOrHash.elementID: 35943808000.320>
            Icon, 0x115812d00 <AX element pid: 174, elementOrHash.elementID: 35943740928.76>
              Other, 0x115812e40 <AX element pid: 174, elementOrHash.elementID: 35943846720.147>
                Other, 0x115812f80 <AX element pid: 174, elementOrHash.elementID: 35943847168.187>
                  Other, 0x1158130c0 <AX element pid: 174, elementOrHash.elementID: 35941855104.253>
                    Other, 0x115813200 <AX element pid: 174, elementOrHash.elementID: 35944039040.321>
            Icon, 0x115813340 <AX element pid: 174, elementOrHash.elementID: 35944136704.77>
              Other, 0x115813480 <AX element pid: 174, elementOrHash.elementID: 35943847616.148>
                Other, 0x1158135c0 <AX element pid: 174, elementOrHash.elementID: 35943848064.188>
                  Other, 0x115813700 <AX element pid: 174, elementOrHash.elementID: 35943795840.254>
                    Other, 0x115813840 <AX element pid: 174, elementOrHash.elementID: 35944040320.322>
            Icon, 0x115813980 <AX element pid: 174, elementOrHash.elementID: 35944138240.78>
              Other, 0x115813ac0 <AX element pid: 174, elementOrHash.elementID: 35943848512.149>
                Other, 0x115813c00 <AX element pid: 174, elementOrHash.elementID: 35943848960.189>
                  Other, 0x115813d40 <AX element pid: 174, elementOrHash.elementID: 35941858304.255>
                    Other, 0x115813e80 <AX element pid: 174, elementOrHash.elementID: 35949554944.2977>
            Icon, 0x115814000 <AX element pid: 174, elementOrHash.elementID: 35944139776.79>
              Other, 0x115814140 <AX element pid: 174, elementOrHash.elementID: 35943849856.150>
                Other, 0x115814280 <AX element pid: 174, elementOrHash.elementID: 35943850304.190>
                  Other, 0x1158143c0 <AX element pid: 174, elementOrHash.elementID: 35943799040.256>
                    Other, 0x115814500 <AX element pid: 174, elementOrHash.elementID: 35944043520.324>
            Icon, 0x115814640 <AX element pid: 174, elementOrHash.elementID: 35944141312.80>
              Other, 0x115814780 <AX element pid: 174, elementOrHash.elementID: 35943850752.151>
                Other, 0x1158148c0 <AX element pid: 174, elementOrHash.elementID: 35943851200.191>
                  Other, 0x115814a00 <AX element pid: 174, elementOrHash.elementID: 35941853184.257>
                    Other, 0x115814b40 <AX element pid: 174, elementOrHash.elementID: 35944044800.325>
          Other, 0x115814c80 <AX element pid: 174, elementOrHash.elementID: 36036369408.57>
            Icon, 0x115814dc0 <AX element pid: 174, elementOrHash.elementID: 35941698560.81>
              Other, 0x115814f00 <AX element pid: 174, elementOrHash.elementID: 35942346112.152>
                Other, 0x115815040 <AX element pid: 174, elementOrHash.elementID: 35943611712.192>
                  Other, 0x115815180 <AX element pid: 174, elementOrHash.elementID: 35941853824.258>
                    Other, 0x1158152c0 <AX element pid: 174, elementOrHash.elementID: 35943800960.326>
            Icon, 0x115815400 <AX element pid: 174, elementOrHash.elementID: 35943734784.82>
              Other, 0x115815540 <AX element pid: 174, elementOrHash.elementID: 35943841792.153>
                Other, 0x115815680 <AX element pid: 174, elementOrHash.elementID: 35943842240.193>
                  Other, 0x1158157c0 <AX element pid: 174, elementOrHash.elementID: 35943794560.259>
                    Other, 0x115815900 <AX element pid: 174, elementOrHash.elementID: 35943802240.327>
                  Other, 0x115815a40 <AX element pid: 174, elementOrHash.elementID: 35889825024.1441>
                    Other, 0x115815b80 <AX element pid: 174, elementOrHash.elementID: 35889810048.1475>
                      Image, 0x115815cc0 <AX element pid: 174, elementOrHash.elementID: 36055537152.1486>
          Other, 0x115815e00 <AX element pid: 174, elementOrHash.elementID: 36036368384.58>
          Icon, 0x115815f40 <AX element pid: 174, elementOrHash.elementID: 35944142848.59>
            Other, 0x115816080 <AX element pid: 174, elementOrHash.elementID: 35887499776.2952>
            Other, 0x1158161c0 <AX element pid: 174, elementOrHash.elementID: 35921987456.2953>
            Other, 0x115816300 <AX element pid: 174, elementOrHash.elementID: 35906212864.2954>
            Other, 0x115816440 <AX element pid: 174, elementOrHash.elementID: 35891053184.513>
      Other, 0x115816580 <AX element pid: 174, elementOrHash.elementID: 35944048000.40>
        Other, 0x1158166c0 <AX element pid: 174, elementOrHash.elementID: 36037143040.51>
          Other, 0x115816800 <AX element pid: 174, elementOrHash.elementID: 15888323694556361868.9999>
            Other, 0x115816940 <AX element pid: 303, elementOrHash.elementID: 4312005392.4>
              Other, 0x115816a80 <AX element pid: 303, elementOrHash.elementID: 33807598848.5>
                Other, 0x115816bc0 <AX element pid: 303, elementOrHash.elementID: 33807631232.6>
                  Other, 0x115816d00 <AX element pid: 303, elementOrHash.elementID: 33807630336.7>
          Other, 0x115816e40 <AX element pid: 174, elementOrHash.elementID: 4828928117917013637.9999>
            Other, 0x115816f80 <AX element pid: 303, elementOrHash.elementID: 33807632128.8>
              Other, 0x1158170c0 <AX element pid: 303, elementOrHash.elementID: 33807633920.9>
          Other, 0x115817200 <AX element pid: 174, elementOrHash.elementID: 4707142009615084407.9999>
  Window, 0x115817340 <AX element pid: 174, elementOrHash.elementID: 36022010880.16>
    StatusBar, 0x115817480 <AX element pid: 174, elementOrHash.elementID: 36017866624.26>
      Other, 0x1158175c0 <AX element pid: 174, elementOrHash.elementID: 36021977088.41>
        Other, 0x115817700 <AX element pid: 174, elementOrHash.elementID: 35956201600.3054>
          Other, 0x115817840 <AX element pid: 174, elementOrHash.elementID: 35956206976.3055>
            StaticText, 0x115817980 <AX element pid: 174, elementOrHash.elementID: 35893188736.3057>
            StaticText, 0x115817ac0 <AX element pid: 174, elementOrHash.elementID: 35951739776.3058>
          Other, 0x115817c00 <AX element pid: 174, elementOrHash.elementID: 35948128320.3056>
            Other, 0x115817d40 <AX element pid: 174, elementOrHash.elementID: 36046874112.3059>
            Image, 0x115817e80 <AX element pid: 174, elementOrHash.elementID: 35887312128.3060>
            StaticText, 0x11581c000 <AX element pid: 174, elementOrHash.elementID: 35951751424.3061>
            Other, 0x11581c140 <AX element pid: 174, elementOrHash.elementID: 35887314048.3062>
    Other, 0x11581c280 <AX element pid: 174, elementOrHash.elementID: 36017881984.27>
  Window, 0x11581c3c0 <AX element pid: 174, elementOrHash.elementID: 36032072704.17>
    Other, 0x11581c500 <AX element pid: 174, elementOrHash.elementID: 35953535488.28>
  Window, 0x11581c640 <AX element pid: 174, elementOrHash.elementID: 36032076800.18>
    Other, 0x11581c780 <AX element pid: 174, elementOrHash.elementID: 35953537728.29>
10:03:12.259 WebDriverAgentRunner-Runner[1852:329613] Found matches {(
    StatusBar
)} with root Application, pid: 174
10:03:12.259 WebDriverAgentRunner-Runner[1852:329613] <XCTContext: 0x1141895e0> finished activity <XCActivityRecord: 0x114d717a0> 2026-07-20 03:03:12 +0000: Find the StatusBar (Element at index 0) (0.179204s)
10:03:12.260 WebDriverAgentRunner-Runner[1852:329613] Creating future for 'checking for continuity enablement' with timeout 30.00
10:03:12.260 WebDriverAgentRunner-Runner[1852:329613] <XCTWaiter: 0x115766f70> entering wait loop for 30.00s with expectations: `checking for continuity enablement`
10:03:12.261 WebDriverAgentRunner-Runner[1852:329613] Returning result XCTWaiterResultCompleted for synchronous waiter <XCTWaiter: 0x115766f70>
10:03:12.261 WebDriverAgentRunner-Runner[1852:329613] Wait <XCTWaiterWait: 0x115969800> completed after 0.001s
10:03:12.261 WebDriverAgentRunner-Runner[1852:329613] cleaning up checking for continuity enablement
10:03:12.261 WebDriverAgentRunner-Runner[1852:329613] Creating future for 'fetching attributes 'XC_kAXXCAttributeFrame', 'XC_kAXXCAttributeWindowDisplayId', 'XC_kAXXCAttributeWindowContextId' for AX element pid: 174, elementOrHash.elementID: 36017866624.26' with timeout 30.00
10:03:12.261 WebDriverAgentRunner-Runner[1852:329613] <XCTWaiter: 0x1157650e0> entering wait loop for 30.00s with expectations: `fetching attributes 'XC_kAXXCAttributeFrame', 'XC_kAXXCAttributeWindowDisplayId', 'XC_kAXXCAttributeWindowContextId' for AX element pid: 174, elementOrHash.elementID: 36017866624.26`
10:03:12.262 WebDriverAgentRunner-Runner[1852:329613] Returning result XCTWaiterResultCompleted for synchronous waiter <XCTWaiter: 0x1157650e0>
10:03:12.262 WebDriverAgentRunner-Runner[1852:329613] Wait <XCTWaiterWait: 0x11596bf80> completed after 0.001s
10:03:12.262 WebDriverAgentRunner-Runner[1852:329613] cleaning up fetching attributes 'XC_kAXXCAttributeFrame', 'XC_kAXXCAttributeWindowDisplayId', 'XC_kAXXCAttributeWindowContextId' for AX element pid: 174, elementOrHash.elementID: 36017866624.26
10:03:12.262 WebDriverAgentRunner-Runner[1852:329613] StatusBar (AX element pid: 174, elementOrHash.elementID: 36017866624.26) faulted in {
    "XC_kAXXCAttributeFrame" =     {
        Height = 32;
        Width = 1024;
        X = 0;
        Y = 0;
    };
    "XC_kAXXCAttributeWindowContextId" = 2087488016;
    "XC_kAXXCAttributeWindowDisplayId" = 1;
}: (no error) for frame using XC_kAXXCAttributeFrame, XC_kAXXCAttributeWindowDisplayId, XC_kAXXCAttributeWindowContextId
10:03:12.262 WebDriverAgentRunner-Runner[1852:329613] getting parameterized attribute XC_kAXXCParameterizedAttributeConvertHostedViewFrame with parameter (
        {
        Height = 32;
        Width = 1024;
        X = 0;
        Y = 0;
    },
    2087488016,
    1
)
10:03:12.263 WebDriverAgentRunner-Runner[1852:329613] Creating future for 'getting parameterized attribute XC_kAXXCParameterizedAttributeConvertHostedViewFrame' with timeout 65.00
10:03:12.263 WebDriverAgentRunner-Runner[1852:329613] <XCTWaiter: 0x115765530> entering wait loop for 65.00s with expectations: `getting parameterized attribute XC_kAXXCParameterizedAttributeConvertHostedViewFrame`
10:03:12.263 WebDriverAgentRunner-Runner[1852:329632] Got parameterized attribute fetch for XC_kAXXCParameterizedAttributeConvertHostedViewFrame response with values {
    Height = 32;
    Width = 1024;
    X = 0;
    Y = 0;
}, error: (null)
10:03:12.263 WebDriverAgentRunner-Runner[1852:329613] Returning result XCTWaiterResultCompleted for synchronous waiter <XCTWaiter: 0x115765530>
10:03:12.264 WebDriverAgentRunner-Runner[1852:329613] Wait <XCTWaiterWait: 0x11596be80> completed after 0.001s
10:03:12.264 WebDriverAgentRunner-Runner[1852:329613] cleaning up getting parameterized attribute XC_kAXXCParameterizedAttributeConvertHostedViewFrame
10:03:12.264 WebDriverAgentRunner-Runner[1852:329613] No change when transforming rect {{0, 0}, {1024, 32}}, either portrait orientation or non-standard app configuration such as springboard
10:03:12.264 WebDriverAgentRunner-Runner[1852:329613] Fetching application interface orientation
10:03:12.264 WebDriverAgentRunner-Runner[1852:329613] Creating future for 'getting interface orientation' with timeout 65.00
10:03:12.264 WebDriverAgentRunner-Runner[1852:329613] <XCTWaiter: 0x115764570> entering wait loop for 65.00s with expectations: `getting interface orientation`
10:03:12.264 WebDriverAgentRunner-Runner[1852:329613] Returning result XCTWaiterResultCompleted for synchronous waiter <XCTWaiter: 0x115764570>
10:03:12.264 WebDriverAgentRunner-Runner[1852:329613] Wait <XCTWaiterWait: 0x115968100> completed after 0.000s
10:03:12.264 WebDriverAgentRunner-Runner[1852:329613] cleaning up getting interface orientation
10:03:12.265 WebDriverAgentRunner-Runner[1852:329613] Creating future for 'getting screen identifiers' with timeout 30.00
10:03:12.265 WebDriverAgentRunner-Runner[1852:329613] <XCTWaiter: 0x115766700> entering wait loop for 30.00s with expectations: `getting screen identifiers`
10:03:12.265 WebDriverAgentRunner-Runner[1852:329613] Returning result XCTWaiterResultCompleted for synchronous waiter <XCTWaiter: 0x115766700>
10:03:12.265 WebDriverAgentRunner-Runner[1852:329613] Wait <XCTWaiterWait: 0x11596bd00> completed after 0.000s
10:03:12.265 WebDriverAgentRunner-Runner[1852:329613] cleaning up getting screen identifiers
10:03:12.265 WebDriverAgentRunner-Runner[1852:329613] Creating future for 'getting screen bounds' with timeout 30.00
10:03:12.265 WebDriverAgentRunner-Runner[1852:329613] <XCTWaiter: 0x115764480> entering wait loop for 30.00s with expectations: `getting screen bounds`
10:03:12.265 WebDriverAgentRunner-Runner[1852:329613] Returning result XCTWaiterResultCompleted for synchronous waiter <XCTWaiter: 0x115764480>
10:03:12.265 WebDriverAgentRunner-Runner[1852:329613] Wait <XCTWaiterWait: 0x11596a780> completed after 0.000s
10:03:12.265 WebDriverAgentRunner-Runner[1852:329613] cleaning up getting screen bounds
10:03:12.266 WebDriverAgentRunner-Runner[1852:329613] Creating future for 'getting screen scale' with timeout 30.00
10:03:12.266 WebDriverAgentRunner-Runner[1852:329613] <XCTWaiter: 0x115766e20> entering wait loop for 30.00s with expectations: `getting screen scale`
10:03:12.266 WebDriverAgentRunner-Runner[1852:329613] Returning result XCTWaiterResultCompleted for synchronous waiter <XCTWaiter: 0x115766e20>
10:03:12.266 WebDriverAgentRunner-Runner[1852:329613] Wait <XCTWaiterWait: 0x11596a780> completed after 0.000s
10:03:12.266 WebDriverAgentRunner-Runner[1852:329613] cleaning up getting screen scale
10:03:12.266 WebDriverAgentRunner-Runner[1852:329613] <XCTContext: 0x1141895e0> started activity <XCActivityRecord: 0x114d716c0> 2026-07-20 03:03:12 +0000: Find the Application 'com.apple.springboard'
    t =   171.65s Find the Application 'com.apple.springboard'
10:03:12.266 WebDriverAgentRunner-Runner[1852:329613] Executing query:

10:03:12.266 WebDriverAgentRunner-Runner[1852:329613] Creating future for 'checking for continuity enablement' with timeout 30.00
10:03:12.267 WebDriverAgentRunner-Runner[1852:329613] <XCTWaiter: 0x115767300> entering wait loop for 30.00s with expectations: `checking for continuity enablement`
10:03:12.267 WebDriverAgentRunner-Runner[1852:329613] Returning result XCTWaiterResultCompleted for synchronous waiter <XCTWaiter: 0x115767300>
10:03:12.268 WebDriverAgentRunner-Runner[1852:329613] Wait <XCTWaiterWait: 0x115969280> completed after 0.001s
10:03:12.268 WebDriverAgentRunner-Runner[1852:329613] cleaning up checking for continuity enablement
10:03:12.268 WebDriverAgentRunner-Runner[1852:329613] Should evaluate query remotely? XCTDisableRemoteQueryEvaluation(d-write): YES, hasAutomationSession: YES, supportsRemoteEvaluation: YES
10:03:12.268 WebDriverAgentRunner-Runner[1852:329613] Getting matching snapshots for locally evaluated query
10:03:12.268 WebDriverAgentRunner-Runner[1852:329613] Evaluating query:
 
10:03:12.268 WebDriverAgentRunner-Runner[1852:329613] Getting root element snapshot
10:03:12.268 WebDriverAgentRunner-Runner[1852:329613] Getting snapshot for App element pid: 174 for query 
10:03:12.268 WebDriverAgentRunner-Runner[1852:329613] <XCTContext: 0x1141895e0> started activity <XCActivityRecord: 0x114d71570> 2026-07-20 03:03:12 +0000: Requesting snapshot of accessibility hierarchy for app with pid 174
10:03:12.269 WebDriverAgentRunner-Runner[1852:329613] Query requires iOS snapshot attributes .
10:03:12.269 WebDriverAgentRunner-Runner[1852:329613] XCUIElementQuery <XCTElementSnapshotProvider> getting snapshot
10:03:12.269 WebDriverAgentRunner-Runner[1852:329613] Snapshot request has custom attributes 
10:03:12.269 WebDriverAgentRunner-Runner[1852:329613] Snapshot request has custom parameters {
    snapshotKeyHonorModalViews = 0;
}
10:03:12.269 WebDriverAgentRunner-Runner[1852:329613] Current snapshot generation is 366
10:03:12.269 WebDriverAgentRunner-Runner[1852:329613] Query rootElementSnapshot is non-null with generation count 328
10:03:12.269 WebDriverAgentRunner-Runner[1852:329613] Capturing a new snapshot
10:03:12.269 WebDriverAgentRunner-Runner[1852:329613] Fetching snapshot for App element pid: 174 from testmanagerd with attributes XC_kAXXCAttributeElementType, XC_kAXXCAttributeElementBaseType, XC_kAXXCAttributeParent, XC_kAXXCAttributeIdentifier, XC_kAXXCAttributeAutomationType, XC_kAXXCAttributeTraits and parameters {
    maxArrayCount = 2147483647;
    maxChildren = 2147483647;
    maxDepth = 50;
    snapshotKeyHonorModalViews = 0;
    traverseFromParentsToChildren = 1;
}.
10:03:12.269 WebDriverAgentRunner-Runner[1852:329613] Creating future for 'fetching snapshot from testmanagerd.' with timeout 65.00
10:03:12.270 WebDriverAgentRunner-Runner[1852:329613] <XCTWaiter: 0x115767ea0> entering wait loop for 65.00s with expectations: `fetching snapshot from testmanagerd.`
    t =   171.65s     Requesting snapshot of accessibility hierarchy for app with pid 174
10:03:12.433 WebDriverAgentRunner-Runner[1852:329632] Got snapshot response with runtime issue support from testmanagerd.
10:03:12.434 WebDriverAgentRunner-Runner[1852:329613] Returning result XCTWaiterResultCompleted for synchronous waiter <XCTWaiter: 0x115767ea0>
10:03:12.434 WebDriverAgentRunner-Runner[1852:329613] Wait <XCTWaiterWait: 0x115968f80> completed after 0.164s
10:03:12.434 WebDriverAgentRunner-Runner[1852:329613] cleaning up fetching snapshot from testmanagerd.
10:03:12.434 WebDriverAgentRunner-Runner[1852:329613] <XCTContext: 0x1141895e0> finished activity <XCActivityRecord: 0x114d71570> 2026-07-20 03:03:12 +0000: Requesting snapshot of accessibility hierarchy for app with pid 174 (0.165931s)
10:03:12.435 WebDriverAgentRunner-Runner[1852:329613] Found matches {(
    App element pid: 174
)} with root App element pid: 174
10:03:12.435 WebDriverAgentRunner-Runner[1852:329613] <XCTContext: 0x1141895e0> finished activity <XCActivityRecord: 0x114d716c0> 2026-07-20 03:03:12 +0000: Find the Application 'com.apple.springboard' (0.169143s)
10:03:12.435 WebDriverAgentRunner-Runner[1852:329613] XCUIElementQuery <XCTElementSnapshotProvider> getting snapshot
10:03:12.436 WebDriverAgentRunner-Runner[1852:329613] Snapshot request has custom attributes XC_kAXXCAttributeElementBaseType, XC_kAXXCAttributeValue, XC_kAXXCAttributeAutomationType, XC_kAXXCAttributeIdentifier, XC_kAXXCAttributeTraits, XC_kAXXCAttributeVerticalSizeClass, XC_kAXXCAttributeFrame, XC_kAXXCAttributeWindowDisplayId, XC_kAXXCAttributeWindowContextId, XC_kAXXCAttributeLabel, XC_kAXXCAttributeHorizontalSizeClass, XC_kAXXCAttributeHasNativeFocus, XC_kAXXCAttributePlaceholderValue, XC_kAXXCAttributeElementType
10:03:12.436 WebDriverAgentRunner-Runner[1852:329613] Current snapshot generation is 368
10:03:12.436 WebDriverAgentRunner-Runner[1852:329613] Query rootElementSnapshot is non-null with generation count 368
10:03:12.436 WebDriverAgentRunner-Runner[1852:329613] Capturing a new snapshot
10:03:12.436 WebDriverAgentRunner-Runner[1852:329613] Fetching snapshot for App element pid: 174 from testmanagerd with attributes XC_kAXXCAttributeElementBaseType, XC_kAXXCAttributeParent, XC_kAXXCAttributeAutomationType, XC_kAXXCAttributeIdentifier, XC_kAXXCAttributeTraits, XC_kAXXCAttributeVerticalSizeClass, XC_kAXXCAttributeFrame, XC_kAXXCAttributeWindowDisplayId, XC_kAXXCAttributeWindowContextId, XC_kAXXCAttributeLabel, XC_kAXXCAttributeHorizontalSizeClass, XC_kAXXCAttributeHasNativeFocus, XC_kAXXCAttributePlaceholderValue, XC_kAXXCAttributeTruncatedValue, XC_kAXXCAttributeElementType and parameters {
    maxArrayCount = 2147483647;
    maxChildren = 2147483647;
    maxDepth = 50;
    snapshotKeyHonorModalViews = 0;
    traverseFromParentsToChildren = 1;
}.
10:03:12.436 WebDriverAgentRunner-Runner[1852:329613] Creating future for 'fetching snapshot from testmanagerd.' with timeout 65.00
10:03:12.436 WebDriverAgentRunner-Runner[1852:329613] <XCTWaiter: 0x1157ef1b0> entering wait loop for 65.00s with expectations: `fetching snapshot from testmanagerd.`
10:03:12.691 WebDriverAgentRunner-Runner[1852:332718] Got snapshot response with runtime issue support from testmanagerd.
10:03:12.691 WebDriverAgentRunner-Runner[1852:329613] Returning result XCTWaiterResultCompleted for synchronous waiter <XCTWaiter: 0x1157ef1b0>
10:03:12.691 WebDriverAgentRunner-Runner[1852:329613] Wait <XCTWaiterWait: 0x115821100> completed after 0.255s
10:03:12.691 WebDriverAgentRunner-Runner[1852:329613] cleaning up fetching snapshot from testmanagerd.
10:03:12.691 WebDriverAgentRunner-Runner[1852:329613] Creating future for 'getting interface orientation' with timeout 65.00
10:03:12.692 WebDriverAgentRunner-Runner[1852:329613] <XCTWaiter: 0x1157eefd0> entering wait loop for 65.00s with expectations: `getting interface orientation`
10:03:12.692 WebDriverAgentRunner-Runner[1852:329613] Returning result XCTWaiterResultCompleted for synchronous waiter <XCTWaiter: 0x1157eefd0>
10:03:12.692 WebDriverAgentRunner-Runner[1852:329613] Wait <XCTWaiterWait: 0x1158aee40> completed after 0.000s
10:03:12.692 WebDriverAgentRunner-Runner[1852:329613] cleaning up getting interface orientation
10:03:12.692 WebDriverAgentRunner-Runner[1852:329613] Creating future for 'getting screen identifiers' with timeout 30.00
10:03:12.692 WebDriverAgentRunner-Runner[1852:329613] <XCTWaiter: 0x1157ef270> entering wait loop for 30.00s with expectations: `getting screen identifiers`
10:03:12.693 WebDriverAgentRunner-Runner[1852:329613] Returning result XCTWaiterResultCompleted for synchronous waiter <XCTWaiter: 0x1157ef270>
10:03:12.693 WebDriverAgentRunner-Runner[1852:329613] Wait <XCTWaiterWait: 0x1158adb40> completed after 0.000s
10:03:12.693 WebDriverAgentRunner-Runner[1852:329613] cleaning up getting screen identifiers
10:03:12.693 WebDriverAgentRunner-Runner[1852:329613] Creating future for 'getting screen scale' with timeout 30.00
10:03:12.693 WebDriverAgentRunner-Runner[1852:329613] <XCTWaiter: 0x1157ef570> entering wait loop for 30.00s with expectations: `getting screen scale`
10:03:12.693 WebDriverAgentRunner-Runner[1852:329613] Returning result XCTWaiterResultCompleted for synchronous waiter <XCTWaiter: 0x1157ef570>
10:03:12.693 WebDriverAgentRunner-Runner[1852:329613] Wait <XCTWaiterWait: 0x1158af140> completed after 0.000s
10:03:12.693 WebDriverAgentRunner-Runner[1852:329613] cleaning up getting screen scale
10:03:12.699 WebDriverAgentRunner-Runner[1852:329613] Creating future for 'fetching attributes 'XC_kAXXCAttributeSystemAppApplication' for Device system-wide element' with timeout 65.00
10:03:12.699 WebDriverAgentRunner-Runner[1852:329613] <XCTWaiter: 0x1157ee790> entering wait loop for 65.00s with expectations: `fetching attributes 'XC_kAXXCAttributeSystemAppApplication' for Device system-wide element`
10:03:12.699 WebDriverAgentRunner-Runner[1852:329632] Got attribute fetch response with values {
    "XC_kAXXCAttributeSystemAppApplication" = "AX element pid: 174, elementOrHash.elementID: 0.1";
}, error: (null)
10:03:12.699 WebDriverAgentRunner-Runner[1852:329613] Returning result XCTWaiterResultCompleted for synchronous waiter <XCTWaiter: 0x1157ee790>
10:03:12.699 WebDriverAgentRunner-Runner[1852:329613] Wait <XCTWaiterWait: 0x1158ac5c0> completed after 0.001s
10:03:12.700 WebDriverAgentRunner-Runner[1852:329613] cleaning up fetching attributes 'XC_kAXXCAttributeSystemAppApplication' for Device system-wide element
10:03:12.700 WebDriverAgentRunner-Runner[1852:329613] <XCTContext: 0x1141895e0> started activity <XCActivityRecord: 0x114d717a0> 2026-07-20 03:03:12 +0000: Get all elements bound by index for: Descendants matching type StatusBar
    t =   172.09s Get all elements bound by index for: Descendants matching type StatusBar
10:03:12.700 WebDriverAgentRunner-Runner[1852:329613] Creating future for 'getting screen identifiers' with timeout 30.00
10:03:12.700 WebDriverAgentRunner-Runner[1852:329613] <XCTWaiter: 0x1157ef690> entering wait loop for 30.00s with expectations: `getting screen identifiers`
10:03:12.700 WebDriverAgentRunner-Runner[1852:329613] Returning result XCTWaiterResultCompleted for synchronous waiter <XCTWaiter: 0x1157ef690>
10:03:12.700 WebDriverAgentRunner-Runner[1852:329613] Wait <XCTWaiterWait: 0x1158af0c0> completed after 0.000s
10:03:12.700 WebDriverAgentRunner-Runner[1852:329613] cleaning up getting screen identifiers
10:03:12.700 WebDriverAgentRunner-Runner[1852:329613] Executing query:
↪︎ Descendants matching type StatusBar
10:03:12.701 WebDriverAgentRunner-Runner[1852:329613] Creating future for 'checking for continuity enablement' with timeout 30.00
10:03:12.701 WebDriverAgentRunner-Runner[1852:329613] <XCTWaiter: 0x1157eeb20> entering wait loop for 30.00s with expectations: `checking for continuity enablement`
10:03:12.702 WebDriverAgentRunner-Runner[1852:329613] Returning result XCTWaiterResultCompleted for synchronous waiter <XCTWaiter: 0x1157eeb20>
10:03:12.702 WebDriverAgentRunner-Runner[1852:329613] Wait <XCTWaiterWait: 0x1158aee40> completed after 0.001s
10:03:12.702 WebDriverAgentRunner-Runner[1852:329613] cleaning up checking for continuity enablement
10:03:12.702 WebDriverAgentRunner-Runner[1852:329613] Should evaluate query remotely? XCTDisableRemoteQueryEvaluation(d-write): YES, hasAutomationSession: YES, supportsRemoteEvaluation: YES
10:03:12.702 WebDriverAgentRunner-Runner[1852:329613] Getting matching snapshots for locally evaluated query
10:03:12.703 WebDriverAgentRunner-Runner[1852:329613] Evaluating query:
 ↪︎ Descendants matching type StatusBar
10:03:12.703 WebDriverAgentRunner-Runner[1852:329613] Getting root element snapshot
10:03:12.703 WebDriverAgentRunner-Runner[1852:329613] Getting snapshot for App element pid: 174 for query ↪︎ Descendants matching type StatusBar
10:03:12.703 WebDriverAgentRunner-Runner[1852:329613] <XCTContext: 0x1141895e0> started activity <XCActivityRecord: 0x114d716c0> 2026-07-20 03:03:12 +0000: Requesting snapshot of accessibility hierarchy for app with pid 174
10:03:12.703 WebDriverAgentRunner-Runner[1852:329613] Query requires iOS snapshot attributes XC_kAXXCAttributeElementType, XC_kAXXCAttributeElementBaseType, XC_kAXXCAttributeAutomationType, XC_kAXXCAttributeTraits.
    t =   172.09s     Requesting snapshot of accessibility hierarchy for app with pid 174
10:03:12.703 WebDriverAgentRunner-Runner[1852:329613] XCUIElementQuery <XCTElementSnapshotProvider> getting snapshot
10:03:12.703 WebDriverAgentRunner-Runner[1852:329613] Snapshot request has custom attributes XC_kAXXCAttributeElementType, XC_kAXXCAttributeElementBaseType, XC_kAXXCAttributeAutomationType, XC_kAXXCAttributeTraits
10:03:12.703 WebDriverAgentRunner-Runner[1852:329613] Snapshot request has custom parameters {
    snapshotKeyHonorModalViews = 0;
}
10:03:12.703 WebDriverAgentRunner-Runner[1852:329613] Current snapshot generation is 376
10:03:12.703 WebDriverAgentRunner-Runner[1852:329613] Capturing a new snapshot
10:03:12.703 WebDriverAgentRunner-Runner[1852:329613] Fetching snapshot for App element pid: 174 from testmanagerd with attributes XC_kAXXCAttributeElementType, XC_kAXXCAttributeElementBaseType, XC_kAXXCAttributeParent, XC_kAXXCAttributeIdentifier, XC_kAXXCAttributeAutomationType, XC_kAXXCAttributeTraits and parameters {
    maxArrayCount = 2147483647;
    maxChildren = 2147483647;
    maxDepth = 50;
    snapshotKeyHonorModalViews = 0;
    traverseFromParentsToChildren = 1;
}.
10:03:12.704 WebDriverAgentRunner-Runner[1852:329613] Creating future for 'fetching snapshot from testmanagerd.' with timeout 65.00
10:03:12.704 WebDriverAgentRunner-Runner[1852:329613] <XCTWaiter: 0x1157efde0> entering wait loop for 65.00s with expectations: `fetching snapshot from testmanagerd.`
10:03:12.886 WebDriverAgentRunner-Runner[1852:329632] Got snapshot response with runtime issue support from testmanagerd.
10:03:12.886 WebDriverAgentRunner-Runner[1852:329613] Returning result XCTWaiterResultCompleted for synchronous waiter <XCTWaiter: 0x1157efde0>
10:03:12.886 WebDriverAgentRunner-Runner[1852:329613] Wait <XCTWaiterWait: 0x1158afdc0> completed after 0.183s
10:03:12.887 WebDriverAgentRunner-Runner[1852:329613] cleaning up fetching snapshot from testmanagerd.
10:03:12.887 WebDriverAgentRunner-Runner[1852:329613] <XCTContext: 0x1141895e0> finished activity <XCActivityRecord: 0x114d716c0> 2026-07-20 03:03:12 +0000: Requesting snapshot of accessibility hierarchy for app with pid 174 (0.184033s)
10:03:12.887 WebDriverAgentRunner-Runner[1852:329613] XCTPerformOnMainRunLoop[MT]: already on MT; performing block without run loop dispatch - timeouts will not be enforced.
10:03:12.887 WebDriverAgentRunner-Runner[1852:329613] XCTElementQuery: set data source for rootElementSnapshot to (null)
10:03:12.887 WebDriverAgentRunner-Runner[1852:329613] Finding all matches with input Application, pid: 174 using transformers 
↪︎ Descendants matching type StatusBar
10:03:12.887 WebDriverAgentRunner-Runner[1852:329613] <XCTContext: 0x1141895e0> started activity <XCActivityRecord: 0x114d716c0> 2026-07-20 03:03:12 +0000: Find: Descendants matching type StatusBar
    t =   172.27s     Find: Descendants matching type StatusBar
10:03:12.890 WebDriverAgentRunner-Runner[1852:329613] <XCTContext: 0x1141895e0> finished activity <XCActivityRecord: 0x114d716c0> 2026-07-20 03:03:12 +0000: Find: Descendants matching type StatusBar (0.00244391s)
10:03:12.890 WebDriverAgentRunner-Runner[1852:329613] [Match All] applied transformer `Descendants matching type StatusBar` to input {(
    Application, pid: 174
)}, found {(
    StatusBar
)}
10:03:12.890 WebDriverAgentRunner-Runner[1852:329613] [Match All] setting out related elements {(
)}
    t =   172.28s Find the StatusBar (Element at index 0)
10:03:12.894 WebDriverAgentRunner-Runner[1852:329613] Current tree:
Application, 0x1158cca00, pid: 174 <App element pid: 174>
  Window, 0x1158ccb40 <AX element pid: 174, elementOrHash.elementID: 36032084992.10>
    Other, 0x1158ccc80 <AX element pid: 174, elementOrHash.elementID: 35948119808.19>
      Other, 0x1158ccdc0 <AX element pid: 174, elementOrHash.elementID: 35948120256.30>
        Image, 0x1158ccf00 <AX element pid: 174, elementOrHash.elementID: 36036531200.42>
        Image, 0x1158cd040 <AX element pid: 174, elementOrHash.elementID: 36036531712.43>
      Other, 0x1158cd180 <AX element pid: 174, elementOrHash.elementID: 35948119360.31>
        Other, 0x1158cd2c0 <AX element pid: 174, elementOrHash.elementID: 35948131904.44>
          Other, 0x1158cd400 <AX element pid: 174, elementOrHash.elementID: 35941697024.53>
            Other, 0x1158cd540 <AX element pid: 174, elementOrHash.elementID: 35948131456.62>
              Other, 0x1158cd680 <AX element pid: 174, elementOrHash.elementID: 35948131008.97>
            Icon, 0x1158cd7c0 <AX element pid: 174, elementOrHash.elementID: 36035587328.63>
              Icon, 0x1158cd900 <AX element pid: 174, elementOrHash.elementID: 36035839104.98>
              Icon, 0x1158cda40 <AX element pid: 174, elementOrHash.elementID: 36035839296.99>
              Icon, 0x1158cdb80 <AX element pid: 174, elementOrHash.elementID: 36035839488.100>
              Icon, 0x1158cdcc0 <AX element pid: 174, elementOrHash.elementID: 36035839872.101>
              Icon, 0x1158cde00 <AX element pid: 174, elementOrHash.elementID: 36035840064.102>
              Icon, 0x1158cdf40 <AX element pid: 174, elementOrHash.elementID: 36024175808.103>
              Icon, 0x1158ce080 <AX element pid: 174, elementOrHash.elementID: 36023792960.104>
              Icon, 0x1158ce1c0 <AX element pid: 174, elementOrHash.elementID: 36024840576.105>
              Icon, 0x1158ce300 <AX element pid: 174, elementOrHash.elementID: 36024206656.106>
              Icon, 0x1158ce440 <AX element pid: 174, elementOrHash.elementID: 36023793344.107>
              Icon, 0x1158ce580 <AX element pid: 174, elementOrHash.elementID: 36024183296.108>
              Icon, 0x1158ce6c0 <AX element pid: 174, elementOrHash.elementID: 36024259456.109>
              Icon, 0x1158ce800 <AX element pid: 174, elementOrHash.elementID: 36024838464.110>
              Icon, 0x1158ce940 <AX element pid: 174, elementOrHash.elementID: 36024596928.111>
              Icon, 0x1158cea80 <AX element pid: 174, elementOrHash.elementID: 36024207040.112>
              Icon, 0x1158cebc0 <AX element pid: 174, elementOrHash.elementID: 36024209536.113>
              Icon, 0x1158ced00 <AX element pid: 174, elementOrHash.elementID: 36024186176.114>
            Icon, 0x1158cee40 <AX element pid: 174, elementOrHash.elementID: 36035588864.64>
              Icon, 0x1158cef80 <AX element pid: 174, elementOrHash.elementID: 35905396224.1354>
                Other, 0x1158cf0c0 <AX element pid: 174, elementOrHash.elementID: 35889626432.1385>
                  Other, 0x1158cf200 <AX element pid: 174, elementOrHash.elementID: 35889807360.1400>
                    Other, 0x1158cf340 <AX element pid: 174, elementOrHash.elementID: 36042307072.1621>
                      Other, 0x1158cf480 <AX element pid: 174, elementOrHash.elementID: 35941852544.3026>
                  Other, 0x1158cf5c0 <AX element pid: 174, elementOrHash.elementID: 35889772928.1739>
                    Other, 0x1158cf700 <AX element pid: 174, elementOrHash.elementID: 35889807808.1750>
                      Image, 0x1158cf840 <AX element pid: 174, elementOrHash.elementID: 36055535616.1770>
                      Image, 0x1158cf980 <AX element pid: 174, elementOrHash.elementID: 36055535104.1771>
              Icon, 0x1158cfac0 <AX element pid: 174, elementOrHash.elementID: 35943677952.1368>
                Other, 0x1158cfc00 <AX element pid: 174, elementOrHash.elementID: 35943600512.1383>
                  Other, 0x1158cfd40 <AX element pid: 174, elementOrHash.elementID: 35921982592.1398>
                    Other, 0x1158cfe80 <AX element pid: 174, elementOrHash.elementID: 35889765888.2611>
                      Other, 0x115946d00 <AX element pid: 174, elementOrHash.elementID: 35876112256.3027>
                  Other, 0x1157fd180 <AX element pid: 174, elementOrHash.elementID: 35922150656.1740>
                    Other, 0x1159d3700 <AX element pid: 174, elementOrHash.elementID: 35921983040.1751>
                      Image, 0x1159d3840 <AX element pid: 174, elementOrHash.elementID: 36039377920.1773>
                      Image, 0x1159d3980 <AX element pid: 174, elementOrHash.elementID: 36039377408.1774>
              Icon, 0x1159d3e80 <AX element pid: 174, elementOrHash.elementID: 35941709312.1555>
                Other, 0x1159d3ac0 <AX element pid: 174, elementOrHash.elementID: 35942350144.1574>
                  Other, 0x1159d3d40 <AX element pid: 174, elementOrHash.elementID: 35887740480.1603>
                    Other, 0x1159d3c00 <AX element pid: 174, elementOrHash.elementID: 35889827584.1643>
                      Other, 0x11581c8c0 <AX element pid: 174, elementOrHash.elementID: 35876122496.3028>
                  Other, 0x11581c640 <AX element pid: 174, elementOrHash.elementID: 35888278784.1604>
                    Other, 0x11581c780 <AX element pid: 174, elementOrHash.elementID: 35887736896.1642>
                      Image, 0x11581c3c0 <AX element pid: 174, elementOrHash.elementID: 36052131328.1699>
                      Image, 0x11581c500 <AX element pid: 174, elementOrHash.elementID: 36052126720.1700>
              Icon, 0x11581c280 <AX element pid: 174, elementOrHash.elementID: 35943706624.1143>
                Other, 0x11581c140 <AX element pid: 174, elementOrHash.elementID: 35943608576.1567>
                  Other, 0x11581c000 <AX element pid: 174, elementOrHash.elementID: 35921976768.1589>
                    Other, 0x115918000 <AX element pid: 174, elementOrHash.elementID: 35889773568.1436>
                      Other, 0x115918140 <AX element pid: 174, elementOrHash.elementID: 35905292800.3029>
                  Other, 0x115918280 <AX element pid: 174, elementOrHash.elementID: 35903654400.1590>
                    Other, 0x1159183c0 <AX element pid: 174, elementOrHash.elementID: 35887731968.1628>
                      Image, 0x115918500 <AX element pid: 174, elementOrHash.elementID: 36053854208.1672>
                      Image, 0x115918640 <AX element pid: 174, elementOrHash.elementID: 36053856768.1673>
              Icon, 0x115918780 <AX element pid: 174, elementOrHash.elementID: 35905489920.1560>
                Other, 0x1159188c0 <AX element pid: 174, elementOrHash.elementID: 35887708160.1579>
                  Other, 0x115918a00 <AX element pid: 174, elementOrHash.elementID: 35887694272.1613>
                    Other, 0x115918b40 <AX element pid: 174, elementOrHash.elementID: 35888238976.1438>
                      Other, 0x115918c80 <AX element pid: 174, elementOrHash.elementID: 35876099712.3030>
                  Other, 0x115918dc0 <AX element pid: 174, elementOrHash.elementID: 35889714816.1614>
                    Other, 0x115918f00 <AX element pid: 174, elementOrHash.elementID: 35887695168.1653>
                      Image, 0x115919040 <AX element pid: 174, elementOrHash.elementID: 36055469568.1715>
                      Image, 0x115919180 <AX element pid: 174, elementOrHash.elementID: 36055469056.1716>
              Icon, 0x1159192c0 <AX element pid: 174, elementOrHash.elementID: 35904843776.1376>
                Other, 0x115919400 <AX element pid: 174, elementOrHash.elementID: 35889589184.1392>
                  Other, 0x115919540 <AX element pid: 174, elementOrHash.elementID: 35889590080.1413>
                    Other, 0x115919680 <AX element pid: 174, elementOrHash.elementID: 36017871744.288>
                      Other, 0x1159197c0 <AX element pid: 174, elementOrHash.elementID: 35941854464.3031>
                  Other, 0x115919900 <AX element pid: 174, elementOrHash.elementID: 35888248576.1414>
                    Other, 0x115919a40 <AX element pid: 174, elementOrHash.elementID: 35889591872.1439>
                      Image, 0x115919b80 <AX element pid: 174, elementOrHash.elementID: 36055018496.1472>
                      Image, 0x115919cc0 <AX element pid: 174, elementOrHash.elementID: 36055013376.1473>
              Icon, 0x115919e00 <AX element pid: 174, elementOrHash.elementID: 35943694336.119>
                Other, 0x115919f40 <AX element pid: 174, elementOrHash.elementID: 35943604992.161>
                  Other, 0x11591a080 <AX element pid: 174, elementOrHash.elementID: 35920557184.203>
                    Other, 0x11591a1c0 <AX element pid: 174, elementOrHash.elementID: 35889719296.1633>
                      Other, 0x11591a300 <AX element pid: 174, elementOrHash.elementID: 35876117376.3032>
                  Other, 0x11591a440 <AX element pid: 174, elementOrHash.elementID: 35944979968.204>
                    Other, 0x11591a580 <AX element pid: 174, elementOrHash.elementID: 35910755968.271>
                      Image, 0x11591a6c0 <AX element pid: 174, elementOrHash.elementID: 36046516224.343>
                      Image, 0x11591a800 <AX element pid: 174, elementOrHash.elementID: 36046515712.344>
              Icon, 0x11591a940 <AX element pid: 174, elementOrHash.elementID: 35904516096.1549>
                Other, 0x11591aa80 <AX element pid: 174, elementOrHash.elementID: 35907066880.1568>
                  Other, 0x11591abc0 <AX element pid: 174, elementOrHash.elementID: 35891482560.1591>
                    Other, 0x11591ad00 <AX element pid: 174, elementOrHash.elementID: 35888220672.1656>
                      Other, 0x11591ae40 <AX element pid: 174, elementOrHash.elementID: 35876121856.3033>
                  Other, 0x11591af80 <AX element pid: 174, elementOrHash.elementID: 35887504256.1592>
                    Other, 0x11591b0c0 <AX element pid: 174, elementOrHash.elementID: 35887807360.1630>
                      Image, 0x11591b200 <AX element pid: 174, elementOrHash.elementID: 36055015936.1676>
                      Image, 0x11591b340 <AX element pid: 174, elementOrHash.elementID: 36055014912.1677>
              Icon, 0x11591b480 <AX element pid: 174, elementOrHash.elementID: 35905391616.1372>
                Other, 0x11591b5c0 <AX element pid: 174, elementOrHash.elementID: 35889622400.1388>
                  Other, 0x11591b700 <AX element pid: 174, elementOrHash.elementID: 35889622848.1405>
                    Other, 0x11591b840 <AX element pid: 174, elementOrHash.elementID: 35887443840.2516>
                      Other, 0x11591b980 <AX element pid: 174, elementOrHash.elementID: 35957085184.3034>
                  Other, 0x11591bac0 <AX element pid: 174, elementOrHash.elementID: 35889767168.1406>
                    Other, 0x11591bc00 <AX element pid: 174, elementOrHash.elementID: 35889623296.1432>
                      Image, 0x11591bd40 <AX element pid: 174, elementOrHash.elementID: 36055531520.1459>
                      Image, 0x11591be80 <AX element pid: 174, elementOrHash.elementID: 36055481856.1460>
              Icon, 0x11591c000 <AX element pid: 174, elementOrHash.elementID: 35943691776.1546>
                Other, 0x11591c140 <AX element pid: 174, elementOrHash.elementID: 35943604544.1564>
                  Other, 0x11591c280 <AX element pid: 174, elementOrHash.elementID: 35957582336.1583>
                    Other, 0x11591c3c0 <AX element pid: 174, elementOrHash.elementID: 35921991936.1638>
                      Other, 0x11591c500 <AX element pid: 174, elementOrHash.elementID: 35923123712.3035>
                  Other, 0x11591c640 <AX element pid: 174, elementOrHash.elementID: 35888275584.1584>
                    Other, 0x11591c780 <AX element pid: 174, elementOrHash.elementID: 36004838272.1623>
                      Image, 0x11591c8c0 <AX element pid: 174, elementOrHash.elementID: 36052134400.1661>
                      Image, 0x11591ca00 <AX element pid: 174, elementOrHash.elementID: 36052130304.1662>
              Icon, 0x11591cb40 <AX element pid: 174, elementOrHash.elementID: 35943679488.1563>
                Other, 0x11591cc80 <AX element pid: 174, elementOrHash.elementID: 35943600960.1582>
                  Other, 0x11591cdc0 <AX element pid: 174, elementOrHash.elementID: 35887739584.1619>
                    Other, 0x11591cf00 <AX element pid: 174, elementOrHash.elementID: 35904824064.311>
                      Other, 0x11591d040 <AX element pid: 174, elementOrHash.elementID: 35909329664.3036>
                  Other, 0x11591d180 <AX element pid: 174, elementOrHash.elementID: 35888281984.1620>
                    Other, 0x11591d2c0 <AX element pid: 174, elementOrHash.elementID: 35887734208.1658>
                      Image, 0x11591d400 <AX element pid: 174, elementOrHash.elementID: 36053844480.1724>
                      Image, 0x11591d540 <AX element pid: 174, elementOrHash.elementID: 36053843968.1725>
              Icon, 0x11591d680 <AX element pid: 174, elementOrHash.elementID: 35943727104.116>
                Other, 0x11591d7c0 <AX element pid: 174, elementOrHash.elementID: 35943609472.158>
                  Other, 0x11591d900 <AX element pid: 174, elementOrHash.elementID: 35923107712.197>
                    Other, 0x11591da40 <AX element pid: 174, elementOrHash.elementID: 35889717376.1637>
                      Other, 0x11591db80 <AX element pid: 174, elementOrHash.elementID: 35876110336.3037>
                  Other, 0x11591dcc0 <AX element pid: 174, elementOrHash.elementID: 35904820864.198>
                    Other, 0x11591de00 <AX element pid: 174, elementOrHash.elementID: 35923099648.265>
                      Image, 0x11591df40 <AX element pid: 174, elementOrHash.elementID: 36044152320.334>
                      Image, 0x11591e080 <AX element pid: 174, elementOrHash.elementID: 36044151808.335>
              Icon, 0x11591e1c0 <AX element pid: 174, elementOrHash.elementID: 35905491456.1547>
                Other, 0x11591e300 <AX element pid: 174, elementOrHash.elementID: 35887693824.1565>
                  Other, 0x11591e440 <AX element pid: 174, elementOrHash.elementID: 35889610752.1585>
                    Other, 0x11591e580 <AX element pid: 174, elementOrHash.elementID: 35904822144.264>
                      Other, 0x11591e6c0 <AX element pid: 174, elementOrHash.elementID: 35876121216.3038>
                  Other, 0x11591e800 <AX element pid: 174, elementOrHash.elementID: 35889716736.1586>
                    Other, 0x11591e940 <AX element pid: 174, elementOrHash.elementID: 35889611200.1625>
                      Image, 0x11591ea80 <AX element pid: 174, elementOrHash.elementID: 36055470592.1664>
                      Image, 0x11591ebc0 <AX element pid: 174, elementOrHash.elementID: 36055470080.1665>
              Icon, 0x11591ed00 <AX element pid: 174, elementOrHash.elementID: 35943593472.1554>
                Other, 0x11591ee40 <AX element pid: 174, elementOrHash.elementID: 35943600064.1573>
                  Other, 0x11591ef80 <AX element pid: 174, elementOrHash.elementID: 35922183040.1601>
                    Other, 0x11591f0c0 <AX element pid: 174, elementOrHash.elementID: 35887493632.3021>
                      Other, 0x11591f200 <AX element pid: 174, elementOrHash.elementID: 35891044480.3039>
                  Other, 0x11591f340 <AX element pid: 174, elementOrHash.elementID: 35922157056.1602>
                    Other, 0x11591f480 <AX element pid: 174, elementOrHash.elementID: 35922183488.1641>
                      Image, 0x11591f5c0 <AX element pid: 174, elementOrHash.elementID: 36039390720.1696>
                      Image, 0x11591f700 <AX element pid: 174, elementOrHash.elementID: 36039390208.1697>
              Icon, 0x11591f840 <AX element pid: 174, elementOrHash.elementID: 35943708160.135>
                Other, 0x11591f980 <AX element pid: 174, elementOrHash.elementID: 35943609024.177>
                  Other, 0x11591fac0 <AX element pid: 174, elementOrHash.elementID: 35909462528.235>
                    Other, 0x11591fc00 <AX element pid: 174, elementOrHash.elementID: 35943793280.1645>
                      Other, 0x11591fd40 <AX element pid: 174, elementOrHash.elementID: 35888216448.3040>
                  Other, 0x11591fe80 <AX element pid: 174, elementOrHash.elementID: 35903660160.236>
                    Other, 0x115920000 <AX element pid: 174, elementOrHash.elementID: 35909461632.303>
                      Image, 0x115920140 <AX element pid: 174, elementOrHash.elementID: 36021239808.391>
                      Image, 0x115920280 <AX element pid: 174, elementOrHash.elementID: 36045234176.392>
              Icon, 0x1159203c0 <AX element pid: 174, elementOrHash.elementID: 35943695872.140>
                Other, 0x115920500 <AX element pid: 174, elementOrHash.elementID: 35943605440.182>
                  Other, 0x115920640 <AX element pid: 174, elementOrHash.elementID: 35909463872.245>
                    Other, 0x115920780 <AX element pid: 174, elementOrHash.elementID: 35976178304.313>
                      Other, 0x1159208c0 <AX element pid: 174, elementOrHash.elementID: 35909320704.3041>
                  Other, 0x115920a00 <AX element pid: 174, elementOrHash.elementID: 35908194688.246>
                    Other, 0x115920b40 <AX element pid: 174, elementOrHash.elementID: 35909454912.314>
                      Image, 0x115920c80 <AX element pid: 174, elementOrHash.elementID: 36039489024.407>
                      Image, 0x115920dc0 <AX element pid: 174, elementOrHash.elementID: 36039489536.408>
              Icon, 0x115920f00 <AX element pid: 174, elementOrHash.elementID: 35905492992.1548>
                Other, 0x115921040 <AX element pid: 174, elementOrHash.elementID: 35889611648.1566>
                  Other, 0x115921180 <AX element pid: 174, elementOrHash.elementID: 35889612096.1587>
                    Other, 0x1159212c0 <AX element pid: 174, elementOrHash.elementID: 35887301888.1431>
                      Other, 0x115921400 <AX element pid: 174, elementOrHash.elementID: 35876119296.3042>
                  Other, 0x115921540 <AX element pid: 174, elementOrHash.elementID: 35889718656.1588>
                    Other, 0x115921680 <AX element pid: 174, elementOrHash.elementID: 35889612544.1627>
                      Image, 0x1159217c0 <AX element pid: 174, elementOrHash.elementID: 36055472128.1667>
                      Image, 0x115921900 <AX element pid: 174, elementOrHash.elementID: 36055471616.1668>
              Icon, 0x115921a40 <AX element pid: 174, elementOrHash.elementID: 35943579648.129>
                Other, 0x115921b80 <AX element pid: 174, elementOrHash.elementID: 35943596032.171>
                  Other, 0x115921cc0 <AX element pid: 174, elementOrHash.elementID: 35909462080.223>
                    Other, 0x115921e00 <AX element pid: 174, elementOrHash.elementID: 35893129728.1640>
                      Other, 0x115921f40 <AX element pid: 174, elementOrHash.elementID: 35876118656.3043>
                  Other, 0x115922080 <AX element pid: 174, elementOrHash.elementID: 35903662080.224>
                    Other, 0x1159221c0 <AX element pid: 174, elementOrHash.elementID: 35909456704.291>
                      Image, 0x115922300 <AX element pid: 174, elementOrHash.elementID: 36045230080.373>
                      Image, 0x115922440 <AX element pid: 174, elementOrHash.elementID: 36045229568.374>
              Icon, 0x115922580 <AX element pid: 174, elementOrHash.elementID: 35904839168.1377>
                Other, 0x1159226c0 <AX element pid: 174, elementOrHash.elementID: 35887797504.1393>
                  Other, 0x115922800 <AX element pid: 174, elementOrHash.elementID: 35887807808.1415>
                    Other, 0x115922940 <AX element pid: 174, elementOrHash.elementID: 35887442560.3022>
                      Other, 0x115922a80 <AX element pid: 174, elementOrHash.elementID: 35903660800.3044>
                  Other, 0x115922bc0 <AX element pid: 174, elementOrHash.elementID: 35888221952.1416>
                    Other, 0x115922d00 <AX element pid: 174, elementOrHash.elementID: 35887797952.1442>
                      Image, 0x115922e40 <AX element pid: 174, elementOrHash.elementID: 36055015424.1476>
                      Image, 0x115922f80 <AX element pid: 174, elementOrHash.elementID: 36055019520.1477>
              Icon, 0x1159230c0 <AX element pid: 174, elementOrHash.elementID: 35905393152.1552>
                Other, 0x115923200 <AX element pid: 174, elementOrHash.elementID: 35889623744.1571>
                  Other, 0x115923340 <AX element pid: 174, elementOrHash.elementID: 35889624192.1597>
                    Other, 0x115923480 <AX element pid: 174, elementOrHash.elementID: 35887330432.2047>
                      Other, 0x1159235c0 <AX element pid: 174, elementOrHash.elementID: 35887474688.3045>
                  Other, 0x115923700 <AX element pid: 174, elementOrHash.elementID: 35889769088.1598>
                    Other, 0x115923840 <AX element pid: 174, elementOrHash.elementID: 35889624640.1636>
                      Image, 0x115923980 <AX element pid: 174, elementOrHash.elementID: 36055533056.1687>
                      Image, 0x115923ac0 <AX element pid: 174, elementOrHash.elementID: 36055532544.1688>
              Icon, 0x115923c00 <AX element pid: 174, elementOrHash.elementID: 35943728640.126>
                Other, 0x115923d40 <AX element pid: 174, elementOrHash.elementID: 35943609920.168>
                  Other, 0x115923e80 <AX element pid: 174, elementOrHash.elementID: 35921979456.217>
                    Other, 0x115928000 <AX element pid: 174, elementOrHash.elementID: 35875789056.3023>
                      Other, 0x115928140 <AX element pid: 174, elementOrHash.elementID: 35909321984.3046>
                  Other, 0x115928280 <AX element pid: 174, elementOrHash.elementID: 35921998976.218>
                    Other, 0x1159283c0 <AX element pid: 174, elementOrHash.elementID: 35921979904.285>
                      Image, 0x115928500 <AX element pid: 174, elementOrHash.elementID: 36039288320.364>
                      Image, 0x115928640 <AX element pid: 174, elementOrHash.elementID: 36039287808.365>
              Icon, 0x115928780 <AX element pid: 174, elementOrHash.elementID: 35904517632.1550>
                Other, 0x1159288c0 <AX element pid: 174, elementOrHash.elementID: 35892693632.1569>
                  Other, 0x115928a00 <AX element pid: 174, elementOrHash.elementID: 35892704384.1593>
                    Other, 0x115928b40 <AX element pid: 174, elementOrHash.elementID: 35887504896.1631>
                      Other, 0x115928c80 <AX element pid: 174, elementOrHash.elementID: 35876118016.3047>
                  Other, 0x115928dc0 <AX element pid: 174, elementOrHash.elementID: 35888235136.1594>
                    Other, 0x115928f00 <AX element pid: 174, elementOrHash.elementID: 35892692288.1632>
                      Image, 0x115929040 <AX element pid: 174, elementOrHash.elementID: 36053856256.1679>
                      Image, 0x115929180 <AX element pid: 174, elementOrHash.elementID: 36053851136.1680>
              Icon, 0x1159292c0 <AX element pid: 174, elementOrHash.elementID: 35905394688.1556>
                Other, 0x115929400 <AX element pid: 174, elementOrHash.elementID: 35889625088.1575>
                  Other, 0x115929540 <AX element pid: 174, elementOrHash.elementID: 35889625536.1605>
                    Other, 0x115929680 <AX element pid: 174, elementOrHash.elementID: 35889715456.1624>
                      Other, 0x1159297c0 <AX element pid: 174, elementOrHash.elementID: 35876125056.3048>
                  Other, 0x115929900 <AX element pid: 174, elementOrHash.elementID: 35889771008.1606>
                    Other, 0x115929a40 <AX element pid: 174, elementOrHash.elementID: 35889625984.1644>
                      Image, 0x115929b80 <AX element pid: 174, elementOrHash.elementID: 36055534080.1702>
                      Image, 0x115929cc0 <AX element pid: 174, elementOrHash.elementID: 36055533568.1703>
              Icon, 0x115929e00 <AX element pid: 174, elementOrHash.elementID: 35941707776.137>
                Other, 0x115929f40 <AX element pid: 174, elementOrHash.elementID: 35942349696.179>
                  Other, 0x11592a080 <AX element pid: 174, elementOrHash.elementID: 35921984384.239>
                    Other, 0x11592a1c0 <AX element pid: 174, elementOrHash.elementID: 35888203008.3024>
                      Other, 0x11592a300 <AX element pid: 174, elementOrHash.elementID: 35876094592.3049>
                    Other, 0x11592a440 <AX element pid: 174, elementOrHash.elementID: 35920638464.309>
                      Other, 0x11592a580 <AX element pid: 174, elementOrHash.elementID: 35921973184.400>
                        Image, 0x11592a6c0 <AX element pid: 174, elementOrHash.elementID: 36046661120.416>
                  Other, 0x11592a800 <AX element pid: 174, elementOrHash.elementID: 35922153216.240>
                    Other, 0x11592a940 <AX element pid: 174, elementOrHash.elementID: 35921984832.307>
                      Image, 0x11592aa80 <AX element pid: 174, elementOrHash.elementID: 36039383040.397>
                      Image, 0x11592abc0 <AX element pid: 174, elementOrHash.elementID: 36039382528.398>
              Icon, 0x11592ad00 <AX element pid: 174, elementOrHash.elementID: 35904840704.1561>
                Other, 0x11592ae40 <AX element pid: 174, elementOrHash.elementID: 35889589632.1580>
                  Other, 0x11592af80 <AX element pid: 174, elementOrHash.elementID: 35889588288.1615>
                    Other, 0x11592b0c0 <AX element pid: 174, elementOrHash.elementID: 35888170240.2122>
                      Other, 0x11592b200 <AX element pid: 174, elementOrHash.elementID: 35887476608.3050>
                  Other, 0x11592b340 <AX element pid: 174, elementOrHash.elementID: 35888242816.1616>
                    Other, 0x11592b480 <AX element pid: 174, elementOrHash.elementID: 35889588736.1655>
                      Image, 0x11592b5c0 <AX element pid: 174, elementOrHash.elementID: 36055023104.1718>
                      Image, 0x11592b700 <AX element pid: 174, elementOrHash.elementID: 36055020544.1719>
              Icon, 0x11592b840 <AX element pid: 174, elementOrHash.elementID: 35905494528.1551>
                Other, 0x11592b980 <AX element pid: 174, elementOrHash.elementID: 35889612992.1570>
                  Other, 0x11592bac0 <AX element pid: 174, elementOrHash.elementID: 35889613440.1595>
                    Other, 0x11592bc00 <AX element pid: 174, elementOrHash.elementID: 35887441280.2515>
                      Other, 0x11592bd40 <AX element pid: 174, elementOrHash.elementID: 35909332864.3051>
                  Other, 0x11592be80 <AX element pid: 174, elementOrHash.elementID: 35889720576.1596>
                    Other, 0x115934000 <AX element pid: 174, elementOrHash.elementID: 35889613888.1634>
                      Image, 0x115934140 <AX element pid: 174, elementOrHash.elementID: 36055473152.1682>
                      Image, 0x115934280 <AX element pid: 174, elementOrHash.elementID: 36055472640.1683>
              Icon, 0x1159343c0 <AX element pid: 174, elementOrHash.elementID: 35943581184.1557>
                Other, 0x115934500 <AX element pid: 174, elementOrHash.elementID: 35943596480.1576>
                  Other, 0x115934640 <AX element pid: 174, elementOrHash.elementID: 35922182144.1607>
                    Other, 0x115934780 <AX element pid: 174, elementOrHash.elementID: 35903653760.2828>
                      Other, 0x1159348c0 <AX element pid: 174, elementOrHash.elementID: 35876112896.3052>
                  Other, 0x115934a00 <AX element pid: 174, elementOrHash.elementID: 35922155776.1608>
                    Other, 0x115934b40 <AX element pid: 174, elementOrHash.elementID: 35922182592.1646>
                      Image, 0x115934c80 <AX element pid: 174, elementOrHash.elementID: 36039388160.1705>
                      Image, 0x115934dc0 <AX element pid: 174, elementOrHash.elementID: 36039387648.1706>
              Icon, 0x115934f00 <AX element pid: 174, elementOrHash.elementID: 35904842240.1562>
                Other, 0x115935040 <AX element pid: 174, elementOrHash.elementID: 35889590528.1581>
                  Other, 0x115935180 <AX element pid: 174, elementOrHash.elementID: 35889590976.1617>
                    Other, 0x1159352c0 <AX element pid: 174, elementOrHash.elementID: 35887484032.3025>
                      Other, 0x115935400 <AX element pid: 174, elementOrHash.elementID: 35876116096.3053>
                  Other, 0x115935540 <AX element pid: 174, elementOrHash.elementID: 35888227712.1618>
                    Other, 0x115935680 <AX element pid: 174, elementOrHash.elementID: 35889593664.1657>
                      Image, 0x1159357c0 <AX element pid: 174, elementOrHash.elementID: 36055022592.1721>
                      Image, 0x115935900 <AX element pid: 174, elementOrHash.elementID: 36055012864.1722>
            Icon, 0x115935a40 <AX element pid: 174, elementOrHash.elementID: 36035589376.65>
              Icon, 0x115935b80 <AX element pid: 174, elementOrHash.elementID: 36023791424.143>
            PageIndicator, 0x115935cc0 <AX element pid: 174, elementOrHash.elementID: 35941843584.66>
        Other, 0x115935e00 <AX element pid: 174, elementOrHash.elementID: 36034925568.45>
      Other, 0x115935f40 <AX element pid: 174, elementOrHash.elementID: 36034935808.32>
  Window, 0x115936080 <AX element pid: 174, elementOrHash.elementID: 36032077824.11>
    Other, 0x1159361c0 <AX element pid: 174, elementOrHash.elementID: 35953538624.20>
      Other, 0x115936300 <AX element pid: 174, elementOrHash.elementID: 35953538176.33>
  Window, 0x115936440 <AX element pid: 174, elementOrHash.elementID: 36018690304.12>
    Other, 0x115936580 <AX element pid: 174, elementOrHash.elementID: 36017882432.21>
      Other, 0x1159366c0 <AX element pid: 174, elementOrHash.elementID: 36038462464.34>
        Other, 0x115936800 <AX element pid: 174, elementOrHash.elementID: 35920632704.46>
          Other, 0x115936940 <AX element pid: 174, elementOrHash.elementID: 35920548672.54>
            Other, 0x115936a80 <AX element pid: 174, elementOrHash.elementID: 35910751040.2948>
            Other, 0x115936bc0 <AX element pid: 174, elementOrHash.elementID: 35907105024.2949>
            Other, 0x115936d00 <AX element pid: 174, elementOrHash.elementID: 35920551360.69>
            Other, 0x115936e40 <AX element pid: 174, elementOrHash.elementID: 35920551808.70>
            Other, 0x115936f80 <AX element pid: 174, elementOrHash.elementID: 35887657216.2950>
            Other, 0x1159370c0 <AX element pid: 174, elementOrHash.elementID: 35887649600.2951>
            Other, 0x115937200 <AX element pid: 174, elementOrHash.elementID: 35920553152.73>
            Other, 0x115937340 <AX element pid: 174, elementOrHash.elementID: 35920549120.74>
      Other, 0x115937480 <AX element pid: 174, elementOrHash.elementID: 36049184256.2942>
        Other, 0x1159375c0 <AX element pid: 174, elementOrHash.elementID: 11494289431044805875.9999>
          Other, 0x115937700 <AX element pid: 333, elementOrHash.elementID: 4309013472.4>
            Other, 0x115937840 <AX element pid: 333, elementOrHash.elementID: 4309041312.5>
              Other, 0x115937980 <AX element pid: 333, elementOrHash.elementID: 4308983520.6>
                Other, 0x115937ac0 <AX element pid: 333, elementOrHash.elementID: 4309005120.7>
      Other, 0x115937c00 <AX element pid: 174, elementOrHash.elementID: 36058049536.2867>
        Other, 0x115937d40 <AX element pid: 174, elementOrHash.elementID: 35889837824.2868>
          Other, 0x115937e80 <AX element pid: 174, elementOrHash.elementID: 35890595584.2870>
  Window, 0x11593c000 <AX element pid: 174, elementOrHash.elementID: 36018691584.13>
    Other, 0x11593c140 <AX element pid: 174, elementOrHash.elementID: 36017885568.22>
  Window, 0x11593c280 <AX element pid: 174, elementOrHash.elementID: 36018685184.1812>
    Other, 0x11593c3c0 <AX element pid: 174, elementOrHash.elementID: 35889648896.1813>
      Other, 0x11593c500 <AX element pid: 174, elementOrHash.elementID: 35887702784.1815>
  Window, 0x11593c640 <AX element pid: 174, elementOrHash.elementID: 35951108864.14>
    Other, 0x11593c780 <AX element pid: 174, elementOrHash.elementID: 35953539072.23>
      Other, 0x11593c8c0 <AX element pid: 174, elementOrHash.elementID: 35953539968.37>
  Window, 0x11593ca00 <AX element pid: 174, elementOrHash.elementID: 35920354816.15>
    Other, 0x11593cb40 <AX element pid: 174, elementOrHash.elementID: 35923110400.24>
      Other, 0x11593cc80 <AX element pid: 174, elementOrHash.elementID: 35923112192.38>
  Window, 0x11593cdc0 <AX element pid: 174, elementOrHash.elementID: 36036372480.9>
    Other, 0x11593cf00 <AX element pid: 174, elementOrHash.elementID: 35942339840.25>
      Other, 0x11593d040 <AX element pid: 174, elementOrHash.elementID: 35942340288.39>
        Other, 0x11593d180 <AX element pid: 174, elementOrHash.elementID: 35942345216.48>
        Other, 0x11593d2c0 <AX element pid: 174, elementOrHash.elementID: 35942345664.49>
        Other, 0x11593d400 <AX element pid: 174, elementOrHash.elementID: 35941851264.50>
          Other, 0x11593d540 <AX element pid: 174, elementOrHash.elementID: 36036367360.56>
            Icon, 0x11593d680 <AX element pid: 174, elementOrHash.elementID: 35943737856.6>
              Other, 0x11593d7c0 <AX element pid: 174, elementOrHash.elementID: 35943844928.145>
                Other, 0x11593d900 <AX element pid: 174, elementOrHash.elementID: 35943845376.185>
                  Other, 0x11593da40 <AX element pid: 174, elementOrHash.elementID: 35943797760.251>
                    Other, 0x11593db80 <AX element pid: 174, elementOrHash.elementID: 35943806720.319>
            Icon, 0x11593dcc0 <AX element pid: 174, elementOrHash.elementID: 35943739392.75>
              Other, 0x11593de00 <AX element pid: 174, elementOrHash.elementID: 35943845824.146>
                Other, 0x11593df40 <AX element pid: 174, elementOrHash.elementID: 35943846272.186>
                  Other, 0x11593e080 <AX element pid: 174, elementOrHash.elementID: 35943792640.252>
                    Other, 0x11593e1c0 <AX element pid: 174, elementOrHash.elementID: 35943808000.320>
            Icon, 0x11593e300 <AX element pid: 174, elementOrHash.elementID: 35943740928.76>
              Other, 0x11593e440 <AX element pid: 174, elementOrHash.elementID: 35943846720.147>
                Other, 0x11593e580 <AX element pid: 174, elementOrHash.elementID: 35943847168.187>
                  Other, 0x11593e6c0 <AX element pid: 174, elementOrHash.elementID: 35941855104.253>
                    Other, 0x11593e800 <AX element pid: 174, elementOrHash.elementID: 35944039040.321>
            Icon, 0x11593e940 <AX element pid: 174, elementOrHash.elementID: 35944136704.77>
              Other, 0x11593ea80 <AX element pid: 174, elementOrHash.elementID: 35943847616.148>
                Other, 0x11593ebc0 <AX element pid: 174, elementOrHash.elementID: 35943848064.188>
                  Other, 0x11593ed00 <AX element pid: 174, elementOrHash.elementID: 35943795840.254>
                    Other, 0x11593ee40 <AX element pid: 174, elementOrHash.elementID: 35944040320.322>
            Icon, 0x11593ef80 <AX element pid: 174, elementOrHash.elementID: 35944138240.78>
              Other, 0x11593f0c0 <AX element pid: 174, elementOrHash.elementID: 35943848512.149>
                Other, 0x11593f200 <AX element pid: 174, elementOrHash.elementID: 35943848960.189>
                  Other, 0x11593f340 <AX element pid: 174, elementOrHash.elementID: 35941858304.255>
                    Other, 0x11593f480 <AX element pid: 174, elementOrHash.elementID: 35949554944.2977>
            Icon, 0x11593f5c0 <AX element pid: 174, elementOrHash.elementID: 35944139776.79>
              Other, 0x11593f700 <AX element pid: 174, elementOrHash.elementID: 35943849856.150>
                Other, 0x11593f840 <AX element pid: 174, elementOrHash.elementID: 35943850304.190>
                  Other, 0x11593f980 <AX element pid: 174, elementOrHash.elementID: 35943799040.256>
                    Other, 0x11593fac0 <AX element pid: 174, elementOrHash.elementID: 35944043520.324>
            Icon, 0x11593fc00 <AX element pid: 174, elementOrHash.elementID: 35944141312.80>
              Other, 0x11593fd40 <AX element pid: 174, elementOrHash.elementID: 35943850752.151>
                Other, 0x11593fe80 <AX element pid: 174, elementOrHash.elementID: 35943851200.191>
                  Other, 0x115810000 <AX element pid: 174, elementOrHash.elementID: 35941853184.257>
                    Other, 0x115810140 <AX element pid: 174, elementOrHash.elementID: 35944044800.325>
          Other, 0x115810280 <AX element pid: 174, elementOrHash.elementID: 36036369408.57>
            Icon, 0x1158103c0 <AX element pid: 174, elementOrHash.elementID: 35941698560.81>
              Other, 0x115810500 <AX element pid: 174, elementOrHash.elementID: 35942346112.152>
                Other, 0x115810640 <AX element pid: 174, elementOrHash.elementID: 35943611712.192>
                  Other, 0x115810780 <AX element pid: 174, elementOrHash.elementID: 35941853824.258>
                    Other, 0x1158108c0 <AX element pid: 174, elementOrHash.elementID: 35943800960.326>
            Icon, 0x115810a00 <AX element pid: 174, elementOrHash.elementID: 35943734784.82>
              Other, 0x115810b40 <AX element pid: 174, elementOrHash.elementID: 35943841792.153>
                Other, 0x115810c80 <AX element pid: 174, elementOrHash.elementID: 35943842240.193>
                  Other, 0x115810dc0 <AX element pid: 174, elementOrHash.elementID: 35943794560.259>
                    Other, 0x115810f00 <AX element pid: 174, elementOrHash.elementID: 35943802240.327>
                  Other, 0x115811040 <AX element pid: 174, elementOrHash.elementID: 35889825024.1441>
                    Other, 0x115811180 <AX element pid: 174, elementOrHash.elementID: 35889810048.1475>
                      Image, 0x1158112c0 <AX element pid: 174, elementOrHash.elementID: 36055537152.1486>
          Other, 0x115811400 <AX element pid: 174, elementOrHash.elementID: 36036368384.58>
          Icon, 0x115811540 <AX element pid: 174, elementOrHash.elementID: 35944142848.59>
            Other, 0x115811680 <AX element pid: 174, elementOrHash.elementID: 35887499776.2952>
            Other, 0x1158117c0 <AX element pid: 174, elementOrHash.elementID: 35921987456.2953>
            Other, 0x115811900 <AX element pid: 174, elementOrHash.elementID: 35906212864.2954>
            Other, 0x115811a40 <AX element pid: 174, elementOrHash.elementID: 35891053184.513>
      Other, 0x115811b80 <AX element pid: 174, elementOrHash.elementID: 35944048000.40>
        Other, 0x115811cc0 <AX element pid: 174, elementOrHash.elementID: 36037143040.51>
          Other, 0x115811e00 <AX element pid: 174, elementOrHash.elementID: 15888323694556361868.9999>
            Other, 0x115811f40 <AX element pid: 303, elementOrHash.elementID: 4312005392.4>
              Other, 0x115812080 <AX element pid: 303, elementOrHash.elementID: 33807598848.5>
                Other, 0x1158121c0 <AX element pid: 303, elementOrHash.elementID: 33807631232.6>
                  Other, 0x115812300 <AX element pid: 303, elementOrHash.elementID: 33807630336.7>
          Other, 0x115812440 <AX element pid: 174, elementOrHash.elementID: 4828928117917013637.9999>
            Other, 0x115812580 <AX element pid: 303, elementOrHash.elementID: 33807632128.8>
              Other, 0x1158126c0 <AX element pid: 303, elementOrHash.elementID: 33807633920.9>
          Other, 0x115812800 <AX element pid: 174, elementOrHash.elementID: 4707142009615084407.9999>
  Window, 0x115812940 <AX element pid: 174, elementOrHash.elementID: 36022010880.16>
    StatusBar, 0x115812a80 <AX element pid: 174, elementOrHash.elementID: 36017866624.26>
      Other, 0x115812bc0 <AX element pid: 174, elementOrHash.elementID: 36021977088.41>
        Other, 0x115812d00 <AX element pid: 174, elementOrHash.elementID: 35956201600.3054>
          Other, 0x115812e40 <AX element pid: 174, elementOrHash.elementID: 35956206976.3055>
            StaticText, 0x115812f80 <AX element pid: 174, elementOrHash.elementID: 35893188736.3057>
            StaticText, 0x1158130c0 <AX element pid: 174, elementOrHash.elementID: 35951739776.3058>
          Other, 0x115813200 <AX element pid: 174, elementOrHash.elementID: 35948128320.3056>
            Other, 0x115813340 <AX element pid: 174, elementOrHash.elementID: 36046874112.3059>
            Image, 0x115813480 <AX element pid: 174, elementOrHash.elementID: 35887312128.3060>
            StaticText, 0x1158135c0 <AX element pid: 174, elementOrHash.elementID: 35951751424.3061>
            Other, 0x115813700 <AX element pid: 174, elementOrHash.elementID: 35887314048.3062>
    Other, 0x115813840 <AX element pid: 174, elementOrHash.elementID: 36017881984.27>
  Window, 0x115813980 <AX element pid: 174, elementOrHash.elementID: 36032072704.17>
    Other, 0x115813ac0 <AX element pid: 174, elementOrHash.elementID: 35953535488.28>
  Window, 0x115813c00 <AX element pid: 174, elementOrHash.elementID: 36032076800.18>
    Other, 0x115813d40 <AX element pid: 174, elementOrHash.elementID: 35953537728.29>
10:03:12.894 WebDriverAgentRunner-Runner[1852:329613] Found matches {(
    StatusBar
)} with root Application, pid: 174
10:03:12.894 WebDriverAgentRunner-Runner[1852:329613] <XCTContext: 0x1141895e0> finished activity <XCActivityRecord: 0x114d717a0> 2026-07-20 03:03:12 +0000: Get all elements bound by index for: Descendants matching type StatusBar (0.194742s)
10:03:12.895 WebDriverAgentRunner-Runner[1852:329613] <XCTContext: 0x1141895e0> started activity <XCActivityRecord: 0x114d717a0> 2026-07-20 03:03:12 +0000: Find the StatusBar (Element at index 0)
10:03:12.895 WebDriverAgentRunner-Runner[1852:329613] Executing query:
↪︎ Descendants matching type StatusBar
    ↪︎ Element at index 0
10:03:12.895 WebDriverAgentRunner-Runner[1852:329613] Creating future for 'checking for continuity enablement' with timeout 30.00
10:03:12.895 WebDriverAgentRunner-Runner[1852:329613] <XCTWaiter: 0x115767ba0> entering wait loop for 30.00s with expectations: `checking for continuity enablement`
10:03:12.897 WebDriverAgentRunner-Runner[1852:329613] Returning result XCTWaiterResultCompleted for synchronous waiter <XCTWaiter: 0x115767ba0>
10:03:12.897 WebDriverAgentRunner-Runner[1852:329613] Wait <XCTWaiterWait: 0x1158b5900> completed after 0.001s
10:03:12.897 WebDriverAgentRunner-Runner[1852:329613] cleaning up checking for continuity enablement
10:03:12.897 WebDriverAgentRunner-Runner[1852:329613] Should evaluate query remotely? XCTDisableRemoteQueryEvaluation(d-write): YES, hasAutomationSession: YES, supportsRemoteEvaluation: YES
10:03:12.897 WebDriverAgentRunner-Runner[1852:329613] Getting matching snapshots for locally evaluated query
10:03:12.897 WebDriverAgentRunner-Runner[1852:329613] Evaluating query:
 ↪︎ Descendants matching type StatusBar
    ↪︎ Element at index 0
10:03:12.897 WebDriverAgentRunner-Runner[1852:329613] Getting root element snapshot
10:03:12.897 WebDriverAgentRunner-Runner[1852:329613] Getting snapshot for App element pid: 174 for query ↪︎ Descendants matching type StatusBar
    ↪︎ Element at index 0
10:03:12.897 WebDriverAgentRunner-Runner[1852:329613] <XCTContext: 0x1141895e0> started activity <XCActivityRecord: 0x114d716c0> 2026-07-20 03:03:12 +0000: Requesting snapshot of accessibility hierarchy for app with pid 174
10:03:12.898 WebDriverAgentRunner-Runner[1852:329613] Query requires iOS snapshot attributes XC_kAXXCAttributeElementType, XC_kAXXCAttributeElementBaseType, XC_kAXXCAttributeAutomationType, XC_kAXXCAttributeTraits.
10:03:12.898 WebDriverAgentRunner-Runner[1852:329613] XCUIElementQuery <XCTElementSnapshotProvider> getting snapshot
10:03:12.898 WebDriverAgentRunner-Runner[1852:329613] Snapshot request has custom attributes XC_kAXXCAttributeElementType, XC_kAXXCAttributeElementBaseType, XC_kAXXCAttributeAutomationType, XC_kAXXCAttributeTraits
10:03:12.898 WebDriverAgentRunner-Runner[1852:329613] Snapshot request has custom parameters {
    snapshotKeyHonorModalViews = 0;
}
10:03:12.898 WebDriverAgentRunner-Runner[1852:329613] Current snapshot generation is 379
10:03:12.898 WebDriverAgentRunner-Runner[1852:329613] Capturing a new snapshot
10:03:12.898 WebDriverAgentRunner-Runner[1852:329613] Fetching snapshot for App element pid: 174 from testmanagerd with attributes XC_kAXXCAttributeElementType, XC_kAXXCAttributeElementBaseType, XC_kAXXCAttributeParent, XC_kAXXCAttributeIdentifier, XC_kAXXCAttributeAutomationType, XC_kAXXCAttributeTraits and parameters {
    maxArrayCount = 2147483647;
    maxChildren = 2147483647;
    maxDepth = 50;
    snapshotKeyHonorModalViews = 0;
    traverseFromParentsToChildren = 1;
}.
10:03:12.898 WebDriverAgentRunner-Runner[1852:329613] Creating future for 'fetching snapshot from testmanagerd.' with timeout 65.00
10:03:12.898 WebDriverAgentRunner-Runner[1852:329613] <XCTWaiter: 0x115765230> entering wait loop for 65.00s with expectations: `fetching snapshot from testmanagerd.`
    t =   172.28s     Requesting snapshot of accessibility hierarchy for app with pid 174
10:03:13.059 WebDriverAgentRunner-Runner[1852:332720] Got snapshot response with runtime issue support from testmanagerd.
10:03:13.059 WebDriverAgentRunner-Runner[1852:329613] Returning result XCTWaiterResultCompleted for synchronous waiter <XCTWaiter: 0x115765230>
10:03:13.059 WebDriverAgentRunner-Runner[1852:329613] Wait <XCTWaiterWait: 0x1158b59c0> completed after 0.161s
10:03:13.059 WebDriverAgentRunner-Runner[1852:329613] cleaning up fetching snapshot from testmanagerd.
10:03:13.060 WebDriverAgentRunner-Runner[1852:329613] <XCTContext: 0x1141895e0> finished activity <XCActivityRecord: 0x114d716c0> 2026-07-20 03:03:12 +0000: Requesting snapshot of accessibility hierarchy for app with pid 174 (0.162109s)
10:03:13.060 WebDriverAgentRunner-Runner[1852:329613] XCTPerformOnMainRunLoop[MT]: already on MT; performing block without run loop dispatch - timeouts will not be enforced.
10:03:13.060 WebDriverAgentRunner-Runner[1852:329613] XCTElementQuery: set data source for rootElementSnapshot to (null)
10:03:13.060 WebDriverAgentRunner-Runner[1852:329613] Finding all matches with input Application, pid: 174 using transformers 
↪︎ Descendants matching type StatusBar
    ↪︎ Element at index 0
10:03:13.060 WebDriverAgentRunner-Runner[1852:329613] <XCTContext: 0x1141895e0> started activity <XCActivityRecord: 0x114d716c0> 2026-07-20 03:03:13 +0000: Find: Descendants matching type StatusBar
    t =   172.45s     Find: Descendants matching type StatusBar
10:03:13.062 WebDriverAgentRunner-Runner[1852:329613] <XCTContext: 0x1141895e0> finished activity <XCActivityRecord: 0x114d716c0> 2026-07-20 03:03:13 +0000: Find: Descendants matching type StatusBar (0.00233305s)
10:03:13.063 WebDriverAgentRunner-Runner[1852:329613] [Match All] applied transformer `Descendants matching type StatusBar` to input {(
    Application, pid: 174
)}, found {(
    StatusBar
)}
10:03:13.063 WebDriverAgentRunner-Runner[1852:329613] <XCTContext: 0x1141895e0> started activity <XCActivityRecord: 0x114d716c0> 2026-07-20 03:03:13 +0000: Find: Element at index 0
10:03:13.063 WebDriverAgentRunner-Runner[1852:329613] <XCTContext: 0x1141895e0> finished activity <XCActivityRecord: 0x114d716c0> 2026-07-20 03:03:13 +0000: Find: Element at index 0 (0.000236034s)
10:03:13.063 WebDriverAgentRunner-Runner[1852:329613] [Match All] applied transformer `Element at index 0` to input {(
    StatusBar
)}, found {(
    StatusBar
)}
10:03:13.063 WebDriverAgentRunner-Runner[1852:329613] [Match All] setting out related elements {(
)}
    t =   172.45s     Find: Element at index 0
10:03:13.067 WebDriverAgentRunner-Runner[1852:329613] Current tree:
Application, 0x115813e80, pid: 174 <App element pid: 174>
  Window, 0x115814000 <AX element pid: 174, elementOrHash.elementID: 36032084992.10>
    Other, 0x115814140 <AX element pid: 174, elementOrHash.elementID: 35948119808.19>
      Other, 0x115814280 <AX element pid: 174, elementOrHash.elementID: 35948120256.30>
        Image, 0x1158143c0 <AX element pid: 174, elementOrHash.elementID: 36036531200.42>
        Image, 0x115814500 <AX element pid: 174, elementOrHash.elementID: 36036531712.43>
      Other, 0x115814640 <AX element pid: 174, elementOrHash.elementID: 35948119360.31>
        Other, 0x115814780 <AX element pid: 174, elementOrHash.elementID: 35948131904.44>
          Other, 0x1158148c0 <AX element pid: 174, elementOrHash.elementID: 35941697024.53>
            Other, 0x115814a00 <AX element pid: 174, elementOrHash.elementID: 35948131456.62>
              Other, 0x115814b40 <AX element pid: 174, elementOrHash.elementID: 35948131008.97>
            Icon, 0x115814c80 <AX element pid: 174, elementOrHash.elementID: 36035587328.63>
              Icon, 0x115814dc0 <AX element pid: 174, elementOrHash.elementID: 36035839104.98>
              Icon, 0x115814f00 <AX element pid: 174, elementOrHash.elementID: 36035839296.99>
              Icon, 0x115815040 <AX element pid: 174, elementOrHash.elementID: 36035839488.100>
              Icon, 0x115815180 <AX element pid: 174, elementOrHash.elementID: 36035839872.101>
              Icon, 0x1158152c0 <AX element pid: 174, elementOrHash.elementID: 36035840064.102>
              Icon, 0x115815400 <AX element pid: 174, elementOrHash.elementID: 36024175808.103>
              Icon, 0x115815540 <AX element pid: 174, elementOrHash.elementID: 36023792960.104>
              Icon, 0x115815680 <AX element pid: 174, elementOrHash.elementID: 36024840576.105>
              Icon, 0x1158157c0 <AX element pid: 174, elementOrHash.elementID: 36024206656.106>
              Icon, 0x115815900 <AX element pid: 174, elementOrHash.elementID: 36023793344.107>
              Icon, 0x115815a40 <AX element pid: 174, elementOrHash.elementID: 36024183296.108>
              Icon, 0x115815b80 <AX element pid: 174, elementOrHash.elementID: 36024259456.109>
              Icon, 0x115815cc0 <AX element pid: 174, elementOrHash.elementID: 36024838464.110>
              Icon, 0x115815e00 <AX element pid: 174, elementOrHash.elementID: 36024596928.111>
              Icon, 0x115815f40 <AX element pid: 174, elementOrHash.elementID: 36024207040.112>
              Icon, 0x115816080 <AX element pid: 174, elementOrHash.elementID: 36024209536.113>
              Icon, 0x1158161c0 <AX element pid: 174, elementOrHash.elementID: 36024186176.114>
            Icon, 0x115816300 <AX element pid: 174, elementOrHash.elementID: 36035588864.64>
              Icon, 0x115816440 <AX element pid: 174, elementOrHash.elementID: 35905396224.1354>
                Other, 0x115816580 <AX element pid: 174, elementOrHash.elementID: 35889626432.1385>
                  Other, 0x1158166c0 <AX element pid: 174, elementOrHash.elementID: 35889807360.1400>
                    Other, 0x115816800 <AX element pid: 174, elementOrHash.elementID: 36042307072.1621>
                      Other, 0x115816940 <AX element pid: 174, elementOrHash.elementID: 35941852544.3026>
                  Other, 0x115816a80 <AX element pid: 174, elementOrHash.elementID: 35889772928.1739>
                    Other, 0x115816bc0 <AX element pid: 174, elementOrHash.elementID: 35889807808.1750>
                      Image, 0x115816d00 <AX element pid: 174, elementOrHash.elementID: 36055535616.1770>
                      Image, 0x115816e40 <AX element pid: 174, elementOrHash.elementID: 36055535104.1771>
              Icon, 0x115816f80 <AX element pid: 174, elementOrHash.elementID: 35943677952.1368>
                Other, 0x1158170c0 <AX element pid: 174, elementOrHash.elementID: 35943600512.1383>
                  Other, 0x115817200 <AX element pid: 174, elementOrHash.elementID: 35921982592.1398>
                    Other, 0x115817340 <AX element pid: 174, elementOrHash.elementID: 35889765888.2611>
                      Other, 0x115817480 <AX element pid: 174, elementOrHash.elementID: 35876112256.3027>
                  Other, 0x1158175c0 <AX element pid: 174, elementOrHash.elementID: 35922150656.1740>
                    Other, 0x115817700 <AX element pid: 174, elementOrHash.elementID: 35921983040.1751>
                      Image, 0x115817840 <AX element pid: 174, elementOrHash.elementID: 36039377920.1773>
                      Image, 0x115817980 <AX element pid: 174, elementOrHash.elementID: 36039377408.1774>
              Icon, 0x115817ac0 <AX element pid: 174, elementOrHash.elementID: 35941709312.1555>
                Other, 0x115817c00 <AX element pid: 174, elementOrHash.elementID: 35942350144.1574>
                  Other, 0x115817d40 <AX element pid: 174, elementOrHash.elementID: 35887740480.1603>
                    Other, 0x115817e80 <AX element pid: 174, elementOrHash.elementID: 35889827584.1643>
                      Other, 0x115914000 <AX element pid: 174, elementOrHash.elementID: 35876122496.3028>
                  Other, 0x115914140 <AX element pid: 174, elementOrHash.elementID: 35888278784.1604>
                    Other, 0x115914280 <AX element pid: 174, elementOrHash.elementID: 35887736896.1642>
                      Image, 0x1159143c0 <AX element pid: 174, elementOrHash.elementID: 36052131328.1699>
                      Image, 0x115914500 <AX element pid: 174, elementOrHash.elementID: 36052126720.1700>
              Icon, 0x115914640 <AX element pid: 174, elementOrHash.elementID: 35943706624.1143>
                Other, 0x115914780 <AX element pid: 174, elementOrHash.elementID: 35943608576.1567>
                  Other, 0x1159148c0 <AX element pid: 174, elementOrHash.elementID: 35921976768.1589>
                    Other, 0x115914a00 <AX element pid: 174, elementOrHash.elementID: 35889773568.1436>
                      Other, 0x115914b40 <AX element pid: 174, elementOrHash.elementID: 35905292800.3029>
                  Other, 0x115914c80 <AX element pid: 174, elementOrHash.elementID: 35903654400.1590>
                    Other, 0x115914dc0 <AX element pid: 174, elementOrHash.elementID: 35887731968.1628>
                      Image, 0x115914f00 <AX element pid: 174, elementOrHash.elementID: 36053854208.1672>
                      Image, 0x115915040 <AX element pid: 174, elementOrHash.elementID: 36053856768.1673>
              Icon, 0x115915180 <AX element pid: 174, elementOrHash.elementID: 35905489920.1560>
                Other, 0x1159152c0 <AX element pid: 174, elementOrHash.elementID: 35887708160.1579>
                  Other, 0x115915400 <AX element pid: 174, elementOrHash.elementID: 35887694272.1613>
                    Other, 0x115915540 <AX element pid: 174, elementOrHash.elementID: 35888238976.1438>
                      Other, 0x115915680 <AX element pid: 174, elementOrHash.elementID: 35876099712.3030>
                  Other, 0x1159157c0 <AX element pid: 174, elementOrHash.elementID: 35889714816.1614>
                    Other, 0x115915900 <AX element pid: 174, elementOrHash.elementID: 35887695168.1653>
                      Image, 0x115915a40 <AX element pid: 174, elementOrHash.elementID: 36055469568.1715>
                      Image, 0x115915b80 <AX element pid: 174, elementOrHash.elementID: 36055469056.1716>
              Icon, 0x115915cc0 <AX element pid: 174, elementOrHash.elementID: 35904843776.1376>
                Other, 0x115915e00 <AX element pid: 174, elementOrHash.elementID: 35889589184.1392>
                  Other, 0x115915f40 <AX element pid: 174, elementOrHash.elementID: 35889590080.1413>
                    Other, 0x115916080 <AX element pid: 174, elementOrHash.elementID: 36017871744.288>
                      Other, 0x1159161c0 <AX element pid: 174, elementOrHash.elementID: 35941854464.3031>
                  Other, 0x115916300 <AX element pid: 174, elementOrHash.elementID: 35888248576.1414>
                    Other, 0x115916440 <AX element pid: 174, elementOrHash.elementID: 35889591872.1439>
                      Image, 0x115916580 <AX element pid: 174, elementOrHash.elementID: 36055018496.1472>
                      Image, 0x1159166c0 <AX element pid: 174, elementOrHash.elementID: 36055013376.1473>
              Icon, 0x115916800 <AX element pid: 174, elementOrHash.elementID: 35943694336.119>
                Other, 0x115916940 <AX element pid: 174, elementOrHash.elementID: 35943604992.161>
                  Other, 0x115916a80 <AX element pid: 174, elementOrHash.elementID: 35920557184.203>
                    Other, 0x115916bc0 <AX element pid: 174, elementOrHash.elementID: 35889719296.1633>
                      Other, 0x115916d00 <AX element pid: 174, elementOrHash.elementID: 35876117376.3032>
                  Other, 0x115916e40 <AX element pid: 174, elementOrHash.elementID: 35944979968.204>
                    Other, 0x115916f80 <AX element pid: 174, elementOrHash.elementID: 35910755968.271>
                      Image, 0x1159170c0 <AX element pid: 174, elementOrHash.elementID: 36046516224.343>
                      Image, 0x115917200 <AX element pid: 174, elementOrHash.elementID: 36046515712.344>
              Icon, 0x115917340 <AX element pid: 174, elementOrHash.elementID: 35904516096.1549>
                Other, 0x115917480 <AX element pid: 174, elementOrHash.elementID: 35907066880.1568>
                  Other, 0x1159175c0 <AX element pid: 174, elementOrHash.elementID: 35891482560.1591>
                    Other, 0x115917700 <AX element pid: 174, elementOrHash.elementID: 35888220672.1656>
                      Other, 0x115917840 <AX element pid: 174, elementOrHash.elementID: 35876121856.3033>
                  Other, 0x115917980 <AX element pid: 174, elementOrHash.elementID: 35887504256.1592>
                    Other, 0x115917ac0 <AX element pid: 174, elementOrHash.elementID: 35887807360.1630>
                      Image, 0x115917c00 <AX element pid: 174, elementOrHash.elementID: 36055015936.1676>
                      Image, 0x115917d40 <AX element pid: 174, elementOrHash.elementID: 36055014912.1677>
              Icon, 0x115917e80 <AX element pid: 174, elementOrHash.elementID: 35905391616.1372>
                Other, 0x1159dc000 <AX element pid: 174, elementOrHash.elementID: 35889622400.1388>
                  Other, 0x1159dc140 <AX element pid: 174, elementOrHash.elementID: 35889622848.1405>
                    Other, 0x1159dc280 <AX element pid: 174, elementOrHash.elementID: 35887443840.2516>
                      Other, 0x1159dc3c0 <AX element pid: 174, elementOrHash.elementID: 35957085184.3034>
                  Other, 0x1159dc500 <AX element pid: 174, elementOrHash.elementID: 35889767168.1406>
                    Other, 0x1159dc640 <AX element pid: 174, elementOrHash.elementID: 35889623296.1432>
                      Image, 0x1159dc780 <AX element pid: 174, elementOrHash.elementID: 36055531520.1459>
                      Image, 0x1159dc8c0 <AX element pid: 174, elementOrHash.elementID: 36055481856.1460>
              Icon, 0x1159dca00 <AX element pid: 174, elementOrHash.elementID: 35943691776.1546>
                Other, 0x1159dcb40 <AX element pid: 174, elementOrHash.elementID: 35943604544.1564>
                  Other, 0x1159dcc80 <AX element pid: 174, elementOrHash.elementID: 35957582336.1583>
                    Other, 0x1159dcdc0 <AX element pid: 174, elementOrHash.elementID: 35921991936.1638>
                      Other, 0x1159dcf00 <AX element pid: 174, elementOrHash.elementID: 35923123712.3035>
                  Other, 0x1159dd040 <AX element pid: 174, elementOrHash.elementID: 35888275584.1584>
                    Other, 0x1159dd180 <AX element pid: 174, elementOrHash.elementID: 36004838272.1623>
                      Image, 0x1159dd2c0 <AX element pid: 174, elementOrHash.elementID: 36052134400.1661>
                      Image, 0x1159dd400 <AX element pid: 174, elementOrHash.elementID: 36052130304.1662>
              Icon, 0x1159dd540 <AX element pid: 174, elementOrHash.elementID: 35943679488.1563>
                Other, 0x1159dd680 <AX element pid: 174, elementOrHash.elementID: 35943600960.1582>
                  Other, 0x1159dd7c0 <AX element pid: 174, elementOrHash.elementID: 35887739584.1619>
                    Other, 0x1159dd900 <AX element pid: 174, elementOrHash.elementID: 35904824064.311>
                      Other, 0x1159dda40 <AX element pid: 174, elementOrHash.elementID: 35909329664.3036>
                  Other, 0x1159ddb80 <AX element pid: 174, elementOrHash.elementID: 35888281984.1620>
                    Other, 0x1159ddcc0 <AX element pid: 174, elementOrHash.elementID: 35887734208.1658>
                      Image, 0x1159dde00 <AX element pid: 174, elementOrHash.elementID: 36053844480.1724>
                      Image, 0x1159ddf40 <AX element pid: 174, elementOrHash.elementID: 36053843968.1725>
              Icon, 0x1159de080 <AX element pid: 174, elementOrHash.elementID: 35943727104.116>
                Other, 0x1159de1c0 <AX element pid: 174, elementOrHash.elementID: 35943609472.158>
                  Other, 0x1159de300 <AX element pid: 174, elementOrHash.elementID: 35923107712.197>
                    Other, 0x1159de440 <AX element pid: 174, elementOrHash.elementID: 35889717376.1637>
                      Other, 0x1159de580 <AX element pid: 174, elementOrHash.elementID: 35876110336.3037>
                  Other, 0x1159de6c0 <AX element pid: 174, elementOrHash.elementID: 35904820864.198>
                    Other, 0x1159de800 <AX element pid: 174, elementOrHash.elementID: 35923099648.265>
                      Image, 0x1159de940 <AX element pid: 174, elementOrHash.elementID: 36044152320.334>
                      Image, 0x1159dea80 <AX element pid: 174, elementOrHash.elementID: 36044151808.335>
              Icon, 0x1159debc0 <AX element pid: 174, elementOrHash.elementID: 35905491456.1547>
                Other, 0x1159ded00 <AX element pid: 174, elementOrHash.elementID: 35887693824.1565>
                  Other, 0x1159dee40 <AX element pid: 174, elementOrHash.elementID: 35889610752.1585>
                    Other, 0x1159def80 <AX element pid: 174, elementOrHash.elementID: 35904822144.264>
                      Other, 0x1159df0c0 <AX element pid: 174, elementOrHash.elementID: 35876121216.3038>
                  Other, 0x1159df200 <AX element pid: 174, elementOrHash.elementID: 35889716736.1586>
                    Other, 0x1159df340 <AX element pid: 174, elementOrHash.elementID: 35889611200.1625>
                      Image, 0x1159df480 <AX element pid: 174, elementOrHash.elementID: 36055470592.1664>
                      Image, 0x1159df5c0 <AX element pid: 174, elementOrHash.elementID: 36055470080.1665>
              Icon, 0x1159df700 <AX element pid: 174, elementOrHash.elementID: 35943593472.1554>
                Other, 0x1159df840 <AX element pid: 174, elementOrHash.elementID: 35943600064.1573>
                  Other, 0x1159df980 <AX element pid: 174, elementOrHash.elementID: 35922183040.1601>
                    Other, 0x1159dfac0 <AX element pid: 174, elementOrHash.elementID: 35887493632.3021>
                      Other, 0x1159dfc00 <AX element pid: 174, elementOrHash.elementID: 35891044480.3039>
                  Other, 0x1159dfd40 <AX element pid: 174, elementOrHash.elementID: 35922157056.1602>
                    Other, 0x1159dfe80 <AX element pid: 174, elementOrHash.elementID: 35922183488.1641>
                      Image, 0x1159e0000 <AX element pid: 174, elementOrHash.elementID: 36039390720.1696>
                      Image, 0x1159e0140 <AX element pid: 174, elementOrHash.elementID: 36039390208.1697>
              Icon, 0x1159e0280 <AX element pid: 174, elementOrHash.elementID: 35943708160.135>
                Other, 0x1159e03c0 <AX element pid: 174, elementOrHash.elementID: 35943609024.177>
                  Other, 0x1159e0500 <AX element pid: 174, elementOrHash.elementID: 35909462528.235>
                    Other, 0x1159e0640 <AX element pid: 174, elementOrHash.elementID: 35943793280.1645>
                      Other, 0x1159e0780 <AX element pid: 174, elementOrHash.elementID: 35888216448.3040>
                  Other, 0x1159e08c0 <AX element pid: 174, elementOrHash.elementID: 35903660160.236>
                    Other, 0x1159e0a00 <AX element pid: 174, elementOrHash.elementID: 35909461632.303>
                      Image, 0x1159e0b40 <AX element pid: 174, elementOrHash.elementID: 36021239808.391>
                      Image, 0x1159e0c80 <AX element pid: 174, elementOrHash.elementID: 36045234176.392>
              Icon, 0x1159e0dc0 <AX element pid: 174, elementOrHash.elementID: 35943695872.140>
                Other, 0x1159e0f00 <AX element pid: 174, elementOrHash.elementID: 35943605440.182>
                  Other, 0x1159e1040 <AX element pid: 174, elementOrHash.elementID: 35909463872.245>
                    Other, 0x1159e1180 <AX element pid: 174, elementOrHash.elementID: 35976178304.313>
                      Other, 0x1159e12c0 <AX element pid: 174, elementOrHash.elementID: 35909320704.3041>
                  Other, 0x1159e1400 <AX element pid: 174, elementOrHash.elementID: 35908194688.246>
                    Other, 0x1159e1540 <AX element pid: 174, elementOrHash.elementID: 35909454912.314>
                      Image, 0x1159e1680 <AX element pid: 174, elementOrHash.elementID: 36039489024.407>
                      Image, 0x1159e17c0 <AX element pid: 174, elementOrHash.elementID: 36039489536.408>
              Icon, 0x1159e1900 <AX element pid: 174, elementOrHash.elementID: 35905492992.1548>
                Other, 0x1159e1a40 <AX element pid: 174, elementOrHash.elementID: 35889611648.1566>
                  Other, 0x1159e1b80 <AX element pid: 174, elementOrHash.elementID: 35889612096.1587>
                    Other, 0x1159e1cc0 <AX element pid: 174, elementOrHash.elementID: 35887301888.1431>
                      Other, 0x1159e1e00 <AX element pid: 174, elementOrHash.elementID: 35876119296.3042>
                  Other, 0x1159e1f40 <AX element pid: 174, elementOrHash.elementID: 35889718656.1588>
                    Other, 0x1159e2080 <AX element pid: 174, elementOrHash.elementID: 35889612544.1627>
                      Image, 0x1159e21c0 <AX element pid: 174, elementOrHash.elementID: 36055472128.1667>
                      Image, 0x1159e2300 <AX element pid: 174, elementOrHash.elementID: 36055471616.1668>
              Icon, 0x1159e2440 <AX element pid: 174, elementOrHash.elementID: 35943579648.129>
                Other, 0x1159e2580 <AX element pid: 174, elementOrHash.elementID: 35943596032.171>
                  Other, 0x1159e26c0 <AX element pid: 174, elementOrHash.elementID: 35909462080.223>
                    Other, 0x1159e2800 <AX element pid: 174, elementOrHash.elementID: 35893129728.1640>
                      Other, 0x1159e2940 <AX element pid: 174, elementOrHash.elementID: 35876118656.3043>
                  Other, 0x1159e2a80 <AX element pid: 174, elementOrHash.elementID: 35903662080.224>
                    Other, 0x1159e2bc0 <AX element pid: 174, elementOrHash.elementID: 35909456704.291>
                      Image, 0x1159e2d00 <AX element pid: 174, elementOrHash.elementID: 36045230080.373>
                      Image, 0x1159e2e40 <AX element pid: 174, elementOrHash.elementID: 36045229568.374>
              Icon, 0x1159e2f80 <AX element pid: 174, elementOrHash.elementID: 35904839168.1377>
                Other, 0x1159e30c0 <AX element pid: 174, elementOrHash.elementID: 35887797504.1393>
                  Other, 0x1159e3200 <AX element pid: 174, elementOrHash.elementID: 35887807808.1415>
                    Other, 0x1159e3340 <AX element pid: 174, elementOrHash.elementID: 35887442560.3022>
                      Other, 0x1159e3480 <AX element pid: 174, elementOrHash.elementID: 35903660800.3044>
                  Other, 0x1159e35c0 <AX element pid: 174, elementOrHash.elementID: 35888221952.1416>
                    Other, 0x1159e3700 <AX element pid: 174, elementOrHash.elementID: 35887797952.1442>
                      Image, 0x1159e3840 <AX element pid: 174, elementOrHash.elementID: 36055015424.1476>
                      Image, 0x1159e3980 <AX element pid: 174, elementOrHash.elementID: 36055019520.1477>
              Icon, 0x1159e3ac0 <AX element pid: 174, elementOrHash.elementID: 35905393152.1552>
                Other, 0x1159e3c00 <AX element pid: 174, elementOrHash.elementID: 35889623744.1571>
                  Other, 0x1159e3d40 <AX element pid: 174, elementOrHash.elementID: 35889624192.1597>
                    Other, 0x1159e3e80 <AX element pid: 174, elementOrHash.elementID: 35887330432.2047>
                      Other, 0x1159e8000 <AX element pid: 174, elementOrHash.elementID: 35887474688.3045>
                  Other, 0x1159e8140 <AX element pid: 174, elementOrHash.elementID: 35889769088.1598>
                    Other, 0x1159e8280 <AX element pid: 174, elementOrHash.elementID: 35889624640.1636>
                      Image, 0x1159e83c0 <AX element pid: 174, elementOrHash.elementID: 36055533056.1687>
                      Image, 0x1159e8500 <AX element pid: 174, elementOrHash.elementID: 36055532544.1688>
              Icon, 0x1159e8640 <AX element pid: 174, elementOrHash.elementID: 35943728640.126>
                Other, 0x1159e8780 <AX element pid: 174, elementOrHash.elementID: 35943609920.168>
                  Other, 0x1159e88c0 <AX element pid: 174, elementOrHash.elementID: 35921979456.217>
                    Other, 0x1159e8a00 <AX element pid: 174, elementOrHash.elementID: 35875789056.3023>
                      Other, 0x1159e8b40 <AX element pid: 174, elementOrHash.elementID: 35909321984.3046>
                  Other, 0x1159e8c80 <AX element pid: 174, elementOrHash.elementID: 35921998976.218>
                    Other, 0x1159e8dc0 <AX element pid: 174, elementOrHash.elementID: 35921979904.285>
                      Image, 0x1159e8f00 <AX element pid: 174, elementOrHash.elementID: 36039288320.364>
                      Image, 0x1159e9040 <AX element pid: 174, elementOrHash.elementID: 36039287808.365>
              Icon, 0x1159e9180 <AX element pid: 174, elementOrHash.elementID: 35904517632.1550>
                Other, 0x1159e92c0 <AX element pid: 174, elementOrHash.elementID: 35892693632.1569>
                  Other, 0x1159e9400 <AX element pid: 174, elementOrHash.elementID: 35892704384.1593>
                    Other, 0x1159e9540 <AX element pid: 174, elementOrHash.elementID: 35887504896.1631>
                      Other, 0x1159e9680 <AX element pid: 174, elementOrHash.elementID: 35876118016.3047>
                  Other, 0x1159e97c0 <AX element pid: 174, elementOrHash.elementID: 35888235136.1594>
                    Other, 0x1159e9900 <AX element pid: 174, elementOrHash.elementID: 35892692288.1632>
                      Image, 0x1159e9a40 <AX element pid: 174, elementOrHash.elementID: 36053856256.1679>
                      Image, 0x1159e9b80 <AX element pid: 174, elementOrHash.elementID: 36053851136.1680>
              Icon, 0x1159e9cc0 <AX element pid: 174, elementOrHash.elementID: 35905394688.1556>
                Other, 0x1159e9e00 <AX element pid: 174, elementOrHash.elementID: 35889625088.1575>
                  Other, 0x1159e9f40 <AX element pid: 174, elementOrHash.elementID: 35889625536.1605>
                    Other, 0x1159ea080 <AX element pid: 174, elementOrHash.elementID: 35889715456.1624>
                      Other, 0x1159ea1c0 <AX element pid: 174, elementOrHash.elementID: 35876125056.3048>
                  Other, 0x1159ea300 <AX element pid: 174, elementOrHash.elementID: 35889771008.1606>
                    Other, 0x1159ea440 <AX element pid: 174, elementOrHash.elementID: 35889625984.1644>
                      Image, 0x1159ea580 <AX element pid: 174, elementOrHash.elementID: 36055534080.1702>
                      Image, 0x1159ea6c0 <AX element pid: 174, elementOrHash.elementID: 36055533568.1703>
              Icon, 0x1159ea800 <AX element pid: 174, elementOrHash.elementID: 35941707776.137>
                Other, 0x1159ea940 <AX element pid: 174, elementOrHash.elementID: 35942349696.179>
                  Other, 0x1159eaa80 <AX element pid: 174, elementOrHash.elementID: 35921984384.239>
                    Other, 0x1159eabc0 <AX element pid: 174, elementOrHash.elementID: 35888203008.3024>
                      Other, 0x1159ead00 <AX element pid: 174, elementOrHash.elementID: 35876094592.3049>
                    Other, 0x1159eae40 <AX element pid: 174, elementOrHash.elementID: 35920638464.309>
                      Other, 0x1159eaf80 <AX element pid: 174, elementOrHash.elementID: 35921973184.400>
                        Image, 0x1159eb0c0 <AX element pid: 174, elementOrHash.elementID: 36046661120.416>
                  Other, 0x1159eb200 <AX element pid: 174, elementOrHash.elementID: 35922153216.240>
                    Other, 0x1159eb340 <AX element pid: 174, elementOrHash.elementID: 35921984832.307>
                      Image, 0x1159eb480 <AX element pid: 174, elementOrHash.elementID: 36039383040.397>
                      Image, 0x1159eb5c0 <AX element pid: 174, elementOrHash.elementID: 36039382528.398>
              Icon, 0x1159eb700 <AX element pid: 174, elementOrHash.elementID: 35904840704.1561>
                Other, 0x1159eb840 <AX element pid: 174, elementOrHash.elementID: 35889589632.1580>
                  Other, 0x1159eb980 <AX element pid: 174, elementOrHash.elementID: 35889588288.1615>
                    Other, 0x1159ebac0 <AX element pid: 174, elementOrHash.elementID: 35888170240.2122>
                      Other, 0x1159ebc00 <AX element pid: 174, elementOrHash.elementID: 35887476608.3050>
                  Other, 0x1159ebd40 <AX element pid: 174, elementOrHash.elementID: 35888242816.1616>
                    Other, 0x1159ebe80 <AX element pid: 174, elementOrHash.elementID: 35889588736.1655>
                      Image, 0x1159f0000 <AX element pid: 174, elementOrHash.elementID: 36055023104.1718>
                      Image, 0x1159f0140 <AX element pid: 174, elementOrHash.elementID: 36055020544.1719>
              Icon, 0x1159f0280 <AX element pid: 174, elementOrHash.elementID: 35905494528.1551>
                Other, 0x1159f03c0 <AX element pid: 174, elementOrHash.elementID: 35889612992.1570>
                  Other, 0x1159f0500 <AX element pid: 174, elementOrHash.elementID: 35889613440.1595>
                    Other, 0x1159f0640 <AX element pid: 174, elementOrHash.elementID: 35887441280.2515>
                      Other, 0x1159f0780 <AX element pid: 174, elementOrHash.elementID: 35909332864.3051>
                  Other, 0x1159f08c0 <AX element pid: 174, elementOrHash.elementID: 35889720576.1596>
                    Other, 0x1159f0a00 <AX element pid: 174, elementOrHash.elementID: 35889613888.1634>
                      Image, 0x1159f0b40 <AX element pid: 174, elementOrHash.elementID: 36055473152.1682>
                      Image, 0x1159f0c80 <AX element pid: 174, elementOrHash.elementID: 36055472640.1683>
              Icon, 0x1159f0dc0 <AX element pid: 174, elementOrHash.elementID: 35943581184.1557>
                Other, 0x1159f0f00 <AX element pid: 174, elementOrHash.elementID: 35943596480.1576>
                  Other, 0x1159f1040 <AX element pid: 174, elementOrHash.elementID: 35922182144.1607>
                    Other, 0x1159f1180 <AX element pid: 174, elementOrHash.elementID: 35903653760.2828>
                      Other, 0x1159f12c0 <AX element pid: 174, elementOrHash.elementID: 35876112896.3052>
                  Other, 0x1159f1400 <AX element pid: 174, elementOrHash.elementID: 35922155776.1608>
                    Other, 0x1159f1540 <AX element pid: 174, elementOrHash.elementID: 35922182592.1646>
                      Image, 0x1159f1680 <AX element pid: 174, elementOrHash.elementID: 36039388160.1705>
                      Image, 0x1159f17c0 <AX element pid: 174, elementOrHash.elementID: 36039387648.1706>
              Icon, 0x1159f1900 <AX element pid: 174, elementOrHash.elementID: 35904842240.1562>
                Other, 0x1159f1a40 <AX element pid: 174, elementOrHash.elementID: 35889590528.1581>
                  Other, 0x1159f1b80 <AX element pid: 174, elementOrHash.elementID: 35889590976.1617>
                    Other, 0x1159f1cc0 <AX element pid: 174, elementOrHash.elementID: 35887484032.3025>
                      Other, 0x1159f1e00 <AX element pid: 174, elementOrHash.elementID: 35876116096.3053>
                  Other, 0x1159f1f40 <AX element pid: 174, elementOrHash.elementID: 35888227712.1618>
                    Other, 0x1159f2080 <AX element pid: 174, elementOrHash.elementID: 35889593664.1657>
                      Image, 0x1159f21c0 <AX element pid: 174, elementOrHash.elementID: 36055022592.1721>
                      Image, 0x1159f2300 <AX element pid: 174, elementOrHash.elementID: 36055012864.1722>
            Icon, 0x1159f2440 <AX element pid: 174, elementOrHash.elementID: 36035589376.65>
              Icon, 0x1159f2580 <AX element pid: 174, elementOrHash.elementID: 36023791424.143>
            PageIndicator, 0x1159f26c0 <AX element pid: 174, elementOrHash.elementID: 35941843584.66>
        Other, 0x1159f2800 <AX element pid: 174, elementOrHash.elementID: 36034925568.45>
      Other, 0x1159f2940 <AX element pid: 174, elementOrHash.elementID: 36034935808.32>
  Window, 0x1159f2a80 <AX element pid: 174, elementOrHash.elementID: 36032077824.11>
    Other, 0x1159f2bc0 <AX element pid: 174, elementOrHash.elementID: 35953538624.20>
      Other, 0x1159f2d00 <AX element pid: 174, elementOrHash.elementID: 35953538176.33>
  Window, 0x1159f2e40 <AX element pid: 174, elementOrHash.elementID: 36018690304.12>
    Other, 0x1159f2f80 <AX element pid: 174, elementOrHash.elementID: 36017882432.21>
      Other, 0x1159f30c0 <AX element pid: 174, elementOrHash.elementID: 36038462464.34>
        Other, 0x1159f3200 <AX element pid: 174, elementOrHash.elementID: 35920632704.46>
          Other, 0x1159f3340 <AX element pid: 174, elementOrHash.elementID: 35920548672.54>
            Other, 0x1159f3480 <AX element pid: 174, elementOrHash.elementID: 35910751040.2948>
            Other, 0x1159f35c0 <AX element pid: 174, elementOrHash.elementID: 35907105024.2949>
            Other, 0x1159f3700 <AX element pid: 174, elementOrHash.elementID: 35920551360.69>
            Other, 0x1159f3840 <AX element pid: 174, elementOrHash.elementID: 35920551808.70>
            Other, 0x1159f3980 <AX element pid: 174, elementOrHash.elementID: 35887657216.2950>
            Other, 0x1159f3ac0 <AX element pid: 174, elementOrHash.elementID: 35887649600.2951>
            Other, 0x1159f3c00 <AX element pid: 174, elementOrHash.elementID: 35920553152.73>
            Other, 0x1159f3d40 <AX element pid: 174, elementOrHash.elementID: 35920549120.74>
      Other, 0x1159f3e80 <AX element pid: 174, elementOrHash.elementID: 36049184256.2942>
        Other, 0x1159fc000 <AX element pid: 174, elementOrHash.elementID: 11494289431044805875.9999>
          Other, 0x1159fc140 <AX element pid: 333, elementOrHash.elementID: 4309013472.4>
            Other, 0x1159fc280 <AX element pid: 333, elementOrHash.elementID: 4309041312.5>
              Other, 0x1159fc3c0 <AX element pid: 333, elementOrHash.elementID: 4308983520.6>
                Other, 0x1159fc500 <AX element pid: 333, elementOrHash.elementID: 4309005120.7>
      Other, 0x1159fc640 <AX element pid: 174, elementOrHash.elementID: 36058049536.2867>
        Other, 0x1159fc780 <AX element pid: 174, elementOrHash.elementID: 35889837824.2868>
          Other, 0x1159fc8c0 <AX element pid: 174, elementOrHash.elementID: 35890595584.2870>
  Window, 0x1159fca00 <AX element pid: 174, elementOrHash.elementID: 36018691584.13>
    Other, 0x1159fcb40 <AX element pid: 174, elementOrHash.elementID: 36017885568.22>
  Window, 0x1159fcc80 <AX element pid: 174, elementOrHash.elementID: 36018685184.1812>
    Other, 0x1159fcdc0 <AX element pid: 174, elementOrHash.elementID: 35889648896.1813>
      Other, 0x1159fcf00 <AX element pid: 174, elementOrHash.elementID: 35887702784.1815>
  Window, 0x1159fd040 <AX element pid: 174, elementOrHash.elementID: 35951108864.14>
    Other, 0x1159fd180 <AX element pid: 174, elementOrHash.elementID: 35953539072.23>
      Other, 0x1159fd2c0 <AX element pid: 174, elementOrHash.elementID: 35953539968.37>
  Window, 0x1159fd400 <AX element pid: 174, elementOrHash.elementID: 35920354816.15>
    Other, 0x1159fd540 <AX element pid: 174, elementOrHash.elementID: 35923110400.24>
      Other, 0x1159fd680 <AX element pid: 174, elementOrHash.elementID: 35923112192.38>
  Window, 0x1159fd7c0 <AX element pid: 174, elementOrHash.elementID: 36036372480.9>
    Other, 0x1159fd900 <AX element pid: 174, elementOrHash.elementID: 35942339840.25>
      Other, 0x1159fda40 <AX element pid: 174, elementOrHash.elementID: 35942340288.39>
        Other, 0x1159fdb80 <AX element pid: 174, elementOrHash.elementID: 35942345216.48>
        Other, 0x1159fdcc0 <AX element pid: 174, elementOrHash.elementID: 35942345664.49>
        Other, 0x1159fde00 <AX element pid: 174, elementOrHash.elementID: 35941851264.50>
          Other, 0x1159fdf40 <AX element pid: 174, elementOrHash.elementID: 36036367360.56>
            Icon, 0x1159fe080 <AX element pid: 174, elementOrHash.elementID: 35943737856.6>
              Other, 0x1159fe1c0 <AX element pid: 174, elementOrHash.elementID: 35943844928.145>
                Other, 0x1159fe300 <AX element pid: 174, elementOrHash.elementID: 35943845376.185>
                  Other, 0x1159fe440 <AX element pid: 174, elementOrHash.elementID: 35943797760.251>
                    Other, 0x1159fe580 <AX element pid: 174, elementOrHash.elementID: 35943806720.319>
            Icon, 0x1159fe6c0 <AX element pid: 174, elementOrHash.elementID: 35943739392.75>
              Other, 0x1159fe800 <AX element pid: 174, elementOrHash.elementID: 35943845824.146>
                Other, 0x1159fe940 <AX element pid: 174, elementOrHash.elementID: 35943846272.186>
                  Other, 0x1159fea80 <AX element pid: 174, elementOrHash.elementID: 35943792640.252>
                    Other, 0x1159febc0 <AX element pid: 174, elementOrHash.elementID: 35943808000.320>
            Icon, 0x1159fed00 <AX element pid: 174, elementOrHash.elementID: 35943740928.76>
              Other, 0x1159fee40 <AX element pid: 174, elementOrHash.elementID: 35943846720.147>
                Other, 0x1159fef80 <AX element pid: 174, elementOrHash.elementID: 35943847168.187>
                  Other, 0x1159ff0c0 <AX element pid: 174, elementOrHash.elementID: 35941855104.253>
                    Other, 0x1159ff200 <AX element pid: 174, elementOrHash.elementID: 35944039040.321>
            Icon, 0x1159ff340 <AX element pid: 174, elementOrHash.elementID: 35944136704.77>
              Other, 0x1159ff480 <AX element pid: 174, elementOrHash.elementID: 35943847616.148>
                Other, 0x1159ff5c0 <AX element pid: 174, elementOrHash.elementID: 35943848064.188>
                  Other, 0x1159ff700 <AX element pid: 174, elementOrHash.elementID: 35943795840.254>
                    Other, 0x1159ff840 <AX element pid: 174, elementOrHash.elementID: 35944040320.322>
            Icon, 0x1159ff980 <AX element pid: 174, elementOrHash.elementID: 35944138240.78>
              Other, 0x1159ffac0 <AX element pid: 174, elementOrHash.elementID: 35943848512.149>
                Other, 0x1159ffc00 <AX element pid: 174, elementOrHash.elementID: 35943848960.189>
                  Other, 0x1159ffd40 <AX element pid: 174, elementOrHash.elementID: 35941858304.255>
                    Other, 0x1159ffe80 <AX element pid: 174, elementOrHash.elementID: 35949554944.2977>
            Icon, 0x1158f4000 <AX element pid: 174, elementOrHash.elementID: 35944139776.79>
              Other, 0x1158f4140 <AX element pid: 174, elementOrHash.elementID: 35943849856.150>
                Other, 0x1158f4280 <AX element pid: 174, elementOrHash.elementID: 35943850304.190>
                  Other, 0x1158f43c0 <AX element pid: 174, elementOrHash.elementID: 35943799040.256>
                    Other, 0x1158f4500 <AX element pid: 174, elementOrHash.elementID: 35944043520.324>
            Icon, 0x1158f4640 <AX element pid: 174, elementOrHash.elementID: 35944141312.80>
              Other, 0x1158f4780 <AX element pid: 174, elementOrHash.elementID: 35943850752.151>
                Other, 0x1158f48c0 <AX element pid: 174, elementOrHash.elementID: 35943851200.191>
                  Other, 0x1158f4a00 <AX element pid: 174, elementOrHash.elementID: 35941853184.257>
                    Other, 0x1158f4b40 <AX element pid: 174, elementOrHash.elementID: 35944044800.325>
          Other, 0x1158f4c80 <AX element pid: 174, elementOrHash.elementID: 36036369408.57>
            Icon, 0x1158f4dc0 <AX element pid: 174, elementOrHash.elementID: 35941698560.81>
              Other, 0x1158f4f00 <AX element pid: 174, elementOrHash.elementID: 35942346112.152>
                Other, 0x1158f5040 <AX element pid: 174, elementOrHash.elementID: 35943611712.192>
                  Other, 0x1158f5180 <AX element pid: 174, elementOrHash.elementID: 35941853824.258>
                    Other, 0x1158f52c0 <AX element pid: 174, elementOrHash.elementID: 35943800960.326>
            Icon, 0x1158f5400 <AX element pid: 174, elementOrHash.elementID: 35943734784.82>
              Other, 0x1158f5540 <AX element pid: 174, elementOrHash.elementID: 35943841792.153>
                Other, 0x1158f5680 <AX element pid: 174, elementOrHash.elementID: 35943842240.193>
                  Other, 0x1158f57c0 <AX element pid: 174, elementOrHash.elementID: 35943794560.259>
                    Other, 0x1158f5900 <AX element pid: 174, elementOrHash.elementID: 35943802240.327>
                  Other, 0x1158f5a40 <AX element pid: 174, elementOrHash.elementID: 35889825024.1441>
                    Other, 0x1158f5b80 <AX element pid: 174, elementOrHash.elementID: 35889810048.1475>
                      Image, 0x1158f5cc0 <AX element pid: 174, elementOrHash.elementID: 36055537152.1486>
          Other, 0x1158f5e00 <AX element pid: 174, elementOrHash.elementID: 36036368384.58>
          Icon, 0x1158f5f40 <AX element pid: 174, elementOrHash.elementID: 35944142848.59>
            Other, 0x1158f6080 <AX element pid: 174, elementOrHash.elementID: 35887499776.2952>
            Other, 0x1158f61c0 <AX element pid: 174, elementOrHash.elementID: 35921987456.2953>
            Other, 0x1158f6300 <AX element pid: 174, elementOrHash.elementID: 35906212864.2954>
            Other, 0x1158f6440 <AX element pid: 174, elementOrHash.elementID: 35891053184.513>
      Other, 0x1158f6580 <AX element pid: 174, elementOrHash.elementID: 35944048000.40>
        Other, 0x1158f66c0 <AX element pid: 174, elementOrHash.elementID: 36037143040.51>
          Other, 0x1158f6800 <AX element pid: 174, elementOrHash.elementID: 15888323694556361868.9999>
            Other, 0x1158f6940 <AX element pid: 303, elementOrHash.elementID: 4312005392.4>
              Other, 0x1158f6a80 <AX element pid: 303, elementOrHash.elementID: 33807598848.5>
                Other, 0x1158f6bc0 <AX element pid: 303, elementOrHash.elementID: 33807631232.6>
                  Other, 0x1158f6d00 <AX element pid: 303, elementOrHash.elementID: 33807630336.7>
          Other, 0x1158f6e40 <AX element pid: 174, elementOrHash.elementID: 4828928117917013637.9999>
            Other, 0x1158f6f80 <AX element pid: 303, elementOrHash.elementID: 33807632128.8>
              Other, 0x1158f70c0 <AX element pid: 303, elementOrHash.elementID: 33807633920.9>
          Other, 0x1158f7200 <AX element pid: 174, elementOrHash.elementID: 4707142009615084407.9999>
  Window, 0x1158f7340 <AX element pid: 174, elementOrHash.elementID: 36022010880.16>
    StatusBar, 0x1158f7480 <AX element pid: 174, elementOrHash.elementID: 36017866624.26>
      Other, 0x1158f75c0 <AX element pid: 174, elementOrHash.elementID: 36021977088.41>
        Other, 0x1158f7700 <AX element pid: 174, elementOrHash.elementID: 35956201600.3054>
          Other, 0x1158f7840 <AX element pid: 174, elementOrHash.elementID: 35956206976.3055>
            StaticText, 0x1158f7980 <AX element pid: 174, elementOrHash.elementID: 35893188736.3057>
            StaticText, 0x1158f7ac0 <AX element pid: 174, elementOrHash.elementID: 35951739776.3058>
          Other, 0x1158f7c00 <AX element pid: 174, elementOrHash.elementID: 35948128320.3056>
            Other, 0x1158f7d40 <AX element pid: 174, elementOrHash.elementID: 36046874112.3059>
            Image, 0x1158f7e80 <AX element pid: 174, elementOrHash.elementID: 35887312128.3060>
            StaticText, 0x115910000 <AX element pid: 174, elementOrHash.elementID: 35951751424.3061>
            Other, 0x115910140 <AX element pid: 174, elementOrHash.elementID: 35887314048.3062>
    Other, 0x115910280 <AX element pid: 174, elementOrHash.elementID: 36017881984.27>
  Window, 0x1159103c0 <AX element pid: 174, elementOrHash.elementID: 36032072704.17>
    Other, 0x115910500 <AX element pid: 174, elementOrHash.elementID: 35953535488.28>
  Window, 0x115910640 <AX element pid: 174, elementOrHash.elementID: 36032076800.18>
    Other, 0x115910780 <AX element pid: 174, elementOrHash.elementID: 35953537728.29>
10:03:13.067 WebDriverAgentRunner-Runner[1852:329613] Found matches {(
    StatusBar
)} with root Application, pid: 174
10:03:13.067 WebDriverAgentRunner-Runner[1852:329613] <XCTContext: 0x1141895e0> finished activity <XCActivityRecord: 0x114d717a0> 2026-07-20 03:03:12 +0000: Find the StatusBar (Element at index 0) (0.172601s)
10:03:13.068 WebDriverAgentRunner-Runner[1852:329613] Creating future for 'checking for continuity enablement' with timeout 30.00
10:03:13.068 WebDriverAgentRunner-Runner[1852:329613] <XCTWaiter: 0x115765500> entering wait loop for 30.00s with expectations: `checking for continuity enablement`
10:03:13.069 WebDriverAgentRunner-Runner[1852:329613] Returning result XCTWaiterResultCompleted for synchronous waiter <XCTWaiter: 0x115765500>
10:03:13.069 WebDriverAgentRunner-Runner[1852:329613] Wait <XCTWaiterWait: 0x115971d40> completed after 0.001s
10:03:13.069 WebDriverAgentRunner-Runner[1852:329613] cleaning up checking for continuity enablement
10:03:13.069 WebDriverAgentRunner-Runner[1852:329613] Creating future for 'fetching attributes 'XC_kAXXCAttributeFrame', 'XC_kAXXCAttributeWindowDisplayId', 'XC_kAXXCAttributeWindowContextId' for AX element pid: 174, elementOrHash.elementID: 36017866624.26' with timeout 30.00
10:03:13.070 WebDriverAgentRunner-Runner[1852:329613] <XCTWaiter: 0x115766cd0> entering wait loop for 30.00s with expectations: `fetching attributes 'XC_kAXXCAttributeFrame', 'XC_kAXXCAttributeWindowDisplayId', 'XC_kAXXCAttributeWindowContextId' for AX element pid: 174, elementOrHash.elementID: 36017866624.26`
10:03:13.070 WebDriverAgentRunner-Runner[1852:329613] Returning result XCTWaiterResultCompleted for synchronous waiter <XCTWaiter: 0x115766cd0>
10:03:13.070 WebDriverAgentRunner-Runner[1852:329613] Wait <XCTWaiterWait: 0x115972240> completed after 0.001s
10:03:13.070 WebDriverAgentRunner-Runner[1852:329613] cleaning up fetching attributes 'XC_kAXXCAttributeFrame', 'XC_kAXXCAttributeWindowDisplayId', 'XC_kAXXCAttributeWindowContextId' for AX element pid: 174, elementOrHash.elementID: 36017866624.26
10:03:13.070 WebDriverAgentRunner-Runner[1852:329613] StatusBar (AX element pid: 174, elementOrHash.elementID: 36017866624.26) faulted in {
    "XC_kAXXCAttributeFrame" =     {
        Height = 32;
        Width = 1024;
        X = 0;
        Y = 0;
    };
    "XC_kAXXCAttributeWindowContextId" = 2087488016;
    "XC_kAXXCAttributeWindowDisplayId" = 1;
}: (no error) for frame using XC_kAXXCAttributeFrame, XC_kAXXCAttributeWindowDisplayId, XC_kAXXCAttributeWindowContextId
10:03:13.071 WebDriverAgentRunner-Runner[1852:329613] getting parameterized attribute XC_kAXXCParameterizedAttributeConvertHostedViewFrame with parameter (
        {
        Height = 32;
        Width = 1024;
        X = 0;
        Y = 0;
    },
    2087488016,
    1
)
10:03:13.071 WebDriverAgentRunner-Runner[1852:329613] Creating future for 'getting parameterized attribute XC_kAXXCParameterizedAttributeConvertHostedViewFrame' with timeout 65.00
10:03:13.071 WebDriverAgentRunner-Runner[1852:329613] <XCTWaiter: 0x115765380> entering wait loop for 65.00s with expectations: `getting parameterized attribute XC_kAXXCParameterizedAttributeConvertHostedViewFrame`
10:03:13.072 WebDriverAgentRunner-Runner[1852:329632] Got parameterized attribute fetch for XC_kAXXCParameterizedAttributeConvertHostedViewFrame response with values {
    Height = 32;
    Width = 1024;
    X = 0;
    Y = 0;
}, error: (null)
10:03:13.072 WebDriverAgentRunner-Runner[1852:329613] Returning result XCTWaiterResultCompleted for synchronous waiter <XCTWaiter: 0x115765380>
10:03:13.072 WebDriverAgentRunner-Runner[1852:329613] Wait <XCTWaiterWait: 0x115972a40> completed after 0.001s
10:03:13.072 WebDriverAgentRunner-Runner[1852:329613] cleaning up getting parameterized attribute XC_kAXXCParameterizedAttributeConvertHostedViewFrame
10:03:13.072 WebDriverAgentRunner-Runner[1852:329613] No change when transforming rect {{0, 0}, {1024, 32}}, either portrait orientation or non-standard app configuration such as springboard
10:03:13.072 WebDriverAgentRunner-Runner[1852:329613] Fetching application interface orientation
10:03:13.072 WebDriverAgentRunner-Runner[1852:329613] Creating future for 'getting interface orientation' with timeout 65.00
10:03:13.072 WebDriverAgentRunner-Runner[1852:329613] <XCTWaiter: 0x115766760> entering wait loop for 65.00s with expectations: `getting interface orientation`
10:03:13.073 WebDriverAgentRunner-Runner[1852:329613] Returning result XCTWaiterResultCompleted for synchronous waiter <XCTWaiter: 0x115766760>
10:03:13.073 WebDriverAgentRunner-Runner[1852:329613] Wait <XCTWaiterWait: 0x115973140> completed after 0.000s
10:03:13.073 WebDriverAgentRunner-Runner[1852:329613] cleaning up getting interface orientation
10:03:13.073 WebDriverAgentRunner-Runner[1852:329613] Creating future for 'getting screen identifiers' with timeout 30.00
10:03:13.073 WebDriverAgentRunner-Runner[1852:329613] <XCTWaiter: 0x1157668b0> entering wait loop for 30.00s with expectations: `getting screen identifiers`
10:03:13.073 WebDriverAgentRunner-Runner[1852:329613] Returning result XCTWaiterResultCompleted for synchronous waiter <XCTWaiter: 0x1157668b0>
10:03:13.073 WebDriverAgentRunner-Runner[1852:329613] Wait <XCTWaiterWait: 0x115973640> completed after 0.000s
10:03:13.074 WebDriverAgentRunner-Runner[1852:329613] cleaning up getting screen identifiers
10:03:13.074 WebDriverAgentRunner-Runner[1852:329613] Creating future for 'getting screen bounds' with timeout 30.00
10:03:13.074 WebDriverAgentRunner-Runner[1852:329613] <XCTWaiter: 0x115764570> entering wait loop for 30.00s with expectations: `getting screen bounds`
10:03:13.074 WebDriverAgentRunner-Runner[1852:329613] Returning result XCTWaiterResultCompleted for synchronous waiter <XCTWaiter: 0x115764570>
10:03:13.074 WebDriverAgentRunner-Runner[1852:329613] Wait <XCTWaiterWait: 0x115973c40> completed after 0.000s
10:03:13.074 WebDriverAgentRunner-Runner[1852:329613] cleaning up getting screen bounds
10:03:13.074 WebDriverAgentRunner-Runner[1852:329613] Creating future for 'getting screen scale' with timeout 30.00
10:03:13.074 WebDriverAgentRunner-Runner[1852:329613] <XCTWaiter: 0x115766fa0> entering wait loop for 30.00s with expectations: `getting screen scale`
10:03:13.074 WebDriverAgentRunner-Runner[1852:329613] Returning result XCTWaiterResultCompleted for synchronous waiter <XCTWaiter: 0x115766fa0>
10:03:13.074 WebDriverAgentRunner-Runner[1852:329613] Wait <XCTWaiterWait: 0x115973c40> completed after 0.000s
10:03:13.074 WebDriverAgentRunner-Runner[1852:329613] cleaning up getting screen scale
10:03:13.075 WebDriverAgentRunner-Runner[1852:329613] <XCTContext: 0x1141895e0> started activity <XCActivityRecord: 0x114d716c0> 2026-07-20 03:03:13 +0000: Find the Application 'com.apple.springboard'
    t =   172.46s Find the Application 'com.apple.springboard'
10:03:13.075 WebDriverAgentRunner-Runner[1852:329613] Executing query:

10:03:13.075 WebDriverAgentRunner-Runner[1852:329613] Creating future for 'checking for continuity enablement' with timeout 30.00
10:03:13.075 WebDriverAgentRunner-Runner[1852:329613] <XCTWaiter: 0x115766ac0> entering wait loop for 30.00s with expectations: `checking for continuity enablement`
10:03:13.076 WebDriverAgentRunner-Runner[1852:329613] Returning result XCTWaiterResultCompleted for synchronous waiter <XCTWaiter: 0x115766ac0>
10:03:13.076 WebDriverAgentRunner-Runner[1852:329613] Wait <XCTWaiterWait: 0x1159717c0> completed after 0.001s
10:03:13.077 WebDriverAgentRunner-Runner[1852:329613] cleaning up checking for continuity enablement
10:03:13.077 WebDriverAgentRunner-Runner[1852:329613] Should evaluate query remotely? XCTDisableRemoteQueryEvaluation(d-write): YES, hasAutomationSession: YES, supportsRemoteEvaluation: YES
10:03:13.077 WebDriverAgentRunner-Runner[1852:329613] Getting matching snapshots for locally evaluated query
10:03:13.077 WebDriverAgentRunner-Runner[1852:329613] Evaluating query:
 
10:03:13.077 WebDriverAgentRunner-Runner[1852:329613] Getting root element snapshot
10:03:13.077 WebDriverAgentRunner-Runner[1852:329613] Getting snapshot for App element pid: 174 for query 
10:03:13.077 WebDriverAgentRunner-Runner[1852:329613] <XCTContext: 0x1141895e0> started activity <XCActivityRecord: 0x114d71570> 2026-07-20 03:03:13 +0000: Requesting snapshot of accessibility hierarchy for app with pid 174
10:03:13.077 WebDriverAgentRunner-Runner[1852:329613] Query requires iOS snapshot attributes .
10:03:13.077 WebDriverAgentRunner-Runner[1852:329613] XCUIElementQuery <XCTElementSnapshotProvider> getting snapshot
10:03:13.078 WebDriverAgentRunner-Runner[1852:329613] Snapshot request has custom attributes 
10:03:13.078 WebDriverAgentRunner-Runner[1852:329613] Snapshot request has custom parameters {
    snapshotKeyHonorModalViews = 0;
}
10:03:13.078 WebDriverAgentRunner-Runner[1852:329613] Current snapshot generation is 386
10:03:13.078 WebDriverAgentRunner-Runner[1852:329613] Query rootElementSnapshot is non-null with generation count 368
10:03:13.078 WebDriverAgentRunner-Runner[1852:329613] Capturing a new snapshot
10:03:13.078 WebDriverAgentRunner-Runner[1852:329613] Fetching snapshot for App element pid: 174 from testmanagerd with attributes XC_kAXXCAttributeElementType, XC_kAXXCAttributeElementBaseType, XC_kAXXCAttributeParent, XC_kAXXCAttributeIdentifier, XC_kAXXCAttributeAutomationType, XC_kAXXCAttributeTraits and parameters {
    maxArrayCount = 2147483647;
    maxChildren = 2147483647;
    maxDepth = 50;
    snapshotKeyHonorModalViews = 0;
    traverseFromParentsToChildren = 1;
}.
10:03:13.078 WebDriverAgentRunner-Runner[1852:329613] Creating future for 'fetching snapshot from testmanagerd.' with timeout 65.00
10:03:13.078 WebDriverAgentRunner-Runner[1852:329613] <XCTWaiter: 0x115766370> entering wait loop for 65.00s with expectations: `fetching snapshot from testmanagerd.`
    t =   172.46s     Requesting snapshot of accessibility hierarchy for app with pid 174
10:03:13.238 WebDriverAgentRunner-Runner[1852:329632] Got snapshot response with runtime issue support from testmanagerd.
10:03:13.238 WebDriverAgentRunner-Runner[1852:329613] Returning result XCTWaiterResultCompleted for synchronous waiter <XCTWaiter: 0x115766370>
10:03:13.239 WebDriverAgentRunner-Runner[1852:329613] Wait <XCTWaiterWait: 0x115970ec0> completed after 0.160s
10:03:13.239 WebDriverAgentRunner-Runner[1852:329613] cleaning up fetching snapshot from testmanagerd.
10:03:13.239 WebDriverAgentRunner-Runner[1852:329613] <XCTContext: 0x1141895e0> finished activity <XCActivityRecord: 0x114d71570> 2026-07-20 03:03:13 +0000: Requesting snapshot of accessibility hierarchy for app with pid 174 (0.161781s)
10:03:13.239 WebDriverAgentRunner-Runner[1852:329613] Found matches {(
    App element pid: 174
)} with root App element pid: 174
10:03:13.240 WebDriverAgentRunner-Runner[1852:329613] <XCTContext: 0x1141895e0> finished activity <XCActivityRecord: 0x114d716c0> 2026-07-20 03:03:13 +0000: Find the Application 'com.apple.springboard' (0.165161s)
10:03:13.240 WebDriverAgentRunner-Runner[1852:329613] XCUIElementQuery <XCTElementSnapshotProvider> getting snapshot
10:03:13.240 WebDriverAgentRunner-Runner[1852:329613] Snapshot request has custom attributes XC_kAXXCAttributeElementBaseType, XC_kAXXCAttributeValue, XC_kAXXCAttributeAutomationType, XC_kAXXCAttributeIdentifier, XC_kAXXCAttributeTraits, XC_kAXXCAttributeVerticalSizeClass, XC_kAXXCAttributeFrame, XC_kAXXCAttributeWindowDisplayId, XC_kAXXCAttributeWindowContextId, XC_kAXXCAttributeLabel, XC_kAXXCAttributeHorizontalSizeClass, XC_kAXXCAttributeHasNativeFocus, XC_kAXXCAttributePlaceholderValue, XC_kAXXCAttributeElementType
10:03:13.240 WebDriverAgentRunner-Runner[1852:329613] Current snapshot generation is 388
10:03:13.240 WebDriverAgentRunner-Runner[1852:329613] Query rootElementSnapshot is non-null with generation count 388
10:03:13.240 WebDriverAgentRunner-Runner[1852:329613] Capturing a new snapshot
10:03:13.240 WebDriverAgentRunner-Runner[1852:329613] Fetching snapshot for App element pid: 174 from testmanagerd with attributes XC_kAXXCAttributeElementBaseType, XC_kAXXCAttributeParent, XC_kAXXCAttributeAutomationType, XC_kAXXCAttributeIdentifier, XC_kAXXCAttributeTraits, XC_kAXXCAttributeVerticalSizeClass, XC_kAXXCAttributeFrame, XC_kAXXCAttributeWindowDisplayId, XC_kAXXCAttributeWindowContextId, XC_kAXXCAttributeLabel, XC_kAXXCAttributeHorizontalSizeClass, XC_kAXXCAttributeHasNativeFocus, XC_kAXXCAttributePlaceholderValue, XC_kAXXCAttributeTruncatedValue, XC_kAXXCAttributeElementType and parameters {
    maxArrayCount = 2147483647;
    maxChildren = 2147483647;
    maxDepth = 50;
    snapshotKeyHonorModalViews = 0;
    traverseFromParentsToChildren = 1;
}.
10:03:13.241 WebDriverAgentRunner-Runner[1852:329613] Creating future for 'fetching snapshot from testmanagerd.' with timeout 65.00
10:03:13.241 WebDriverAgentRunner-Runner[1852:329613] <XCTWaiter: 0x1157ef330> entering wait loop for 65.00s with expectations: `fetching snapshot from testmanagerd.`
10:03:13.493 WebDriverAgentRunner-Runner[1852:329632] Got snapshot response with runtime issue support from testmanagerd.
10:03:13.493 WebDriverAgentRunner-Runner[1852:329613] Returning result XCTWaiterResultCompleted for synchronous waiter <XCTWaiter: 0x1157ef330>
10:03:13.493 WebDriverAgentRunner-Runner[1852:329613] Wait <XCTWaiterWait: 0x115969b80> completed after 0.252s
10:03:13.493 WebDriverAgentRunner-Runner[1852:329613] cleaning up fetching snapshot from testmanagerd.
10:03:13.493 WebDriverAgentRunner-Runner[1852:329613] Creating future for 'getting interface orientation' with timeout 65.00
10:03:13.494 WebDriverAgentRunner-Runner[1852:329613] <XCTWaiter: 0x1157670f0> entering wait loop for 65.00s with expectations: `getting interface orientation`
10:03:13.494 WebDriverAgentRunner-Runner[1852:329613] Returning result XCTWaiterResultCompleted for synchronous waiter <XCTWaiter: 0x1157670f0>
10:03:13.494 WebDriverAgentRunner-Runner[1852:329613] Wait <XCTWaiterWait: 0x1159f99c0> completed after 0.001s
10:03:13.494 WebDriverAgentRunner-Runner[1852:329613] cleaning up getting interface orientation
10:03:13.494 WebDriverAgentRunner-Runner[1852:329613] Creating future for 'getting screen identifiers' with timeout 30.00
10:03:13.494 WebDriverAgentRunner-Runner[1852:329613] <XCTWaiter: 0x115767510> entering wait loop for 30.00s with expectations: `getting screen identifiers`
10:03:13.494 WebDriverAgentRunner-Runner[1852:329613] Returning result XCTWaiterResultCompleted for synchronous waiter <XCTWaiter: 0x115767510>
10:03:13.495 WebDriverAgentRunner-Runner[1852:329613] Wait <XCTWaiterWait: 0x1159f9e40> completed after 0.000s
10:03:13.495 WebDriverAgentRunner-Runner[1852:329613] cleaning up getting screen identifiers
10:03:13.495 WebDriverAgentRunner-Runner[1852:329613] Creating future for 'getting screen scale' with timeout 30.00
10:03:13.495 WebDriverAgentRunner-Runner[1852:329613] <XCTWaiter: 0x115767390> entering wait loop for 30.00s with expectations: `getting screen scale`
10:03:13.495 WebDriverAgentRunner-Runner[1852:329613] Returning result XCTWaiterResultCompleted for synchronous waiter <XCTWaiter: 0x115767390>
10:03:13.495 WebDriverAgentRunner-Runner[1852:329613] Wait <XCTWaiterWait: 0x1159fa2c0> completed after 0.000s
10:03:13.495 WebDriverAgentRunner-Runner[1852:329613] cleaning up getting screen scale
10:03:13.502 WebDriverAgentRunner-Runner[1852:329613] Creating future for 'fetching attributes 'XC_kAXXCAttributeSystemAppApplication' for Device system-wide element' with timeout 65.00
10:03:13.502 WebDriverAgentRunner-Runner[1852:329613] <XCTWaiter: 0x115765530> entering wait loop for 65.00s with expectations: `fetching attributes 'XC_kAXXCAttributeSystemAppApplication' for Device system-wide element`
10:03:13.503 WebDriverAgentRunner-Runner[1852:333058] Got attribute fetch response with values {
    "XC_kAXXCAttributeSystemAppApplication" = "AX element pid: 174, elementOrHash.elementID: 0.1";
}, error: (null)
10:03:13.504 WebDriverAgentRunner-Runner[1852:329613] Returning result XCTWaiterResultCompleted for synchronous waiter <XCTWaiter: 0x115765530>
10:03:13.504 WebDriverAgentRunner-Runner[1852:329613] Wait <XCTWaiterWait: 0x1159f9b40> completed after 0.001s
10:03:13.504 WebDriverAgentRunner-Runner[1852:329613] cleaning up fetching attributes 'XC_kAXXCAttributeSystemAppApplication' for Device system-wide element
10:03:13.504 WebDriverAgentRunner-Runner[1852:329613] Creating future for 'fetching attributes 'XC_kAXXCAttributeFocusedApplications' for AX element pid: 174, elementOrHash.elementID: 0.1' with timeout 65.00
10:03:13.504 WebDriverAgentRunner-Runner[1852:329613] <XCTWaiter: 0x115764660> entering wait loop for 65.00s with expectations: `fetching attributes 'XC_kAXXCAttributeFocusedApplications' for AX element pid: 174, elementOrHash.elementID: 0.1`
10:03:13.505 WebDriverAgentRunner-Runner[1852:333058] Got attribute fetch response with values {
    "XC_kAXXCAttributeFocusedApplications" =     (
        "AX element pid: 303, elementOrHash.elementID: 0.1",
        "AX element pid: 174, elementOrHash.elementID: 0.1"
    );
}, error: (null)
10:03:13.505 WebDriverAgentRunner-Runner[1852:329613] Returning result XCTWaiterResultCompleted for synchronous waiter <XCTWaiter: 0x115764660>
10:03:13.505 WebDriverAgentRunner-Runner[1852:329613] Wait <XCTWaiterWait: 0x1159fa040> completed after 0.001s
10:03:13.505 WebDriverAgentRunner-Runner[1852:329613] cleaning up fetching attributes 'XC_kAXXCAttributeFocusedApplications' for AX element pid: 174, elementOrHash.elementID: 0.1
10:03:13.506 WebDriverAgentRunner-Runner[1852:329613] Active application elements: (
    "AX element pid: 303, elementOrHash.elementID: 0.1",
    "AX element pid: 174, elementOrHash.elementID: 0.1"
)
10:03:13.511 WebDriverAgentRunner-Runner[1852:329613] <XCTContext: 0x1141895e0> started activity <XCActivityRecord: 0x114d717a0> 2026-07-20 03:03:13 +0000: Find the Application 'com.apple.springboard'
10:03:13.512 WebDriverAgentRunner-Runner[1852:329613] Executing query:

10:03:13.512 WebDriverAgentRunner-Runner[1852:329613] Creating future for 'checking for continuity enablement' with timeout 30.00
    t =   172.90s Find the Application 'com.apple.springboard'
10:03:13.512 WebDriverAgentRunner-Runner[1852:329613] <XCTWaiter: 0x115764120> entering wait loop for 30.00s with expectations: `checking for continuity enablement`
10:03:13.513 WebDriverAgentRunner-Runner[1852:329613] Returning result XCTWaiterResultCompleted for synchronous waiter <XCTWaiter: 0x115764120>
10:03:13.513 WebDriverAgentRunner-Runner[1852:329613] Wait <XCTWaiterWait: 0x1159fa440> completed after 0.001s
10:03:13.513 WebDriverAgentRunner-Runner[1852:329613] cleaning up checking for continuity enablement
10:03:13.513 WebDriverAgentRunner-Runner[1852:329613] Should evaluate query remotely? XCTDisableRemoteQueryEvaluation(d-write): YES, hasAutomationSession: YES, supportsRemoteEvaluation: YES
10:03:13.514 WebDriverAgentRunner-Runner[1852:329613] Getting matching snapshots for locally evaluated query
10:03:13.514 WebDriverAgentRunner-Runner[1852:329613] Evaluating query:
 
10:03:13.514 WebDriverAgentRunner-Runner[1852:329613] Getting root element snapshot
10:03:13.514 WebDriverAgentRunner-Runner[1852:329613] Getting snapshot for App element pid: 174 for query 
10:03:13.514 WebDriverAgentRunner-Runner[1852:329613] <XCTContext: 0x1141895e0> started activity <XCActivityRecord: 0x114d716c0> 2026-07-20 03:03:13 +0000: Requesting snapshot of accessibility hierarchy for app with pid 174
10:03:13.514 WebDriverAgentRunner-Runner[1852:329613] Query requires iOS snapshot attributes .
10:03:13.514 WebDriverAgentRunner-Runner[1852:329613] XCUIElementQuery <XCTElementSnapshotProvider> getting snapshot
10:03:13.514 WebDriverAgentRunner-Runner[1852:329613] Snapshot request has custom attributes 
10:03:13.514 WebDriverAgentRunner-Runner[1852:329613] Snapshot request has custom parameters {
    snapshotKeyHonorModalViews = 0;
}
10:03:13.514 WebDriverAgentRunner-Runner[1852:329613] Current snapshot generation is 398
10:03:13.514 WebDriverAgentRunner-Runner[1852:329613] Query rootElementSnapshot is non-null with generation count 388
10:03:13.515 WebDriverAgentRunner-Runner[1852:329613] Capturing a new snapshot
10:03:13.515 WebDriverAgentRunner-Runner[1852:329613] Fetching snapshot for App element pid: 174 from testmanagerd with attributes XC_kAXXCAttributeElementType, XC_kAXXCAttributeElementBaseType, XC_kAXXCAttributeParent, XC_kAXXCAttributeIdentifier, XC_kAXXCAttributeAutomationType, XC_kAXXCAttributeTraits and parameters {
    maxArrayCount = 2147483647;
    maxChildren = 2147483647;
    maxDepth = 50;
    snapshotKeyHonorModalViews = 0;
    traverseFromParentsToChildren = 1;
}.
10:03:13.515 WebDriverAgentRunner-Runner[1852:329613] Creating future for 'fetching snapshot from testmanagerd.' with timeout 65.00
10:03:13.515 WebDriverAgentRunner-Runner[1852:329613] <XCTWaiter: 0x115764450> entering wait loop for 65.00s with expectations: `fetching snapshot from testmanagerd.`
    t =   172.90s     Requesting snapshot of accessibility hierarchy for app with pid 174
10:03:13.695 WebDriverAgentRunner-Runner[1852:329632] Got snapshot response with runtime issue support from testmanagerd.
10:03:13.695 WebDriverAgentRunner-Runner[1852:329613] Returning result XCTWaiterResultCompleted for synchronous waiter <XCTWaiter: 0x115764450>
10:03:13.695 WebDriverAgentRunner-Runner[1852:329613] Wait <XCTWaiterWait: 0x1159f8300> completed after 0.180s
10:03:13.695 WebDriverAgentRunner-Runner[1852:329613] cleaning up fetching snapshot from testmanagerd.
10:03:13.695 WebDriverAgentRunner-Runner[1852:329613] <XCTContext: 0x1141895e0> finished activity <XCActivityRecord: 0x114d716c0> 2026-07-20 03:03:13 +0000: Requesting snapshot of accessibility hierarchy for app with pid 174 (0.181427s)
10:03:13.696 WebDriverAgentRunner-Runner[1852:329613] Found matches {(
    App element pid: 174
)} with root App element pid: 174
10:03:13.696 WebDriverAgentRunner-Runner[1852:329613] <XCTContext: 0x1141895e0> finished activity <XCActivityRecord: 0x114d717a0> 2026-07-20 03:03:13 +0000: Find the Application 'com.apple.springboard' (0.184995s)
10:03:13.696 WebDriverAgentRunner-Runner[1852:329613] XCUIElementQuery <XCTElementSnapshotProvider> getting snapshot
10:03:13.697 WebDriverAgentRunner-Runner[1852:329613] Snapshot request has custom attributes XC_kAXXCAttributeElementBaseType, XC_kAXXCAttributeValue, XC_kAXXCAttributeAutomationType, XC_kAXXCAttributeIdentifier, XC_kAXXCAttributeTraits, XC_kAXXCAttributeVerticalSizeClass, XC_kAXXCAttributeFrame, XC_kAXXCAttributeWindowDisplayId, XC_kAXXCAttributeWindowContextId, XC_kAXXCAttributeLabel, XC_kAXXCAttributeHorizontalSizeClass, XC_kAXXCAttributeHasNativeFocus, XC_kAXXCAttributePlaceholderValue, XC_kAXXCAttributeElementType
10:03:13.697 WebDriverAgentRunner-Runner[1852:329613] Current snapshot generation is 400
10:03:13.697 WebDriverAgentRunner-Runner[1852:329613] Query rootElementSnapshot is non-null with generation count 400
10:03:13.697 WebDriverAgentRunner-Runner[1852:329613] Capturing a new snapshot
10:03:13.697 WebDriverAgentRunner-Runner[1852:329613] Fetching snapshot for App element pid: 174 from testmanagerd with attributes XC_kAXXCAttributeElementBaseType, XC_kAXXCAttributeParent, XC_kAXXCAttributeAutomationType, XC_kAXXCAttributeIdentifier, XC_kAXXCAttributeTraits, XC_kAXXCAttributeVerticalSizeClass, XC_kAXXCAttributeFrame, XC_kAXXCAttributeWindowDisplayId, XC_kAXXCAttributeWindowContextId, XC_kAXXCAttributeLabel, XC_kAXXCAttributeHorizontalSizeClass, XC_kAXXCAttributeHasNativeFocus, XC_kAXXCAttributePlaceholderValue, XC_kAXXCAttributeTruncatedValue, XC_kAXXCAttributeElementType and parameters {
    maxArrayCount = 2147483647;
    maxChildren = 2147483647;
    maxDepth = 50;
    snapshotKeyHonorModalViews = 0;
    traverseFromParentsToChildren = 1;
}.
10:03:13.697 WebDriverAgentRunner-Runner[1852:329613] Creating future for 'fetching snapshot from testmanagerd.' with timeout 65.00
10:03:13.697 WebDriverAgentRunner-Runner[1852:329613] <XCTWaiter: 0x1157653b0> entering wait loop for 65.00s with expectations: `fetching snapshot from testmanagerd.`
10:03:13.951 WebDriverAgentRunner-Runner[1852:332830] Got snapshot response with runtime issue support from testmanagerd.
10:03:13.951 WebDriverAgentRunner-Runner[1852:329613] Returning result XCTWaiterResultCompleted for synchronous waiter <XCTWaiter: 0x1157653b0>
10:03:13.951 WebDriverAgentRunner-Runner[1852:329613] Wait <XCTWaiterWait: 0x115843a40> completed after 0.254s
10:03:13.951 WebDriverAgentRunner-Runner[1852:329613] cleaning up fetching snapshot from testmanagerd.
10:03:13.952 WebDriverAgentRunner-Runner[1852:329613] Creating future for 'getting interface orientation' with timeout 65.00
10:03:13.952 WebDriverAgentRunner-Runner[1852:329613] <XCTWaiter: 0x115766e80> entering wait loop for 65.00s with expectations: `getting interface orientation`
10:03:13.952 WebDriverAgentRunner-Runner[1852:329613] Returning result XCTWaiterResultCompleted for synchronous waiter <XCTWaiter: 0x115766e80>
10:03:13.952 WebDriverAgentRunner-Runner[1852:329613] Wait <XCTWaiterWait: 0x1143fc9c0> completed after 0.001s
10:03:13.952 WebDriverAgentRunner-Runner[1852:329613] cleaning up getting interface orientation
10:03:15.198 WebDriverAgentRunner-Runner[1852:329613] Creating future for 'fetching attributes 'XC_kAXXCAttributeSystemAppApplication' for Device system-wide element' with timeout 65.00
10:03:15.199 WebDriverAgentRunner-Runner[1852:329613] <XCTWaiter: 0x115765500> entering wait loop for 65.00s with expectations: `fetching attributes 'XC_kAXXCAttributeSystemAppApplication' for Device system-wide element`
10:03:15.199 WebDriverAgentRunner-Runner[1852:332905] Got attribute fetch response with values {
    "XC_kAXXCAttributeSystemAppApplication" = "AX element pid: 174, elementOrHash.elementID: 0.1";
}, error: (null)
10:03:15.199 WebDriverAgentRunner-Runner[1852:329613] Returning result XCTWaiterResultCompleted for synchronous waiter <XCTWaiter: 0x115765500>
10:03:15.200 WebDriverAgentRunner-Runner[1852:329613] Wait <XCTWaiterWait: 0x1143ff600> completed after 0.001s
10:03:15.200 WebDriverAgentRunner-Runner[1852:329613] cleaning up fetching attributes 'XC_kAXXCAttributeSystemAppApplication' for Device system-wide element
10:03:15.200 WebDriverAgentRunner-Runner[1852:329613] Creating future for 'fetching attributes 'XC_kAXXCAttributeFocusedApplications' for AX element pid: 174, elementOrHash.elementID: 0.1' with timeout 65.00
10:03:15.200 WebDriverAgentRunner-Runner[1852:329613] <XCTWaiter: 0x115767600> entering wait loop for 65.00s with expectations: `fetching attributes 'XC_kAXXCAttributeFocusedApplications' for AX element pid: 174, elementOrHash.elementID: 0.1`
10:03:15.203 WebDriverAgentRunner-Runner[1852:332905] Got attribute fetch response with values {
    "XC_kAXXCAttributeFocusedApplications" =     (
        "AX element pid: 303, elementOrHash.elementID: 0.1",
        "AX element pid: 174, elementOrHash.elementID: 0.1"
    );
}, error: (null)
10:03:15.203 WebDriverAgentRunner-Runner[1852:329613] Returning result XCTWaiterResultCompleted for synchronous waiter <XCTWaiter: 0x115767600>
10:03:15.203 WebDriverAgentRunner-Runner[1852:329613] Wait <XCTWaiterWait: 0x1143fdd40> completed after 0.003s
10:03:15.203 WebDriverAgentRunner-Runner[1852:329613] cleaning up fetching attributes 'XC_kAXXCAttributeFocusedApplications' for AX element pid: 174, elementOrHash.elementID: 0.1
10:03:15.203 WebDriverAgentRunner-Runner[1852:329613] Active application elements: (
    "AX element pid: 303, elementOrHash.elementID: 0.1",
    "AX element pid: 174, elementOrHash.elementID: 0.1"
)
10:03:15.227 WebDriverAgentRunner-Runner[1852:329613] Creating future for 'getting interface orientation' with timeout 65.00
10:03:15.228 WebDriverAgentRunner-Runner[1852:329613] <XCTWaiter: 0x115764ab0> entering wait loop for 65.00s with expectations: `getting interface orientation`
10:03:15.228 WebDriverAgentRunner-Runner[1852:329613] Returning result XCTWaiterResultCompleted for synchronous waiter <XCTWaiter: 0x115764ab0>
10:03:15.228 WebDriverAgentRunner-Runner[1852:329613] Wait <XCTWaiterWait: 0x1143fee80> completed after 0.001s
10:03:15.228 WebDriverAgentRunner-Runner[1852:329613] cleaning up getting interface orientation
10:03:15.228 WebDriverAgentRunner-Runner[1852:329613] Creating future for 'getting interface orientation' with timeout 65.00
10:03:15.228 WebDriverAgentRunner-Runner[1852:329613] <XCTWaiter: 0x115764f90> entering wait loop for 65.00s with expectations: `getting interface orientation`
10:03:15.229 WebDriverAgentRunner-Runner[1852:329613] Returning result XCTWaiterResultCompleted for synchronous waiter <XCTWaiter: 0x115764f90>
10:03:15.229 WebDriverAgentRunner-Runner[1852:329613] Wait <XCTWaiterWait: 0x1143ff780> completed after 0.000s
10:03:15.229 WebDriverAgentRunner-Runner[1852:329613] cleaning up getting interface orientation
10:03:15.229 WebDriverAgentRunner-Runner[1852:329613] Creating future for 'getting interface orientation' with timeout 65.00
10:03:15.229 WebDriverAgentRunner-Runner[1852:329613] <XCTWaiter: 0x1157640c0> entering wait loop for 65.00s with expectations: `getting interface orientation`
10:03:15.229 WebDriverAgentRunner-Runner[1852:329613] Returning result XCTWaiterResultCompleted for synchronous waiter <XCTWaiter: 0x1157640c0>
10:03:15.229 WebDriverAgentRunner-Runner[1852:329613] Wait <XCTWaiterWait: 0x1143fe800> completed after 0.000s
10:03:15.230 WebDriverAgentRunner-Runner[1852:329613] cleaning up getting interface orientation
10:03:15.230 WebDriverAgentRunner-Runner[1852:329613] Requesting local synthesis of event: 
<XCSynthesizedEventRecord 'Swipe Point Array display 0'>
Path 1:
	Touch down at 896.0, 505.0, offset=0.00s
	Move to 883.0, 502.0, offset=0.01s
	Move to 715.0, 485.0, offset=0.05s
	Move to 457.0, 468.0, offset=0.09s
	Move to 226.0, 453.0, offset=0.13s
	Touch up at 226.0, 453.0, offset=0.14s
10:03:15.410 WebDriverAgentRunner-Runner[1852:329632] Handling kAXUserTestingNotification
10:03:15.410 WebDriverAgentRunner-Runner[1852:329632] Received kAXUserTestingNotification from AX element pid: 174, elementOrHash.elementID: 0.1: {
    event = TouchEventsCompleted;
}
10:03:15.410 WebDriverAgentRunner-Runner[1852:329632] Handling kAXUserTestingNotification
10:03:15.410 WebDriverAgentRunner-Runner[1852:329632] Received kAXUserTestingNotification from AX element pid: 174, elementOrHash.elementID: 0.1: {
    event = TouchEventsCompleted;
}
10:03:15.896 WebDriverAgentRunner-Runner[1852:332702] Handling kAXUserTestingNotification
10:03:15.897 WebDriverAgentRunner-Runner[1852:332702] Received kAXUserTestingNotification from AX element pid: 174, elementOrHash.elementID: 0.1: {
    controllerClass = SBHLibraryOverscrollViewController;
    event = ViewDidDisappear;
}
10:03:15.995 WebDriverAgentRunner-Runner[1852:329613] Creating future for 'fetching attributes 'XC_kAXXCAttributeSystemAppApplication' for Device system-wide element' with timeout 65.00
10:03:15.995 WebDriverAgentRunner-Runner[1852:329613] <XCTWaiter: 0x115765530> entering wait loop for 65.00s with expectations: `fetching attributes 'XC_kAXXCAttributeSystemAppApplication' for Device system-wide element`
10:03:15.996 WebDriverAgentRunner-Runner[1852:332830] Got attribute fetch response with values {
    "XC_kAXXCAttributeSystemAppApplication" = "AX element pid: 174, elementOrHash.elementID: 0.1";
}, error: (null)
10:03:15.996 WebDriverAgentRunner-Runner[1852:329613] Returning result XCTWaiterResultCompleted for synchronous waiter <XCTWaiter: 0x115765530>
10:03:15.997 WebDriverAgentRunner-Runner[1852:329613] Wait <XCTWaiterWait: 0x1143fef80> completed after 0.001s
10:03:15.997 WebDriverAgentRunner-Runner[1852:329613] cleaning up fetching attributes 'XC_kAXXCAttributeSystemAppApplication' for Device system-wide element
10:03:15.997 WebDriverAgentRunner-Runner[1852:329613] Creating future for 'fetching attributes 'XC_kAXXCAttributeFocusedApplications' for AX element pid: 174, elementOrHash.elementID: 0.1' with timeout 65.00
10:03:15.997 WebDriverAgentRunner-Runner[1852:329613] <XCTWaiter: 0x115767ab0> entering wait loop for 65.00s with expectations: `fetching attributes 'XC_kAXXCAttributeFocusedApplications' for AX element pid: 174, elementOrHash.elementID: 0.1`
10:03:15.998 WebDriverAgentRunner-Runner[1852:332702] Got attribute fetch response with values {
    "XC_kAXXCAttributeFocusedApplications" =     (
        "AX element pid: 303, elementOrHash.elementID: 0.1",
        "AX element pid: 174, elementOrHash.elementID: 0.1"
    );
}, error: (null)
10:03:15.998 WebDriverAgentRunner-Runner[1852:329613] Returning result XCTWaiterResultCompleted for synchronous waiter <XCTWaiter: 0x115767ab0>
10:03:15.998 WebDriverAgentRunner-Runner[1852:329613] Wait <XCTWaiterWait: 0x1143fdbc0> completed after 0.001s
10:03:15.998 WebDriverAgentRunner-Runner[1852:329613] cleaning up fetching attributes 'XC_kAXXCAttributeFocusedApplications' for AX element pid: 174, elementOrHash.elementID: 0.1
10:03:15.998 WebDriverAgentRunner-Runner[1852:329613] Active application elements: (
    "AX element pid: 303, elementOrHash.elementID: 0.1",
    "AX element pid: 174, elementOrHash.elementID: 0.1"
)
10:03:16.002 WebDriverAgentRunner-Runner[1852:329613] Creating future for 'getting interface orientation' with timeout 65.00
10:03:16.003 WebDriverAgentRunner-Runner[1852:329613] <XCTWaiter: 0x1157648d0> entering wait loop for 65.00s with expectations: `getting interface orientation`
10:03:16.003 WebDriverAgentRunner-Runner[1852:329613] Returning result XCTWaiterResultCompleted for synchronous waiter <XCTWaiter: 0x1157648d0>
10:03:16.003 WebDriverAgentRunner-Runner[1852:329613] Wait <XCTWaiterWait: 0x1143ffb00> completed after 0.000s
10:03:16.003 WebDriverAgentRunner-Runner[1852:329613] cleaning up getting interface orientation
10:03:16.003 WebDriverAgentRunner-Runner[1852:329613] Creating future for 'getting interface orientation' with timeout 65.00
10:03:16.003 WebDriverAgentRunner-Runner[1852:329613] <XCTWaiter: 0x1157669d0> entering wait loop for 65.00s with expectations: `getting interface orientation`
10:03:16.004 WebDriverAgentRunner-Runner[1852:329613] Returning result XCTWaiterResultCompleted for synchronous waiter <XCTWaiter: 0x1157669d0>
10:03:16.004 WebDriverAgentRunner-Runner[1852:329613] Wait <XCTWaiterWait: 0x1143fe200> completed after 0.000s
10:03:16.004 WebDriverAgentRunner-Runner[1852:329613] cleaning up getting interface orientation
10:03:16.004 WebDriverAgentRunner-Runner[1852:329613] Creating future for 'getting interface orientation' with timeout 65.00
10:03:16.004 WebDriverAgentRunner-Runner[1852:329613] <XCTWaiter: 0x115764060> entering wait loop for 65.00s with expectations: `getting interface orientation`
10:03:16.004 WebDriverAgentRunner-Runner[1852:329613] Returning result XCTWaiterResultCompleted for synchronous waiter <XCTWaiter: 0x115764060>
10:03:16.004 WebDriverAgentRunner-Runner[1852:329613] Wait <XCTWaiterWait: 0x1143fe1c0> completed after 0.000s
10:03:16.004 WebDriverAgentRunner-Runner[1852:329613] cleaning up getting interface orientation
10:03:16.005 WebDriverAgentRunner-Runner[1852:329613] Requesting local synthesis of event: 
<XCSynthesizedEventRecord 'Swipe Point Array display 0'>
Path 1:
	Touch down at 170.0, 482.0, offset=0.00s
	Move to 172.0, 482.0, offset=0.01s
	Move to 279.0, 480.0, offset=0.05s
	Move to 493.0, 490.0, offset=0.09s
	Move to 763.0, 534.0, offset=0.13s
	Move to 835.0, 546.0, offset=0.15s
	Touch up at 835.0, 546.0, offset=0.16s
10:03:16.218 WebDriverAgentRunner-Runner[1852:332702] Handling kAXUserTestingNotification
10:03:16.218 WebDriverAgentRunner-Runner[1852:332702] Received kAXUserTestingNotification from AX element pid: 174, elementOrHash.elementID: 0.1: {
    event = TouchEventsCompleted;
}
10:03:16.218 WebDriverAgentRunner-Runner[1852:332702] Handling kAXUserTestingNotification
10:03:16.219 WebDriverAgentRunner-Runner[1852:332702] Received kAXUserTestingNotification from AX element pid: 174, elementOrHash.elementID: 0.1: {
    event = TouchEventsCompleted;
}
10:03:19.784 WebDriverAgentRunner-Runner[1852:329613] Creating future for 'fetching attributes 'XC_kAXXCAttributeSystemAppApplication' for Device system-wide element' with timeout 65.00
10:03:19.784 WebDriverAgentRunner-Runner[1852:329613] <XCTWaiter: 0x115766d90> entering wait loop for 65.00s with expectations: `fetching attributes 'XC_kAXXCAttributeSystemAppApplication' for Device system-wide element`
10:03:19.785 WebDriverAgentRunner-Runner[1852:332702] Got attribute fetch response with values {
    "XC_kAXXCAttributeSystemAppApplication" = "AX element pid: 174, elementOrHash.elementID: 0.1";
}, error: (null)
10:03:19.785 WebDriverAgentRunner-Runner[1852:329613] Returning result XCTWaiterResultCompleted for synchronous waiter <XCTWaiter: 0x115766d90>
10:03:19.785 WebDriverAgentRunner-Runner[1852:329613] Wait <XCTWaiterWait: 0x1143ffb00> completed after 0.001s
10:03:19.785 WebDriverAgentRunner-Runner[1852:329613] cleaning up fetching attributes 'XC_kAXXCAttributeSystemAppApplication' for Device system-wide element
10:03:19.785 WebDriverAgentRunner-Runner[1852:329613] Creating future for 'fetching attributes 'XC_kAXXCAttributeFocusedApplications' for AX element pid: 174, elementOrHash.elementID: 0.1' with timeout 65.00
10:03:19.786 WebDriverAgentRunner-Runner[1852:329613] <XCTWaiter: 0x115764480> entering wait loop for 65.00s with expectations: `fetching attributes 'XC_kAXXCAttributeFocusedApplications' for AX element pid: 174, elementOrHash.elementID: 0.1`
10:03:19.789 WebDriverAgentRunner-Runner[1852:329632] Got attribute fetch response with values {
    "XC_kAXXCAttributeFocusedApplications" =     (
        "AX element pid: 303, elementOrHash.elementID: 0.1",
        "AX element pid: 174, elementOrHash.elementID: 0.1"
    );
}, error: (null)
10:03:19.789 WebDriverAgentRunner-Runner[1852:329613] Returning result XCTWaiterResultCompleted for synchronous waiter <XCTWaiter: 0x115764480>
10:03:19.789 WebDriverAgentRunner-Runner[1852:329613] Wait <XCTWaiterWait: 0x1143fe480> completed after 0.004s
10:03:19.790 WebDriverAgentRunner-Runner[1852:329613] cleaning up fetching attributes 'XC_kAXXCAttributeFocusedApplications' for AX element pid: 174, elementOrHash.elementID: 0.1
10:03:19.790 WebDriverAgentRunner-Runner[1852:329613] Active application elements: (
    "AX element pid: 303, elementOrHash.elementID: 0.1",
    "AX element pid: 174, elementOrHash.elementID: 0.1"
)
10:03:19.814 WebDriverAgentRunner-Runner[1852:329613] Creating future for 'getting interface orientation' with timeout 65.00
10:03:19.814 WebDriverAgentRunner-Runner[1852:329613] <XCTWaiter: 0x115766370> entering wait loop for 65.00s with expectations: `getting interface orientation`
10:03:19.814 WebDriverAgentRunner-Runner[1852:329613] Returning result XCTWaiterResultCompleted for synchronous waiter <XCTWaiter: 0x115766370>
10:03:19.815 WebDriverAgentRunner-Runner[1852:329613] Wait <XCTWaiterWait: 0x1143ffa80> completed after 0.000s
10:03:19.815 WebDriverAgentRunner-Runner[1852:329613] cleaning up getting interface orientation
10:03:19.815 WebDriverAgentRunner-Runner[1852:329613] Creating future for 'getting interface orientation' with timeout 65.00
10:03:19.815 WebDriverAgentRunner-Runner[1852:329613] <XCTWaiter: 0x115767de0> entering wait loop for 65.00s with expectations: `getting interface orientation`
10:03:19.815 WebDriverAgentRunner-Runner[1852:329613] Returning result XCTWaiterResultCompleted for synchronous waiter <XCTWaiter: 0x115767de0>
10:03:19.815 WebDriverAgentRunner-Runner[1852:329613] Wait <XCTWaiterWait: 0x1143fe900> completed after 0.000s
10:03:19.815 WebDriverAgentRunner-Runner[1852:329613] cleaning up getting interface orientation
10:03:19.815 WebDriverAgentRunner-Runner[1852:329613] Creating future for 'getting interface orientation' with timeout 65.00
10:03:19.816 WebDriverAgentRunner-Runner[1852:329613] <XCTWaiter: 0x115764c00> entering wait loop for 65.00s with expectations: `getting interface orientation`
10:03:19.816 WebDriverAgentRunner-Runner[1852:329613] Returning result XCTWaiterResultCompleted for synchronous waiter <XCTWaiter: 0x115764c00>
10:03:19.816 WebDriverAgentRunner-Runner[1852:329613] Wait <XCTWaiterWait: 0x1143fe280> completed after 0.000s
10:03:19.816 WebDriverAgentRunner-Runner[1852:329613] cleaning up getting interface orientation
10:03:19.816 WebDriverAgentRunner-Runner[1852:329613] Requesting local synthesis of event: 
<XCSynthesizedEventRecord 'Swipe Point Array display 0'>
Path 1:
	Touch down at 820.0, 450.0, offset=0.00s
	Move to 816.0, 450.0, offset=0.01s
	Move to 732.0, 450.0, offset=0.05s
	Move to 552.0, 448.0, offset=0.09s
	Move to 325.0, 431.0, offset=0.13s
	Move to 288.0, 427.0, offset=0.19s
	Move to 416.0, 427.0, offset=0.23s
	Move to 637.0, 435.0, offset=0.28s
	Move to 757.0, 445.0, offset=0.32s
	Move to 757.0, 445.0, offset=0.36s
	Move to 543.0, 468.0, offset=0.40s
	Move to 219.0, 474.0, offset=0.44s
	Move to 128.0, 470.0, offset=0.48s
	Move to 321.0, 444.0, offset=0.52s
	Move to 706.0, 443.0, offset=0.56s
	Move to 1024.0, 486.0, offset=0.60s
	Move to 1024.0, 495.0, offset=0.64s
	Move to 888.0, 499.0, offset=0.68s
	Move to 480.0, 474.0, offset=0.72s
	Move to 345.0, 466.0, offset=0.76s
	Move to 349.0, 465.0, offset=0.80s
	Move to 387.0, 464.0, offset=0.83s
	Move to 482.0, 458.0, offset=0.87s
	Touch up at 482.0, 458.0, offset=0.88s
10:03:20.472 WebDriverAgentRunner-Runner[1852:332702] Handling kAXPidStatusChangedNotification
10:03:20.472 WebDriverAgentRunner-Runner[1852:332702] Got kAXPidStatusChangedNotification for pid 308: active
10:03:20.474 WebDriverAgentRunner-Runner[1852:332702] Handling kAXUserTestingNotification
10:03:20.474 WebDriverAgentRunner-Runner[1852:332702] Received kAXUserTestingNotification from AX element pid: 174, elementOrHash.elementID: 0.1: {
    controllerClass = SBHWidgetViewController;
    event = ViewDidAppear;
}
10:03:20.474 WebDriverAgentRunner-Runner[1852:332702] Handling kAXUserTestingNotification
10:03:20.474 WebDriverAgentRunner-Runner[1852:332702] Received kAXUserTestingNotification from AX element pid: 174, elementOrHash.elementID: 0.1: {
    controllerClass = SBHWidgetContainerViewController;
    event = ViewDidAppear;
}
10:03:20.474 WebDriverAgentRunner-Runner[1852:332702] Handling kAXUserTestingNotification
10:03:20.474 WebDriverAgentRunner-Runner[1852:332702] Received kAXUserTestingNotification from AX element pid: 174, elementOrHash.elementID: 0.1: {
    controllerClass = SBHMultiplexingViewController;
    event = ViewDidAppear;
}
10:03:20.475 WebDriverAgentRunner-Runner[1852:332702] Handling kAXUserTestingNotification
10:03:20.475 WebDriverAgentRunner-Runner[1852:332702] Received kAXUserTestingNotification from AX element pid: 174, elementOrHash.elementID: 0.1: {
    controllerClass = SBHWidgetStackViewController;
    event = ViewDidAppear;
}
10:03:20.522 WebDriverAgentRunner-Runner[1852:329632] Handling kAXUserTestingNotification
10:03:20.522 WebDriverAgentRunner-Runner[1852:329632] Received kAXUserTestingNotification from AX element pid: 308, elementOrHash.elementID: 0.1: {
    controllerClass = "WidgetRenderer.DebugOverlayViewController";
    event = ViewDidAppear;
}
10:03:20.523 WebDriverAgentRunner-Runner[1852:329632] Handling kAXUserTestingNotification
10:03:20.523 WebDriverAgentRunner-Runner[1852:329632] Received kAXUserTestingNotification from AX element pid: 308, elementOrHash.elementID: 0.1: {
    controllerClass = "WidgetRenderer.WidgetSceneContentViewController";
    event = ViewDidAppear;
}
10:03:20.523 WebDriverAgentRunner-Runner[1852:329632] Handling kAXUserTestingNotification
10:03:20.523 WebDriverAgentRunner-Runner[1852:329632] Received kAXUserTestingNotification from AX element pid: 308, elementOrHash.elementID: 0.1: {
    controllerClass = "WidgetRenderer.SecureHostingController";
    event = ViewDidAppear;
}
10:03:20.523 WebDriverAgentRunner-Runner[1852:329632] Handling kAXUserTestingNotification
10:03:20.523 WebDriverAgentRunner-Runner[1852:329632] Received kAXUserTestingNotification from AX element pid: 308, elementOrHash.elementID: 0.1: {
    controllerClass = "WidgetRenderer.ZStackContainerViewController";
    event = ViewDidDisappear;
}
10:03:20.523 WebDriverAgentRunner-Runner[1852:329632] Handling kAXUserTestingNotification
10:03:20.524 WebDriverAgentRunner-Runner[1852:329632] Received kAXUserTestingNotification from AX element pid: 308, elementOrHash.elementID: 0.1: {
    controllerClass = "WidgetRenderer.ZStackContainerViewController";
    event = ViewDidAppear;
}
10:03:20.531 WebDriverAgentRunner-Runner[1852:329613] No application process found matching pid 308, caching
10:03:20.581 WebDriverAgentRunner-Runner[1852:329632] Handling kAXUserTestingNotification
10:03:20.581 WebDriverAgentRunner-Runner[1852:329632] Received kAXUserTestingNotification from AX element pid: 174, elementOrHash.elementID: 0.1: {
    controllerClass = SBHWidgetStackViewController;
    event = ViewDidDisappear;
}
10:03:20.581 WebDriverAgentRunner-Runner[1852:329632] Handling kAXUserTestingNotification
10:03:20.581 WebDriverAgentRunner-Runner[1852:329632] Received kAXUserTestingNotification from AX element pid: 174, elementOrHash.elementID: 0.1: {
    controllerClass = SBHWidgetContainerViewController;
    event = ViewDidDisappear;
}
10:03:20.582 WebDriverAgentRunner-Runner[1852:332718] Handling kAXUserTestingNotification
10:03:20.582 WebDriverAgentRunner-Runner[1852:332718] Received kAXUserTestingNotification from AX element pid: 174, elementOrHash.elementID: 0.1: {
    controllerClass = SBHMultiplexingViewController;
    event = ViewDidDisappear;
}
10:03:20.582 WebDriverAgentRunner-Runner[1852:332718] Handling kAXUserTestingNotification
10:03:20.582 WebDriverAgentRunner-Runner[1852:332718] Received kAXUserTestingNotification from AX element pid: 174, elementOrHash.elementID: 0.1: {
    controllerClass = SBHWidgetViewController;
    event = ViewDidDisappear;
}
10:03:20.588 WebDriverAgentRunner-Runner[1852:332702] Handling kAXUserTestingNotification
10:03:20.588 WebDriverAgentRunner-Runner[1852:332702] Received kAXUserTestingNotification from AX element pid: 308, elementOrHash.elementID: 0.1: {
    controllerClass = "WidgetRenderer.WidgetSceneContentViewController";
    event = ViewDidDisappear;
}
10:03:20.588 WebDriverAgentRunner-Runner[1852:332702] Handling kAXUserTestingNotification
10:03:20.588 WebDriverAgentRunner-Runner[1852:332702] Received kAXUserTestingNotification from AX element pid: 308, elementOrHash.elementID: 0.1: {
    controllerClass = "WidgetRenderer.SecureHostingController";
    event = ViewDidDisappear;
}
10:03:20.779 WebDriverAgentRunner-Runner[1852:332718] Handling kAXUserTestingNotification
10:03:20.779 WebDriverAgentRunner-Runner[1852:332718] Received kAXUserTestingNotification from AX element pid: 174, elementOrHash.elementID: 0.1: {
    event = TouchEventsCompleted;
}
10:03:20.779 WebDriverAgentRunner-Runner[1852:332718] Handling kAXUserTestingNotification
10:03:20.779 WebDriverAgentRunner-Runner[1852:332718] Received kAXUserTestingNotification from AX element pid: 174, elementOrHash.elementID: 0.1: {
    event = TouchEventsCompleted;
}
10:03:20.795 WebDriverAgentRunner-Runner[1852:332702] Handling kAXPidStatusChangedNotification
10:03:20.796 WebDriverAgentRunner-Runner[1852:332702] Got kAXPidStatusChangedNotification for pid 308: active
10:03:20.841 WebDriverAgentRunner-Runner[1852:329613] No application process found matching pid 308, caching
{"time":"2026-07-20T10:03:22.900937+07:00","level":"ERROR","msg":"conn1 closed unexpectedly","module":"go-ios/testmanagerd","udid":"00008027-000404D13439002E","error":"EOF"}
{"time":"2026-07-20T10:03:22.901142+07:00","level":"INFO","msg":"Killing test runner","module":"go-ios/testmanagerd","udid":"00008027-000404D13439002E","pid":1852}
{"time":"2026-07-20T10:03:22.90119+07:00","level":"INFO","msg":"Killing test runner","module":"go-ios/testmanagerd","pid":1852}
{"time":"2026-07-20T10:03:22.931755+07:00","level":"INFO","msg":"Nothing to kill, process is already dead","module":"go-ios/testmanagerd","udid":"00008027-000404D13439002E","pid":1852}
{"time":"2026-07-20T10:03:22.932125+07:00","level":"ERROR","msg":"Failed running WDA","error":"lost connection to testmanagerd. the test-runner may have been killed"}
