{"time":"2026-07-19T23:17:54.365917+07:00","level":"INFO","msg":"Running wda","bundleid":"solumate.xxx","testbundleid":"solumate.xxx","xctestconfig":"WebDriverAgentRunner.xctest"}
{"time":"2026-07-19T23:17:54.555781+07:00","level":"INFO","msg":"got capabilities","module":"go-ios/testmanagerd","udid":"00008027-000404D13439002E","receivedCaps":{"CapabilitiesDictionary":{"authorize test session capability":1,"automation mode":1,"daemon container sandbox extension":1,"initiate daemon control session capability":4,"initiate test runner session capability":2,"record UI interaction capability":2,"recording events as source code":1,"report crashes capability":1,"request log archive capability":1,"request spindump capability":2,"request tailspin capability":1,"supports delayed attachment transfers":1}}}
{"time":"2026-07-19T23:17:54.777312+07:00","level":"INFO","msg":"got capabilities","module":"go-ios/testmanagerd","udid":"00008027-000404D13439002E","caps":{"CapabilitiesDictionary":{"authorize test session capability":1,"automation mode":1,"daemon container sandbox extension":1,"initiate daemon control session capability":4,"initiate test runner session capability":2,"record UI interaction capability":2,"recording events as source code":1,"report crashes capability":1,"request log archive capability":1,"request spindump capability":2,"request tailspin capability":1,"supports delayed attachment transfers":1}}}
{"time":"2026-07-19T23:17:54.782803+07:00","level":"INFO","msg":"authorized","module":"go-ios/testmanagerd","udid":"00008027-000404D13439002E","pid":1362,"authorized":true}
23:17:55.286 WebDriverAgentRunner-Runner[1362:140233] Creating future for 'requesting test configuration' with timeout 600.00
23:17:55.286 WebDriverAgentRunner-Runner[1362:140233] Notifying test runner ready
23:17:55.286 WebDriverAgentRunner-Runner[1362:140233] <XCTWaiter: 0x102674e10> entering wait loop for 600.00s with expectations: `requesting test configuration`
23:17:55.295 WebDriverAgentRunner-Runner[1362:140254] Received test runner ready reply. Waiting for request to start running tests.
23:17:55.295 WebDriverAgentRunner-Runner[1362:140233] Returning result XCTWaiterResultCompleted for synchronous waiter <XCTWaiter: 0x102674e10>
23:17:55.295 WebDriverAgentRunner-Runner[1362:140233] Wait <XCTWaiterWait: 0x102456740> completed after 0.009s
23:17:55.295 WebDriverAgentRunner-Runner[1362:140233] cleaning up requesting test configuration
23:17:55.295 WebDriverAgentRunner-Runner[1362:140233] Loading test bundle at: file:///private/var/containers/Bundle/Application/3E702FB9-FCFA-4107-92FB-ABE9458D85EE/WebDriverAgentRunner-Runner.app/PlugIns/WebDriverAgentRunner.xctest/
23:17:55.373 WebDriverAgentRunner-Runner[1362:140233] Finished loading test bundle
23:17:55.373 WebDriverAgentRunner-Runner[1362:140233] Interop: not enabled, so skipping install
23:17:55.373 WebDriverAgentRunner-Runner[1362:140233] Registering in-process symbolication service with image names: WebDriverAgentRunner
23:17:55.375 WebDriverAgentRunner-Runner[1362:140233] Running tests with active test configuration: <XCTestConfiguration: 0x102700180>
	                  testBundleURL:file://PlugIns/WebDriverAgentRunner.xctest
	         testBundleRelativePath:(null)
	              productModuleName:WebDriverAgentRunner
	                  testSelection:<XCTTestSelection: 0x102674f60>
	            identifiersToRun:(null)
	            identifiersToSkip:
	            tagsToRun:(null)
	            tagsToSkip:<XCTTagSelection: 0x1024eb3c0>
	            mode:and
	            tags:{(
)}
	  includeXCTests:NO


	             reportResultsToIDE:YES
	               testsDrivenByIDE:NO
	inProcessParallelizationEnabled:YES
	              sessionIdentifier:16597009-DD14-4DE9-AC88-57DA100E25D8
	      disablePerformanceMetrics:NO
	treatMissingBaselinesAsFailures:NO
	                baselineFileURL:(null)
	       baselineFileRelativePath:(null)
	          targetApplicationPath:/private/var/containers/Bundle/Application/3E702FB9-FCFA-4107-92FB-ABE9458D85EE/WebDriverAgentRunner-Runner.app
	      targetApplicationBundleID:solumate.xxx
	 testApplicationDependencies:(null)
	 bundleIDsForCrashReportEmphasis:(null)
	 testApplicationUserOverrides:(null)
	     targetApplicationArguments:(null)
	   targetApplicationEnvironment:(null)
	                  reportActivities:YES
	          testsMustRunOnMainThread:YES
	            initializeForUITesting:YES
	            traceCollectionEnabled:(null)
	 enablePerformanceTestsDiagnostics:(null)
	 aggregateStatisticsBeforeCrash:
{
    XCSuiteRecordsKey =     {
    };
}
	        automationFrameworkPath:/System/Developer/Library/PrivateFrameworks/XCTAutomationSupport.framework
	                     emitOSLogs:NO
	       systemAttachmentLifetime:keepNever
	         userAttachmentLifetime:keepAlways
	   preferredScreenCaptureFormat:screenshots
	   gatherLocalizableStringsData:NO
	          testExecutionOrdering:alphabetical
	    randomExecutionOrderingSeed:(null)
	               repetitionPolicy:<XCTRepetitionPolicy: 0x1024ebe40>
	            mode:None
	            maximumIterations:1
	            repeatInNewRunnerProcess:NO

	       runtimeDiagnosticsPolicy:<XCTRuntimeDiagnosticsPolicy: 0x1026741b0>
	            otherRuntimeIssuesDetectionPolicy:<XCTRuntimeIssueDetectionPolicy: 0x1024eb540>
	            detectionEnabled:YES
	            severity:warning

	            threadPerformanceCheckerRuntimeIssueDetectionPolicy:<XCTRuntimeIssueDetectionPolicy: 0x1024eb540>
	            detectionEnabled:YES
	            severity:warning

	            mainThreadCheckerDetectionPolicy:<XCTRuntimeIssueDetectionPolicy: 0x1024eb540>
	            detectionEnabled:YES
	            severity:warning

	            checkedAllocations:disabled

	            testTimeoutsEnabled:NO
	              leaksCheckingMode:off
	 defaultTestExecutionTimeAllowance:600
	 maximumTestExecutionTimeAllowance:0
	                IDECapabilities:<XCTCapabilities: 0x102620670>: {
    "XCTIssue capability" = 1;
    "daemon container sandbox extension" = 1;
    "delayed attachment transfer" = 1;
    "expected failure test capability" = 1;
    "request diagnostics for specific devices" = 1;
    "skipped test capability" = 1;
    "test case run configurations" = 1;
    "test iterations" = 1;
    "test timeout capability" = 1;
    "ubiquitous test identifiers" = 1;
}
	        symbolicationImageNames:(null)
	         applicationBundleInfos:(null)

23:17:55.376 WebDriverAgentRunner-Runner[1362:140233] <XCTWaiter: 0x1026769a0> entering wait loop for 600.00s with expectations: `requesting ready for testing`
23:17:55.376 WebDriverAgentRunner-Runner[1362:140233] Returning result XCTWaiterResultCompleted for synchronous waiter <XCTWaiter: 0x1026769a0>
23:17:55.376 WebDriverAgentRunner-Runner[1362:140233] Wait <XCTWaiterWait: 0x102456780> completed after 0.000s
23:17:55.376 WebDriverAgentRunner-Runner[1362:140233] cleaning up requesting ready for testing
23:17:55.376 WebDriverAgentRunner-Runner[1362:140233] <XCTWaiter: 0x1026764c0> entering wait loop for 600.00s with expectations: `IDE proxy`
23:17:55.376 WebDriverAgentRunner-Runner[1362:140233] Returning result XCTWaiterResultCompleted for synchronous waiter <XCTWaiter: 0x1026764c0>
23:17:55.376 WebDriverAgentRunner-Runner[1362:140233] Wait <XCTWaiterWait: 0x102456840> completed after 0.000s
23:17:55.376 WebDriverAgentRunner-Runner[1362:140233] cleaning up IDE proxy
23:17:55.377 WebDriverAgentRunner-Runner[1362:140233] Initializing for UI testing.
23:17:55.378 WebDriverAgentRunner-Runner[1362:140233] Linked XCTAutomationSupport.framework from /System/Developer/Library/PrivateFrameworks/XCTAutomationSupport.framework/XCTAutomationSupport, built with Xcode 2650(17F41), modified on lúc 12:04:18 Giờ Đông Dương Thứ Năm, ngày 30 tháng 4, 2026, bundle version: 24904
23:17:55.379 WebDriverAgentRunner-Runner[1362:140233] <XCTWaiter: 0x102674720> entering wait loop for 60.00s with expectations: `initiating daemon session`
23:17:55.379 WebDriverAgentRunner-Runner[1362:140233] Returning result XCTWaiterResultCompleted for synchronous waiter <XCTWaiter: 0x102674720>
23:17:55.379 WebDriverAgentRunner-Runner[1362:140233] Wait <XCTWaiterWait: 0x102457440> completed after 0.000s
23:17:55.379 WebDriverAgentRunner-Runner[1362:140233] cleaning up initiating daemon session
23:17:55.380 WebDriverAgentRunner-Runner[1362:140233] Creating future for 'enabling automation mode' with timeout 60.00
23:17:55.380 WebDriverAgentRunner-Runner[1362:140233] <XCTWaiter: 0x102676df0> entering wait loop for 60.00s with expectations: `enabling automation mode`
23:17:55.407 WebDriverAgentRunner-Runner[1362:140233] Returning result XCTWaiterResultCompleted for synchronous waiter <XCTWaiter: 0x102676df0>
23:17:55.407 WebDriverAgentRunner-Runner[1362:140233] Wait <XCTWaiterWait: 0x102457600> completed after 0.027s
23:17:55.407 WebDriverAgentRunner-Runner[1362:140233] cleaning up enabling automation mode
23:17:55.408 WebDriverAgentRunner-Runner[1362:140233] Creating future for 'loading Accessibility' with timeout 70.00
23:17:55.408 WebDriverAgentRunner-Runner[1362:140233] <XCTWaiter: 0x102677030> entering wait loop for 70.00s with expectations: `loading Accessibility`
    t =      nans Interface orientation changed to Landscape Left
23:17:56.361 WebDriverAgentRunner-Runner[1362:140233] Returning result XCTWaiterResultCompleted for synchronous waiter <XCTWaiter: 0x102677030>
23:17:56.361 WebDriverAgentRunner-Runner[1362:140233] Wait <XCTWaiterWait: 0x102457740> completed after 0.954s
23:17:56.361 WebDriverAgentRunner-Runner[1362:140233] cleaning up loading Accessibility
23:17:56.361 WebDriverAgentRunner-Runner[1362:140233] Creating future for 'enabling localized string gathering' with timeout 70.00
23:17:56.362 WebDriverAgentRunner-Runner[1362:140233] <XCTWaiter: 0x102453300> entering wait loop for 70.00s with expectations: `enabling localized string gathering`
23:17:56.368 WebDriverAgentRunner-Runner[1362:140233] Returning result XCTWaiterResultCompleted for synchronous waiter <XCTWaiter: 0x102453300>
23:17:56.368 WebDriverAgentRunner-Runner[1362:140233] Wait <XCTWaiterWait: 0x102457a40> completed after 0.007s
23:17:56.368 WebDriverAgentRunner-Runner[1362:140233] cleaning up enabling localized string gathering
23:17:56.369 WebDriverAgentRunner-Runner[1362:140233] Creating future for 'setting AX timeout to 60.00s' with timeout 65.00
23:17:56.369 WebDriverAgentRunner-Runner[1362:140233] <XCTWaiter: 0x102674990> entering wait loop for 65.00s with expectations: `setting AX timeout to 60.00s`
23:17:56.369 WebDriverAgentRunner-Runner[1362:140233] Returning result XCTWaiterResultCompleted for synchronous waiter <XCTWaiter: 0x102674990>
23:17:56.369 WebDriverAgentRunner-Runner[1362:140233] Wait <XCTWaiterWait: 0x102457f40> completed after 0.000s
23:17:56.369 WebDriverAgentRunner-Runner[1362:140233] cleaning up setting AX timeout to 60.00s
23:17:56.369 WebDriverAgentRunner-Runner[1362:140233] Creating future for 'registering for kAXUserTestingNotification' with timeout 65.00
23:17:56.369 WebDriverAgentRunner-Runner[1362:140233] <XCTWaiter: 0x1024513e0> entering wait loop for 65.00s with expectations: `registering for kAXUserTestingNotification`
23:17:56.370 WebDriverAgentRunner-Runner[1362:140233] Returning result XCTWaiterResultCompleted for synchronous waiter <XCTWaiter: 0x1024513e0>
23:17:56.370 WebDriverAgentRunner-Runner[1362:140233] Wait <XCTWaiterWait: 0x102457e00> completed after 0.001s
23:17:56.370 WebDriverAgentRunner-Runner[1362:140233] cleaning up registering for kAXUserTestingNotification
23:17:56.370 WebDriverAgentRunner-Runner[1362:140233] Creating future for 'registering for kAXAlertNotification' with timeout 65.00
23:17:56.370 WebDriverAgentRunner-Runner[1362:140233] <XCTWaiter: 0x102451140> entering wait loop for 65.00s with expectations: `registering for kAXAlertNotification`
23:17:56.371 WebDriverAgentRunner-Runner[1362:140233] Returning result XCTWaiterResultCompleted for synchronous waiter <XCTWaiter: 0x102451140>
23:17:56.371 WebDriverAgentRunner-Runner[1362:140233] Wait <XCTWaiterWait: 0x102457cc0> completed after 0.001s
23:17:56.371 WebDriverAgentRunner-Runner[1362:140233] cleaning up registering for kAXAlertNotification
23:17:56.371 WebDriverAgentRunner-Runner[1362:140233] Creating future for 'registering for kAXPidStatusChangedNotification' with timeout 65.00
23:17:56.371 WebDriverAgentRunner-Runner[1362:140233] <XCTWaiter: 0x102452fd0> entering wait loop for 65.00s with expectations: `registering for kAXPidStatusChangedNotification`
23:17:56.371 WebDriverAgentRunner-Runner[1362:140233] Returning result XCTWaiterResultCompleted for synchronous waiter <XCTWaiter: 0x102452fd0>
23:17:56.371 WebDriverAgentRunner-Runner[1362:140233] Wait <XCTWaiterWait: 0x102457b80> completed after 0.000s
23:17:56.372 WebDriverAgentRunner-Runner[1362:140233] cleaning up registering for kAXPidStatusChangedNotification
23:17:56.372 WebDriverAgentRunner-Runner[1362:140233] Creating future for 'registering for AXNotification 3031' with timeout 65.00
23:17:56.372 WebDriverAgentRunner-Runner[1362:140233] <XCTWaiter: 0x102677690> entering wait loop for 65.00s with expectations: `registering for AXNotification 3031`
23:17:56.372 WebDriverAgentRunner-Runner[1362:140233] Returning result XCTWaiterResultCompleted for synchronous waiter <XCTWaiter: 0x102677690>
23:17:56.372 WebDriverAgentRunner-Runner[1362:140233] Wait <XCTWaiterWait: 0x1027f8fc0> completed after 0.001s
23:17:56.372 WebDriverAgentRunner-Runner[1362:140233] cleaning up registering for AXNotification 3031
23:17:56.372 WebDriverAgentRunner-Runner[1362:140233] Creating future for 'requesting background assertion for test process' with timeout 30.00
23:17:56.373 WebDriverAgentRunner-Runner[1362:140233] <XCTWaiter: 0x105508180> entering wait loop for 30.00s with expectations: `requesting background assertion for test process`
23:17:56.373 WebDriverAgentRunner-Runner[1362:140253] Got reply for background assertion for 1362, acquired: YES.
23:17:56.374 WebDriverAgentRunner-Runner[1362:140233] Returning result XCTWaiterResultCompleted for synchronous waiter <XCTWaiter: 0x105508180>
23:17:56.374 WebDriverAgentRunner-Runner[1362:140233] Wait <XCTWaiterWait: 0x1027f8e80> completed after 0.001s
23:17:56.374 WebDriverAgentRunner-Runner[1362:140233] cleaning up requesting background assertion for test process
23:17:56.374 WebDriverAgentRunner-Runner[1362:140233] Test runner is already executing in the background.
23:17:56.374 WebDriverAgentRunner-Runner[1362:140233] Done initializing for UI testing.
23:17:56.375 WebDriverAgentRunner-Runner[1362:140233] Loading test suite...
23:17:56.686 WebDriverAgentRunner-Runner[1362:140252] Handling AXNotification 3031
23:17:58.290 WebDriverAgentRunner-Runner[1362:140233] Finished loading test suite, took 1.914s
23:17:58.291 WebDriverAgentRunner-Runner[1362:140233] <XCTWaiter: 0x102451b00> entering wait loop for 596.95s with expectations: `preparing execution worker`
{"time":"2026-07-19T23:17:58.136044+07:00","level":"INFO","msg":"device called local method","module":"go-ios/testmanagerd","id":"","sel":"_XCT_didFormPlanWithData:"}
23:17:58.308 WebDriverAgentRunner-Runner[1362:140233] Returning result XCTWaiterResultCompleted for synchronous waiter <XCTWaiter: 0x102451b00>
23:17:58.308 WebDriverAgentRunner-Runner[1362:140233] Wait <XCTWaiterWait: 0x1027ec840> completed after 0.018s
23:17:58.308 WebDriverAgentRunner-Runner[1362:140233] cleaning up preparing execution worker
23:17:58.308 WebDriverAgentRunner-Runner[1362:140233] Entering test execution event loop
23:17:58.309 WebDriverAgentRunner-Runner[1362:140233] Setting a new interop record handler: Optional(XCTestCore.XCTestInteropRecordHandler())
23:17:58.309 WebDriverAgentRunner-Runner[1362:140233] -[XCTRunnerIDESession(_XCTestObservationInternal) testBundleWillStart:]
23:17:58.309 WebDriverAgentRunner-Runner[1362:140233] Running suite...
23:17:58.309 WebDriverAgentRunner-Runner[1362:140233] -[XCTRunnerIDESession(_XCTestObservationInternal) testSuiteWillStart:]
23:17:58.310 WebDriverAgentRunner-Runner[1362:140233] -[XCTRunnerIDESession(_XCTestObservationInternal) testSuiteWillStart:]
23:17:58.310 WebDriverAgentRunner-Runner[1362:140233] -[XCTRunnerIDESession(_XCTestObservationInternal) testSuiteWillStart:]
Test Suite 'All tests' started at 2026-07-19 23:17:58.309.
XCTestOutputBarrierTest Suite 'WebDriverAgentRunner.xctest' started at 2026-07-19 23:17:58.310.
XCTestOutputBarrier23:17:58.310 WebDriverAgentRunner-Runner[1362:140233] <XCTContext: 0x10553c6e0> started activity <XCActivityRecord: 0x105552ca0> 2026-07-19 16:17:58 +0000: Suite Set Up(Not reporting due to no test case running)
Test Suite 'UITestingUITests' started at 2026-07-19 23:17:58.310.
XCTestOutputBarrier    t =      nans Suite Set Up
23:17:58.429 WebDriverAgentRunner-Runner[1362:140233] <XCTContext: 0x10553c6e0> finished activity <XCActivityRecord: 0x105552ca0> 2026-07-19 16:17:58 +0000: Suite Set Up (0.118939s)(Not reporting due to no test case running)
23:17:58.430 WebDriverAgentRunner-Runner[1362:140233] -[XCTRuntimeIssueDetectionManager runtimeIssueDetectionEnabled] runtimeIssueDetectionEnabled based on XCTDisableRuntimeIssues and runtime diagnostics policies: YES
Test Case '-[UITestingUITests testRunner]' started.
XCTestOutputBarrier23:17:58.431 WebDriverAgentRunner-Runner[1362:140233] -[XCTRunnerIDESession(_XCTestObservationInternal) testCaseWillStart:] UITestingUITests testRunner
23:17:58.432 WebDriverAgentRunner-Runner[1362:140233] <XCTContext: 0x1027b7890> started activity <XCActivityRecord: 0x105552ca0> 2026-07-19 16:17:58 +0000: Start Test at 2026-07-19 23:17:58.431
23:17:58.432 WebDriverAgentRunner-Runner[1362:140233] Creating future for 'requesting to start screen recording' with timeout 30.00
23:17:58.432 WebDriverAgentRunner-Runner[1362:140233] Failed to start diagnostic screen recording - configuration prefers screenshots.
23:17:58.433 WebDriverAgentRunner-Runner[1362:140233] Error (com.apple.dt.xctest.ui-testing.error) 10005, userInfo keys: (null): Unknown error starting diagnostic screen recording.
23:17:58.433 WebDriverAgentRunner-Runner[1362:140233] <XCTWaiter: 0x10550b150> entering wait loop for 30.00s with expectations: `requesting to start screen recording`
23:17:58.433 WebDriverAgentRunner-Runner[1362:140233] Returning result XCTWaiterResultCompleted for synchronous waiter <XCTWaiter: 0x10550b150>
23:17:58.433 WebDriverAgentRunner-Runner[1362:140233] Wait <XCTWaiterWait: 0x1027ed680> completed after 0.000s
23:17:58.433 WebDriverAgentRunner-Runner[1362:140233] cleaning up requesting to start screen recording
23:17:58.433 WebDriverAgentRunner-Runner[1362:140233] Creating future for 'getting screen identifiers' with timeout 30.00
23:17:58.433 WebDriverAgentRunner-Runner[1362:140233] <XCTWaiter: 0x10550adc0> entering wait loop for 30.00s with expectations: `getting screen identifiers`
23:17:58.433 WebDriverAgentRunner-Runner[1362:140233] Returning result XCTWaiterResultCompleted for synchronous waiter <XCTWaiter: 0x10550adc0>
23:17:58.433 WebDriverAgentRunner-Runner[1362:140233] Wait <XCTWaiterWait: 0x1027ed800> completed after 0.000s
23:17:58.433 WebDriverAgentRunner-Runner[1362:140233] cleaning up getting screen identifiers
23:17:58.434 WebDriverAgentRunner-Runner[1362:140233] <XCTContext: 0x1027b7890> finished activity <XCActivityRecord: 0x105552ca0> 2026-07-19 16:17:58 +0000: Start Test at 2026-07-19 23:17:58.431 (0.00200403s)
23:17:58.434 WebDriverAgentRunner-Runner[1362:140233] <XCTContext: 0x1027b7890> started activity <XCActivityRecord: 0x105552ca0> 2026-07-19 16:17:58 +0000: Set Up
23:17:58.435 WebDriverAgentRunner-Runner[1362:140233] <XCTWaiter: 0x10550ae80> entering indefinite wait loop for expectations: `failable invocation block completion`
23:17:58.435 WebDriverAgentRunner-Runner[1362:140233] Returning result XCTWaiterResultCompleted for synchronous waiter <XCTWaiter: 0x10550ae80>
23:17:58.435 WebDriverAgentRunner-Runner[1362:140233] Wait <XCTWaiterWait: 0x1027ed940> completed after 0.000s
23:17:58.435 WebDriverAgentRunner-Runner[1362:140233] cleaning up failable invocation block completion
23:17:58.436 WebDriverAgentRunner-Runner[1362:140233] <XCTContext: 0x1027b7890> finished activity <XCActivityRecord: 0x105552ca0> 2026-07-19 16:17:58 +0000: Set Up (0.00109196s)
23:17:58.436 WebDriverAgentRunner-Runner[1362:140233] _assertObjectsInvalidAfterScope
    t =     0.00s Start Test at 2026-07-19 23:17:58.431
    t =     0.00s Set Up
23:17:58.662 WebDriverAgentRunner-Runner[1362:140233] Creating future for 'getting screen identifiers' with timeout 30.00
23:17:58.662 WebDriverAgentRunner-Runner[1362:140233] <XCTWaiter: 0x105dd1f50> entering wait loop for 30.00s with expectations: `getting screen identifiers`
23:17:58.662 WebDriverAgentRunner-Runner[1362:140233] Returning result XCTWaiterResultCompleted for synchronous waiter <XCTWaiter: 0x105dd1f50>
23:17:58.662 WebDriverAgentRunner-Runner[1362:140233] Wait <XCTWaiterWait: 0x1027edbc0> completed after 0.000s
23:17:58.663 WebDriverAgentRunner-Runner[1362:140233] cleaning up getting screen identifiers
23:18:00.998 WebDriverAgentRunner-Runner[1362:140249] Handling kAXPidStatusChangedNotification
23:18:00.999 WebDriverAgentRunner-Runner[1362:140249] Got kAXPidStatusChangedNotification for pid 1363: active
23:18:01.021 WebDriverAgentRunner-Runner[1362:140252] Handling kAXPidStatusChangedNotification
23:18:01.022 WebDriverAgentRunner-Runner[1362:140252] Got kAXPidStatusChangedNotification for pid 1363: active
23:18:01.358 WebDriverAgentRunner-Runner[1362:140250] Handling kAXPidStatusChangedNotification
23:18:01.359 WebDriverAgentRunner-Runner[1362:140250] Got kAXPidStatusChangedNotification for pid 1364: active
23:18:01.401 WebDriverAgentRunner-Runner[1362:140252] Handling kAXPidStatusChangedNotification
23:18:01.402 WebDriverAgentRunner-Runner[1362:140252] Got kAXPidStatusChangedNotification for pid 1364: active
23:18:01.494 WebDriverAgentRunner-Runner[1362:140252] Handling kAXPidStatusChangedNotification
23:18:01.495 WebDriverAgentRunner-Runner[1362:140252] Got kAXPidStatusChangedNotification for pid 1363: active
23:18:01.521 WebDriverAgentRunner-Runner[1362:140233] No application process found matching pid 1363, caching
23:18:01.521 WebDriverAgentRunner-Runner[1362:140233] No application process found matching pid 1363, caching
23:18:01.522 WebDriverAgentRunner-Runner[1362:140233] No application process found matching pid 1364, caching
23:18:01.523 WebDriverAgentRunner-Runner[1362:140233] No application process found matching pid 1364, caching
23:18:01.524 WebDriverAgentRunner-Runner[1362:140233] No application process found matching pid 1363, caching
23:18:01.560 WebDriverAgentRunner-Runner[1362:140250] Handling kAXPidStatusChangedNotification
23:18:01.561 WebDriverAgentRunner-Runner[1362:140250] Got kAXPidStatusChangedNotification for pid 1365: active
23:18:01.587 WebDriverAgentRunner-Runner[1362:140249] Handling kAXPidStatusChangedNotification
23:18:01.587 WebDriverAgentRunner-Runner[1362:140249] Got kAXPidStatusChangedNotification for pid 1365: active
23:18:01.733 WebDriverAgentRunner-Runner[1362:140251] Handling kAXPidStatusChangedNotification
23:18:01.735 WebDriverAgentRunner-Runner[1362:140251] Got kAXPidStatusChangedNotification for pid 1366: active
23:18:01.777 WebDriverAgentRunner-Runner[1362:140251] Handling kAXPidStatusChangedNotification
23:18:01.778 WebDriverAgentRunner-Runner[1362:140251] Got kAXPidStatusChangedNotification for pid 1366: active
23:18:01.796 WebDriverAgentRunner-Runner[1362:140251] Handling kAXPidStatusChangedNotification
23:18:01.797 WebDriverAgentRunner-Runner[1362:140251] Got kAXPidStatusChangedNotification for pid 1365: active
23:18:01.945 WebDriverAgentRunner-Runner[1362:140249] Handling kAXPidStatusChangedNotification
23:18:01.946 WebDriverAgentRunner-Runner[1362:140249] Got kAXPidStatusChangedNotification for pid 1364: active
23:18:02.224 WebDriverAgentRunner-Runner[1362:140249] Handling kAXPidStatusChangedNotification
23:18:02.226 WebDriverAgentRunner-Runner[1362:140249] Got kAXPidStatusChangedNotification for pid 1366: active
23:18:11.981 WebDriverAgentRunner-Runner[1362:140252] Handling kAXPidStatusChangedNotification
23:18:11.982 WebDriverAgentRunner-Runner[1362:140252] Got kAXPidStatusChangedNotification for pid 1368: active
23:18:12.002 WebDriverAgentRunner-Runner[1362:140250] Handling kAXPidStatusChangedNotification
23:18:12.003 WebDriverAgentRunner-Runner[1362:140250] Got kAXPidStatusChangedNotification for pid 1368: active
23:18:12.320 WebDriverAgentRunner-Runner[1362:140250] Handling kAXPidStatusChangedNotification
23:18:12.320 WebDriverAgentRunner-Runner[1362:140250] Got kAXPidStatusChangedNotification for pid 1368: active
23:18:12.823 WebDriverAgentRunner-Runner[1362:140250] Handling kAXPidStatusChangedNotification
23:18:12.824 WebDriverAgentRunner-Runner[1362:140250] Got kAXPidStatusChangedNotification for pid 1133: active
23:18:15.811 WebDriverAgentRunner-Runner[1362:140233] Creating future for 'fetching attributes 'XC_kAXXCAttributeSystemAppApplication' for Device system-wide element' with timeout 65.00
23:18:15.812 WebDriverAgentRunner-Runner[1362:140233] <XCTWaiter: 0x105dd35d0> entering wait loop for 65.00s with expectations: `fetching attributes 'XC_kAXXCAttributeSystemAppApplication' for Device system-wide element`
23:18:15.813 WebDriverAgentRunner-Runner[1362:140233] No application process found matching pid 1365, caching
23:18:15.813 WebDriverAgentRunner-Runner[1362:140233] No application process found matching pid 1365, caching
23:18:15.814 WebDriverAgentRunner-Runner[1362:140254] Got attribute fetch response with values {
    "XC_kAXXCAttributeSystemAppApplication" = "AX element pid: 174, elementOrHash.elementID: 0.1";
}, error: (null)
23:18:15.815 WebDriverAgentRunner-Runner[1362:140233] No application process found matching pid 1366, caching
23:18:15.817 WebDriverAgentRunner-Runner[1362:140233] No application process found matching pid 1366, caching
23:18:15.819 WebDriverAgentRunner-Runner[1362:140233] No application process found matching pid 1365, caching
23:18:15.820 WebDriverAgentRunner-Runner[1362:140233] No application process found matching pid 1364, caching
23:18:15.821 WebDriverAgentRunner-Runner[1362:140233] No application process found matching pid 1366, caching
23:18:15.822 WebDriverAgentRunner-Runner[1362:140233] No application process found matching pid 1368, caching
23:18:15.823 WebDriverAgentRunner-Runner[1362:140233] No application process found matching pid 1368, caching
23:18:15.823 WebDriverAgentRunner-Runner[1362:140233] No application process found matching pid 1368, caching
23:18:15.824 WebDriverAgentRunner-Runner[1362:140233] No application process found matching pid 1133, caching
23:18:15.825 WebDriverAgentRunner-Runner[1362:140233] Returning result XCTWaiterResultCompleted for synchronous waiter <XCTWaiter: 0x105dd35d0>
23:18:15.826 WebDriverAgentRunner-Runner[1362:140233] Wait <XCTWaiterWait: 0x1027ee080> completed after 0.014s
23:18:15.827 WebDriverAgentRunner-Runner[1362:140233] cleaning up fetching attributes 'XC_kAXXCAttributeSystemAppApplication' for Device system-wide element
23:18:15.828 WebDriverAgentRunner-Runner[1362:140233] Creating future for 'fetching attributes 'XC_kAXXCAttributeFocusedApplications' for AX element pid: 174, elementOrHash.elementID: 0.1' with timeout 65.00
23:18:15.829 WebDriverAgentRunner-Runner[1362:140233] <XCTWaiter: 0x105dd3420> entering wait loop for 65.00s with expectations: `fetching attributes 'XC_kAXXCAttributeFocusedApplications' for AX element pid: 174, elementOrHash.elementID: 0.1`
23:18:15.833 WebDriverAgentRunner-Runner[1362:140250] Got attribute fetch response with values {
    "XC_kAXXCAttributeFocusedApplications" =     (
        "AX element pid: 303, elementOrHash.elementID: 0.1",
        "AX element pid: 174, elementOrHash.elementID: 0.1"
    );
}, error: (null)
23:18:15.834 WebDriverAgentRunner-Runner[1362:140233] Returning result XCTWaiterResultCompleted for synchronous waiter <XCTWaiter: 0x105dd3420>
23:18:15.835 WebDriverAgentRunner-Runner[1362:140233] Wait <XCTWaiterWait: 0x1027ee140> completed after 0.006s
23:18:15.835 WebDriverAgentRunner-Runner[1362:140233] cleaning up fetching attributes 'XC_kAXXCAttributeFocusedApplications' for AX element pid: 174, elementOrHash.elementID: 0.1
23:18:15.836 WebDriverAgentRunner-Runner[1362:140233] Active application elements: (
    "AX element pid: 303, elementOrHash.elementID: 0.1",
    "AX element pid: 174, elementOrHash.elementID: 0.1"
)
23:18:15.868 WebDriverAgentRunner-Runner[1362:140233] Creating future for 'looking up application specifier for pid 174' with timeout 30.00
23:18:15.868 WebDriverAgentRunner-Runner[1362:140233] Requesting application specifier for pid 174
23:18:15.869 WebDriverAgentRunner-Runner[1362:140233] <XCTWaiter: 0x105dd3a20> entering wait loop for 30.00s with expectations: `looking up application specifier for pid 174`
23:18:15.871 WebDriverAgentRunner-Runner[1362:140233] Returning result XCTWaiterResultCompleted for synchronous waiter <XCTWaiter: 0x105dd3a20>
23:18:15.871 WebDriverAgentRunner-Runner[1362:140233] Wait <XCTWaiterWait: 0x1027ee280> completed after 0.002s
23:18:15.872 WebDriverAgentRunner-Runner[1362:140233] cleaning up looking up application specifier for pid 174
23:18:15.873 WebDriverAgentRunner-Runner[1362:140233] App specifier for pid 174: <XCUIApplicationSpecifier: 0x10554d540> { com.apple.springboard }
23:18:15.873 WebDriverAgentRunner-Runner[1362:140233] Error (com.apple.dt.xctest.ui-testing.error) 10100, userInfo keys: (null): Unknown application: 'com.apple.springboard'
23:18:15.874 WebDriverAgentRunner-Runner[1362:140233] Error (com.apple.dt.xctest.ui-testing.error) 10100, userInfo keys: (null): Unknown application: 'com.apple.springboard'
23:18:15.875 WebDriverAgentRunner-Runner[1362:140233] XCUIApplicationImplDepot: Creating XCUIApplicationImpl for identifier: com.apple.springboard
23:18:15.878 WebDriverAgentRunner-Runner[1362:140233] updating com.apple.springboard crashBehavior to 1
23:18:15.879 WebDriverAgentRunner-Runner[1362:140233] KVO change: checked status of Expect value of 'isApplicationStateKnown' of Application 'com.apple.springboard' to be '1': fulfill=NO
23:18:15.883 WebDriverAgentRunner-Runner[1362:140233] KVO change: checked status of Expect value of 'isApplicationStateKnown' of Application 'com.apple.springboard' to be '1': fulfill=NO
23:18:15.884 WebDriverAgentRunner-Runner[1362:140233] <XCTWaiter: 0x105e7c060> entering wait loop for 60.00s with expectations: `Expect value of 'isApplicationStateKnown' of Application 'com.apple.springboard' to be '1'`
23:18:15.883 WebDriverAgentRunner-Runner[1362:140250] -[XCTRunnerDaemonSession(XCTMessagingRole_UIApplicationStateUpdating) _XCT_applicationDidUpdateState:] com.apple.springboard@/System/Library/CoreServices/SpringBoard.app processName: SpringBoard pid: 174 state: running foreground
23:18:15.885 WebDriverAgentRunner-Runner[1362:140233] [AM:0] Processing state snapshot com.apple.springboard@/System/Library/CoreServices/SpringBoard.app processName: SpringBoard pid: 174 state: running foreground
23:18:15.885 WebDriverAgentRunner-Runner[1362:140250] -[XCTRunnerDaemonSession(XCTMessagingRole_UIApplicationStateUpdating) _XCT_applicationDidUpdateState:] com.apple.springboard@/System/Library/CoreServices/SpringBoard.app processName: SpringBoard pid: 174 state: running foreground
23:18:15.886 WebDriverAgentRunner-Runner[1362:140233] <XCUIApplicationImpl: 0x1027ee600 com.apple.springboard> changing currentProcess from (null) to com.apple.springboard (pid:0)
23:18:15.887 WebDriverAgentRunner-Runner[1362:140233] KVO change: checked status of Expect value of 'isApplicationStateKnown' of Application 'com.apple.springboard' to be '1': fulfill=NO
23:18:15.887 WebDriverAgentRunner-Runner[1362:140233] Setting pid for 0x10542ec80 0 -> 174
23:18:15.887 WebDriverAgentRunner-Runner[1362:140233] Done setting pid for <XCUIApplicationImpl: 0x1027ee600 com.apple.springboard> to 174
23:18:15.887 WebDriverAgentRunner-Runner[1362:140250] com.apple.springboard (pid:0) pid 0 -> 174
23:18:15.888 WebDriverAgentRunner-Runner[1362:140612] -[XCTRunnerDaemonSession(XCTMessagingRole_UIApplicationStateUpdating) _XCT_applicationDidUpdateState:] com.apple.springboard@/System/Library/CoreServices/SpringBoard.app processName: SpringBoard pid: 174 state: running foreground
23:18:15.888 WebDriverAgentRunner-Runner[1362:140250] com.apple.springboard (pid:0) checking for cached AX loaded value using pid 174
23:18:15.888 WebDriverAgentRunner-Runner[1362:140254] Monitor: set com.apple.springboard (pid:174) for pid 174
23:18:15.888 WebDriverAgentRunner-Runner[1362:140250] com.apple.springboard (pid:174) application state Unknown (0) -> Running Foreground (4)
23:18:15.889 WebDriverAgentRunner-Runner[1362:140233] KVO change: checked status of Expect value of 'isApplicationStateKnown' of Application 'com.apple.springboard' to be '1': fulfill=YES
23:18:15.890 WebDriverAgentRunner-Runner[1362:140233] KVO change: checked status of Expect value of 'isApplicationStateKnown' of Application 'com.apple.springboard' to be '1': fulfill=YES
23:18:15.890 WebDriverAgentRunner-Runner[1362:140233] App state updated for <XCUIApplicationImpl: 0x1027ee600 com.apple.springboard>: Running Foreground (4)
23:18:15.890 WebDriverAgentRunner-Runner[1362:140233] KVO change: checked status of Expect value of 'isApplicationStateKnown' of Application 'com.apple.springboard' to be '1': fulfill=YES
23:18:15.891 WebDriverAgentRunner-Runner[1362:140233] Returning result XCTWaiterResultCompleted for synchronous waiter <XCTWaiter: 0x105e7c060>
23:18:15.891 WebDriverAgentRunner-Runner[1362:140233] Wait <XCTWaiterWait: 0x1027ee780> completed after 0.007s
23:18:15.891 WebDriverAgentRunner-Runner[1362:140233] cleaning up Expect value of 'isApplicationStateKnown' of Application 'com.apple.springboard' to be '1'
23:18:15.891 WebDriverAgentRunner-Runner[1362:140233] cleaning up Expect value of 'isApplicationStateKnown' of Application 'com.apple.springboard' to be '1'
23:18:15.892 WebDriverAgentRunner-Runner[1362:140233] Creating future for 'getting interface orientation' with timeout 65.00
23:18:15.892 WebDriverAgentRunner-Runner[1362:140233] <XCTWaiter: 0x105e7c390> entering wait loop for 65.00s with expectations: `getting interface orientation`
23:18:15.892 WebDriverAgentRunner-Runner[1362:140233] [AM:0] Processing state snapshot com.apple.springboard@/System/Library/CoreServices/SpringBoard.app processName: SpringBoard pid: 174 state: running foreground
23:18:15.893 WebDriverAgentRunner-Runner[1362:140233] Done setting pid for <XCUIApplicationImpl: 0x1027ee600 com.apple.springboard> to 174
23:18:15.893 WebDriverAgentRunner-Runner[1362:140233] App state updated for <XCUIApplicationImpl: 0x1027ee600 com.apple.springboard>: Running Foreground (4)
23:18:15.893 WebDriverAgentRunner-Runner[1362:140233] [AM:0] Processing state snapshot com.apple.springboard@/System/Library/CoreServices/SpringBoard.app processName: SpringBoard pid: 174 state: running foreground
23:18:15.894 WebDriverAgentRunner-Runner[1362:140233] Done setting pid for <XCUIApplicationImpl: 0x1027ee600 com.apple.springboard> to 174
23:18:15.894 WebDriverAgentRunner-Runner[1362:140233] App state updated for <XCUIApplicationImpl: 0x1027ee600 com.apple.springboard>: Running Foreground (4)
23:18:15.894 WebDriverAgentRunner-Runner[1362:140233] Returning result XCTWaiterResultCompleted for synchronous waiter <XCTWaiter: 0x105e7c390>
23:18:15.895 WebDriverAgentRunner-Runner[1362:140233] Wait <XCTWaiterWait: 0x1027ee880> completed after 0.003s
23:18:15.895 WebDriverAgentRunner-Runner[1362:140233] cleaning up getting interface orientation
23:18:15.897 WebDriverAgentRunner-Runner[1362:140233] Creating future for 'fetching attributes 'XC_kAXXCAttributeSystemAppApplication' for Device system-wide element' with timeout 65.00
23:18:15.898 WebDriverAgentRunner-Runner[1362:140233] <XCTWaiter: 0x105e7c240> entering wait loop for 65.00s with expectations: `fetching attributes 'XC_kAXXCAttributeSystemAppApplication' for Device system-wide element`
23:18:15.899 WebDriverAgentRunner-Runner[1362:140250] Got attribute fetch response with values {
    "XC_kAXXCAttributeSystemAppApplication" = "AX element pid: 174, elementOrHash.elementID: 0.1";
}, error: (null)
23:18:15.899 WebDriverAgentRunner-Runner[1362:140233] Returning result XCTWaiterResultCompleted for synchronous waiter <XCTWaiter: 0x105e7c240>
23:18:15.900 WebDriverAgentRunner-Runner[1362:140233] Wait <XCTWaiterWait: 0x1027ee040> completed after 0.002s
23:18:15.900 WebDriverAgentRunner-Runner[1362:140233] cleaning up fetching attributes 'XC_kAXXCAttributeSystemAppApplication' for Device system-wide element
23:18:15.903 WebDriverAgentRunner-Runner[1362:140233] <XCTContext: 0x1025ad6d0> started activity <XCActivityRecord: 0x105551a40> 2026-07-19 16:18:15 +0000: Get all elements bound by index for: Descendants matching type StatusBar
    t =    17.47s Get all elements bound by index for: Descendants matching type StatusBar
23:18:15.903 WebDriverAgentRunner-Runner[1362:140233] Creating future for 'getting screen identifiers' with timeout 30.00
23:18:15.904 WebDriverAgentRunner-Runner[1362:140233] <XCTWaiter: 0x105e7c8d0> entering wait loop for 30.00s with expectations: `getting screen identifiers`
23:18:15.904 WebDriverAgentRunner-Runner[1362:140233] Returning result XCTWaiterResultCompleted for synchronous waiter <XCTWaiter: 0x105e7c8d0>
23:18:15.904 WebDriverAgentRunner-Runner[1362:140233] Wait <XCTWaiterWait: 0x1027ee180> completed after 0.000s
23:18:15.904 WebDriverAgentRunner-Runner[1362:140233] cleaning up getting screen identifiers
23:18:15.904 WebDriverAgentRunner-Runner[1362:140233] Executing query:
↪︎ Descendants matching type StatusBar
23:18:15.904 WebDriverAgentRunner-Runner[1362:140233] Creating future for 'getting unsupported bundle IDs for automation sessions' with timeout 30.00
23:18:15.905 WebDriverAgentRunner-Runner[1362:140233] Requesting unsupported bundle IDs for automation sessions
23:18:15.905 WebDriverAgentRunner-Runner[1362:140233] <XCTWaiter: 0x105e7cc90> entering wait loop for 30.00s with expectations: `getting unsupported bundle IDs for automation sessions`
23:18:15.905 WebDriverAgentRunner-Runner[1362:140233] Returning result XCTWaiterResultCompleted for synchronous waiter <XCTWaiter: 0x105e7cc90>
23:18:15.905 WebDriverAgentRunner-Runner[1362:140233] Wait <XCTWaiterWait: 0x1027ee440> completed after 0.000s
23:18:15.906 WebDriverAgentRunner-Runner[1362:140233] cleaning up getting unsupported bundle IDs for automation sessions
23:18:15.906 WebDriverAgentRunner-Runner[1362:140233] Creating future for 'requesting automation session for com.apple.springboard (pid:174)' with timeout 60.00
23:18:15.906 WebDriverAgentRunner-Runner[1362:140233] Requesting automation session for pid 174, automation framework path: /System/Developer/Library/PrivateFrameworks/XCTAutomationSupport.framework
23:18:15.906 WebDriverAgentRunner-Runner[1362:140233] <XCTWaiter: 0x105e7ced0> entering wait loop for 60.00s with expectations: `requesting automation session for com.apple.springboard (pid:174)`
23:18:15.907 WebDriverAgentRunner-Runner[1362:140250] Got endpoint for automation session with pid 174
23:18:15.908 WebDriverAgentRunner-Runner[1362:140250] Exchanging capabilities for automation session connection to pid 174
23:18:15.910 WebDriverAgentRunner-Runner[1362:140250] Got remote interface capabilities for automation session connection to pid 174: <XCTCapabilities: 0x102620f70>: {
    "accept remote connection capability" = 1;
    "containing transformer capability" = 1;
    "disclosed child rows transformer capability" = 2;
    "element sorting transformer capability" = 1;
    "evaluate query capability" = 1;
    "fetch element attributes capability" = 2;
    "indexing transformer capability" = 4;
    "main thread checker runtime issues" = 1;
    "malloc stack logging" = 1;
    "notify animations idle capability" = 1;
    "notify main run loop idle capability" = 1;
    "query runtime issue reporting" = 1;
    "query runtime issue reporting/automation type mismatch" = 1;
    "system provides kAXXCAttributeBannerIsStickyAttribute" = 1;
}
23:18:15.910 WebDriverAgentRunner-Runner[1362:140233] Returning result XCTWaiterResultCompleted for synchronous waiter <XCTWaiter: 0x105e7ced0>
23:18:15.910 WebDriverAgentRunner-Runner[1362:140233] Wait <XCTWaiterWait: 0x1027ee580> completed after 0.004s
23:18:15.911 WebDriverAgentRunner-Runner[1362:140233] cleaning up requesting automation session for com.apple.springboard (pid:174)
23:18:15.911 WebDriverAgentRunner-Runner[1362:140233] Creating future for 'checking for continuity enablement' with timeout 30.00
23:18:15.911 WebDriverAgentRunner-Runner[1362:140233] <XCTWaiter: 0x105e7d3b0> entering wait loop for 30.00s with expectations: `checking for continuity enablement`
23:18:15.912 WebDriverAgentRunner-Runner[1362:140233] Returning result XCTWaiterResultCompleted for synchronous waiter <XCTWaiter: 0x105e7d3b0>
23:18:15.912 WebDriverAgentRunner-Runner[1362:140233] Wait <XCTWaiterWait: 0x1027ee680> completed after 0.001s
23:18:15.913 WebDriverAgentRunner-Runner[1362:140233] cleaning up checking for continuity enablement
23:18:15.913 WebDriverAgentRunner-Runner[1362:140233] Should evaluate query remotely? XCTDisableRemoteQueryEvaluation(d-write): YES, hasAutomationSession: YES, supportsRemoteEvaluation: YES
23:18:15.913 WebDriverAgentRunner-Runner[1362:140233] Getting matching snapshots for locally evaluated query
23:18:15.914 WebDriverAgentRunner-Runner[1362:140233] Evaluating query:
 ↪︎ Descendants matching type StatusBar
23:18:15.914 WebDriverAgentRunner-Runner[1362:140233] Getting root element snapshot
23:18:15.914 WebDriverAgentRunner-Runner[1362:140233] Getting snapshot for App element pid: 174 for query ↪︎ Descendants matching type StatusBar
23:18:15.914 WebDriverAgentRunner-Runner[1362:140233] <XCTContext: 0x1025ad6d0> started activity <XCActivityRecord: 0x105550e00> 2026-07-19 16:18:15 +0000: Requesting snapshot of accessibility hierarchy for app with pid 174
    t =    17.48s     Requesting snapshot of accessibility hierarchy for app with pid 174
23:18:15.915 WebDriverAgentRunner-Runner[1362:140233] Query requires iOS snapshot attributes XC_kAXXCAttributeElementType, XC_kAXXCAttributeElementBaseType, XC_kAXXCAttributeAutomationType, XC_kAXXCAttributeTraits.
23:18:15.915 WebDriverAgentRunner-Runner[1362:140233] XCUIElementQuery <XCTElementSnapshotProvider> getting snapshot
23:18:15.915 WebDriverAgentRunner-Runner[1362:140233] Snapshot request has custom attributes XC_kAXXCAttributeElementType, XC_kAXXCAttributeElementBaseType, XC_kAXXCAttributeAutomationType, XC_kAXXCAttributeTraits
23:18:15.915 WebDriverAgentRunner-Runner[1362:140233] Snapshot request has custom parameters {
    snapshotKeyHonorModalViews = 0;
}
23:18:15.916 WebDriverAgentRunner-Runner[1362:140233] Current snapshot generation is 0
23:18:15.916 WebDriverAgentRunner-Runner[1362:140233] Capturing a new snapshot
23:18:15.917 WebDriverAgentRunner-Runner[1362:140233] Fetching snapshot for App element pid: 174 from testmanagerd with attributes XC_kAXXCAttributeElementType, XC_kAXXCAttributeElementBaseType, XC_kAXXCAttributeParent, XC_kAXXCAttributeIdentifier, XC_kAXXCAttributeAutomationType, XC_kAXXCAttributeTraits and parameters {
    maxArrayCount = 2147483647;
    maxChildren = 2147483647;
    maxDepth = 50;
    snapshotKeyHonorModalViews = 0;
    traverseFromParentsToChildren = 1;
}.
23:18:15.917 WebDriverAgentRunner-Runner[1362:140233] Creating future for 'fetching snapshot from testmanagerd.' with timeout 65.00
23:18:15.917 WebDriverAgentRunner-Runner[1362:140233] <XCTWaiter: 0x105e7dcb0> entering wait loop for 65.00s with expectations: `fetching snapshot from testmanagerd.`
23:18:16.197 WebDriverAgentRunner-Runner[1362:140252] Got snapshot response with runtime issue support from testmanagerd.
23:18:16.197 WebDriverAgentRunner-Runner[1362:140233] Returning result XCTWaiterResultCompleted for synchronous waiter <XCTWaiter: 0x105e7dcb0>
23:18:16.197 WebDriverAgentRunner-Runner[1362:140233] Wait <XCTWaiterWait: 0x1027eebc0> completed after 0.280s
23:18:16.197 WebDriverAgentRunner-Runner[1362:140233] cleaning up fetching snapshot from testmanagerd.
23:18:16.198 WebDriverAgentRunner-Runner[1362:140233] <XCTContext: 0x1025ad6d0> finished activity <XCActivityRecord: 0x105550e00> 2026-07-19 16:18:15 +0000: Requesting snapshot of accessibility hierarchy for app with pid 174 (0.283353s)
23:18:16.198 WebDriverAgentRunner-Runner[1362:140233] XCTPerformOnMainRunLoop[MT]: already on MT; performing block without run loop dispatch - timeouts will not be enforced.
23:18:16.198 WebDriverAgentRunner-Runner[1362:140233] XCTElementQuery: set data source for rootElementSnapshot to (null)
23:18:16.198 WebDriverAgentRunner-Runner[1362:140233] Finding all matches with input Application, pid: 174 using transformers 
↪︎ Descendants matching type StatusBar
23:18:16.198 WebDriverAgentRunner-Runner[1362:140233] <XCTContext: 0x1025ad6d0> started activity <XCActivityRecord: 0x105550e00> 2026-07-19 16:18:16 +0000: Find: Descendants matching type StatusBar
    t =    17.77s     Find: Descendants matching type StatusBar
23:18:16.202 WebDriverAgentRunner-Runner[1362:140233] <XCTContext: 0x1025ad6d0> finished activity <XCActivityRecord: 0x105550e00> 2026-07-19 16:18:16 +0000: Find: Descendants matching type StatusBar (0.00343001s)
23:18:16.202 WebDriverAgentRunner-Runner[1362:140233] [Match All] applied transformer `Descendants matching type StatusBar` to input {(
    Application, pid: 174
)}, found {(
    StatusBar
)}
23:18:16.202 WebDriverAgentRunner-Runner[1362:140233] [Match All] setting out related elements {(
)}
23:18:16.208 WebDriverAgentRunner-Runner[1362:140233] Current tree:
Application, 0x1024dfd40, pid: 174 <App element pid: 174>
  Window, 0x1024dfe80 <AX element pid: 174, elementOrHash.elementID: 36032084992.10>
    Other, 0x105ea0000 <AX element pid: 174, elementOrHash.elementID: 35948119808.19>
      Other, 0x105ea0140 <AX element pid: 174, elementOrHash.elementID: 35948120256.30>
        Image, 0x105ea0280 <AX element pid: 174, elementOrHash.elementID: 36036531200.42>
        Image, 0x105ea03c0 <AX element pid: 174, elementOrHash.elementID: 36036531712.43>
      Other, 0x105ea0500 <AX element pid: 174, elementOrHash.elementID: 35948119360.31>
        Other, 0x105ea0640 <AX element pid: 174, elementOrHash.elementID: 35948131904.44>
          Other, 0x105ea0780 <AX element pid: 174, elementOrHash.elementID: 35941697024.53>
            Other, 0x105ea08c0 <AX element pid: 174, elementOrHash.elementID: 35948131456.62>
              Other, 0x105ea0a00 <AX element pid: 174, elementOrHash.elementID: 35948131008.97>
            Icon, 0x105ea0b40 <AX element pid: 174, elementOrHash.elementID: 36035587328.63>
              Icon, 0x105ea0c80 <AX element pid: 174, elementOrHash.elementID: 36035839104.98>
              Icon, 0x105ea0dc0 <AX element pid: 174, elementOrHash.elementID: 36035839296.99>
              Icon, 0x105ea0f00 <AX element pid: 174, elementOrHash.elementID: 36035839488.100>
              Icon, 0x105ea1040 <AX element pid: 174, elementOrHash.elementID: 36035839872.101>
              Icon, 0x105ea1180 <AX element pid: 174, elementOrHash.elementID: 36035840064.102>
              Icon, 0x105ea12c0 <AX element pid: 174, elementOrHash.elementID: 36024175808.103>
              Icon, 0x105ea1400 <AX element pid: 174, elementOrHash.elementID: 36023792960.104>
              Icon, 0x105ea1540 <AX element pid: 174, elementOrHash.elementID: 36024840576.105>
              Icon, 0x105ea1680 <AX element pid: 174, elementOrHash.elementID: 36024206656.106>
              Icon, 0x105ea17c0 <AX element pid: 174, elementOrHash.elementID: 36023793344.107>
              Icon, 0x105ea1900 <AX element pid: 174, elementOrHash.elementID: 36024183296.108>
              Icon, 0x105ea1a40 <AX element pid: 174, elementOrHash.elementID: 36024259456.109>
              Icon, 0x105ea1b80 <AX element pid: 174, elementOrHash.elementID: 36024838464.110>
              Icon, 0x105ea1cc0 <AX element pid: 174, elementOrHash.elementID: 36024596928.111>
              Icon, 0x105ea1e00 <AX element pid: 174, elementOrHash.elementID: 36024207040.112>
              Icon, 0x105ea1f40 <AX element pid: 174, elementOrHash.elementID: 36024209536.113>
              Icon, 0x105ea2080 <AX element pid: 174, elementOrHash.elementID: 36024186176.114>
            Icon, 0x105ea21c0 <AX element pid: 174, elementOrHash.elementID: 36035588864.64>
              Icon, 0x105ea2300 <AX element pid: 174, elementOrHash.elementID: 35904843776.1376>
                Other, 0x105ea2440 <AX element pid: 174, elementOrHash.elementID: 35889589184.1392>
                  Other, 0x105ea2580 <AX element pid: 174, elementOrHash.elementID: 35889590080.1413>
                    Other, 0x105ea26c0 <AX element pid: 174, elementOrHash.elementID: 36042307072.1621>
                      Other, 0x105ea2800 <AX element pid: 174, elementOrHash.elementID: 35876099712.2212>
                  Other, 0x105ea2940 <AX element pid: 174, elementOrHash.elementID: 35888248576.1414>
                    Other, 0x105ea2a80 <AX element pid: 174, elementOrHash.elementID: 35889591872.1439>
                      Image, 0x105ea2bc0 <AX element pid: 174, elementOrHash.elementID: 36055018496.1472>
                      Image, 0x105ea2d00 <AX element pid: 174, elementOrHash.elementID: 36055013376.1473>
              Icon, 0x105ea2e40 <AX element pid: 174, elementOrHash.elementID: 35904517632.1550>
                Other, 0x105ea2f80 <AX element pid: 174, elementOrHash.elementID: 35892693632.1569>
                  Other, 0x105ea30c0 <AX element pid: 174, elementOrHash.elementID: 35892704384.1593>
                    Other, 0x105ea3200 <AX element pid: 174, elementOrHash.elementID: 35887504896.1631>
                      Other, 0x105ea3340 <AX element pid: 174, elementOrHash.elementID: 35887472768.2213>
                  Other, 0x105ea3480 <AX element pid: 174, elementOrHash.elementID: 35888235136.1594>
                    Other, 0x105ea35c0 <AX element pid: 174, elementOrHash.elementID: 35892692288.1632>
                      Image, 0x105ea3700 <AX element pid: 174, elementOrHash.elementID: 36053856256.1679>
                      Image, 0x105ea3840 <AX element pid: 174, elementOrHash.elementID: 36053851136.1680>
              Icon, 0x105ea3980 <AX element pid: 174, elementOrHash.elementID: 35943579648.129>
                Other, 0x105ea3ac0 <AX element pid: 174, elementOrHash.elementID: 35943596032.171>
                  Other, 0x105ea3c00 <AX element pid: 174, elementOrHash.elementID: 35909462080.223>
                    Other, 0x105ea3d40 <AX element pid: 174, elementOrHash.elementID: 35904822144.264>
                      Other, 0x105ea3e80 <AX element pid: 174, elementOrHash.elementID: 35905292800.2214>
                  Other, 0x105eac000 <AX element pid: 174, elementOrHash.elementID: 35903662080.224>
                    Other, 0x105eac140 <AX element pid: 174, elementOrHash.elementID: 35909456704.291>
                      Image, 0x105eac280 <AX element pid: 174, elementOrHash.elementID: 36045230080.373>
                      Image, 0x105eac3c0 <AX element pid: 174, elementOrHash.elementID: 36045229568.374>
              Icon, 0x105eac500 <AX element pid: 174, elementOrHash.elementID: 35905393152.1552>
                Other, 0x105eac640 <AX element pid: 174, elementOrHash.elementID: 35889623744.1571>
                  Other, 0x105eac780 <AX element pid: 174, elementOrHash.elementID: 35889624192.1597>
                    Other, 0x105eac8c0 <AX element pid: 174, elementOrHash.elementID: 35943798400.306>
                      Other, 0x105eaca00 <AX element pid: 174, elementOrHash.elementID: 35875789056.2215>
                  Other, 0x105eacb40 <AX element pid: 174, elementOrHash.elementID: 35889769088.1598>
                    Other, 0x105eacc80 <AX element pid: 174, elementOrHash.elementID: 35889624640.1636>
                      Image, 0x105eacdc0 <AX element pid: 174, elementOrHash.elementID: 36055533056.1687>
                      Image, 0x105eacf00 <AX element pid: 174, elementOrHash.elementID: 36055532544.1688>
              Icon, 0x105ead040 <AX element pid: 174, elementOrHash.elementID: 35943593472.1554>
                Other, 0x105ead180 <AX element pid: 174, elementOrHash.elementID: 35943600064.1573>
                  Other, 0x105ead2c0 <AX element pid: 174, elementOrHash.elementID: 35922183040.1601>
                    Other, 0x105ead400 <AX element pid: 174, elementOrHash.elementID: 35888238976.1438>
                      Other, 0x105ead540 <AX element pid: 174, elementOrHash.elementID: 35887487872.2216>
                  Other, 0x105ead680 <AX element pid: 174, elementOrHash.elementID: 35922157056.1602>
                    Other, 0x105ead7c0 <AX element pid: 174, elementOrHash.elementID: 35922183488.1641>
                      Image, 0x105ead900 <AX element pid: 174, elementOrHash.elementID: 36039390720.1696>
                      Image, 0x105eada40 <AX element pid: 174, elementOrHash.elementID: 36039390208.1697>
              Icon, 0x105eadb80 <AX element pid: 174, elementOrHash.elementID: 35943706624.1143>
                Other, 0x105eadcc0 <AX element pid: 174, elementOrHash.elementID: 35943608576.1567>
                  Other, 0x105eade00 <AX element pid: 174, elementOrHash.elementID: 35921976768.1589>
                    Other, 0x105eadf40 <AX element pid: 174, elementOrHash.elementID: 35887330432.2047>
                      Other, 0x105eae080 <AX element pid: 174, elementOrHash.elementID: 35887491712.2217>
                  Other, 0x105eae1c0 <AX element pid: 174, elementOrHash.elementID: 35903654400.1590>
                    Other, 0x105eae300 <AX element pid: 174, elementOrHash.elementID: 35887731968.1628>
                      Image, 0x105eae440 <AX element pid: 174, elementOrHash.elementID: 36053854208.1672>
                      Image, 0x105eae580 <AX element pid: 174, elementOrHash.elementID: 36053856768.1673>
              Icon, 0x105eae6c0 <AX element pid: 174, elementOrHash.elementID: 35943679488.1563>
                Other, 0x105eae800 <AX element pid: 174, elementOrHash.elementID: 35943600960.1582>
                  Other, 0x105eae940 <AX element pid: 174, elementOrHash.elementID: 35887739584.1619>
                    Other, 0x105eaea80 <AX element pid: 174, elementOrHash.elementID: 36017871744.288>
                      Other, 0x105eaebc0 <AX element pid: 174, elementOrHash.elementID: 35876097792.2218>
                  Other, 0x105eaed00 <AX element pid: 174, elementOrHash.elementID: 35888281984.1620>
                    Other, 0x105eaee40 <AX element pid: 174, elementOrHash.elementID: 35887734208.1658>
                      Image, 0x105eaef80 <AX element pid: 174, elementOrHash.elementID: 36053844480.1724>
                      Image, 0x105eaf0c0 <AX element pid: 174, elementOrHash.elementID: 36053843968.1725>
              Icon, 0x105eaf200 <AX element pid: 174, elementOrHash.elementID: 35905492992.1548>
                Other, 0x105eaf340 <AX element pid: 174, elementOrHash.elementID: 35889611648.1566>
                  Other, 0x105eaf480 <AX element pid: 174, elementOrHash.elementID: 35889612096.1587>
                    Other, 0x105eaf5c0 <AX element pid: 174, elementOrHash.elementID: 35888216448.1626>
                      Other, 0x105eaf700 <AX element pid: 174, elementOrHash.elementID: 35887473408.2219>
                  Other, 0x105eaf840 <AX element pid: 174, elementOrHash.elementID: 35889718656.1588>
                    Other, 0x105eaf980 <AX element pid: 174, elementOrHash.elementID: 35889612544.1627>
                      Image, 0x105eafac0 <AX element pid: 174, elementOrHash.elementID: 36055472128.1667>
                      Image, 0x105eafc00 <AX element pid: 174, elementOrHash.elementID: 36055471616.1668>
              Icon, 0x105eafd40 <AX element pid: 174, elementOrHash.elementID: 35905394688.1556>
                Other, 0x105eafe80 <AX element pid: 174, elementOrHash.elementID: 35889625088.1575>
                  Other, 0x105eb4000 <AX element pid: 174, elementOrHash.elementID: 35889625536.1605>
                    Other, 0x105eb4140 <AX element pid: 174, elementOrHash.elementID: 35889827584.1643>
                      Other, 0x105eb4280 <AX element pid: 174, elementOrHash.elementID: 35957085184.2220>
                  Other, 0x105eb43c0 <AX element pid: 174, elementOrHash.elementID: 35889771008.1606>
                    Other, 0x105eb4500 <AX element pid: 174, elementOrHash.elementID: 35889625984.1644>
                      Image, 0x105eb4640 <AX element pid: 174, elementOrHash.elementID: 36055534080.1702>
                      Image, 0x105eb4780 <AX element pid: 174, elementOrHash.elementID: 36055533568.1703>
              Icon, 0x105eb48c0 <AX element pid: 174, elementOrHash.elementID: 35904840704.1561>
                Other, 0x105eb4a00 <AX element pid: 174, elementOrHash.elementID: 35889589632.1580>
                  Other, 0x105eb4b40 <AX element pid: 174, elementOrHash.elementID: 35889588288.1615>
                    Other, 0x105eb4c80 <AX element pid: 174, elementOrHash.elementID: 35888230272.1654>
                      Other, 0x105eb4dc0 <AX element pid: 174, elementOrHash.elementID: 35875792256.2221>
                  Other, 0x105eb4f00 <AX element pid: 174, elementOrHash.elementID: 35888242816.1616>
                    Other, 0x105eb5040 <AX element pid: 174, elementOrHash.elementID: 35889588736.1655>
                      Image, 0x105eb5180 <AX element pid: 174, elementOrHash.elementID: 36055023104.1718>
                      Image, 0x105eb52c0 <AX element pid: 174, elementOrHash.elementID: 36055020544.1719>
              Icon, 0x105eb5400 <AX element pid: 174, elementOrHash.elementID: 35905489920.1560>
                Other, 0x105eb5540 <AX element pid: 174, elementOrHash.elementID: 35887708160.1579>
                  Other, 0x105eb5680 <AX element pid: 174, elementOrHash.elementID: 35887694272.1613>
                    Other, 0x105eb57c0 <AX element pid: 174, elementOrHash.elementID: 35893129728.1640>
                      Other, 0x105eb5900 <AX element pid: 174, elementOrHash.elementID: 35887482112.2222>
                  Other, 0x105eb5a40 <AX element pid: 174, elementOrHash.elementID: 35889714816.1614>
                    Other, 0x105eb5b80 <AX element pid: 174, elementOrHash.elementID: 35887695168.1653>
                      Image, 0x105eb5cc0 <AX element pid: 174, elementOrHash.elementID: 36055469568.1715>
                      Image, 0x105eb5e00 <AX element pid: 174, elementOrHash.elementID: 36055469056.1716>
              Icon, 0x105eb5f40 <AX element pid: 174, elementOrHash.elementID: 35905391616.1372>
                Other, 0x105eb6080 <AX element pid: 174, elementOrHash.elementID: 35889622400.1388>
                  Other, 0x105eb61c0 <AX element pid: 174, elementOrHash.elementID: 35889622848.1405>
                    Other, 0x105eb6300 <AX element pid: 174, elementOrHash.elementID: 35921991936.1638>
                      Other, 0x105eb6440 <AX element pid: 174, elementOrHash.elementID: 35887484672.2223>
                  Other, 0x105eb6580 <AX element pid: 174, elementOrHash.elementID: 35889767168.1406>
                    Other, 0x105eb66c0 <AX element pid: 174, elementOrHash.elementID: 35889623296.1432>
                      Image, 0x105eb6800 <AX element pid: 174, elementOrHash.elementID: 36055531520.1459>
                      Image, 0x105eb6940 <AX element pid: 174, elementOrHash.elementID: 36055481856.1460>
              Icon, 0x105eb6a80 <AX element pid: 174, elementOrHash.elementID: 35943695872.140>
                Other, 0x105eb6bc0 <AX element pid: 174, elementOrHash.elementID: 35943605440.182>
                  Other, 0x105eb6d00 <AX element pid: 174, elementOrHash.elementID: 35909463872.245>
                    Other, 0x105eb6e40 <AX element pid: 174, elementOrHash.elementID: 35976178304.313>
                      Other, 0x105eb6f80 <AX element pid: 174, elementOrHash.elementID: 35876098432.2224>
                  Other, 0x105eb70c0 <AX element pid: 174, elementOrHash.elementID: 35908194688.246>
                    Other, 0x105eb7200 <AX element pid: 174, elementOrHash.elementID: 35909454912.314>
                      Image, 0x105eb7340 <AX element pid: 174, elementOrHash.elementID: 36039489024.407>
                      Image, 0x105eb7480 <AX element pid: 174, elementOrHash.elementID: 36039489536.408>
              Icon, 0x105eb75c0 <AX element pid: 174, elementOrHash.elementID: 35943727104.116>
                Other, 0x105eb7700 <AX element pid: 174, elementOrHash.elementID: 35943609472.158>
                  Other, 0x105eb7840 <AX element pid: 174, elementOrHash.elementID: 35923107712.197>
                    Other, 0x105eb7980 <AX element pid: 174, elementOrHash.elementID: 35889717376.1637>
                      Other, 0x105eb7ac0 <AX element pid: 174, elementOrHash.elementID: 35876106752.2225>
                  Other, 0x105eb7c00 <AX element pid: 174, elementOrHash.elementID: 35904820864.198>
                    Other, 0x105eb7d40 <AX element pid: 174, elementOrHash.elementID: 35923099648.265>
                      Image, 0x105eb7e80 <AX element pid: 174, elementOrHash.elementID: 36044152320.334>
                      Image, 0x105eb8000 <AX element pid: 174, elementOrHash.elementID: 36044151808.335>
              Icon, 0x105eb8140 <AX element pid: 174, elementOrHash.elementID: 35904842240.1562>
                Other, 0x105eb8280 <AX element pid: 174, elementOrHash.elementID: 35889590528.1581>
                  Other, 0x105eb83c0 <AX element pid: 174, elementOrHash.elementID: 35889590976.1617>
                    Other, 0x105eb8500 <AX element pid: 174, elementOrHash.elementID: 35888220672.1656>
                      Other, 0x105eb8640 <AX element pid: 174, elementOrHash.elementID: 36005864832.2226>
                  Other, 0x105eb8780 <AX element pid: 174, elementOrHash.elementID: 35888227712.1618>
                    Other, 0x105eb88c0 <AX element pid: 174, elementOrHash.elementID: 35889593664.1657>
                      Image, 0x105eb8a00 <AX element pid: 174, elementOrHash.elementID: 36055022592.1721>
                      Image, 0x105eb8b40 <AX element pid: 174, elementOrHash.elementID: 36055012864.1722>
              Icon, 0x105eb8c80 <AX element pid: 174, elementOrHash.elementID: 35941709312.1555>
                Other, 0x105eb8dc0 <AX element pid: 174, elementOrHash.elementID: 35942350144.1574>
                  Other, 0x105eb8f00 <AX element pid: 174, elementOrHash.elementID: 35887740480.1603>
                    Other, 0x105eb9040 <AX element pid: 174, elementOrHash.elementID: 35903660800.290>
                      Other, 0x105eb9180 <AX element pid: 174, elementOrHash.elementID: 35875791616.2227>
                  Other, 0x105eb92c0 <AX element pid: 174, elementOrHash.elementID: 35888278784.1604>
                    Other, 0x105eb9400 <AX element pid: 174, elementOrHash.elementID: 35887736896.1642>
                      Image, 0x105eb9540 <AX element pid: 174, elementOrHash.elementID: 36052131328.1699>
                      Image, 0x105eb9680 <AX element pid: 174, elementOrHash.elementID: 36052126720.1700>
              Icon, 0x105eb97c0 <AX element pid: 174, elementOrHash.elementID: 35943691776.1546>
                Other, 0x105eb9900 <AX element pid: 174, elementOrHash.elementID: 35943604544.1564>
                  Other, 0x105eb9a40 <AX element pid: 174, elementOrHash.elementID: 35957582336.1583>
                    Other, 0x105eb9b80 <AX element pid: 174, elementOrHash.elementID: 35888280704.1622>
                      Other, 0x105eb9cc0 <AX element pid: 174, elementOrHash.elementID: 35887483392.2228>
                  Other, 0x105eb9e00 <AX element pid: 174, elementOrHash.elementID: 35888275584.1584>
                    Other, 0x105eb9f40 <AX element pid: 174, elementOrHash.elementID: 36004838272.1623>
                      Image, 0x105eba080 <AX element pid: 174, elementOrHash.elementID: 36052134400.1661>
                      Image, 0x105eba1c0 <AX element pid: 174, elementOrHash.elementID: 36052130304.1662>
              Icon, 0x105eba300 <AX element pid: 174, elementOrHash.elementID: 35941707776.137>
                Other, 0x105eba440 <AX element pid: 174, elementOrHash.elementID: 35942349696.179>
                  Other, 0x105eba580 <AX element pid: 174, elementOrHash.elementID: 35921984384.239>
                    Other, 0x105eba6c0 <AX element pid: 174, elementOrHash.elementID: 35903663360.302>
                      Other, 0x105eba800 <AX element pid: 174, elementOrHash.elementID: 35887486592.2229>
                  Other, 0x105eba940 <AX element pid: 174, elementOrHash.elementID: 35922153216.240>
                    Other, 0x105ebaa80 <AX element pid: 174, elementOrHash.elementID: 35921984832.307>
                      Image, 0x105ebabc0 <AX element pid: 174, elementOrHash.elementID: 36039383040.397>
                      Image, 0x105ebad00 <AX element pid: 174, elementOrHash.elementID: 36039382528.398>
              Icon, 0x105ebae40 <AX element pid: 174, elementOrHash.elementID: 35943728640.126>
                Other, 0x105ebaf80 <AX element pid: 174, elementOrHash.elementID: 35943609920.168>
                  Other, 0x105ebb0c0 <AX element pid: 174, elementOrHash.elementID: 35921979456.217>
                    Other, 0x105ebb200 <AX element pid: 174, elementOrHash.elementID: 35943797120.284>
                      Other, 0x105ebb340 <AX element pid: 174, elementOrHash.elementID: 35876107392.2230>
                  Other, 0x105ebb480 <AX element pid: 174, elementOrHash.elementID: 35921998976.218>
                    Other, 0x105ebb5c0 <AX element pid: 174, elementOrHash.elementID: 35921979904.285>
                      Image, 0x105ebb700 <AX element pid: 174, elementOrHash.elementID: 36039288320.364>
                      Image, 0x105ebb840 <AX element pid: 174, elementOrHash.elementID: 36039287808.365>
              Icon, 0x105ebb980 <AX element pid: 174, elementOrHash.elementID: 35943581184.1557>
                Other, 0x105ebbac0 <AX element pid: 174, elementOrHash.elementID: 35943596480.1576>
                  Other, 0x105ebbc00 <AX element pid: 174, elementOrHash.elementID: 35922182144.1607>
                    Other, 0x105ebbd40 <AX element pid: 174, elementOrHash.elementID: 35943793280.1645>
                      Other, 0x105ebbe80 <AX element pid: 174, elementOrHash.elementID: 35876103552.2231>
                  Other, 0x105ed0000 <AX element pid: 174, elementOrHash.elementID: 35922155776.1608>
                    Other, 0x105ed0140 <AX element pid: 174, elementOrHash.elementID: 35922182592.1646>
                      Image, 0x105ed0280 <AX element pid: 174, elementOrHash.elementID: 36039388160.1705>
                      Image, 0x105ed03c0 <AX element pid: 174, elementOrHash.elementID: 36039387648.1706>
              Icon, 0x105ed0500 <AX element pid: 174, elementOrHash.elementID: 35943677952.1368>
                Other, 0x105ed0640 <AX element pid: 174, elementOrHash.elementID: 35943600512.1383>
                  Other, 0x105ed0780 <AX element pid: 174, elementOrHash.elementID: 35921982592.1398>
                    Other, 0x105ed08c0 <AX element pid: 174, elementOrHash.elementID: 35887301888.1431>
                      Other, 0x105ed0a00 <AX element pid: 174, elementOrHash.elementID: 36005870592.2232>
                  Other, 0x105ed0b40 <AX element pid: 174, elementOrHash.elementID: 35922150656.1740>
                    Other, 0x105ed0c80 <AX element pid: 174, elementOrHash.elementID: 35921983040.1751>
                      Image, 0x105ed0dc0 <AX element pid: 174, elementOrHash.elementID: 36039377920.1773>
                      Image, 0x105ed0f00 <AX element pid: 174, elementOrHash.elementID: 36039377408.1774>
              Icon, 0x105ed1040 <AX element pid: 174, elementOrHash.elementID: 35905491456.1547>
                Other, 0x105ed1180 <AX element pid: 174, elementOrHash.elementID: 35887693824.1565>
                  Other, 0x105ed12c0 <AX element pid: 174, elementOrHash.elementID: 35889610752.1585>
                    Other, 0x105ed1400 <AX element pid: 174, elementOrHash.elementID: 35889715456.1624>
                      Other, 0x105ed1540 <AX element pid: 174, elementOrHash.elementID: 35910480384.2233>
                  Other, 0x105ed1680 <AX element pid: 174, elementOrHash.elementID: 35889716736.1586>
                    Other, 0x105ed17c0 <AX element pid: 174, elementOrHash.elementID: 35889611200.1625>
                      Image, 0x105ed1900 <AX element pid: 174, elementOrHash.elementID: 36055470592.1664>
                      Image, 0x105ed1a40 <AX element pid: 174, elementOrHash.elementID: 36055470080.1665>
              Icon, 0x105ed1b80 <AX element pid: 174, elementOrHash.elementID: 35943708160.135>
                Other, 0x105ed1cc0 <AX element pid: 174, elementOrHash.elementID: 35943609024.177>
                  Other, 0x105ed1e00 <AX element pid: 174, elementOrHash.elementID: 35909462528.235>
                    Other, 0x105ed1f40 <AX element pid: 174, elementOrHash.elementID: 35889713536.1652>
                      Other, 0x105ed2080 <AX element pid: 174, elementOrHash.elementID: 35887492352.2234>
                  Other, 0x105ed21c0 <AX element pid: 174, elementOrHash.elementID: 35903660160.236>
                    Other, 0x105ed2300 <AX element pid: 174, elementOrHash.elementID: 35909461632.303>
                      Image, 0x105ed2440 <AX element pid: 174, elementOrHash.elementID: 36021239808.391>
                      Image, 0x105ed2580 <AX element pid: 174, elementOrHash.elementID: 36045234176.392>
              Icon, 0x105ed26c0 <AX element pid: 174, elementOrHash.elementID: 35904839168.1377>
                Other, 0x105ed2800 <AX element pid: 174, elementOrHash.elementID: 35887797504.1393>
                  Other, 0x105ed2940 <AX element pid: 174, elementOrHash.elementID: 35887807808.1415>
                    Other, 0x105ed2a80 <AX element pid: 174, elementOrHash.elementID: 35889721216.1440>
                      Other, 0x105ed2bc0 <AX element pid: 174, elementOrHash.elementID: 35887489152.2235>
                    Other, 0x105ed2d00 <AX element pid: 174, elementOrHash.elementID: 35889825024.1441>
                      Other, 0x105ed2e40 <AX element pid: 174, elementOrHash.elementID: 35889810048.1475>
                        Image, 0x105ed2f80 <AX element pid: 174, elementOrHash.elementID: 36055537152.1486>
                  Other, 0x105ed30c0 <AX element pid: 174, elementOrHash.elementID: 35888221952.1416>
                    Other, 0x105ed3200 <AX element pid: 174, elementOrHash.elementID: 35887797952.1442>
                      Image, 0x105ed3340 <AX element pid: 174, elementOrHash.elementID: 36055015424.1476>
                      Image, 0x105ed3480 <AX element pid: 174, elementOrHash.elementID: 36055019520.1477>
              Icon, 0x105ed35c0 <AX element pid: 174, elementOrHash.elementID: 35905494528.1551>
                Other, 0x105ed3700 <AX element pid: 174, elementOrHash.elementID: 35889612992.1570>
                  Other, 0x105ed3840 <AX element pid: 174, elementOrHash.elementID: 35889613440.1595>
                    Other, 0x105ed3980 <AX element pid: 174, elementOrHash.elementID: 35889719296.1633>
                      Other, 0x105ed3ac0 <AX element pid: 174, elementOrHash.elementID: 35876104832.2236>
                  Other, 0x105ed3c00 <AX element pid: 174, elementOrHash.elementID: 35889720576.1596>
                    Other, 0x105ed3d40 <AX element pid: 174, elementOrHash.elementID: 35889613888.1634>
                      Image, 0x105ed3e80 <AX element pid: 174, elementOrHash.elementID: 36055473152.1682>
                      Image, 0x105ed4000 <AX element pid: 174, elementOrHash.elementID: 36055472640.1683>
              Icon, 0x105ed4140 <AX element pid: 174, elementOrHash.elementID: 35905396224.1354>
                Other, 0x105ed4280 <AX element pid: 174, elementOrHash.elementID: 35889626432.1385>
                  Other, 0x105ed43c0 <AX element pid: 174, elementOrHash.elementID: 35889807360.1400>
                    Other, 0x105ed4500 <AX element pid: 174, elementOrHash.elementID: 35889825664.1749>
                      Other, 0x105ed4640 <AX element pid: 174, elementOrHash.elementID: 35876109312.2237>
                  Other, 0x105ed4780 <AX element pid: 174, elementOrHash.elementID: 35889772928.1739>
                    Other, 0x105ed48c0 <AX element pid: 174, elementOrHash.elementID: 35889807808.1750>
                      Image, 0x105ed4a00 <AX element pid: 174, elementOrHash.elementID: 36055535616.1770>
                      Image, 0x105ed4b40 <AX element pid: 174, elementOrHash.elementID: 36055535104.1771>
              Icon, 0x105ed4c80 <AX element pid: 174, elementOrHash.elementID: 35943694336.119>
                Other, 0x105ed4dc0 <AX element pid: 174, elementOrHash.elementID: 35943604992.161>
                  Other, 0x105ed4f00 <AX element pid: 174, elementOrHash.elementID: 35920557184.203>
                    Other, 0x105ed5040 <AX element pid: 174, elementOrHash.elementID: 35889771648.1430>
                      Other, 0x105ed5180 <AX element pid: 174, elementOrHash.elementID: 35887474048.2238>
                  Other, 0x105ed52c0 <AX element pid: 174, elementOrHash.elementID: 35944979968.204>
                    Other, 0x105ed5400 <AX element pid: 174, elementOrHash.elementID: 35910755968.271>
                      Image, 0x105ed5540 <AX element pid: 174, elementOrHash.elementID: 36046516224.343>
                      Image, 0x105ed5680 <AX element pid: 174, elementOrHash.elementID: 36046515712.344>
              Icon, 0x105ed57c0 <AX element pid: 174, elementOrHash.elementID: 35956191232.134>
                Other, 0x105ed5900 <AX element pid: 174, elementOrHash.elementID: 35948133248.176>
                  Other, 0x105ed5a40 <AX element pid: 174, elementOrHash.elementID: 35909465216.233>
                    Other, 0x105ed5b80 <AX element pid: 174, elementOrHash.elementID: 35888170240.2122>
                      Other, 0x105ed5cc0 <AX element pid: 174, elementOrHash.elementID: 35876095872.2239>
                  Other, 0x105ed5e00 <AX element pid: 174, elementOrHash.elementID: 35976173824.234>
                    Other, 0x105ed5f40 <AX element pid: 174, elementOrHash.elementID: 35909466112.301>
                      Image, 0x105ed6080 <AX element pid: 174, elementOrHash.elementID: 36039490560.388>
                      Image, 0x105ed61c0 <AX element pid: 174, elementOrHash.elementID: 36039488512.389>
            Icon, 0x105ed6300 <AX element pid: 174, elementOrHash.elementID: 36035589376.65>
              Icon, 0x105ed6440 <AX element pid: 174, elementOrHash.elementID: 36023791424.143>
            PageIndicator, 0x105ed6580 <AX element pid: 174, elementOrHash.elementID: 35941843584.66>
        Other, 0x105ed66c0 <AX element pid: 174, elementOrHash.elementID: 36034925568.45>
      Other, 0x105ed6800 <AX element pid: 174, elementOrHash.elementID: 36034935808.32>
  Window, 0x105ed6940 <AX element pid: 174, elementOrHash.elementID: 36032077824.11>
    Other, 0x105ed6a80 <AX element pid: 174, elementOrHash.elementID: 35953538624.20>
      Other, 0x105ed6bc0 <AX element pid: 174, elementOrHash.elementID: 35953538176.33>
  Window, 0x105ed6d00 <AX element pid: 174, elementOrHash.elementID: 36018690304.12>
    Other, 0x105ed6e40 <AX element pid: 174, elementOrHash.elementID: 36017882432.21>
      Other, 0x105ed6f80 <AX element pid: 174, elementOrHash.elementID: 36038462464.34>
        Other, 0x105ed70c0 <AX element pid: 174, elementOrHash.elementID: 35920632704.46>
          Other, 0x105ed7200 <AX element pid: 174, elementOrHash.elementID: 35920548672.54>
            Other, 0x105ed7340 <AX element pid: 174, elementOrHash.elementID: 35887737344.1088>
            Other, 0x105ed7480 <AX element pid: 174, elementOrHash.elementID: 35943852544.1089>
            Other, 0x105ed75c0 <AX element pid: 174, elementOrHash.elementID: 35920551360.69>
            Other, 0x105ed7700 <AX element pid: 174, elementOrHash.elementID: 35920551808.70>
            Other, 0x105ed7840 <AX element pid: 174, elementOrHash.elementID: 35888128768.2180>
            Other, 0x105ed7980 <AX element pid: 174, elementOrHash.elementID: 35887703232.1093>
            Other, 0x105ed7ac0 <AX element pid: 174, elementOrHash.elementID: 35920553152.73>
            Other, 0x105ed7c00 <AX element pid: 174, elementOrHash.elementID: 35920549120.74>
      Other, 0x105ed7d40 <AX element pid: 174, elementOrHash.elementID: 36056067584.1084>
        Other, 0x105ed7e80 <AX element pid: 174, elementOrHash.elementID: 11494289431044805875.9999>
          Other, 0x105ee0000 <AX element pid: 333, elementOrHash.elementID: 4309013472.4>
            Other, 0x105ee0140 <AX element pid: 333, elementOrHash.elementID: 4309041312.5>
              Other, 0x105ee0280 <AX element pid: 333, elementOrHash.elementID: 4308983520.6>
                Other, 0x105ee03c0 <AX element pid: 333, elementOrHash.elementID: 4309005120.7>
      Other, 0x105ee0500 <AX element pid: 174, elementOrHash.elementID: 36046696960.36>
        Other, 0x105ee0640 <AX element pid: 174, elementOrHash.elementID: 35906212864.47>
          Other, 0x105ee0780 <AX element pid: 174, elementOrHash.elementID: 35922778688.55>
  Window, 0x105ee08c0 <AX element pid: 174, elementOrHash.elementID: 36018691584.13>
    Other, 0x105ee0a00 <AX element pid: 174, elementOrHash.elementID: 36017885568.22>
  Window, 0x105ee0b40 <AX element pid: 174, elementOrHash.elementID: 36018685184.1812>
    Other, 0x105ee0c80 <AX element pid: 174, elementOrHash.elementID: 35889648896.1813>
      Other, 0x105ee0dc0 <AX element pid: 174, elementOrHash.elementID: 35887702784.1815>
  Window, 0x105ee0f00 <AX element pid: 174, elementOrHash.elementID: 35951108864.14>
    Other, 0x105ee1040 <AX element pid: 174, elementOrHash.elementID: 35953539072.23>
      Other, 0x105ee1180 <AX element pid: 174, elementOrHash.elementID: 35953539968.37>
  Window, 0x105ee12c0 <AX element pid: 174, elementOrHash.elementID: 35920354816.15>
    Other, 0x105ee1400 <AX element pid: 174, elementOrHash.elementID: 35923110400.24>
      Other, 0x105ee1540 <AX element pid: 174, elementOrHash.elementID: 35923112192.38>
  Window, 0x105ee1680 <AX element pid: 174, elementOrHash.elementID: 36036372480.9>
    Other, 0x105ee17c0 <AX element pid: 174, elementOrHash.elementID: 35942339840.25>
      Other, 0x105ee1900 <AX element pid: 174, elementOrHash.elementID: 35942340288.39>
        Other, 0x105ee1a40 <AX element pid: 174, elementOrHash.elementID: 35942345216.48>
        Other, 0x105ee1b80 <AX element pid: 174, elementOrHash.elementID: 35942345664.49>
        Other, 0x105ee1cc0 <AX element pid: 174, elementOrHash.elementID: 35941851264.50>
          Other, 0x105ee1e00 <AX element pid: 174, elementOrHash.elementID: 36036367360.56>
            Icon, 0x105ee1f40 <AX element pid: 174, elementOrHash.elementID: 35943737856.6>
              Other, 0x105ee2080 <AX element pid: 174, elementOrHash.elementID: 35943844928.145>
                Other, 0x105ee21c0 <AX element pid: 174, elementOrHash.elementID: 35943845376.185>
                  Other, 0x105ee2300 <AX element pid: 174, elementOrHash.elementID: 35943797760.251>
                    Other, 0x105ee2440 <AX element pid: 174, elementOrHash.elementID: 35943806720.319>
            Icon, 0x105ee2580 <AX element pid: 174, elementOrHash.elementID: 35943739392.75>
              Other, 0x105ee26c0 <AX element pid: 174, elementOrHash.elementID: 35943845824.146>
                Other, 0x105ee2800 <AX element pid: 174, elementOrHash.elementID: 35943846272.186>
                  Other, 0x105ee2940 <AX element pid: 174, elementOrHash.elementID: 35943792640.252>
                    Other, 0x105ee2a80 <AX element pid: 174, elementOrHash.elementID: 35943808000.320>
            Icon, 0x105ee2bc0 <AX element pid: 174, elementOrHash.elementID: 35943740928.76>
              Other, 0x105ee2d00 <AX element pid: 174, elementOrHash.elementID: 35943846720.147>
                Other, 0x105ee2e40 <AX element pid: 174, elementOrHash.elementID: 35943847168.187>
                  Other, 0x105ee2f80 <AX element pid: 174, elementOrHash.elementID: 35941855104.253>
                    Other, 0x105ee30c0 <AX element pid: 174, elementOrHash.elementID: 35944039040.321>
            Icon, 0x105ee3200 <AX element pid: 174, elementOrHash.elementID: 35944136704.77>
              Other, 0x105ee3340 <AX element pid: 174, elementOrHash.elementID: 35943847616.148>
                Other, 0x105ee3480 <AX element pid: 174, elementOrHash.elementID: 35943848064.188>
                  Other, 0x105ee35c0 <AX element pid: 174, elementOrHash.elementID: 35943795840.254>
                    Other, 0x105ee3700 <AX element pid: 174, elementOrHash.elementID: 35944040320.322>
            Icon, 0x105ee3840 <AX element pid: 174, elementOrHash.elementID: 35944138240.78>
              Other, 0x105ee3980 <AX element pid: 174, elementOrHash.elementID: 35943848512.149>
                Other, 0x105ee3ac0 <AX element pid: 174, elementOrHash.elementID: 35943848960.189>
                  Other, 0x105ee3c00 <AX element pid: 174, elementOrHash.elementID: 35941858304.255>
                    Other, 0x105ee3d40 <AX element pid: 174, elementOrHash.elementID: 35875794176.2181>
            Icon, 0x105ee3e80 <AX element pid: 174, elementOrHash.elementID: 35944139776.79>
              Other, 0x105eec000 <AX element pid: 174, elementOrHash.elementID: 35943849856.150>
                Other, 0x105eec140 <AX element pid: 174, elementOrHash.elementID: 35943850304.190>
                  Other, 0x105eec280 <AX element pid: 174, elementOrHash.elementID: 35943799040.256>
                    Other, 0x105eec3c0 <AX element pid: 174, elementOrHash.elementID: 35944043520.324>
            Icon, 0x105eec500 <AX element pid: 174, elementOrHash.elementID: 35944141312.80>
              Other, 0x105eec640 <AX element pid: 174, elementOrHash.elementID: 35943850752.151>
                Other, 0x105eec780 <AX element pid: 174, elementOrHash.elementID: 35943851200.191>
                  Other, 0x105eec8c0 <AX element pid: 174, elementOrHash.elementID: 35941853184.257>
                    Other, 0x105eeca00 <AX element pid: 174, elementOrHash.elementID: 35944044800.325>
          Other, 0x105eecb40 <AX element pid: 174, elementOrHash.elementID: 36036369408.57>
            Icon, 0x105eecc80 <AX element pid: 174, elementOrHash.elementID: 35941698560.81>
              Other, 0x105eecdc0 <AX element pid: 174, elementOrHash.elementID: 35942346112.152>
                Other, 0x105eecf00 <AX element pid: 174, elementOrHash.elementID: 35943611712.192>
                  Other, 0x105eed040 <AX element pid: 174, elementOrHash.elementID: 35941853824.258>
                    Other, 0x105eed180 <AX element pid: 174, elementOrHash.elementID: 35943800960.326>
            Icon, 0x105eed2c0 <AX element pid: 174, elementOrHash.elementID: 35943734784.82>
              Other, 0x105eed400 <AX element pid: 174, elementOrHash.elementID: 35943841792.153>
                Other, 0x105eed540 <AX element pid: 174, elementOrHash.elementID: 35943842240.193>
                  Other, 0x105eed680 <AX element pid: 174, elementOrHash.elementID: 35943794560.259>
                    Other, 0x105eed7c0 <AX element pid: 174, elementOrHash.elementID: 35943802240.327>
                  Other, 0x105eed900 <AX element pid: 174, elementOrHash.elementID: 35943802880.260>
                    Other, 0x105eeda40 <AX element pid: 174, elementOrHash.elementID: 35943844032.328>
                      Image, 0x105eedb80 <AX element pid: 174, elementOrHash.elementID: 36036537344.415>
          Other, 0x105eedcc0 <AX element pid: 174, elementOrHash.elementID: 36036368384.58>
          Icon, 0x105eede00 <AX element pid: 174, elementOrHash.elementID: 35944142848.59>
            Other, 0x105eedf40 <AX element pid: 174, elementOrHash.elementID: 35887479808.1147>
            Other, 0x105eee080 <AX element pid: 174, elementOrHash.elementID: 35887469568.1148>
            Other, 0x105eee1c0 <AX element pid: 174, elementOrHash.elementID: 35891053184.513>
            Other, 0x105eee300 <AX element pid: 174, elementOrHash.elementID: 35887477248.1149>
      Other, 0x105eee440 <AX element pid: 174, elementOrHash.elementID: 35944048000.40>
        Other, 0x105eee580 <AX element pid: 174, elementOrHash.elementID: 36037143040.51>
          Other, 0x105eee6c0 <AX element pid: 174, elementOrHash.elementID: 16400521463572639115.9999>
            Other, 0x105eee800 <AX element pid: 303, elementOrHash.elementID: 4312005392.4>
              Other, 0x105eee940 <AX element pid: 303, elementOrHash.elementID: 33807598848.5>
                Other, 0x105eeea80 <AX element pid: 303, elementOrHash.elementID: 33807631232.6>
                  Other, 0x105eeebc0 <AX element pid: 303, elementOrHash.elementID: 33807630336.7>
          Other, 0x105eeed00 <AX element pid: 174, elementOrHash.elementID: 3119342986303746691.9999>
            Other, 0x105eeee40 <AX element pid: 303, elementOrHash.elementID: 33807632128.8>
              Other, 0x105eeef80 <AX element pid: 303, elementOrHash.elementID: 33807633920.9>
          Other, 0x105eef0c0 <AX element pid: 174, elementOrHash.elementID: 13277597320353363328.9999>
  Window, 0x105eef200 <AX element pid: 174, elementOrHash.elementID: 36022010880.16>
    StatusBar, 0x105eef340 <AX element pid: 174, elementOrHash.elementID: 36017866624.26>
      Other, 0x105eef480 <AX element pid: 174, elementOrHash.elementID: 36021977088.41>
        Other, 0x105eef5c0 <AX element pid: 174, elementOrHash.elementID: 35889654720.2076>
          Other, 0x105eef700 <AX element pid: 174, elementOrHash.elementID: 35889647552.2077>
            StaticText, 0x105eef840 <AX element pid: 174, elementOrHash.elementID: 35893191424.2079>
            StaticText, 0x105eef980 <AX element pid: 174, elementOrHash.elementID: 35893197696.2080>
          Other, 0x105eefac0 <AX element pid: 174, elementOrHash.elementID: 35907105920.2078>
            Other, 0x105eefc00 <AX element pid: 174, elementOrHash.elementID: 36057354752.2081>
            StaticText, 0x105eefd40 <AX element pid: 174, elementOrHash.elementID: 35911293952.2083>
            Other, 0x105eefe80 <AX element pid: 174, elementOrHash.elementID: 35888203008.2084>
    Other, 0x105ef0000 <AX element pid: 174, elementOrHash.elementID: 36017881984.27>
  Window, 0x105ef0140 <AX element pid: 174, elementOrHash.elementID: 36032072704.17>
    Other, 0x105ef0280 <AX element pid: 174, elementOrHash.elementID: 35953535488.28>
  Window, 0x105ef03c0 <AX element pid: 174, elementOrHash.elementID: 36032076800.18>
    Other, 0x105ef0500 <AX element pid: 174, elementOrHash.elementID: 35953537728.29>
23:18:16.208 WebDriverAgentRunner-Runner[1362:140233] Found matches {(
    StatusBar
)} with root Application, pid: 174
23:18:16.208 WebDriverAgentRunner-Runner[1362:140233] <XCTContext: 0x1025ad6d0> finished activity <XCActivityRecord: 0x105551a40> 2026-07-19 16:18:15 +0000: Get all elements bound by index for: Descendants matching type StatusBar (0.305649s)
23:18:16.209 WebDriverAgentRunner-Runner[1362:140233] <XCTContext: 0x1025ad6d0> started activity <XCActivityRecord: 0x105551a40> 2026-07-19 16:18:16 +0000: Find the StatusBar (Element at index 0)
23:18:16.209 WebDriverAgentRunner-Runner[1362:140233] Executing query:
↪︎ Descendants matching type StatusBar
    ↪︎ Element at index 0
23:18:16.209 WebDriverAgentRunner-Runner[1362:140233] Creating future for 'checking for continuity enablement' with timeout 30.00
23:18:16.209 WebDriverAgentRunner-Runner[1362:140233] <XCTWaiter: 0x105e7cba0> entering wait loop for 30.00s with expectations: `checking for continuity enablement`
23:18:16.210 WebDriverAgentRunner-Runner[1362:140233] Returning result XCTWaiterResultCompleted for synchronous waiter <XCTWaiter: 0x105e7cba0>
23:18:16.210 WebDriverAgentRunner-Runner[1362:140233] Wait <XCTWaiterWait: 0x105ef4340> completed after 0.001s
23:18:16.210 WebDriverAgentRunner-Runner[1362:140233] cleaning up checking for continuity enablement
23:18:16.211 WebDriverAgentRunner-Runner[1362:140233] Should evaluate query remotely? XCTDisableRemoteQueryEvaluation(d-write): YES, hasAutomationSession: YES, supportsRemoteEvaluation: YES
23:18:16.211 WebDriverAgentRunner-Runner[1362:140233] Getting matching snapshots for locally evaluated query
23:18:16.211 WebDriverAgentRunner-Runner[1362:140233] Evaluating query:
 ↪︎ Descendants matching type StatusBar
    ↪︎ Element at index 0
23:18:16.211 WebDriverAgentRunner-Runner[1362:140233] Getting root element snapshot
23:18:16.211 WebDriverAgentRunner-Runner[1362:140233] Getting snapshot for App element pid: 174 for query ↪︎ Descendants matching type StatusBar
    ↪︎ Element at index 0
23:18:16.211 WebDriverAgentRunner-Runner[1362:140233] <XCTContext: 0x1025ad6d0> started activity <XCActivityRecord: 0x105550e00> 2026-07-19 16:18:16 +0000: Requesting snapshot of accessibility hierarchy for app with pid 174
    t =    17.78s Find the StatusBar (Element at index 0)
23:18:16.212 WebDriverAgentRunner-Runner[1362:140233] Query requires iOS snapshot attributes XC_kAXXCAttributeElementType, XC_kAXXCAttributeElementBaseType, XC_kAXXCAttributeAutomationType, XC_kAXXCAttributeTraits.
23:18:16.212 WebDriverAgentRunner-Runner[1362:140233] XCUIElementQuery <XCTElementSnapshotProvider> getting snapshot
23:18:16.212 WebDriverAgentRunner-Runner[1362:140233] Snapshot request has custom attributes XC_kAXXCAttributeElementType, XC_kAXXCAttributeElementBaseType, XC_kAXXCAttributeAutomationType, XC_kAXXCAttributeTraits
23:18:16.212 WebDriverAgentRunner-Runner[1362:140233] Snapshot request has custom parameters {
    snapshotKeyHonorModalViews = 0;
}
23:18:16.212 WebDriverAgentRunner-Runner[1362:140233] Current snapshot generation is 4
23:18:16.212 WebDriverAgentRunner-Runner[1362:140233] Capturing a new snapshot
23:18:16.212 WebDriverAgentRunner-Runner[1362:140233] Fetching snapshot for App element pid: 174 from testmanagerd with attributes XC_kAXXCAttributeElementType, XC_kAXXCAttributeElementBaseType, XC_kAXXCAttributeParent, XC_kAXXCAttributeIdentifier, XC_kAXXCAttributeAutomationType, XC_kAXXCAttributeTraits and parameters {
    maxArrayCount = 2147483647;
    maxChildren = 2147483647;
    maxDepth = 50;
    snapshotKeyHonorModalViews = 0;
    traverseFromParentsToChildren = 1;
}.
23:18:16.212 WebDriverAgentRunner-Runner[1362:140233] Creating future for 'fetching snapshot from testmanagerd.' with timeout 65.00
23:18:16.213 WebDriverAgentRunner-Runner[1362:140233] <XCTWaiter: 0x105e7c8d0> entering wait loop for 65.00s with expectations: `fetching snapshot from testmanagerd.`
    t =    17.78s     Requesting snapshot of accessibility hierarchy for app with pid 174
23:18:16.468 WebDriverAgentRunner-Runner[1362:140616] Got snapshot response with runtime issue support from testmanagerd.
23:18:16.468 WebDriverAgentRunner-Runner[1362:140233] Returning result XCTWaiterResultCompleted for synchronous waiter <XCTWaiter: 0x105e7c8d0>
23:18:16.469 WebDriverAgentRunner-Runner[1362:140233] Wait <XCTWaiterWait: 0x105ef47c0> completed after 0.256s
23:18:16.469 WebDriverAgentRunner-Runner[1362:140233] cleaning up fetching snapshot from testmanagerd.
23:18:16.469 WebDriverAgentRunner-Runner[1362:140233] <XCTContext: 0x1025ad6d0> finished activity <XCActivityRecord: 0x105550e00> 2026-07-19 16:18:16 +0000: Requesting snapshot of accessibility hierarchy for app with pid 174 (0.25782s)
23:18:16.470 WebDriverAgentRunner-Runner[1362:140233] XCTPerformOnMainRunLoop[MT]: already on MT; performing block without run loop dispatch - timeouts will not be enforced.
23:18:16.470 WebDriverAgentRunner-Runner[1362:140233] XCTElementQuery: set data source for rootElementSnapshot to (null)
23:18:16.470 WebDriverAgentRunner-Runner[1362:140233] Finding all matches with input Application, pid: 174 using transformers 
↪︎ Descendants matching type StatusBar
    ↪︎ Element at index 0
23:18:16.470 WebDriverAgentRunner-Runner[1362:140233] <XCTContext: 0x1025ad6d0> started activity <XCActivityRecord: 0x105550e00> 2026-07-19 16:18:16 +0000: Find: Descendants matching type StatusBar
    t =    18.04s     Find: Descendants matching type StatusBar
23:18:16.473 WebDriverAgentRunner-Runner[1362:140233] <XCTContext: 0x1025ad6d0> finished activity <XCActivityRecord: 0x105550e00> 2026-07-19 16:18:16 +0000: Find: Descendants matching type StatusBar (0.00339901s)
23:18:16.474 WebDriverAgentRunner-Runner[1362:140233] [Match All] applied transformer `Descendants matching type StatusBar` to input {(
    Application, pid: 174
)}, found {(
    StatusBar
)}
23:18:16.474 WebDriverAgentRunner-Runner[1362:140233] <XCTContext: 0x1025ad6d0> started activity <XCActivityRecord: 0x105550e00> 2026-07-19 16:18:16 +0000: Find: Element at index 0
23:18:16.474 WebDriverAgentRunner-Runner[1362:140233] <XCTContext: 0x1025ad6d0> finished activity <XCActivityRecord: 0x105550e00> 2026-07-19 16:18:16 +0000: Find: Element at index 0 (0.000331998s)
23:18:16.474 WebDriverAgentRunner-Runner[1362:140233] [Match All] applied transformer `Element at index 0` to input {(
    StatusBar
)}, found {(
    StatusBar
)}
23:18:16.474 WebDriverAgentRunner-Runner[1362:140233] [Match All] setting out related elements {(
)}
    t =    18.04s     Find: Element at index 0
23:18:16.480 WebDriverAgentRunner-Runner[1362:140233] Current tree:
Application, 0x105ef0640, pid: 174 <App element pid: 174>
  Window, 0x105ef0780 <AX element pid: 174, elementOrHash.elementID: 36032084992.10>
    Other, 0x105ef08c0 <AX element pid: 174, elementOrHash.elementID: 35948119808.19>
      Other, 0x105ef0a00 <AX element pid: 174, elementOrHash.elementID: 35948120256.30>
        Image, 0x105ef0b40 <AX element pid: 174, elementOrHash.elementID: 36036531200.42>
        Image, 0x105ef0c80 <AX element pid: 174, elementOrHash.elementID: 36036531712.43>
      Other, 0x105ef0dc0 <AX element pid: 174, elementOrHash.elementID: 35948119360.31>
        Other, 0x105ef0f00 <AX element pid: 174, elementOrHash.elementID: 35948131904.44>
          Other, 0x105ef1040 <AX element pid: 174, elementOrHash.elementID: 35941697024.53>
            Other, 0x105ef1180 <AX element pid: 174, elementOrHash.elementID: 35948131456.62>
              Other, 0x105ef12c0 <AX element pid: 174, elementOrHash.elementID: 35948131008.97>
            Icon, 0x105ef1400 <AX element pid: 174, elementOrHash.elementID: 36035587328.63>
              Icon, 0x105ef1540 <AX element pid: 174, elementOrHash.elementID: 36035839104.98>
              Icon, 0x105ef1680 <AX element pid: 174, elementOrHash.elementID: 36035839296.99>
              Icon, 0x105ef17c0 <AX element pid: 174, elementOrHash.elementID: 36035839488.100>
              Icon, 0x105ef1900 <AX element pid: 174, elementOrHash.elementID: 36035839872.101>
              Icon, 0x105ef1a40 <AX element pid: 174, elementOrHash.elementID: 36035840064.102>
              Icon, 0x105ef1b80 <AX element pid: 174, elementOrHash.elementID: 36024175808.103>
              Icon, 0x105ef1cc0 <AX element pid: 174, elementOrHash.elementID: 36023792960.104>
              Icon, 0x105ef1e00 <AX element pid: 174, elementOrHash.elementID: 36024840576.105>
              Icon, 0x105ef1f40 <AX element pid: 174, elementOrHash.elementID: 36024206656.106>
              Icon, 0x105ef2080 <AX element pid: 174, elementOrHash.elementID: 36023793344.107>
              Icon, 0x105ef21c0 <AX element pid: 174, elementOrHash.elementID: 36024183296.108>
              Icon, 0x105ef2300 <AX element pid: 174, elementOrHash.elementID: 36024259456.109>
              Icon, 0x105ef2440 <AX element pid: 174, elementOrHash.elementID: 36024838464.110>
              Icon, 0x105ef2580 <AX element pid: 174, elementOrHash.elementID: 36024596928.111>
              Icon, 0x105ef26c0 <AX element pid: 174, elementOrHash.elementID: 36024207040.112>
              Icon, 0x105ef2800 <AX element pid: 174, elementOrHash.elementID: 36024209536.113>
              Icon, 0x105ef2940 <AX element pid: 174, elementOrHash.elementID: 36024186176.114>
            Icon, 0x105ef2a80 <AX element pid: 174, elementOrHash.elementID: 36035588864.64>
              Icon, 0x105ef2bc0 <AX element pid: 174, elementOrHash.elementID: 35904843776.1376>
                Other, 0x105ef2d00 <AX element pid: 174, elementOrHash.elementID: 35889589184.1392>
                  Other, 0x105ef2e40 <AX element pid: 174, elementOrHash.elementID: 35889590080.1413>
                    Other, 0x105ef2f80 <AX element pid: 174, elementOrHash.elementID: 36042307072.1621>
                      Other, 0x105ef30c0 <AX element pid: 174, elementOrHash.elementID: 35876099712.2212>
                  Other, 0x105ef3200 <AX element pid: 174, elementOrHash.elementID: 35888248576.1414>
                    Other, 0x105ef3340 <AX element pid: 174, elementOrHash.elementID: 35889591872.1439>
                      Image, 0x105ef3480 <AX element pid: 174, elementOrHash.elementID: 36055018496.1472>
                      Image, 0x105ef35c0 <AX element pid: 174, elementOrHash.elementID: 36055013376.1473>
              Icon, 0x105ef3700 <AX element pid: 174, elementOrHash.elementID: 35904517632.1550>
                Other, 0x105ef3840 <AX element pid: 174, elementOrHash.elementID: 35892693632.1569>
                  Other, 0x105ef3980 <AX element pid: 174, elementOrHash.elementID: 35892704384.1593>
                    Other, 0x105ef3ac0 <AX element pid: 174, elementOrHash.elementID: 35887504896.1631>
                      Other, 0x105ef3c00 <AX element pid: 174, elementOrHash.elementID: 35887472768.2213>
                  Other, 0x105ef3d40 <AX element pid: 174, elementOrHash.elementID: 35888235136.1594>
                    Other, 0x105ef3e80 <AX element pid: 174, elementOrHash.elementID: 35892692288.1632>
                      Image, 0x105f38000 <AX element pid: 174, elementOrHash.elementID: 36053856256.1679>
                      Image, 0x105f38140 <AX element pid: 174, elementOrHash.elementID: 36053851136.1680>
              Icon, 0x105f38280 <AX element pid: 174, elementOrHash.elementID: 35943579648.129>
                Other, 0x105f383c0 <AX element pid: 174, elementOrHash.elementID: 35943596032.171>
                  Other, 0x105f38500 <AX element pid: 174, elementOrHash.elementID: 35909462080.223>
                    Other, 0x105f38640 <AX element pid: 174, elementOrHash.elementID: 35904822144.264>
                      Other, 0x105f38780 <AX element pid: 174, elementOrHash.elementID: 35905292800.2214>
                  Other, 0x105f388c0 <AX element pid: 174, elementOrHash.elementID: 35903662080.224>
                    Other, 0x105f38a00 <AX element pid: 174, elementOrHash.elementID: 35909456704.291>
                      Image, 0x105f38b40 <AX element pid: 174, elementOrHash.elementID: 36045230080.373>
                      Image, 0x105f38c80 <AX element pid: 174, elementOrHash.elementID: 36045229568.374>
              Icon, 0x105f38dc0 <AX element pid: 174, elementOrHash.elementID: 35905393152.1552>
                Other, 0x105f38f00 <AX element pid: 174, elementOrHash.elementID: 35889623744.1571>
                  Other, 0x105f39040 <AX element pid: 174, elementOrHash.elementID: 35889624192.1597>
                    Other, 0x105f39180 <AX element pid: 174, elementOrHash.elementID: 35943798400.306>
                      Other, 0x105f392c0 <AX element pid: 174, elementOrHash.elementID: 35875789056.2215>
                  Other, 0x105f39400 <AX element pid: 174, elementOrHash.elementID: 35889769088.1598>
                    Other, 0x105f39540 <AX element pid: 174, elementOrHash.elementID: 35889624640.1636>
                      Image, 0x105f39680 <AX element pid: 174, elementOrHash.elementID: 36055533056.1687>
                      Image, 0x105f397c0 <AX element pid: 174, elementOrHash.elementID: 36055532544.1688>
              Icon, 0x105f39900 <AX element pid: 174, elementOrHash.elementID: 35943593472.1554>
                Other, 0x105f39a40 <AX element pid: 174, elementOrHash.elementID: 35943600064.1573>
                  Other, 0x105f39b80 <AX element pid: 174, elementOrHash.elementID: 35922183040.1601>
                    Other, 0x105f39cc0 <AX element pid: 174, elementOrHash.elementID: 35888238976.1438>
                      Other, 0x105f39e00 <AX element pid: 174, elementOrHash.elementID: 35887487872.2216>
                  Other, 0x105f39f40 <AX element pid: 174, elementOrHash.elementID: 35922157056.1602>
                    Other, 0x105f3a080 <AX element pid: 174, elementOrHash.elementID: 35922183488.1641>
                      Image, 0x105f3a1c0 <AX element pid: 174, elementOrHash.elementID: 36039390720.1696>
                      Image, 0x105f3a300 <AX element pid: 174, elementOrHash.elementID: 36039390208.1697>
              Icon, 0x105f3a440 <AX element pid: 174, elementOrHash.elementID: 35943706624.1143>
                Other, 0x105f3a580 <AX element pid: 174, elementOrHash.elementID: 35943608576.1567>
                  Other, 0x105f3a6c0 <AX element pid: 174, elementOrHash.elementID: 35921976768.1589>
                    Other, 0x105f3a800 <AX element pid: 174, elementOrHash.elementID: 35887330432.2047>
                      Other, 0x105f3a940 <AX element pid: 174, elementOrHash.elementID: 35887491712.2217>
                  Other, 0x105f3aa80 <AX element pid: 174, elementOrHash.elementID: 35903654400.1590>
                    Other, 0x105f3abc0 <AX element pid: 174, elementOrHash.elementID: 35887731968.1628>
                      Image, 0x105f3ad00 <AX element pid: 174, elementOrHash.elementID: 36053854208.1672>
                      Image, 0x105f3ae40 <AX element pid: 174, elementOrHash.elementID: 36053856768.1673>
              Icon, 0x105f3af80 <AX element pid: 174, elementOrHash.elementID: 35943679488.1563>
                Other, 0x105f3b0c0 <AX element pid: 174, elementOrHash.elementID: 35943600960.1582>
                  Other, 0x105f3b200 <AX element pid: 174, elementOrHash.elementID: 35887739584.1619>
                    Other, 0x105f3b340 <AX element pid: 174, elementOrHash.elementID: 36017871744.288>
                      Other, 0x105f3b480 <AX element pid: 174, elementOrHash.elementID: 35876097792.2218>
                  Other, 0x105f3b5c0 <AX element pid: 174, elementOrHash.elementID: 35888281984.1620>
                    Other, 0x105f3b700 <AX element pid: 174, elementOrHash.elementID: 35887734208.1658>
                      Image, 0x105f3b840 <AX element pid: 174, elementOrHash.elementID: 36053844480.1724>
                      Image, 0x105f3b980 <AX element pid: 174, elementOrHash.elementID: 36053843968.1725>
              Icon, 0x105f3bac0 <AX element pid: 174, elementOrHash.elementID: 35905492992.1548>
                Other, 0x105f3bc00 <AX element pid: 174, elementOrHash.elementID: 35889611648.1566>
                  Other, 0x105f3bd40 <AX element pid: 174, elementOrHash.elementID: 35889612096.1587>
                    Other, 0x105f3be80 <AX element pid: 174, elementOrHash.elementID: 35888216448.1626>
                      Other, 0x105f3c000 <AX element pid: 174, elementOrHash.elementID: 35887473408.2219>
                  Other, 0x105f3c140 <AX element pid: 174, elementOrHash.elementID: 35889718656.1588>
                    Other, 0x105f3c280 <AX element pid: 174, elementOrHash.elementID: 35889612544.1627>
                      Image, 0x105f3c3c0 <AX element pid: 174, elementOrHash.elementID: 36055472128.1667>
                      Image, 0x105f3c500 <AX element pid: 174, elementOrHash.elementID: 36055471616.1668>
              Icon, 0x105f3c640 <AX element pid: 174, elementOrHash.elementID: 35905394688.1556>
                Other, 0x105f3c780 <AX element pid: 174, elementOrHash.elementID: 35889625088.1575>
                  Other, 0x105f3c8c0 <AX element pid: 174, elementOrHash.elementID: 35889625536.1605>
                    Other, 0x105f3ca00 <AX element pid: 174, elementOrHash.elementID: 35889827584.1643>
                      Other, 0x105f3cb40 <AX element pid: 174, elementOrHash.elementID: 35957085184.2220>
                  Other, 0x105f3cc80 <AX element pid: 174, elementOrHash.elementID: 35889771008.1606>
                    Other, 0x105f3cdc0 <AX element pid: 174, elementOrHash.elementID: 35889625984.1644>
                      Image, 0x105f3cf00 <AX element pid: 174, elementOrHash.elementID: 36055534080.1702>
                      Image, 0x105f3d040 <AX element pid: 174, elementOrHash.elementID: 36055533568.1703>
              Icon, 0x105f3d180 <AX element pid: 174, elementOrHash.elementID: 35904840704.1561>
                Other, 0x105f3d2c0 <AX element pid: 174, elementOrHash.elementID: 35889589632.1580>
                  Other, 0x105f3d400 <AX element pid: 174, elementOrHash.elementID: 35889588288.1615>
                    Other, 0x105f3d540 <AX element pid: 174, elementOrHash.elementID: 35888230272.1654>
                      Other, 0x105f3d680 <AX element pid: 174, elementOrHash.elementID: 35875792256.2221>
                  Other, 0x105f3d7c0 <AX element pid: 174, elementOrHash.elementID: 35888242816.1616>
                    Other, 0x105f3d900 <AX element pid: 174, elementOrHash.elementID: 35889588736.1655>
                      Image, 0x105f3da40 <AX element pid: 174, elementOrHash.elementID: 36055023104.1718>
                      Image, 0x105f3db80 <AX element pid: 174, elementOrHash.elementID: 36055020544.1719>
              Icon, 0x105f3dcc0 <AX element pid: 174, elementOrHash.elementID: 35905489920.1560>
                Other, 0x105f3de00 <AX element pid: 174, elementOrHash.elementID: 35887708160.1579>
                  Other, 0x105f3df40 <AX element pid: 174, elementOrHash.elementID: 35887694272.1613>
                    Other, 0x105f3e080 <AX element pid: 174, elementOrHash.elementID: 35893129728.1640>
                      Other, 0x105f3e1c0 <AX element pid: 174, elementOrHash.elementID: 35887482112.2222>
                  Other, 0x105f3e300 <AX element pid: 174, elementOrHash.elementID: 35889714816.1614>
                    Other, 0x105f3e440 <AX element pid: 174, elementOrHash.elementID: 35887695168.1653>
                      Image, 0x105f3e580 <AX element pid: 174, elementOrHash.elementID: 36055469568.1715>
                      Image, 0x105f3e6c0 <AX element pid: 174, elementOrHash.elementID: 36055469056.1716>
              Icon, 0x105f3e800 <AX element pid: 174, elementOrHash.elementID: 35905391616.1372>
                Other, 0x105f3e940 <AX element pid: 174, elementOrHash.elementID: 35889622400.1388>
                  Other, 0x105f3ea80 <AX element pid: 174, elementOrHash.elementID: 35889622848.1405>
                    Other, 0x105f3ebc0 <AX element pid: 174, elementOrHash.elementID: 35921991936.1638>
                      Other, 0x105f3ed00 <AX element pid: 174, elementOrHash.elementID: 35887484672.2223>
                  Other, 0x105f3ee40 <AX element pid: 174, elementOrHash.elementID: 35889767168.1406>
                    Other, 0x105f3ef80 <AX element pid: 174, elementOrHash.elementID: 35889623296.1432>
                      Image, 0x105f3f0c0 <AX element pid: 174, elementOrHash.elementID: 36055531520.1459>
                      Image, 0x105f3f200 <AX element pid: 174, elementOrHash.elementID: 36055481856.1460>
              Icon, 0x105f3f340 <AX element pid: 174, elementOrHash.elementID: 35943695872.140>
                Other, 0x105f3f480 <AX element pid: 174, elementOrHash.elementID: 35943605440.182>
                  Other, 0x105f3f5c0 <AX element pid: 174, elementOrHash.elementID: 35909463872.245>
                    Other, 0x105f3f700 <AX element pid: 174, elementOrHash.elementID: 35976178304.313>
                      Other, 0x105f3f840 <AX element pid: 174, elementOrHash.elementID: 35876098432.2224>
                  Other, 0x105f3f980 <AX element pid: 174, elementOrHash.elementID: 35908194688.246>
                    Other, 0x105f3fac0 <AX element pid: 174, elementOrHash.elementID: 35909454912.314>
                      Image, 0x105f3fc00 <AX element pid: 174, elementOrHash.elementID: 36039489024.407>
                      Image, 0x105f3fd40 <AX element pid: 174, elementOrHash.elementID: 36039489536.408>
              Icon, 0x105f3fe80 <AX element pid: 174, elementOrHash.elementID: 35943727104.116>
                Other, 0x105f40000 <AX element pid: 174, elementOrHash.elementID: 35943609472.158>
                  Other, 0x105f40140 <AX element pid: 174, elementOrHash.elementID: 35923107712.197>
                    Other, 0x105f40280 <AX element pid: 174, elementOrHash.elementID: 35889717376.1637>
                      Other, 0x105f403c0 <AX element pid: 174, elementOrHash.elementID: 35876106752.2225>
                  Other, 0x105f40500 <AX element pid: 174, elementOrHash.elementID: 35904820864.198>
                    Other, 0x105f40640 <AX element pid: 174, elementOrHash.elementID: 35923099648.265>
                      Image, 0x105f40780 <AX element pid: 174, elementOrHash.elementID: 36044152320.334>
                      Image, 0x105f408c0 <AX element pid: 174, elementOrHash.elementID: 36044151808.335>
              Icon, 0x105f40a00 <AX element pid: 174, elementOrHash.elementID: 35904842240.1562>
                Other, 0x105f40b40 <AX element pid: 174, elementOrHash.elementID: 35889590528.1581>
                  Other, 0x105f40c80 <AX element pid: 174, elementOrHash.elementID: 35889590976.1617>
                    Other, 0x105f40dc0 <AX element pid: 174, elementOrHash.elementID: 35888220672.1656>
                      Other, 0x105f40f00 <AX element pid: 174, elementOrHash.elementID: 36005864832.2226>
                  Other, 0x105f41040 <AX element pid: 174, elementOrHash.elementID: 35888227712.1618>
                    Other, 0x105f41180 <AX element pid: 174, elementOrHash.elementID: 35889593664.1657>
                      Image, 0x105f412c0 <AX element pid: 174, elementOrHash.elementID: 36055022592.1721>
                      Image, 0x105f41400 <AX element pid: 174, elementOrHash.elementID: 36055012864.1722>
              Icon, 0x105f41540 <AX element pid: 174, elementOrHash.elementID: 35941709312.1555>
                Other, 0x105f41680 <AX element pid: 174, elementOrHash.elementID: 35942350144.1574>
                  Other, 0x105f417c0 <AX element pid: 174, elementOrHash.elementID: 35887740480.1603>
                    Other, 0x105f41900 <AX element pid: 174, elementOrHash.elementID: 35903660800.290>
                      Other, 0x105f41a40 <AX element pid: 174, elementOrHash.elementID: 35875791616.2227>
                  Other, 0x105f41b80 <AX element pid: 174, elementOrHash.elementID: 35888278784.1604>
                    Other, 0x105f41cc0 <AX element pid: 174, elementOrHash.elementID: 35887736896.1642>
                      Image, 0x105f41e00 <AX element pid: 174, elementOrHash.elementID: 36052131328.1699>
                      Image, 0x105f41f40 <AX element pid: 174, elementOrHash.elementID: 36052126720.1700>
              Icon, 0x105f42080 <AX element pid: 174, elementOrHash.elementID: 35943691776.1546>
                Other, 0x105f421c0 <AX element pid: 174, elementOrHash.elementID: 35943604544.1564>
                  Other, 0x105f42300 <AX element pid: 174, elementOrHash.elementID: 35957582336.1583>
                    Other, 0x105f42440 <AX element pid: 174, elementOrHash.elementID: 35888280704.1622>
                      Other, 0x105f42580 <AX element pid: 174, elementOrHash.elementID: 35887483392.2228>
                  Other, 0x105f426c0 <AX element pid: 174, elementOrHash.elementID: 35888275584.1584>
                    Other, 0x105f42800 <AX element pid: 174, elementOrHash.elementID: 36004838272.1623>
                      Image, 0x105f42940 <AX element pid: 174, elementOrHash.elementID: 36052134400.1661>
                      Image, 0x105f42a80 <AX element pid: 174, elementOrHash.elementID: 36052130304.1662>
              Icon, 0x105f42bc0 <AX element pid: 174, elementOrHash.elementID: 35941707776.137>
                Other, 0x105f42d00 <AX element pid: 174, elementOrHash.elementID: 35942349696.179>
                  Other, 0x105f42e40 <AX element pid: 174, elementOrHash.elementID: 35921984384.239>
                    Other, 0x105f42f80 <AX element pid: 174, elementOrHash.elementID: 35903663360.302>
                      Other, 0x105f430c0 <AX element pid: 174, elementOrHash.elementID: 35887486592.2229>
                  Other, 0x105f43200 <AX element pid: 174, elementOrHash.elementID: 35922153216.240>
                    Other, 0x105f43340 <AX element pid: 174, elementOrHash.elementID: 35921984832.307>
                      Image, 0x105f43480 <AX element pid: 174, elementOrHash.elementID: 36039383040.397>
                      Image, 0x105f435c0 <AX element pid: 174, elementOrHash.elementID: 36039382528.398>
              Icon, 0x105f43700 <AX element pid: 174, elementOrHash.elementID: 35943728640.126>
                Other, 0x105f43840 <AX element pid: 174, elementOrHash.elementID: 35943609920.168>
                  Other, 0x105f43980 <AX element pid: 174, elementOrHash.elementID: 35921979456.217>
                    Other, 0x105f43ac0 <AX element pid: 174, elementOrHash.elementID: 35943797120.284>
                      Other, 0x105f43c00 <AX element pid: 174, elementOrHash.elementID: 35876107392.2230>
                  Other, 0x105f43d40 <AX element pid: 174, elementOrHash.elementID: 35921998976.218>
                    Other, 0x105f43e80 <AX element pid: 174, elementOrHash.elementID: 35921979904.285>
                      Image, 0x105f44000 <AX element pid: 174, elementOrHash.elementID: 36039288320.364>
                      Image, 0x105f44140 <AX element pid: 174, elementOrHash.elementID: 36039287808.365>
              Icon, 0x105f44280 <AX element pid: 174, elementOrHash.elementID: 35943581184.1557>
                Other, 0x105f443c0 <AX element pid: 174, elementOrHash.elementID: 35943596480.1576>
                  Other, 0x105f44500 <AX element pid: 174, elementOrHash.elementID: 35922182144.1607>
                    Other, 0x105f44640 <AX element pid: 174, elementOrHash.elementID: 35943793280.1645>
                      Other, 0x105f44780 <AX element pid: 174, elementOrHash.elementID: 35876103552.2231>
                  Other, 0x105f448c0 <AX element pid: 174, elementOrHash.elementID: 35922155776.1608>
                    Other, 0x105f44a00 <AX element pid: 174, elementOrHash.elementID: 35922182592.1646>
                      Image, 0x105f44b40 <AX element pid: 174, elementOrHash.elementID: 36039388160.1705>
                      Image, 0x105f44c80 <AX element pid: 174, elementOrHash.elementID: 36039387648.1706>
              Icon, 0x105f44dc0 <AX element pid: 174, elementOrHash.elementID: 35943677952.1368>
                Other, 0x105f44f00 <AX element pid: 174, elementOrHash.elementID: 35943600512.1383>
                  Other, 0x105f45040 <AX element pid: 174, elementOrHash.elementID: 35921982592.1398>
                    Other, 0x105f45180 <AX element pid: 174, elementOrHash.elementID: 35887301888.1431>
                      Other, 0x105f452c0 <AX element pid: 174, elementOrHash.elementID: 36005870592.2232>
                  Other, 0x105f45400 <AX element pid: 174, elementOrHash.elementID: 35922150656.1740>
                    Other, 0x105f45540 <AX element pid: 174, elementOrHash.elementID: 35921983040.1751>
                      Image, 0x105f45680 <AX element pid: 174, elementOrHash.elementID: 36039377920.1773>
                      Image, 0x105f457c0 <AX element pid: 174, elementOrHash.elementID: 36039377408.1774>
              Icon, 0x105f45900 <AX element pid: 174, elementOrHash.elementID: 35905491456.1547>
                Other, 0x105f45a40 <AX element pid: 174, elementOrHash.elementID: 35887693824.1565>
                  Other, 0x105f45b80 <AX element pid: 174, elementOrHash.elementID: 35889610752.1585>
                    Other, 0x105f45cc0 <AX element pid: 174, elementOrHash.elementID: 35889715456.1624>
                      Other, 0x105f45e00 <AX element pid: 174, elementOrHash.elementID: 35910480384.2233>
                  Other, 0x105f45f40 <AX element pid: 174, elementOrHash.elementID: 35889716736.1586>
                    Other, 0x105f46080 <AX element pid: 174, elementOrHash.elementID: 35889611200.1625>
                      Image, 0x105f461c0 <AX element pid: 174, elementOrHash.elementID: 36055470592.1664>
                      Image, 0x105f46300 <AX element pid: 174, elementOrHash.elementID: 36055470080.1665>
              Icon, 0x105f46440 <AX element pid: 174, elementOrHash.elementID: 35943708160.135>
                Other, 0x105f46580 <AX element pid: 174, elementOrHash.elementID: 35943609024.177>
                  Other, 0x105f466c0 <AX element pid: 174, elementOrHash.elementID: 35909462528.235>
                    Other, 0x105f46800 <AX element pid: 174, elementOrHash.elementID: 35889713536.1652>
                      Other, 0x105f46940 <AX element pid: 174, elementOrHash.elementID: 35887492352.2234>
                  Other, 0x105f46a80 <AX element pid: 174, elementOrHash.elementID: 35903660160.236>
                    Other, 0x105f46bc0 <AX element pid: 174, elementOrHash.elementID: 35909461632.303>
                      Image, 0x105f46d00 <AX element pid: 174, elementOrHash.elementID: 36021239808.391>
                      Image, 0x105f46e40 <AX element pid: 174, elementOrHash.elementID: 36045234176.392>
              Icon, 0x105f46f80 <AX element pid: 174, elementOrHash.elementID: 35904839168.1377>
                Other, 0x105f470c0 <AX element pid: 174, elementOrHash.elementID: 35887797504.1393>
                  Other, 0x105f47200 <AX element pid: 174, elementOrHash.elementID: 35887807808.1415>
                    Other, 0x105f47340 <AX element pid: 174, elementOrHash.elementID: 35889721216.1440>
                      Other, 0x105f47480 <AX element pid: 174, elementOrHash.elementID: 35887489152.2235>
                    Other, 0x105f475c0 <AX element pid: 174, elementOrHash.elementID: 35889825024.1441>
                      Other, 0x105f47700 <AX element pid: 174, elementOrHash.elementID: 35889810048.1475>
                        Image, 0x105f47840 <AX element pid: 174, elementOrHash.elementID: 36055537152.1486>
                  Other, 0x105f47980 <AX element pid: 174, elementOrHash.elementID: 35888221952.1416>
                    Other, 0x105f47ac0 <AX element pid: 174, elementOrHash.elementID: 35887797952.1442>
                      Image, 0x105f47c00 <AX element pid: 174, elementOrHash.elementID: 36055015424.1476>
                      Image, 0x105f47d40 <AX element pid: 174, elementOrHash.elementID: 36055019520.1477>
              Icon, 0x105f47e80 <AX element pid: 174, elementOrHash.elementID: 35905494528.1551>
                Other, 0x105f48000 <AX element pid: 174, elementOrHash.elementID: 35889612992.1570>
                  Other, 0x105f48140 <AX element pid: 174, elementOrHash.elementID: 35889613440.1595>
                    Other, 0x105f48280 <AX element pid: 174, elementOrHash.elementID: 35889719296.1633>
                      Other, 0x105f483c0 <AX element pid: 174, elementOrHash.elementID: 35876104832.2236>
                  Other, 0x105f48500 <AX element pid: 174, elementOrHash.elementID: 35889720576.1596>
                    Other, 0x105f48640 <AX element pid: 174, elementOrHash.elementID: 35889613888.1634>
                      Image, 0x105f48780 <AX element pid: 174, elementOrHash.elementID: 36055473152.1682>
                      Image, 0x105f488c0 <AX element pid: 174, elementOrHash.elementID: 36055472640.1683>
              Icon, 0x105f48a00 <AX element pid: 174, elementOrHash.elementID: 35905396224.1354>
                Other, 0x105f48b40 <AX element pid: 174, elementOrHash.elementID: 35889626432.1385>
                  Other, 0x105f48c80 <AX element pid: 174, elementOrHash.elementID: 35889807360.1400>
                    Other, 0x105f48dc0 <AX element pid: 174, elementOrHash.elementID: 35889825664.1749>
                      Other, 0x105f48f00 <AX element pid: 174, elementOrHash.elementID: 35876109312.2237>
                  Other, 0x105f49040 <AX element pid: 174, elementOrHash.elementID: 35889772928.1739>
                    Other, 0x105f49180 <AX element pid: 174, elementOrHash.elementID: 35889807808.1750>
                      Image, 0x105f492c0 <AX element pid: 174, elementOrHash.elementID: 36055535616.1770>
                      Image, 0x105f49400 <AX element pid: 174, elementOrHash.elementID: 36055535104.1771>
              Icon, 0x105f49540 <AX element pid: 174, elementOrHash.elementID: 35943694336.119>
                Other, 0x105f49680 <AX element pid: 174, elementOrHash.elementID: 35943604992.161>
                  Other, 0x105f497c0 <AX element pid: 174, elementOrHash.elementID: 35920557184.203>
                    Other, 0x105f49900 <AX element pid: 174, elementOrHash.elementID: 35889771648.1430>
                      Other, 0x105f49a40 <AX element pid: 174, elementOrHash.elementID: 35887474048.2238>
                  Other, 0x105f49b80 <AX element pid: 174, elementOrHash.elementID: 35944979968.204>
                    Other, 0x105f49cc0 <AX element pid: 174, elementOrHash.elementID: 35910755968.271>
                      Image, 0x105f49e00 <AX element pid: 174, elementOrHash.elementID: 36046516224.343>
                      Image, 0x105f49f40 <AX element pid: 174, elementOrHash.elementID: 36046515712.344>
              Icon, 0x105f4a080 <AX element pid: 174, elementOrHash.elementID: 35956191232.134>
                Other, 0x105f4a1c0 <AX element pid: 174, elementOrHash.elementID: 35948133248.176>
                  Other, 0x105f4a300 <AX element pid: 174, elementOrHash.elementID: 35909465216.233>
                    Other, 0x105f4a440 <AX element pid: 174, elementOrHash.elementID: 35888170240.2122>
                      Other, 0x105f4a580 <AX element pid: 174, elementOrHash.elementID: 35876095872.2239>
                  Other, 0x105f4a6c0 <AX element pid: 174, elementOrHash.elementID: 35976173824.234>
                    Other, 0x105f4a800 <AX element pid: 174, elementOrHash.elementID: 35909466112.301>
                      Image, 0x105f4a940 <AX element pid: 174, elementOrHash.elementID: 36039490560.388>
                      Image, 0x105f4aa80 <AX element pid: 174, elementOrHash.elementID: 36039488512.389>
            Icon, 0x105f4abc0 <AX element pid: 174, elementOrHash.elementID: 36035589376.65>
              Icon, 0x105f4ad00 <AX element pid: 174, elementOrHash.elementID: 36023791424.143>
            PageIndicator, 0x105f4ae40 <AX element pid: 174, elementOrHash.elementID: 35941843584.66>
        Other, 0x105f4af80 <AX element pid: 174, elementOrHash.elementID: 36034925568.45>
      Other, 0x105f4b0c0 <AX element pid: 174, elementOrHash.elementID: 36034935808.32>
  Window, 0x105f4b200 <AX element pid: 174, elementOrHash.elementID: 36032077824.11>
    Other, 0x105f4b340 <AX element pid: 174, elementOrHash.elementID: 35953538624.20>
      Other, 0x105f4b480 <AX element pid: 174, elementOrHash.elementID: 35953538176.33>
  Window, 0x105f4b5c0 <AX element pid: 174, elementOrHash.elementID: 36018690304.12>
    Other, 0x105f4b700 <AX element pid: 174, elementOrHash.elementID: 36017882432.21>
      Other, 0x105f4b840 <AX element pid: 174, elementOrHash.elementID: 36038462464.34>
        Other, 0x105f4b980 <AX element pid: 174, elementOrHash.elementID: 35920632704.46>
          Other, 0x105f4bac0 <AX element pid: 174, elementOrHash.elementID: 35920548672.54>
            Other, 0x105f4bc00 <AX element pid: 174, elementOrHash.elementID: 35887737344.1088>
            Other, 0x105f4bd40 <AX element pid: 174, elementOrHash.elementID: 35943852544.1089>
            Other, 0x105f4be80 <AX element pid: 174, elementOrHash.elementID: 35920551360.69>
            Other, 0x105f50000 <AX element pid: 174, elementOrHash.elementID: 35920551808.70>
            Other, 0x105f50140 <AX element pid: 174, elementOrHash.elementID: 35888128768.2180>
            Other, 0x105f50280 <AX element pid: 174, elementOrHash.elementID: 35887703232.1093>
            Other, 0x105f503c0 <AX element pid: 174, elementOrHash.elementID: 35920553152.73>
            Other, 0x105f50500 <AX element pid: 174, elementOrHash.elementID: 35920549120.74>
      Other, 0x105f50640 <AX element pid: 174, elementOrHash.elementID: 36056067584.1084>
        Other, 0x105f50780 <AX element pid: 174, elementOrHash.elementID: 11494289431044805875.9999>
          Other, 0x105f508c0 <AX element pid: 333, elementOrHash.elementID: 4309013472.4>
            Other, 0x105f50a00 <AX element pid: 333, elementOrHash.elementID: 4309041312.5>
              Other, 0x105f50b40 <AX element pid: 333, elementOrHash.elementID: 4308983520.6>
                Other, 0x105f50c80 <AX element pid: 333, elementOrHash.elementID: 4309005120.7>
      Other, 0x105f50dc0 <AX element pid: 174, elementOrHash.elementID: 36046696960.36>
        Other, 0x105f50f00 <AX element pid: 174, elementOrHash.elementID: 35906212864.47>
          Other, 0x105f51040 <AX element pid: 174, elementOrHash.elementID: 35922778688.55>
  Window, 0x105f51180 <AX element pid: 174, elementOrHash.elementID: 36018691584.13>
    Other, 0x105f512c0 <AX element pid: 174, elementOrHash.elementID: 36017885568.22>
  Window, 0x105f51400 <AX element pid: 174, elementOrHash.elementID: 36018685184.1812>
    Other, 0x105f51540 <AX element pid: 174, elementOrHash.elementID: 35889648896.1813>
      Other, 0x105f51680 <AX element pid: 174, elementOrHash.elementID: 35887702784.1815>
  Window, 0x105f517c0 <AX element pid: 174, elementOrHash.elementID: 35951108864.14>
    Other, 0x105f51900 <AX element pid: 174, elementOrHash.elementID: 35953539072.23>
      Other, 0x105f51a40 <AX element pid: 174, elementOrHash.elementID: 35953539968.37>
  Window, 0x105f51b80 <AX element pid: 174, elementOrHash.elementID: 35920354816.15>
    Other, 0x105f51cc0 <AX element pid: 174, elementOrHash.elementID: 35923110400.24>
      Other, 0x105f51e00 <AX element pid: 174, elementOrHash.elementID: 35923112192.38>
  Window, 0x105f51f40 <AX element pid: 174, elementOrHash.elementID: 36036372480.9>
    Other, 0x105f52080 <AX element pid: 174, elementOrHash.elementID: 35942339840.25>
      Other, 0x105f521c0 <AX element pid: 174, elementOrHash.elementID: 35942340288.39>
        Other, 0x105f52300 <AX element pid: 174, elementOrHash.elementID: 35942345216.48>
        Other, 0x105f52440 <AX element pid: 174, elementOrHash.elementID: 35942345664.49>
        Other, 0x105f52580 <AX element pid: 174, elementOrHash.elementID: 35941851264.50>
          Other, 0x105f526c0 <AX element pid: 174, elementOrHash.elementID: 36036367360.56>
            Icon, 0x105f52800 <AX element pid: 174, elementOrHash.elementID: 35943737856.6>
              Other, 0x105f52940 <AX element pid: 174, elementOrHash.elementID: 35943844928.145>
                Other, 0x105f52a80 <AX element pid: 174, elementOrHash.elementID: 35943845376.185>
                  Other, 0x105f52bc0 <AX element pid: 174, elementOrHash.elementID: 35943797760.251>
                    Other, 0x105f52d00 <AX element pid: 174, elementOrHash.elementID: 35943806720.319>
            Icon, 0x105f52e40 <AX element pid: 174, elementOrHash.elementID: 35943739392.75>
              Other, 0x105f52f80 <AX element pid: 174, elementOrHash.elementID: 35943845824.146>
                Other, 0x105f530c0 <AX element pid: 174, elementOrHash.elementID: 35943846272.186>
                  Other, 0x105f53200 <AX element pid: 174, elementOrHash.elementID: 35943792640.252>
                    Other, 0x105f53340 <AX element pid: 174, elementOrHash.elementID: 35943808000.320>
            Icon, 0x105f53480 <AX element pid: 174, elementOrHash.elementID: 35943740928.76>
              Other, 0x105f535c0 <AX element pid: 174, elementOrHash.elementID: 35943846720.147>
                Other, 0x105f53700 <AX element pid: 174, elementOrHash.elementID: 35943847168.187>
                  Other, 0x105f53840 <AX element pid: 174, elementOrHash.elementID: 35941855104.253>
                    Other, 0x105f53980 <AX element pid: 174, elementOrHash.elementID: 35944039040.321>
            Icon, 0x105f53ac0 <AX element pid: 174, elementOrHash.elementID: 35944136704.77>
              Other, 0x105f53c00 <AX element pid: 174, elementOrHash.elementID: 35943847616.148>
                Other, 0x105f53d40 <AX element pid: 174, elementOrHash.elementID: 35943848064.188>
                  Other, 0x105f53e80 <AX element pid: 174, elementOrHash.elementID: 35943795840.254>
                    Other, 0x105f58000 <AX element pid: 174, elementOrHash.elementID: 35944040320.322>
            Icon, 0x105f58140 <AX element pid: 174, elementOrHash.elementID: 35944138240.78>
              Other, 0x105f58280 <AX element pid: 174, elementOrHash.elementID: 35943848512.149>
                Other, 0x105f583c0 <AX element pid: 174, elementOrHash.elementID: 35943848960.189>
                  Other, 0x105f58500 <AX element pid: 174, elementOrHash.elementID: 35941858304.255>
                    Other, 0x105f58640 <AX element pid: 174, elementOrHash.elementID: 35875794176.2181>
            Icon, 0x105f58780 <AX element pid: 174, elementOrHash.elementID: 35944139776.79>
              Other, 0x105f588c0 <AX element pid: 174, elementOrHash.elementID: 35943849856.150>
                Other, 0x105f58a00 <AX element pid: 174, elementOrHash.elementID: 35943850304.190>
                  Other, 0x105f58b40 <AX element pid: 174, elementOrHash.elementID: 35943799040.256>
                    Other, 0x105f58c80 <AX element pid: 174, elementOrHash.elementID: 35944043520.324>
            Icon, 0x105f58dc0 <AX element pid: 174, elementOrHash.elementID: 35944141312.80>
              Other, 0x105f58f00 <AX element pid: 174, elementOrHash.elementID: 35943850752.151>
                Other, 0x105f59040 <AX element pid: 174, elementOrHash.elementID: 35943851200.191>
                  Other, 0x105f59180 <AX element pid: 174, elementOrHash.elementID: 35941853184.257>
                    Other, 0x105f592c0 <AX element pid: 174, elementOrHash.elementID: 35944044800.325>
          Other, 0x105f59400 <AX element pid: 174, elementOrHash.elementID: 36036369408.57>
            Icon, 0x105f59540 <AX element pid: 174, elementOrHash.elementID: 35941698560.81>
              Other, 0x105f59680 <AX element pid: 174, elementOrHash.elementID: 35942346112.152>
                Other, 0x105f597c0 <AX element pid: 174, elementOrHash.elementID: 35943611712.192>
                  Other, 0x105f59900 <AX element pid: 174, elementOrHash.elementID: 35941853824.258>
                    Other, 0x105f59a40 <AX element pid: 174, elementOrHash.elementID: 35943800960.326>
            Icon, 0x105f59b80 <AX element pid: 174, elementOrHash.elementID: 35943734784.82>
              Other, 0x105f59cc0 <AX element pid: 174, elementOrHash.elementID: 35943841792.153>
                Other, 0x105f59e00 <AX element pid: 174, elementOrHash.elementID: 35943842240.193>
                  Other, 0x105f59f40 <AX element pid: 174, elementOrHash.elementID: 35943794560.259>
                    Other, 0x105f5a080 <AX element pid: 174, elementOrHash.elementID: 35943802240.327>
                  Other, 0x105f5a1c0 <AX element pid: 174, elementOrHash.elementID: 35943802880.260>
                    Other, 0x105f5a300 <AX element pid: 174, elementOrHash.elementID: 35943844032.328>
                      Image, 0x105f5a440 <AX element pid: 174, elementOrHash.elementID: 36036537344.415>
          Other, 0x105f5a580 <AX element pid: 174, elementOrHash.elementID: 36036368384.58>
          Icon, 0x105f5a6c0 <AX element pid: 174, elementOrHash.elementID: 35944142848.59>
            Other, 0x105f5a800 <AX element pid: 174, elementOrHash.elementID: 35887479808.1147>
            Other, 0x105f5a940 <AX element pid: 174, elementOrHash.elementID: 35887469568.1148>
            Other, 0x105f5aa80 <AX element pid: 174, elementOrHash.elementID: 35891053184.513>
            Other, 0x105f5abc0 <AX element pid: 174, elementOrHash.elementID: 35887477248.1149>
      Other, 0x105f5ad00 <AX element pid: 174, elementOrHash.elementID: 35944048000.40>
        Other, 0x105f5ae40 <AX element pid: 174, elementOrHash.elementID: 36037143040.51>
          Other, 0x105f5af80 <AX element pid: 174, elementOrHash.elementID: 16400521463572639115.9999>
            Other, 0x105f5b0c0 <AX element pid: 303, elementOrHash.elementID: 4312005392.4>
              Other, 0x105f5b200 <AX element pid: 303, elementOrHash.elementID: 33807598848.5>
                Other, 0x105f5b340 <AX element pid: 303, elementOrHash.elementID: 33807631232.6>
                  Other, 0x105f5b480 <AX element pid: 303, elementOrHash.elementID: 33807630336.7>
          Other, 0x105f5b5c0 <AX element pid: 174, elementOrHash.elementID: 3119342986303746691.9999>
            Other, 0x105f5b700 <AX element pid: 303, elementOrHash.elementID: 33807632128.8>
              Other, 0x105f5b840 <AX element pid: 303, elementOrHash.elementID: 33807633920.9>
          Other, 0x105f5b980 <AX element pid: 174, elementOrHash.elementID: 13277597320353363328.9999>
  Window, 0x105f5bac0 <AX element pid: 174, elementOrHash.elementID: 36022010880.16>
    StatusBar, 0x105f5bc00 <AX element pid: 174, elementOrHash.elementID: 36017866624.26>
      Other, 0x105f5bd40 <AX element pid: 174, elementOrHash.elementID: 36021977088.41>
        Other, 0x105f5be80 <AX element pid: 174, elementOrHash.elementID: 35889654720.2076>
          Other, 0x105f5c000 <AX element pid: 174, elementOrHash.elementID: 35889647552.2077>
            StaticText, 0x105f5c140 <AX element pid: 174, elementOrHash.elementID: 35893191424.2079>
            StaticText, 0x105f5c280 <AX element pid: 174, elementOrHash.elementID: 35893197696.2080>
          Other, 0x105f5c3c0 <AX element pid: 174, elementOrHash.elementID: 35907105920.2078>
            Other, 0x105f5c500 <AX element pid: 174, elementOrHash.elementID: 36057354752.2081>
            StaticText, 0x105f5c640 <AX element pid: 174, elementOrHash.elementID: 35911293952.2083>
            Other, 0x105f5c780 <AX element pid: 174, elementOrHash.elementID: 35888203008.2084>
    Other, 0x105f5c8c0 <AX element pid: 174, elementOrHash.elementID: 36017881984.27>
  Window, 0x105f5ca00 <AX element pid: 174, elementOrHash.elementID: 36032072704.17>
    Other, 0x105f5cb40 <AX element pid: 174, elementOrHash.elementID: 35953535488.28>
  Window, 0x105f5cc80 <AX element pid: 174, elementOrHash.elementID: 36032076800.18>
    Other, 0x105f5cdc0 <AX element pid: 174, elementOrHash.elementID: 35953537728.29>
23:18:16.480 WebDriverAgentRunner-Runner[1362:140233] Found matches {(
    StatusBar
)} with root Application, pid: 174
23:18:16.480 WebDriverAgentRunner-Runner[1362:140233] <XCTContext: 0x1025ad6d0> finished activity <XCActivityRecord: 0x105551a40> 2026-07-19 16:18:16 +0000: Find the StatusBar (Element at index 0) (0.271572s)
23:18:16.481 WebDriverAgentRunner-Runner[1362:140233] Creating future for 'checking for continuity enablement' with timeout 30.00
23:18:16.481 WebDriverAgentRunner-Runner[1362:140233] <XCTWaiter: 0x105e7c9f0> entering wait loop for 30.00s with expectations: `checking for continuity enablement`
23:18:16.482 WebDriverAgentRunner-Runner[1362:140233] Returning result XCTWaiterResultCompleted for synchronous waiter <XCTWaiter: 0x105e7c9f0>
23:18:16.482 WebDriverAgentRunner-Runner[1362:140233] Wait <XCTWaiterWait: 0x105f60a40> completed after 0.001s
23:18:16.483 WebDriverAgentRunner-Runner[1362:140233] cleaning up checking for continuity enablement
23:18:16.483 WebDriverAgentRunner-Runner[1362:140233] Creating future for 'fetching attributes 'XC_kAXXCAttributeFrame', 'XC_kAXXCAttributeWindowDisplayId', 'XC_kAXXCAttributeWindowContextId' for AX element pid: 174, elementOrHash.elementID: 36017866624.26' with timeout 30.00
23:18:16.483 WebDriverAgentRunner-Runner[1362:140233] <XCTWaiter: 0x105e7c3f0> entering wait loop for 30.00s with expectations: `fetching attributes 'XC_kAXXCAttributeFrame', 'XC_kAXXCAttributeWindowDisplayId', 'XC_kAXXCAttributeWindowContextId' for AX element pid: 174, elementOrHash.elementID: 36017866624.26`
23:18:16.485 WebDriverAgentRunner-Runner[1362:140233] Returning result XCTWaiterResultCompleted for synchronous waiter <XCTWaiter: 0x105e7c3f0>
23:18:16.485 WebDriverAgentRunner-Runner[1362:140233] Wait <XCTWaiterWait: 0x105f607c0> completed after 0.002s
23:18:16.485 WebDriverAgentRunner-Runner[1362:140233] cleaning up fetching attributes 'XC_kAXXCAttributeFrame', 'XC_kAXXCAttributeWindowDisplayId', 'XC_kAXXCAttributeWindowContextId' for AX element pid: 174, elementOrHash.elementID: 36017866624.26
23:18:16.485 WebDriverAgentRunner-Runner[1362:140233] StatusBar (AX element pid: 174, elementOrHash.elementID: 36017866624.26) faulted in {
    "XC_kAXXCAttributeFrame" =     {
        Height = 1366;
        Width = 32;
        X = 0;
        Y = 0;
    };
    "XC_kAXXCAttributeWindowContextId" = 2087488016;
    "XC_kAXXCAttributeWindowDisplayId" = 1;
}: (no error) for frame using XC_kAXXCAttributeFrame, XC_kAXXCAttributeWindowDisplayId, XC_kAXXCAttributeWindowContextId
23:18:16.485 WebDriverAgentRunner-Runner[1362:140233] getting parameterized attribute XC_kAXXCParameterizedAttributeConvertHostedViewFrame with parameter (
        {
        Height = 1366;
        Width = 32;
        X = 0;
        Y = 0;
    },
    2087488016,
    1
)
23:18:16.485 WebDriverAgentRunner-Runner[1362:140233] Creating future for 'getting parameterized attribute XC_kAXXCParameterizedAttributeConvertHostedViewFrame' with timeout 65.00
23:18:16.486 WebDriverAgentRunner-Runner[1362:140233] <XCTWaiter: 0x105e7d3e0> entering wait loop for 65.00s with expectations: `getting parameterized attribute XC_kAXXCParameterizedAttributeConvertHostedViewFrame`
23:18:16.487 WebDriverAgentRunner-Runner[1362:140252] Got parameterized attribute fetch for XC_kAXXCParameterizedAttributeConvertHostedViewFrame response with values {
    Height = 1366;
    Width = 32;
    X = 0;
    Y = 0;
}, error: (null)
23:18:16.487 WebDriverAgentRunner-Runner[1362:140233] Returning result XCTWaiterResultCompleted for synchronous waiter <XCTWaiter: 0x105e7d3e0>
23:18:16.487 WebDriverAgentRunner-Runner[1362:140233] Wait <XCTWaiterWait: 0x105f603c0> completed after 0.001s
23:18:16.487 WebDriverAgentRunner-Runner[1362:140233] cleaning up getting parameterized attribute XC_kAXXCParameterizedAttributeConvertHostedViewFrame
23:18:16.487 WebDriverAgentRunner-Runner[1362:140233] No change when transforming rect {{0, 0}, {32, 1366}}, either portrait orientation or non-standard app configuration such as springboard
23:18:16.487 WebDriverAgentRunner-Runner[1362:140233] Fetching application interface orientation
23:18:16.488 WebDriverAgentRunner-Runner[1362:140233] Creating future for 'getting interface orientation' with timeout 65.00
23:18:16.488 WebDriverAgentRunner-Runner[1362:140233] <XCTWaiter: 0x105e7d230> entering wait loop for 65.00s with expectations: `getting interface orientation`
23:18:16.489 WebDriverAgentRunner-Runner[1362:140233] Returning result XCTWaiterResultCompleted for synchronous waiter <XCTWaiter: 0x105e7d230>
23:18:16.489 WebDriverAgentRunner-Runner[1362:140233] Wait <XCTWaiterWait: 0x105f60040> completed after 0.001s
23:18:16.489 WebDriverAgentRunner-Runner[1362:140233] cleaning up getting interface orientation
23:18:16.489 WebDriverAgentRunner-Runner[1362:140233] Creating future for 'getting screen identifiers' with timeout 30.00
23:18:16.489 WebDriverAgentRunner-Runner[1362:140233] <XCTWaiter: 0x105e7cf00> entering wait loop for 30.00s with expectations: `getting screen identifiers`
23:18:16.489 WebDriverAgentRunner-Runner[1362:140233] Returning result XCTWaiterResultCompleted for synchronous waiter <XCTWaiter: 0x105e7cf00>
23:18:16.490 WebDriverAgentRunner-Runner[1362:140233] Wait <XCTWaiterWait: 0x105f60c00> completed after 0.000s
23:18:16.490 WebDriverAgentRunner-Runner[1362:140233] cleaning up getting screen identifiers
23:18:16.490 WebDriverAgentRunner-Runner[1362:140233] Creating future for 'getting screen bounds' with timeout 30.00
23:18:16.490 WebDriverAgentRunner-Runner[1362:140233] <XCTWaiter: 0x105e7d950> entering wait loop for 30.00s with expectations: `getting screen bounds`
23:18:16.490 WebDriverAgentRunner-Runner[1362:140233] Returning result XCTWaiterResultCompleted for synchronous waiter <XCTWaiter: 0x105e7d950>
23:18:16.490 WebDriverAgentRunner-Runner[1362:140233] Wait <XCTWaiterWait: 0x105f60d80> completed after 0.000s
23:18:16.490 WebDriverAgentRunner-Runner[1362:140233] cleaning up getting screen bounds
23:18:16.490 WebDriverAgentRunner-Runner[1362:140233] Creating future for 'getting screen scale' with timeout 30.00
23:18:16.491 WebDriverAgentRunner-Runner[1362:140233] <XCTWaiter: 0x105e7dd70> entering wait loop for 30.00s with expectations: `getting screen scale`
23:18:16.491 WebDriverAgentRunner-Runner[1362:140233] Returning result XCTWaiterResultCompleted for synchronous waiter <XCTWaiter: 0x105e7dd70>
23:18:16.491 WebDriverAgentRunner-Runner[1362:140233] Wait <XCTWaiterWait: 0x105f60d80> completed after 0.000s
23:18:16.491 WebDriverAgentRunner-Runner[1362:140233] cleaning up getting screen scale
23:18:16.491 WebDriverAgentRunner-Runner[1362:140233] <XCTContext: 0x1025ad6d0> started activity <XCActivityRecord: 0x105550e00> 2026-07-19 16:18:16 +0000: Find the Application 'com.apple.springboard'
    t =    18.06s Find the Application 'com.apple.springboard'
23:18:16.492 WebDriverAgentRunner-Runner[1362:140233] Executing query:

23:18:16.492 WebDriverAgentRunner-Runner[1362:140233] Creating future for 'checking for continuity enablement' with timeout 30.00
23:18:16.492 WebDriverAgentRunner-Runner[1362:140233] <XCTWaiter: 0x105e7e280> entering wait loop for 30.00s with expectations: `checking for continuity enablement`
23:18:16.493 WebDriverAgentRunner-Runner[1362:140233] Returning result XCTWaiterResultCompleted for synchronous waiter <XCTWaiter: 0x105e7e280>
23:18:16.493 WebDriverAgentRunner-Runner[1362:140233] Wait <XCTWaiterWait: 0x105f61040> completed after 0.001s
23:18:16.493 WebDriverAgentRunner-Runner[1362:140233] cleaning up checking for continuity enablement
23:18:16.493 WebDriverAgentRunner-Runner[1362:140233] Should evaluate query remotely? XCTDisableRemoteQueryEvaluation(d-write): YES, hasAutomationSession: YES, supportsRemoteEvaluation: YES
23:18:16.493 WebDriverAgentRunner-Runner[1362:140233] Getting matching snapshots for locally evaluated query
23:18:16.494 WebDriverAgentRunner-Runner[1362:140233] Evaluating query:
 
23:18:16.494 WebDriverAgentRunner-Runner[1362:140233] Getting root element snapshot
23:18:16.494 WebDriverAgentRunner-Runner[1362:140233] Getting snapshot for App element pid: 174 for query 
23:18:16.494 WebDriverAgentRunner-Runner[1362:140233] <XCTContext: 0x1025ad6d0> started activity <XCActivityRecord: 0x105550d90> 2026-07-19 16:18:16 +0000: Requesting snapshot of accessibility hierarchy for app with pid 174
23:18:16.494 WebDriverAgentRunner-Runner[1362:140233] Query requires iOS snapshot attributes .
23:18:16.495 WebDriverAgentRunner-Runner[1362:140233] XCUIElementQuery <XCTElementSnapshotProvider> getting snapshot
23:18:16.495 WebDriverAgentRunner-Runner[1362:140233] Snapshot request has custom attributes 
23:18:16.495 WebDriverAgentRunner-Runner[1362:140233] Snapshot request has custom parameters {
    snapshotKeyHonorModalViews = 0;
}
23:18:16.495 WebDriverAgentRunner-Runner[1362:140233] Current snapshot generation is 12
    t =    18.06s     Requesting snapshot of accessibility hierarchy for app with pid 174
23:18:16.495 WebDriverAgentRunner-Runner[1362:140233] Capturing a new snapshot
23:18:16.495 WebDriverAgentRunner-Runner[1362:140233] Fetching snapshot for App element pid: 174 from testmanagerd with attributes XC_kAXXCAttributeElementType, XC_kAXXCAttributeElementBaseType, XC_kAXXCAttributeParent, XC_kAXXCAttributeIdentifier, XC_kAXXCAttributeAutomationType, XC_kAXXCAttributeTraits and parameters {
    maxArrayCount = 2147483647;
    maxChildren = 2147483647;
    maxDepth = 50;
    snapshotKeyHonorModalViews = 0;
    traverseFromParentsToChildren = 1;
}.
23:18:16.495 WebDriverAgentRunner-Runner[1362:140233] Creating future for 'fetching snapshot from testmanagerd.' with timeout 65.00
23:18:16.496 WebDriverAgentRunner-Runner[1362:140233] <XCTWaiter: 0x105e7ebe0> entering wait loop for 65.00s with expectations: `fetching snapshot from testmanagerd.`
23:18:16.760 WebDriverAgentRunner-Runner[1362:140612] Got snapshot response with runtime issue support from testmanagerd.
23:18:16.760 WebDriverAgentRunner-Runner[1362:140233] Returning result XCTWaiterResultCompleted for synchronous waiter <XCTWaiter: 0x105e7ebe0>
23:18:16.761 WebDriverAgentRunner-Runner[1362:140233] Wait <XCTWaiterWait: 0x105f61480> completed after 0.265s
23:18:16.761 WebDriverAgentRunner-Runner[1362:140233] cleaning up fetching snapshot from testmanagerd.
23:18:16.761 WebDriverAgentRunner-Runner[1362:140233] <XCTContext: 0x1025ad6d0> finished activity <XCActivityRecord: 0x105550d90> 2026-07-19 16:18:16 +0000: Requesting snapshot of accessibility hierarchy for app with pid 174 (0.267042s)
23:18:16.761 WebDriverAgentRunner-Runner[1362:140233] Found matches {(
    App element pid: 174
)} with root App element pid: 174
23:18:16.762 WebDriverAgentRunner-Runner[1362:140233] <XCTContext: 0x1025ad6d0> finished activity <XCActivityRecord: 0x105550e00> 2026-07-19 16:18:16 +0000: Find the Application 'com.apple.springboard' (0.270153s)
23:18:16.762 WebDriverAgentRunner-Runner[1362:140233] XCUIElementQuery <XCTElementSnapshotProvider> getting snapshot
23:18:16.762 WebDriverAgentRunner-Runner[1362:140233] Snapshot request has custom attributes XC_kAXXCAttributeElementBaseType, XC_kAXXCAttributeValue, XC_kAXXCAttributeAutomationType, XC_kAXXCAttributeIdentifier, XC_kAXXCAttributeTraits, XC_kAXXCAttributeVerticalSizeClass, XC_kAXXCAttributeFrame, XC_kAXXCAttributeWindowDisplayId, XC_kAXXCAttributeWindowContextId, XC_kAXXCAttributeLabel, XC_kAXXCAttributeHorizontalSizeClass, XC_kAXXCAttributeHasNativeFocus, XC_kAXXCAttributePlaceholderValue, XC_kAXXCAttributeElementType
23:18:16.762 WebDriverAgentRunner-Runner[1362:140233] Current snapshot generation is 15
23:18:16.762 WebDriverAgentRunner-Runner[1362:140233] Query rootElementSnapshot is non-null with generation count 15
23:18:16.762 WebDriverAgentRunner-Runner[1362:140233] Capturing a new snapshot
23:18:16.762 WebDriverAgentRunner-Runner[1362:140233] Fetching snapshot for App element pid: 174 from testmanagerd with attributes XC_kAXXCAttributeElementBaseType, XC_kAXXCAttributeParent, XC_kAXXCAttributeAutomationType, XC_kAXXCAttributeIdentifier, XC_kAXXCAttributeTraits, XC_kAXXCAttributeVerticalSizeClass, XC_kAXXCAttributeFrame, XC_kAXXCAttributeWindowDisplayId, XC_kAXXCAttributeWindowContextId, XC_kAXXCAttributeLabel, XC_kAXXCAttributeHorizontalSizeClass, XC_kAXXCAttributeHasNativeFocus, XC_kAXXCAttributePlaceholderValue, XC_kAXXCAttributeTruncatedValue, XC_kAXXCAttributeElementType and parameters {
    maxArrayCount = 2147483647;
    maxChildren = 2147483647;
    maxDepth = 50;
    snapshotKeyHonorModalViews = 0;
    traverseFromParentsToChildren = 1;
}.
23:18:16.763 WebDriverAgentRunner-Runner[1362:140233] Creating future for 'fetching snapshot from testmanagerd.' with timeout 65.00
23:18:16.763 WebDriverAgentRunner-Runner[1362:140233] <XCTWaiter: 0x105e7e340> entering wait loop for 65.00s with expectations: `fetching snapshot from testmanagerd.`
23:18:17.001 WebDriverAgentRunner-Runner[1362:140252] Handling kAXPidStatusChangedNotification
23:18:17.002 WebDriverAgentRunner-Runner[1362:140252] Got kAXPidStatusChangedNotification for pid 1369: active
23:18:17.003 WebDriverAgentRunner-Runner[1362:140252] Handling kAXPidStatusChangedNotification
23:18:17.004 WebDriverAgentRunner-Runner[1362:140252] Got kAXPidStatusChangedNotification for pid 1369: active
23:18:17.079 WebDriverAgentRunner-Runner[1362:140233] No application process found matching pid 1369, caching
23:18:17.079 WebDriverAgentRunner-Runner[1362:140233] No application process found matching pid 1369, caching
23:18:17.111 WebDriverAgentRunner-Runner[1362:140612] Got snapshot response with runtime issue support from testmanagerd.
23:18:17.111 WebDriverAgentRunner-Runner[1362:140233] Returning result XCTWaiterResultCompleted for synchronous waiter <XCTWaiter: 0x105e7e340>
23:18:17.111 WebDriverAgentRunner-Runner[1362:140233] Wait <XCTWaiterWait: 0x105fb4940> completed after 0.348s
23:18:17.111 WebDriverAgentRunner-Runner[1362:140233] cleaning up fetching snapshot from testmanagerd.
23:18:17.112 WebDriverAgentRunner-Runner[1362:140233] Creating future for 'getting interface orientation' with timeout 65.00
23:18:17.112 WebDriverAgentRunner-Runner[1362:140233] <XCTWaiter: 0x105e7e250> entering wait loop for 65.00s with expectations: `getting interface orientation`
23:18:17.113 WebDriverAgentRunner-Runner[1362:140233] Returning result XCTWaiterResultCompleted for synchronous waiter <XCTWaiter: 0x105e7e250>
23:18:17.113 WebDriverAgentRunner-Runner[1362:140233] Wait <XCTWaiterWait: 0x110c04d40> completed after 0.001s
23:18:17.113 WebDriverAgentRunner-Runner[1362:140233] cleaning up getting interface orientation
23:18:17.113 WebDriverAgentRunner-Runner[1362:140233] Creating future for 'getting screen identifiers' with timeout 30.00
23:18:17.114 WebDriverAgentRunner-Runner[1362:140233] <XCTWaiter: 0x105e7e5e0> entering wait loop for 30.00s with expectations: `getting screen identifiers`
23:18:17.114 WebDriverAgentRunner-Runner[1362:140233] Returning result XCTWaiterResultCompleted for synchronous waiter <XCTWaiter: 0x105e7e5e0>
23:18:17.114 WebDriverAgentRunner-Runner[1362:140233] Wait <XCTWaiterWait: 0x110c04a40> completed after 0.000s
23:18:17.114 WebDriverAgentRunner-Runner[1362:140233] cleaning up getting screen identifiers
23:18:17.114 WebDriverAgentRunner-Runner[1362:140233] Creating future for 'getting screen scale' with timeout 30.00
23:18:17.114 WebDriverAgentRunner-Runner[1362:140233] <XCTWaiter: 0x105e7dd70> entering wait loop for 30.00s with expectations: `getting screen scale`
23:18:17.114 WebDriverAgentRunner-Runner[1362:140233] Returning result XCTWaiterResultCompleted for synchronous waiter <XCTWaiter: 0x105e7dd70>
23:18:17.114 WebDriverAgentRunner-Runner[1362:140233] Wait <XCTWaiterWait: 0x110c04840> completed after 0.000s
23:18:17.115 WebDriverAgentRunner-Runner[1362:140233] cleaning up getting screen scale
23:18:17.130 WebDriverAgentRunner-Runner[1362:140612] Handling kAXPidStatusChangedNotification
23:18:17.131 WebDriverAgentRunner-Runner[1362:140612] Got kAXPidStatusChangedNotification for pid 1369: active
23:18:18.213 WebDriverAgentRunner-Runner[1362:140616] Handling kAXPidStatusChangedNotification
23:18:18.214 WebDriverAgentRunner-Runner[1362:140616] Got kAXPidStatusChangedNotification for pid 1133: active
23:18:21.601 WebDriverAgentRunner-Runner[1362:140612] Handling kAXUserTestingNotification
23:18:21.602 WebDriverAgentRunner-Runner[1362:140612] Received kAXUserTestingNotification from AX element pid: 347, elementOrHash.elementID: 0.1: {
    controllerClass = SBUIBannerClientContainerViewController;
    event = ViewDidAppear;
}
23:18:21.623 WebDriverAgentRunner-Runner[1362:140254] Handling kAXUserTestingNotification
23:18:21.624 WebDriverAgentRunner-Runner[1362:140254] Received kAXUserTestingNotification from AX element pid: 174, elementOrHash.elementID: 0.1: {
    controllerClass = BNContentViewController;
    event = ViewDidAppear;
}
23:18:22.974 WebDriverAgentRunner-Runner[1362:140612] Handling kAXUserTestingNotification
23:18:22.974 WebDriverAgentRunner-Runner[1362:140612] Received kAXUserTestingNotification from AX element pid: 174, elementOrHash.elementID: 0.1: {
    controllerClass = SBBannerSourceListenerHostedPresentableViewController;
    event = ViewDidAppear;
}
23:18:22.976 WebDriverAgentRunner-Runner[1362:140612] Handling kAXUserTestingNotification
23:18:22.977 WebDriverAgentRunner-Runner[1362:140612] Received kAXUserTestingNotification from AX element pid: 347, elementOrHash.elementID: 0.1: {
    controllerClass = BluetoothUIServiceBanner;
    event = ViewDidAppear;
}
23:18:24.133 WebDriverAgentRunner-Runner[1362:140233] No application process found matching pid 1369, caching
23:18:24.133 WebDriverAgentRunner-Runner[1362:140233] No application process found matching pid 1133, caching
23:18:28.349 WebDriverAgentRunner-Runner[1362:140250] Handling kAXUserTestingNotification
23:18:28.350 WebDriverAgentRunner-Runner[1362:140250] Received kAXUserTestingNotification from AX element pid: 347, elementOrHash.elementID: 0.1: {
    controllerClass = BluetoothUIServiceBanner;
    event = ViewDidDisappear;
}
23:18:28.360 WebDriverAgentRunner-Runner[1362:140250] Handling kAXUserTestingNotification
23:18:28.361 WebDriverAgentRunner-Runner[1362:140250] Received kAXUserTestingNotification from AX element pid: 174, elementOrHash.elementID: 0.1: {
    controllerClass = SBBannerSourceListenerHostedPresentableViewController;
    event = ViewDidDisappear;
}
23:18:28.362 WebDriverAgentRunner-Runner[1362:140250] Handling kAXUserTestingNotification
23:18:28.363 WebDriverAgentRunner-Runner[1362:140250] Received kAXUserTestingNotification from AX element pid: 174, elementOrHash.elementID: 0.1: {
    controllerClass = BNContentViewController;
    event = ViewDidDisappear;
}
23:18:28.380 WebDriverAgentRunner-Runner[1362:140612] Handling kAXUserTestingNotification
23:18:28.381 WebDriverAgentRunner-Runner[1362:140612] Received kAXUserTestingNotification from AX element pid: 347, elementOrHash.elementID: 0.1: {
    controllerClass = SBUIBannerClientContainerViewController;
    event = ViewDidDisappear;
}
23:18:35.666 WebDriverAgentRunner-Runner[1362:140233] Creating future for 'fetching attributes 'XC_kAXXCAttributeSystemAppApplication' for Device system-wide element' with timeout 65.00
23:18:35.668 WebDriverAgentRunner-Runner[1362:140233] <XCTWaiter: 0x105e7c240> entering wait loop for 65.00s with expectations: `fetching attributes 'XC_kAXXCAttributeSystemAppApplication' for Device system-wide element`
23:18:35.671 WebDriverAgentRunner-Runner[1362:140890] Got attribute fetch response with values {
    "XC_kAXXCAttributeSystemAppApplication" = "AX element pid: 174, elementOrHash.elementID: 0.1";
}, error: (null)
23:18:35.672 WebDriverAgentRunner-Runner[1362:140233] Returning result XCTWaiterResultCompleted for synchronous waiter <XCTWaiter: 0x105e7c240>
23:18:35.673 WebDriverAgentRunner-Runner[1362:140233] Wait <XCTWaiterWait: 0x110c04c00> completed after 0.005s
23:18:35.674 WebDriverAgentRunner-Runner[1362:140233] cleaning up fetching attributes 'XC_kAXXCAttributeSystemAppApplication' for Device system-wide element
23:18:35.675 WebDriverAgentRunner-Runner[1362:140233] Creating future for 'fetching attributes 'XC_kAXXCAttributeFocusedApplications' for AX element pid: 174, elementOrHash.elementID: 0.1' with timeout 65.00
23:18:35.676 WebDriverAgentRunner-Runner[1362:140233] <XCTWaiter: 0x105e7d560> entering wait loop for 65.00s with expectations: `fetching attributes 'XC_kAXXCAttributeFocusedApplications' for AX element pid: 174, elementOrHash.elementID: 0.1`
23:18:35.680 WebDriverAgentRunner-Runner[1362:140254] Got attribute fetch response with values {
    "XC_kAXXCAttributeFocusedApplications" =     (
        "AX element pid: 303, elementOrHash.elementID: 0.1",
        "AX element pid: 174, elementOrHash.elementID: 0.1"
    );
}, error: (null)
23:18:35.681 WebDriverAgentRunner-Runner[1362:140233] Returning result XCTWaiterResultCompleted for synchronous waiter <XCTWaiter: 0x105e7d560>
23:18:35.682 WebDriverAgentRunner-Runner[1362:140233] Wait <XCTWaiterWait: 0x110c04980> completed after 0.006s
23:18:35.683 WebDriverAgentRunner-Runner[1362:140233] cleaning up fetching attributes 'XC_kAXXCAttributeFocusedApplications' for AX element pid: 174, elementOrHash.elementID: 0.1
23:18:35.684 WebDriverAgentRunner-Runner[1362:140233] Active application elements: (
    "AX element pid: 303, elementOrHash.elementID: 0.1",
    "AX element pid: 174, elementOrHash.elementID: 0.1"
)
23:18:35.714 WebDriverAgentRunner-Runner[1362:140233] Creating future for 'getting interface orientation' with timeout 65.00
23:18:35.715 WebDriverAgentRunner-Runner[1362:140233] <XCTWaiter: 0x105e7c8a0> entering wait loop for 65.00s with expectations: `getting interface orientation`
23:18:35.716 WebDriverAgentRunner-Runner[1362:140233] Returning result XCTWaiterResultCompleted for synchronous waiter <XCTWaiter: 0x105e7c8a0>
23:18:35.716 WebDriverAgentRunner-Runner[1362:140233] Wait <XCTWaiterWait: 0x110c05000> completed after 0.002s
23:18:35.717 WebDriverAgentRunner-Runner[1362:140233] cleaning up getting interface orientation
23:18:35.719 WebDriverAgentRunner-Runner[1362:140233] <XCTContext: 0x1025ad6d0> started activity <XCActivityRecord: 0x105551a40> 2026-07-19 16:18:35 +0000: Find the Application 'com.apple.springboard'
    t =    37.29s Find the Application 'com.apple.springboard'
23:18:35.721 WebDriverAgentRunner-Runner[1362:140233] Executing query:

23:18:35.722 WebDriverAgentRunner-Runner[1362:140233] Creating future for 'checking for continuity enablement' with timeout 30.00
23:18:35.724 WebDriverAgentRunner-Runner[1362:140233] <XCTWaiter: 0x105e7d3e0> entering wait loop for 30.00s with expectations: `checking for continuity enablement`
23:18:35.726 WebDriverAgentRunner-Runner[1362:140233] Returning result XCTWaiterResultCompleted for synchronous waiter <XCTWaiter: 0x105e7d3e0>
23:18:35.726 WebDriverAgentRunner-Runner[1362:140233] Wait <XCTWaiterWait: 0x110c05240> completed after 0.002s
23:18:35.727 WebDriverAgentRunner-Runner[1362:140233] cleaning up checking for continuity enablement
23:18:35.727 WebDriverAgentRunner-Runner[1362:140233] Should evaluate query remotely? XCTDisableRemoteQueryEvaluation(d-write): YES, hasAutomationSession: YES, supportsRemoteEvaluation: YES
23:18:35.728 WebDriverAgentRunner-Runner[1362:140233] Getting matching snapshots for locally evaluated query
23:18:35.728 WebDriverAgentRunner-Runner[1362:140233] Evaluating query:
 
23:18:35.728 WebDriverAgentRunner-Runner[1362:140233] Getting root element snapshot
23:18:35.728 WebDriverAgentRunner-Runner[1362:140233] Getting snapshot for App element pid: 174 for query 
23:18:35.729 WebDriverAgentRunner-Runner[1362:140233] <XCTContext: 0x1025ad6d0> started activity <XCActivityRecord: 0x105550e00> 2026-07-19 16:18:35 +0000: Requesting snapshot of accessibility hierarchy for app with pid 174
    t =    37.30s     Requesting snapshot of accessibility hierarchy for app with pid 174
23:18:35.730 WebDriverAgentRunner-Runner[1362:140233] Query requires iOS snapshot attributes .
23:18:35.730 WebDriverAgentRunner-Runner[1362:140233] XCUIElementQuery <XCTElementSnapshotProvider> getting snapshot
23:18:35.730 WebDriverAgentRunner-Runner[1362:140233] Snapshot request has custom attributes 
23:18:35.730 WebDriverAgentRunner-Runner[1362:140233] Snapshot request has custom parameters {
    snapshotKeyHonorModalViews = 0;
}
23:18:35.730 WebDriverAgentRunner-Runner[1362:140233] Current snapshot generation is 30
23:18:35.731 WebDriverAgentRunner-Runner[1362:140233] Query rootElementSnapshot is non-null with generation count 15
23:18:35.731 WebDriverAgentRunner-Runner[1362:140233] Capturing a new snapshot
23:18:35.731 WebDriverAgentRunner-Runner[1362:140233] Fetching snapshot for App element pid: 174 from testmanagerd with attributes XC_kAXXCAttributeElementType, XC_kAXXCAttributeElementBaseType, XC_kAXXCAttributeParent, XC_kAXXCAttributeIdentifier, XC_kAXXCAttributeAutomationType, XC_kAXXCAttributeTraits and parameters {
    maxArrayCount = 2147483647;
    maxChildren = 2147483647;
    maxDepth = 50;
    snapshotKeyHonorModalViews = 0;
    traverseFromParentsToChildren = 1;
}.
23:18:35.731 WebDriverAgentRunner-Runner[1362:140233] Creating future for 'fetching snapshot from testmanagerd.' with timeout 65.00
23:18:35.732 WebDriverAgentRunner-Runner[1362:140233] <XCTWaiter: 0x105e7d830> entering wait loop for 65.00s with expectations: `fetching snapshot from testmanagerd.`
23:18:35.989 WebDriverAgentRunner-Runner[1362:140891] Got snapshot response with runtime issue support from testmanagerd.
23:18:35.989 WebDriverAgentRunner-Runner[1362:140233] Returning result XCTWaiterResultCompleted for synchronous waiter <XCTWaiter: 0x105e7d830>
23:18:35.989 WebDriverAgentRunner-Runner[1362:140233] Wait <XCTWaiterWait: 0x110c056c0> completed after 0.257s
23:18:35.989 WebDriverAgentRunner-Runner[1362:140233] cleaning up fetching snapshot from testmanagerd.
23:18:35.990 WebDriverAgentRunner-Runner[1362:140233] <XCTContext: 0x1025ad6d0> finished activity <XCActivityRecord: 0x105550e00> 2026-07-19 16:18:35 +0000: Requesting snapshot of accessibility hierarchy for app with pid 174 (0.260959s)
23:18:35.990 WebDriverAgentRunner-Runner[1362:140233] Found matches {(
    App element pid: 174
)} with root App element pid: 174
23:18:35.991 WebDriverAgentRunner-Runner[1362:140233] <XCTContext: 0x1025ad6d0> finished activity <XCActivityRecord: 0x105551a40> 2026-07-19 16:18:35 +0000: Find the Application 'com.apple.springboard' (0.27182s)
23:18:35.991 WebDriverAgentRunner-Runner[1362:140233] Creating future for 'checking for continuity enablement' with timeout 30.00
23:18:35.991 WebDriverAgentRunner-Runner[1362:140233] <XCTWaiter: 0x105e7d020> entering wait loop for 30.00s with expectations: `checking for continuity enablement`
23:18:35.992 WebDriverAgentRunner-Runner[1362:140233] Returning result XCTWaiterResultCompleted for synchronous waiter <XCTWaiter: 0x105e7d020>
23:18:35.992 WebDriverAgentRunner-Runner[1362:140233] Wait <XCTWaiterWait: 0x105ef6fc0> completed after 0.001s
23:18:35.992 WebDriverAgentRunner-Runner[1362:140233] cleaning up checking for continuity enablement
23:18:35.993 WebDriverAgentRunner-Runner[1362:140233] Creating future for 'fetching attributes 'XC_kAXXCAttributeFrame', 'XC_kAXXCAttributeWindowDisplayId', 'XC_kAXXCAttributeWindowContextId' for App element pid: 174' with timeout 30.00
23:18:35.993 WebDriverAgentRunner-Runner[1362:140233] <XCTWaiter: 0x105e7d590> entering wait loop for 30.00s with expectations: `fetching attributes 'XC_kAXXCAttributeFrame', 'XC_kAXXCAttributeWindowDisplayId', 'XC_kAXXCAttributeWindowContextId' for App element pid: 174`
23:18:35.994 WebDriverAgentRunner-Runner[1362:140233] Returning result XCTWaiterResultCompleted for synchronous waiter <XCTWaiter: 0x105e7d590>
23:18:35.994 WebDriverAgentRunner-Runner[1362:140233] Wait <XCTWaiterWait: 0x105ef79c0> completed after 0.001s
23:18:35.994 WebDriverAgentRunner-Runner[1362:140233] cleaning up fetching attributes 'XC_kAXXCAttributeFrame', 'XC_kAXXCAttributeWindowDisplayId', 'XC_kAXXCAttributeWindowContextId' for App element pid: 174
23:18:35.994 WebDriverAgentRunner-Runner[1362:140233] App element pid: 174 (App element pid: 174) faulted in {
    "XC_kAXXCAttributeFrame" =     {
        Height = 1024;
        Width = 1366;
        X = 0;
        Y = 0;
    };
    "XC_kAXXCAttributeWindowContextId" = 419046886;
    "XC_kAXXCAttributeWindowDisplayId" = 0;
}: (no error) for frame using XC_kAXXCAttributeFrame, XC_kAXXCAttributeWindowDisplayId, XC_kAXXCAttributeWindowContextId
23:18:35.994 WebDriverAgentRunner-Runner[1362:140233] Creating future for 'checking for continuity enablement' with timeout 30.00
23:18:35.994 WebDriverAgentRunner-Runner[1362:140233] <XCTWaiter: 0x105e7f0c0> entering wait loop for 30.00s with expectations: `checking for continuity enablement`
23:18:35.995 WebDriverAgentRunner-Runner[1362:140233] Returning result XCTWaiterResultCompleted for synchronous waiter <XCTWaiter: 0x105e7f0c0>
23:18:35.995 WebDriverAgentRunner-Runner[1362:140233] Wait <XCTWaiterWait: 0x105ef6140> completed after 0.001s
23:18:35.995 WebDriverAgentRunner-Runner[1362:140233] cleaning up checking for continuity enablement
23:18:35.995 WebDriverAgentRunner-Runner[1362:140233] Creating future for 'fetching attributes 'XC_kAXXCAttributeElementType', 'XC_kAXXCAttributeElementBaseType', 'XC_kAXXCAttributeTraits', 'XC_kAXXCAttributeAutomationType' for App element pid: 174' with timeout 30.00
23:18:35.996 WebDriverAgentRunner-Runner[1362:140233] <XCTWaiter: 0x105e7d0b0> entering wait loop for 30.00s with expectations: `fetching attributes 'XC_kAXXCAttributeElementType', 'XC_kAXXCAttributeElementBaseType', 'XC_kAXXCAttributeTraits', 'XC_kAXXCAttributeAutomationType' for App element pid: 174`
23:18:35.996 WebDriverAgentRunner-Runner[1362:140233] Returning result XCTWaiterResultCompleted for synchronous waiter <XCTWaiter: 0x105e7d0b0>
23:18:35.996 WebDriverAgentRunner-Runner[1362:140233] Wait <XCTWaiterWait: 0x105ef4e40> completed after 0.001s
23:18:35.997 WebDriverAgentRunner-Runner[1362:140233] cleaning up fetching attributes 'XC_kAXXCAttributeElementType', 'XC_kAXXCAttributeElementBaseType', 'XC_kAXXCAttributeTraits', 'XC_kAXXCAttributeAutomationType' for App element pid: 174
23:18:35.997 WebDriverAgentRunner-Runner[1362:140233] App element pid: 174 (App element pid: 174) faulted in {
    "XC_kAXXCAttributeAutomationType" = 1;
    "XC_kAXXCAttributeElementBaseType" = UISystemShellApplication;
    "XC_kAXXCAttributeElementType" = SpringBoard;
    "XC_kAXXCAttributeTraits" = 0;
}: (no error) for elementType using XC_kAXXCAttributeElementType, XC_kAXXCAttributeElementBaseType, XC_kAXXCAttributeTraits, XC_kAXXCAttributeAutomationType
23:18:35.997 WebDriverAgentRunner-Runner[1362:140233] Preferring automation type 2 instead of legacy element type OTHER derived from class/trait: SpringBoard:UISystemShellApplication 0
23:18:35.997 WebDriverAgentRunner-Runner[1362:140233] Uncaptured runtime issue reported: Automation type mismatch: computed Other from legacy attributes vs Application from modern attribute.
23:18:35.997 WebDriverAgentRunner-Runner[1362:140233] Computed elementType Application.
23:18:35.997 WebDriverAgentRunner-Runner[1362:140233] <XCTContext: 0x1025ad6d0> started activity <XCActivityRecord: 0x105550d90> 2026-07-19 16:18:35 +0000: Find the Application 'com.apple.springboard'
23:18:35.997 WebDriverAgentRunner-Runner[1362:140233] Executing query:

23:18:35.998 WebDriverAgentRunner-Runner[1362:140233] Creating future for 'checking for continuity enablement' with timeout 30.00
23:18:35.998 WebDriverAgentRunner-Runner[1362:140233] <XCTWaiter: 0x105e7db00> entering wait loop for 30.00s with expectations: `checking for continuity enablement`
    t =    37.57s Find the Application 'com.apple.springboard'
23:18:35.998 WebDriverAgentRunner-Runner[1362:140233] Returning result XCTWaiterResultCompleted for synchronous waiter <XCTWaiter: 0x105e7db00>
23:18:35.999 WebDriverAgentRunner-Runner[1362:140233] Wait <XCTWaiterWait: 0x105ef4940> completed after 0.001s
23:18:35.999 WebDriverAgentRunner-Runner[1362:140233] cleaning up checking for continuity enablement
23:18:35.999 WebDriverAgentRunner-Runner[1362:140233] Should evaluate query remotely? XCTDisableRemoteQueryEvaluation(d-write): YES, hasAutomationSession: YES, supportsRemoteEvaluation: YES
23:18:35.999 WebDriverAgentRunner-Runner[1362:140233] Getting matching snapshots for locally evaluated query
23:18:35.999 WebDriverAgentRunner-Runner[1362:140233] Evaluating query:
 
23:18:35.999 WebDriverAgentRunner-Runner[1362:140233] Getting root element snapshot
23:18:35.999 WebDriverAgentRunner-Runner[1362:140233] Getting snapshot for App element pid: 174 for query 
23:18:35.999 WebDriverAgentRunner-Runner[1362:140233] <XCTContext: 0x1025ad6d0> started activity <XCActivityRecord: 0x105550d20> 2026-07-19 16:18:35 +0000: Requesting snapshot of accessibility hierarchy for app with pid 174
23:18:36.000 WebDriverAgentRunner-Runner[1362:140233] Query requires iOS snapshot attributes .
23:18:36.000 WebDriverAgentRunner-Runner[1362:140233] XCUIElementQuery <XCTElementSnapshotProvider> getting snapshot
23:18:36.000 WebDriverAgentRunner-Runner[1362:140233] Snapshot request has custom attributes 
23:18:36.000 WebDriverAgentRunner-Runner[1362:140233] Snapshot request has custom parameters {
    snapshotKeyHonorModalViews = 0;
}
23:18:36.000 WebDriverAgentRunner-Runner[1362:140233] Current snapshot generation is 38
23:18:36.000 WebDriverAgentRunner-Runner[1362:140233] Query rootElementSnapshot is non-null with generation count 33
23:18:36.000 WebDriverAgentRunner-Runner[1362:140233] Capturing a new snapshot
23:18:36.000 WebDriverAgentRunner-Runner[1362:140233] Fetching snapshot for App element pid: 174 from testmanagerd with attributes XC_kAXXCAttributeElementType, XC_kAXXCAttributeElementBaseType, XC_kAXXCAttributeParent, XC_kAXXCAttributeIdentifier, XC_kAXXCAttributeAutomationType, XC_kAXXCAttributeTraits and parameters {
    maxArrayCount = 2147483647;
    maxChildren = 2147483647;
    maxDepth = 50;
    snapshotKeyHonorModalViews = 0;
    traverseFromParentsToChildren = 1;
}.
23:18:36.001 WebDriverAgentRunner-Runner[1362:140233] Creating future for 'fetching snapshot from testmanagerd.' with timeout 65.00
23:18:36.001 WebDriverAgentRunner-Runner[1362:140233] <XCTWaiter: 0x105e7e1f0> entering wait loop for 65.00s with expectations: `fetching snapshot from testmanagerd.`
    t =    37.57s     Requesting snapshot of accessibility hierarchy for app with pid 174
23:18:36.247 WebDriverAgentRunner-Runner[1362:140895] Got snapshot response with runtime issue support from testmanagerd.
23:18:36.247 WebDriverAgentRunner-Runner[1362:140233] Returning result XCTWaiterResultCompleted for synchronous waiter <XCTWaiter: 0x105e7e1f0>
23:18:36.247 WebDriverAgentRunner-Runner[1362:140233] Wait <XCTWaiterWait: 0x105ef4ec0> completed after 0.247s
23:18:36.247 WebDriverAgentRunner-Runner[1362:140233] cleaning up fetching snapshot from testmanagerd.
23:18:36.248 WebDriverAgentRunner-Runner[1362:140233] <XCTContext: 0x1025ad6d0> finished activity <XCActivityRecord: 0x105550d20> 2026-07-19 16:18:35 +0000: Requesting snapshot of accessibility hierarchy for app with pid 174 (0.248284s)
23:18:36.248 WebDriverAgentRunner-Runner[1362:140233] Found matches {(
    App element pid: 174
)} with root App element pid: 174
23:18:36.249 WebDriverAgentRunner-Runner[1362:140233] <XCTContext: 0x1025ad6d0> finished activity <XCActivityRecord: 0x105550d90> 2026-07-19 16:18:35 +0000: Find the Application 'com.apple.springboard' (0.251516s)
23:18:36.249 WebDriverAgentRunner-Runner[1362:140233] Creating future for 'checking for continuity enablement' with timeout 30.00
23:18:36.249 WebDriverAgentRunner-Runner[1362:140233] <XCTWaiter: 0x105e7dda0> entering wait loop for 30.00s with expectations: `checking for continuity enablement`
23:18:36.250 WebDriverAgentRunner-Runner[1362:140233] Returning result XCTWaiterResultCompleted for synchronous waiter <XCTWaiter: 0x105e7dda0>
23:18:36.250 WebDriverAgentRunner-Runner[1362:140233] Wait <XCTWaiterWait: 0x105fb4840> completed after 0.001s
23:18:36.250 WebDriverAgentRunner-Runner[1362:140233] cleaning up checking for continuity enablement
23:18:36.250 WebDriverAgentRunner-Runner[1362:140233] Creating future for 'fetching attributes 'XC_kAXXCAttributeFrame', 'XC_kAXXCAttributeWindowDisplayId', 'XC_kAXXCAttributeWindowContextId' for App element pid: 174' with timeout 30.00
23:18:36.250 WebDriverAgentRunner-Runner[1362:140233] <XCTWaiter: 0x105e7e130> entering wait loop for 30.00s with expectations: `fetching attributes 'XC_kAXXCAttributeFrame', 'XC_kAXXCAttributeWindowDisplayId', 'XC_kAXXCAttributeWindowContextId' for App element pid: 174`
23:18:36.251 WebDriverAgentRunner-Runner[1362:140233] Returning result XCTWaiterResultCompleted for synchronous waiter <XCTWaiter: 0x105e7e130>
23:18:36.251 WebDriverAgentRunner-Runner[1362:140233] Wait <XCTWaiterWait: 0x105fb5b40> completed after 0.001s
23:18:36.251 WebDriverAgentRunner-Runner[1362:140233] cleaning up fetching attributes 'XC_kAXXCAttributeFrame', 'XC_kAXXCAttributeWindowDisplayId', 'XC_kAXXCAttributeWindowContextId' for App element pid: 174
23:18:36.252 WebDriverAgentRunner-Runner[1362:140233] App element pid: 174 (App element pid: 174) faulted in {
    "XC_kAXXCAttributeFrame" =     {
        Height = 1024;
        Width = 1366;
        X = 0;
        Y = 0;
    };
    "XC_kAXXCAttributeWindowContextId" = 419046886;
    "XC_kAXXCAttributeWindowDisplayId" = 0;
}: (no error) for frame using XC_kAXXCAttributeFrame, XC_kAXXCAttributeWindowDisplayId, XC_kAXXCAttributeWindowContextId
23:18:36.252 WebDriverAgentRunner-Runner[1362:140233] Creating future for 'checking for continuity enablement' with timeout 30.00
23:18:36.252 WebDriverAgentRunner-Runner[1362:140233] <XCTWaiter: 0x105e7e2b0> entering wait loop for 30.00s with expectations: `checking for continuity enablement`
23:18:36.253 WebDriverAgentRunner-Runner[1362:140233] Returning result XCTWaiterResultCompleted for synchronous waiter <XCTWaiter: 0x105e7e2b0>
23:18:36.253 WebDriverAgentRunner-Runner[1362:140233] Wait <XCTWaiterWait: 0x105fb59c0> completed after 0.001s
23:18:36.253 WebDriverAgentRunner-Runner[1362:140233] cleaning up checking for continuity enablement
23:18:36.253 WebDriverAgentRunner-Runner[1362:140233] Creating future for 'fetching attributes 'XC_kAXXCAttributeElementType', 'XC_kAXXCAttributeElementBaseType', 'XC_kAXXCAttributeTraits', 'XC_kAXXCAttributeAutomationType' for App element pid: 174' with timeout 30.00
23:18:36.253 WebDriverAgentRunner-Runner[1362:140233] <XCTWaiter: 0x105e7e730> entering wait loop for 30.00s with expectations: `fetching attributes 'XC_kAXXCAttributeElementType', 'XC_kAXXCAttributeElementBaseType', 'XC_kAXXCAttributeTraits', 'XC_kAXXCAttributeAutomationType' for App element pid: 174`
23:18:36.254 WebDriverAgentRunner-Runner[1362:140233] Returning result XCTWaiterResultCompleted for synchronous waiter <XCTWaiter: 0x105e7e730>
23:18:36.254 WebDriverAgentRunner-Runner[1362:140233] Wait <XCTWaiterWait: 0x105fb43c0> completed after 0.001s
23:18:36.254 WebDriverAgentRunner-Runner[1362:140233] cleaning up fetching attributes 'XC_kAXXCAttributeElementType', 'XC_kAXXCAttributeElementBaseType', 'XC_kAXXCAttributeTraits', 'XC_kAXXCAttributeAutomationType' for App element pid: 174
23:18:36.254 WebDriverAgentRunner-Runner[1362:140233] App element pid: 174 (App element pid: 174) faulted in {
    "XC_kAXXCAttributeAutomationType" = 1;
    "XC_kAXXCAttributeElementBaseType" = UISystemShellApplication;
    "XC_kAXXCAttributeElementType" = SpringBoard;
    "XC_kAXXCAttributeTraits" = 0;
}: (no error) for elementType using XC_kAXXCAttributeElementType, XC_kAXXCAttributeElementBaseType, XC_kAXXCAttributeTraits, XC_kAXXCAttributeAutomationType
23:18:36.254 WebDriverAgentRunner-Runner[1362:140233] Preferring automation type 2 instead of legacy element type OTHER derived from class/trait: SpringBoard:UISystemShellApplication 0
23:18:36.254 WebDriverAgentRunner-Runner[1362:140233] Uncaptured runtime issue reported: Automation type mismatch: computed Other from legacy attributes vs Application from modern attribute.
23:18:36.255 WebDriverAgentRunner-Runner[1362:140233] Computed elementType Application.
23:18:36.255 WebDriverAgentRunner-Runner[1362:140233] Creating future for 'getting interface orientation' with timeout 65.00
23:18:36.255 WebDriverAgentRunner-Runner[1362:140233] <XCTWaiter: 0x105e7e790> entering wait loop for 65.00s with expectations: `getting interface orientation`
23:18:36.255 WebDriverAgentRunner-Runner[1362:140233] Returning result XCTWaiterResultCompleted for synchronous waiter <XCTWaiter: 0x105e7e790>
23:18:36.255 WebDriverAgentRunner-Runner[1362:140233] Wait <XCTWaiterWait: 0x105fb5640> completed after 0.001s
23:18:36.255 WebDriverAgentRunner-Runner[1362:140233] cleaning up getting interface orientation
23:18:36.256 WebDriverAgentRunner-Runner[1362:140233] Creating future for 'checking for continuity enablement' with timeout 30.00
23:18:36.256 WebDriverAgentRunner-Runner[1362:140233] <XCTWaiter: 0x105e7d860> entering wait loop for 30.00s with expectations: `checking for continuity enablement`
23:18:36.256 WebDriverAgentRunner-Runner[1362:140233] Returning result XCTWaiterResultCompleted for synchronous waiter <XCTWaiter: 0x105e7d860>
23:18:36.256 WebDriverAgentRunner-Runner[1362:140233] Wait <XCTWaiterWait: 0x105fb54c0> completed after 0.001s
23:18:36.257 WebDriverAgentRunner-Runner[1362:140233] cleaning up checking for continuity enablement
23:18:36.257 WebDriverAgentRunner-Runner[1362:140233] Creating future for 'fetching attributes 'XC_kAXXCAttributeWindowDisplayId' for App element pid: 174' with timeout 30.00
23:18:36.257 WebDriverAgentRunner-Runner[1362:140233] <XCTWaiter: 0x105e7ed30> entering wait loop for 30.00s with expectations: `fetching attributes 'XC_kAXXCAttributeWindowDisplayId' for App element pid: 174`
23:18:36.257 WebDriverAgentRunner-Runner[1362:140233] Returning result XCTWaiterResultCompleted for synchronous waiter <XCTWaiter: 0x105e7ed30>
23:18:36.258 WebDriverAgentRunner-Runner[1362:140233] Wait <XCTWaiterWait: 0x105fb52c0> completed after 0.001s
23:18:36.258 WebDriverAgentRunner-Runner[1362:140233] cleaning up fetching attributes 'XC_kAXXCAttributeWindowDisplayId' for App element pid: 174
23:18:36.258 WebDriverAgentRunner-Runner[1362:140233] Application, pid: 174 (App element pid: 174) faulted in {
    "XC_kAXXCAttributeWindowDisplayId" = 0;
}: (no error) for displayID using XC_kAXXCAttributeWindowDisplayId
23:18:36.258 WebDriverAgentRunner-Runner[1362:140233] Fetched display ID for Application, pid: 174 was 0, checked nearest remote ancestor (null), got (null)
23:18:36.258 WebDriverAgentRunner-Runner[1362:140233] Creating future for 'getting screen identifiers' with timeout 30.00
23:18:36.258 WebDriverAgentRunner-Runner[1362:140233] <XCTWaiter: 0x105e7f4e0> entering wait loop for 30.00s with expectations: `getting screen identifiers`
23:18:36.258 WebDriverAgentRunner-Runner[1362:140233] Returning result XCTWaiterResultCompleted for synchronous waiter <XCTWaiter: 0x105e7f4e0>
23:18:36.259 WebDriverAgentRunner-Runner[1362:140233] Wait <XCTWaiterWait: 0x105fb4ec0> completed after 0.000s
23:18:36.259 WebDriverAgentRunner-Runner[1362:140233] cleaning up getting screen identifiers
23:18:36.259 WebDriverAgentRunner-Runner[1362:140233] Creating future for 'getting screen bounds' with timeout 30.00
23:18:36.259 WebDriverAgentRunner-Runner[1362:140233] <XCTWaiter: 0x105e7f8d0> entering wait loop for 30.00s with expectations: `getting screen bounds`
23:18:36.259 WebDriverAgentRunner-Runner[1362:140233] Returning result XCTWaiterResultCompleted for synchronous waiter <XCTWaiter: 0x105e7f8d0>
23:18:36.259 WebDriverAgentRunner-Runner[1362:140233] Wait <XCTWaiterWait: 0x105fb4bc0> completed after 0.000s
23:18:36.259 WebDriverAgentRunner-Runner[1362:140233] cleaning up getting screen bounds
23:18:36.259 WebDriverAgentRunner-Runner[1362:140233] Creating future for 'getting screen scale' with timeout 30.00
23:18:36.260 WebDriverAgentRunner-Runner[1362:140233] <XCTWaiter: 0x105e7fb10> entering wait loop for 30.00s with expectations: `getting screen scale`
23:18:36.260 WebDriverAgentRunner-Runner[1362:140233] Returning result XCTWaiterResultCompleted for synchronous waiter <XCTWaiter: 0x105e7fb10>
23:18:36.260 WebDriverAgentRunner-Runner[1362:140233] Wait <XCTWaiterWait: 0x105fb4bc0> completed after 0.000s
23:18:36.260 WebDriverAgentRunner-Runner[1362:140233] cleaning up getting screen scale
23:18:36.260 WebDriverAgentRunner-Runner[1362:140233] <XCTContext: 0x1025ad6d0> started activity <XCActivityRecord: 0x105550c40> 2026-07-19 16:18:36 +0000: Find the Application 'com.apple.springboard'
23:18:36.260 WebDriverAgentRunner-Runner[1362:140233] Executing query:

    t =    37.83s Find the Application 'com.apple.springboard'
23:18:36.261 WebDriverAgentRunner-Runner[1362:140233] Creating future for 'checking for continuity enablement' with timeout 30.00
23:18:36.261 WebDriverAgentRunner-Runner[1362:140233] <XCTWaiter: 0x105e7fea0> entering wait loop for 30.00s with expectations: `checking for continuity enablement`
23:18:36.262 WebDriverAgentRunner-Runner[1362:140233] Returning result XCTWaiterResultCompleted for synchronous waiter <XCTWaiter: 0x105e7fea0>
23:18:36.262 WebDriverAgentRunner-Runner[1362:140233] Wait <XCTWaiterWait: 0x105fb5dc0> completed after 0.001s
23:18:36.262 WebDriverAgentRunner-Runner[1362:140233] cleaning up checking for continuity enablement
23:18:36.262 WebDriverAgentRunner-Runner[1362:140233] Should evaluate query remotely? XCTDisableRemoteQueryEvaluation(d-write): YES, hasAutomationSession: YES, supportsRemoteEvaluation: YES
23:18:36.262 WebDriverAgentRunner-Runner[1362:140233] Getting matching snapshots for locally evaluated query
23:18:36.262 WebDriverAgentRunner-Runner[1362:140233] Evaluating query:
 
23:18:36.262 WebDriverAgentRunner-Runner[1362:140233] Getting root element snapshot
23:18:36.263 WebDriverAgentRunner-Runner[1362:140233] Getting snapshot for App element pid: 174 for query 
23:18:36.263 WebDriverAgentRunner-Runner[1362:140233] <XCTContext: 0x1025ad6d0> started activity <XCActivityRecord: 0x105550bd0> 2026-07-19 16:18:36 +0000: Requesting snapshot of accessibility hierarchy for app with pid 174
23:18:36.263 WebDriverAgentRunner-Runner[1362:140233] Query requires iOS snapshot attributes .
23:18:36.263 WebDriverAgentRunner-Runner[1362:140233] XCUIElementQuery <XCTElementSnapshotProvider> getting snapshot
23:18:36.263 WebDriverAgentRunner-Runner[1362:140233] Snapshot request has custom attributes 
23:18:36.264 WebDriverAgentRunner-Runner[1362:140233] Snapshot request has custom parameters {
    snapshotKeyHonorModalViews = 0;
}
23:18:36.264 WebDriverAgentRunner-Runner[1362:140233] Current snapshot generation is 49
23:18:36.264 WebDriverAgentRunner-Runner[1362:140233] Query rootElementSnapshot is non-null with generation count 41
23:18:36.264 WebDriverAgentRunner-Runner[1362:140233] Capturing a new snapshot
23:18:36.264 WebDriverAgentRunner-Runner[1362:140233] Fetching snapshot for App element pid: 174 from testmanagerd with attributes XC_kAXXCAttributeElementType, XC_kAXXCAttributeElementBaseType, XC_kAXXCAttributeParent, XC_kAXXCAttributeIdentifier, XC_kAXXCAttributeAutomationType, XC_kAXXCAttributeTraits and parameters {
    maxArrayCount = 2147483647;
    maxChildren = 2147483647;
    maxDepth = 50;
    snapshotKeyHonorModalViews = 0;
    traverseFromParentsToChildren = 1;
}.
23:18:36.264 WebDriverAgentRunner-Runner[1362:140233] Creating future for 'fetching snapshot from testmanagerd.' with timeout 65.00
23:18:36.264 WebDriverAgentRunner-Runner[1362:140233] <XCTWaiter: 0x105dd3ab0> entering wait loop for 65.00s with expectations: `fetching snapshot from testmanagerd.`
    t =    37.83s     Requesting snapshot of accessibility hierarchy for app with pid 174
23:18:36.505 WebDriverAgentRunner-Runner[1362:140895] Got snapshot response with runtime issue support from testmanagerd.
23:18:36.506 WebDriverAgentRunner-Runner[1362:140233] Returning result XCTWaiterResultCompleted for synchronous waiter <XCTWaiter: 0x105dd3ab0>
23:18:36.506 WebDriverAgentRunner-Runner[1362:140233] Wait <XCTWaiterWait: 0x105fb6240> completed after 0.242s
23:18:36.506 WebDriverAgentRunner-Runner[1362:140233] cleaning up fetching snapshot from testmanagerd.
23:18:36.506 WebDriverAgentRunner-Runner[1362:140233] <XCTContext: 0x1025ad6d0> finished activity <XCActivityRecord: 0x105550bd0> 2026-07-19 16:18:36 +0000: Requesting snapshot of accessibility hierarchy for app with pid 174 (0.243486s)
23:18:36.507 WebDriverAgentRunner-Runner[1362:140233] Found matches {(
    App element pid: 174
)} with root App element pid: 174
23:18:36.507 WebDriverAgentRunner-Runner[1362:140233] <XCTContext: 0x1025ad6d0> finished activity <XCActivityRecord: 0x105550c40> 2026-07-19 16:18:36 +0000: Find the Application 'com.apple.springboard' (0.246971s)
23:18:36.507 WebDriverAgentRunner-Runner[1362:140233] Creating future for 'checking for continuity enablement' with timeout 30.00
23:18:36.508 WebDriverAgentRunner-Runner[1362:140233] <XCTWaiter: 0x110c243f0> entering wait loop for 30.00s with expectations: `checking for continuity enablement`
23:18:36.509 WebDriverAgentRunner-Runner[1362:140233] Returning result XCTWaiterResultCompleted for synchronous waiter <XCTWaiter: 0x110c243f0>
23:18:36.509 WebDriverAgentRunner-Runner[1362:140233] Wait <XCTWaiterWait: 0x105ef4380> completed after 0.001s
23:18:36.509 WebDriverAgentRunner-Runner[1362:140233] cleaning up checking for continuity enablement
23:18:36.509 WebDriverAgentRunner-Runner[1362:140233] Creating future for 'fetching attributes 'XC_kAXXCAttributeFrame', 'XC_kAXXCAttributeWindowDisplayId', 'XC_kAXXCAttributeWindowContextId' for App element pid: 174' with timeout 30.00
23:18:36.509 WebDriverAgentRunner-Runner[1362:140233] <XCTWaiter: 0x110c244b0> entering wait loop for 30.00s with expectations: `fetching attributes 'XC_kAXXCAttributeFrame', 'XC_kAXXCAttributeWindowDisplayId', 'XC_kAXXCAttributeWindowContextId' for App element pid: 174`
23:18:36.510 WebDriverAgentRunner-Runner[1362:140233] Returning result XCTWaiterResultCompleted for synchronous waiter <XCTWaiter: 0x110c244b0>
23:18:36.510 WebDriverAgentRunner-Runner[1362:140233] Wait <XCTWaiterWait: 0x105ef4080> completed after 0.001s
23:18:36.510 WebDriverAgentRunner-Runner[1362:140233] cleaning up fetching attributes 'XC_kAXXCAttributeFrame', 'XC_kAXXCAttributeWindowDisplayId', 'XC_kAXXCAttributeWindowContextId' for App element pid: 174
23:18:36.510 WebDriverAgentRunner-Runner[1362:140233] App element pid: 174 (App element pid: 174) faulted in {
    "XC_kAXXCAttributeFrame" =     {
        Height = 1024;
        Width = 1366;
        X = 0;
        Y = 0;
    };
    "XC_kAXXCAttributeWindowContextId" = 419046886;
    "XC_kAXXCAttributeWindowDisplayId" = 0;
}: (no error) for frame using XC_kAXXCAttributeFrame, XC_kAXXCAttributeWindowDisplayId, XC_kAXXCAttributeWindowContextId
23:18:36.511 WebDriverAgentRunner-Runner[1362:140233] Creating future for 'checking for continuity enablement' with timeout 30.00
23:18:36.511 WebDriverAgentRunner-Runner[1362:140233] <XCTWaiter: 0x110c247b0> entering wait loop for 30.00s with expectations: `checking for continuity enablement`
23:18:36.511 WebDriverAgentRunner-Runner[1362:140233] Returning result XCTWaiterResultCompleted for synchronous waiter <XCTWaiter: 0x110c247b0>
23:18:36.511 WebDriverAgentRunner-Runner[1362:140233] Wait <XCTWaiterWait: 0x105ef7a80> completed after 0.001s
23:18:36.512 WebDriverAgentRunner-Runner[1362:140233] cleaning up checking for continuity enablement
23:18:36.512 WebDriverAgentRunner-Runner[1362:140233] Creating future for 'fetching attributes 'XC_kAXXCAttributeElementType', 'XC_kAXXCAttributeElementBaseType', 'XC_kAXXCAttributeTraits', 'XC_kAXXCAttributeAutomationType' for App element pid: 174' with timeout 30.00
23:18:36.512 WebDriverAgentRunner-Runner[1362:140233] <XCTWaiter: 0x110c24a80> entering wait loop for 30.00s with expectations: `fetching attributes 'XC_kAXXCAttributeElementType', 'XC_kAXXCAttributeElementBaseType', 'XC_kAXXCAttributeTraits', 'XC_kAXXCAttributeAutomationType' for App element pid: 174`
23:18:36.512 WebDriverAgentRunner-Runner[1362:140233] Returning result XCTWaiterResultCompleted for synchronous waiter <XCTWaiter: 0x110c24a80>
23:18:36.513 WebDriverAgentRunner-Runner[1362:140233] Wait <XCTWaiterWait: 0x105ef7380> completed after 0.001s
23:18:36.513 WebDriverAgentRunner-Runner[1362:140233] cleaning up fetching attributes 'XC_kAXXCAttributeElementType', 'XC_kAXXCAttributeElementBaseType', 'XC_kAXXCAttributeTraits', 'XC_kAXXCAttributeAutomationType' for App element pid: 174
23:18:36.513 WebDriverAgentRunner-Runner[1362:140233] App element pid: 174 (App element pid: 174) faulted in {
    "XC_kAXXCAttributeAutomationType" = 1;
    "XC_kAXXCAttributeElementBaseType" = UISystemShellApplication;
    "XC_kAXXCAttributeElementType" = SpringBoard;
    "XC_kAXXCAttributeTraits" = 0;
}: (no error) for elementType using XC_kAXXCAttributeElementType, XC_kAXXCAttributeElementBaseType, XC_kAXXCAttributeTraits, XC_kAXXCAttributeAutomationType
23:18:36.513 WebDriverAgentRunner-Runner[1362:140233] Preferring automation type 2 instead of legacy element type OTHER derived from class/trait: SpringBoard:UISystemShellApplication 0
23:18:36.513 WebDriverAgentRunner-Runner[1362:140233] Uncaptured runtime issue reported: Automation type mismatch: computed Other from legacy attributes vs Application from modern attribute.
23:18:36.513 WebDriverAgentRunner-Runner[1362:140233] Computed elementType Application.
    t =    38.08s Find the Application 'com.apple.springboard'
23:18:36.513 WebDriverAgentRunner-Runner[1362:140233] <XCTContext: 0x1025ad6d0> started activity <XCActivityRecord: 0x105550a80> 2026-07-19 16:18:36 +0000: Find the Application 'com.apple.springboard'
23:18:36.514 WebDriverAgentRunner-Runner[1362:140233] Executing query:

23:18:36.514 WebDriverAgentRunner-Runner[1362:140233] Creating future for 'checking for continuity enablement' with timeout 30.00
23:18:36.514 WebDriverAgentRunner-Runner[1362:140233] <XCTWaiter: 0x110c24f90> entering wait loop for 30.00s with expectations: `checking for continuity enablement`
23:18:36.515 WebDriverAgentRunner-Runner[1362:140233] Returning result XCTWaiterResultCompleted for synchronous waiter <XCTWaiter: 0x110c24f90>
23:18:36.515 WebDriverAgentRunner-Runner[1362:140233] Wait <XCTWaiterWait: 0x105ef6a80> completed after 0.001s
23:18:36.515 WebDriverAgentRunner-Runner[1362:140233] cleaning up checking for continuity enablement
23:18:36.515 WebDriverAgentRunner-Runner[1362:140233] Should evaluate query remotely? XCTDisableRemoteQueryEvaluation(d-write): YES, hasAutomationSession: YES, supportsRemoteEvaluation: YES
23:18:36.515 WebDriverAgentRunner-Runner[1362:140233] Getting matching snapshots for locally evaluated query
23:18:36.515 WebDriverAgentRunner-Runner[1362:140233] Evaluating query:
 
23:18:36.516 WebDriverAgentRunner-Runner[1362:140233] Getting root element snapshot
23:18:36.516 WebDriverAgentRunner-Runner[1362:140233] Getting snapshot for App element pid: 174 for query 
23:18:36.516 WebDriverAgentRunner-Runner[1362:140233] <XCTContext: 0x1025ad6d0> started activity <XCActivityRecord: 0x1055508c0> 2026-07-19 16:18:36 +0000: Requesting snapshot of accessibility hierarchy for app with pid 174
23:18:36.516 WebDriverAgentRunner-Runner[1362:140233] Query requires iOS snapshot attributes .
23:18:36.516 WebDriverAgentRunner-Runner[1362:140233] XCUIElementQuery <XCTElementSnapshotProvider> getting snapshot
23:18:36.516 WebDriverAgentRunner-Runner[1362:140233] Snapshot request has custom attributes 
23:18:36.516 WebDriverAgentRunner-Runner[1362:140233] Snapshot request has custom parameters {
    snapshotKeyHonorModalViews = 0;
}
23:18:36.516 WebDriverAgentRunner-Runner[1362:140233] Current snapshot generation is 57
23:18:36.517 WebDriverAgentRunner-Runner[1362:140233] Query rootElementSnapshot is non-null with generation count 52
23:18:36.517 WebDriverAgentRunner-Runner[1362:140233] Capturing a new snapshot
23:18:36.517 WebDriverAgentRunner-Runner[1362:140233] Fetching snapshot for App element pid: 174 from testmanagerd with attributes XC_kAXXCAttributeElementType, XC_kAXXCAttributeElementBaseType, XC_kAXXCAttributeParent, XC_kAXXCAttributeIdentifier, XC_kAXXCAttributeAutomationType, XC_kAXXCAttributeTraits and parameters {
    maxArrayCount = 2147483647;
    maxChildren = 2147483647;
    maxDepth = 50;
    snapshotKeyHonorModalViews = 0;
    traverseFromParentsToChildren = 1;
}.
23:18:36.517 WebDriverAgentRunner-Runner[1362:140233] Creating future for 'fetching snapshot from testmanagerd.' with timeout 65.00
23:18:36.517 WebDriverAgentRunner-Runner[1362:140233] <XCTWaiter: 0x110c257d0> entering wait loop for 65.00s with expectations: `fetching snapshot from testmanagerd.`
    t =    38.09s     Requesting snapshot of accessibility hierarchy for app with pid 174
23:18:36.762 WebDriverAgentRunner-Runner[1362:140891] Got snapshot response with runtime issue support from testmanagerd.
23:18:36.762 WebDriverAgentRunner-Runner[1362:140233] Returning result XCTWaiterResultCompleted for synchronous waiter <XCTWaiter: 0x110c257d0>
23:18:36.762 WebDriverAgentRunner-Runner[1362:140233] Wait <XCTWaiterWait: 0x105ef6c40> completed after 0.245s
23:18:36.763 WebDriverAgentRunner-Runner[1362:140233] cleaning up fetching snapshot from testmanagerd.
23:18:36.763 WebDriverAgentRunner-Runner[1362:140233] <XCTContext: 0x1025ad6d0> finished activity <XCActivityRecord: 0x1055508c0> 2026-07-19 16:18:36 +0000: Requesting snapshot of accessibility hierarchy for app with pid 174 (0.247089s)
23:18:36.763 WebDriverAgentRunner-Runner[1362:140233] Found matches {(
    App element pid: 174
)} with root App element pid: 174
23:18:36.764 WebDriverAgentRunner-Runner[1362:140233] <XCTContext: 0x1025ad6d0> finished activity <XCActivityRecord: 0x105550a80> 2026-07-19 16:18:36 +0000: Find the Application 'com.apple.springboard' (0.250357s)
23:18:36.764 WebDriverAgentRunner-Runner[1362:140233] Creating future for 'checking for continuity enablement' with timeout 30.00
23:18:36.764 WebDriverAgentRunner-Runner[1362:140233] <XCTWaiter: 0x110c25020> entering wait loop for 30.00s with expectations: `checking for continuity enablement`
23:18:36.765 WebDriverAgentRunner-Runner[1362:140233] Returning result XCTWaiterResultCompleted for synchronous waiter <XCTWaiter: 0x110c25020>
23:18:36.765 WebDriverAgentRunner-Runner[1362:140233] Wait <XCTWaiterWait: 0x105fb7e80> completed after 0.001s
23:18:36.765 WebDriverAgentRunner-Runner[1362:140233] cleaning up checking for continuity enablement
23:18:36.765 WebDriverAgentRunner-Runner[1362:140233] Creating future for 'fetching attributes 'XC_kAXXCAttributeFrame', 'XC_kAXXCAttributeWindowDisplayId', 'XC_kAXXCAttributeWindowContextId' for App element pid: 174' with timeout 30.00
23:18:36.766 WebDriverAgentRunner-Runner[1362:140233] <XCTWaiter: 0x110c25080> entering wait loop for 30.00s with expectations: `fetching attributes 'XC_kAXXCAttributeFrame', 'XC_kAXXCAttributeWindowDisplayId', 'XC_kAXXCAttributeWindowContextId' for App element pid: 174`
23:18:36.766 WebDriverAgentRunner-Runner[1362:140233] Returning result XCTWaiterResultCompleted for synchronous waiter <XCTWaiter: 0x110c25080>
23:18:36.766 WebDriverAgentRunner-Runner[1362:140233] Wait <XCTWaiterWait: 0x105fb7d00> completed after 0.001s
23:18:36.766 WebDriverAgentRunner-Runner[1362:140233] cleaning up fetching attributes 'XC_kAXXCAttributeFrame', 'XC_kAXXCAttributeWindowDisplayId', 'XC_kAXXCAttributeWindowContextId' for App element pid: 174
23:18:36.767 WebDriverAgentRunner-Runner[1362:140233] App element pid: 174 (App element pid: 174) faulted in {
    "XC_kAXXCAttributeFrame" =     {
        Height = 1024;
        Width = 1366;
        X = 0;
        Y = 0;
    };
    "XC_kAXXCAttributeWindowContextId" = 419046886;
    "XC_kAXXCAttributeWindowDisplayId" = 0;
}: (no error) for frame using XC_kAXXCAttributeFrame, XC_kAXXCAttributeWindowDisplayId, XC_kAXXCAttributeWindowContextId
23:18:36.767 WebDriverAgentRunner-Runner[1362:140233] Creating future for 'checking for continuity enablement' with timeout 30.00
23:18:36.767 WebDriverAgentRunner-Runner[1362:140233] <XCTWaiter: 0x110c25590> entering wait loop for 30.00s with expectations: `checking for continuity enablement`
23:18:36.768 WebDriverAgentRunner-Runner[1362:140233] Returning result XCTWaiterResultCompleted for synchronous waiter <XCTWaiter: 0x110c25590>
23:18:36.768 WebDriverAgentRunner-Runner[1362:140233] Wait <XCTWaiterWait: 0x105fb7a00> completed after 0.001s
23:18:36.768 WebDriverAgentRunner-Runner[1362:140233] cleaning up checking for continuity enablement
23:18:36.768 WebDriverAgentRunner-Runner[1362:140233] Creating future for 'fetching attributes 'XC_kAXXCAttributeElementType', 'XC_kAXXCAttributeElementBaseType', 'XC_kAXXCAttributeTraits', 'XC_kAXXCAttributeAutomationType' for App element pid: 174' with timeout 30.00
23:18:36.768 WebDriverAgentRunner-Runner[1362:140233] <XCTWaiter: 0x110c24000> entering wait loop for 30.00s with expectations: `fetching attributes 'XC_kAXXCAttributeElementType', 'XC_kAXXCAttributeElementBaseType', 'XC_kAXXCAttributeTraits', 'XC_kAXXCAttributeAutomationType' for App element pid: 174`
23:18:36.769 WebDriverAgentRunner-Runner[1362:140233] Returning result XCTWaiterResultCompleted for synchronous waiter <XCTWaiter: 0x110c24000>
23:18:36.769 WebDriverAgentRunner-Runner[1362:140233] Wait <XCTWaiterWait: 0x105fb7700> completed after 0.001s
23:18:36.769 WebDriverAgentRunner-Runner[1362:140233] cleaning up fetching attributes 'XC_kAXXCAttributeElementType', 'XC_kAXXCAttributeElementBaseType', 'XC_kAXXCAttributeTraits', 'XC_kAXXCAttributeAutomationType' for App element pid: 174
23:18:36.769 WebDriverAgentRunner-Runner[1362:140233] App element pid: 174 (App element pid: 174) faulted in {
    "XC_kAXXCAttributeAutomationType" = 1;
    "XC_kAXXCAttributeElementBaseType" = UISystemShellApplication;
    "XC_kAXXCAttributeElementType" = SpringBoard;
    "XC_kAXXCAttributeTraits" = 0;
}: (no error) for elementType using XC_kAXXCAttributeElementType, XC_kAXXCAttributeElementBaseType, XC_kAXXCAttributeTraits, XC_kAXXCAttributeAutomationType
23:18:36.769 WebDriverAgentRunner-Runner[1362:140233] Preferring automation type 2 instead of legacy element type OTHER derived from class/trait: SpringBoard:UISystemShellApplication 0
23:18:36.770 WebDriverAgentRunner-Runner[1362:140233] Uncaptured runtime issue reported: Automation type mismatch: computed Other from legacy attributes vs Application from modern attribute.
23:18:36.770 WebDriverAgentRunner-Runner[1362:140233] Computed elementType Application.
23:18:36.770 WebDriverAgentRunner-Runner[1362:140233] Creating future for 'getting interface orientation' with timeout 65.00
23:18:36.770 WebDriverAgentRunner-Runner[1362:140233] <XCTWaiter: 0x110c25860> entering wait loop for 65.00s with expectations: `getting interface orientation`
23:18:36.770 WebDriverAgentRunner-Runner[1362:140233] Returning result XCTWaiterResultCompleted for synchronous waiter <XCTWaiter: 0x110c25860>
23:18:36.770 WebDriverAgentRunner-Runner[1362:140233] Wait <XCTWaiterWait: 0x105fb7280> completed after 0.001s
23:18:36.771 WebDriverAgentRunner-Runner[1362:140233] cleaning up getting interface orientation
23:18:36.771 WebDriverAgentRunner-Runner[1362:140233] Creating future for 'checking for continuity enablement' with timeout 30.00
23:18:36.771 WebDriverAgentRunner-Runner[1362:140233] <XCTWaiter: 0x110c25a40> entering wait loop for 30.00s with expectations: `checking for continuity enablement`
23:18:36.772 WebDriverAgentRunner-Runner[1362:140233] Returning result XCTWaiterResultCompleted for synchronous waiter <XCTWaiter: 0x110c25a40>
23:18:36.772 WebDriverAgentRunner-Runner[1362:140233] Wait <XCTWaiterWait: 0x105fb7000> completed after 0.001s
23:18:36.772 WebDriverAgentRunner-Runner[1362:140233] cleaning up checking for continuity enablement
23:18:36.772 WebDriverAgentRunner-Runner[1362:140233] Creating future for 'fetching attributes 'XC_kAXXCAttributeWindowDisplayId' for App element pid: 174' with timeout 30.00
23:18:36.772 WebDriverAgentRunner-Runner[1362:140233] <XCTWaiter: 0x110c25d10> entering wait loop for 30.00s with expectations: `fetching attributes 'XC_kAXXCAttributeWindowDisplayId' for App element pid: 174`
23:18:36.773 WebDriverAgentRunner-Runner[1362:140233] Returning result XCTWaiterResultCompleted for synchronous waiter <XCTWaiter: 0x110c25d10>
23:18:36.773 WebDriverAgentRunner-Runner[1362:140233] Wait <XCTWaiterWait: 0x105fb6d00> completed after 0.001s
23:18:36.773 WebDriverAgentRunner-Runner[1362:140233] cleaning up fetching attributes 'XC_kAXXCAttributeWindowDisplayId' for App element pid: 174
23:18:36.773 WebDriverAgentRunner-Runner[1362:140233] Application, pid: 174 (App element pid: 174) faulted in {
    "XC_kAXXCAttributeWindowDisplayId" = 0;
}: (no error) for displayID using XC_kAXXCAttributeWindowDisplayId
23:18:36.773 WebDriverAgentRunner-Runner[1362:140233] Fetched display ID for Application, pid: 174 was 0, checked nearest remote ancestor (null), got (null)
23:18:36.773 WebDriverAgentRunner-Runner[1362:140233] Creating future for 'getting screen identifiers' with timeout 30.00
23:18:36.773 WebDriverAgentRunner-Runner[1362:140233] <XCTWaiter: 0x110c26190> entering wait loop for 30.00s with expectations: `getting screen identifiers`
23:18:36.774 WebDriverAgentRunner-Runner[1362:140233] Returning result XCTWaiterResultCompleted for synchronous waiter <XCTWaiter: 0x110c26190>
23:18:36.774 WebDriverAgentRunner-Runner[1362:140233] Wait <XCTWaiterWait: 0x105fb6a80> completed after 0.000s
23:18:36.774 WebDriverAgentRunner-Runner[1362:140233] cleaning up getting screen identifiers
23:18:36.774 WebDriverAgentRunner-Runner[1362:140233] Creating future for 'getting screen bounds' with timeout 30.00
23:18:36.774 WebDriverAgentRunner-Runner[1362:140233] <XCTWaiter: 0x110c26490> entering wait loop for 30.00s with expectations: `getting screen bounds`
23:18:36.774 WebDriverAgentRunner-Runner[1362:140233] Returning result XCTWaiterResultCompleted for synchronous waiter <XCTWaiter: 0x110c26490>
23:18:36.774 WebDriverAgentRunner-Runner[1362:140233] Wait <XCTWaiterWait: 0x105fb6780> completed after 0.000s
23:18:36.774 WebDriverAgentRunner-Runner[1362:140233] cleaning up getting screen bounds
23:18:36.775 WebDriverAgentRunner-Runner[1362:140233] Creating future for 'getting screen scale' with timeout 30.00
23:18:36.775 WebDriverAgentRunner-Runner[1362:140233] <XCTWaiter: 0x110c26700> entering wait loop for 30.00s with expectations: `getting screen scale`
23:18:36.775 WebDriverAgentRunner-Runner[1362:140233] Returning result XCTWaiterResultCompleted for synchronous waiter <XCTWaiter: 0x110c26700>
23:18:36.775 WebDriverAgentRunner-Runner[1362:140233] Wait <XCTWaiterWait: 0x105fb6780> completed after 0.000s
23:18:36.775 WebDriverAgentRunner-Runner[1362:140233] cleaning up getting screen scale
23:18:36.775 WebDriverAgentRunner-Runner[1362:140233] <XCTContext: 0x1025ad6d0> started activity <XCActivityRecord: 0x105550620> 2026-07-19 16:18:36 +0000: Find the Application 'com.apple.springboard'
    t =    38.35s Find the Application 'com.apple.springboard'
23:18:36.776 WebDriverAgentRunner-Runner[1362:140233] Executing query:

23:18:36.776 WebDriverAgentRunner-Runner[1362:140233] Creating future for 'checking for continuity enablement' with timeout 30.00
23:18:36.776 WebDriverAgentRunner-Runner[1362:140233] <XCTWaiter: 0x110c26a90> entering wait loop for 30.00s with expectations: `checking for continuity enablement`
23:18:36.777 WebDriverAgentRunner-Runner[1362:140233] Returning result XCTWaiterResultCompleted for synchronous waiter <XCTWaiter: 0x110c26a90>
23:18:36.777 WebDriverAgentRunner-Runner[1362:140233] Wait <XCTWaiterWait: 0x105fb6280> completed after 0.001s
23:18:36.777 WebDriverAgentRunner-Runner[1362:140233] cleaning up checking for continuity enablement
23:18:36.777 WebDriverAgentRunner-Runner[1362:140233] Should evaluate query remotely? XCTDisableRemoteQueryEvaluation(d-write): YES, hasAutomationSession: YES, supportsRemoteEvaluation: YES
23:18:36.777 WebDriverAgentRunner-Runner[1362:140233] Getting matching snapshots for locally evaluated query
23:18:36.777 WebDriverAgentRunner-Runner[1362:140233] Evaluating query:
 
23:18:36.777 WebDriverAgentRunner-Runner[1362:140233] Getting root element snapshot
23:18:36.777 WebDriverAgentRunner-Runner[1362:140233] Getting snapshot for App element pid: 174 for query 
23:18:36.777 WebDriverAgentRunner-Runner[1362:140233] <XCTContext: 0x1025ad6d0> started activity <XCActivityRecord: 0x105550540> 2026-07-19 16:18:36 +0000: Requesting snapshot of accessibility hierarchy for app with pid 174
23:18:36.778 WebDriverAgentRunner-Runner[1362:140233] Query requires iOS snapshot attributes .
23:18:36.778 WebDriverAgentRunner-Runner[1362:140233] XCUIElementQuery <XCTElementSnapshotProvider> getting snapshot
23:18:36.778 WebDriverAgentRunner-Runner[1362:140233] Snapshot request has custom attributes 
23:18:36.778 WebDriverAgentRunner-Runner[1362:140233] Snapshot request has custom parameters {
    snapshotKeyHonorModalViews = 0;
}
23:18:36.778 WebDriverAgentRunner-Runner[1362:140233] Current snapshot generation is 68
23:18:36.778 WebDriverAgentRunner-Runner[1362:140233] Query rootElementSnapshot is non-null with generation count 60
23:18:36.778 WebDriverAgentRunner-Runner[1362:140233] Capturing a new snapshot
23:18:36.779 WebDriverAgentRunner-Runner[1362:140233] Fetching snapshot for App element pid: 174 from testmanagerd with attributes XC_kAXXCAttributeElementType, XC_kAXXCAttributeElementBaseType, XC_kAXXCAttributeParent, XC_kAXXCAttributeIdentifier, XC_kAXXCAttributeAutomationType, XC_kAXXCAttributeTraits and parameters {
    maxArrayCount = 2147483647;
    maxChildren = 2147483647;
    maxDepth = 50;
    snapshotKeyHonorModalViews = 0;
    traverseFromParentsToChildren = 1;
}.
23:18:36.779 WebDriverAgentRunner-Runner[1362:140233] Creating future for 'fetching snapshot from testmanagerd.' with timeout 65.00
23:18:36.779 WebDriverAgentRunner-Runner[1362:140233] <XCTWaiter: 0x110c272d0> entering wait loop for 65.00s with expectations: `fetching snapshot from testmanagerd.`
    t =    38.35s     Requesting snapshot of accessibility hierarchy for app with pid 174
23:18:37.028 WebDriverAgentRunner-Runner[1362:140891] Got snapshot response with runtime issue support from testmanagerd.
23:18:37.028 WebDriverAgentRunner-Runner[1362:140233] Returning result XCTWaiterResultCompleted for synchronous waiter <XCTWaiter: 0x110c272d0>
23:18:37.028 WebDriverAgentRunner-Runner[1362:140233] Wait <XCTWaiterWait: 0x105fb4e00> completed after 0.249s
23:18:37.028 WebDriverAgentRunner-Runner[1362:140233] cleaning up fetching snapshot from testmanagerd.
23:18:37.029 WebDriverAgentRunner-Runner[1362:140233] <XCTContext: 0x1025ad6d0> finished activity <XCActivityRecord: 0x105550540> 2026-07-19 16:18:36 +0000: Requesting snapshot of accessibility hierarchy for app with pid 174 (0.251143s)
23:18:37.029 WebDriverAgentRunner-Runner[1362:140233] Found matches {(
    App element pid: 174
)} with root App element pid: 174
23:18:37.029 WebDriverAgentRunner-Runner[1362:140233] <XCTContext: 0x1025ad6d0> finished activity <XCActivityRecord: 0x105550620> 2026-07-19 16:18:36 +0000: Find the Application 'com.apple.springboard' (0.25434s)
23:18:37.030 WebDriverAgentRunner-Runner[1362:140233] Creating future for 'checking for continuity enablement' with timeout 30.00
23:18:37.030 WebDriverAgentRunner-Runner[1362:140233] <XCTWaiter: 0x110c26b20> entering wait loop for 30.00s with expectations: `checking for continuity enablement`
23:18:37.031 WebDriverAgentRunner-Runner[1362:140233] Returning result XCTWaiterResultCompleted for synchronous waiter <XCTWaiter: 0x110c26b20>
23:18:37.031 WebDriverAgentRunner-Runner[1362:140233] Wait <XCTWaiterWait: 0x105ef4780> completed after 0.001s
23:18:37.031 WebDriverAgentRunner-Runner[1362:140233] cleaning up checking for continuity enablement
23:18:37.031 WebDriverAgentRunner-Runner[1362:140233] Creating future for 'fetching attributes 'XC_kAXXCAttributeFrame', 'XC_kAXXCAttributeWindowDisplayId', 'XC_kAXXCAttributeWindowContextId' for App element pid: 174' with timeout 30.00
23:18:37.031 WebDriverAgentRunner-Runner[1362:140233] <XCTWaiter: 0x110c26b50> entering wait loop for 30.00s with expectations: `fetching attributes 'XC_kAXXCAttributeFrame', 'XC_kAXXCAttributeWindowDisplayId', 'XC_kAXXCAttributeWindowContextId' for App element pid: 174`
23:18:37.032 WebDriverAgentRunner-Runner[1362:140233] Returning result XCTWaiterResultCompleted for synchronous waiter <XCTWaiter: 0x110c26b50>
23:18:37.032 WebDriverAgentRunner-Runner[1362:140233] Wait <XCTWaiterWait: 0x105ef5340> completed after 0.001s
23:18:37.032 WebDriverAgentRunner-Runner[1362:140233] cleaning up fetching attributes 'XC_kAXXCAttributeFrame', 'XC_kAXXCAttributeWindowDisplayId', 'XC_kAXXCAttributeWindowContextId' for App element pid: 174
23:18:37.032 WebDriverAgentRunner-Runner[1362:140233] App element pid: 174 (App element pid: 174) faulted in {
    "XC_kAXXCAttributeFrame" =     {
        Height = 1024;
        Width = 1366;
        X = 0;
        Y = 0;
    };
    "XC_kAXXCAttributeWindowContextId" = 419046886;
    "XC_kAXXCAttributeWindowDisplayId" = 0;
}: (no error) for frame using XC_kAXXCAttributeFrame, XC_kAXXCAttributeWindowDisplayId, XC_kAXXCAttributeWindowContextId
23:18:37.033 WebDriverAgentRunner-Runner[1362:140233] Creating future for 'checking for continuity enablement' with timeout 30.00
23:18:37.033 WebDriverAgentRunner-Runner[1362:140233] <XCTWaiter: 0x110c25920> entering wait loop for 30.00s with expectations: `checking for continuity enablement`
23:18:37.033 WebDriverAgentRunner-Runner[1362:140233] Returning result XCTWaiterResultCompleted for synchronous waiter <XCTWaiter: 0x110c25920>
23:18:37.034 WebDriverAgentRunner-Runner[1362:140233] Wait <XCTWaiterWait: 0x105ef56c0> completed after 0.001s
23:18:37.034 WebDriverAgentRunner-Runner[1362:140233] cleaning up checking for continuity enablement
23:18:37.034 WebDriverAgentRunner-Runner[1362:140233] Creating future for 'fetching attributes 'XC_kAXXCAttributeElementType', 'XC_kAXXCAttributeElementBaseType', 'XC_kAXXCAttributeTraits', 'XC_kAXXCAttributeAutomationType' for App element pid: 174' with timeout 30.00
23:18:37.034 WebDriverAgentRunner-Runner[1362:140233] <XCTWaiter: 0x110c261f0> entering wait loop for 30.00s with expectations: `fetching attributes 'XC_kAXXCAttributeElementType', 'XC_kAXXCAttributeElementBaseType', 'XC_kAXXCAttributeTraits', 'XC_kAXXCAttributeAutomationType' for App element pid: 174`
23:18:37.035 WebDriverAgentRunner-Runner[1362:140233] Returning result XCTWaiterResultCompleted for synchronous waiter <XCTWaiter: 0x110c261f0>
23:18:37.035 WebDriverAgentRunner-Runner[1362:140233] Wait <XCTWaiterWait: 0x105ef4640> completed after 0.001s
23:18:37.035 WebDriverAgentRunner-Runner[1362:140233] cleaning up fetching attributes 'XC_kAXXCAttributeElementType', 'XC_kAXXCAttributeElementBaseType', 'XC_kAXXCAttributeTraits', 'XC_kAXXCAttributeAutomationType' for App element pid: 174
23:18:37.035 WebDriverAgentRunner-Runner[1362:140233] App element pid: 174 (App element pid: 174) faulted in {
    "XC_kAXXCAttributeAutomationType" = 1;
    "XC_kAXXCAttributeElementBaseType" = UISystemShellApplication;
    "XC_kAXXCAttributeElementType" = SpringBoard;
    "XC_kAXXCAttributeTraits" = 0;
}: (no error) for elementType using XC_kAXXCAttributeElementType, XC_kAXXCAttributeElementBaseType, XC_kAXXCAttributeTraits, XC_kAXXCAttributeAutomationType
23:18:37.035 WebDriverAgentRunner-Runner[1362:140233] Preferring automation type 2 instead of legacy element type OTHER derived from class/trait: SpringBoard:UISystemShellApplication 0
23:18:37.035 WebDriverAgentRunner-Runner[1362:140233] Uncaptured runtime issue reported: Automation type mismatch: computed Other from legacy attributes vs Application from modern attribute.
23:18:37.036 WebDriverAgentRunner-Runner[1362:140233] Computed elementType Application.
    t =    38.61s Find the Application 'com.apple.springboard'
23:18:37.036 WebDriverAgentRunner-Runner[1362:140233] <XCTContext: 0x1025ad6d0> started activity <XCActivityRecord: 0x105550460> 2026-07-19 16:18:37 +0000: Find the Application 'com.apple.springboard'
23:18:37.036 WebDriverAgentRunner-Runner[1362:140233] Executing query:

23:18:37.036 WebDriverAgentRunner-Runner[1362:140233] Creating future for 'checking for continuity enablement' with timeout 30.00
23:18:37.036 WebDriverAgentRunner-Runner[1362:140233] <XCTWaiter: 0x110c27570> entering wait loop for 30.00s with expectations: `checking for continuity enablement`
23:18:37.037 WebDriverAgentRunner-Runner[1362:140233] Returning result XCTWaiterResultCompleted for synchronous waiter <XCTWaiter: 0x110c27570>
23:18:37.037 WebDriverAgentRunner-Runner[1362:140233] Wait <XCTWaiterWait: 0x105ef6440> completed after 0.001s
23:18:37.038 WebDriverAgentRunner-Runner[1362:140233] cleaning up checking for continuity enablement
23:18:37.038 WebDriverAgentRunner-Runner[1362:140233] Should evaluate query remotely? XCTDisableRemoteQueryEvaluation(d-write): YES, hasAutomationSession: YES, supportsRemoteEvaluation: YES
23:18:37.038 WebDriverAgentRunner-Runner[1362:140233] Getting matching snapshots for locally evaluated query
23:18:37.038 WebDriverAgentRunner-Runner[1362:140233] Evaluating query:
 
23:18:37.038 WebDriverAgentRunner-Runner[1362:140233] Getting root element snapshot
23:18:37.038 WebDriverAgentRunner-Runner[1362:140233] Getting snapshot for App element pid: 174 for query 
23:18:37.038 WebDriverAgentRunner-Runner[1362:140233] <XCTContext: 0x1025ad6d0> started activity <XCActivityRecord: 0x105550380> 2026-07-19 16:18:37 +0000: Requesting snapshot of accessibility hierarchy for app with pid 174
23:18:37.038 WebDriverAgentRunner-Runner[1362:140233] Query requires iOS snapshot attributes .
23:18:37.039 WebDriverAgentRunner-Runner[1362:140233] XCUIElementQuery <XCTElementSnapshotProvider> getting snapshot
23:18:37.039 WebDriverAgentRunner-Runner[1362:140233] Snapshot request has custom attributes 
23:18:37.039 WebDriverAgentRunner-Runner[1362:140233] Snapshot request has custom parameters {
    snapshotKeyHonorModalViews = 0;
}
23:18:37.039 WebDriverAgentRunner-Runner[1362:140233] Current snapshot generation is 76
23:18:37.039 WebDriverAgentRunner-Runner[1362:140233] Query rootElementSnapshot is non-null with generation count 71
23:18:37.039 WebDriverAgentRunner-Runner[1362:140233] Capturing a new snapshot
23:18:37.039 WebDriverAgentRunner-Runner[1362:140233] Fetching snapshot for App element pid: 174 from testmanagerd with attributes XC_kAXXCAttributeElementType, XC_kAXXCAttributeElementBaseType, XC_kAXXCAttributeParent, XC_kAXXCAttributeIdentifier, XC_kAXXCAttributeAutomationType, XC_kAXXCAttributeTraits and parameters {
    maxArrayCount = 2147483647;
    maxChildren = 2147483647;
    maxDepth = 50;
    snapshotKeyHonorModalViews = 0;
    traverseFromParentsToChildren = 1;
}.
23:18:37.039 WebDriverAgentRunner-Runner[1362:140233] Creating future for 'fetching snapshot from testmanagerd.' with timeout 65.00
23:18:37.040 WebDriverAgentRunner-Runner[1362:140233] <XCTWaiter: 0x110c27db0> entering wait loop for 65.00s with expectations: `fetching snapshot from testmanagerd.`
    t =    38.61s     Requesting snapshot of accessibility hierarchy for app with pid 174
23:18:37.287 WebDriverAgentRunner-Runner[1362:140895] Got snapshot response with runtime issue support from testmanagerd.
23:18:37.287 WebDriverAgentRunner-Runner[1362:140233] Returning result XCTWaiterResultCompleted for synchronous waiter <XCTWaiter: 0x110c27db0>
23:18:37.288 WebDriverAgentRunner-Runner[1362:140233] Wait <XCTWaiterWait: 0x105ef6940> completed after 0.248s
23:18:37.288 WebDriverAgentRunner-Runner[1362:140233] cleaning up fetching snapshot from testmanagerd.
23:18:37.288 WebDriverAgentRunner-Runner[1362:140233] <XCTContext: 0x1025ad6d0> finished activity <XCActivityRecord: 0x105550380> 2026-07-19 16:18:37 +0000: Requesting snapshot of accessibility hierarchy for app with pid 174 (0.249944s)
23:18:37.288 WebDriverAgentRunner-Runner[1362:140233] Found matches {(
    App element pid: 174
)} with root App element pid: 174
23:18:37.289 WebDriverAgentRunner-Runner[1362:140233] <XCTContext: 0x1025ad6d0> finished activity <XCActivityRecord: 0x105550460> 2026-07-19 16:18:37 +0000: Find the Application 'com.apple.springboard' (0.253269s)
23:18:37.289 WebDriverAgentRunner-Runner[1362:140233] Creating future for 'checking for continuity enablement' with timeout 30.00
23:18:37.289 WebDriverAgentRunner-Runner[1362:140233] <XCTWaiter: 0x105dd3360> entering wait loop for 30.00s with expectations: `checking for continuity enablement`
23:18:37.291 WebDriverAgentRunner-Runner[1362:140233] Returning result XCTWaiterResultCompleted for synchronous waiter <XCTWaiter: 0x105dd3360>
23:18:37.291 WebDriverAgentRunner-Runner[1362:140233] Wait <XCTWaiterWait: 0x105f54540> completed after 0.001s
23:18:37.291 WebDriverAgentRunner-Runner[1362:140233] cleaning up checking for continuity enablement
23:18:37.291 WebDriverAgentRunner-Runner[1362:140233] Creating future for 'fetching attributes 'XC_kAXXCAttributeFrame', 'XC_kAXXCAttributeWindowDisplayId', 'XC_kAXXCAttributeWindowContextId' for App element pid: 174' with timeout 30.00
23:18:37.291 WebDriverAgentRunner-Runner[1362:140233] <XCTWaiter: 0x105dd39c0> entering wait loop for 30.00s with expectations: `fetching attributes 'XC_kAXXCAttributeFrame', 'XC_kAXXCAttributeWindowDisplayId', 'XC_kAXXCAttributeWindowContextId' for App element pid: 174`
23:18:37.292 WebDriverAgentRunner-Runner[1362:140233] Returning result XCTWaiterResultCompleted for synchronous waiter <XCTWaiter: 0x105dd39c0>
23:18:37.292 WebDriverAgentRunner-Runner[1362:140233] Wait <XCTWaiterWait: 0x105f54240> completed after 0.001s
23:18:37.292 WebDriverAgentRunner-Runner[1362:140233] cleaning up fetching attributes 'XC_kAXXCAttributeFrame', 'XC_kAXXCAttributeWindowDisplayId', 'XC_kAXXCAttributeWindowContextId' for App element pid: 174
23:18:37.292 WebDriverAgentRunner-Runner[1362:140233] App element pid: 174 (App element pid: 174) faulted in {
    "XC_kAXXCAttributeFrame" =     {
        Height = 1024;
        Width = 1366;
        X = 0;
        Y = 0;
    };
    "XC_kAXXCAttributeWindowContextId" = 419046886;
    "XC_kAXXCAttributeWindowDisplayId" = 0;
}: (no error) for frame using XC_kAXXCAttributeFrame, XC_kAXXCAttributeWindowDisplayId, XC_kAXXCAttributeWindowContextId
23:18:37.293 WebDriverAgentRunner-Runner[1362:140233] Creating future for 'checking for continuity enablement' with timeout 30.00
23:18:37.293 WebDriverAgentRunner-Runner[1362:140233] <XCTWaiter: 0x105dd3a80> entering wait loop for 30.00s with expectations: `checking for continuity enablement`
23:18:37.293 WebDriverAgentRunner-Runner[1362:140233] Returning result XCTWaiterResultCompleted for synchronous waiter <XCTWaiter: 0x105dd3a80>
23:18:37.294 WebDriverAgentRunner-Runner[1362:140233] Wait <XCTWaiterWait: 0x105f54600> completed after 0.001s
23:18:37.294 WebDriverAgentRunner-Runner[1362:140233] cleaning up checking for continuity enablement
23:18:37.294 WebDriverAgentRunner-Runner[1362:140233] Creating future for 'fetching attributes 'XC_kAXXCAttributeElementType', 'XC_kAXXCAttributeElementBaseType', 'XC_kAXXCAttributeTraits', 'XC_kAXXCAttributeAutomationType' for App element pid: 174' with timeout 30.00
23:18:37.294 WebDriverAgentRunner-Runner[1362:140233] <XCTWaiter: 0x105dd3c30> entering wait loop for 30.00s with expectations: `fetching attributes 'XC_kAXXCAttributeElementType', 'XC_kAXXCAttributeElementBaseType', 'XC_kAXXCAttributeTraits', 'XC_kAXXCAttributeAutomationType' for App element pid: 174`
23:18:37.295 WebDriverAgentRunner-Runner[1362:140233] Returning result XCTWaiterResultCompleted for synchronous waiter <XCTWaiter: 0x105dd3c30>
23:18:37.295 WebDriverAgentRunner-Runner[1362:140233] Wait <XCTWaiterWait: 0x105f54740> completed after 0.001s
23:18:37.295 WebDriverAgentRunner-Runner[1362:140233] cleaning up fetching attributes 'XC_kAXXCAttributeElementType', 'XC_kAXXCAttributeElementBaseType', 'XC_kAXXCAttributeTraits', 'XC_kAXXCAttributeAutomationType' for App element pid: 174
23:18:37.295 WebDriverAgentRunner-Runner[1362:140233] App element pid: 174 (App element pid: 174) faulted in {
    "XC_kAXXCAttributeAutomationType" = 1;
    "XC_kAXXCAttributeElementBaseType" = UISystemShellApplication;
    "XC_kAXXCAttributeElementType" = SpringBoard;
    "XC_kAXXCAttributeTraits" = 0;
}: (no error) for elementType using XC_kAXXCAttributeElementType, XC_kAXXCAttributeElementBaseType, XC_kAXXCAttributeTraits, XC_kAXXCAttributeAutomationType
23:18:37.295 WebDriverAgentRunner-Runner[1362:140233] Preferring automation type 2 instead of legacy element type OTHER derived from class/trait: SpringBoard:UISystemShellApplication 0
23:18:37.295 WebDriverAgentRunner-Runner[1362:140233] Uncaptured runtime issue reported: Automation type mismatch: computed Other from legacy attributes vs Application from modern attribute.
23:18:37.295 WebDriverAgentRunner-Runner[1362:140233] Computed elementType Application.
23:18:37.296 WebDriverAgentRunner-Runner[1362:140233] Creating future for 'getting interface orientation' with timeout 65.00
23:18:37.296 WebDriverAgentRunner-Runner[1362:140233] <XCTWaiter: 0x105e7f2d0> entering wait loop for 65.00s with expectations: `getting interface orientation`
23:18:37.296 WebDriverAgentRunner-Runner[1362:140233] Returning result XCTWaiterResultCompleted for synchronous waiter <XCTWaiter: 0x105e7f2d0>
23:18:37.296 WebDriverAgentRunner-Runner[1362:140233] Wait <XCTWaiterWait: 0x105f54980> completed after 0.001s
23:18:37.296 WebDriverAgentRunner-Runner[1362:140233] cleaning up getting interface orientation
23:18:37.297 WebDriverAgentRunner-Runner[1362:140233] Creating future for 'checking for continuity enablement' with timeout 30.00
23:18:37.297 WebDriverAgentRunner-Runner[1362:140233] <XCTWaiter: 0x105e7ff60> entering wait loop for 30.00s with expectations: `checking for continuity enablement`
23:18:37.297 WebDriverAgentRunner-Runner[1362:140233] Returning result XCTWaiterResultCompleted for synchronous waiter <XCTWaiter: 0x105e7ff60>
23:18:37.298 WebDriverAgentRunner-Runner[1362:140233] Wait <XCTWaiterWait: 0x105f54ac0> completed after 0.001s
23:18:37.298 WebDriverAgentRunner-Runner[1362:140233] cleaning up checking for continuity enablement
23:18:37.298 WebDriverAgentRunner-Runner[1362:140233] Creating future for 'fetching attributes 'XC_kAXXCAttributeWindowDisplayId' for App element pid: 174' with timeout 30.00
23:18:37.298 WebDriverAgentRunner-Runner[1362:140233] <XCTWaiter: 0x110c276c0> entering wait loop for 30.00s with expectations: `fetching attributes 'XC_kAXXCAttributeWindowDisplayId' for App element pid: 174`
23:18:37.299 WebDriverAgentRunner-Runner[1362:140233] Returning result XCTWaiterResultCompleted for synchronous waiter <XCTWaiter: 0x110c276c0>
23:18:37.299 WebDriverAgentRunner-Runner[1362:140233] Wait <XCTWaiterWait: 0x105f54c00> completed after 0.001s
23:18:37.299 WebDriverAgentRunner-Runner[1362:140233] cleaning up fetching attributes 'XC_kAXXCAttributeWindowDisplayId' for App element pid: 174
23:18:37.299 WebDriverAgentRunner-Runner[1362:140233] Application, pid: 174 (App element pid: 174) faulted in {
    "XC_kAXXCAttributeWindowDisplayId" = 0;
}: (no error) for displayID using XC_kAXXCAttributeWindowDisplayId
23:18:37.299 WebDriverAgentRunner-Runner[1362:140233] Fetched display ID for Application, pid: 174 was 0, checked nearest remote ancestor (null), got (null)
23:18:37.299 WebDriverAgentRunner-Runner[1362:140233] Creating future for 'getting screen identifiers' with timeout 30.00
23:18:37.299 WebDriverAgentRunner-Runner[1362:140233] <XCTWaiter: 0x110c277e0> entering wait loop for 30.00s with expectations: `getting screen identifiers`
23:18:37.300 WebDriverAgentRunner-Runner[1362:140233] Returning result XCTWaiterResultCompleted for synchronous waiter <XCTWaiter: 0x110c277e0>
23:18:37.300 WebDriverAgentRunner-Runner[1362:140233] Wait <XCTWaiterWait: 0x105f54dc0> completed after 0.000s
23:18:37.300 WebDriverAgentRunner-Runner[1362:140233] cleaning up getting screen identifiers
23:18:37.300 WebDriverAgentRunner-Runner[1362:140233] Creating future for 'getting screen bounds' with timeout 30.00
23:18:37.300 WebDriverAgentRunner-Runner[1362:140233] <XCTWaiter: 0x110c27b40> entering wait loop for 30.00s with expectations: `getting screen bounds`
23:18:37.300 WebDriverAgentRunner-Runner[1362:140233] Returning result XCTWaiterResultCompleted for synchronous waiter <XCTWaiter: 0x110c27b40>
23:18:37.301 WebDriverAgentRunner-Runner[1362:140233] Wait <XCTWaiterWait: 0x105f54f40> completed after 0.000s
23:18:37.301 WebDriverAgentRunner-Runner[1362:140233] cleaning up getting screen bounds
23:18:37.301 WebDriverAgentRunner-Runner[1362:140233] Creating future for 'getting screen scale' with timeout 30.00
23:18:37.301 WebDriverAgentRunner-Runner[1362:140233] <XCTWaiter: 0x110c27d80> entering wait loop for 30.00s with expectations: `getting screen scale`
23:18:37.301 WebDriverAgentRunner-Runner[1362:140233] Returning result XCTWaiterResultCompleted for synchronous waiter <XCTWaiter: 0x110c27d80>
23:18:37.301 WebDriverAgentRunner-Runner[1362:140233] Wait <XCTWaiterWait: 0x105f54f40> completed after 0.000s
23:18:37.301 WebDriverAgentRunner-Runner[1362:140233] cleaning up getting screen scale
23:18:37.302 WebDriverAgentRunner-Runner[1362:140233] Requesting local synthesis of event: 
<XCSynthesizedEventRecord 'Swipe Point Array display 0'>
Path 1:
	Touch down at 134.0, 646.0, offset=0.00s
	Move to 153.0, 646.0, offset=0.04s
	Move to 296.0, 662.0, offset=0.08s
	Move to 612.0, 689.0, offset=0.12s
	Move to 805.0, 698.0, offset=0.15s
	Move to 880.0, 702.0, offset=0.19s
	Move to 882.0, 702.0, offset=0.21s
	Touch up at 882.0, 702.0, offset=0.22s
23:18:37.380 WebDriverAgentRunner-Runner[1362:140254] Handling kAXPidStatusChangedNotification
23:18:37.381 WebDriverAgentRunner-Runner[1362:140254] Got kAXPidStatusChangedNotification for pid 1212: active
23:18:37.381 WebDriverAgentRunner-Runner[1362:140254] Handling kAXPidStatusChangedNotification
23:18:37.382 WebDriverAgentRunner-Runner[1362:140254] Got kAXPidStatusChangedNotification for pid 305: active
23:18:37.405 WebDriverAgentRunner-Runner[1362:140233] No application process found matching pid 1212, caching
23:18:37.405 WebDriverAgentRunner-Runner[1362:140233] No application process found matching pid 305, caching
23:18:37.569 WebDriverAgentRunner-Runner[1362:140890] Handling kAXUserTestingNotification
23:18:37.570 WebDriverAgentRunner-Runner[1362:140890] Received kAXUserTestingNotification from AX element pid: 174, elementOrHash.elementID: 0.1: {
    event = TouchEventsCompleted;
}
23:18:37.572 WebDriverAgentRunner-Runner[1362:140890] Handling kAXUserTestingNotification
23:18:37.574 WebDriverAgentRunner-Runner[1362:140890] Received kAXUserTestingNotification from AX element pid: 174, elementOrHash.elementID: 0.1: {
    controllerClass = SBSpotlightTransientOverlayViewController;
    event = ViewDidAppear;
}
23:18:37.575 WebDriverAgentRunner-Runner[1362:140890] Handling kAXUserTestingNotification
23:18:37.577 WebDriverAgentRunner-Runner[1362:140890] Received kAXUserTestingNotification from AX element pid: 174, elementOrHash.elementID: 0.1: {
    controllerClass = SBSpotlightTransientOverlaySpotlightViewController;
    event = ViewDidAppear;
}
23:18:37.579 WebDriverAgentRunner-Runner[1362:140890] Handling kAXUserTestingNotification
23:18:37.582 WebDriverAgentRunner-Runner[1362:140890] Received kAXUserTestingNotification from AX element pid: 174, elementOrHash.elementID: 0.1: {
    controllerClass = SPUIRemoteSearchViewController;
    event = ViewDidAppear;
}
23:18:37.583 WebDriverAgentRunner-Runner[1362:140890] Handling kAXUserTestingNotification
23:18:37.583 WebDriverAgentRunner-Runner[1362:140890] Received kAXUserTestingNotification from AX element pid: 174, elementOrHash.elementID: 0.1: {
    event = TouchEventsCompleted;
}
23:18:37.632 WebDriverAgentRunner-Runner[1362:140254] Handling kAXPidStatusChangedNotification
23:18:37.633 WebDriverAgentRunner-Runner[1362:140254] Got kAXPidStatusChangedNotification for pid 1313: active
23:18:37.637 WebDriverAgentRunner-Runner[1362:140254] Handling kAXUserTestingNotification
23:18:37.638 WebDriverAgentRunner-Runner[1362:140254] Received kAXUserTestingNotification from AX element pid: 174, elementOrHash.elementID: 0.1: {
    controllerClass = UICompatibilityInputViewController;
    event = ViewDidAppear;
}
23:18:37.660 WebDriverAgentRunner-Runner[1362:140890] Handling kAXUserTestingNotification
23:18:37.661 WebDriverAgentRunner-Runner[1362:140890] Received kAXUserTestingNotification from AX element pid: 1212, elementOrHash.elementID: 0.1: {
    controllerClass = "_UIViewServiceViewControllerOperator";
    event = ViewDidAppear;
}
23:18:37.675 WebDriverAgentRunner-Runner[1362:140254] Handling kAXPidStatusChangedNotification
23:18:37.676 WebDriverAgentRunner-Runner[1362:140254] Got kAXPidStatusChangedNotification for pid 1313: active
23:18:37.677 WebDriverAgentRunner-Runner[1362:140254] Handling kAXPidStatusChangedNotification
23:18:37.679 WebDriverAgentRunner-Runner[1362:140254] Got kAXPidStatusChangedNotification for pid 1313: active
23:18:37.680 WebDriverAgentRunner-Runner[1362:140254] Handling kAXPidStatusChangedNotification
23:18:37.681 WebDriverAgentRunner-Runner[1362:140254] Got kAXPidStatusChangedNotification for pid 1313: active
23:18:37.681 WebDriverAgentRunner-Runner[1362:140254] Handling kAXPidStatusChangedNotification
23:18:37.683 WebDriverAgentRunner-Runner[1362:140254] Got kAXPidStatusChangedNotification for pid 1313: active
23:18:37.685 WebDriverAgentRunner-Runner[1362:140254] Handling kAXPidStatusChangedNotification
23:18:37.685 WebDriverAgentRunner-Runner[1362:140254] Got kAXPidStatusChangedNotification for pid 1313: active
23:18:37.689 WebDriverAgentRunner-Runner[1362:140254] Handling kAXPidStatusChangedNotification
23:18:37.690 WebDriverAgentRunner-Runner[1362:140254] Got kAXPidStatusChangedNotification for pid 1313: active
23:18:37.699 WebDriverAgentRunner-Runner[1362:140890] Handling kAXUserTestingNotification
23:18:37.700 WebDriverAgentRunner-Runner[1362:140890] Received kAXUserTestingNotification from AX element pid: 305, elementOrHash.elementID: 0.1: {
    controllerClass = UICompatibilityInputViewController;
    event = ViewDidAppear;
}
23:18:37.701 WebDriverAgentRunner-Runner[1362:140890] Handling kAXUserTestingNotification
23:18:37.702 WebDriverAgentRunner-Runner[1362:140890] Received kAXUserTestingNotification from AX element pid: 305, elementOrHash.elementID: 0.1: {
    controllerClass = UISystemInputAssistantViewController;
    event = ViewDidAppear;
}
23:18:37.703 WebDriverAgentRunner-Runner[1362:140890] Handling kAXUserTestingNotification
23:18:37.706 WebDriverAgentRunner-Runner[1362:140890] Received kAXUserTestingNotification from AX element pid: 305, elementOrHash.elementID: 0.1: {
    controllerClass = UIPredictionViewController;
    event = ViewDidAppear;
}
23:18:37.708 WebDriverAgentRunner-Runner[1362:140890] Handling kAXUserTestingNotification
23:18:37.709 WebDriverAgentRunner-Runner[1362:140890] Received kAXUserTestingNotification from AX element pid: 305, elementOrHash.elementID: 0.1: {
    controllerClass = UICompatibilityInputViewController;
    event = ViewDidDisappear;
}
23:18:37.710 WebDriverAgentRunner-Runner[1362:140890] Handling kAXUserTestingNotification
23:18:37.711 WebDriverAgentRunner-Runner[1362:140890] Received kAXUserTestingNotification from AX element pid: 305, elementOrHash.elementID: 0.1: {
    controllerClass = UISystemInputAssistantViewController;
    event = ViewDidDisappear;
}
23:18:37.712 WebDriverAgentRunner-Runner[1362:140233] No application process found matching pid 1313, caching
23:18:37.714 WebDriverAgentRunner-Runner[1362:140233] No application process found matching pid 1313, caching
23:18:37.712 WebDriverAgentRunner-Runner[1362:140890] Handling kAXUserTestingNotification
23:18:37.715 WebDriverAgentRunner-Runner[1362:140233] No application process found matching pid 1313, caching
23:18:37.715 WebDriverAgentRunner-Runner[1362:140890] Received kAXUserTestingNotification from AX element pid: 305, elementOrHash.elementID: 0.1: {
    controllerClass = UIPredictionViewController;
    event = ViewDidDisappear;
}
23:18:37.715 WebDriverAgentRunner-Runner[1362:140233] No application process found matching pid 1313, caching
23:18:37.715 WebDriverAgentRunner-Runner[1362:140890] Handling kAXUserTestingNotification
23:18:37.715 WebDriverAgentRunner-Runner[1362:140233] No application process found matching pid 1313, caching
23:18:37.716 WebDriverAgentRunner-Runner[1362:140890] Received kAXUserTestingNotification from AX element pid: 305, elementOrHash.elementID: 0.1: {
    controllerClass = UICompatibilityInputViewController;
    event = ViewDidAppear;
}
23:18:37.716 WebDriverAgentRunner-Runner[1362:140233] No application process found matching pid 1313, caching
23:18:37.716 WebDriverAgentRunner-Runner[1362:140233] No application process found matching pid 1313, caching
23:18:37.716 WebDriverAgentRunner-Runner[1362:140890] Handling kAXUserTestingNotification
23:18:37.716 WebDriverAgentRunner-Runner[1362:140890] Received kAXUserTestingNotification from AX element pid: 305, elementOrHash.elementID: 0.1: {
    controllerClass = UICompatibilityInputViewController;
    event = ViewDidDisappear;
}
23:18:37.716 WebDriverAgentRunner-Runner[1362:140890] Handling kAXUserTestingNotification
23:18:37.716 WebDriverAgentRunner-Runner[1362:140890] Received kAXUserTestingNotification from AX element pid: 305, elementOrHash.elementID: 0.1: {
    controllerClass = UIInputWindowController;
    event = ViewDidAppear;
}
23:18:37.717 WebDriverAgentRunner-Runner[1362:140890] Handling kAXUserTestingNotification
23:18:37.717 WebDriverAgentRunner-Runner[1362:140890] Received kAXUserTestingNotification from AX element pid: 305, elementOrHash.elementID: 0.1: {
    controllerClass = UICompatibilityInputViewController;
    event = ViewDidAppear;
}
23:18:37.717 WebDriverAgentRunner-Runner[1362:140890] Handling kAXUserTestingNotification
23:18:37.717 WebDriverAgentRunner-Runner[1362:140890] Received kAXUserTestingNotification from AX element pid: 305, elementOrHash.elementID: 0.1: {
    controllerClass = UISystemInputAssistantViewController;
    event = ViewDidAppear;
}
23:18:37.717 WebDriverAgentRunner-Runner[1362:140890] Handling kAXUserTestingNotification
23:18:37.717 WebDriverAgentRunner-Runner[1362:140890] Received kAXUserTestingNotification from AX element pid: 305, elementOrHash.elementID: 0.1: {
    controllerClass = UIPredictionViewController;
    event = ViewDidAppear;
}
23:18:37.773 WebDriverAgentRunner-Runner[1362:140897] Handling kAXUserTestingNotification
23:18:37.774 WebDriverAgentRunner-Runner[1362:140897] Received kAXUserTestingNotification from AX element pid: 1212, elementOrHash.elementID: 0.1: {
    controllerClass = UIViewController;
    event = ViewDidAppear;
}
23:18:37.775 WebDriverAgentRunner-Runner[1362:140897] Handling kAXUserTestingNotification
23:18:37.776 WebDriverAgentRunner-Runner[1362:140897] Received kAXUserTestingNotification from AX element pid: 1212, elementOrHash.elementID: 0.1: {
    controllerClass = KVKeyboardViewController;
    event = ViewDidAppear;
}
23:18:37.777 WebDriverAgentRunner-Runner[1362:140897] Handling kAXUserTestingNotification
23:18:37.778 WebDriverAgentRunner-Runner[1362:140897] Received kAXUserTestingNotification from AX element pid: 1212, elementOrHash.elementID: 0.1: {
    controllerClass = KVEffectViewController;
    event = ViewDidAppear;
}
23:18:37.786 WebDriverAgentRunner-Runner[1362:140897] Handling kAXUserTestingNotification
23:18:37.787 WebDriverAgentRunner-Runner[1362:140897] Received kAXUserTestingNotification from AX element pid: 305, elementOrHash.elementID: 0.1: {
    controllerClass = "_UIRemoteInputViewController";
    event = ViewDidAppear;
}
23:18:37.828 WebDriverAgentRunner-Runner[1362:140613] Handling kAXUserTestingNotification
23:18:37.831 WebDriverAgentRunner-Runner[1362:140613] Received kAXUserTestingNotification from AX element pid: 1212, elementOrHash.elementID: 0.1: {
    controllerClass = KeyboardViewController;
    event = ViewDidAppear;
}
23:18:37.832 WebDriverAgentRunner-Runner[1362:140613] Handling kAXUserTestingNotification
23:18:37.835 WebDriverAgentRunner-Runner[1362:140613] Received kAXUserTestingNotification from AX element pid: 1212, elementOrHash.elementID: 0.1: {
    controllerClass = KVBackgroundViewController;
    event = ViewDidAppear;
}
23:18:37.839 WebDriverAgentRunner-Runner[1362:140613] Handling kAXUserTestingNotification
23:18:37.840 WebDriverAgentRunner-Runner[1362:140613] Received kAXUserTestingNotification from AX element pid: 1212, elementOrHash.elementID: 0.1: {
    controllerClass = UIViewController;
    event = ViewDidAppear;
}
23:18:37.846 WebDriverAgentRunner-Runner[1362:140895] Handling kAXUserTestingNotification
23:18:37.848 WebDriverAgentRunner-Runner[1362:140895] Received kAXUserTestingNotification from AX element pid: 1212, elementOrHash.elementID: 0.1: {
    controllerClass = KVKeyboardViewController;
    event = ViewDidAppear;
}
23:18:37.852 WebDriverAgentRunner-Runner[1362:140895] Handling kAXUserTestingNotification
23:18:37.853 WebDriverAgentRunner-Runner[1362:140895] Received kAXUserTestingNotification from AX element pid: 1212, elementOrHash.elementID: 0.1: {
    controllerClass = KVEffectViewController;
    event = ViewDidAppear;
}
23:18:38.236 WebDriverAgentRunner-Runner[1362:140890] Handling kAXUserTestingNotification
23:18:38.237 WebDriverAgentRunner-Runner[1362:140890] Received kAXUserTestingNotification from AX element pid: 305, elementOrHash.elementID: 0.1: {
    controllerClass = UICompatibilityInputViewController;
    event = ViewDidAppear;
}
23:18:43.997 WebDriverAgentRunner-Runner[1362:140897] Handling kAXPidStatusChangedNotification
23:18:43.998 WebDriverAgentRunner-Runner[1362:140897] Got kAXPidStatusChangedNotification for pid 1313: active
23:20:02.118 WebDriverAgentRunner-Runner[1362:140233] Creating future for 'fetching attributes 'XC_kAXXCAttributeSystemAppApplication' for Device system-wide element' with timeout 65.00
23:20:02.120 WebDriverAgentRunner-Runner[1362:140233] <XCTWaiter: 0x110c243f0> entering wait loop for 65.00s with expectations: `fetching attributes 'XC_kAXXCAttributeSystemAppApplication' for Device system-wide element`
23:20:02.121 WebDriverAgentRunner-Runner[1362:140233] No application process found matching pid 1313, caching
23:20:02.122 WebDriverAgentRunner-Runner[1362:140891] Got attribute fetch response with values {
    "XC_kAXXCAttributeSystemAppApplication" = "AX element pid: 174, elementOrHash.elementID: 0.1";
}, error: (null)
23:20:02.123 WebDriverAgentRunner-Runner[1362:140233] Returning result XCTWaiterResultCompleted for synchronous waiter <XCTWaiter: 0x110c243f0>
23:20:02.124 WebDriverAgentRunner-Runner[1362:140233] Wait <XCTWaiterWait: 0x105f54340> completed after 0.004s
23:20:02.125 WebDriverAgentRunner-Runner[1362:140233] cleaning up fetching attributes 'XC_kAXXCAttributeSystemAppApplication' for Device system-wide element
23:20:02.126 WebDriverAgentRunner-Runner[1362:140233] Creating future for 'fetching attributes 'XC_kAXXCAttributeFocusedApplications' for AX element pid: 174, elementOrHash.elementID: 0.1' with timeout 65.00
23:20:02.128 WebDriverAgentRunner-Runner[1362:140233] <XCTWaiter: 0x110c24240> entering wait loop for 65.00s with expectations: `fetching attributes 'XC_kAXXCAttributeFocusedApplications' for AX element pid: 174, elementOrHash.elementID: 0.1`
23:20:02.132 WebDriverAgentRunner-Runner[1362:141250] Got attribute fetch response with values {
    "XC_kAXXCAttributeFocusedApplications" =     (
        "AX element pid: 305, elementOrHash.elementID: 0.1"
    );
}, error: (null)
23:20:02.133 WebDriverAgentRunner-Runner[1362:140233] Returning result XCTWaiterResultCompleted for synchronous waiter <XCTWaiter: 0x110c24240>
23:20:02.134 WebDriverAgentRunner-Runner[1362:140233] Wait <XCTWaiterWait: 0x105f54140> completed after 0.006s
23:20:02.135 WebDriverAgentRunner-Runner[1362:140233] cleaning up fetching attributes 'XC_kAXXCAttributeFocusedApplications' for AX element pid: 174, elementOrHash.elementID: 0.1
23:20:02.135 WebDriverAgentRunner-Runner[1362:140233] Active application elements: (
    "AX element pid: 305, elementOrHash.elementID: 0.1"
)
23:20:02.136 WebDriverAgentRunner-Runner[1362:140233] Creating future for 'looking up application specifier for pid 305' with timeout 30.00
23:20:02.137 WebDriverAgentRunner-Runner[1362:140233] Requesting application specifier for pid 305
23:20:02.138 WebDriverAgentRunner-Runner[1362:140233] <XCTWaiter: 0x110c24930> entering wait loop for 30.00s with expectations: `looking up application specifier for pid 305`
23:20:02.140 WebDriverAgentRunner-Runner[1362:140233] Returning result XCTWaiterResultCompleted for synchronous waiter <XCTWaiter: 0x110c24930>
23:20:02.141 WebDriverAgentRunner-Runner[1362:140233] Wait <XCTWaiterWait: 0x105f54600> completed after 0.003s
23:20:02.141 WebDriverAgentRunner-Runner[1362:140233] cleaning up looking up application specifier for pid 305
23:20:02.142 WebDriverAgentRunner-Runner[1362:140233] App specifier for pid 305: <XCUIApplicationSpecifier: 0x105fcbee0> { com.apple.Spotlight }
23:20:02.142 WebDriverAgentRunner-Runner[1362:140233] Error (com.apple.dt.xctest.ui-testing.error) 10100, userInfo keys: (null): Unknown application: 'com.apple.Spotlight'
23:20:02.143 WebDriverAgentRunner-Runner[1362:140233] Error (com.apple.dt.xctest.ui-testing.error) 10100, userInfo keys: (null): Unknown application: 'com.apple.Spotlight'
23:20:02.143 WebDriverAgentRunner-Runner[1362:140233] XCUIApplicationImplDepot: Creating XCUIApplicationImpl for identifier: com.apple.Spotlight
23:20:02.144 WebDriverAgentRunner-Runner[1362:140233] updating com.apple.Spotlight crashBehavior to 1
23:20:02.146 WebDriverAgentRunner-Runner[1362:140233] KVO change: checked status of Expect value of 'isApplicationStateKnown' of Application 'com.apple.Spotlight' to be '1': fulfill=NO
23:20:02.146 WebDriverAgentRunner-Runner[1362:140233] KVO change: checked status of Expect value of 'isApplicationStateKnown' of Application 'com.apple.Spotlight' to be '1': fulfill=NO
23:20:02.147 WebDriverAgentRunner-Runner[1362:140233] <XCTWaiter: 0x110c24ed0> entering wait loop for 60.00s with expectations: `Expect value of 'isApplicationStateKnown' of Application 'com.apple.Spotlight' to be '1'`
23:20:02.149 WebDriverAgentRunner-Runner[1362:141251] -[XCTRunnerDaemonSession(XCTMessagingRole_UIApplicationStateUpdating) _XCT_applicationDidUpdateState:] com.apple.Spotlight@/Applications/Spotlight.app processName: Spotlight pid: 305 state: running foreground
23:20:02.150 WebDriverAgentRunner-Runner[1362:140233] [AM:0] Processing state snapshot com.apple.Spotlight@/Applications/Spotlight.app processName: Spotlight pid: 305 state: running foreground
23:20:02.150 WebDriverAgentRunner-Runner[1362:141251] -[XCTRunnerDaemonSession(XCTMessagingRole_UIApplicationStateUpdating) _XCT_applicationDidUpdateState:] com.apple.Spotlight@/Applications/Spotlight.app processName: Spotlight pid: 305 state: running foreground
23:20:02.150 WebDriverAgentRunner-Runner[1362:140233] <XCUIApplicationImpl: 0x105f548c0 com.apple.Spotlight> changing currentProcess from (null) to com.apple.Spotlight (pid:0)
23:20:02.151 WebDriverAgentRunner-Runner[1362:140233] KVO change: checked status of Expect value of 'isApplicationStateKnown' of Application 'com.apple.Spotlight' to be '1': fulfill=NO
23:20:02.151 WebDriverAgentRunner-Runner[1362:140233] Setting pid for 0x1054cbb00 0 -> 305
23:20:02.151 WebDriverAgentRunner-Runner[1362:140233] Done setting pid for <XCUIApplicationImpl: 0x105f548c0 com.apple.Spotlight> to 305
23:20:02.151 WebDriverAgentRunner-Runner[1362:141251] com.apple.Spotlight (pid:0) pid 0 -> 305
23:20:02.152 WebDriverAgentRunner-Runner[1362:141251] com.apple.Spotlight (pid:0) checking for cached AX loaded value using pid 305
23:20:02.152 WebDriverAgentRunner-Runner[1362:141454] -[XCTRunnerDaemonSession(XCTMessagingRole_UIApplicationStateUpdating) _XCT_applicationDidUpdateState:] com.apple.Spotlight@/Applications/Spotlight.app processName: Spotlight pid: 305 state: running foreground
23:20:02.152 WebDriverAgentRunner-Runner[1362:141251] com.apple.Spotlight (pid:305) application state Unknown (0) -> Running Foreground (4)
23:20:02.152 WebDriverAgentRunner-Runner[1362:141250] Monitor: set com.apple.Spotlight (pid:305) for pid 305
23:20:02.152 WebDriverAgentRunner-Runner[1362:140233] KVO change: checked status of Expect value of 'isApplicationStateKnown' of Application 'com.apple.Spotlight' to be '1': fulfill=YES
23:20:02.153 WebDriverAgentRunner-Runner[1362:140233] KVO change: checked status of Expect value of 'isApplicationStateKnown' of Application 'com.apple.Spotlight' to be '1': fulfill=YES
23:20:02.153 WebDriverAgentRunner-Runner[1362:140233] App state updated for <XCUIApplicationImpl: 0x105f548c0 com.apple.Spotlight>: Running Foreground (4)
23:20:02.153 WebDriverAgentRunner-Runner[1362:140233] KVO change: checked status of Expect value of 'isApplicationStateKnown' of Application 'com.apple.Spotlight' to be '1': fulfill=YES
23:20:02.154 WebDriverAgentRunner-Runner[1362:140233] Returning result XCTWaiterResultCompleted for synchronous waiter <XCTWaiter: 0x110c24ed0>
23:20:02.154 WebDriverAgentRunner-Runner[1362:140233] Wait <XCTWaiterWait: 0x105f54940> completed after 0.007s
23:20:02.154 WebDriverAgentRunner-Runner[1362:140233] cleaning up Expect value of 'isApplicationStateKnown' of Application 'com.apple.Spotlight' to be '1'
23:20:02.154 WebDriverAgentRunner-Runner[1362:140233] cleaning up Expect value of 'isApplicationStateKnown' of Application 'com.apple.Spotlight' to be '1'
23:20:02.155 WebDriverAgentRunner-Runner[1362:140233] Creating future for 'getting interface orientation' with timeout 65.00
23:20:02.155 WebDriverAgentRunner-Runner[1362:140233] <XCTWaiter: 0x110c24930> entering wait loop for 65.00s with expectations: `getting interface orientation`
23:20:02.156 WebDriverAgentRunner-Runner[1362:140233] [AM:0] Processing state snapshot com.apple.Spotlight@/Applications/Spotlight.app processName: Spotlight pid: 305 state: running foreground
23:20:02.156 WebDriverAgentRunner-Runner[1362:140233] Done setting pid for <XCUIApplicationImpl: 0x105f548c0 com.apple.Spotlight> to 305
23:20:02.156 WebDriverAgentRunner-Runner[1362:140233] App state updated for <XCUIApplicationImpl: 0x105f548c0 com.apple.Spotlight>: Running Foreground (4)
23:20:02.157 WebDriverAgentRunner-Runner[1362:140233] [AM:0] Processing state snapshot com.apple.Spotlight@/Applications/Spotlight.app processName: Spotlight pid: 305 state: running foreground
23:20:02.157 WebDriverAgentRunner-Runner[1362:140233] Done setting pid for <XCUIApplicationImpl: 0x105f548c0 com.apple.Spotlight> to 305
23:20:02.157 WebDriverAgentRunner-Runner[1362:140233] App state updated for <XCUIApplicationImpl: 0x105f548c0 com.apple.Spotlight>: Running Foreground (4)
23:20:02.157 WebDriverAgentRunner-Runner[1362:140233] Returning result XCTWaiterResultCompleted for synchronous waiter <XCTWaiter: 0x110c24930>
23:20:02.158 WebDriverAgentRunner-Runner[1362:140233] Wait <XCTWaiterWait: 0x105f54ac0> completed after 0.002s
23:20:02.158 WebDriverAgentRunner-Runner[1362:140233] cleaning up getting interface orientation
{"time":"2026-07-19T23:22:28.933141+07:00","level":"ERROR","msg":"conn1 closed unexpectedly","module":"go-ios/testmanagerd","udid":"00008027-000404D13439002E","error":"EOF"}
{"time":"2026-07-19T23:22:28.933329+07:00","level":"INFO","msg":"Killing test runner","module":"go-ios/testmanagerd","udid":"00008027-000404D13439002E","pid":1362}
{"time":"2026-07-19T23:22:28.933377+07:00","level":"INFO","msg":"Killing test runner","module":"go-ios/testmanagerd","pid":1362}
{"time":"2026-07-19T23:22:28.944203+07:00","level":"INFO","msg":"Nothing to kill, process is already dead","module":"go-ios/testmanagerd","udid":"00008027-000404D13439002E","pid":1362}
{"time":"2026-07-19T23:22:28.944735+07:00","level":"ERROR","msg":"Failed running WDA","error":"lost connection to testmanagerd. the test-runner may have been killed"}
