{"time":"2026-07-19T23:25:14.771972+07:00","level":"INFO","msg":"Running wda","bundleid":"solumate.xxx","testbundleid":"solumate.xxx","xctestconfig":"WebDriverAgentRunner.xctest"}
{"time":"2026-07-19T23:25:14.906372+07:00","level":"INFO","msg":"got capabilities","module":"go-ios/testmanagerd","udid":"00008027-000404D13439002E","receivedCaps":{"CapabilitiesDictionary":{"authorize test session capability":1,"automation mode":1,"daemon container sandbox extension":1,"initiate daemon control session capability":4,"initiate test runner session capability":2,"record UI interaction capability":2,"recording events as source code":1,"report crashes capability":1,"request log archive capability":1,"request spindump capability":2,"request tailspin capability":1,"supports delayed attachment transfers":1}}}
{"time":"2026-07-19T23:25:15.038006+07:00","level":"INFO","msg":"got capabilities","module":"go-ios/testmanagerd","udid":"00008027-000404D13439002E","caps":{"CapabilitiesDictionary":{"authorize test session capability":1,"automation mode":1,"daemon container sandbox extension":1,"initiate daemon control session capability":4,"initiate test runner session capability":2,"record UI interaction capability":2,"recording events as source code":1,"report crashes capability":1,"request log archive capability":1,"request spindump capability":2,"request tailspin capability":1,"supports delayed attachment transfers":1}}}
{"time":"2026-07-19T23:25:15.041359+07:00","level":"INFO","msg":"authorized","module":"go-ios/testmanagerd","udid":"00008027-000404D13439002E","pid":1371,"authorized":true}
23:25:15.316 WebDriverAgentRunner-Runner[1371:144542] Creating future for 'requesting test configuration' with timeout 600.00
23:25:15.316 WebDriverAgentRunner-Runner[1371:144542] Notifying test runner ready
23:25:15.317 WebDriverAgentRunner-Runner[1371:144542] <XCTWaiter: 0x10465c060> entering wait loop for 600.00s with expectations: `requesting test configuration`
23:25:15.320 WebDriverAgentRunner-Runner[1371:144563] Received test runner ready reply. Waiting for request to start running tests.
23:25:15.321 WebDriverAgentRunner-Runner[1371:144542] Returning result XCTWaiterResultCompleted for synchronous waiter <XCTWaiter: 0x10465c060>
23:25:15.321 WebDriverAgentRunner-Runner[1371:144542] Wait <XCTWaiterWait: 0x104455fc0> completed after 0.004s
23:25:15.321 WebDriverAgentRunner-Runner[1371:144542] cleaning up requesting test configuration
23:25:15.321 WebDriverAgentRunner-Runner[1371:144542] Loading test bundle at: file:///private/var/containers/Bundle/Application/921F5401-514D-4691-AEDB-C75AA0DF3034/WebDriverAgentRunner-Runner.app/PlugIns/WebDriverAgentRunner.xctest/
23:25:15.490 WebDriverAgentRunner-Runner[1371:144542] Finished loading test bundle
23:25:15.491 WebDriverAgentRunner-Runner[1371:144542] Interop: not enabled, so skipping install
23:25:15.491 WebDriverAgentRunner-Runner[1371:144542] Registering in-process symbolication service with image names: WebDriverAgentRunner
23:25:15.494 WebDriverAgentRunner-Runner[1371:144542] Running tests with active test configuration: <XCTestConfiguration: 0x1046c0000>
	                  testBundleURL:file://PlugIns/WebDriverAgentRunner.xctest
	         testBundleRelativePath:(null)
	              productModuleName:WebDriverAgentRunner
	                  testSelection:<XCTTestSelection: 0x10465e760>
	            identifiersToRun:(null)
	            identifiersToSkip:
	            tagsToRun:(null)
	            tagsToSkip:<XCTTagSelection: 0x1044d2c60>
	            mode:and
	            tags:{(
)}
	  includeXCTests:NO


	             reportResultsToIDE:YES
	               testsDrivenByIDE:NO
	inProcessParallelizationEnabled:YES
	              sessionIdentifier:82797968-459A-429E-B7EF-086D23B5FA36
	      disablePerformanceMetrics:NO
	treatMissingBaselinesAsFailures:NO
	                baselineFileURL:(null)
	       baselineFileRelativePath:(null)
	          targetApplicationPath:/private/var/containers/Bundle/Application/921F5401-514D-4691-AEDB-C75AA0DF3034/WebDriverAgentRunner-Runner.app
	      targetApplicationBundleID:solumate.xxx
	 testApplicationDependencies:(null)
	 bundleIDsForCrashReportEmphasis:(null)
	 testApplicationUserOverrides:(null)
	     targetApplicationArguments:(null)
	   targetApplicationEnvironment:(null)
	                  reportActivities:YES
	          testsMustRunOnMainThread:YES
	            initializeForUITesting:YES
	            traceCollectionEnabled:(null)
	 enablePerformanceTestsDiagnostics:(null)
	 aggregateStatisticsBeforeCrash:
{
    XCSuiteRecordsKey =     {
    };
}
	        automationFrameworkPath:/System/Developer/Library/PrivateFrameworks/XCTAutomationSupport.framework
	                     emitOSLogs:NO
	       systemAttachmentLifetime:keepNever
	         userAttachmentLifetime:keepAlways
	   preferredScreenCaptureFormat:screenshots
	   gatherLocalizableStringsData:NO
	          testExecutionOrdering:alphabetical
	    randomExecutionOrderingSeed:(null)
	               repetitionPolicy:<XCTRepetitionPolicy: 0x1044d3b20>
	            mode:None
	            maximumIterations:1
	            repeatInNewRunnerProcess:NO

	       runtimeDiagnosticsPolicy:<XCTRuntimeDiagnosticsPolicy: 0x10465cba0>
	            otherRuntimeIssuesDetectionPolicy:<XCTRuntimeIssueDetectionPolicy: 0x1044d2e20>
	            detectionEnabled:YES
	            severity:warning

	            threadPerformanceCheckerRuntimeIssueDetectionPolicy:<XCTRuntimeIssueDetectionPolicy: 0x1044d2e20>
	            detectionEnabled:YES
	            severity:warning

	            mainThreadCheckerDetectionPolicy:<XCTRuntimeIssueDetectionPolicy: 0x1044d2e20>
	            detectionEnabled:YES
	            severity:warning

	            checkedAllocations:disabled

	            testTimeoutsEnabled:NO
	              leaksCheckingMode:off
	 defaultTestExecutionTimeAllowance:600
	 maximumTestExecutionTimeAllowance:0
	                IDECapabilities:<XCTCapabilities: 0x1045fc730>: {
    "XCTIssue capability" = 1;
    "daemon container sandbox extension" = 1;
    "delayed attachment transfer" = 1;
    "expected failure test capability" = 1;
    "request diagnostics for specific devices" = 1;
    "skipped test capability" = 1;
    "test case run configurations" = 1;
    "test iterations" = 1;
    "test timeout capability" = 1;
    "ubiquitous test identifiers" = 1;
}
	        symbolicationImageNames:(null)
	         applicationBundleInfos:(null)

23:25:15.495 WebDriverAgentRunner-Runner[1371:144542] <XCTWaiter: 0x10465ea60> entering wait loop for 600.00s with expectations: `requesting ready for testing`
23:25:15.495 WebDriverAgentRunner-Runner[1371:144542] Returning result XCTWaiterResultCompleted for synchronous waiter <XCTWaiter: 0x10465ea60>
23:25:15.495 WebDriverAgentRunner-Runner[1371:144542] Wait <XCTWaiterWait: 0x104456d00> completed after 0.000s
23:25:15.495 WebDriverAgentRunner-Runner[1371:144542] cleaning up requesting ready for testing
23:25:15.495 WebDriverAgentRunner-Runner[1371:144542] <XCTWaiter: 0x10465c1e0> entering wait loop for 600.00s with expectations: `IDE proxy`
23:25:15.495 WebDriverAgentRunner-Runner[1371:144542] Returning result XCTWaiterResultCompleted for synchronous waiter <XCTWaiter: 0x10465c1e0>
23:25:15.495 WebDriverAgentRunner-Runner[1371:144542] Wait <XCTWaiterWait: 0x104457440> completed after 0.000s
23:25:15.495 WebDriverAgentRunner-Runner[1371:144542] cleaning up IDE proxy
23:25:15.496 WebDriverAgentRunner-Runner[1371:144542] Initializing for UI testing.
23:25:15.497 WebDriverAgentRunner-Runner[1371:144542] Linked XCTAutomationSupport.framework from /System/Developer/Library/PrivateFrameworks/XCTAutomationSupport.framework/XCTAutomationSupport, built with Xcode 2650(17F41), modified on lúc 12:04:18 Giờ Đông Dương Thứ Năm, ngày 30 tháng 4, 2026, bundle version: 24904
23:25:15.497 WebDriverAgentRunner-Runner[1371:144542] <XCTWaiter: 0x10465c480> entering wait loop for 60.00s with expectations: `initiating daemon session`
23:25:15.497 WebDriverAgentRunner-Runner[1371:144542] Returning result XCTWaiterResultCompleted for synchronous waiter <XCTWaiter: 0x10465c480>
23:25:15.497 WebDriverAgentRunner-Runner[1371:144542] Wait <XCTWaiterWait: 0x104457640> completed after 0.000s
23:25:15.497 WebDriverAgentRunner-Runner[1371:144542] cleaning up initiating daemon session
23:25:15.497 WebDriverAgentRunner-Runner[1371:144542] Creating future for 'enabling automation mode' with timeout 60.00
23:25:15.498 WebDriverAgentRunner-Runner[1371:144542] <XCTWaiter: 0x10465eeb0> entering wait loop for 60.00s with expectations: `enabling automation mode`
23:25:15.506 WebDriverAgentRunner-Runner[1371:144542] Returning result XCTWaiterResultCompleted for synchronous waiter <XCTWaiter: 0x10465eeb0>
23:25:15.506 WebDriverAgentRunner-Runner[1371:144542] Wait <XCTWaiterWait: 0x104457800> completed after 0.008s
23:25:15.506 WebDriverAgentRunner-Runner[1371:144542] cleaning up enabling automation mode
23:25:15.506 WebDriverAgentRunner-Runner[1371:144542] Creating future for 'loading Accessibility' with timeout 70.00
23:25:15.506 WebDriverAgentRunner-Runner[1371:144542] <XCTWaiter: 0x10465f0f0> entering wait loop for 70.00s with expectations: `loading Accessibility`
23:25:15.822 WebDriverAgentRunner-Runner[1371:144542] Returning result XCTWaiterResultCompleted for synchronous waiter <XCTWaiter: 0x10465f0f0>
23:25:15.822 WebDriverAgentRunner-Runner[1371:144542] Wait <XCTWaiterWait: 0x104457980> completed after 0.316s
23:25:15.822 WebDriverAgentRunner-Runner[1371:144542] cleaning up loading Accessibility
23:25:15.822 WebDriverAgentRunner-Runner[1371:144542] Creating future for 'enabling localized string gathering' with timeout 70.00
23:25:15.822 WebDriverAgentRunner-Runner[1371:144542] <XCTWaiter: 0x107525e60> entering wait loop for 70.00s with expectations: `enabling localized string gathering`
23:25:15.822 WebDriverAgentRunner-Runner[1371:144542] Returning result XCTWaiterResultCompleted for synchronous waiter <XCTWaiter: 0x107525e60>
23:25:15.822 WebDriverAgentRunner-Runner[1371:144542] Wait <XCTWaiterWait: 0x107400b40> completed after 0.000s
23:25:15.822 WebDriverAgentRunner-Runner[1371:144542] cleaning up enabling localized string gathering
23:25:15.823 WebDriverAgentRunner-Runner[1371:144542] Creating future for 'setting AX timeout to 60.00s' with timeout 65.00
23:25:15.823 WebDriverAgentRunner-Runner[1371:144542] <XCTWaiter: 0x107525f80> entering wait loop for 65.00s with expectations: `setting AX timeout to 60.00s`
23:25:15.825 WebDriverAgentRunner-Runner[1371:144542] Returning result XCTWaiterResultCompleted for synchronous waiter <XCTWaiter: 0x107525f80>
23:25:15.825 WebDriverAgentRunner-Runner[1371:144542] Wait <XCTWaiterWait: 0x107400c00> completed after 0.002s
    t =      nans Interface orientation changed to Landscape Left
23:25:15.825 WebDriverAgentRunner-Runner[1371:144542] cleaning up setting AX timeout to 60.00s
23:25:15.825 WebDriverAgentRunner-Runner[1371:144542] Creating future for 'registering for kAXUserTestingNotification' with timeout 65.00
23:25:15.825 WebDriverAgentRunner-Runner[1371:144542] <XCTWaiter: 0x107526340> entering wait loop for 65.00s with expectations: `registering for kAXUserTestingNotification`
23:25:15.826 WebDriverAgentRunner-Runner[1371:144542] Returning result XCTWaiterResultCompleted for synchronous waiter <XCTWaiter: 0x107526340>
23:25:15.826 WebDriverAgentRunner-Runner[1371:144542] Wait <XCTWaiterWait: 0x1074007c0> completed after 0.001s
23:25:15.826 WebDriverAgentRunner-Runner[1371:144542] cleaning up registering for kAXUserTestingNotification
23:25:15.826 WebDriverAgentRunner-Runner[1371:144542] Creating future for 'registering for kAXAlertNotification' with timeout 65.00
23:25:15.826 WebDriverAgentRunner-Runner[1371:144542] <XCTWaiter: 0x107526580> entering wait loop for 65.00s with expectations: `registering for kAXAlertNotification`
23:25:15.826 WebDriverAgentRunner-Runner[1371:144542] Returning result XCTWaiterResultCompleted for synchronous waiter <XCTWaiter: 0x107526580>
23:25:15.826 WebDriverAgentRunner-Runner[1371:144542] Wait <XCTWaiterWait: 0x107400640> completed after 0.000s
23:25:15.826 WebDriverAgentRunner-Runner[1371:144542] cleaning up registering for kAXAlertNotification
23:25:15.827 WebDriverAgentRunner-Runner[1371:144542] Creating future for 'registering for kAXPidStatusChangedNotification' with timeout 65.00
23:25:15.827 WebDriverAgentRunner-Runner[1371:144542] <XCTWaiter: 0x1075267c0> entering wait loop for 65.00s with expectations: `registering for kAXPidStatusChangedNotification`
23:25:15.827 WebDriverAgentRunner-Runner[1371:144542] Returning result XCTWaiterResultCompleted for synchronous waiter <XCTWaiter: 0x1075267c0>
23:25:15.827 WebDriverAgentRunner-Runner[1371:144542] Wait <XCTWaiterWait: 0x107400bc0> completed after 0.001s
23:25:15.827 WebDriverAgentRunner-Runner[1371:144542] cleaning up registering for kAXPidStatusChangedNotification
23:25:15.827 WebDriverAgentRunner-Runner[1371:144542] Creating future for 'registering for AXNotification 3031' with timeout 65.00
23:25:15.827 WebDriverAgentRunner-Runner[1371:144542] <XCTWaiter: 0x107526a00> entering wait loop for 65.00s with expectations: `registering for AXNotification 3031`
23:25:15.828 WebDriverAgentRunner-Runner[1371:144542] Returning result XCTWaiterResultCompleted for synchronous waiter <XCTWaiter: 0x107526a00>
23:25:15.828 WebDriverAgentRunner-Runner[1371:144542] Wait <XCTWaiterWait: 0x107400900> completed after 0.000s
23:25:15.828 WebDriverAgentRunner-Runner[1371:144542] cleaning up registering for AXNotification 3031
23:25:15.828 WebDriverAgentRunner-Runner[1371:144542] Creating future for 'requesting background assertion for test process' with timeout 30.00
23:25:15.828 WebDriverAgentRunner-Runner[1371:144542] <XCTWaiter: 0x107526c40> entering wait loop for 30.00s with expectations: `requesting background assertion for test process`
23:25:15.829 WebDriverAgentRunner-Runner[1371:144561] Got reply for background assertion for 1371, acquired: YES.
23:25:15.829 WebDriverAgentRunner-Runner[1371:144542] Returning result XCTWaiterResultCompleted for synchronous waiter <XCTWaiter: 0x107526c40>
23:25:15.829 WebDriverAgentRunner-Runner[1371:144542] Wait <XCTWaiterWait: 0x107400d00> completed after 0.001s
23:25:15.829 WebDriverAgentRunner-Runner[1371:144542] cleaning up requesting background assertion for test process
23:25:15.829 WebDriverAgentRunner-Runner[1371:144542] Test runner is already executing in the background.
23:25:15.829 WebDriverAgentRunner-Runner[1371:144542] Done initializing for UI testing.
23:25:15.830 WebDriverAgentRunner-Runner[1371:144542] Loading test suite...
23:25:15.938 WebDriverAgentRunner-Runner[1371:144542] Finished loading test suite, took 0.107s
23:25:15.938 WebDriverAgentRunner-Runner[1371:144542] <XCTWaiter: 0x104451470> entering wait loop for 599.36s with expectations: `preparing execution worker`
{"time":"2026-07-19T23:25:15.853612+07:00","level":"INFO","msg":"device called local method","module":"go-ios/testmanagerd","id":"","sel":"_XCT_didFormPlanWithData:"}
23:25:15.951 WebDriverAgentRunner-Runner[1371:144542] Returning result XCTWaiterResultCompleted for synchronous waiter <XCTWaiter: 0x104451470>
23:25:15.952 WebDriverAgentRunner-Runner[1371:144542] Wait <XCTWaiterWait: 0x1074012c0> completed after 0.013s
23:25:15.952 WebDriverAgentRunner-Runner[1371:144542] cleaning up preparing execution worker
23:25:15.952 WebDriverAgentRunner-Runner[1371:144542] Entering test execution event loop
23:25:15.952 WebDriverAgentRunner-Runner[1371:144542] Setting a new interop record handler: Optional(XCTestCore.XCTestInteropRecordHandler())
23:25:15.952 WebDriverAgentRunner-Runner[1371:144542] -[XCTRunnerIDESession(_XCTestObservationInternal) testBundleWillStart:]
23:25:15.952 WebDriverAgentRunner-Runner[1371:144542] Running suite...
23:25:15.952 WebDriverAgentRunner-Runner[1371:144542] -[XCTRunnerIDESession(_XCTestObservationInternal) testSuiteWillStart:]
Test Suite 'All tests' started at 2026-07-19 23:25:15.952.
XCTestOutputBarrierTest Suite 'WebDriverAgentRunner.xctest' started at 2026-07-19 23:25:15.953.
XCTestOutputBarrier23:25:15.953 WebDriverAgentRunner-Runner[1371:144542] -[XCTRunnerIDESession(_XCTestObservationInternal) testSuiteWillStart:]
23:25:15.953 WebDriverAgentRunner-Runner[1371:144542] -[XCTRunnerIDESession(_XCTestObservationInternal) testSuiteWillStart:]
23:25:15.953 WebDriverAgentRunner-Runner[1371:144542] <XCTContext: 0x107520780> started activity <XCActivityRecord: 0x10752dff0> 2026-07-19 16:25:15 +0000: Suite Set Up(Not reporting due to no test case running)
Test Suite 'UITestingUITests' started at 2026-07-19 23:25:15.953.
XCTestOutputBarrier    t =      nans Suite Set Up
23:25:16.024 WebDriverAgentRunner-Runner[1371:144542] <XCTContext: 0x107520780> finished activity <XCActivityRecord: 0x10752dff0> 2026-07-19 16:25:15 +0000: Suite Set Up (0.0707301s)(Not reporting due to no test case running)
23:25:16.024 WebDriverAgentRunner-Runner[1371:144542] -[XCTRuntimeIssueDetectionManager runtimeIssueDetectionEnabled] runtimeIssueDetectionEnabled based on XCTDisableRuntimeIssues and runtime diagnostics policies: YES
23:25:16.027 WebDriverAgentRunner-Runner[1371:144542] -[XCTRunnerIDESession(_XCTestObservationInternal) testCaseWillStart:] UITestingUITests testRunner
23:25:16.028 WebDriverAgentRunner-Runner[1371:144542] <XCTContext: 0x104775f90> started activity <XCActivityRecord: 0x10752dff0> 2026-07-19 16:25:16 +0000: Start Test at 2026-07-19 23:25:16.027
Test Case '-[UITestingUITests testRunner]' started.
XCTestOutputBarrier23:25:16.028 WebDriverAgentRunner-Runner[1371:144542] Creating future for 'requesting to start screen recording' with timeout 30.00
23:25:16.028 WebDriverAgentRunner-Runner[1371:144542] Failed to start diagnostic screen recording - configuration prefers screenshots.
23:25:16.029 WebDriverAgentRunner-Runner[1371:144542] Error (com.apple.dt.xctest.ui-testing.error) 10005, userInfo keys: (null): Unknown error starting diagnostic screen recording.
23:25:16.029 WebDriverAgentRunner-Runner[1371:144542] <XCTWaiter: 0x1044534b0> entering wait loop for 30.00s with expectations: `requesting to start screen recording`
    t =     0.00s Start Test at 2026-07-19 23:25:16.027
23:25:16.029 WebDriverAgentRunner-Runner[1371:144542] Returning result XCTWaiterResultCompleted for synchronous waiter <XCTWaiter: 0x1044534b0>
23:25:16.029 WebDriverAgentRunner-Runner[1371:144542] Wait <XCTWaiterWait: 0x107401f80> completed after 0.000s
23:25:16.029 WebDriverAgentRunner-Runner[1371:144542] cleaning up requesting to start screen recording
23:25:16.029 WebDriverAgentRunner-Runner[1371:144542] Creating future for 'getting screen identifiers' with timeout 30.00
23:25:16.029 WebDriverAgentRunner-Runner[1371:144542] <XCTWaiter: 0x104453120> entering wait loop for 30.00s with expectations: `getting screen identifiers`
23:25:16.029 WebDriverAgentRunner-Runner[1371:144542] Returning result XCTWaiterResultCompleted for synchronous waiter <XCTWaiter: 0x104453120>
23:25:16.029 WebDriverAgentRunner-Runner[1371:144542] Wait <XCTWaiterWait: 0x107402280> completed after 0.000s
23:25:16.029 WebDriverAgentRunner-Runner[1371:144542] cleaning up getting screen identifiers
23:25:16.030 WebDriverAgentRunner-Runner[1371:144542] <XCTContext: 0x104775f90> finished activity <XCActivityRecord: 0x10752dff0> 2026-07-19 16:25:16 +0000: Start Test at 2026-07-19 23:25:16.027 (0.00205004s)
23:25:16.030 WebDriverAgentRunner-Runner[1371:144542] <XCTContext: 0x104775f90> started activity <XCActivityRecord: 0x10752dff0> 2026-07-19 16:25:16 +0000: Set Up
23:25:16.030 WebDriverAgentRunner-Runner[1371:144542] <XCTWaiter: 0x1075248a0> entering indefinite wait loop for expectations: `failable invocation block completion`
23:25:16.030 WebDriverAgentRunner-Runner[1371:144542] Returning result XCTWaiterResultCompleted for synchronous waiter <XCTWaiter: 0x1075248a0>
23:25:16.031 WebDriverAgentRunner-Runner[1371:144542] Wait <XCTWaiterWait: 0x1074023c0> completed after 0.000s
23:25:16.031 WebDriverAgentRunner-Runner[1371:144542] cleaning up failable invocation block completion
23:25:16.031 WebDriverAgentRunner-Runner[1371:144542] <XCTContext: 0x104775f90> finished activity <XCActivityRecord: 0x10752dff0> 2026-07-19 16:25:16 +0000: Set Up (0.000934005s)
23:25:16.031 WebDriverAgentRunner-Runner[1371:144542] _assertObjectsInvalidAfterScope
    t =     0.01s Set Up
23:25:16.066 WebDriverAgentRunner-Runner[1371:144542] Creating future for 'getting screen identifiers' with timeout 30.00
23:25:16.067 WebDriverAgentRunner-Runner[1371:144542] <XCTWaiter: 0x107dc7720> entering wait loop for 30.00s with expectations: `getting screen identifiers`
23:25:16.067 WebDriverAgentRunner-Runner[1371:144542] Returning result XCTWaiterResultCompleted for synchronous waiter <XCTWaiter: 0x107dc7720>
23:25:16.067 WebDriverAgentRunner-Runner[1371:144542] Wait <XCTWaiterWait: 0x107402640> completed after 0.000s
23:25:16.067 WebDriverAgentRunner-Runner[1371:144542] cleaning up getting screen identifiers
23:25:16.128 WebDriverAgentRunner-Runner[1371:144563] Handling AXNotification 3031
23:25:33.536 WebDriverAgentRunner-Runner[1371:144542] Creating future for 'fetching attributes 'XC_kAXXCAttributeSystemAppApplication' for Device system-wide element' with timeout 65.00
23:25:33.539 WebDriverAgentRunner-Runner[1371:144542] <XCTWaiter: 0x107dfb960> entering wait loop for 65.00s with expectations: `fetching attributes 'XC_kAXXCAttributeSystemAppApplication' for Device system-wide element`
23:25:33.540 WebDriverAgentRunner-Runner[1371:144561] Got attribute fetch response with values {
    "XC_kAXXCAttributeSystemAppApplication" = "AX element pid: 174, elementOrHash.elementID: 0.1";
}, error: (null)
23:25:33.541 WebDriverAgentRunner-Runner[1371:144542] Returning result XCTWaiterResultCompleted for synchronous waiter <XCTWaiter: 0x107dfb960>
23:25:33.542 WebDriverAgentRunner-Runner[1371:144542] Wait <XCTWaiterWait: 0x107402e80> completed after 0.003s
23:25:33.543 WebDriverAgentRunner-Runner[1371:144542] cleaning up fetching attributes 'XC_kAXXCAttributeSystemAppApplication' for Device system-wide element
23:25:33.544 WebDriverAgentRunner-Runner[1371:144542] Creating future for 'fetching attributes 'XC_kAXXCAttributeFocusedApplications' for AX element pid: 174, elementOrHash.elementID: 0.1' with timeout 65.00
23:25:33.546 WebDriverAgentRunner-Runner[1371:144542] <XCTWaiter: 0x107dfbbd0> entering wait loop for 65.00s with expectations: `fetching attributes 'XC_kAXXCAttributeFocusedApplications' for AX element pid: 174, elementOrHash.elementID: 0.1`
23:25:33.549 WebDriverAgentRunner-Runner[1371:144842] Got attribute fetch response with values {
    "XC_kAXXCAttributeFocusedApplications" =     (
        "AX element pid: 305, elementOrHash.elementID: 0.1"
    );
}, error: (null)
23:25:33.549 WebDriverAgentRunner-Runner[1371:144542] Returning result XCTWaiterResultCompleted for synchronous waiter <XCTWaiter: 0x107dfbbd0>
23:25:33.550 WebDriverAgentRunner-Runner[1371:144542] Wait <XCTWaiterWait: 0x107403080> completed after 0.004s
23:25:33.551 WebDriverAgentRunner-Runner[1371:144542] cleaning up fetching attributes 'XC_kAXXCAttributeFocusedApplications' for AX element pid: 174, elementOrHash.elementID: 0.1
23:25:33.551 WebDriverAgentRunner-Runner[1371:144542] Active application elements: (
    "AX element pid: 305, elementOrHash.elementID: 0.1"
)
23:25:33.552 WebDriverAgentRunner-Runner[1371:144542] Creating future for 'looking up application specifier for pid 305' with timeout 30.00
23:25:33.553 WebDriverAgentRunner-Runner[1371:144542] Requesting application specifier for pid 305
23:25:33.554 WebDriverAgentRunner-Runner[1371:144542] <XCTWaiter: 0x107dfbf30> entering wait loop for 30.00s with expectations: `looking up application specifier for pid 305`
23:25:33.556 WebDriverAgentRunner-Runner[1371:144542] Returning result XCTWaiterResultCompleted for synchronous waiter <XCTWaiter: 0x107dfbf30>
23:25:33.557 WebDriverAgentRunner-Runner[1371:144542] Wait <XCTWaiterWait: 0x1074032c0> completed after 0.002s
23:25:33.557 WebDriverAgentRunner-Runner[1371:144542] cleaning up looking up application specifier for pid 305
23:25:33.558 WebDriverAgentRunner-Runner[1371:144542] App specifier for pid 305: <XCUIApplicationSpecifier: 0x107dfd120> { com.apple.Spotlight }
23:25:33.559 WebDriverAgentRunner-Runner[1371:144542] Error (com.apple.dt.xctest.ui-testing.error) 10100, userInfo keys: (null): Unknown application: 'com.apple.Spotlight'
23:25:33.560 WebDriverAgentRunner-Runner[1371:144542] Error (com.apple.dt.xctest.ui-testing.error) 10100, userInfo keys: (null): Unknown application: 'com.apple.Spotlight'
23:25:33.561 WebDriverAgentRunner-Runner[1371:144542] XCUIApplicationImplDepot: Creating XCUIApplicationImpl for identifier: com.apple.Spotlight
23:25:33.563 WebDriverAgentRunner-Runner[1371:144542] updating com.apple.Spotlight crashBehavior to 1
23:25:33.565 WebDriverAgentRunner-Runner[1371:144542] KVO change: checked status of Expect value of 'isApplicationStateKnown' of Application 'com.apple.Spotlight' to be '1': fulfill=NO
23:25:33.567 WebDriverAgentRunner-Runner[1371:144542] KVO change: checked status of Expect value of 'isApplicationStateKnown' of Application 'com.apple.Spotlight' to be '1': fulfill=NO
23:25:33.567 WebDriverAgentRunner-Runner[1371:144542] <XCTWaiter: 0x107ee8360> entering wait loop for 60.00s with expectations: `Expect value of 'isApplicationStateKnown' of Application 'com.apple.Spotlight' to be '1'`
23:25:33.567 WebDriverAgentRunner-Runner[1371:144561] -[XCTRunnerDaemonSession(XCTMessagingRole_UIApplicationStateUpdating) _XCT_applicationDidUpdateState:] com.apple.Spotlight@/Applications/Spotlight.app processName: Spotlight pid: 305 state: running foreground
23:25:33.568 WebDriverAgentRunner-Runner[1371:144542] [AM:0] Processing state snapshot com.apple.Spotlight@/Applications/Spotlight.app processName: Spotlight pid: 305 state: running foreground
23:25:33.568 WebDriverAgentRunner-Runner[1371:144561] -[XCTRunnerDaemonSession(XCTMessagingRole_UIApplicationStateUpdating) _XCT_applicationDidUpdateState:] com.apple.Spotlight@/Applications/Spotlight.app processName: Spotlight pid: 305 state: running foreground
23:25:33.568 WebDriverAgentRunner-Runner[1371:144542] <XCUIApplicationImpl: 0x1074034c0 com.apple.Spotlight> changing currentProcess from (null) to com.apple.Spotlight (pid:0)
23:25:33.569 WebDriverAgentRunner-Runner[1371:144542] KVO change: checked status of Expect value of 'isApplicationStateKnown' of Application 'com.apple.Spotlight' to be '1': fulfill=NO
23:25:33.569 WebDriverAgentRunner-Runner[1371:144542] Setting pid for 0x107e8cd00 0 -> 305
23:25:33.570 WebDriverAgentRunner-Runner[1371:144542] Done setting pid for <XCUIApplicationImpl: 0x1074034c0 com.apple.Spotlight> to 305
23:25:33.570 WebDriverAgentRunner-Runner[1371:144561] com.apple.Spotlight (pid:0) pid 0 -> 305
23:25:33.570 WebDriverAgentRunner-Runner[1371:144564] -[XCTRunnerDaemonSession(XCTMessagingRole_UIApplicationStateUpdating) _XCT_applicationDidUpdateState:] com.apple.Spotlight@/Applications/Spotlight.app processName: Spotlight pid: 305 state: running foreground
23:25:33.571 WebDriverAgentRunner-Runner[1371:144561] com.apple.Spotlight (pid:0) checking for cached AX loaded value using pid 305
23:25:33.571 WebDriverAgentRunner-Runner[1371:144846] Monitor: set com.apple.Spotlight (pid:305) for pid 305
23:25:33.571 WebDriverAgentRunner-Runner[1371:144564] com.apple.Spotlight (pid:305) application state Unknown (0) -> Running Foreground (4)
23:25:33.572 WebDriverAgentRunner-Runner[1371:144542] KVO change: checked status of Expect value of 'isApplicationStateKnown' of Application 'com.apple.Spotlight' to be '1': fulfill=YES
23:25:33.572 WebDriverAgentRunner-Runner[1371:144542] KVO change: checked status of Expect value of 'isApplicationStateKnown' of Application 'com.apple.Spotlight' to be '1': fulfill=YES
23:25:33.573 WebDriverAgentRunner-Runner[1371:144542] App state updated for <XCUIApplicationImpl: 0x1074034c0 com.apple.Spotlight>: Running Foreground (4)
23:25:33.573 WebDriverAgentRunner-Runner[1371:144542] KVO change: checked status of Expect value of 'isApplicationStateKnown' of Application 'com.apple.Spotlight' to be '1': fulfill=YES
23:25:33.574 WebDriverAgentRunner-Runner[1371:144542] Returning result XCTWaiterResultCompleted for synchronous waiter <XCTWaiter: 0x107ee8360>
23:25:33.574 WebDriverAgentRunner-Runner[1371:144542] Wait <XCTWaiterWait: 0x107403600> completed after 0.007s
23:25:33.575 WebDriverAgentRunner-Runner[1371:144542] cleaning up Expect value of 'isApplicationStateKnown' of Application 'com.apple.Spotlight' to be '1'
23:25:33.575 WebDriverAgentRunner-Runner[1371:144542] cleaning up Expect value of 'isApplicationStateKnown' of Application 'com.apple.Spotlight' to be '1'
23:25:33.575 WebDriverAgentRunner-Runner[1371:144542] Creating future for 'getting interface orientation' with timeout 65.00
23:25:33.576 WebDriverAgentRunner-Runner[1371:144542] <XCTWaiter: 0x107ee80f0> entering wait loop for 65.00s with expectations: `getting interface orientation`
23:25:33.576 WebDriverAgentRunner-Runner[1371:144542] [AM:0] Processing state snapshot com.apple.Spotlight@/Applications/Spotlight.app processName: Spotlight pid: 305 state: running foreground
23:25:33.577 WebDriverAgentRunner-Runner[1371:144542] Done setting pid for <XCUIApplicationImpl: 0x1074034c0 com.apple.Spotlight> to 305
23:25:33.577 WebDriverAgentRunner-Runner[1371:144542] App state updated for <XCUIApplicationImpl: 0x1074034c0 com.apple.Spotlight>: Running Foreground (4)
23:25:33.577 WebDriverAgentRunner-Runner[1371:144542] [AM:0] Processing state snapshot com.apple.Spotlight@/Applications/Spotlight.app processName: Spotlight pid: 305 state: running foreground
23:25:33.578 WebDriverAgentRunner-Runner[1371:144542] Done setting pid for <XCUIApplicationImpl: 0x1074034c0 com.apple.Spotlight> to 305
23:25:33.578 WebDriverAgentRunner-Runner[1371:144542] App state updated for <XCUIApplicationImpl: 0x1074034c0 com.apple.Spotlight>: Running Foreground (4)
23:25:33.578 WebDriverAgentRunner-Runner[1371:144542] Returning result XCTWaiterResultCompleted for synchronous waiter <XCTWaiter: 0x107ee80f0>
23:25:33.579 WebDriverAgentRunner-Runner[1371:144542] Wait <XCTWaiterWait: 0x107403780> completed after 0.003s
23:25:33.579 WebDriverAgentRunner-Runner[1371:144542] cleaning up getting interface orientation
23:25:33.589 WebDriverAgentRunner-Runner[1371:144542] Creating future for 'fetching attributes 'XC_kAXXCAttributeSystemAppApplication' for Device system-wide element' with timeout 65.00
23:25:33.590 WebDriverAgentRunner-Runner[1371:144542] <XCTWaiter: 0x107ee8600> entering wait loop for 65.00s with expectations: `fetching attributes 'XC_kAXXCAttributeSystemAppApplication' for Device system-wide element`
23:25:33.591 WebDriverAgentRunner-Runner[1371:144846] Got attribute fetch response with values {
    "XC_kAXXCAttributeSystemAppApplication" = "AX element pid: 174, elementOrHash.elementID: 0.1";
}, error: (null)
23:25:33.591 WebDriverAgentRunner-Runner[1371:144542] Returning result XCTWaiterResultCompleted for synchronous waiter <XCTWaiter: 0x107ee8600>
23:25:33.591 WebDriverAgentRunner-Runner[1371:144542] Wait <XCTWaiterWait: 0x107402e00> completed after 0.002s
23:25:33.592 WebDriverAgentRunner-Runner[1371:144542] cleaning up fetching attributes 'XC_kAXXCAttributeSystemAppApplication' for Device system-wide element
23:25:33.592 WebDriverAgentRunner-Runner[1371:144542] Creating future for 'looking up application specifier for pid 174' with timeout 30.00
23:25:33.592 WebDriverAgentRunner-Runner[1371:144542] Requesting application specifier for pid 174
23:25:33.592 WebDriverAgentRunner-Runner[1371:144542] <XCTWaiter: 0x107ee8990> entering wait loop for 30.00s with expectations: `looking up application specifier for pid 174`
23:25:33.593 WebDriverAgentRunner-Runner[1371:144542] Returning result XCTWaiterResultCompleted for synchronous waiter <XCTWaiter: 0x107ee8990>
23:25:33.593 WebDriverAgentRunner-Runner[1371:144542] Wait <XCTWaiterWait: 0x107403240> completed after 0.001s
23:25:33.593 WebDriverAgentRunner-Runner[1371:144542] cleaning up looking up application specifier for pid 174
23:25:33.593 WebDriverAgentRunner-Runner[1371:144542] App specifier for pid 174: <XCUIApplicationSpecifier: 0x107dfdae0> { com.apple.springboard }
23:25:33.594 WebDriverAgentRunner-Runner[1371:144542] Error (com.apple.dt.xctest.ui-testing.error) 10100, userInfo keys: (null): Unknown application: 'com.apple.springboard'
23:25:33.594 WebDriverAgentRunner-Runner[1371:144542] Error (com.apple.dt.xctest.ui-testing.error) 10100, userInfo keys: (null): Unknown application: 'com.apple.springboard'
23:25:33.594 WebDriverAgentRunner-Runner[1371:144542] XCUIApplicationImplDepot: Creating XCUIApplicationImpl for identifier: com.apple.springboard
23:25:33.594 WebDriverAgentRunner-Runner[1371:144542] updating com.apple.springboard crashBehavior to 1
23:25:33.595 WebDriverAgentRunner-Runner[1371:144542] KVO change: checked status of Expect value of 'isApplicationStateKnown' of Application 'com.apple.springboard' to be '1': fulfill=NO
23:25:33.595 WebDriverAgentRunner-Runner[1371:144542] KVO change: checked status of Expect value of 'isApplicationStateKnown' of Application 'com.apple.springboard' to be '1': fulfill=NO
23:25:33.595 WebDriverAgentRunner-Runner[1371:144542] <XCTWaiter: 0x107ee8e40> entering wait loop for 60.00s with expectations: `Expect value of 'isApplicationStateKnown' of Application 'com.apple.springboard' to be '1'`
23:25:33.597 WebDriverAgentRunner-Runner[1371:144846] -[XCTRunnerDaemonSession(XCTMessagingRole_UIApplicationStateUpdating) _XCT_applicationDidUpdateState:] com.apple.springboard@/System/Library/CoreServices/SpringBoard.app processName: SpringBoard pid: 174 state: running foreground
23:25:33.597 WebDriverAgentRunner-Runner[1371:144542] [AM:0] Processing state snapshot com.apple.springboard@/System/Library/CoreServices/SpringBoard.app processName: SpringBoard pid: 174 state: running foreground
23:25:33.597 WebDriverAgentRunner-Runner[1371:144846] -[XCTRunnerDaemonSession(XCTMessagingRole_UIApplicationStateUpdating) _XCT_applicationDidUpdateState:] com.apple.springboard@/System/Library/CoreServices/SpringBoard.app processName: SpringBoard pid: 174 state: running foreground
23:25:33.598 WebDriverAgentRunner-Runner[1371:144542] <XCUIApplicationImpl: 0x107403380 com.apple.springboard> changing currentProcess from (null) to com.apple.springboard (pid:0)
23:25:33.598 WebDriverAgentRunner-Runner[1371:144542] KVO change: checked status of Expect value of 'isApplicationStateKnown' of Application 'com.apple.springboard' to be '1': fulfill=NO
23:25:33.598 WebDriverAgentRunner-Runner[1371:144542] Setting pid for 0x107e8cf80 0 -> 174
23:25:33.598 WebDriverAgentRunner-Runner[1371:144542] Done setting pid for <XCUIApplicationImpl: 0x107403380 com.apple.springboard> to 174
23:25:33.598 WebDriverAgentRunner-Runner[1371:144564] com.apple.springboard (pid:0) pid 0 -> 174
23:25:33.599 WebDriverAgentRunner-Runner[1371:144846] -[XCTRunnerDaemonSession(XCTMessagingRole_UIApplicationStateUpdating) _XCT_applicationDidUpdateState:] com.apple.springboard@/System/Library/CoreServices/SpringBoard.app processName: SpringBoard pid: 174 state: running foreground
23:25:33.599 WebDriverAgentRunner-Runner[1371:144564] com.apple.springboard (pid:0) checking for cached AX loaded value using pid 174
23:25:33.599 WebDriverAgentRunner-Runner[1371:144848] Monitor: set com.apple.springboard (pid:174) for pid 174
23:25:33.599 WebDriverAgentRunner-Runner[1371:144564] com.apple.springboard (pid:174) application state Unknown (0) -> Running Foreground (4)
23:25:33.600 WebDriverAgentRunner-Runner[1371:144542] KVO change: checked status of Expect value of 'isApplicationStateKnown' of Application 'com.apple.springboard' to be '1': fulfill=YES
23:25:33.600 WebDriverAgentRunner-Runner[1371:144542] KVO change: checked status of Expect value of 'isApplicationStateKnown' of Application 'com.apple.springboard' to be '1': fulfill=YES
23:25:33.600 WebDriverAgentRunner-Runner[1371:144542] App state updated for <XCUIApplicationImpl: 0x107403380 com.apple.springboard>: Running Foreground (4)
23:25:33.600 WebDriverAgentRunner-Runner[1371:144542] KVO change: checked status of Expect value of 'isApplicationStateKnown' of Application 'com.apple.springboard' to be '1': fulfill=YES
23:25:33.601 WebDriverAgentRunner-Runner[1371:144542] Returning result XCTWaiterResultCompleted for synchronous waiter <XCTWaiter: 0x107ee8e40>
23:25:33.601 WebDriverAgentRunner-Runner[1371:144542] Wait <XCTWaiterWait: 0x107403480> completed after 0.006s
23:25:33.601 WebDriverAgentRunner-Runner[1371:144542] cleaning up Expect value of 'isApplicationStateKnown' of Application 'com.apple.springboard' to be '1'
23:25:33.601 WebDriverAgentRunner-Runner[1371:144542] cleaning up Expect value of 'isApplicationStateKnown' of Application 'com.apple.springboard' to be '1'
23:25:33.603 WebDriverAgentRunner-Runner[1371:144542] <XCTContext: 0x104595720> started activity <XCActivityRecord: 0x10752caf0> 2026-07-19 16:25:33 +0000: Get all elements bound by index for: Descendants matching type StatusBar
23:25:33.604 WebDriverAgentRunner-Runner[1371:144542] Creating future for 'getting screen identifiers' with timeout 30.00
23:25:33.604 WebDriverAgentRunner-Runner[1371:144542] <XCTWaiter: 0x107ee9260> entering wait loop for 30.00s with expectations: `getting screen identifiers`
23:25:33.604 WebDriverAgentRunner-Runner[1371:144542] Returning result XCTWaiterResultCompleted for synchronous waiter <XCTWaiter: 0x107ee9260>
23:25:33.604 WebDriverAgentRunner-Runner[1371:144542] Wait <XCTWaiterWait: 0x1074035c0> completed after 0.000s
    t =    17.58s Get all elements bound by index for: Descendants matching type StatusBar
23:25:33.604 WebDriverAgentRunner-Runner[1371:144542] cleaning up getting screen identifiers
23:25:33.605 WebDriverAgentRunner-Runner[1371:144542] Executing query:
↪︎ Descendants matching type StatusBar
23:25:33.605 WebDriverAgentRunner-Runner[1371:144542] Creating future for 'getting unsupported bundle IDs for automation sessions' with timeout 30.00
23:25:33.605 WebDriverAgentRunner-Runner[1371:144542] Requesting unsupported bundle IDs for automation sessions
23:25:33.605 WebDriverAgentRunner-Runner[1371:144542] <XCTWaiter: 0x107ee9680> entering wait loop for 30.00s with expectations: `getting unsupported bundle IDs for automation sessions`
23:25:33.605 WebDriverAgentRunner-Runner[1371:144542] [AM:0] Processing state snapshot com.apple.springboard@/System/Library/CoreServices/SpringBoard.app processName: SpringBoard pid: 174 state: running foreground
23:25:33.605 WebDriverAgentRunner-Runner[1371:144542] Done setting pid for <XCUIApplicationImpl: 0x107403380 com.apple.springboard> to 174
23:25:33.605 WebDriverAgentRunner-Runner[1371:144542] App state updated for <XCUIApplicationImpl: 0x107403380 com.apple.springboard>: Running Foreground (4)
23:25:33.606 WebDriverAgentRunner-Runner[1371:144542] [AM:0] Processing state snapshot com.apple.springboard@/System/Library/CoreServices/SpringBoard.app processName: SpringBoard pid: 174 state: running foreground
23:25:33.606 WebDriverAgentRunner-Runner[1371:144542] Done setting pid for <XCUIApplicationImpl: 0x107403380 com.apple.springboard> to 174
23:25:33.606 WebDriverAgentRunner-Runner[1371:144542] App state updated for <XCUIApplicationImpl: 0x107403380 com.apple.springboard>: Running Foreground (4)
23:25:33.606 WebDriverAgentRunner-Runner[1371:144542] Returning result XCTWaiterResultCompleted for synchronous waiter <XCTWaiter: 0x107ee9680>
23:25:33.606 WebDriverAgentRunner-Runner[1371:144542] Wait <XCTWaiterWait: 0x107403600> completed after 0.001s
23:25:33.606 WebDriverAgentRunner-Runner[1371:144542] cleaning up getting unsupported bundle IDs for automation sessions
23:25:33.606 WebDriverAgentRunner-Runner[1371:144542] Creating future for 'requesting automation session for com.apple.springboard (pid:174)' with timeout 60.00
23:25:33.607 WebDriverAgentRunner-Runner[1371:144542] Requesting automation session for pid 174, automation framework path: /System/Developer/Library/PrivateFrameworks/XCTAutomationSupport.framework
23:25:33.607 WebDriverAgentRunner-Runner[1371:144542] <XCTWaiter: 0x107ee9a10> entering wait loop for 60.00s with expectations: `requesting automation session for com.apple.springboard (pid:174)`
23:25:33.608 WebDriverAgentRunner-Runner[1371:144841] Got endpoint for automation session with pid 174
23:25:33.608 WebDriverAgentRunner-Runner[1371:144841] Exchanging capabilities for automation session connection to pid 174
23:25:33.609 WebDriverAgentRunner-Runner[1371:144841] Got remote interface capabilities for automation session connection to pid 174: <XCTCapabilities: 0x1045fcf30>: {
    "accept remote connection capability" = 1;
    "containing transformer capability" = 1;
    "disclosed child rows transformer capability" = 2;
    "element sorting transformer capability" = 1;
    "evaluate query capability" = 1;
    "fetch element attributes capability" = 2;
    "indexing transformer capability" = 4;
    "main thread checker runtime issues" = 1;
    "malloc stack logging" = 1;
    "notify animations idle capability" = 1;
    "notify main run loop idle capability" = 1;
    "query runtime issue reporting" = 1;
    "query runtime issue reporting/automation type mismatch" = 1;
    "system provides kAXXCAttributeBannerIsStickyAttribute" = 1;
}
23:25:33.610 WebDriverAgentRunner-Runner[1371:144542] Returning result XCTWaiterResultCompleted for synchronous waiter <XCTWaiter: 0x107ee9a10>
23:25:33.610 WebDriverAgentRunner-Runner[1371:144542] Wait <XCTWaiterWait: 0x1074038c0> completed after 0.003s
23:25:33.610 WebDriverAgentRunner-Runner[1371:144542] cleaning up requesting automation session for com.apple.springboard (pid:174)
23:25:33.610 WebDriverAgentRunner-Runner[1371:144542] Creating future for 'checking for continuity enablement' with timeout 30.00
23:25:33.610 WebDriverAgentRunner-Runner[1371:144542] <XCTWaiter: 0x107ee9ef0> entering wait loop for 30.00s with expectations: `checking for continuity enablement`
23:25:33.612 WebDriverAgentRunner-Runner[1371:144542] Returning result XCTWaiterResultCompleted for synchronous waiter <XCTWaiter: 0x107ee9ef0>
23:25:33.612 WebDriverAgentRunner-Runner[1371:144542] Wait <XCTWaiterWait: 0x107403b80> completed after 0.002s
23:25:33.612 WebDriverAgentRunner-Runner[1371:144542] cleaning up checking for continuity enablement
23:25:33.613 WebDriverAgentRunner-Runner[1371:144542] Should evaluate query remotely? XCTDisableRemoteQueryEvaluation(d-write): YES, hasAutomationSession: YES, supportsRemoteEvaluation: YES
23:25:33.613 WebDriverAgentRunner-Runner[1371:144542] Getting matching snapshots for locally evaluated query
23:25:33.613 WebDriverAgentRunner-Runner[1371:144542] Evaluating query:
 ↪︎ Descendants matching type StatusBar
23:25:33.613 WebDriverAgentRunner-Runner[1371:144542] Getting root element snapshot
23:25:33.613 WebDriverAgentRunner-Runner[1371:144542] Getting snapshot for App element pid: 174 for query ↪︎ Descendants matching type StatusBar
23:25:33.614 WebDriverAgentRunner-Runner[1371:144542] <XCTContext: 0x104595720> started activity <XCActivityRecord: 0x10752c0e0> 2026-07-19 16:25:33 +0000: Requesting snapshot of accessibility hierarchy for app with pid 174
    t =    17.59s     Requesting snapshot of accessibility hierarchy for app with pid 174
23:25:33.614 WebDriverAgentRunner-Runner[1371:144542] Query requires iOS snapshot attributes XC_kAXXCAttributeElementType, XC_kAXXCAttributeElementBaseType, XC_kAXXCAttributeAutomationType, XC_kAXXCAttributeTraits.
23:25:33.615 WebDriverAgentRunner-Runner[1371:144542] XCUIElementQuery <XCTElementSnapshotProvider> getting snapshot
23:25:33.615 WebDriverAgentRunner-Runner[1371:144542] Snapshot request has custom attributes XC_kAXXCAttributeElementType, XC_kAXXCAttributeElementBaseType, XC_kAXXCAttributeAutomationType, XC_kAXXCAttributeTraits
23:25:33.615 WebDriverAgentRunner-Runner[1371:144542] Snapshot request has custom parameters {
    snapshotKeyHonorModalViews = 0;
}
23:25:33.615 WebDriverAgentRunner-Runner[1371:144542] Current snapshot generation is 0
23:25:33.615 WebDriverAgentRunner-Runner[1371:144542] Capturing a new snapshot
23:25:33.617 WebDriverAgentRunner-Runner[1371:144542] Fetching snapshot for App element pid: 174 from testmanagerd with attributes XC_kAXXCAttributeElementType, XC_kAXXCAttributeElementBaseType, XC_kAXXCAttributeParent, XC_kAXXCAttributeIdentifier, XC_kAXXCAttributeAutomationType, XC_kAXXCAttributeTraits and parameters {
    maxArrayCount = 2147483647;
    maxChildren = 2147483647;
    maxDepth = 50;
    snapshotKeyHonorModalViews = 0;
    traverseFromParentsToChildren = 1;
}.
23:25:33.617 WebDriverAgentRunner-Runner[1371:144542] Creating future for 'fetching snapshot from testmanagerd.' with timeout 65.00
23:25:33.617 WebDriverAgentRunner-Runner[1371:144542] <XCTWaiter: 0x107eea640> entering wait loop for 65.00s with expectations: `fetching snapshot from testmanagerd.`
23:25:33.754 WebDriverAgentRunner-Runner[1371:144564] Got snapshot response with runtime issue support from testmanagerd.
23:25:33.754 WebDriverAgentRunner-Runner[1371:144542] Returning result XCTWaiterResultCompleted for synchronous waiter <XCTWaiter: 0x107eea640>
23:25:33.755 WebDriverAgentRunner-Runner[1371:144542] Wait <XCTWaiterWait: 0x107403fc0> completed after 0.137s
23:25:33.755 WebDriverAgentRunner-Runner[1371:144542] cleaning up fetching snapshot from testmanagerd.
23:25:33.755 WebDriverAgentRunner-Runner[1371:144542] <XCTContext: 0x104595720> finished activity <XCActivityRecord: 0x10752c0e0> 2026-07-19 16:25:33 +0000: Requesting snapshot of accessibility hierarchy for app with pid 174 (0.141387s)
23:25:33.756 WebDriverAgentRunner-Runner[1371:144542] XCTPerformOnMainRunLoop[MT]: already on MT; performing block without run loop dispatch - timeouts will not be enforced.
23:25:33.756 WebDriverAgentRunner-Runner[1371:144542] XCTElementQuery: set data source for rootElementSnapshot to (null)
23:25:33.756 WebDriverAgentRunner-Runner[1371:144542] Finding all matches with input Application, pid: 174 using transformers 
↪︎ Descendants matching type StatusBar
23:25:33.756 WebDriverAgentRunner-Runner[1371:144542] <XCTContext: 0x104595720> started activity <XCActivityRecord: 0x10752c0e0> 2026-07-19 16:25:33 +0000: Find: Descendants matching type StatusBar
    t =    17.73s     Find: Descendants matching type StatusBar
23:25:33.758 WebDriverAgentRunner-Runner[1371:144542] <XCTContext: 0x104595720> finished activity <XCActivityRecord: 0x10752c0e0> 2026-07-19 16:25:33 +0000: Find: Descendants matching type StatusBar (0.00214899s)
23:25:33.759 WebDriverAgentRunner-Runner[1371:144542] [Match All] applied transformer `Descendants matching type StatusBar` to input {(
    Application, pid: 174
)}, found {(
    StatusBar
)}
23:25:33.759 WebDriverAgentRunner-Runner[1371:144542] [Match All] setting out related elements {(
)}
23:25:33.762 WebDriverAgentRunner-Runner[1371:144542] Current tree:
Application, 0x107ea4000, pid: 174 <App element pid: 174>
  Window, 0x107ea4140 <AX element pid: 174, elementOrHash.elementID: 36032077824.11>
    Other, 0x107ea4280 <AX element pid: 174, elementOrHash.elementID: 35953538624.20>
      Other, 0x107ea43c0 <AX element pid: 174, elementOrHash.elementID: 35953538176.33>
  Window, 0x107ea4500 <AX element pid: 174, elementOrHash.elementID: 36018690304.12>
    Other, 0x107ea4640 <AX element pid: 174, elementOrHash.elementID: 36017882432.21>
      Other, 0x107ea4780 <AX element pid: 174, elementOrHash.elementID: 36038462464.34>
        Other, 0x107ea48c0 <AX element pid: 174, elementOrHash.elementID: 35920632704.46>
          Other, 0x107ea4a00 <AX element pid: 174, elementOrHash.elementID: 35920548672.54>
            Other, 0x107ea4b40 <AX element pid: 174, elementOrHash.elementID: 35887737344.1088>
            Other, 0x107ea4c80 <AX element pid: 174, elementOrHash.elementID: 35943852544.1089>
            Other, 0x107ea4dc0 <AX element pid: 174, elementOrHash.elementID: 35920551360.69>
            Other, 0x107ea4f00 <AX element pid: 174, elementOrHash.elementID: 35920551808.70>
            Other, 0x107ea5040 <AX element pid: 174, elementOrHash.elementID: 35888128768.2180>
            Other, 0x107ea5180 <AX element pid: 174, elementOrHash.elementID: 35887703232.1093>
            Other, 0x107ea52c0 <AX element pid: 174, elementOrHash.elementID: 35890585920.2243>
            Other, 0x107ea5400 <AX element pid: 174, elementOrHash.elementID: 35920553152.73>
            Other, 0x107ea5540 <AX element pid: 174, elementOrHash.elementID: 35920549120.74>
      Other, 0x107ea5680 <AX element pid: 174, elementOrHash.elementID: 36056067584.1084>
        Other, 0x107ea57c0 <AX element pid: 174, elementOrHash.elementID: 11494289431044805875.9999>
          Other, 0x107ea5900 <AX element pid: 333, elementOrHash.elementID: 4309013472.4>
            Other, 0x107ea5a40 <AX element pid: 333, elementOrHash.elementID: 4309041312.5>
              Other, 0x107ea5b80 <AX element pid: 333, elementOrHash.elementID: 4308983520.6>
                Other, 0x107ea5cc0 <AX element pid: 333, elementOrHash.elementID: 4309005120.7>
      Other, 0x107ea5e00 <AX element pid: 174, elementOrHash.elementID: 36046696960.36>
        Other, 0x107ea5f40 <AX element pid: 174, elementOrHash.elementID: 35906212864.47>
          Other, 0x107ea6080 <AX element pid: 174, elementOrHash.elementID: 35922778688.55>
  Window, 0x107ea61c0 <AX element pid: 174, elementOrHash.elementID: 36018691584.13>
    Other, 0x107ea6300 <AX element pid: 174, elementOrHash.elementID: 36017885568.22>
  Window, 0x107ea6440 <AX element pid: 174, elementOrHash.elementID: 36018685184.1812>
    Other, 0x107ea6580 <AX element pid: 174, elementOrHash.elementID: 35889648896.1813>
      Other, 0x107ea66c0 <AX element pid: 174, elementOrHash.elementID: 35887702784.1815>
  Window, 0x107ea6800 <AX element pid: 174, elementOrHash.elementID: 35951108864.14>
    Other, 0x107ea6940 <AX element pid: 174, elementOrHash.elementID: 35953539072.23>
      Other, 0x107ea6a80 <AX element pid: 174, elementOrHash.elementID: 35953539968.37>
  Window, 0x107ea6bc0 <AX element pid: 174, elementOrHash.elementID: 35920354816.15>
    Other, 0x107ea6d00 <AX element pid: 174, elementOrHash.elementID: 35923110400.24>
      Other, 0x107ea6e40 <AX element pid: 174, elementOrHash.elementID: 35923112192.38>
  Window, 0x107ea6f80 <AX element pid: 174, elementOrHash.elementID: 36036372480.9>
    Other, 0x107ea70c0 <AX element pid: 174, elementOrHash.elementID: 35942339840.25>
      Other, 0x107ea7200 <AX element pid: 174, elementOrHash.elementID: 35942340288.39>
        Other, 0x107ea7340 <AX element pid: 174, elementOrHash.elementID: 35942345216.48>
        Other, 0x107ea7480 <AX element pid: 174, elementOrHash.elementID: 35942345664.49>
        Other, 0x107ea75c0 <AX element pid: 174, elementOrHash.elementID: 35941851264.50>
          Other, 0x107ea7700 <AX element pid: 174, elementOrHash.elementID: 36036367360.56>
            Icon, 0x107ea7840 <AX element pid: 174, elementOrHash.elementID: 35943737856.6>
              Other, 0x107ea7980 <AX element pid: 174, elementOrHash.elementID: 35943844928.145>
                Other, 0x107ea7ac0 <AX element pid: 174, elementOrHash.elementID: 35943845376.185>
                  Other, 0x107ea7c00 <AX element pid: 174, elementOrHash.elementID: 35943797760.251>
                    Other, 0x107ea7d40 <AX element pid: 174, elementOrHash.elementID: 35943806720.319>
            Icon, 0x107ea7e80 <AX element pid: 174, elementOrHash.elementID: 35943739392.75>
              Other, 0x107f10000 <AX element pid: 174, elementOrHash.elementID: 35943845824.146>
                Other, 0x107f10140 <AX element pid: 174, elementOrHash.elementID: 35943846272.186>
                  Other, 0x107f10280 <AX element pid: 174, elementOrHash.elementID: 35943792640.252>
                    Other, 0x107f103c0 <AX element pid: 174, elementOrHash.elementID: 35943808000.320>
            Icon, 0x107f10500 <AX element pid: 174, elementOrHash.elementID: 35943740928.76>
              Other, 0x107f10640 <AX element pid: 174, elementOrHash.elementID: 35943846720.147>
                Other, 0x107f10780 <AX element pid: 174, elementOrHash.elementID: 35943847168.187>
                  Other, 0x107f108c0 <AX element pid: 174, elementOrHash.elementID: 35941855104.253>
                    Other, 0x107f10a00 <AX element pid: 174, elementOrHash.elementID: 35944039040.321>
            Icon, 0x107f10b40 <AX element pid: 174, elementOrHash.elementID: 35944136704.77>
              Other, 0x107f10c80 <AX element pid: 174, elementOrHash.elementID: 35943847616.148>
                Other, 0x107f10dc0 <AX element pid: 174, elementOrHash.elementID: 35943848064.188>
                  Other, 0x107f10f00 <AX element pid: 174, elementOrHash.elementID: 35943795840.254>
                    Other, 0x107f11040 <AX element pid: 174, elementOrHash.elementID: 35944040320.322>
            Icon, 0x107f11180 <AX element pid: 174, elementOrHash.elementID: 35944138240.78>
              Other, 0x107f112c0 <AX element pid: 174, elementOrHash.elementID: 35943848512.149>
                Other, 0x107f11400 <AX element pid: 174, elementOrHash.elementID: 35943848960.189>
                  Other, 0x107f11540 <AX element pid: 174, elementOrHash.elementID: 35941858304.255>
                    Other, 0x107f11680 <AX element pid: 174, elementOrHash.elementID: 35875794176.2181>
            Icon, 0x107f117c0 <AX element pid: 174, elementOrHash.elementID: 35944139776.79>
              Other, 0x107f11900 <AX element pid: 174, elementOrHash.elementID: 35943849856.150>
                Other, 0x107f11a40 <AX element pid: 174, elementOrHash.elementID: 35943850304.190>
                  Other, 0x107f11b80 <AX element pid: 174, elementOrHash.elementID: 35943799040.256>
                    Other, 0x107f11cc0 <AX element pid: 174, elementOrHash.elementID: 35944043520.324>
            Icon, 0x107f11e00 <AX element pid: 174, elementOrHash.elementID: 35944141312.80>
              Other, 0x107f11f40 <AX element pid: 174, elementOrHash.elementID: 35943850752.151>
                Other, 0x107f12080 <AX element pid: 174, elementOrHash.elementID: 35943851200.191>
                  Other, 0x107f121c0 <AX element pid: 174, elementOrHash.elementID: 35941853184.257>
                    Other, 0x107f12300 <AX element pid: 174, elementOrHash.elementID: 35944044800.325>
          Other, 0x107f12440 <AX element pid: 174, elementOrHash.elementID: 36036369408.57>
            Icon, 0x107f12580 <AX element pid: 174, elementOrHash.elementID: 35941698560.81>
              Other, 0x107f126c0 <AX element pid: 174, elementOrHash.elementID: 35942346112.152>
                Other, 0x107f12800 <AX element pid: 174, elementOrHash.elementID: 35943611712.192>
                  Other, 0x107f12940 <AX element pid: 174, elementOrHash.elementID: 35941853824.258>
                    Other, 0x107f12a80 <AX element pid: 174, elementOrHash.elementID: 35943800960.326>
            Icon, 0x107f12bc0 <AX element pid: 174, elementOrHash.elementID: 35943734784.82>
              Other, 0x107f12d00 <AX element pid: 174, elementOrHash.elementID: 35943841792.153>
                Other, 0x107f12e40 <AX element pid: 174, elementOrHash.elementID: 35943842240.193>
                  Other, 0x107f12f80 <AX element pid: 174, elementOrHash.elementID: 35943794560.259>
                    Other, 0x107f130c0 <AX element pid: 174, elementOrHash.elementID: 35943802240.327>
                  Other, 0x107f13200 <AX element pid: 174, elementOrHash.elementID: 35943802880.260>
                    Other, 0x107f13340 <AX element pid: 174, elementOrHash.elementID: 35943844032.328>
                      Image, 0x107f13480 <AX element pid: 174, elementOrHash.elementID: 36036537344.415>
          Other, 0x107f135c0 <AX element pid: 174, elementOrHash.elementID: 36036368384.58>
          Icon, 0x107f13700 <AX element pid: 174, elementOrHash.elementID: 35944142848.59>
            Other, 0x107f13840 <AX element pid: 174, elementOrHash.elementID: 35887479808.1147>
            Other, 0x107f13980 <AX element pid: 174, elementOrHash.elementID: 35887469568.1148>
            Other, 0x107f13ac0 <AX element pid: 174, elementOrHash.elementID: 35891053184.513>
            Other, 0x107f13c00 <AX element pid: 174, elementOrHash.elementID: 35887477248.1149>
      Other, 0x107f13d40 <AX element pid: 174, elementOrHash.elementID: 35944048000.40>
        Other, 0x107f13e80 <AX element pid: 174, elementOrHash.elementID: 36037143040.51>
          Other, 0x107f18000 <AX element pid: 174, elementOrHash.elementID: 16400521463572639115.9999>
            Other, 0x107f18140 <AX element pid: 303, elementOrHash.elementID: 4312005392.4>
              Other, 0x107f18280 <AX element pid: 303, elementOrHash.elementID: 33807598848.5>
                Other, 0x107f183c0 <AX element pid: 303, elementOrHash.elementID: 33807631232.6>
                  Other, 0x107f18500 <AX element pid: 303, elementOrHash.elementID: 33807630336.7>
          Other, 0x107f18640 <AX element pid: 174, elementOrHash.elementID: 3119342986303746691.9999>
            Other, 0x107f18780 <AX element pid: 303, elementOrHash.elementID: 33807632128.8>
              Other, 0x107f188c0 <AX element pid: 303, elementOrHash.elementID: 33807633920.9>
          Other, 0x107f18a00 <AX element pid: 174, elementOrHash.elementID: 13277597320353363328.9999>
  Window, 0x107f18b40 <AX element pid: 174, elementOrHash.elementID: 36022010880.16>
    StatusBar, 0x107f18c80 <AX element pid: 174, elementOrHash.elementID: 36017866624.26>
      Other, 0x107f18dc0 <AX element pid: 174, elementOrHash.elementID: 36021977088.41>
        Other, 0x107f18f00 <AX element pid: 174, elementOrHash.elementID: 35889654720.2076>
          Other, 0x107f19040 <AX element pid: 174, elementOrHash.elementID: 36057350656.2088>
          Other, 0x107f19180 <AX element pid: 174, elementOrHash.elementID: 35889647552.2077>
            StaticText, 0x107f192c0 <AX element pid: 174, elementOrHash.elementID: 35893191424.2079>
            StaticText, 0x107f19400 <AX element pid: 174, elementOrHash.elementID: 35893197696.2080>
          Other, 0x107f19540 <AX element pid: 174, elementOrHash.elementID: 36057351168.2089>
          Other, 0x107f19680 <AX element pid: 174, elementOrHash.elementID: 35907105920.2078>
            Other, 0x107f197c0 <AX element pid: 174, elementOrHash.elementID: 36057354752.2081>
            StaticText, 0x107f19900 <AX element pid: 174, elementOrHash.elementID: 35911293952.2083>
            Other, 0x107f19a40 <AX element pid: 174, elementOrHash.elementID: 35888203008.2084>
          Other, 0x107f19b80 <AX element pid: 174, elementOrHash.elementID: 36057352704.2090>
    Other, 0x107f19cc0 <AX element pid: 174, elementOrHash.elementID: 36017881984.27>
  Window, 0x107f19e00 <AX element pid: 174, elementOrHash.elementID: 36052796416.2242>
    Other, 0x107f19f40 <AX element pid: 174, elementOrHash.elementID: 35888121152.1814>
      Other, 0x107f1a080 <AX element pid: 174, elementOrHash.elementID: 35888134144.1816>
      Other, 0x107f1a1c0 <AX element pid: 174, elementOrHash.elementID: 35888122048.1817>
        Other, 0x107f1a300 <AX element pid: 174, elementOrHash.elementID: 35888133248.1819>
          Other, 0x107f1a440 <AX element pid: 174, elementOrHash.elementID: 35888122944.1820>
            Other, 0x107f1a580 <AX element pid: 174, elementOrHash.elementID: 35907062848.1822>
              Other, 0x107f1a6c0 <AX element pid: 174, elementOrHash.elementID: 35907065536.1823>
              Other, 0x107f1a800 <AX element pid: 174, elementOrHash.elementID: 35903851136.1824>
                Other, 0x107f1a940 <AX element pid: 174, elementOrHash.elementID: 36044862464.1825>
      Other, 0x107f1aa80 <AX element pid: 174, elementOrHash.elementID: 35888132800.1818>
  Window, 0x107f1abc0 <AX element pid: 174, elementOrHash.elementID: 36032072704.17>
    Other, 0x107f1ad00 <AX element pid: 174, elementOrHash.elementID: 35953535488.28>
  Window, 0x107f1ae40 <AX element pid: 174, elementOrHash.elementID: 36032076800.18>
    Other, 0x107f1af80 <AX element pid: 174, elementOrHash.elementID: 35953537728.29>
23:25:33.762 WebDriverAgentRunner-Runner[1371:144542] Found matches {(
    StatusBar
)} with root Application, pid: 174
23:25:33.762 WebDriverAgentRunner-Runner[1371:144542] <XCTContext: 0x104595720> finished activity <XCActivityRecord: 0x10752caf0> 2026-07-19 16:25:33 +0000: Get all elements bound by index for: Descendants matching type StatusBar (0.159052s)
23:25:33.763 WebDriverAgentRunner-Runner[1371:144542] <XCTContext: 0x104595720> started activity <XCActivityRecord: 0x10752caf0> 2026-07-19 16:25:33 +0000: Find the StatusBar (Element at index 0)
    t =    17.74s Find the StatusBar (Element at index 0)
23:25:33.763 WebDriverAgentRunner-Runner[1371:144542] Executing query:
↪︎ Descendants matching type StatusBar
    ↪︎ Element at index 0
23:25:33.763 WebDriverAgentRunner-Runner[1371:144542] Creating future for 'checking for continuity enablement' with timeout 30.00
23:25:33.764 WebDriverAgentRunner-Runner[1371:144542] <XCTWaiter: 0x107ee9560> entering wait loop for 30.00s with expectations: `checking for continuity enablement`
23:25:33.765 WebDriverAgentRunner-Runner[1371:144542] Returning result XCTWaiterResultCompleted for synchronous waiter <XCTWaiter: 0x107ee9560>
23:25:33.765 WebDriverAgentRunner-Runner[1371:144542] Wait <XCTWaiterWait: 0x1047fc1c0> completed after 0.002s
23:25:33.766 WebDriverAgentRunner-Runner[1371:144542] cleaning up checking for continuity enablement
23:25:33.766 WebDriverAgentRunner-Runner[1371:144542] Should evaluate query remotely? XCTDisableRemoteQueryEvaluation(d-write): YES, hasAutomationSession: YES, supportsRemoteEvaluation: YES
23:25:33.767 WebDriverAgentRunner-Runner[1371:144542] Getting matching snapshots for locally evaluated query
23:25:33.767 WebDriverAgentRunner-Runner[1371:144542] Evaluating query:
 ↪︎ Descendants matching type StatusBar
    ↪︎ Element at index 0
23:25:33.767 WebDriverAgentRunner-Runner[1371:144542] Getting root element snapshot
    t =    17.74s     Requesting snapshot of accessibility hierarchy for app with pid 174
23:25:33.767 WebDriverAgentRunner-Runner[1371:144542] Getting snapshot for App element pid: 174 for query ↪︎ Descendants matching type StatusBar
    ↪︎ Element at index 0
23:25:33.767 WebDriverAgentRunner-Runner[1371:144542] <XCTContext: 0x104595720> started activity <XCActivityRecord: 0x10752c0e0> 2026-07-19 16:25:33 +0000: Requesting snapshot of accessibility hierarchy for app with pid 174
23:25:33.768 WebDriverAgentRunner-Runner[1371:144542] Query requires iOS snapshot attributes XC_kAXXCAttributeElementType, XC_kAXXCAttributeElementBaseType, XC_kAXXCAttributeAutomationType, XC_kAXXCAttributeTraits.
23:25:33.768 WebDriverAgentRunner-Runner[1371:144542] XCUIElementQuery <XCTElementSnapshotProvider> getting snapshot
23:25:33.768 WebDriverAgentRunner-Runner[1371:144542] Snapshot request has custom attributes XC_kAXXCAttributeElementType, XC_kAXXCAttributeElementBaseType, XC_kAXXCAttributeAutomationType, XC_kAXXCAttributeTraits
23:25:33.768 WebDriverAgentRunner-Runner[1371:144542] Snapshot request has custom parameters {
    snapshotKeyHonorModalViews = 0;
}
23:25:33.768 WebDriverAgentRunner-Runner[1371:144542] Current snapshot generation is 3
23:25:33.768 WebDriverAgentRunner-Runner[1371:144542] Capturing a new snapshot
23:25:33.769 WebDriverAgentRunner-Runner[1371:144542] Fetching snapshot for App element pid: 174 from testmanagerd with attributes XC_kAXXCAttributeElementType, XC_kAXXCAttributeElementBaseType, XC_kAXXCAttributeParent, XC_kAXXCAttributeIdentifier, XC_kAXXCAttributeAutomationType, XC_kAXXCAttributeTraits and parameters {
    maxArrayCount = 2147483647;
    maxChildren = 2147483647;
    maxDepth = 50;
    snapshotKeyHonorModalViews = 0;
    traverseFromParentsToChildren = 1;
}.
23:25:33.769 WebDriverAgentRunner-Runner[1371:144542] Creating future for 'fetching snapshot from testmanagerd.' with timeout 65.00
23:25:33.769 WebDriverAgentRunner-Runner[1371:144542] <XCTWaiter: 0x107ee9f80> entering wait loop for 65.00s with expectations: `fetching snapshot from testmanagerd.`
23:25:33.903 WebDriverAgentRunner-Runner[1371:144846] Got snapshot response with runtime issue support from testmanagerd.
23:25:33.904 WebDriverAgentRunner-Runner[1371:144542] Returning result XCTWaiterResultCompleted for synchronous waiter <XCTWaiter: 0x107ee9f80>
23:25:33.904 WebDriverAgentRunner-Runner[1371:144542] Wait <XCTWaiterWait: 0x1047fc740> completed after 0.135s
23:25:33.904 WebDriverAgentRunner-Runner[1371:144542] cleaning up fetching snapshot from testmanagerd.
23:25:33.904 WebDriverAgentRunner-Runner[1371:144542] <XCTContext: 0x104595720> finished activity <XCActivityRecord: 0x10752c0e0> 2026-07-19 16:25:33 +0000: Requesting snapshot of accessibility hierarchy for app with pid 174 (0.137224s)
23:25:33.905 WebDriverAgentRunner-Runner[1371:144542] XCTPerformOnMainRunLoop[MT]: already on MT; performing block without run loop dispatch - timeouts will not be enforced.
23:25:33.905 WebDriverAgentRunner-Runner[1371:144542] XCTElementQuery: set data source for rootElementSnapshot to (null)
23:25:33.905 WebDriverAgentRunner-Runner[1371:144542] Finding all matches with input Application, pid: 174 using transformers 
↪︎ Descendants matching type StatusBar
    ↪︎ Element at index 0
23:25:33.905 WebDriverAgentRunner-Runner[1371:144542] <XCTContext: 0x104595720> started activity <XCActivityRecord: 0x10752c0e0> 2026-07-19 16:25:33 +0000: Find: Descendants matching type StatusBar
    t =    17.88s     Find: Descendants matching type StatusBar
23:25:33.907 WebDriverAgentRunner-Runner[1371:144542] <XCTContext: 0x104595720> finished activity <XCActivityRecord: 0x10752c0e0> 2026-07-19 16:25:33 +0000: Find: Descendants matching type StatusBar (0.00200295s)
23:25:33.908 WebDriverAgentRunner-Runner[1371:144542] [Match All] applied transformer `Descendants matching type StatusBar` to input {(
    Application, pid: 174
)}, found {(
    StatusBar
)}
23:25:33.908 WebDriverAgentRunner-Runner[1371:144542] <XCTContext: 0x104595720> started activity <XCActivityRecord: 0x10752c0e0> 2026-07-19 16:25:33 +0000: Find: Element at index 0
23:25:33.908 WebDriverAgentRunner-Runner[1371:144542] <XCTContext: 0x104595720> finished activity <XCActivityRecord: 0x10752c0e0> 2026-07-19 16:25:33 +0000: Find: Element at index 0 (0.000447989s)
23:25:33.909 WebDriverAgentRunner-Runner[1371:144542] [Match All] applied transformer `Element at index 0` to input {(
    StatusBar
)}, found {(
    StatusBar
)}
23:25:33.909 WebDriverAgentRunner-Runner[1371:144542] [Match All] setting out related elements {(
)}
    t =    17.88s     Find: Element at index 0
23:25:33.912 WebDriverAgentRunner-Runner[1371:144542] Current tree:
Application, 0x107f1b0c0, pid: 174 <App element pid: 174>
  Window, 0x107f1b200 <AX element pid: 174, elementOrHash.elementID: 36032077824.11>
    Other, 0x107f1b340 <AX element pid: 174, elementOrHash.elementID: 35953538624.20>
      Other, 0x107f1b480 <AX element pid: 174, elementOrHash.elementID: 35953538176.33>
  Window, 0x107f1b5c0 <AX element pid: 174, elementOrHash.elementID: 36018690304.12>
    Other, 0x107f1b700 <AX element pid: 174, elementOrHash.elementID: 36017882432.21>
      Other, 0x107f1b840 <AX element pid: 174, elementOrHash.elementID: 36038462464.34>
        Other, 0x107f1b980 <AX element pid: 174, elementOrHash.elementID: 35920632704.46>
          Other, 0x107f1bac0 <AX element pid: 174, elementOrHash.elementID: 35920548672.54>
            Other, 0x107f1bc00 <AX element pid: 174, elementOrHash.elementID: 35887737344.1088>
            Other, 0x107f1bd40 <AX element pid: 174, elementOrHash.elementID: 35943852544.1089>
            Other, 0x107f1be80 <AX element pid: 174, elementOrHash.elementID: 35920551360.69>
            Other, 0x107f28000 <AX element pid: 174, elementOrHash.elementID: 35920551808.70>
            Other, 0x107f28140 <AX element pid: 174, elementOrHash.elementID: 35888128768.2180>
            Other, 0x107f28280 <AX element pid: 174, elementOrHash.elementID: 35887703232.1093>
            Other, 0x107f283c0 <AX element pid: 174, elementOrHash.elementID: 35890585920.2243>
            Other, 0x107f28500 <AX element pid: 174, elementOrHash.elementID: 35920553152.73>
            Other, 0x107f28640 <AX element pid: 174, elementOrHash.elementID: 35920549120.74>
      Other, 0x107f28780 <AX element pid: 174, elementOrHash.elementID: 36056067584.1084>
        Other, 0x107f288c0 <AX element pid: 174, elementOrHash.elementID: 11494289431044805875.9999>
          Other, 0x107f28a00 <AX element pid: 333, elementOrHash.elementID: 4309013472.4>
            Other, 0x107f28b40 <AX element pid: 333, elementOrHash.elementID: 4309041312.5>
              Other, 0x107f28c80 <AX element pid: 333, elementOrHash.elementID: 4308983520.6>
                Other, 0x107f28dc0 <AX element pid: 333, elementOrHash.elementID: 4309005120.7>
      Other, 0x107f28f00 <AX element pid: 174, elementOrHash.elementID: 36046696960.36>
        Other, 0x107f29040 <AX element pid: 174, elementOrHash.elementID: 35906212864.47>
          Other, 0x107f29180 <AX element pid: 174, elementOrHash.elementID: 35922778688.55>
  Window, 0x107f292c0 <AX element pid: 174, elementOrHash.elementID: 36018691584.13>
    Other, 0x107f29400 <AX element pid: 174, elementOrHash.elementID: 36017885568.22>
  Window, 0x107f29540 <AX element pid: 174, elementOrHash.elementID: 36018685184.1812>
    Other, 0x107f29680 <AX element pid: 174, elementOrHash.elementID: 35889648896.1813>
      Other, 0x107f297c0 <AX element pid: 174, elementOrHash.elementID: 35887702784.1815>
  Window, 0x107f29900 <AX element pid: 174, elementOrHash.elementID: 35951108864.14>
    Other, 0x107f29a40 <AX element pid: 174, elementOrHash.elementID: 35953539072.23>
      Other, 0x107f29b80 <AX element pid: 174, elementOrHash.elementID: 35953539968.37>
  Window, 0x107f29cc0 <AX element pid: 174, elementOrHash.elementID: 35920354816.15>
    Other, 0x107f29e00 <AX element pid: 174, elementOrHash.elementID: 35923110400.24>
      Other, 0x107f29f40 <AX element pid: 174, elementOrHash.elementID: 35923112192.38>
  Window, 0x107f2a080 <AX element pid: 174, elementOrHash.elementID: 36036372480.9>
    Other, 0x107f2a1c0 <AX element pid: 174, elementOrHash.elementID: 35942339840.25>
      Other, 0x107f2a300 <AX element pid: 174, elementOrHash.elementID: 35942340288.39>
        Other, 0x107f2a440 <AX element pid: 174, elementOrHash.elementID: 35942345216.48>
        Other, 0x107f2a580 <AX element pid: 174, elementOrHash.elementID: 35942345664.49>
        Other, 0x107f2a6c0 <AX element pid: 174, elementOrHash.elementID: 35941851264.50>
          Other, 0x107f2a800 <AX element pid: 174, elementOrHash.elementID: 36036367360.56>
            Icon, 0x107f2a940 <AX element pid: 174, elementOrHash.elementID: 35943737856.6>
              Other, 0x107f2aa80 <AX element pid: 174, elementOrHash.elementID: 35943844928.145>
                Other, 0x107f2abc0 <AX element pid: 174, elementOrHash.elementID: 35943845376.185>
                  Other, 0x107f2ad00 <AX element pid: 174, elementOrHash.elementID: 35943797760.251>
                    Other, 0x107f2ae40 <AX element pid: 174, elementOrHash.elementID: 35943806720.319>
            Icon, 0x107f2af80 <AX element pid: 174, elementOrHash.elementID: 35943739392.75>
              Other, 0x107f2b0c0 <AX element pid: 174, elementOrHash.elementID: 35943845824.146>
                Other, 0x107f2b200 <AX element pid: 174, elementOrHash.elementID: 35943846272.186>
                  Other, 0x107f2b340 <AX element pid: 174, elementOrHash.elementID: 35943792640.252>
                    Other, 0x107f2b480 <AX element pid: 174, elementOrHash.elementID: 35943808000.320>
            Icon, 0x107f2b5c0 <AX element pid: 174, elementOrHash.elementID: 35943740928.76>
              Other, 0x107f2b700 <AX element pid: 174, elementOrHash.elementID: 35943846720.147>
                Other, 0x107f2b840 <AX element pid: 174, elementOrHash.elementID: 35943847168.187>
                  Other, 0x107f2b980 <AX element pid: 174, elementOrHash.elementID: 35941855104.253>
                    Other, 0x107f2bac0 <AX element pid: 174, elementOrHash.elementID: 35944039040.321>
            Icon, 0x107f2bc00 <AX element pid: 174, elementOrHash.elementID: 35944136704.77>
              Other, 0x107f2bd40 <AX element pid: 174, elementOrHash.elementID: 35943847616.148>
                Other, 0x107f2be80 <AX element pid: 174, elementOrHash.elementID: 35943848064.188>
                  Other, 0x107f2c000 <AX element pid: 174, elementOrHash.elementID: 35943795840.254>
                    Other, 0x107f2c140 <AX element pid: 174, elementOrHash.elementID: 35944040320.322>
            Icon, 0x107f2c280 <AX element pid: 174, elementOrHash.elementID: 35944138240.78>
              Other, 0x107f2c3c0 <AX element pid: 174, elementOrHash.elementID: 35943848512.149>
                Other, 0x107f2c500 <AX element pid: 174, elementOrHash.elementID: 35943848960.189>
                  Other, 0x107f2c640 <AX element pid: 174, elementOrHash.elementID: 35941858304.255>
                    Other, 0x107f2c780 <AX element pid: 174, elementOrHash.elementID: 35875794176.2181>
            Icon, 0x107f2c8c0 <AX element pid: 174, elementOrHash.elementID: 35944139776.79>
              Other, 0x107f2ca00 <AX element pid: 174, elementOrHash.elementID: 35943849856.150>
                Other, 0x107f2cb40 <AX element pid: 174, elementOrHash.elementID: 35943850304.190>
                  Other, 0x107f2cc80 <AX element pid: 174, elementOrHash.elementID: 35943799040.256>
                    Other, 0x107f2cdc0 <AX element pid: 174, elementOrHash.elementID: 35944043520.324>
            Icon, 0x107f2cf00 <AX element pid: 174, elementOrHash.elementID: 35944141312.80>
              Other, 0x107f2d040 <AX element pid: 174, elementOrHash.elementID: 35943850752.151>
                Other, 0x107f2d180 <AX element pid: 174, elementOrHash.elementID: 35943851200.191>
                  Other, 0x107f2d2c0 <AX element pid: 174, elementOrHash.elementID: 35941853184.257>
                    Other, 0x107f2d400 <AX element pid: 174, elementOrHash.elementID: 35944044800.325>
          Other, 0x107f2d540 <AX element pid: 174, elementOrHash.elementID: 36036369408.57>
            Icon, 0x107f2d680 <AX element pid: 174, elementOrHash.elementID: 35941698560.81>
              Other, 0x107f2d7c0 <AX element pid: 174, elementOrHash.elementID: 35942346112.152>
                Other, 0x107f2d900 <AX element pid: 174, elementOrHash.elementID: 35943611712.192>
                  Other, 0x107f2da40 <AX element pid: 174, elementOrHash.elementID: 35941853824.258>
                    Other, 0x107f2db80 <AX element pid: 174, elementOrHash.elementID: 35943800960.326>
            Icon, 0x107f2dcc0 <AX element pid: 174, elementOrHash.elementID: 35943734784.82>
              Other, 0x107f2de00 <AX element pid: 174, elementOrHash.elementID: 35943841792.153>
                Other, 0x107f2df40 <AX element pid: 174, elementOrHash.elementID: 35943842240.193>
                  Other, 0x107f2e080 <AX element pid: 174, elementOrHash.elementID: 35943794560.259>
                    Other, 0x107f2e1c0 <AX element pid: 174, elementOrHash.elementID: 35943802240.327>
                  Other, 0x107f2e300 <AX element pid: 174, elementOrHash.elementID: 35943802880.260>
                    Other, 0x107f2e440 <AX element pid: 174, elementOrHash.elementID: 35943844032.328>
                      Image, 0x107f2e580 <AX element pid: 174, elementOrHash.elementID: 36036537344.415>
          Other, 0x107f2e6c0 <AX element pid: 174, elementOrHash.elementID: 36036368384.58>
          Icon, 0x107f2e800 <AX element pid: 174, elementOrHash.elementID: 35944142848.59>
            Other, 0x107f2e940 <AX element pid: 174, elementOrHash.elementID: 35887479808.1147>
            Other, 0x107f2ea80 <AX element pid: 174, elementOrHash.elementID: 35887469568.1148>
            Other, 0x107f2ebc0 <AX element pid: 174, elementOrHash.elementID: 35891053184.513>
            Other, 0x107f2ed00 <AX element pid: 174, elementOrHash.elementID: 35887477248.1149>
      Other, 0x107f2ee40 <AX element pid: 174, elementOrHash.elementID: 35944048000.40>
        Other, 0x107f2ef80 <AX element pid: 174, elementOrHash.elementID: 36037143040.51>
          Other, 0x107f2f0c0 <AX element pid: 174, elementOrHash.elementID: 16400521463572639115.9999>
            Other, 0x107f2f200 <AX element pid: 303, elementOrHash.elementID: 4312005392.4>
              Other, 0x107f2f340 <AX element pid: 303, elementOrHash.elementID: 33807598848.5>
                Other, 0x107f2f480 <AX element pid: 303, elementOrHash.elementID: 33807631232.6>
                  Other, 0x107f2f5c0 <AX element pid: 303, elementOrHash.elementID: 33807630336.7>
          Other, 0x107f2f700 <AX element pid: 174, elementOrHash.elementID: 3119342986303746691.9999>
            Other, 0x107f2f840 <AX element pid: 303, elementOrHash.elementID: 33807632128.8>
              Other, 0x107f2f980 <AX element pid: 303, elementOrHash.elementID: 33807633920.9>
          Other, 0x107f2fac0 <AX element pid: 174, elementOrHash.elementID: 13277597320353363328.9999>
  Window, 0x107f2fc00 <AX element pid: 174, elementOrHash.elementID: 36022010880.16>
    StatusBar, 0x107f2fd40 <AX element pid: 174, elementOrHash.elementID: 36017866624.26>
      Other, 0x107f2fe80 <AX element pid: 174, elementOrHash.elementID: 36021977088.41>
        Other, 0x107f30000 <AX element pid: 174, elementOrHash.elementID: 35889654720.2076>
          Other, 0x107f30140 <AX element pid: 174, elementOrHash.elementID: 36057350656.2088>
          Other, 0x107f30280 <AX element pid: 174, elementOrHash.elementID: 35889647552.2077>
            StaticText, 0x107f303c0 <AX element pid: 174, elementOrHash.elementID: 35893191424.2079>
            StaticText, 0x107f30500 <AX element pid: 174, elementOrHash.elementID: 35893197696.2080>
          Other, 0x107f30640 <AX element pid: 174, elementOrHash.elementID: 36057351168.2089>
          Other, 0x107f30780 <AX element pid: 174, elementOrHash.elementID: 35907105920.2078>
            Other, 0x107f308c0 <AX element pid: 174, elementOrHash.elementID: 36057354752.2081>
            StaticText, 0x107f30a00 <AX element pid: 174, elementOrHash.elementID: 35911293952.2083>
            Other, 0x107f30b40 <AX element pid: 174, elementOrHash.elementID: 35888203008.2084>
          Other, 0x107f30c80 <AX element pid: 174, elementOrHash.elementID: 36057352704.2090>
    Other, 0x107f30dc0 <AX element pid: 174, elementOrHash.elementID: 36017881984.27>
  Window, 0x107f30f00 <AX element pid: 174, elementOrHash.elementID: 36052796416.2242>
    Other, 0x107f31040 <AX element pid: 174, elementOrHash.elementID: 35888121152.1814>
      Other, 0x107f31180 <AX element pid: 174, elementOrHash.elementID: 35888134144.1816>
      Other, 0x107f312c0 <AX element pid: 174, elementOrHash.elementID: 35888122048.1817>
        Other, 0x107f31400 <AX element pid: 174, elementOrHash.elementID: 35888133248.1819>
          Other, 0x107f31540 <AX element pid: 174, elementOrHash.elementID: 35888122944.1820>
            Other, 0x107f31680 <AX element pid: 174, elementOrHash.elementID: 35907062848.1822>
              Other, 0x107f317c0 <AX element pid: 174, elementOrHash.elementID: 35907065536.1823>
              Other, 0x107f31900 <AX element pid: 174, elementOrHash.elementID: 35903851136.1824>
                Other, 0x107f31a40 <AX element pid: 174, elementOrHash.elementID: 36044862464.1825>
      Other, 0x107f31b80 <AX element pid: 174, elementOrHash.elementID: 35888132800.1818>
  Window, 0x107f31cc0 <AX element pid: 174, elementOrHash.elementID: 36032072704.17>
    Other, 0x107f31e00 <AX element pid: 174, elementOrHash.elementID: 35953535488.28>
  Window, 0x107f31f40 <AX element pid: 174, elementOrHash.elementID: 36032076800.18>
    Other, 0x107f32080 <AX element pid: 174, elementOrHash.elementID: 35953537728.29>
23:25:33.912 WebDriverAgentRunner-Runner[1371:144542] Found matches {(
    StatusBar
)} with root Application, pid: 174
23:25:33.912 WebDriverAgentRunner-Runner[1371:144542] <XCTContext: 0x104595720> finished activity <XCActivityRecord: 0x10752caf0> 2026-07-19 16:25:33 +0000: Find the StatusBar (Element at index 0) (0.149281s)
23:25:33.913 WebDriverAgentRunner-Runner[1371:144542] Creating future for 'checking for continuity enablement' with timeout 30.00
23:25:33.913 WebDriverAgentRunner-Runner[1371:144542] <XCTWaiter: 0x107ee94a0> entering wait loop for 30.00s with expectations: `checking for continuity enablement`
23:25:33.914 WebDriverAgentRunner-Runner[1371:144542] Returning result XCTWaiterResultCompleted for synchronous waiter <XCTWaiter: 0x107ee94a0>
23:25:33.914 WebDriverAgentRunner-Runner[1371:144542] Wait <XCTWaiterWait: 0x10746c100> completed after 0.001s
23:25:33.914 WebDriverAgentRunner-Runner[1371:144542] cleaning up checking for continuity enablement
23:25:33.914 WebDriverAgentRunner-Runner[1371:144542] Creating future for 'fetching attributes 'XC_kAXXCAttributeFrame', 'XC_kAXXCAttributeWindowDisplayId', 'XC_kAXXCAttributeWindowContextId' for AX element pid: 174, elementOrHash.elementID: 36017866624.26' with timeout 30.00
23:25:33.915 WebDriverAgentRunner-Runner[1371:144542] <XCTWaiter: 0x107eea160> entering wait loop for 30.00s with expectations: `fetching attributes 'XC_kAXXCAttributeFrame', 'XC_kAXXCAttributeWindowDisplayId', 'XC_kAXXCAttributeWindowContextId' for AX element pid: 174, elementOrHash.elementID: 36017866624.26`
23:25:33.916 WebDriverAgentRunner-Runner[1371:144542] Returning result XCTWaiterResultCompleted for synchronous waiter <XCTWaiter: 0x107eea160>
23:25:33.916 WebDriverAgentRunner-Runner[1371:144542] Wait <XCTWaiterWait: 0x10746c500> completed after 0.001s
23:25:33.916 WebDriverAgentRunner-Runner[1371:144542] cleaning up fetching attributes 'XC_kAXXCAttributeFrame', 'XC_kAXXCAttributeWindowDisplayId', 'XC_kAXXCAttributeWindowContextId' for AX element pid: 174, elementOrHash.elementID: 36017866624.26
23:25:33.916 WebDriverAgentRunner-Runner[1371:144542] StatusBar (AX element pid: 174, elementOrHash.elementID: 36017866624.26) faulted in {
    "XC_kAXXCAttributeFrame" =     {
        Height = 1366;
        Width = 32;
        X = 0;
        Y = 0;
    };
    "XC_kAXXCAttributeWindowContextId" = 2087488016;
    "XC_kAXXCAttributeWindowDisplayId" = 1;
}: (no error) for frame using XC_kAXXCAttributeFrame, XC_kAXXCAttributeWindowDisplayId, XC_kAXXCAttributeWindowContextId
23:25:33.916 WebDriverAgentRunner-Runner[1371:144542] getting parameterized attribute XC_kAXXCParameterizedAttributeConvertHostedViewFrame with parameter (
        {
        Height = 1366;
        Width = 32;
        X = 0;
        Y = 0;
    },
    2087488016,
    1
)
23:25:33.917 WebDriverAgentRunner-Runner[1371:144542] Creating future for 'getting parameterized attribute XC_kAXXCParameterizedAttributeConvertHostedViewFrame' with timeout 65.00
23:25:33.917 WebDriverAgentRunner-Runner[1371:144542] <XCTWaiter: 0x107ee9410> entering wait loop for 65.00s with expectations: `getting parameterized attribute XC_kAXXCParameterizedAttributeConvertHostedViewFrame`
23:25:33.918 WebDriverAgentRunner-Runner[1371:144848] Got parameterized attribute fetch for XC_kAXXCParameterizedAttributeConvertHostedViewFrame response with values {
    Height = 1366;
    Width = 32;
    X = 0;
    Y = 0;
}, error: (null)
23:25:33.918 WebDriverAgentRunner-Runner[1371:144542] Returning result XCTWaiterResultCompleted for synchronous waiter <XCTWaiter: 0x107ee9410>
23:25:33.918 WebDriverAgentRunner-Runner[1371:144542] Wait <XCTWaiterWait: 0x10746c6c0> completed after 0.001s
23:25:33.919 WebDriverAgentRunner-Runner[1371:144542] cleaning up getting parameterized attribute XC_kAXXCParameterizedAttributeConvertHostedViewFrame
23:25:33.919 WebDriverAgentRunner-Runner[1371:144542] No change when transforming rect {{0, 0}, {32, 1366}}, either portrait orientation or non-standard app configuration such as springboard
23:25:33.919 WebDriverAgentRunner-Runner[1371:144542] Fetching application interface orientation
23:25:33.919 WebDriverAgentRunner-Runner[1371:144542] Creating future for 'getting interface orientation' with timeout 65.00
23:25:33.919 WebDriverAgentRunner-Runner[1371:144542] <XCTWaiter: 0x107ee9a70> entering wait loop for 65.00s with expectations: `getting interface orientation`
23:25:33.920 WebDriverAgentRunner-Runner[1371:144542] Returning result XCTWaiterResultCompleted for synchronous waiter <XCTWaiter: 0x107ee9a70>
23:25:33.920 WebDriverAgentRunner-Runner[1371:144542] Wait <XCTWaiterWait: 0x10746c840> completed after 0.001s
23:25:33.920 WebDriverAgentRunner-Runner[1371:144542] cleaning up getting interface orientation
23:25:33.920 WebDriverAgentRunner-Runner[1371:144542] Creating future for 'getting screen identifiers' with timeout 30.00
23:25:33.921 WebDriverAgentRunner-Runner[1371:144542] <XCTWaiter: 0x107eea100> entering wait loop for 30.00s with expectations: `getting screen identifiers`
23:25:33.921 WebDriverAgentRunner-Runner[1371:144542] Returning result XCTWaiterResultCompleted for synchronous waiter <XCTWaiter: 0x107eea100>
23:25:33.921 WebDriverAgentRunner-Runner[1371:144542] Wait <XCTWaiterWait: 0x10746c980> completed after 0.000s
23:25:33.921 WebDriverAgentRunner-Runner[1371:144542] cleaning up getting screen identifiers
23:25:33.921 WebDriverAgentRunner-Runner[1371:144542] Creating future for 'getting screen bounds' with timeout 30.00
23:25:33.921 WebDriverAgentRunner-Runner[1371:144542] <XCTWaiter: 0x107eea220> entering wait loop for 30.00s with expectations: `getting screen bounds`
23:25:33.922 WebDriverAgentRunner-Runner[1371:144542] Returning result XCTWaiterResultCompleted for synchronous waiter <XCTWaiter: 0x107eea220>
23:25:33.922 WebDriverAgentRunner-Runner[1371:144542] Wait <XCTWaiterWait: 0x10746cb00> completed after 0.000s
23:25:33.922 WebDriverAgentRunner-Runner[1371:144542] cleaning up getting screen bounds
23:25:33.922 WebDriverAgentRunner-Runner[1371:144542] Creating future for 'getting screen scale' with timeout 30.00
23:25:33.923 WebDriverAgentRunner-Runner[1371:144542] <XCTWaiter: 0x107eea760> entering wait loop for 30.00s with expectations: `getting screen scale`
23:25:33.923 WebDriverAgentRunner-Runner[1371:144542] Returning result XCTWaiterResultCompleted for synchronous waiter <XCTWaiter: 0x107eea760>
23:25:33.923 WebDriverAgentRunner-Runner[1371:144542] Wait <XCTWaiterWait: 0x10746cb00> completed after 0.000s
23:25:33.923 WebDriverAgentRunner-Runner[1371:144542] cleaning up getting screen scale
23:25:33.923 WebDriverAgentRunner-Runner[1371:144542] <XCTContext: 0x104595720> started activity <XCActivityRecord: 0x10752c0e0> 2026-07-19 16:25:33 +0000: Find the Application 'com.apple.springboard'
    t =    17.90s Find the Application 'com.apple.springboard'
23:25:33.924 WebDriverAgentRunner-Runner[1371:144542] Executing query:

23:25:33.924 WebDriverAgentRunner-Runner[1371:144542] Creating future for 'checking for continuity enablement' with timeout 30.00
23:25:33.924 WebDriverAgentRunner-Runner[1371:144542] <XCTWaiter: 0x107eeac10> entering wait loop for 30.00s with expectations: `checking for continuity enablement`
23:25:33.926 WebDriverAgentRunner-Runner[1371:144542] Returning result XCTWaiterResultCompleted for synchronous waiter <XCTWaiter: 0x107eeac10>
23:25:33.926 WebDriverAgentRunner-Runner[1371:144542] Wait <XCTWaiterWait: 0x10746cdc0> completed after 0.001s
23:25:33.926 WebDriverAgentRunner-Runner[1371:144542] cleaning up checking for continuity enablement
23:25:33.926 WebDriverAgentRunner-Runner[1371:144542] Should evaluate query remotely? XCTDisableRemoteQueryEvaluation(d-write): YES, hasAutomationSession: YES, supportsRemoteEvaluation: YES
23:25:33.926 WebDriverAgentRunner-Runner[1371:144542] Getting matching snapshots for locally evaluated query
23:25:33.927 WebDriverAgentRunner-Runner[1371:144542] Evaluating query:
 
23:25:33.927 WebDriverAgentRunner-Runner[1371:144542] Getting root element snapshot
23:25:33.927 WebDriverAgentRunner-Runner[1371:144542] Getting snapshot for App element pid: 174 for query 
23:25:33.927 WebDriverAgentRunner-Runner[1371:144542] <XCTContext: 0x104595720> started activity <XCActivityRecord: 0x10752c070> 2026-07-19 16:25:33 +0000: Requesting snapshot of accessibility hierarchy for app with pid 174
23:25:33.927 WebDriverAgentRunner-Runner[1371:144542] Query requires iOS snapshot attributes .
23:25:33.928 WebDriverAgentRunner-Runner[1371:144542] XCUIElementQuery <XCTElementSnapshotProvider> getting snapshot
23:25:33.928 WebDriverAgentRunner-Runner[1371:144542] Snapshot request has custom attributes 
23:25:33.928 WebDriverAgentRunner-Runner[1371:144542] Snapshot request has custom parameters {
    snapshotKeyHonorModalViews = 0;
}
23:25:33.928 WebDriverAgentRunner-Runner[1371:144542] Current snapshot generation is 10
23:25:33.928 WebDriverAgentRunner-Runner[1371:144542] Capturing a new snapshot
23:25:33.928 WebDriverAgentRunner-Runner[1371:144542] Fetching snapshot for App element pid: 174 from testmanagerd with attributes XC_kAXXCAttributeElementType, XC_kAXXCAttributeElementBaseType, XC_kAXXCAttributeParent, XC_kAXXCAttributeIdentifier, XC_kAXXCAttributeAutomationType, XC_kAXXCAttributeTraits and parameters {
    maxArrayCount = 2147483647;
    maxChildren = 2147483647;
    maxDepth = 50;
    snapshotKeyHonorModalViews = 0;
    traverseFromParentsToChildren = 1;
}.
23:25:33.929 WebDriverAgentRunner-Runner[1371:144542] Creating future for 'fetching snapshot from testmanagerd.' with timeout 65.00
23:25:33.929 WebDriverAgentRunner-Runner[1371:144542] <XCTWaiter: 0x107eeb510> entering wait loop for 65.00s with expectations: `fetching snapshot from testmanagerd.`
    t =    17.90s     Requesting snapshot of accessibility hierarchy for app with pid 174
23:25:34.040 WebDriverAgentRunner-Runner[1371:144848] Got snapshot response with runtime issue support from testmanagerd.
23:25:34.041 WebDriverAgentRunner-Runner[1371:144542] Returning result XCTWaiterResultCompleted for synchronous waiter <XCTWaiter: 0x107eeb510>
23:25:34.041 WebDriverAgentRunner-Runner[1371:144542] Wait <XCTWaiterWait: 0x10746d200> completed after 0.112s
23:25:34.041 WebDriverAgentRunner-Runner[1371:144542] cleaning up fetching snapshot from testmanagerd.
23:25:34.041 WebDriverAgentRunner-Runner[1371:144542] <XCTContext: 0x104595720> finished activity <XCActivityRecord: 0x10752c070> 2026-07-19 16:25:33 +0000: Requesting snapshot of accessibility hierarchy for app with pid 174 (0.114304s)
23:25:34.042 WebDriverAgentRunner-Runner[1371:144542] Found matches {(
    App element pid: 174
)} with root App element pid: 174
23:25:34.042 WebDriverAgentRunner-Runner[1371:144542] <XCTContext: 0x104595720> finished activity <XCActivityRecord: 0x10752c0e0> 2026-07-19 16:25:33 +0000: Find the Application 'com.apple.springboard' (0.118771s)
23:25:34.043 WebDriverAgentRunner-Runner[1371:144542] XCUIElementQuery <XCTElementSnapshotProvider> getting snapshot
23:25:34.043 WebDriverAgentRunner-Runner[1371:144542] Snapshot request has custom attributes XC_kAXXCAttributeElementBaseType, XC_kAXXCAttributeValue, XC_kAXXCAttributeAutomationType, XC_kAXXCAttributeIdentifier, XC_kAXXCAttributeTraits, XC_kAXXCAttributeVerticalSizeClass, XC_kAXXCAttributeFrame, XC_kAXXCAttributeWindowDisplayId, XC_kAXXCAttributeWindowContextId, XC_kAXXCAttributeLabel, XC_kAXXCAttributeHorizontalSizeClass, XC_kAXXCAttributeHasNativeFocus, XC_kAXXCAttributePlaceholderValue, XC_kAXXCAttributeElementType
23:25:34.043 WebDriverAgentRunner-Runner[1371:144542] Current snapshot generation is 12
23:25:34.043 WebDriverAgentRunner-Runner[1371:144542] Query rootElementSnapshot is non-null with generation count 12
23:25:34.044 WebDriverAgentRunner-Runner[1371:144542] Capturing a new snapshot
23:25:34.044 WebDriverAgentRunner-Runner[1371:144542] Fetching snapshot for App element pid: 174 from testmanagerd with attributes XC_kAXXCAttributeElementBaseType, XC_kAXXCAttributeParent, XC_kAXXCAttributeAutomationType, XC_kAXXCAttributeIdentifier, XC_kAXXCAttributeTraits, XC_kAXXCAttributeVerticalSizeClass, XC_kAXXCAttributeFrame, XC_kAXXCAttributeWindowDisplayId, XC_kAXXCAttributeWindowContextId, XC_kAXXCAttributeLabel, XC_kAXXCAttributeHorizontalSizeClass, XC_kAXXCAttributeHasNativeFocus, XC_kAXXCAttributePlaceholderValue, XC_kAXXCAttributeTruncatedValue, XC_kAXXCAttributeElementType and parameters {
    maxArrayCount = 2147483647;
    maxChildren = 2147483647;
    maxDepth = 50;
    snapshotKeyHonorModalViews = 0;
    traverseFromParentsToChildren = 1;
}.
23:25:34.044 WebDriverAgentRunner-Runner[1371:144542] Creating future for 'fetching snapshot from testmanagerd.' with timeout 65.00
23:25:34.044 WebDriverAgentRunner-Runner[1371:144542] <XCTWaiter: 0x107dfbea0> entering wait loop for 65.00s with expectations: `fetching snapshot from testmanagerd.`
23:25:34.216 WebDriverAgentRunner-Runner[1371:144846] Got snapshot response with runtime issue support from testmanagerd.
23:25:34.217 WebDriverAgentRunner-Runner[1371:144542] Returning result XCTWaiterResultCompleted for synchronous waiter <XCTWaiter: 0x107dfbea0>
23:25:34.217 WebDriverAgentRunner-Runner[1371:144542] Wait <XCTWaiterWait: 0x107f44300> completed after 0.173s
23:25:34.217 WebDriverAgentRunner-Runner[1371:144542] cleaning up fetching snapshot from testmanagerd.
23:25:34.217 WebDriverAgentRunner-Runner[1371:144542] Creating future for 'getting interface orientation' with timeout 65.00
23:25:34.218 WebDriverAgentRunner-Runner[1371:144542] <XCTWaiter: 0x107eeadc0> entering wait loop for 65.00s with expectations: `getting interface orientation`
23:25:34.218 WebDriverAgentRunner-Runner[1371:144542] Returning result XCTWaiterResultCompleted for synchronous waiter <XCTWaiter: 0x107eeadc0>
23:25:34.218 WebDriverAgentRunner-Runner[1371:144542] Wait <XCTWaiterWait: 0x107f58b80> completed after 0.001s
23:25:34.219 WebDriverAgentRunner-Runner[1371:144542] cleaning up getting interface orientation
23:25:34.219 WebDriverAgentRunner-Runner[1371:144542] Creating future for 'getting screen identifiers' with timeout 30.00
23:25:34.219 WebDriverAgentRunner-Runner[1371:144542] <XCTWaiter: 0x107eeb0c0> entering wait loop for 30.00s with expectations: `getting screen identifiers`
23:25:34.219 WebDriverAgentRunner-Runner[1371:144542] Returning result XCTWaiterResultCompleted for synchronous waiter <XCTWaiter: 0x107eeb0c0>
23:25:34.219 WebDriverAgentRunner-Runner[1371:144542] Wait <XCTWaiterWait: 0x107f5a380> completed after 0.000s
23:25:34.220 WebDriverAgentRunner-Runner[1371:144542] cleaning up getting screen identifiers
23:25:34.220 WebDriverAgentRunner-Runner[1371:144542] Creating future for 'getting screen scale' with timeout 30.00
23:25:34.220 WebDriverAgentRunner-Runner[1371:144542] <XCTWaiter: 0x107eeb270> entering wait loop for 30.00s with expectations: `getting screen scale`
23:25:34.220 WebDriverAgentRunner-Runner[1371:144542] Returning result XCTWaiterResultCompleted for synchronous waiter <XCTWaiter: 0x107eeb270>
23:25:34.220 WebDriverAgentRunner-Runner[1371:144542] Wait <XCTWaiterWait: 0x107f59340> completed after 0.000s
23:25:34.220 WebDriverAgentRunner-Runner[1371:144542] cleaning up getting screen scale
23:25:46.306 WebDriverAgentRunner-Runner[1371:144542] Creating future for 'fetching attributes 'XC_kAXXCAttributeSystemAppApplication' for Device system-wide element' with timeout 65.00
23:25:46.307 WebDriverAgentRunner-Runner[1371:144542] <XCTWaiter: 0x107ee8840> entering wait loop for 65.00s with expectations: `fetching attributes 'XC_kAXXCAttributeSystemAppApplication' for Device system-wide element`
23:25:46.310 WebDriverAgentRunner-Runner[1371:144848] Got attribute fetch response with values {
    "XC_kAXXCAttributeSystemAppApplication" = "AX element pid: 174, elementOrHash.elementID: 0.1";
}, error: (null)
23:25:46.311 WebDriverAgentRunner-Runner[1371:144542] Returning result XCTWaiterResultCompleted for synchronous waiter <XCTWaiter: 0x107ee8840>
23:25:46.312 WebDriverAgentRunner-Runner[1371:144542] Wait <XCTWaiterWait: 0x107f5bc80> completed after 0.005s
23:25:46.313 WebDriverAgentRunner-Runner[1371:144542] cleaning up fetching attributes 'XC_kAXXCAttributeSystemAppApplication' for Device system-wide element
23:25:46.314 WebDriverAgentRunner-Runner[1371:144542] Creating future for 'fetching attributes 'XC_kAXXCAttributeFocusedApplications' for AX element pid: 174, elementOrHash.elementID: 0.1' with timeout 65.00
23:25:46.316 WebDriverAgentRunner-Runner[1371:144542] <XCTWaiter: 0x107ee8690> entering wait loop for 65.00s with expectations: `fetching attributes 'XC_kAXXCAttributeFocusedApplications' for AX element pid: 174, elementOrHash.elementID: 0.1`
23:25:46.320 WebDriverAgentRunner-Runner[1371:144849] Got attribute fetch response with values {
    "XC_kAXXCAttributeFocusedApplications" =     (
        "AX element pid: 305, elementOrHash.elementID: 0.1"
    );
}, error: (null)
23:25:46.321 WebDriverAgentRunner-Runner[1371:144542] Returning result XCTWaiterResultCompleted for synchronous waiter <XCTWaiter: 0x107ee8690>
23:25:46.322 WebDriverAgentRunner-Runner[1371:144542] Wait <XCTWaiterWait: 0x107f5bc00> completed after 0.006s
23:25:46.322 WebDriverAgentRunner-Runner[1371:144542] cleaning up fetching attributes 'XC_kAXXCAttributeFocusedApplications' for AX element pid: 174, elementOrHash.elementID: 0.1
23:25:46.323 WebDriverAgentRunner-Runner[1371:144542] Active application elements: (
    "AX element pid: 305, elementOrHash.elementID: 0.1"
)
23:25:46.324 WebDriverAgentRunner-Runner[1371:144542] Creating future for 'getting interface orientation' with timeout 65.00
23:25:46.325 WebDriverAgentRunner-Runner[1371:144542] <XCTWaiter: 0x107ee8c30> entering wait loop for 65.00s with expectations: `getting interface orientation`
23:25:46.326 WebDriverAgentRunner-Runner[1371:144542] Returning result XCTWaiterResultCompleted for synchronous waiter <XCTWaiter: 0x107ee8c30>
23:25:46.327 WebDriverAgentRunner-Runner[1371:144542] Wait <XCTWaiterWait: 0x107f5a200> completed after 0.002s
23:25:46.328 WebDriverAgentRunner-Runner[1371:144542] cleaning up getting interface orientation
23:25:46.329 WebDriverAgentRunner-Runner[1371:144542] <XCTContext: 0x104595720> started activity <XCActivityRecord: 0x10752caf0> 2026-07-19 16:25:46 +0000: Find the Application 'com.apple.Spotlight'
    t =    30.30s Find the Application 'com.apple.Spotlight'
23:25:46.331 WebDriverAgentRunner-Runner[1371:144542] Executing query:

23:25:46.331 WebDriverAgentRunner-Runner[1371:144542] Creating future for 'requesting automation session for com.apple.Spotlight (pid:305)' with timeout 60.00
23:25:46.332 WebDriverAgentRunner-Runner[1371:144542] Requesting automation session for pid 305, automation framework path: /System/Developer/Library/PrivateFrameworks/XCTAutomationSupport.framework
23:25:46.333 WebDriverAgentRunner-Runner[1371:144542] <XCTWaiter: 0x107ee90b0> entering wait loop for 60.00s with expectations: `requesting automation session for com.apple.Spotlight (pid:305)`
23:25:46.335 WebDriverAgentRunner-Runner[1371:144848] Got endpoint for automation session with pid 305
23:25:46.335 WebDriverAgentRunner-Runner[1371:144848] Exchanging capabilities for automation session connection to pid 305
23:25:46.338 WebDriverAgentRunner-Runner[1371:144848] Got remote interface capabilities for automation session connection to pid 305: <XCTCapabilities: 0x1045fc9d0>: {
    "accept remote connection capability" = 1;
    "containing transformer capability" = 1;
    "disclosed child rows transformer capability" = 2;
    "element sorting transformer capability" = 1;
    "evaluate query capability" = 1;
    "fetch element attributes capability" = 2;
    "indexing transformer capability" = 4;
    "main thread checker runtime issues" = 1;
    "malloc stack logging" = 1;
    "notify animations idle capability" = 1;
    "notify main run loop idle capability" = 1;
    "query runtime issue reporting" = 1;
    "query runtime issue reporting/automation type mismatch" = 1;
    "system provides kAXXCAttributeBannerIsStickyAttribute" = 1;
}
23:25:46.339 WebDriverAgentRunner-Runner[1371:144542] Returning result XCTWaiterResultCompleted for synchronous waiter <XCTWaiter: 0x107ee90b0>
23:25:46.339 WebDriverAgentRunner-Runner[1371:144542] Wait <XCTWaiterWait: 0x107f5ba00> completed after 0.006s
23:25:46.340 WebDriverAgentRunner-Runner[1371:144542] cleaning up requesting automation session for com.apple.Spotlight (pid:305)
23:25:46.340 WebDriverAgentRunner-Runner[1371:144542] Creating future for 'checking for continuity enablement' with timeout 30.00
23:25:46.341 WebDriverAgentRunner-Runner[1371:144542] <XCTWaiter: 0x107ee9770> entering wait loop for 30.00s with expectations: `checking for continuity enablement`
23:25:46.343 WebDriverAgentRunner-Runner[1371:144542] Returning result XCTWaiterResultCompleted for synchronous waiter <XCTWaiter: 0x107ee9770>
23:25:46.343 WebDriverAgentRunner-Runner[1371:144542] Wait <XCTWaiterWait: 0x107f58900> completed after 0.003s
23:25:46.344 WebDriverAgentRunner-Runner[1371:144542] cleaning up checking for continuity enablement
23:25:46.344 WebDriverAgentRunner-Runner[1371:144542] Should evaluate query remotely? XCTDisableRemoteQueryEvaluation(d-write): YES, hasAutomationSession: YES, supportsRemoteEvaluation: YES
23:25:46.345 WebDriverAgentRunner-Runner[1371:144542] Getting matching snapshots for locally evaluated query
23:25:46.345 WebDriverAgentRunner-Runner[1371:144542] Evaluating query:
 
23:25:46.345 WebDriverAgentRunner-Runner[1371:144542] Getting root element snapshot
23:25:46.345 WebDriverAgentRunner-Runner[1371:144542] Getting snapshot for App element pid: 305 for query 
23:25:46.345 WebDriverAgentRunner-Runner[1371:144542] <XCTContext: 0x104595720> started activity <XCActivityRecord: 0x10752c070> 2026-07-19 16:25:46 +0000: Requesting snapshot of accessibility hierarchy for app with pid 305
    t =    30.32s     Requesting snapshot of accessibility hierarchy for app with pid 305
23:25:46.346 WebDriverAgentRunner-Runner[1371:144542] Query requires iOS snapshot attributes .
23:25:46.346 WebDriverAgentRunner-Runner[1371:144542] XCUIElementQuery <XCTElementSnapshotProvider> getting snapshot
23:25:46.346 WebDriverAgentRunner-Runner[1371:144542] Snapshot request has custom attributes 
23:25:46.347 WebDriverAgentRunner-Runner[1371:144542] Snapshot request has custom parameters {
    snapshotKeyHonorModalViews = 0;
}
23:25:46.347 WebDriverAgentRunner-Runner[1371:144542] Current snapshot generation is 27
23:25:46.347 WebDriverAgentRunner-Runner[1371:144542] Capturing a new snapshot
23:25:46.347 WebDriverAgentRunner-Runner[1371:144542] Fetching snapshot for App element pid: 305 from testmanagerd with attributes XC_kAXXCAttributeElementType, XC_kAXXCAttributeElementBaseType, XC_kAXXCAttributeParent, XC_kAXXCAttributeIdentifier, XC_kAXXCAttributeAutomationType, XC_kAXXCAttributeTraits and parameters {
    maxArrayCount = 2147483647;
    maxChildren = 2147483647;
    maxDepth = 50;
    snapshotKeyHonorModalViews = 0;
    traverseFromParentsToChildren = 1;
}.
23:25:46.348 WebDriverAgentRunner-Runner[1371:144542] Creating future for 'fetching snapshot from testmanagerd.' with timeout 65.00
23:25:46.348 WebDriverAgentRunner-Runner[1371:144542] <XCTWaiter: 0x107ee9fb0> entering wait loop for 65.00s with expectations: `fetching snapshot from testmanagerd.`
23:25:46.661 WebDriverAgentRunner-Runner[1371:144564] Got snapshot response with runtime issue support from testmanagerd.
23:25:46.661 WebDriverAgentRunner-Runner[1371:144542] Returning result XCTWaiterResultCompleted for synchronous waiter <XCTWaiter: 0x107ee9fb0>
23:25:46.662 WebDriverAgentRunner-Runner[1371:144542] Wait <XCTWaiterWait: 0x107f5b000> completed after 0.314s
23:25:46.662 WebDriverAgentRunner-Runner[1371:144542] cleaning up fetching snapshot from testmanagerd.
23:25:46.662 WebDriverAgentRunner-Runner[1371:144542] <XCTContext: 0x104595720> finished activity <XCActivityRecord: 0x10752c070> 2026-07-19 16:25:46 +0000: Requesting snapshot of accessibility hierarchy for app with pid 305 (0.316929s)
23:25:46.663 WebDriverAgentRunner-Runner[1371:144542] Found matches {(
    App element pid: 305
)} with root App element pid: 305
23:25:46.663 WebDriverAgentRunner-Runner[1371:144542] <XCTContext: 0x104595720> finished activity <XCActivityRecord: 0x10752caf0> 2026-07-19 16:25:46 +0000: Find the Application 'com.apple.Spotlight' (0.334105s)
23:25:46.663 WebDriverAgentRunner-Runner[1371:144542] XCUIElementQuery <XCTElementSnapshotProvider> getting snapshot
23:25:46.664 WebDriverAgentRunner-Runner[1371:144542] Snapshot request has custom attributes XC_kAXXCAttributeElementBaseType, XC_kAXXCAttributeValue, XC_kAXXCAttributeAutomationType, XC_kAXXCAttributeIdentifier, XC_kAXXCAttributeTraits, XC_kAXXCAttributeVerticalSizeClass, XC_kAXXCAttributeFrame, XC_kAXXCAttributeWindowDisplayId, XC_kAXXCAttributeWindowContextId, XC_kAXXCAttributeLabel, XC_kAXXCAttributeHorizontalSizeClass, XC_kAXXCAttributeHasNativeFocus, XC_kAXXCAttributePlaceholderValue, XC_kAXXCAttributeElementType
23:25:46.664 WebDriverAgentRunner-Runner[1371:144542] Current snapshot generation is 31
23:25:46.664 WebDriverAgentRunner-Runner[1371:144542] Query rootElementSnapshot is non-null with generation count 31
23:25:46.664 WebDriverAgentRunner-Runner[1371:144542] Capturing a new snapshot
23:25:46.664 WebDriverAgentRunner-Runner[1371:144542] Fetching snapshot for App element pid: 305 from testmanagerd with attributes XC_kAXXCAttributeElementBaseType, XC_kAXXCAttributeParent, XC_kAXXCAttributeAutomationType, XC_kAXXCAttributeIdentifier, XC_kAXXCAttributeTraits, XC_kAXXCAttributeVerticalSizeClass, XC_kAXXCAttributeFrame, XC_kAXXCAttributeWindowDisplayId, XC_kAXXCAttributeWindowContextId, XC_kAXXCAttributeLabel, XC_kAXXCAttributeHorizontalSizeClass, XC_kAXXCAttributeHasNativeFocus, XC_kAXXCAttributePlaceholderValue, XC_kAXXCAttributeTruncatedValue, XC_kAXXCAttributeElementType and parameters {
    maxArrayCount = 2147483647;
    maxChildren = 2147483647;
    maxDepth = 50;
    snapshotKeyHonorModalViews = 0;
    traverseFromParentsToChildren = 1;
}.
23:25:46.664 WebDriverAgentRunner-Runner[1371:144542] Creating future for 'fetching snapshot from testmanagerd.' with timeout 65.00
23:25:46.665 WebDriverAgentRunner-Runner[1371:144542] <XCTWaiter: 0x107dfbc00> entering wait loop for 65.00s with expectations: `fetching snapshot from testmanagerd.`
23:25:47.022 WebDriverAgentRunner-Runner[1371:144848] Got snapshot response with runtime issue support from testmanagerd.
23:25:47.022 WebDriverAgentRunner-Runner[1371:144542] Returning result XCTWaiterResultCompleted for synchronous waiter <XCTWaiter: 0x107dfbc00>
23:25:47.022 WebDriverAgentRunner-Runner[1371:144542] Wait <XCTWaiterWait: 0x107f79000> completed after 0.358s
23:25:47.023 WebDriverAgentRunner-Runner[1371:144542] cleaning up fetching snapshot from testmanagerd.
23:25:47.023 WebDriverAgentRunner-Runner[1371:144542] Creating future for 'getting interface orientation' with timeout 65.00
23:25:47.023 WebDriverAgentRunner-Runner[1371:144542] <XCTWaiter: 0x107ee92c0> entering wait loop for 65.00s with expectations: `getting interface orientation`
23:25:47.024 WebDriverAgentRunner-Runner[1371:144542] Returning result XCTWaiterResultCompleted for synchronous waiter <XCTWaiter: 0x107ee92c0>
23:25:47.024 WebDriverAgentRunner-Runner[1371:144542] Wait <XCTWaiterWait: 0x107fb97c0> completed after 0.001s
23:25:47.024 WebDriverAgentRunner-Runner[1371:144542] cleaning up getting interface orientation
23:25:47.024 WebDriverAgentRunner-Runner[1371:144542] Creating future for 'getting interface orientation' with timeout 65.00
23:25:47.025 WebDriverAgentRunner-Runner[1371:144542] <XCTWaiter: 0x107ee91d0> entering wait loop for 65.00s with expectations: `getting interface orientation`
23:25:47.025 WebDriverAgentRunner-Runner[1371:144542] Returning result XCTWaiterResultCompleted for synchronous waiter <XCTWaiter: 0x107ee91d0>
23:25:47.025 WebDriverAgentRunner-Runner[1371:144542] Wait <XCTWaiterWait: 0x107fb9700> completed after 0.001s
23:25:47.026 WebDriverAgentRunner-Runner[1371:144542] cleaning up getting interface orientation
23:25:47.027 WebDriverAgentRunner-Runner[1371:144542] Requesting local synthesis of event: 
<XCSynthesizedEventRecord 'Swipe Point Array display 0'>
Path 1:
	Touch down at 134.0, 646.0, offset=0.00s
	Move to 153.0, 646.0, offset=0.04s
	Move to 296.0, 662.0, offset=0.08s
	Move to 612.0, 689.0, offset=0.12s
	Move to 805.0, 698.0, offset=0.15s
	Move to 880.0, 702.0, offset=0.19s
	Move to 882.0, 702.0, offset=0.21s
	Touch up at 882.0, 702.0, offset=0.22s
23:25:47.146 WebDriverAgentRunner-Runner[1371:144918] Handling kAXPidStatusChangedNotification
23:25:47.146 WebDriverAgentRunner-Runner[1371:144918] Got kAXPidStatusChangedNotification for pid 1313: active
23:25:47.230 WebDriverAgentRunner-Runner[1371:144542] No application process found matching pid 1313, caching
23:25:47.249 WebDriverAgentRunner-Runner[1371:144849] Handling kAXPidStatusChangedNotification
23:25:47.250 WebDriverAgentRunner-Runner[1371:144849] Got kAXPidStatusChangedNotification for pid 1313: active
23:25:47.297 WebDriverAgentRunner-Runner[1371:144918] Handling kAXUserTestingNotification
23:25:47.298 WebDriverAgentRunner-Runner[1371:144918] Received kAXUserTestingNotification from AX element pid: 174, elementOrHash.elementID: 0.1: {
    event = TouchEventsCompleted;
}
23:25:47.299 WebDriverAgentRunner-Runner[1371:144918] Handling kAXUserTestingNotification
23:25:47.299 WebDriverAgentRunner-Runner[1371:144918] Received kAXUserTestingNotification from AX element pid: 305, elementOrHash.elementID: 0.1: {
    event = TouchEventsCompleted;
}
23:25:47.333 WebDriverAgentRunner-Runner[1371:144542] No application process found matching pid 1313, caching
23:25:56.929 WebDriverAgentRunner-Runner[1371:144918] Handling kAXPidStatusChangedNotification
23:25:56.930 WebDriverAgentRunner-Runner[1371:144918] Got kAXPidStatusChangedNotification for pid 879: active
23:26:27.549 WebDriverAgentRunner-Runner[1371:144542] Creating future for 'fetching attributes 'XC_kAXXCAttributeSystemAppApplication' for Device system-wide element' with timeout 65.00
23:26:27.551 WebDriverAgentRunner-Runner[1371:144542] <XCTWaiter: 0x107ee85d0> entering wait loop for 65.00s with expectations: `fetching attributes 'XC_kAXXCAttributeSystemAppApplication' for Device system-wide element`
23:26:27.552 WebDriverAgentRunner-Runner[1371:144542] No application process found matching pid 879, caching
23:26:27.554 WebDriverAgentRunner-Runner[1371:144848] Got attribute fetch response with values {
    "XC_kAXXCAttributeSystemAppApplication" = "AX element pid: 174, elementOrHash.elementID: 0.1";
}, error: (null)
23:26:27.555 WebDriverAgentRunner-Runner[1371:144542] Returning result XCTWaiterResultCompleted for synchronous waiter <XCTWaiter: 0x107ee85d0>
23:26:27.556 WebDriverAgentRunner-Runner[1371:144542] Wait <XCTWaiterWait: 0x107fb9740> completed after 0.004s
23:26:27.557 WebDriverAgentRunner-Runner[1371:144542] cleaning up fetching attributes 'XC_kAXXCAttributeSystemAppApplication' for Device system-wide element
23:26:27.557 WebDriverAgentRunner-Runner[1371:144542] Creating future for 'fetching attributes 'XC_kAXXCAttributeFocusedApplications' for AX element pid: 174, elementOrHash.elementID: 0.1' with timeout 65.00
23:26:27.559 WebDriverAgentRunner-Runner[1371:144542] <XCTWaiter: 0x107ee8ab0> entering wait loop for 65.00s with expectations: `fetching attributes 'XC_kAXXCAttributeFocusedApplications' for AX element pid: 174, elementOrHash.elementID: 0.1`
23:26:27.563 WebDriverAgentRunner-Runner[1371:144848] Got attribute fetch response with values {
    "XC_kAXXCAttributeFocusedApplications" =     (
        "AX element pid: 305, elementOrHash.elementID: 0.1"
    );
}, error: (null)
23:26:27.564 WebDriverAgentRunner-Runner[1371:144542] Returning result XCTWaiterResultCompleted for synchronous waiter <XCTWaiter: 0x107ee8ab0>
23:26:27.564 WebDriverAgentRunner-Runner[1371:144542] Wait <XCTWaiterWait: 0x107fb8340> completed after 0.006s
23:26:27.565 WebDriverAgentRunner-Runner[1371:144542] cleaning up fetching attributes 'XC_kAXXCAttributeFocusedApplications' for AX element pid: 174, elementOrHash.elementID: 0.1
23:26:27.565 WebDriverAgentRunner-Runner[1371:144542] Active application elements: (
    "AX element pid: 305, elementOrHash.elementID: 0.1"
)
23:26:27.566 WebDriverAgentRunner-Runner[1371:144542] Creating future for 'getting interface orientation' with timeout 65.00
23:26:27.567 WebDriverAgentRunner-Runner[1371:144542] <XCTWaiter: 0x107ee8e10> entering wait loop for 65.00s with expectations: `getting interface orientation`
23:26:27.569 WebDriverAgentRunner-Runner[1371:144542] Returning result XCTWaiterResultCompleted for synchronous waiter <XCTWaiter: 0x107ee8e10>
23:26:27.570 WebDriverAgentRunner-Runner[1371:144542] Wait <XCTWaiterWait: 0x107fba1c0> completed after 0.002s
23:26:27.571 WebDriverAgentRunner-Runner[1371:144542] cleaning up getting interface orientation
23:26:27.571 WebDriverAgentRunner-Runner[1371:144542] <XCTContext: 0x104595720> started activity <XCActivityRecord: 0x10752caf0> 2026-07-19 16:26:27 +0000: Find the Application 'com.apple.Spotlight'
    t =    71.55s Find the Application 'com.apple.Spotlight'
23:26:27.572 WebDriverAgentRunner-Runner[1371:144542] Executing query:

23:26:27.573 WebDriverAgentRunner-Runner[1371:144542] Creating future for 'checking for continuity enablement' with timeout 30.00
23:26:27.573 WebDriverAgentRunner-Runner[1371:144542] <XCTWaiter: 0x107ee9dd0> entering wait loop for 30.00s with expectations: `checking for continuity enablement`
23:26:27.574 WebDriverAgentRunner-Runner[1371:144542] Returning result XCTWaiterResultCompleted for synchronous waiter <XCTWaiter: 0x107ee9dd0>
23:26:27.574 WebDriverAgentRunner-Runner[1371:144542] Wait <XCTWaiterWait: 0x107fba080> completed after 0.001s
23:26:27.574 WebDriverAgentRunner-Runner[1371:144542] cleaning up checking for continuity enablement
23:26:27.574 WebDriverAgentRunner-Runner[1371:144542] Should evaluate query remotely? XCTDisableRemoteQueryEvaluation(d-write): YES, hasAutomationSession: YES, supportsRemoteEvaluation: YES
23:26:27.574 WebDriverAgentRunner-Runner[1371:144542] Getting matching snapshots for locally evaluated query
23:26:27.575 WebDriverAgentRunner-Runner[1371:144542] Evaluating query:
 
23:26:27.575 WebDriverAgentRunner-Runner[1371:144542] Getting root element snapshot
23:26:27.575 WebDriverAgentRunner-Runner[1371:144542] Getting snapshot for App element pid: 305 for query 
23:26:27.575 WebDriverAgentRunner-Runner[1371:144542] <XCTContext: 0x104595720> started activity <XCActivityRecord: 0x10752c070> 2026-07-19 16:26:27 +0000: Requesting snapshot of accessibility hierarchy for app with pid 305
    t =    71.55s     Requesting snapshot of accessibility hierarchy for app with pid 305
23:26:27.575 WebDriverAgentRunner-Runner[1371:144542] Query requires iOS snapshot attributes .
23:26:27.575 WebDriverAgentRunner-Runner[1371:144542] XCUIElementQuery <XCTElementSnapshotProvider> getting snapshot
23:26:27.575 WebDriverAgentRunner-Runner[1371:144542] Snapshot request has custom attributes 
23:26:27.575 WebDriverAgentRunner-Runner[1371:144542] Snapshot request has custom parameters {
    snapshotKeyHonorModalViews = 0;
}
23:26:27.575 WebDriverAgentRunner-Runner[1371:144542] Current snapshot generation is 47
23:26:27.575 WebDriverAgentRunner-Runner[1371:144542] Query rootElementSnapshot is non-null with generation count 31
23:26:27.576 WebDriverAgentRunner-Runner[1371:144542] Capturing a new snapshot
23:26:27.576 WebDriverAgentRunner-Runner[1371:144542] Fetching snapshot for App element pid: 305 from testmanagerd with attributes XC_kAXXCAttributeElementType, XC_kAXXCAttributeElementBaseType, XC_kAXXCAttributeParent, XC_kAXXCAttributeIdentifier, XC_kAXXCAttributeAutomationType, XC_kAXXCAttributeTraits and parameters {
    maxArrayCount = 2147483647;
    maxChildren = 2147483647;
    maxDepth = 50;
    snapshotKeyHonorModalViews = 0;
    traverseFromParentsToChildren = 1;
}.
23:26:27.576 WebDriverAgentRunner-Runner[1371:144542] Creating future for 'fetching snapshot from testmanagerd.' with timeout 65.00
23:26:27.577 WebDriverAgentRunner-Runner[1371:144542] <XCTWaiter: 0x107eea0a0> entering wait loop for 65.00s with expectations: `fetching snapshot from testmanagerd.`
23:26:27.851 WebDriverAgentRunner-Runner[1371:144564] Got snapshot response with runtime issue support from testmanagerd.
23:26:27.851 WebDriverAgentRunner-Runner[1371:144542] Returning result XCTWaiterResultCompleted for synchronous waiter <XCTWaiter: 0x107eea0a0>
23:26:27.852 WebDriverAgentRunner-Runner[1371:144542] Wait <XCTWaiterWait: 0x107fb8940> completed after 0.275s
23:26:27.852 WebDriverAgentRunner-Runner[1371:144542] cleaning up fetching snapshot from testmanagerd.
23:26:27.852 WebDriverAgentRunner-Runner[1371:144542] <XCTContext: 0x104595720> finished activity <XCActivityRecord: 0x10752c070> 2026-07-19 16:26:27 +0000: Requesting snapshot of accessibility hierarchy for app with pid 305 (0.277228s)
23:26:27.853 WebDriverAgentRunner-Runner[1371:144542] Found matches {(
    App element pid: 305
)} with root App element pid: 305
23:26:27.853 WebDriverAgentRunner-Runner[1371:144542] <XCTContext: 0x104595720> finished activity <XCActivityRecord: 0x10752caf0> 2026-07-19 16:26:27 +0000: Find the Application 'com.apple.Spotlight' (0.281754s)
23:26:27.853 WebDriverAgentRunner-Runner[1371:144542] XCUIElementQuery <XCTElementSnapshotProvider> getting snapshot
23:26:27.854 WebDriverAgentRunner-Runner[1371:144542] Snapshot request has custom attributes XC_kAXXCAttributeElementBaseType, XC_kAXXCAttributeValue, XC_kAXXCAttributeAutomationType, XC_kAXXCAttributeIdentifier, XC_kAXXCAttributeTraits, XC_kAXXCAttributeVerticalSizeClass, XC_kAXXCAttributeFrame, XC_kAXXCAttributeWindowDisplayId, XC_kAXXCAttributeWindowContextId, XC_kAXXCAttributeLabel, XC_kAXXCAttributeHorizontalSizeClass, XC_kAXXCAttributeHasNativeFocus, XC_kAXXCAttributePlaceholderValue, XC_kAXXCAttributeElementType
23:26:27.854 WebDriverAgentRunner-Runner[1371:144542] Current snapshot generation is 50
23:26:27.854 WebDriverAgentRunner-Runner[1371:144542] Query rootElementSnapshot is non-null with generation count 50
23:26:27.854 WebDriverAgentRunner-Runner[1371:144542] Capturing a new snapshot
23:26:27.854 WebDriverAgentRunner-Runner[1371:144542] Fetching snapshot for App element pid: 305 from testmanagerd with attributes XC_kAXXCAttributeElementBaseType, XC_kAXXCAttributeParent, XC_kAXXCAttributeAutomationType, XC_kAXXCAttributeIdentifier, XC_kAXXCAttributeTraits, XC_kAXXCAttributeVerticalSizeClass, XC_kAXXCAttributeFrame, XC_kAXXCAttributeWindowDisplayId, XC_kAXXCAttributeWindowContextId, XC_kAXXCAttributeLabel, XC_kAXXCAttributeHorizontalSizeClass, XC_kAXXCAttributeHasNativeFocus, XC_kAXXCAttributePlaceholderValue, XC_kAXXCAttributeTruncatedValue, XC_kAXXCAttributeElementType and parameters {
    maxArrayCount = 2147483647;
    maxChildren = 2147483647;
    maxDepth = 50;
    snapshotKeyHonorModalViews = 0;
    traverseFromParentsToChildren = 1;
}.
23:26:27.854 WebDriverAgentRunner-Runner[1371:144542] Creating future for 'fetching snapshot from testmanagerd.' with timeout 65.00
23:26:27.854 WebDriverAgentRunner-Runner[1371:144542] <XCTWaiter: 0x107ee9710> entering wait loop for 65.00s with expectations: `fetching snapshot from testmanagerd.`
23:26:28.227 WebDriverAgentRunner-Runner[1371:144564] Got snapshot response with runtime issue support from testmanagerd.
23:26:28.227 WebDriverAgentRunner-Runner[1371:144542] Returning result XCTWaiterResultCompleted for synchronous waiter <XCTWaiter: 0x107ee9710>
23:26:28.227 WebDriverAgentRunner-Runner[1371:144542] Wait <XCTWaiterWait: 0x112c183c0> completed after 0.373s
23:26:28.227 WebDriverAgentRunner-Runner[1371:144542] cleaning up fetching snapshot from testmanagerd.
23:26:28.227 WebDriverAgentRunner-Runner[1371:144542] Creating future for 'getting interface orientation' with timeout 65.00
23:26:28.228 WebDriverAgentRunner-Runner[1371:144542] <XCTWaiter: 0x107ee9500> entering wait loop for 65.00s with expectations: `getting interface orientation`
23:26:28.229 WebDriverAgentRunner-Runner[1371:144542] Returning result XCTWaiterResultCompleted for synchronous waiter <XCTWaiter: 0x107ee9500>
23:26:28.229 WebDriverAgentRunner-Runner[1371:144542] Wait <XCTWaiterWait: 0x112c05ac0> completed after 0.001s
23:26:28.229 WebDriverAgentRunner-Runner[1371:144542] cleaning up getting interface orientation
23:26:28.229 WebDriverAgentRunner-Runner[1371:144542] Creating future for 'getting interface orientation' with timeout 65.00
23:26:28.229 WebDriverAgentRunner-Runner[1371:144542] <XCTWaiter: 0x107ee8bd0> entering wait loop for 65.00s with expectations: `getting interface orientation`
23:26:28.231 WebDriverAgentRunner-Runner[1371:144542] Returning result XCTWaiterResultCompleted for synchronous waiter <XCTWaiter: 0x107ee8bd0>
23:26:28.231 WebDriverAgentRunner-Runner[1371:144542] Wait <XCTWaiterWait: 0x112c07540> completed after 0.001s
23:26:28.231 WebDriverAgentRunner-Runner[1371:144542] cleaning up getting interface orientation
23:26:28.231 WebDriverAgentRunner-Runner[1371:144542] Requesting local synthesis of event: 
<XCSynthesizedEventRecord 'Swipe Point Array display 0'>
Path 1:
	Touch down at 134.0, 646.0, offset=0.00s
	Move to 153.0, 646.0, offset=0.04s
	Move to 296.0, 662.0, offset=0.08s
	Move to 612.0, 689.0, offset=0.12s
	Move to 805.0, 698.0, offset=0.15s
	Move to 880.0, 702.0, offset=0.19s
	Move to 882.0, 702.0, offset=0.21s
	Touch up at 882.0, 702.0, offset=0.22s
23:26:28.495 WebDriverAgentRunner-Runner[1371:144564] Handling kAXUserTestingNotification
23:26:28.495 WebDriverAgentRunner-Runner[1371:144564] Received kAXUserTestingNotification from AX element pid: 174, elementOrHash.elementID: 0.1: {
    event = TouchEventsCompleted;
}
23:26:28.498 WebDriverAgentRunner-Runner[1371:145196] Handling kAXUserTestingNotification
23:26:28.499 WebDriverAgentRunner-Runner[1371:145196] Received kAXUserTestingNotification from AX element pid: 305, elementOrHash.elementID: 0.1: {
    event = TouchEventsCompleted;
}
23:27:15.874 WebDriverAgentRunner-Runner[1371:144542] Creating future for 'fetching attributes 'XC_kAXXCAttributeSystemAppApplication' for Device system-wide element' with timeout 65.00
23:27:15.876 WebDriverAgentRunner-Runner[1371:144542] <XCTWaiter: 0x107ee8420> entering wait loop for 65.00s with expectations: `fetching attributes 'XC_kAXXCAttributeSystemAppApplication' for Device system-wide element`
23:27:15.879 WebDriverAgentRunner-Runner[1371:145197] Got attribute fetch response with values {
    "XC_kAXXCAttributeSystemAppApplication" = "AX element pid: 174, elementOrHash.elementID: 0.1";
}, error: (null)
23:27:15.880 WebDriverAgentRunner-Runner[1371:144542] Returning result XCTWaiterResultCompleted for synchronous waiter <XCTWaiter: 0x107ee8420>
23:27:15.881 WebDriverAgentRunner-Runner[1371:144542] Wait <XCTWaiterWait: 0x112c06840> completed after 0.005s
23:27:15.882 WebDriverAgentRunner-Runner[1371:144542] cleaning up fetching attributes 'XC_kAXXCAttributeSystemAppApplication' for Device system-wide element
23:27:15.883 WebDriverAgentRunner-Runner[1371:144542] Creating future for 'fetching attributes 'XC_kAXXCAttributeFocusedApplications' for AX element pid: 174, elementOrHash.elementID: 0.1' with timeout 65.00
23:27:15.884 WebDriverAgentRunner-Runner[1371:144542] <XCTWaiter: 0x107ee88d0> entering wait loop for 65.00s with expectations: `fetching attributes 'XC_kAXXCAttributeFocusedApplications' for AX element pid: 174, elementOrHash.elementID: 0.1`
23:27:15.888 WebDriverAgentRunner-Runner[1371:144564] Got attribute fetch response with values {
    "XC_kAXXCAttributeFocusedApplications" =     (
        "AX element pid: 305, elementOrHash.elementID: 0.1"
    );
}, error: (null)
23:27:15.888 WebDriverAgentRunner-Runner[1371:144542] Returning result XCTWaiterResultCompleted for synchronous waiter <XCTWaiter: 0x107ee88d0>
23:27:15.889 WebDriverAgentRunner-Runner[1371:144542] Wait <XCTWaiterWait: 0x112c042c0> completed after 0.005s
23:27:15.890 WebDriverAgentRunner-Runner[1371:144542] cleaning up fetching attributes 'XC_kAXXCAttributeFocusedApplications' for AX element pid: 174, elementOrHash.elementID: 0.1
23:27:15.890 WebDriverAgentRunner-Runner[1371:144542] Active application elements: (
    "AX element pid: 305, elementOrHash.elementID: 0.1"
)
23:27:15.891 WebDriverAgentRunner-Runner[1371:144542] Creating future for 'getting interface orientation' with timeout 65.00
23:27:15.892 WebDriverAgentRunner-Runner[1371:144542] <XCTWaiter: 0x107ee8d50> entering wait loop for 65.00s with expectations: `getting interface orientation`
23:27:15.894 WebDriverAgentRunner-Runner[1371:144542] Returning result XCTWaiterResultCompleted for synchronous waiter <XCTWaiter: 0x107ee8d50>
23:27:15.894 WebDriverAgentRunner-Runner[1371:144542] Wait <XCTWaiterWait: 0x112c040c0> completed after 0.002s
23:27:15.895 WebDriverAgentRunner-Runner[1371:144542] cleaning up getting interface orientation
23:27:15.896 WebDriverAgentRunner-Runner[1371:144542] <XCTContext: 0x104595720> started activity <XCActivityRecord: 0x10752caf0> 2026-07-19 16:27:15 +0000: Find the Application 'com.apple.Spotlight'
    t =   119.87s Find the Application 'com.apple.Spotlight'
23:27:15.898 WebDriverAgentRunner-Runner[1371:144542] Executing query:

23:27:15.899 WebDriverAgentRunner-Runner[1371:144542] Creating future for 'checking for continuity enablement' with timeout 30.00
23:27:15.900 WebDriverAgentRunner-Runner[1371:144542] <XCTWaiter: 0x107ee9980> entering wait loop for 30.00s with expectations: `checking for continuity enablement`
23:27:15.902 WebDriverAgentRunner-Runner[1371:144542] Returning result XCTWaiterResultCompleted for synchronous waiter <XCTWaiter: 0x107ee9980>
23:27:15.902 WebDriverAgentRunner-Runner[1371:144542] Wait <XCTWaiterWait: 0x112c04040> completed after 0.002s
23:27:15.903 WebDriverAgentRunner-Runner[1371:144542] cleaning up checking for continuity enablement
23:27:15.904 WebDriverAgentRunner-Runner[1371:144542] Should evaluate query remotely? XCTDisableRemoteQueryEvaluation(d-write): YES, hasAutomationSession: YES, supportsRemoteEvaluation: YES
23:27:15.904 WebDriverAgentRunner-Runner[1371:144542] Getting matching snapshots for locally evaluated query
23:27:15.904 WebDriverAgentRunner-Runner[1371:144542] Evaluating query:
 
23:27:15.905 WebDriverAgentRunner-Runner[1371:144542] Getting root element snapshot
23:27:15.905 WebDriverAgentRunner-Runner[1371:144542] Getting snapshot for App element pid: 305 for query 
23:27:15.905 WebDriverAgentRunner-Runner[1371:144542] <XCTContext: 0x104595720> started activity <XCActivityRecord: 0x10752c070> 2026-07-19 16:27:15 +0000: Requesting snapshot of accessibility hierarchy for app with pid 305
    t =   119.88s     Requesting snapshot of accessibility hierarchy for app with pid 305
23:27:15.906 WebDriverAgentRunner-Runner[1371:144542] Query requires iOS snapshot attributes .
23:27:15.906 WebDriverAgentRunner-Runner[1371:144542] XCUIElementQuery <XCTElementSnapshotProvider> getting snapshot
23:27:15.907 WebDriverAgentRunner-Runner[1371:144542] Snapshot request has custom attributes 
23:27:15.907 WebDriverAgentRunner-Runner[1371:144542] Snapshot request has custom parameters {
    snapshotKeyHonorModalViews = 0;
}
23:27:15.907 WebDriverAgentRunner-Runner[1371:144542] Current snapshot generation is 65
23:27:15.908 WebDriverAgentRunner-Runner[1371:144542] Query rootElementSnapshot is non-null with generation count 50
23:27:15.908 WebDriverAgentRunner-Runner[1371:144542] Capturing a new snapshot
23:27:15.908 WebDriverAgentRunner-Runner[1371:144542] Fetching snapshot for App element pid: 305 from testmanagerd with attributes XC_kAXXCAttributeElementType, XC_kAXXCAttributeElementBaseType, XC_kAXXCAttributeParent, XC_kAXXCAttributeIdentifier, XC_kAXXCAttributeAutomationType, XC_kAXXCAttributeTraits and parameters {
    maxArrayCount = 2147483647;
    maxChildren = 2147483647;
    maxDepth = 50;
    snapshotKeyHonorModalViews = 0;
    traverseFromParentsToChildren = 1;
}.
23:27:15.909 WebDriverAgentRunner-Runner[1371:144542] Creating future for 'fetching snapshot from testmanagerd.' with timeout 65.00
23:27:15.909 WebDriverAgentRunner-Runner[1371:144542] <XCTWaiter: 0x107eea670> entering wait loop for 65.00s with expectations: `fetching snapshot from testmanagerd.`
23:27:16.185 WebDriverAgentRunner-Runner[1371:145197] Got snapshot response with runtime issue support from testmanagerd.
23:27:16.185 WebDriverAgentRunner-Runner[1371:144542] Returning result XCTWaiterResultCompleted for synchronous waiter <XCTWaiter: 0x107eea670>
23:27:16.185 WebDriverAgentRunner-Runner[1371:144542] Wait <XCTWaiterWait: 0x112c04b40> completed after 0.276s
23:27:16.185 WebDriverAgentRunner-Runner[1371:144542] cleaning up fetching snapshot from testmanagerd.
23:27:16.186 WebDriverAgentRunner-Runner[1371:144542] <XCTContext: 0x104595720> finished activity <XCActivityRecord: 0x10752c070> 2026-07-19 16:27:15 +0000: Requesting snapshot of accessibility hierarchy for app with pid 305 (0.280681s)
23:27:16.186 WebDriverAgentRunner-Runner[1371:144542] Found matches {(
    App element pid: 305
)} with root App element pid: 305
23:27:16.187 WebDriverAgentRunner-Runner[1371:144542] <XCTContext: 0x104595720> finished activity <XCActivityRecord: 0x10752caf0> 2026-07-19 16:27:15 +0000: Find the Application 'com.apple.Spotlight' (0.290583s)
23:27:16.187 WebDriverAgentRunner-Runner[1371:144542] XCUIElementQuery <XCTElementSnapshotProvider> getting snapshot
23:27:16.187 WebDriverAgentRunner-Runner[1371:144542] Snapshot request has custom attributes XC_kAXXCAttributeElementBaseType, XC_kAXXCAttributeValue, XC_kAXXCAttributeAutomationType, XC_kAXXCAttributeIdentifier, XC_kAXXCAttributeTraits, XC_kAXXCAttributeVerticalSizeClass, XC_kAXXCAttributeFrame, XC_kAXXCAttributeWindowDisplayId, XC_kAXXCAttributeWindowContextId, XC_kAXXCAttributeLabel, XC_kAXXCAttributeHorizontalSizeClass, XC_kAXXCAttributeHasNativeFocus, XC_kAXXCAttributePlaceholderValue, XC_kAXXCAttributeElementType
23:27:16.187 WebDriverAgentRunner-Runner[1371:144542] Current snapshot generation is 68
23:27:16.188 WebDriverAgentRunner-Runner[1371:144542] Query rootElementSnapshot is non-null with generation count 68
23:27:16.188 WebDriverAgentRunner-Runner[1371:144542] Capturing a new snapshot
23:27:16.188 WebDriverAgentRunner-Runner[1371:144542] Fetching snapshot for App element pid: 305 from testmanagerd with attributes XC_kAXXCAttributeElementBaseType, XC_kAXXCAttributeParent, XC_kAXXCAttributeAutomationType, XC_kAXXCAttributeIdentifier, XC_kAXXCAttributeTraits, XC_kAXXCAttributeVerticalSizeClass, XC_kAXXCAttributeFrame, XC_kAXXCAttributeWindowDisplayId, XC_kAXXCAttributeWindowContextId, XC_kAXXCAttributeLabel, XC_kAXXCAttributeHorizontalSizeClass, XC_kAXXCAttributeHasNativeFocus, XC_kAXXCAttributePlaceholderValue, XC_kAXXCAttributeTruncatedValue, XC_kAXXCAttributeElementType and parameters {
    maxArrayCount = 2147483647;
    maxChildren = 2147483647;
    maxDepth = 50;
    snapshotKeyHonorModalViews = 0;
    traverseFromParentsToChildren = 1;
}.
23:27:16.188 WebDriverAgentRunner-Runner[1371:144542] Creating future for 'fetching snapshot from testmanagerd.' with timeout 65.00
23:27:16.188 WebDriverAgentRunner-Runner[1371:144542] <XCTWaiter: 0x107dfbd80> entering wait loop for 65.00s with expectations: `fetching snapshot from testmanagerd.`
23:27:16.547 WebDriverAgentRunner-Runner[1371:145197] Got snapshot response with runtime issue support from testmanagerd.
23:27:16.547 WebDriverAgentRunner-Runner[1371:144542] Returning result XCTWaiterResultCompleted for synchronous waiter <XCTWaiter: 0x107dfbd80>
23:27:16.547 WebDriverAgentRunner-Runner[1371:144542] Wait <XCTWaiterWait: 0x107fb1100> completed after 0.359s
23:27:16.548 WebDriverAgentRunner-Runner[1371:144542] cleaning up fetching snapshot from testmanagerd.
23:27:16.548 WebDriverAgentRunner-Runner[1371:144542] Creating future for 'getting interface orientation' with timeout 65.00
23:27:16.548 WebDriverAgentRunner-Runner[1371:144542] <XCTWaiter: 0x107ee94a0> entering wait loop for 65.00s with expectations: `getting interface orientation`
23:27:16.549 WebDriverAgentRunner-Runner[1371:144542] Returning result XCTWaiterResultCompleted for synchronous waiter <XCTWaiter: 0x107ee94a0>
23:27:16.549 WebDriverAgentRunner-Runner[1371:144542] Wait <XCTWaiterWait: 0x107f72ac0> completed after 0.001s
23:27:16.549 WebDriverAgentRunner-Runner[1371:144542] cleaning up getting interface orientation
23:27:16.549 WebDriverAgentRunner-Runner[1371:144542] Creating future for 'getting interface orientation' with timeout 65.00
23:27:16.549 WebDriverAgentRunner-Runner[1371:144542] <XCTWaiter: 0x107eea160> entering wait loop for 65.00s with expectations: `getting interface orientation`
23:27:16.550 WebDriverAgentRunner-Runner[1371:144542] Returning result XCTWaiterResultCompleted for synchronous waiter <XCTWaiter: 0x107eea160>
23:27:16.550 WebDriverAgentRunner-Runner[1371:144542] Wait <XCTWaiterWait: 0x107f720c0> completed after 0.001s
23:27:16.551 WebDriverAgentRunner-Runner[1371:144542] cleaning up getting interface orientation
23:27:16.551 WebDriverAgentRunner-Runner[1371:144542] Requesting local synthesis of event: 
<XCSynthesizedEventRecord 'Swipe Point Array display 0'>
Path 1:
	Touch down at 481.0, 197.0, offset=0.00s
	Move to 481.0, 215.0, offset=0.04s
	Move to 481.0, 332.0, offset=0.08s
	Move to 474.0, 707.0, offset=0.12s
	Move to 463.0, 1086.0, offset=0.16s
	Move to 463.0, 1114.0, offset=0.17s
	Touch up at 463.0, 1114.0, offset=0.18s
23:27:16.773 WebDriverAgentRunner-Runner[1371:145197] Handling kAXUserTestingNotification
23:27:16.774 WebDriverAgentRunner-Runner[1371:145197] Received kAXUserTestingNotification from AX element pid: 305, elementOrHash.elementID: 0.1: {
    event = TouchEventsCompleted;
}
23:27:16.781 WebDriverAgentRunner-Runner[1371:144564] Handling kAXUserTestingNotification
23:27:16.781 WebDriverAgentRunner-Runner[1371:144564] Received kAXUserTestingNotification from AX element pid: 174, elementOrHash.elementID: 0.1: {
    event = TouchEventsCompleted;
}
23:27:18.634 WebDriverAgentRunner-Runner[1371:144542] Creating future for 'fetching attributes 'XC_kAXXCAttributeSystemAppApplication' for Device system-wide element' with timeout 65.00
23:27:18.635 WebDriverAgentRunner-Runner[1371:144542] <XCTWaiter: 0x107ee8360> entering wait loop for 65.00s with expectations: `fetching attributes 'XC_kAXXCAttributeSystemAppApplication' for Device system-wide element`
23:27:18.638 WebDriverAgentRunner-Runner[1371:145195] Got attribute fetch response with values {
    "XC_kAXXCAttributeSystemAppApplication" = "AX element pid: 174, elementOrHash.elementID: 0.1";
}, error: (null)
23:27:18.639 WebDriverAgentRunner-Runner[1371:144542] Returning result XCTWaiterResultCompleted for synchronous waiter <XCTWaiter: 0x107ee8360>
23:27:18.639 WebDriverAgentRunner-Runner[1371:144542] Wait <XCTWaiterWait: 0x107f72140> completed after 0.004s
23:27:18.640 WebDriverAgentRunner-Runner[1371:144542] cleaning up fetching attributes 'XC_kAXXCAttributeSystemAppApplication' for Device system-wide element
23:27:18.640 WebDriverAgentRunner-Runner[1371:144542] Creating future for 'fetching attributes 'XC_kAXXCAttributeFocusedApplications' for AX element pid: 174, elementOrHash.elementID: 0.1' with timeout 65.00
23:27:18.641 WebDriverAgentRunner-Runner[1371:144542] <XCTWaiter: 0x107ee8b40> entering wait loop for 65.00s with expectations: `fetching attributes 'XC_kAXXCAttributeFocusedApplications' for AX element pid: 174, elementOrHash.elementID: 0.1`
23:27:18.644 WebDriverAgentRunner-Runner[1371:145197] Got attribute fetch response with values {
    "XC_kAXXCAttributeFocusedApplications" =     (
        "AX element pid: 305, elementOrHash.elementID: 0.1"
    );
}, error: (null)
23:27:18.644 WebDriverAgentRunner-Runner[1371:144542] Returning result XCTWaiterResultCompleted for synchronous waiter <XCTWaiter: 0x107ee8b40>
23:27:18.645 WebDriverAgentRunner-Runner[1371:144542] Wait <XCTWaiterWait: 0x107f71ac0> completed after 0.004s
23:27:18.645 WebDriverAgentRunner-Runner[1371:144542] cleaning up fetching attributes 'XC_kAXXCAttributeFocusedApplications' for AX element pid: 174, elementOrHash.elementID: 0.1
23:27:18.646 WebDriverAgentRunner-Runner[1371:144542] Active application elements: (
    "AX element pid: 305, elementOrHash.elementID: 0.1"
)
23:27:18.646 WebDriverAgentRunner-Runner[1371:144542] Creating future for 'getting interface orientation' with timeout 65.00
23:27:18.648 WebDriverAgentRunner-Runner[1371:144542] <XCTWaiter: 0x107ee8690> entering wait loop for 65.00s with expectations: `getting interface orientation`
23:27:18.649 WebDriverAgentRunner-Runner[1371:144542] Returning result XCTWaiterResultCompleted for synchronous waiter <XCTWaiter: 0x107ee8690>
23:27:18.650 WebDriverAgentRunner-Runner[1371:144542] Wait <XCTWaiterWait: 0x107f73140> completed after 0.002s
23:27:18.650 WebDriverAgentRunner-Runner[1371:144542] cleaning up getting interface orientation
23:27:18.651 WebDriverAgentRunner-Runner[1371:144542] <XCTContext: 0x104595720> started activity <XCActivityRecord: 0x10752caf0> 2026-07-19 16:27:18 +0000: Find the Application 'com.apple.Spotlight'
    t =   122.63s Find the Application 'com.apple.Spotlight'
23:27:18.653 WebDriverAgentRunner-Runner[1371:144542] Executing query:

23:27:18.653 WebDriverAgentRunner-Runner[1371:144542] Creating future for 'checking for continuity enablement' with timeout 30.00
23:27:18.654 WebDriverAgentRunner-Runner[1371:144542] <XCTWaiter: 0x107eeb090> entering wait loop for 30.00s with expectations: `checking for continuity enablement`
23:27:18.655 WebDriverAgentRunner-Runner[1371:144542] Returning result XCTWaiterResultCompleted for synchronous waiter <XCTWaiter: 0x107eeb090>
23:27:18.655 WebDriverAgentRunner-Runner[1371:144542] Wait <XCTWaiterWait: 0x107f738c0> completed after 0.002s
23:27:18.655 WebDriverAgentRunner-Runner[1371:144542] cleaning up checking for continuity enablement
23:27:18.656 WebDriverAgentRunner-Runner[1371:144542] Should evaluate query remotely? XCTDisableRemoteQueryEvaluation(d-write): YES, hasAutomationSession: YES, supportsRemoteEvaluation: YES
23:27:18.656 WebDriverAgentRunner-Runner[1371:144542] Getting matching snapshots for locally evaluated query
23:27:18.656 WebDriverAgentRunner-Runner[1371:144542] Evaluating query:
 
23:27:18.656 WebDriverAgentRunner-Runner[1371:144542] Getting root element snapshot
23:27:18.656 WebDriverAgentRunner-Runner[1371:144542] Getting snapshot for App element pid: 305 for query 
    t =   122.63s     Requesting snapshot of accessibility hierarchy for app with pid 305
23:27:18.656 WebDriverAgentRunner-Runner[1371:144542] <XCTContext: 0x104595720> started activity <XCActivityRecord: 0x10752c070> 2026-07-19 16:27:18 +0000: Requesting snapshot of accessibility hierarchy for app with pid 305
23:27:18.657 WebDriverAgentRunner-Runner[1371:144542] Query requires iOS snapshot attributes .
23:27:18.657 WebDriverAgentRunner-Runner[1371:144542] XCUIElementQuery <XCTElementSnapshotProvider> getting snapshot
23:27:18.657 WebDriverAgentRunner-Runner[1371:144542] Snapshot request has custom attributes 
23:27:18.657 WebDriverAgentRunner-Runner[1371:144542] Snapshot request has custom parameters {
    snapshotKeyHonorModalViews = 0;
}
23:27:18.658 WebDriverAgentRunner-Runner[1371:144542] Current snapshot generation is 83
23:27:18.658 WebDriverAgentRunner-Runner[1371:144542] Query rootElementSnapshot is non-null with generation count 68
23:27:18.658 WebDriverAgentRunner-Runner[1371:144542] Capturing a new snapshot
23:27:18.658 WebDriverAgentRunner-Runner[1371:144542] Fetching snapshot for App element pid: 305 from testmanagerd with attributes XC_kAXXCAttributeElementType, XC_kAXXCAttributeElementBaseType, XC_kAXXCAttributeParent, XC_kAXXCAttributeIdentifier, XC_kAXXCAttributeAutomationType, XC_kAXXCAttributeTraits and parameters {
    maxArrayCount = 2147483647;
    maxChildren = 2147483647;
    maxDepth = 50;
    snapshotKeyHonorModalViews = 0;
    traverseFromParentsToChildren = 1;
}.
23:27:18.658 WebDriverAgentRunner-Runner[1371:144542] Creating future for 'fetching snapshot from testmanagerd.' with timeout 65.00
23:27:18.659 WebDriverAgentRunner-Runner[1371:144542] <XCTWaiter: 0x107ee9860> entering wait loop for 65.00s with expectations: `fetching snapshot from testmanagerd.`
23:27:18.943 WebDriverAgentRunner-Runner[1371:145197] Got snapshot response with runtime issue support from testmanagerd.
23:27:18.943 WebDriverAgentRunner-Runner[1371:144542] Returning result XCTWaiterResultCompleted for synchronous waiter <XCTWaiter: 0x107ee9860>
23:27:18.944 WebDriverAgentRunner-Runner[1371:144542] Wait <XCTWaiterWait: 0x107f72400> completed after 0.285s
23:27:18.944 WebDriverAgentRunner-Runner[1371:144542] cleaning up fetching snapshot from testmanagerd.
23:27:18.944 WebDriverAgentRunner-Runner[1371:144542] <XCTContext: 0x104595720> finished activity <XCActivityRecord: 0x10752c070> 2026-07-19 16:27:18 +0000: Requesting snapshot of accessibility hierarchy for app with pid 305 (0.28739s)
23:27:18.945 WebDriverAgentRunner-Runner[1371:144542] Found matches {(
    App element pid: 305
)} with root App element pid: 305
23:27:18.945 WebDriverAgentRunner-Runner[1371:144542] <XCTContext: 0x104595720> finished activity <XCActivityRecord: 0x10752caf0> 2026-07-19 16:27:18 +0000: Find the Application 'com.apple.Spotlight' (0.293741s)
23:27:18.945 WebDriverAgentRunner-Runner[1371:144542] XCUIElementQuery <XCTElementSnapshotProvider> getting snapshot
23:27:18.945 WebDriverAgentRunner-Runner[1371:144542] Snapshot request has custom attributes XC_kAXXCAttributeElementBaseType, XC_kAXXCAttributeValue, XC_kAXXCAttributeAutomationType, XC_kAXXCAttributeIdentifier, XC_kAXXCAttributeTraits, XC_kAXXCAttributeVerticalSizeClass, XC_kAXXCAttributeFrame, XC_kAXXCAttributeWindowDisplayId, XC_kAXXCAttributeWindowContextId, XC_kAXXCAttributeLabel, XC_kAXXCAttributeHorizontalSizeClass, XC_kAXXCAttributeHasNativeFocus, XC_kAXXCAttributePlaceholderValue, XC_kAXXCAttributeElementType
23:27:18.946 WebDriverAgentRunner-Runner[1371:144542] Current snapshot generation is 86
23:27:18.946 WebDriverAgentRunner-Runner[1371:144542] Query rootElementSnapshot is non-null with generation count 86
23:27:18.946 WebDriverAgentRunner-Runner[1371:144542] Capturing a new snapshot
23:27:18.946 WebDriverAgentRunner-Runner[1371:144542] Fetching snapshot for App element pid: 305 from testmanagerd with attributes XC_kAXXCAttributeElementBaseType, XC_kAXXCAttributeParent, XC_kAXXCAttributeAutomationType, XC_kAXXCAttributeIdentifier, XC_kAXXCAttributeTraits, XC_kAXXCAttributeVerticalSizeClass, XC_kAXXCAttributeFrame, XC_kAXXCAttributeWindowDisplayId, XC_kAXXCAttributeWindowContextId, XC_kAXXCAttributeLabel, XC_kAXXCAttributeHorizontalSizeClass, XC_kAXXCAttributeHasNativeFocus, XC_kAXXCAttributePlaceholderValue, XC_kAXXCAttributeTruncatedValue, XC_kAXXCAttributeElementType and parameters {
    maxArrayCount = 2147483647;
    maxChildren = 2147483647;
    maxDepth = 50;
    snapshotKeyHonorModalViews = 0;
    traverseFromParentsToChildren = 1;
}.
23:27:18.946 WebDriverAgentRunner-Runner[1371:144542] Creating future for 'fetching snapshot from testmanagerd.' with timeout 65.00
23:27:18.946 WebDriverAgentRunner-Runner[1371:144542] <XCTWaiter: 0x107ee8ea0> entering wait loop for 65.00s with expectations: `fetching snapshot from testmanagerd.`
23:27:19.323 WebDriverAgentRunner-Runner[1371:145197] Got snapshot response with runtime issue support from testmanagerd.
23:27:19.323 WebDriverAgentRunner-Runner[1371:144542] Returning result XCTWaiterResultCompleted for synchronous waiter <XCTWaiter: 0x107ee8ea0>
23:27:19.323 WebDriverAgentRunner-Runner[1371:144542] Wait <XCTWaiterWait: 0x107fb8400> completed after 0.377s
23:27:19.323 WebDriverAgentRunner-Runner[1371:144542] cleaning up fetching snapshot from testmanagerd.
23:27:19.323 WebDriverAgentRunner-Runner[1371:144542] Creating future for 'getting interface orientation' with timeout 65.00
23:27:19.324 WebDriverAgentRunner-Runner[1371:144542] <XCTWaiter: 0x107ee9ce0> entering wait loop for 65.00s with expectations: `getting interface orientation`
23:27:19.324 WebDriverAgentRunner-Runner[1371:144542] Returning result XCTWaiterResultCompleted for synchronous waiter <XCTWaiter: 0x107ee9ce0>
23:27:19.325 WebDriverAgentRunner-Runner[1371:144542] Wait <XCTWaiterWait: 0x112c04c80> completed after 0.001s
23:27:19.325 WebDriverAgentRunner-Runner[1371:144542] cleaning up getting interface orientation
23:27:19.325 WebDriverAgentRunner-Runner[1371:144542] Creating future for 'getting interface orientation' with timeout 65.00
23:27:19.325 WebDriverAgentRunner-Runner[1371:144542] <XCTWaiter: 0x107eeb990> entering wait loop for 65.00s with expectations: `getting interface orientation`
23:27:19.326 WebDriverAgentRunner-Runner[1371:144542] Returning result XCTWaiterResultCompleted for synchronous waiter <XCTWaiter: 0x107eeb990>
23:27:19.326 WebDriverAgentRunner-Runner[1371:144542] Wait <XCTWaiterWait: 0x112c063c0> completed after 0.001s
23:27:19.326 WebDriverAgentRunner-Runner[1371:144542] cleaning up getting interface orientation
23:27:19.326 WebDriverAgentRunner-Runner[1371:144542] Requesting local synthesis of event: 
<XCSynthesizedEventRecord 'Swipe Point Array display 0'>
Path 1:
	Touch down at 530.0, 1125.0, offset=0.00s
	Move to 527.0, 1117.0, offset=0.04s
	Move to 532.0, 960.0, offset=0.08s
	Move to 568.0, 396.0, offset=0.12s
	Move to 610.0, 0.0, offset=0.16s
	Move to 610.0, 0.0, offset=0.17s
	Touch up at 610.0, 0.0, offset=0.18s
23:27:19.552 WebDriverAgentRunner-Runner[1371:145197] Handling kAXUserTestingNotification
23:27:19.554 WebDriverAgentRunner-Runner[1371:145197] Received kAXUserTestingNotification from AX element pid: 174, elementOrHash.elementID: 0.1: {
    event = TouchEventsCompleted;
}
23:27:19.555 WebDriverAgentRunner-Runner[1371:145197] Handling kAXUserTestingNotification
23:27:19.556 WebDriverAgentRunner-Runner[1371:145197] Received kAXUserTestingNotification from AX element pid: 1212, elementOrHash.elementID: 0.1: {
    event = TouchEventsCompleted;
}
23:27:20.929 WebDriverAgentRunner-Runner[1371:145197] Handling kAXUserTestingNotification
23:27:20.930 WebDriverAgentRunner-Runner[1371:145197] Received kAXUserTestingNotification from AX element pid: 174, elementOrHash.elementID: 0.1: {
    event = TouchEventsCompleted;
}
23:27:20.932 WebDriverAgentRunner-Runner[1371:145197] Handling kAXUserTestingNotification
23:27:20.933 WebDriverAgentRunner-Runner[1371:145197] Received kAXUserTestingNotification from AX element pid: 174, elementOrHash.elementID: 0.1: {
    event = TouchEventsCompleted;
}
23:27:20.935 WebDriverAgentRunner-Runner[1371:145195] Handling kAXPidStatusChangedNotification
23:27:20.936 WebDriverAgentRunner-Runner[1371:145195] Got kAXPidStatusChangedNotification for pid 1313: active
23:27:20.960 WebDriverAgentRunner-Runner[1371:145453] Handling kAXUserTestingNotification
23:27:20.962 WebDriverAgentRunner-Runner[1371:145453] Received kAXUserTestingNotification from AX element pid: 174, elementOrHash.elementID: 0.1: {
    controllerClass = UICompatibilityInputViewController;
    event = ViewDidDisappear;
}
23:27:20.963 WebDriverAgentRunner-Runner[1371:145453] Handling kAXUserTestingNotification
23:27:20.963 WebDriverAgentRunner-Runner[1371:145453] Received kAXUserTestingNotification from AX element pid: 174, elementOrHash.elementID: 0.1: {
    controllerClass = UICompatibilityInputViewController;
    event = ViewDidDisappear;
}
23:27:21.048 WebDriverAgentRunner-Runner[1371:145197] Handling kAXPidStatusChangedNotification
23:27:21.049 WebDriverAgentRunner-Runner[1371:145197] Got kAXPidStatusChangedNotification for pid 1313: active
23:27:21.394 WebDriverAgentRunner-Runner[1371:145197] Handling kAXUserTestingNotification
23:27:21.396 WebDriverAgentRunner-Runner[1371:145197] Received kAXUserTestingNotification from AX element pid: 305, elementOrHash.elementID: 0.1: {
    controllerClass = UICompatibilityInputViewController;
    event = ViewDidDisappear;
}
23:27:21.397 WebDriverAgentRunner-Runner[1371:145197] Handling kAXUserTestingNotification
23:27:21.397 WebDriverAgentRunner-Runner[1371:145197] Received kAXUserTestingNotification from AX element pid: 1212, elementOrHash.elementID: 0.1: {
    controllerClass = KeyboardViewController;
    event = ViewDidDisappear;
}
23:27:21.399 WebDriverAgentRunner-Runner[1371:145197] Handling kAXUserTestingNotification
23:27:21.400 WebDriverAgentRunner-Runner[1371:145197] Received kAXUserTestingNotification from AX element pid: 1212, elementOrHash.elementID: 0.1: {
    controllerClass = KVBackgroundViewController;
    event = ViewDidDisappear;
}
23:27:21.401 WebDriverAgentRunner-Runner[1371:145197] Handling kAXUserTestingNotification
23:27:21.402 WebDriverAgentRunner-Runner[1371:145197] Received kAXUserTestingNotification from AX element pid: 1212, elementOrHash.elementID: 0.1: {
    controllerClass = UIViewController;
    event = ViewDidDisappear;
}
23:27:21.405 WebDriverAgentRunner-Runner[1371:145197] Handling kAXUserTestingNotification
23:27:21.407 WebDriverAgentRunner-Runner[1371:145197] Received kAXUserTestingNotification from AX element pid: 1212, elementOrHash.elementID: 0.1: {
    controllerClass = KVKeyboardViewController;
    event = ViewDidDisappear;
}
23:27:21.408 WebDriverAgentRunner-Runner[1371:145197] Handling kAXUserTestingNotification
23:27:21.408 WebDriverAgentRunner-Runner[1371:145197] Received kAXUserTestingNotification from AX element pid: 1212, elementOrHash.elementID: 0.1: {
    controllerClass = KVEffectViewController;
    event = ViewDidDisappear;
}
23:27:21.410 WebDriverAgentRunner-Runner[1371:145197] Handling kAXUserTestingNotification
23:27:21.412 WebDriverAgentRunner-Runner[1371:145197] Received kAXUserTestingNotification from AX element pid: 305, elementOrHash.elementID: 0.1: {
    controllerClass = UICompatibilityInputViewController;
    event = ViewDidDisappear;
}
23:27:21.413 WebDriverAgentRunner-Runner[1371:145197] Handling kAXUserTestingNotification
23:27:21.413 WebDriverAgentRunner-Runner[1371:145197] Received kAXUserTestingNotification from AX element pid: 305, elementOrHash.elementID: 0.1: {
    controllerClass = "_UIRemoteInputViewController";
    event = ViewDidDisappear;
}
23:27:21.414 WebDriverAgentRunner-Runner[1371:145197] Handling kAXUserTestingNotification
23:27:21.415 WebDriverAgentRunner-Runner[1371:145197] Received kAXUserTestingNotification from AX element pid: 305, elementOrHash.elementID: 0.1: {
    controllerClass = UISystemInputAssistantViewController;
    event = ViewDidDisappear;
}
23:27:21.416 WebDriverAgentRunner-Runner[1371:145197] Handling kAXUserTestingNotification
23:27:21.417 WebDriverAgentRunner-Runner[1371:145197] Received kAXUserTestingNotification from AX element pid: 305, elementOrHash.elementID: 0.1: {
    controllerClass = UIPredictionViewController;
    event = ViewDidDisappear;
}
23:27:21.417 WebDriverAgentRunner-Runner[1371:145197] Handling kAXUserTestingNotification
23:27:21.417 WebDriverAgentRunner-Runner[1371:145197] Received kAXUserTestingNotification from AX element pid: 305, elementOrHash.elementID: 0.1: {
    controllerClass = UICompatibilityInputViewController;
    event = ViewDidDisappear;
}
23:27:21.417 WebDriverAgentRunner-Runner[1371:145197] Handling kAXUserTestingNotification
23:27:21.417 WebDriverAgentRunner-Runner[1371:145197] Received kAXUserTestingNotification from AX element pid: 305, elementOrHash.elementID: 0.1: {
    controllerClass = UICompatibilityInputViewController;
    event = ViewDidDisappear;
}
23:27:22.020 WebDriverAgentRunner-Runner[1371:145197] Handling kAXUserTestingNotification
23:27:22.022 WebDriverAgentRunner-Runner[1371:145197] Received kAXUserTestingNotification from AX element pid: 174, elementOrHash.elementID: 0.1: {
    controllerClass = SBSpotlightTransientOverlayViewController;
    event = ViewDidDisappear;
}
23:27:22.023 WebDriverAgentRunner-Runner[1371:145197] Handling kAXUserTestingNotification
23:27:22.024 WebDriverAgentRunner-Runner[1371:145197] Received kAXUserTestingNotification from AX element pid: 174, elementOrHash.elementID: 0.1: {
    controllerClass = SBSpotlightTransientOverlaySpotlightViewController;
    event = ViewDidDisappear;
}
23:27:22.117 WebDriverAgentRunner-Runner[1371:144564] Handling kAXUserTestingNotification
23:27:22.118 WebDriverAgentRunner-Runner[1371:144564] Received kAXUserTestingNotification from AX element pid: 174, elementOrHash.elementID: 0.1: {
    controllerClass = SPUIRemoteSearchViewController;
    event = ViewDidDisappear;
}
23:27:22.187 WebDriverAgentRunner-Runner[1371:145195] Handling kAXUserTestingNotification
23:27:22.188 WebDriverAgentRunner-Runner[1371:145195] Received kAXUserTestingNotification from AX element pid: 305, elementOrHash.elementID: 0.1: {
    controllerClass = SPUIProactiveResultsViewController;
    event = ViewDidAppear;
}
23:27:22.188 WebDriverAgentRunner-Runner[1371:145195] Handling kAXUserTestingNotification
23:27:22.189 WebDriverAgentRunner-Runner[1371:145195] Received kAXUserTestingNotification from AX element pid: 305, elementOrHash.elementID: 0.1: {
    controllerClass = SearchUIResultsCollectionViewController;
    event = ViewDidAppear;
}
23:27:22.190 WebDriverAgentRunner-Runner[1371:145195] Handling kAXUserTestingNotification
23:27:22.190 WebDriverAgentRunner-Runner[1371:145195] Received kAXUserTestingNotification from AX element pid: 305, elementOrHash.elementID: 0.1: {
    controllerClass = SPUIResultsViewController;
    event = ViewDidDisappear;
}
23:27:22.191 WebDriverAgentRunner-Runner[1371:145195] Handling kAXUserTestingNotification
23:27:22.192 WebDriverAgentRunner-Runner[1371:145195] Received kAXUserTestingNotification from AX element pid: 305, elementOrHash.elementID: 0.1: {
    controllerClass = SearchUIResultsCollectionViewController;
    event = ViewDidDisappear;
}
23:27:22.202 WebDriverAgentRunner-Runner[1371:144564] -[XCTRunnerDaemonSession(XCTMessagingRole_UIApplicationStateUpdating) _XCT_applicationDidUpdateState:] com.apple.Spotlight@/Applications/Spotlight.app processName: Spotlight pid: 305 state: running background
23:27:22.203 WebDriverAgentRunner-Runner[1371:144542] No application process found matching pid 1313, caching
23:27:22.204 WebDriverAgentRunner-Runner[1371:144542] No application process found matching pid 1313, caching
23:27:22.204 WebDriverAgentRunner-Runner[1371:144542] [AM:0] Processing state snapshot com.apple.Spotlight@/Applications/Spotlight.app processName: Spotlight pid: 305 state: running background
23:27:22.205 WebDriverAgentRunner-Runner[1371:144542] Done setting pid for <XCUIApplicationImpl: 0x1074034c0 com.apple.Spotlight> to 305
23:27:22.205 WebDriverAgentRunner-Runner[1371:144542] App state updated for <XCUIApplicationImpl: 0x1074034c0 com.apple.Spotlight>: Running Background (3)
23:27:22.205 WebDriverAgentRunner-Runner[1371:144564] com.apple.Spotlight (pid:305) application state Running Foreground (4) -> Running Background (3)
23:27:22.345 WebDriverAgentRunner-Runner[1371:144542] Creating future for 'fetching attributes 'XC_kAXXCAttributeSystemAppApplication' for Device system-wide element' with timeout 65.00
23:27:22.347 WebDriverAgentRunner-Runner[1371:144542] <XCTWaiter: 0x107eeb1e0> entering wait loop for 65.00s with expectations: `fetching attributes 'XC_kAXXCAttributeSystemAppApplication' for Device system-wide element`
23:27:22.351 WebDriverAgentRunner-Runner[1371:145453] Got attribute fetch response with values {
    "XC_kAXXCAttributeSystemAppApplication" = "AX element pid: 174, elementOrHash.elementID: 0.1";
}, error: (null)
23:27:22.354 WebDriverAgentRunner-Runner[1371:144542] Returning result XCTWaiterResultCompleted for synchronous waiter <XCTWaiter: 0x107eeb1e0>
23:27:22.355 WebDriverAgentRunner-Runner[1371:144542] Wait <XCTWaiterWait: 0x112c07e80> completed after 0.008s
23:27:22.355 WebDriverAgentRunner-Runner[1371:144542] cleaning up fetching attributes 'XC_kAXXCAttributeSystemAppApplication' for Device system-wide element
23:27:22.357 WebDriverAgentRunner-Runner[1371:144542] <XCTContext: 0x104595720> started activity <XCActivityRecord: 0x10752caf0> 2026-07-19 16:27:22 +0000: Get all elements bound by index for: Descendants matching type StatusBar
    t =   126.33s Get all elements bound by index for: Descendants matching type StatusBar
23:27:22.359 WebDriverAgentRunner-Runner[1371:144542] Creating future for 'getting screen identifiers' with timeout 30.00
23:27:22.360 WebDriverAgentRunner-Runner[1371:144542] <XCTWaiter: 0x107ee8630> entering wait loop for 30.00s with expectations: `getting screen identifiers`
23:27:22.361 WebDriverAgentRunner-Runner[1371:144542] Returning result XCTWaiterResultCompleted for synchronous waiter <XCTWaiter: 0x107ee8630>
23:27:22.361 WebDriverAgentRunner-Runner[1371:144542] Wait <XCTWaiterWait: 0x112c055c0> completed after 0.002s
23:27:22.362 WebDriverAgentRunner-Runner[1371:144542] cleaning up getting screen identifiers
23:27:22.363 WebDriverAgentRunner-Runner[1371:144542] Executing query:
↪︎ Descendants matching type StatusBar
23:27:22.364 WebDriverAgentRunner-Runner[1371:144542] Creating future for 'checking for continuity enablement' with timeout 30.00
23:27:22.365 WebDriverAgentRunner-Runner[1371:144542] <XCTWaiter: 0x107ee9230> entering wait loop for 30.00s with expectations: `checking for continuity enablement`
23:27:22.367 WebDriverAgentRunner-Runner[1371:144542] Returning result XCTWaiterResultCompleted for synchronous waiter <XCTWaiter: 0x107ee9230>
23:27:22.367 WebDriverAgentRunner-Runner[1371:144542] Wait <XCTWaiterWait: 0x112c06cc0> completed after 0.003s
23:27:22.368 WebDriverAgentRunner-Runner[1371:144542] cleaning up checking for continuity enablement
23:27:22.370 WebDriverAgentRunner-Runner[1371:144542] Should evaluate query remotely? XCTDisableRemoteQueryEvaluation(d-write): YES, hasAutomationSession: YES, supportsRemoteEvaluation: YES
23:27:22.371 WebDriverAgentRunner-Runner[1371:144542] Getting matching snapshots for locally evaluated query
23:27:22.371 WebDriverAgentRunner-Runner[1371:144542] Evaluating query:
 ↪︎ Descendants matching type StatusBar
23:27:22.371 WebDriverAgentRunner-Runner[1371:144542] Getting root element snapshot
23:27:22.372 WebDriverAgentRunner-Runner[1371:144542] Getting snapshot for App element pid: 174 for query ↪︎ Descendants matching type StatusBar
23:27:22.372 WebDriverAgentRunner-Runner[1371:144542] <XCTContext: 0x104595720> started activity <XCActivityRecord: 0x10752c070> 2026-07-19 16:27:22 +0000: Requesting snapshot of accessibility hierarchy for app with pid 174
    t =   126.35s     Requesting snapshot of accessibility hierarchy for app with pid 174
23:27:22.373 WebDriverAgentRunner-Runner[1371:144542] Query requires iOS snapshot attributes XC_kAXXCAttributeElementType, XC_kAXXCAttributeElementBaseType, XC_kAXXCAttributeAutomationType, XC_kAXXCAttributeTraits.
23:27:22.374 WebDriverAgentRunner-Runner[1371:144542] XCUIElementQuery <XCTElementSnapshotProvider> getting snapshot
23:27:22.374 WebDriverAgentRunner-Runner[1371:144542] Snapshot request has custom attributes XC_kAXXCAttributeElementType, XC_kAXXCAttributeElementBaseType, XC_kAXXCAttributeAutomationType, XC_kAXXCAttributeTraits
23:27:22.374 WebDriverAgentRunner-Runner[1371:144542] Snapshot request has custom parameters {
    snapshotKeyHonorModalViews = 0;
}
23:27:22.374 WebDriverAgentRunner-Runner[1371:144542] Current snapshot generation is 101
23:27:22.375 WebDriverAgentRunner-Runner[1371:144542] Capturing a new snapshot
23:27:22.375 WebDriverAgentRunner-Runner[1371:144542] Fetching snapshot for App element pid: 174 from testmanagerd with attributes XC_kAXXCAttributeElementType, XC_kAXXCAttributeElementBaseType, XC_kAXXCAttributeParent, XC_kAXXCAttributeIdentifier, XC_kAXXCAttributeAutomationType, XC_kAXXCAttributeTraits and parameters {
    maxArrayCount = 2147483647;
    maxChildren = 2147483647;
    maxDepth = 50;
    snapshotKeyHonorModalViews = 0;
    traverseFromParentsToChildren = 1;
}.
23:27:22.375 WebDriverAgentRunner-Runner[1371:144542] Creating future for 'fetching snapshot from testmanagerd.' with timeout 65.00
23:27:22.376 WebDriverAgentRunner-Runner[1371:144542] <XCTWaiter: 0x107ee8330> entering wait loop for 65.00s with expectations: `fetching snapshot from testmanagerd.`
23:27:22.629 WebDriverAgentRunner-Runner[1371:145453] Got snapshot response with runtime issue support from testmanagerd.
23:27:22.629 WebDriverAgentRunner-Runner[1371:144542] Returning result XCTWaiterResultCompleted for synchronous waiter <XCTWaiter: 0x107ee8330>
23:27:22.630 WebDriverAgentRunner-Runner[1371:144542] Wait <XCTWaiterWait: 0x112c04f80> completed after 0.254s
23:27:22.630 WebDriverAgentRunner-Runner[1371:144542] cleaning up fetching snapshot from testmanagerd.
23:27:22.630 WebDriverAgentRunner-Runner[1371:144542] <XCTContext: 0x104595720> finished activity <XCActivityRecord: 0x10752c070> 2026-07-19 16:27:22 +0000: Requesting snapshot of accessibility hierarchy for app with pid 174 (0.257931s)
23:27:22.630 WebDriverAgentRunner-Runner[1371:144542] XCTPerformOnMainRunLoop[MT]: already on MT; performing block without run loop dispatch - timeouts will not be enforced.
23:27:22.630 WebDriverAgentRunner-Runner[1371:144542] XCTElementQuery: set data source for rootElementSnapshot to (null)
23:27:22.631 WebDriverAgentRunner-Runner[1371:144542] Finding all matches with input Application, pid: 174 using transformers 
↪︎ Descendants matching type StatusBar
23:27:22.631 WebDriverAgentRunner-Runner[1371:144542] <XCTContext: 0x104595720> started activity <XCActivityRecord: 0x10752c070> 2026-07-19 16:27:22 +0000: Find: Descendants matching type StatusBar
    t =   126.61s     Find: Descendants matching type StatusBar
23:27:22.634 WebDriverAgentRunner-Runner[1371:144542] <XCTContext: 0x104595720> finished activity <XCActivityRecord: 0x10752c070> 2026-07-19 16:27:22 +0000: Find: Descendants matching type StatusBar (0.00336301s)
23:27:22.634 WebDriverAgentRunner-Runner[1371:144542] [Match All] applied transformer `Descendants matching type StatusBar` to input {(
    Application, pid: 174
)}, found {(
    StatusBar
)}
23:27:22.634 WebDriverAgentRunner-Runner[1371:144542] [Match All] setting out related elements {(
)}
23:27:22.640 WebDriverAgentRunner-Runner[1371:144542] Current tree:
Application, 0x107f89900, pid: 174 <App element pid: 174>
  Window, 0x107f89a40 <AX element pid: 174, elementOrHash.elementID: 36032084992.10>
    Other, 0x107f89b80 <AX element pid: 174, elementOrHash.elementID: 35948119808.19>
      Other, 0x107f89cc0 <AX element pid: 174, elementOrHash.elementID: 35948120256.30>
        Image, 0x107f89e00 <AX element pid: 174, elementOrHash.elementID: 36036531200.42>
        Image, 0x107f89f40 <AX element pid: 174, elementOrHash.elementID: 36036531712.43>
      Other, 0x107f8a080 <AX element pid: 174, elementOrHash.elementID: 35948119360.31>
        Other, 0x107f8a1c0 <AX element pid: 174, elementOrHash.elementID: 35948131904.44>
          Other, 0x107f8a300 <AX element pid: 174, elementOrHash.elementID: 35941697024.53>
            Other, 0x107f8a440 <AX element pid: 174, elementOrHash.elementID: 35948131456.62>
              Other, 0x107f8a580 <AX element pid: 174, elementOrHash.elementID: 35948131008.97>
            Icon, 0x107f8a6c0 <AX element pid: 174, elementOrHash.elementID: 36035587328.63>
              Icon, 0x107f8a800 <AX element pid: 174, elementOrHash.elementID: 36035839104.98>
              Icon, 0x107f8a940 <AX element pid: 174, elementOrHash.elementID: 36035839296.99>
              Icon, 0x107f8aa80 <AX element pid: 174, elementOrHash.elementID: 36035839488.100>
              Icon, 0x107f8abc0 <AX element pid: 174, elementOrHash.elementID: 36035839872.101>
              Icon, 0x107f8ad00 <AX element pid: 174, elementOrHash.elementID: 36035840064.102>
              Icon, 0x107f8ae40 <AX element pid: 174, elementOrHash.elementID: 36024175808.103>
              Icon, 0x107f8af80 <AX element pid: 174, elementOrHash.elementID: 36023792960.104>
              Icon, 0x107f8b0c0 <AX element pid: 174, elementOrHash.elementID: 36024840576.105>
              Icon, 0x107f8b200 <AX element pid: 174, elementOrHash.elementID: 36024206656.106>
              Icon, 0x107f8b340 <AX element pid: 174, elementOrHash.elementID: 36023793344.107>
              Icon, 0x107f8b480 <AX element pid: 174, elementOrHash.elementID: 36024183296.108>
              Icon, 0x107f8b5c0 <AX element pid: 174, elementOrHash.elementID: 36024259456.109>
              Icon, 0x107f8b700 <AX element pid: 174, elementOrHash.elementID: 36024838464.110>
              Icon, 0x107f8b840 <AX element pid: 174, elementOrHash.elementID: 36024596928.111>
              Icon, 0x107f8b980 <AX element pid: 174, elementOrHash.elementID: 36024207040.112>
              Icon, 0x107f8bac0 <AX element pid: 174, elementOrHash.elementID: 36024209536.113>
              Icon, 0x107f8bc00 <AX element pid: 174, elementOrHash.elementID: 36024186176.114>
            Icon, 0x107f8bd40 <AX element pid: 174, elementOrHash.elementID: 36035588864.64>
              Icon, 0x107f8be80 <AX element pid: 174, elementOrHash.elementID: 35904843776.1376>
                Other, 0x107f8c000 <AX element pid: 174, elementOrHash.elementID: 35889589184.1392>
                  Other, 0x107f8c140 <AX element pid: 174, elementOrHash.elementID: 35889590080.1413>
                    Other, 0x107f8c280 <AX element pid: 174, elementOrHash.elementID: 36042307072.1621>
                      Other, 0x107f8c3c0 <AX element pid: 174, elementOrHash.elementID: 35876099712.2212>
                  Other, 0x107f8c500 <AX element pid: 174, elementOrHash.elementID: 35888248576.1414>
                    Other, 0x107f8c640 <AX element pid: 174, elementOrHash.elementID: 35889591872.1439>
                      Image, 0x107f8c780 <AX element pid: 174, elementOrHash.elementID: 36055018496.1472>
                      Image, 0x107f8c8c0 <AX element pid: 174, elementOrHash.elementID: 36055013376.1473>
              Icon, 0x107f8ca00 <AX element pid: 174, elementOrHash.elementID: 35904517632.1550>
                Other, 0x107f8cb40 <AX element pid: 174, elementOrHash.elementID: 35892693632.1569>
                  Other, 0x107f8cc80 <AX element pid: 174, elementOrHash.elementID: 35892704384.1593>
                    Other, 0x107f8cdc0 <AX element pid: 174, elementOrHash.elementID: 35887504896.1631>
                      Other, 0x107f8cf00 <AX element pid: 174, elementOrHash.elementID: 35887472768.2213>
                  Other, 0x107f8d040 <AX element pid: 174, elementOrHash.elementID: 35888235136.1594>
                    Other, 0x107f8d180 <AX element pid: 174, elementOrHash.elementID: 35892692288.1632>
                      Image, 0x107f8d2c0 <AX element pid: 174, elementOrHash.elementID: 36053856256.1679>
                      Image, 0x107f8d400 <AX element pid: 174, elementOrHash.elementID: 36053851136.1680>
              Icon, 0x107f8d540 <AX element pid: 174, elementOrHash.elementID: 35943579648.129>
                Other, 0x107f8d680 <AX element pid: 174, elementOrHash.elementID: 35943596032.171>
                  Other, 0x107f8d7c0 <AX element pid: 174, elementOrHash.elementID: 35909462080.223>
                    Other, 0x107f8d900 <AX element pid: 174, elementOrHash.elementID: 35904822144.264>
                      Other, 0x107f8da40 <AX element pid: 174, elementOrHash.elementID: 35905292800.2214>
                  Other, 0x107f8db80 <AX element pid: 174, elementOrHash.elementID: 35903662080.224>
                    Other, 0x107f8dcc0 <AX element pid: 174, elementOrHash.elementID: 35909456704.291>
                      Image, 0x107f8de00 <AX element pid: 174, elementOrHash.elementID: 36045230080.373>
                      Image, 0x107f8df40 <AX element pid: 174, elementOrHash.elementID: 36045229568.374>
              Icon, 0x107f8e080 <AX element pid: 174, elementOrHash.elementID: 35905393152.1552>
                Other, 0x107f8e1c0 <AX element pid: 174, elementOrHash.elementID: 35889623744.1571>
                  Other, 0x107f8e300 <AX element pid: 174, elementOrHash.elementID: 35889624192.1597>
                    Other, 0x107f8e440 <AX element pid: 174, elementOrHash.elementID: 35943798400.306>
                      Other, 0x107f8e580 <AX element pid: 174, elementOrHash.elementID: 35875789056.2215>
                  Other, 0x107f8e6c0 <AX element pid: 174, elementOrHash.elementID: 35889769088.1598>
                    Other, 0x107f8e800 <AX element pid: 174, elementOrHash.elementID: 35889624640.1636>
                      Image, 0x107f8e940 <AX element pid: 174, elementOrHash.elementID: 36055533056.1687>
                      Image, 0x107f8ea80 <AX element pid: 174, elementOrHash.elementID: 36055532544.1688>
              Icon, 0x107f8ebc0 <AX element pid: 174, elementOrHash.elementID: 35943593472.1554>
                Other, 0x107f8ed00 <AX element pid: 174, elementOrHash.elementID: 35943600064.1573>
                  Other, 0x107f8ee40 <AX element pid: 174, elementOrHash.elementID: 35922183040.1601>
                    Other, 0x107f8ef80 <AX element pid: 174, elementOrHash.elementID: 35888238976.1438>
                      Other, 0x107f8f0c0 <AX element pid: 174, elementOrHash.elementID: 35887487872.2216>
                  Other, 0x107f8f200 <AX element pid: 174, elementOrHash.elementID: 35922157056.1602>
                    Other, 0x107f8f340 <AX element pid: 174, elementOrHash.elementID: 35922183488.1641>
                      Image, 0x107f8f480 <AX element pid: 174, elementOrHash.elementID: 36039390720.1696>
                      Image, 0x107f8f5c0 <AX element pid: 174, elementOrHash.elementID: 36039390208.1697>
              Icon, 0x107f8f700 <AX element pid: 174, elementOrHash.elementID: 35943706624.1143>
                Other, 0x107f8f840 <AX element pid: 174, elementOrHash.elementID: 35943608576.1567>
                  Other, 0x107f8f980 <AX element pid: 174, elementOrHash.elementID: 35921976768.1589>
                    Other, 0x107f8fac0 <AX element pid: 174, elementOrHash.elementID: 35887330432.2047>
                      Other, 0x107f8fc00 <AX element pid: 174, elementOrHash.elementID: 35887491712.2217>
                  Other, 0x107f8fd40 <AX element pid: 174, elementOrHash.elementID: 35903654400.1590>
                    Other, 0x107f8fe80 <AX element pid: 174, elementOrHash.elementID: 35887731968.1628>
                      Image, 0x107f94000 <AX element pid: 174, elementOrHash.elementID: 36053854208.1672>
                      Image, 0x107f94140 <AX element pid: 174, elementOrHash.elementID: 36053856768.1673>
              Icon, 0x107f94280 <AX element pid: 174, elementOrHash.elementID: 35943679488.1563>
                Other, 0x107f943c0 <AX element pid: 174, elementOrHash.elementID: 35943600960.1582>
                  Other, 0x107f94500 <AX element pid: 174, elementOrHash.elementID: 35887739584.1619>
                    Other, 0x107f94640 <AX element pid: 174, elementOrHash.elementID: 36017871744.288>
                      Other, 0x107f94780 <AX element pid: 174, elementOrHash.elementID: 35876097792.2218>
                  Other, 0x107f948c0 <AX element pid: 174, elementOrHash.elementID: 35888281984.1620>
                    Other, 0x107f94a00 <AX element pid: 174, elementOrHash.elementID: 35887734208.1658>
                      Image, 0x107f94b40 <AX element pid: 174, elementOrHash.elementID: 36053844480.1724>
                      Image, 0x107f94c80 <AX element pid: 174, elementOrHash.elementID: 36053843968.1725>
              Icon, 0x107f94dc0 <AX element pid: 174, elementOrHash.elementID: 35905492992.1548>
                Other, 0x107f94f00 <AX element pid: 174, elementOrHash.elementID: 35889611648.1566>
                  Other, 0x107f95040 <AX element pid: 174, elementOrHash.elementID: 35889612096.1587>
                    Other, 0x107f95180 <AX element pid: 174, elementOrHash.elementID: 35888216448.1626>
                      Other, 0x107f952c0 <AX element pid: 174, elementOrHash.elementID: 35887473408.2219>
                  Other, 0x107f95400 <AX element pid: 174, elementOrHash.elementID: 35889718656.1588>
                    Other, 0x107f95540 <AX element pid: 174, elementOrHash.elementID: 35889612544.1627>
                      Image, 0x107f95680 <AX element pid: 174, elementOrHash.elementID: 36055472128.1667>
                      Image, 0x107f957c0 <AX element pid: 174, elementOrHash.elementID: 36055471616.1668>
              Icon, 0x107f95900 <AX element pid: 174, elementOrHash.elementID: 35905394688.1556>
                Other, 0x107f95a40 <AX element pid: 174, elementOrHash.elementID: 35889625088.1575>
                  Other, 0x107f95b80 <AX element pid: 174, elementOrHash.elementID: 35889625536.1605>
                    Other, 0x107f95cc0 <AX element pid: 174, elementOrHash.elementID: 35889827584.1643>
                      Other, 0x107f95e00 <AX element pid: 174, elementOrHash.elementID: 35957085184.2220>
                  Other, 0x107f95f40 <AX element pid: 174, elementOrHash.elementID: 35889771008.1606>
                    Other, 0x107f96080 <AX element pid: 174, elementOrHash.elementID: 35889625984.1644>
                      Image, 0x107f961c0 <AX element pid: 174, elementOrHash.elementID: 36055534080.1702>
                      Image, 0x107f96300 <AX element pid: 174, elementOrHash.elementID: 36055533568.1703>
              Icon, 0x107f96440 <AX element pid: 174, elementOrHash.elementID: 35904840704.1561>
                Other, 0x107f96580 <AX element pid: 174, elementOrHash.elementID: 35889589632.1580>
                  Other, 0x107f966c0 <AX element pid: 174, elementOrHash.elementID: 35889588288.1615>
                    Other, 0x107f96800 <AX element pid: 174, elementOrHash.elementID: 35888230272.1654>
                      Other, 0x107f96940 <AX element pid: 174, elementOrHash.elementID: 35875792256.2221>
                  Other, 0x107f96a80 <AX element pid: 174, elementOrHash.elementID: 35888242816.1616>
                    Other, 0x107f96bc0 <AX element pid: 174, elementOrHash.elementID: 35889588736.1655>
                      Image, 0x107f96d00 <AX element pid: 174, elementOrHash.elementID: 36055023104.1718>
                      Image, 0x107f96e40 <AX element pid: 174, elementOrHash.elementID: 36055020544.1719>
              Icon, 0x107f96f80 <AX element pid: 174, elementOrHash.elementID: 35905489920.1560>
                Other, 0x107f970c0 <AX element pid: 174, elementOrHash.elementID: 35887708160.1579>
                  Other, 0x107f97200 <AX element pid: 174, elementOrHash.elementID: 35887694272.1613>
                    Other, 0x107f97340 <AX element pid: 174, elementOrHash.elementID: 35893129728.1640>
                      Other, 0x107f97480 <AX element pid: 174, elementOrHash.elementID: 35887482112.2222>
                  Other, 0x107f975c0 <AX element pid: 174, elementOrHash.elementID: 35889714816.1614>
                    Other, 0x107f97700 <AX element pid: 174, elementOrHash.elementID: 35887695168.1653>
                      Image, 0x107f97840 <AX element pid: 174, elementOrHash.elementID: 36055469568.1715>
                      Image, 0x107f97980 <AX element pid: 174, elementOrHash.elementID: 36055469056.1716>
              Icon, 0x107f97ac0 <AX element pid: 174, elementOrHash.elementID: 35905391616.1372>
                Other, 0x107f97c00 <AX element pid: 174, elementOrHash.elementID: 35889622400.1388>
                  Other, 0x107f97d40 <AX element pid: 174, elementOrHash.elementID: 35889622848.1405>
                    Other, 0x107f97e80 <AX element pid: 174, elementOrHash.elementID: 35921991936.1638>
                      Other, 0x107fa4000 <AX element pid: 174, elementOrHash.elementID: 35887484672.2223>
                  Other, 0x107fa4140 <AX element pid: 174, elementOrHash.elementID: 35889767168.1406>
                    Other, 0x107fa4280 <AX element pid: 174, elementOrHash.elementID: 35889623296.1432>
                      Image, 0x107fa43c0 <AX element pid: 174, elementOrHash.elementID: 36055531520.1459>
                      Image, 0x107fa4500 <AX element pid: 174, elementOrHash.elementID: 36055481856.1460>
              Icon, 0x107fa4640 <AX element pid: 174, elementOrHash.elementID: 35943695872.140>
                Other, 0x107fa4780 <AX element pid: 174, elementOrHash.elementID: 35943605440.182>
                  Other, 0x107fa48c0 <AX element pid: 174, elementOrHash.elementID: 35909463872.245>
                    Other, 0x107fa4a00 <AX element pid: 174, elementOrHash.elementID: 35976178304.313>
                      Other, 0x107fa4b40 <AX element pid: 174, elementOrHash.elementID: 35876098432.2224>
                  Other, 0x107fa4c80 <AX element pid: 174, elementOrHash.elementID: 35908194688.246>
                    Other, 0x107fa4dc0 <AX element pid: 174, elementOrHash.elementID: 35909454912.314>
                      Image, 0x107fa4f00 <AX element pid: 174, elementOrHash.elementID: 36039489024.407>
                      Image, 0x107fa5040 <AX element pid: 174, elementOrHash.elementID: 36039489536.408>
              Icon, 0x107fa5180 <AX element pid: 174, elementOrHash.elementID: 35943727104.116>
                Other, 0x107fa52c0 <AX element pid: 174, elementOrHash.elementID: 35943609472.158>
                  Other, 0x107fa5400 <AX element pid: 174, elementOrHash.elementID: 35923107712.197>
                    Other, 0x107fa5540 <AX element pid: 174, elementOrHash.elementID: 35889717376.1637>
                      Other, 0x107fa5680 <AX element pid: 174, elementOrHash.elementID: 35876106752.2225>
                  Other, 0x107fa57c0 <AX element pid: 174, elementOrHash.elementID: 35904820864.198>
                    Other, 0x107fa5900 <AX element pid: 174, elementOrHash.elementID: 35923099648.265>
                      Image, 0x107fa5a40 <AX element pid: 174, elementOrHash.elementID: 36044152320.334>
                      Image, 0x107fa5b80 <AX element pid: 174, elementOrHash.elementID: 36044151808.335>
              Icon, 0x107fa5cc0 <AX element pid: 174, elementOrHash.elementID: 35904842240.1562>
                Other, 0x107fa5e00 <AX element pid: 174, elementOrHash.elementID: 35889590528.1581>
                  Other, 0x107fa5f40 <AX element pid: 174, elementOrHash.elementID: 35889590976.1617>
                    Other, 0x107fa6080 <AX element pid: 174, elementOrHash.elementID: 35888220672.1656>
                      Other, 0x107fa61c0 <AX element pid: 174, elementOrHash.elementID: 36005864832.2226>
                  Other, 0x107fa6300 <AX element pid: 174, elementOrHash.elementID: 35888227712.1618>
                    Other, 0x107fa6440 <AX element pid: 174, elementOrHash.elementID: 35889593664.1657>
                      Image, 0x107fa6580 <AX element pid: 174, elementOrHash.elementID: 36055022592.1721>
                      Image, 0x107fa66c0 <AX element pid: 174, elementOrHash.elementID: 36055012864.1722>
              Icon, 0x107fa6800 <AX element pid: 174, elementOrHash.elementID: 35941709312.1555>
                Other, 0x107fa6940 <AX element pid: 174, elementOrHash.elementID: 35942350144.1574>
                  Other, 0x107fa6a80 <AX element pid: 174, elementOrHash.elementID: 35887740480.1603>
                    Other, 0x107fa6bc0 <AX element pid: 174, elementOrHash.elementID: 35903660800.290>
                      Other, 0x107fa6d00 <AX element pid: 174, elementOrHash.elementID: 35875791616.2227>
                  Other, 0x107fa6e40 <AX element pid: 174, elementOrHash.elementID: 35888278784.1604>
                    Other, 0x107fa6f80 <AX element pid: 174, elementOrHash.elementID: 35887736896.1642>
                      Image, 0x107fa70c0 <AX element pid: 174, elementOrHash.elementID: 36052131328.1699>
                      Image, 0x107fa7200 <AX element pid: 174, elementOrHash.elementID: 36052126720.1700>
              Icon, 0x107fa7340 <AX element pid: 174, elementOrHash.elementID: 35943691776.1546>
                Other, 0x107fa7480 <AX element pid: 174, elementOrHash.elementID: 35943604544.1564>
                  Other, 0x107fa75c0 <AX element pid: 174, elementOrHash.elementID: 35957582336.1583>
                    Other, 0x107fa7700 <AX element pid: 174, elementOrHash.elementID: 35888280704.1622>
                      Other, 0x107fa7840 <AX element pid: 174, elementOrHash.elementID: 35887483392.2228>
                  Other, 0x107fa7980 <AX element pid: 174, elementOrHash.elementID: 35888275584.1584>
                    Other, 0x107fa7ac0 <AX element pid: 174, elementOrHash.elementID: 36004838272.1623>
                      Image, 0x107fa7c00 <AX element pid: 174, elementOrHash.elementID: 36052134400.1661>
                      Image, 0x107fa7d40 <AX element pid: 174, elementOrHash.elementID: 36052130304.1662>
              Icon, 0x107fa7e80 <AX element pid: 174, elementOrHash.elementID: 35941707776.137>
                Other, 0x107fb4000 <AX element pid: 174, elementOrHash.elementID: 35942349696.179>
                  Other, 0x107fb4140 <AX element pid: 174, elementOrHash.elementID: 35921984384.239>
                    Other, 0x107fb4280 <AX element pid: 174, elementOrHash.elementID: 35903663360.302>
                      Other, 0x107fb43c0 <AX element pid: 174, elementOrHash.elementID: 35887486592.2229>
                  Other, 0x107fb4500 <AX element pid: 174, elementOrHash.elementID: 35922153216.240>
                    Other, 0x107fb4640 <AX element pid: 174, elementOrHash.elementID: 35921984832.307>
                      Image, 0x107fb4780 <AX element pid: 174, elementOrHash.elementID: 36039383040.397>
                      Image, 0x107fb48c0 <AX element pid: 174, elementOrHash.elementID: 36039382528.398>
              Icon, 0x107fb4a00 <AX element pid: 174, elementOrHash.elementID: 35943728640.126>
                Other, 0x107fb4b40 <AX element pid: 174, elementOrHash.elementID: 35943609920.168>
                  Other, 0x107fb4c80 <AX element pid: 174, elementOrHash.elementID: 35921979456.217>
                    Other, 0x107fb4dc0 <AX element pid: 174, elementOrHash.elementID: 35943797120.284>
                      Other, 0x107fb4f00 <AX element pid: 174, elementOrHash.elementID: 35876107392.2230>
                  Other, 0x107fb5040 <AX element pid: 174, elementOrHash.elementID: 35921998976.218>
                    Other, 0x107fb5180 <AX element pid: 174, elementOrHash.elementID: 35921979904.285>
                      Image, 0x107fb52c0 <AX element pid: 174, elementOrHash.elementID: 36039288320.364>
                      Image, 0x107fb5400 <AX element pid: 174, elementOrHash.elementID: 36039287808.365>
              Icon, 0x107fb5540 <AX element pid: 174, elementOrHash.elementID: 35943581184.1557>
                Other, 0x107fb5680 <AX element pid: 174, elementOrHash.elementID: 35943596480.1576>
                  Other, 0x107fb57c0 <AX element pid: 174, elementOrHash.elementID: 35922182144.1607>
                    Other, 0x107fb5900 <AX element pid: 174, elementOrHash.elementID: 35943793280.1645>
                      Other, 0x107fb5a40 <AX element pid: 174, elementOrHash.elementID: 35876103552.2231>
                  Other, 0x107fb5b80 <AX element pid: 174, elementOrHash.elementID: 35922155776.1608>
                    Other, 0x107fb5cc0 <AX element pid: 174, elementOrHash.elementID: 35922182592.1646>
                      Image, 0x107fb5e00 <AX element pid: 174, elementOrHash.elementID: 36039388160.1705>
                      Image, 0x107fb5f40 <AX element pid: 174, elementOrHash.elementID: 36039387648.1706>
              Icon, 0x107fb6080 <AX element pid: 174, elementOrHash.elementID: 35943677952.1368>
                Other, 0x107fb61c0 <AX element pid: 174, elementOrHash.elementID: 35943600512.1383>
                  Other, 0x107fb6300 <AX element pid: 174, elementOrHash.elementID: 35921982592.1398>
                    Other, 0x107fb6440 <AX element pid: 174, elementOrHash.elementID: 35887301888.1431>
                      Other, 0x107fb6580 <AX element pid: 174, elementOrHash.elementID: 36005870592.2232>
                  Other, 0x107fb66c0 <AX element pid: 174, elementOrHash.elementID: 35922150656.1740>
                    Other, 0x107fb6800 <AX element pid: 174, elementOrHash.elementID: 35921983040.1751>
                      Image, 0x107fb6940 <AX element pid: 174, elementOrHash.elementID: 36039377920.1773>
                      Image, 0x107fb6a80 <AX element pid: 174, elementOrHash.elementID: 36039377408.1774>
              Icon, 0x107fb6bc0 <AX element pid: 174, elementOrHash.elementID: 35905491456.1547>
                Other, 0x107fb6d00 <AX element pid: 174, elementOrHash.elementID: 35887693824.1565>
                  Other, 0x107fb6e40 <AX element pid: 174, elementOrHash.elementID: 35889610752.1585>
                    Other, 0x107fb6f80 <AX element pid: 174, elementOrHash.elementID: 35889715456.1624>
                      Other, 0x107fb70c0 <AX element pid: 174, elementOrHash.elementID: 35910480384.2233>
                  Other, 0x107fb7200 <AX element pid: 174, elementOrHash.elementID: 35889716736.1586>
                    Other, 0x107fb7340 <AX element pid: 174, elementOrHash.elementID: 35889611200.1625>
                      Image, 0x107fb7480 <AX element pid: 174, elementOrHash.elementID: 36055470592.1664>
                      Image, 0x107fb75c0 <AX element pid: 174, elementOrHash.elementID: 36055470080.1665>
              Icon, 0x107fb7700 <AX element pid: 174, elementOrHash.elementID: 35943708160.135>
                Other, 0x107fb7840 <AX element pid: 174, elementOrHash.elementID: 35943609024.177>
                  Other, 0x107fb7980 <AX element pid: 174, elementOrHash.elementID: 35909462528.235>
                    Other, 0x107fb7ac0 <AX element pid: 174, elementOrHash.elementID: 35889713536.1652>
                      Other, 0x107fb7c00 <AX element pid: 174, elementOrHash.elementID: 35887492352.2234>
                  Other, 0x107fb7d40 <AX element pid: 174, elementOrHash.elementID: 35903660160.236>
                    Other, 0x107fb7e80 <AX element pid: 174, elementOrHash.elementID: 35909461632.303>
                      Image, 0x107fd8000 <AX element pid: 174, elementOrHash.elementID: 36021239808.391>
                      Image, 0x107fd8140 <AX element pid: 174, elementOrHash.elementID: 36045234176.392>
              Icon, 0x107fd8280 <AX element pid: 174, elementOrHash.elementID: 35904839168.1377>
                Other, 0x107fd83c0 <AX element pid: 174, elementOrHash.elementID: 35887797504.1393>
                  Other, 0x107fd8500 <AX element pid: 174, elementOrHash.elementID: 35887807808.1415>
                    Other, 0x107fd8640 <AX element pid: 174, elementOrHash.elementID: 35889721216.1440>
                      Other, 0x107fd8780 <AX element pid: 174, elementOrHash.elementID: 35887489152.2235>
                    Other, 0x107fd88c0 <AX element pid: 174, elementOrHash.elementID: 35889825024.1441>
                      Other, 0x107fd8a00 <AX element pid: 174, elementOrHash.elementID: 35889810048.1475>
                        Image, 0x107fd8b40 <AX element pid: 174, elementOrHash.elementID: 36055537152.1486>
                  Other, 0x107fd8c80 <AX element pid: 174, elementOrHash.elementID: 35888221952.1416>
                    Other, 0x107fd8dc0 <AX element pid: 174, elementOrHash.elementID: 35887797952.1442>
                      Image, 0x107fd8f00 <AX element pid: 174, elementOrHash.elementID: 36055015424.1476>
                      Image, 0x107fd9040 <AX element pid: 174, elementOrHash.elementID: 36055019520.1477>
              Icon, 0x107fd9180 <AX element pid: 174, elementOrHash.elementID: 35905494528.1551>
                Other, 0x107fd92c0 <AX element pid: 174, elementOrHash.elementID: 35889612992.1570>
                  Other, 0x107fd9400 <AX element pid: 174, elementOrHash.elementID: 35889613440.1595>
                    Other, 0x107fd9540 <AX element pid: 174, elementOrHash.elementID: 35889719296.1633>
                      Other, 0x107fd9680 <AX element pid: 174, elementOrHash.elementID: 35876104832.2236>
                  Other, 0x107fd97c0 <AX element pid: 174, elementOrHash.elementID: 35889720576.1596>
                    Other, 0x107fd9900 <AX element pid: 174, elementOrHash.elementID: 35889613888.1634>
                      Image, 0x107fd9a40 <AX element pid: 174, elementOrHash.elementID: 36055473152.1682>
                      Image, 0x107fd9b80 <AX element pid: 174, elementOrHash.elementID: 36055472640.1683>
              Icon, 0x107fd9cc0 <AX element pid: 174, elementOrHash.elementID: 35905396224.1354>
                Other, 0x107fd9e00 <AX element pid: 174, elementOrHash.elementID: 35889626432.1385>
                  Other, 0x107fd9f40 <AX element pid: 174, elementOrHash.elementID: 35889807360.1400>
                    Other, 0x107fda080 <AX element pid: 174, elementOrHash.elementID: 35889825664.1749>
                      Other, 0x107fda1c0 <AX element pid: 174, elementOrHash.elementID: 35876109312.2237>
                  Other, 0x107fda300 <AX element pid: 174, elementOrHash.elementID: 35889772928.1739>
                    Other, 0x107fda440 <AX element pid: 174, elementOrHash.elementID: 35889807808.1750>
                      Image, 0x107fda580 <AX element pid: 174, elementOrHash.elementID: 36055535616.1770>
                      Image, 0x107fda6c0 <AX element pid: 174, elementOrHash.elementID: 36055535104.1771>
              Icon, 0x107fda800 <AX element pid: 174, elementOrHash.elementID: 35943694336.119>
                Other, 0x107fda940 <AX element pid: 174, elementOrHash.elementID: 35943604992.161>
                  Other, 0x107fdaa80 <AX element pid: 174, elementOrHash.elementID: 35920557184.203>
                    Other, 0x107fdabc0 <AX element pid: 174, elementOrHash.elementID: 35889771648.1430>
                      Other, 0x107fdad00 <AX element pid: 174, elementOrHash.elementID: 35887474048.2238>
                  Other, 0x107fdae40 <AX element pid: 174, elementOrHash.elementID: 35944979968.204>
                    Other, 0x107fdaf80 <AX element pid: 174, elementOrHash.elementID: 35910755968.271>
                      Image, 0x107fdb0c0 <AX element pid: 174, elementOrHash.elementID: 36046516224.343>
                      Image, 0x107fdb200 <AX element pid: 174, elementOrHash.elementID: 36046515712.344>
              Icon, 0x107fdb340 <AX element pid: 174, elementOrHash.elementID: 35956191232.134>
                Other, 0x107fdb480 <AX element pid: 174, elementOrHash.elementID: 35948133248.176>
                  Other, 0x107fdb5c0 <AX element pid: 174, elementOrHash.elementID: 35909465216.233>
                    Other, 0x107fdb700 <AX element pid: 174, elementOrHash.elementID: 35888170240.2122>
                      Other, 0x107fdb840 <AX element pid: 174, elementOrHash.elementID: 35876100352.2244>
                  Other, 0x107fdb980 <AX element pid: 174, elementOrHash.elementID: 35976173824.234>
                    Other, 0x107fdbac0 <AX element pid: 174, elementOrHash.elementID: 35909466112.301>
                      Image, 0x107fdbc00 <AX element pid: 174, elementOrHash.elementID: 36039490560.388>
                      Image, 0x107fdbd40 <AX element pid: 174, elementOrHash.elementID: 36039488512.389>
            Icon, 0x107fdbe80 <AX element pid: 174, elementOrHash.elementID: 36035589376.65>
              Icon, 0x107fdc000 <AX element pid: 174, elementOrHash.elementID: 36023791424.143>
            PageIndicator, 0x107fdc140 <AX element pid: 174, elementOrHash.elementID: 35941843584.66>
        Other, 0x107fdc280 <AX element pid: 174, elementOrHash.elementID: 36034925568.45>
      Other, 0x107fdc3c0 <AX element pid: 174, elementOrHash.elementID: 36034935808.32>
  Window, 0x107fdc500 <AX element pid: 174, elementOrHash.elementID: 36032077824.11>
    Other, 0x107fdc640 <AX element pid: 174, elementOrHash.elementID: 35953538624.20>
      Other, 0x107fdc780 <AX element pid: 174, elementOrHash.elementID: 35953538176.33>
  Window, 0x107fdc8c0 <AX element pid: 174, elementOrHash.elementID: 36018690304.12>
    Other, 0x107fdca00 <AX element pid: 174, elementOrHash.elementID: 36017882432.21>
      Other, 0x107fdcb40 <AX element pid: 174, elementOrHash.elementID: 36038462464.34>
        Other, 0x107fdcc80 <AX element pid: 174, elementOrHash.elementID: 35920632704.46>
          Other, 0x107fdcdc0 <AX element pid: 174, elementOrHash.elementID: 35920548672.54>
            Other, 0x107fdcf00 <AX element pid: 174, elementOrHash.elementID: 35887737344.1088>
            Other, 0x107fdd040 <AX element pid: 174, elementOrHash.elementID: 35943852544.1089>
            Other, 0x107fdd180 <AX element pid: 174, elementOrHash.elementID: 35920551360.69>
            Other, 0x107fdd2c0 <AX element pid: 174, elementOrHash.elementID: 35920551808.70>
            Other, 0x107fdd400 <AX element pid: 174, elementOrHash.elementID: 35888128768.2180>
            Other, 0x107fdd540 <AX element pid: 174, elementOrHash.elementID: 35887703232.1093>
            Other, 0x107fdd680 <AX element pid: 174, elementOrHash.elementID: 35920553152.73>
            Other, 0x107fdd7c0 <AX element pid: 174, elementOrHash.elementID: 35920549120.74>
      Other, 0x107fdd900 <AX element pid: 174, elementOrHash.elementID: 36056067584.1084>
        Other, 0x107fdda40 <AX element pid: 174, elementOrHash.elementID: 11494289431044805875.9999>
          Other, 0x107fddb80 <AX element pid: 333, elementOrHash.elementID: 4309013472.4>
            Other, 0x107fddcc0 <AX element pid: 333, elementOrHash.elementID: 4309041312.5>
              Other, 0x107fdde00 <AX element pid: 333, elementOrHash.elementID: 4308983520.6>
                Other, 0x107fddf40 <AX element pid: 333, elementOrHash.elementID: 4309005120.7>
      Other, 0x107fde080 <AX element pid: 174, elementOrHash.elementID: 36046696960.36>
        Other, 0x107fde1c0 <AX element pid: 174, elementOrHash.elementID: 35906212864.47>
          Other, 0x107fde300 <AX element pid: 174, elementOrHash.elementID: 35922778688.55>
  Window, 0x107fde440 <AX element pid: 174, elementOrHash.elementID: 36018691584.13>
    Other, 0x107fde580 <AX element pid: 174, elementOrHash.elementID: 36017885568.22>
  Window, 0x107fde6c0 <AX element pid: 174, elementOrHash.elementID: 36018685184.1812>
    Other, 0x107fde800 <AX element pid: 174, elementOrHash.elementID: 35889648896.1813>
      Other, 0x107fde940 <AX element pid: 174, elementOrHash.elementID: 35887702784.1815>
  Window, 0x107fdea80 <AX element pid: 174, elementOrHash.elementID: 35951108864.14>
    Other, 0x107fdebc0 <AX element pid: 174, elementOrHash.elementID: 35953539072.23>
      Other, 0x107fded00 <AX element pid: 174, elementOrHash.elementID: 35953539968.37>
  Window, 0x107fdee40 <AX element pid: 174, elementOrHash.elementID: 35920354816.15>
    Other, 0x107fdef80 <AX element pid: 174, elementOrHash.elementID: 35923110400.24>
      Other, 0x107fdf0c0 <AX element pid: 174, elementOrHash.elementID: 35923112192.38>
  Window, 0x107fdf200 <AX element pid: 174, elementOrHash.elementID: 36036372480.9>
    Other, 0x107fdf340 <AX element pid: 174, elementOrHash.elementID: 35942339840.25>
      Other, 0x107fdf480 <AX element pid: 174, elementOrHash.elementID: 35942340288.39>
        Other, 0x107fdf5c0 <AX element pid: 174, elementOrHash.elementID: 35942345216.48>
        Other, 0x107fdf700 <AX element pid: 174, elementOrHash.elementID: 35942345664.49>
        Other, 0x107fdf840 <AX element pid: 174, elementOrHash.elementID: 35941851264.50>
          Other, 0x107fdf980 <AX element pid: 174, elementOrHash.elementID: 36036367360.56>
            Icon, 0x107fdfac0 <AX element pid: 174, elementOrHash.elementID: 35943737856.6>
              Other, 0x107fdfc00 <AX element pid: 174, elementOrHash.elementID: 35943844928.145>
                Other, 0x107fdfd40 <AX element pid: 174, elementOrHash.elementID: 35943845376.185>
                  Other, 0x107fdfe80 <AX element pid: 174, elementOrHash.elementID: 35943797760.251>
                    Other, 0x107ff0000 <AX element pid: 174, elementOrHash.elementID: 35943806720.319>
            Icon, 0x107ff0140 <AX element pid: 174, elementOrHash.elementID: 35943739392.75>
              Other, 0x107ff0280 <AX element pid: 174, elementOrHash.elementID: 35943845824.146>
                Other, 0x107ff03c0 <AX element pid: 174, elementOrHash.elementID: 35943846272.186>
                  Other, 0x107ff0500 <AX element pid: 174, elementOrHash.elementID: 35943792640.252>
                    Other, 0x107ff0640 <AX element pid: 174, elementOrHash.elementID: 35943808000.320>
            Icon, 0x107ff0780 <AX element pid: 174, elementOrHash.elementID: 35943740928.76>
              Other, 0x107ff08c0 <AX element pid: 174, elementOrHash.elementID: 35943846720.147>
                Other, 0x107ff0a00 <AX element pid: 174, elementOrHash.elementID: 35943847168.187>
                  Other, 0x107ff0b40 <AX element pid: 174, elementOrHash.elementID: 35941855104.253>
                    Other, 0x107ff0c80 <AX element pid: 174, elementOrHash.elementID: 35944039040.321>
            Icon, 0x107ff0dc0 <AX element pid: 174, elementOrHash.elementID: 35944136704.77>
              Other, 0x107ff0f00 <AX element pid: 174, elementOrHash.elementID: 35943847616.148>
                Other, 0x107ff1040 <AX element pid: 174, elementOrHash.elementID: 35943848064.188>
                  Other, 0x107ff1180 <AX element pid: 174, elementOrHash.elementID: 35943795840.254>
                    Other, 0x107ff12c0 <AX element pid: 174, elementOrHash.elementID: 35944040320.322>
            Icon, 0x107ff1400 <AX element pid: 174, elementOrHash.elementID: 35944138240.78>
              Other, 0x107ff1540 <AX element pid: 174, elementOrHash.elementID: 35943848512.149>
                Other, 0x107ff1680 <AX element pid: 174, elementOrHash.elementID: 35943848960.189>
                  Other, 0x107ff17c0 <AX element pid: 174, elementOrHash.elementID: 35941858304.255>
                    Other, 0x107ff1900 <AX element pid: 174, elementOrHash.elementID: 35875794176.2181>
            Icon, 0x107ff1a40 <AX element pid: 174, elementOrHash.elementID: 35944139776.79>
              Other, 0x107ff1b80 <AX element pid: 174, elementOrHash.elementID: 35943849856.150>
                Other, 0x107ff1cc0 <AX element pid: 174, elementOrHash.elementID: 35943850304.190>
                  Other, 0x107ff1e00 <AX element pid: 174, elementOrHash.elementID: 35943799040.256>
                    Other, 0x107ff1f40 <AX element pid: 174, elementOrHash.elementID: 35944043520.324>
            Icon, 0x107ff2080 <AX element pid: 174, elementOrHash.elementID: 35944141312.80>
              Other, 0x107ff21c0 <AX element pid: 174, elementOrHash.elementID: 35943850752.151>
                Other, 0x107ff2300 <AX element pid: 174, elementOrHash.elementID: 35943851200.191>
                  Other, 0x107ff2440 <AX element pid: 174, elementOrHash.elementID: 35941853184.257>
                    Other, 0x107ff2580 <AX element pid: 174, elementOrHash.elementID: 35944044800.325>
          Other, 0x107ff26c0 <AX element pid: 174, elementOrHash.elementID: 36036369408.57>
            Icon, 0x107ff2800 <AX element pid: 174, elementOrHash.elementID: 35941698560.81>
              Other, 0x107ff2940 <AX element pid: 174, elementOrHash.elementID: 35942346112.152>
                Other, 0x107ff2a80 <AX element pid: 174, elementOrHash.elementID: 35943611712.192>
                  Other, 0x107ff2bc0 <AX element pid: 174, elementOrHash.elementID: 35941853824.258>
                    Other, 0x107ff2d00 <AX element pid: 174, elementOrHash.elementID: 35943800960.326>
            Icon, 0x107ff2e40 <AX element pid: 174, elementOrHash.elementID: 35943734784.82>
              Other, 0x107ff2f80 <AX element pid: 174, elementOrHash.elementID: 35943841792.153>
                Other, 0x107ff30c0 <AX element pid: 174, elementOrHash.elementID: 35943842240.193>
                  Other, 0x107ff3200 <AX element pid: 174, elementOrHash.elementID: 35943794560.259>
                    Other, 0x107ff3340 <AX element pid: 174, elementOrHash.elementID: 35943802240.327>
                  Other, 0x107ff3480 <AX element pid: 174, elementOrHash.elementID: 35943802880.260>
                    Other, 0x107ff35c0 <AX element pid: 174, elementOrHash.elementID: 35943844032.328>
                      Image, 0x107ff3700 <AX element pid: 174, elementOrHash.elementID: 36036537344.415>
          Other, 0x107ff3840 <AX element pid: 174, elementOrHash.elementID: 36036368384.58>
          Icon, 0x107ff3980 <AX element pid: 174, elementOrHash.elementID: 35944142848.59>
            Other, 0x107ff3ac0 <AX element pid: 174, elementOrHash.elementID: 35887479808.1147>
            Other, 0x107ff3c00 <AX element pid: 174, elementOrHash.elementID: 35887469568.1148>
            Other, 0x107ff3d40 <AX element pid: 174, elementOrHash.elementID: 35891053184.513>
            Other, 0x107ff3e80 <AX element pid: 174, elementOrHash.elementID: 35887477248.1149>
      Other, 0x112c20000 <AX element pid: 174, elementOrHash.elementID: 35944048000.40>
        Other, 0x112c20140 <AX element pid: 174, elementOrHash.elementID: 36037143040.51>
          Other, 0x112c20280 <AX element pid: 174, elementOrHash.elementID: 16400521463572639115.9999>
            Other, 0x112c203c0 <AX element pid: 303, elementOrHash.elementID: 4312005392.4>
              Other, 0x112c20500 <AX element pid: 303, elementOrHash.elementID: 33807598848.5>
                Other, 0x112c20640 <AX element pid: 303, elementOrHash.elementID: 33807631232.6>
                  Other, 0x112c20780 <AX element pid: 303, elementOrHash.elementID: 33807630336.7>
          Other, 0x112c208c0 <AX element pid: 174, elementOrHash.elementID: 3119342986303746691.9999>
            Other, 0x112c20a00 <AX element pid: 303, elementOrHash.elementID: 33807632128.8>
              Other, 0x112c20b40 <AX element pid: 303, elementOrHash.elementID: 33807633920.9>
          Other, 0x112c20c80 <AX element pid: 174, elementOrHash.elementID: 13277597320353363328.9999>
  Window, 0x112c20dc0 <AX element pid: 174, elementOrHash.elementID: 36022010880.16>
    StatusBar, 0x112c20f00 <AX element pid: 174, elementOrHash.elementID: 36017866624.26>
      Other, 0x112c21040 <AX element pid: 174, elementOrHash.elementID: 36021977088.41>
        Other, 0x112c21180 <AX element pid: 174, elementOrHash.elementID: 35889654720.2076>
          Other, 0x112c212c0 <AX element pid: 174, elementOrHash.elementID: 35889647552.2077>
            StaticText, 0x112c21400 <AX element pid: 174, elementOrHash.elementID: 35893191424.2079>
            StaticText, 0x112c21540 <AX element pid: 174, elementOrHash.elementID: 35893197696.2080>
          Other, 0x112c21680 <AX element pid: 174, elementOrHash.elementID: 35907105920.2078>
            Other, 0x112c217c0 <AX element pid: 174, elementOrHash.elementID: 36057354752.2081>
            StaticText, 0x112c21900 <AX element pid: 174, elementOrHash.elementID: 35911293952.2083>
            Other, 0x112c21a40 <AX element pid: 174, elementOrHash.elementID: 35888203008.2084>
    Other, 0x112c21b80 <AX element pid: 174, elementOrHash.elementID: 36017881984.27>
  Window, 0x112c21cc0 <AX element pid: 174, elementOrHash.elementID: 36032072704.17>
    Other, 0x112c21e00 <AX element pid: 174, elementOrHash.elementID: 35953535488.28>
  Window, 0x112c21f40 <AX element pid: 174, elementOrHash.elementID: 36032076800.18>
    Other, 0x112c22080 <AX element pid: 174, elementOrHash.elementID: 35953537728.29>
23:27:22.640 WebDriverAgentRunner-Runner[1371:144542] Found matches {(
    StatusBar
)} with root Application, pid: 174
23:27:22.640 WebDriverAgentRunner-Runner[1371:144542] <XCTContext: 0x104595720> finished activity <XCActivityRecord: 0x10752caf0> 2026-07-19 16:27:22 +0000: Get all elements bound by index for: Descendants matching type StatusBar (0.283691s)
23:27:22.641 WebDriverAgentRunner-Runner[1371:144542] <XCTContext: 0x104595720> started activity <XCActivityRecord: 0x10752caf0> 2026-07-19 16:27:22 +0000: Find the StatusBar (Element at index 0)
23:27:22.641 WebDriverAgentRunner-Runner[1371:144542] Executing query:
↪︎ Descendants matching type StatusBar
    ↪︎ Element at index 0
23:27:22.641 WebDriverAgentRunner-Runner[1371:144542] Creating future for 'checking for continuity enablement' with timeout 30.00
23:27:22.642 WebDriverAgentRunner-Runner[1371:144542] <XCTWaiter: 0x107ee86f0> entering wait loop for 30.00s with expectations: `checking for continuity enablement`
23:27:22.643 WebDriverAgentRunner-Runner[1371:144542] Returning result XCTWaiterResultCompleted for synchronous waiter <XCTWaiter: 0x107ee86f0>
23:27:22.643 WebDriverAgentRunner-Runner[1371:144542] Wait <XCTWaiterWait: 0x107f72b80> completed after 0.001s
23:27:22.643 WebDriverAgentRunner-Runner[1371:144542] cleaning up checking for continuity enablement
23:27:22.643 WebDriverAgentRunner-Runner[1371:144542] Should evaluate query remotely? XCTDisableRemoteQueryEvaluation(d-write): YES, hasAutomationSession: YES, supportsRemoteEvaluation: YES
23:27:22.643 WebDriverAgentRunner-Runner[1371:144542] Getting matching snapshots for locally evaluated query
23:27:22.643 WebDriverAgentRunner-Runner[1371:144542] Evaluating query:
 ↪︎ Descendants matching type StatusBar
    ↪︎ Element at index 0
23:27:22.644 WebDriverAgentRunner-Runner[1371:144542] Getting root element snapshot
23:27:22.644 WebDriverAgentRunner-Runner[1371:144542] Getting snapshot for App element pid: 174 for query ↪︎ Descendants matching type StatusBar
    ↪︎ Element at index 0
23:27:22.644 WebDriverAgentRunner-Runner[1371:144542] <XCTContext: 0x104595720> started activity <XCActivityRecord: 0x10752c070> 2026-07-19 16:27:22 +0000: Requesting snapshot of accessibility hierarchy for app with pid 174
23:27:22.644 WebDriverAgentRunner-Runner[1371:144542] Query requires iOS snapshot attributes XC_kAXXCAttributeElementType, XC_kAXXCAttributeElementBaseType, XC_kAXXCAttributeAutomationType, XC_kAXXCAttributeTraits.
23:27:22.644 WebDriverAgentRunner-Runner[1371:144542] XCUIElementQuery <XCTElementSnapshotProvider> getting snapshot
23:27:22.644 WebDriverAgentRunner-Runner[1371:144542] Snapshot request has custom attributes XC_kAXXCAttributeElementType, XC_kAXXCAttributeElementBaseType, XC_kAXXCAttributeAutomationType, XC_kAXXCAttributeTraits
23:27:22.644 WebDriverAgentRunner-Runner[1371:144542] Snapshot request has custom parameters {
    snapshotKeyHonorModalViews = 0;
}
23:27:22.644 WebDriverAgentRunner-Runner[1371:144542] Current snapshot generation is 105
23:27:22.645 WebDriverAgentRunner-Runner[1371:144542] Capturing a new snapshot
23:27:22.645 WebDriverAgentRunner-Runner[1371:144542] Fetching snapshot for App element pid: 174 from testmanagerd with attributes XC_kAXXCAttributeElementType, XC_kAXXCAttributeElementBaseType, XC_kAXXCAttributeParent, XC_kAXXCAttributeIdentifier, XC_kAXXCAttributeAutomationType, XC_kAXXCAttributeTraits and parameters {
    maxArrayCount = 2147483647;
    maxChildren = 2147483647;
    maxDepth = 50;
    snapshotKeyHonorModalViews = 0;
    traverseFromParentsToChildren = 1;
}.
23:27:22.645 WebDriverAgentRunner-Runner[1371:144542] Creating future for 'fetching snapshot from testmanagerd.' with timeout 65.00
23:27:22.645 WebDriverAgentRunner-Runner[1371:144542] <XCTWaiter: 0x107eeb8d0> entering wait loop for 65.00s with expectations: `fetching snapshot from testmanagerd.`
    t =   126.62s Find the StatusBar (Element at index 0)
    t =   126.62s     Requesting snapshot of accessibility hierarchy for app with pid 174
23:27:22.886 WebDriverAgentRunner-Runner[1371:145449] Got snapshot response with runtime issue support from testmanagerd.
23:27:22.886 WebDriverAgentRunner-Runner[1371:144542] Returning result XCTWaiterResultCompleted for synchronous waiter <XCTWaiter: 0x107eeb8d0>
23:27:22.887 WebDriverAgentRunner-Runner[1371:144542] Wait <XCTWaiterWait: 0x107f70f00> completed after 0.242s
23:27:22.887 WebDriverAgentRunner-Runner[1371:144542] cleaning up fetching snapshot from testmanagerd.
23:27:22.887 WebDriverAgentRunner-Runner[1371:144542] <XCTContext: 0x104595720> finished activity <XCActivityRecord: 0x10752c070> 2026-07-19 16:27:22 +0000: Requesting snapshot of accessibility hierarchy for app with pid 174 (0.243152s)
23:27:22.887 WebDriverAgentRunner-Runner[1371:144542] XCTPerformOnMainRunLoop[MT]: already on MT; performing block without run loop dispatch - timeouts will not be enforced.
23:27:22.887 WebDriverAgentRunner-Runner[1371:144542] XCTElementQuery: set data source for rootElementSnapshot to (null)
23:27:22.887 WebDriverAgentRunner-Runner[1371:144542] Finding all matches with input Application, pid: 174 using transformers 
↪︎ Descendants matching type StatusBar
    ↪︎ Element at index 0
23:27:22.888 WebDriverAgentRunner-Runner[1371:144542] <XCTContext: 0x104595720> started activity <XCActivityRecord: 0x10752c070> 2026-07-19 16:27:22 +0000: Find: Descendants matching type StatusBar
    t =   126.86s     Find: Descendants matching type StatusBar
23:27:22.891 WebDriverAgentRunner-Runner[1371:144542] <XCTContext: 0x104595720> finished activity <XCActivityRecord: 0x10752c070> 2026-07-19 16:27:22 +0000: Find: Descendants matching type StatusBar (0.00336492s)
23:27:22.891 WebDriverAgentRunner-Runner[1371:144542] [Match All] applied transformer `Descendants matching type StatusBar` to input {(
    Application, pid: 174
)}, found {(
    StatusBar
)}
23:27:22.891 WebDriverAgentRunner-Runner[1371:144542] <XCTContext: 0x104595720> started activity <XCActivityRecord: 0x10752c070> 2026-07-19 16:27:22 +0000: Find: Element at index 0
23:27:22.892 WebDriverAgentRunner-Runner[1371:144542] <XCTContext: 0x104595720> finished activity <XCActivityRecord: 0x10752c070> 2026-07-19 16:27:22 +0000: Find: Element at index 0 (0.000311017s)
23:27:22.892 WebDriverAgentRunner-Runner[1371:144542] [Match All] applied transformer `Element at index 0` to input {(
    StatusBar
)}, found {(
    StatusBar
)}
23:27:22.892 WebDriverAgentRunner-Runner[1371:144542] [Match All] setting out related elements {(
)}
23:27:22.898 WebDriverAgentRunner-Runner[1371:144542] Current tree:
Application, 0x112c221c0, pid: 174 <App element pid: 174>
  Window, 0x112c22300 <AX element pid: 174, elementOrHash.elementID: 36032084992.10>
    Other, 0x112c22440 <AX element pid: 174, elementOrHash.elementID: 35948119808.19>
      Other, 0x112c22580 <AX element pid: 174, elementOrHash.elementID: 35948120256.30>
        Image, 0x112c226c0 <AX element pid: 174, elementOrHash.elementID: 36036531200.42>
        Image, 0x112c22800 <AX element pid: 174, elementOrHash.elementID: 36036531712.43>
      Other, 0x112c22940 <AX element pid: 174, elementOrHash.elementID: 35948119360.31>
        Other, 0x112c22a80 <AX element pid: 174, elementOrHash.elementID: 35948131904.44>
          Other, 0x112c22bc0 <AX element pid: 174, elementOrHash.elementID: 35941697024.53>
            Other, 0x112c22d00 <AX element pid: 174, elementOrHash.elementID: 35948131456.62>
              Other, 0x112c22e40 <AX element pid: 174, elementOrHash.elementID: 35948131008.97>
            Icon, 0x112c22f80 <AX element pid: 174, elementOrHash.elementID: 36035587328.63>
              Icon, 0x112c230c0 <AX element pid: 174, elementOrHash.elementID: 36035839104.98>
              Icon, 0x112c23200 <AX element pid: 174, elementOrHash.elementID: 36035839296.99>
              Icon, 0x112c23340 <AX element pid: 174, elementOrHash.elementID: 36035839488.100>
              Icon, 0x112c23480 <AX element pid: 174, elementOrHash.elementID: 36035839872.101>
              Icon, 0x112c235c0 <AX element pid: 174, elementOrHash.elementID: 36035840064.102>
              Icon, 0x112c23700 <AX element pid: 174, elementOrHash.elementID: 36024175808.103>
              Icon, 0x112c23840 <AX element pid: 174, elementOrHash.elementID: 36023792960.104>
              Icon, 0x112c23980 <AX element pid: 174, elementOrHash.elementID: 36024840576.105>
              Icon, 0x112c23ac0 <AX element pid: 174, elementOrHash.elementID: 36024206656.106>
              Icon, 0x112c23c00 <AX element pid: 174, elementOrHash.elementID: 36023793344.107>
              Icon, 0x112c23d40 <AX element pid: 174, elementOrHash.elementID: 36024183296.108>
              Icon, 0x112c23e80 <AX element pid: 174, elementOrHash.elementID: 36024259456.109>
              Icon, 0x112c44000 <AX element pid: 174, elementOrHash.elementID: 36024838464.110>
              Icon, 0x112c44140 <AX element pid: 174, elementOrHash.elementID: 36024596928.111>
              Icon, 0x112c44280 <AX element pid: 174, elementOrHash.elementID: 36024207040.112>
              Icon, 0x112c443c0 <AX element pid: 174, elementOrHash.elementID: 36024209536.113>
              Icon, 0x112c44500 <AX element pid: 174, elementOrHash.elementID: 36024186176.114>
            Icon, 0x112c44640 <AX element pid: 174, elementOrHash.elementID: 36035588864.64>
              Icon, 0x112c44780 <AX element pid: 174, elementOrHash.elementID: 35904843776.1376>
                Other, 0x112c448c0 <AX element pid: 174, elementOrHash.elementID: 35889589184.1392>
                  Other, 0x112c44a00 <AX element pid: 174, elementOrHash.elementID: 35889590080.1413>
                    Other, 0x112c44b40 <AX element pid: 174, elementOrHash.elementID: 36042307072.1621>
                      Other, 0x112c44c80 <AX element pid: 174, elementOrHash.elementID: 35876099712.2212>
                  Other, 0x112c44dc0 <AX element pid: 174, elementOrHash.elementID: 35888248576.1414>
                    Other, 0x112c44f00 <AX element pid: 174, elementOrHash.elementID: 35889591872.1439>
                      Image, 0x112c45040 <AX element pid: 174, elementOrHash.elementID: 36055018496.1472>
                      Image, 0x112c45180 <AX element pid: 174, elementOrHash.elementID: 36055013376.1473>
              Icon, 0x112c452c0 <AX element pid: 174, elementOrHash.elementID: 35904517632.1550>
                Other, 0x112c45400 <AX element pid: 174, elementOrHash.elementID: 35892693632.1569>
                  Other, 0x112c45540 <AX element pid: 174, elementOrHash.elementID: 35892704384.1593>
                    Other, 0x112c45680 <AX element pid: 174, elementOrHash.elementID: 35887504896.1631>
                      Other, 0x112c457c0 <AX element pid: 174, elementOrHash.elementID: 35887472768.2213>
                  Other, 0x112c45900 <AX element pid: 174, elementOrHash.elementID: 35888235136.1594>
                    Other, 0x112c45a40 <AX element pid: 174, elementOrHash.elementID: 35892692288.1632>
                      Image, 0x112c45b80 <AX element pid: 174, elementOrHash.elementID: 36053856256.1679>
                      Image, 0x112c45cc0 <AX element pid: 174, elementOrHash.elementID: 36053851136.1680>
              Icon, 0x112c45e00 <AX element pid: 174, elementOrHash.elementID: 35943579648.129>
                Other, 0x112c45f40 <AX element pid: 174, elementOrHash.elementID: 35943596032.171>
                  Other, 0x112c46080 <AX element pid: 174, elementOrHash.elementID: 35909462080.223>
                    Other, 0x112c461c0 <AX element pid: 174, elementOrHash.elementID: 35904822144.264>
                      Other, 0x112c46300 <AX element pid: 174, elementOrHash.elementID: 35905292800.2214>
                  Other, 0x112c46440 <AX element pid: 174, elementOrHash.elementID: 35903662080.224>
                    Other, 0x112c46580 <AX element pid: 174, elementOrHash.elementID: 35909456704.291>
                      Image, 0x112c466c0 <AX element pid: 174, elementOrHash.elementID: 36045230080.373>
                      Image, 0x112c46800 <AX element pid: 174, elementOrHash.elementID: 36045229568.374>
              Icon, 0x112c46940 <AX element pid: 174, elementOrHash.elementID: 35905393152.1552>
                Other, 0x112c46a80 <AX element pid: 174, elementOrHash.elementID: 35889623744.1571>
                  Other, 0x112c46bc0 <AX element pid: 174, elementOrHash.elementID: 35889624192.1597>
                    Other, 0x112c46d00 <AX element pid: 174, elementOrHash.elementID: 35943798400.306>
                      Other, 0x112c46e40 <AX element pid: 174, elementOrHash.elementID: 35875789056.2215>
                  Other, 0x112c46f80 <AX element pid: 174, elementOrHash.elementID: 35889769088.1598>
                    Other, 0x112c470c0 <AX element pid: 174, elementOrHash.elementID: 35889624640.1636>
                      Image, 0x112c47200 <AX element pid: 174, elementOrHash.elementID: 36055533056.1687>
                      Image, 0x112c47340 <AX element pid: 174, elementOrHash.elementID: 36055532544.1688>
              Icon, 0x112c47480 <AX element pid: 174, elementOrHash.elementID: 35943593472.1554>
                Other, 0x112c475c0 <AX element pid: 174, elementOrHash.elementID: 35943600064.1573>
                  Other, 0x112c47700 <AX element pid: 174, elementOrHash.elementID: 35922183040.1601>
                    Other, 0x112c47840 <AX element pid: 174, elementOrHash.elementID: 35888238976.1438>
                      Other, 0x112c47980 <AX element pid: 174, elementOrHash.elementID: 35887487872.2216>
                  Other, 0x112c47ac0 <AX element pid: 174, elementOrHash.elementID: 35922157056.1602>
                    Other, 0x112c47c00 <AX element pid: 174, elementOrHash.elementID: 35922183488.1641>
                      Image, 0x112c47d40 <AX element pid: 174, elementOrHash.elementID: 36039390720.1696>
                      Image, 0x112c47e80 <AX element pid: 174, elementOrHash.elementID: 36039390208.1697>
              Icon, 0x112c48000 <AX element pid: 174, elementOrHash.elementID: 35943706624.1143>
                Other, 0x112c48140 <AX element pid: 174, elementOrHash.elementID: 35943608576.1567>
                  Other, 0x112c48280 <AX element pid: 174, elementOrHash.elementID: 35921976768.1589>
                    Other, 0x112c483c0 <AX element pid: 174, elementOrHash.elementID: 35887330432.2047>
                      Other, 0x112c48500 <AX element pid: 174, elementOrHash.elementID: 35887491712.2217>
                  Other, 0x112c48640 <AX element pid: 174, elementOrHash.elementID: 35903654400.1590>
                    Other, 0x112c48780 <AX element pid: 174, elementOrHash.elementID: 35887731968.1628>
                      Image, 0x112c488c0 <AX element pid: 174, elementOrHash.elementID: 36053854208.1672>
                      Image, 0x112c48a00 <AX element pid: 174, elementOrHash.elementID: 36053856768.1673>
              Icon, 0x112c48b40 <AX element pid: 174, elementOrHash.elementID: 35943679488.1563>
                Other, 0x112c48c80 <AX element pid: 174, elementOrHash.elementID: 35943600960.1582>
                  Other, 0x112c48dc0 <AX element pid: 174, elementOrHash.elementID: 35887739584.1619>
                    Other, 0x112c48f00 <AX element pid: 174, elementOrHash.elementID: 36017871744.288>
                      Other, 0x112c49040 <AX element pid: 174, elementOrHash.elementID: 35876097792.2218>
                  Other, 0x112c49180 <AX element pid: 174, elementOrHash.elementID: 35888281984.1620>
                    Other, 0x112c492c0 <AX element pid: 174, elementOrHash.elementID: 35887734208.1658>
                      Image, 0x112c49400 <AX element pid: 174, elementOrHash.elementID: 36053844480.1724>
                      Image, 0x112c49540 <AX element pid: 174, elementOrHash.elementID: 36053843968.1725>
              Icon, 0x112c49680 <AX element pid: 174, elementOrHash.elementID: 35905492992.1548>
                Other, 0x112c497c0 <AX element pid: 174, elementOrHash.elementID: 35889611648.1566>
                  Other, 0x112c49900 <AX element pid: 174, elementOrHash.elementID: 35889612096.1587>
                    Other, 0x112c49a40 <AX element pid: 174, elementOrHash.elementID: 35888216448.1626>
                      Other, 0x112c49b80 <AX element pid: 174, elementOrHash.elementID: 35887473408.2219>
                  Other, 0x112c49cc0 <AX element pid: 174, elementOrHash.elementID: 35889718656.1588>
                    Other, 0x112c49e00 <AX element pid: 174, elementOrHash.elementID: 35889612544.1627>
                      Image, 0x112c49f40 <AX element pid: 174, elementOrHash.elementID: 36055472128.1667>
                      Image, 0x112c4a080 <AX element pid: 174, elementOrHash.elementID: 36055471616.1668>
              Icon, 0x112c4a1c0 <AX element pid: 174, elementOrHash.elementID: 35905394688.1556>
                Other, 0x112c4a300 <AX element pid: 174, elementOrHash.elementID: 35889625088.1575>
                  Other, 0x112c4a440 <AX element pid: 174, elementOrHash.elementID: 35889625536.1605>
                    Other, 0x112c4a580 <AX element pid: 174, elementOrHash.elementID: 35889827584.1643>
                      Other, 0x112c4a6c0 <AX element pid: 174, elementOrHash.elementID: 35957085184.2220>
                  Other, 0x112c4a800 <AX element pid: 174, elementOrHash.elementID: 35889771008.1606>
                    Other, 0x112c4a940 <AX element pid: 174, elementOrHash.elementID: 35889625984.1644>
                      Image, 0x112c4aa80 <AX element pid: 174, elementOrHash.elementID: 36055534080.1702>
                      Image, 0x112c4abc0 <AX element pid: 174, elementOrHash.elementID: 36055533568.1703>
              Icon, 0x112c4ad00 <AX element pid: 174, elementOrHash.elementID: 35904840704.1561>
                Other, 0x112c4ae40 <AX element pid: 174, elementOrHash.elementID: 35889589632.1580>
                  Other, 0x112c4af80 <AX element pid: 174, elementOrHash.elementID: 35889588288.1615>
                    Other, 0x112c4b0c0 <AX element pid: 174, elementOrHash.elementID: 35888230272.1654>
                      Other, 0x112c4b200 <AX element pid: 174, elementOrHash.elementID: 35875792256.2221>
                  Other, 0x112c4b340 <AX element pid: 174, elementOrHash.elementID: 35888242816.1616>
                    Other, 0x112c4b480 <AX element pid: 174, elementOrHash.elementID: 35889588736.1655>
                      Image, 0x112c4b5c0 <AX element pid: 174, elementOrHash.elementID: 36055023104.1718>
                      Image, 0x112c4b700 <AX element pid: 174, elementOrHash.elementID: 36055020544.1719>
              Icon, 0x112c4b840 <AX element pid: 174, elementOrHash.elementID: 35905489920.1560>
                Other, 0x112c4b980 <AX element pid: 174, elementOrHash.elementID: 35887708160.1579>
                  Other, 0x112c4bac0 <AX element pid: 174, elementOrHash.elementID: 35887694272.1613>
                    Other, 0x112c4bc00 <AX element pid: 174, elementOrHash.elementID: 35893129728.1640>
                      Other, 0x112c4bd40 <AX element pid: 174, elementOrHash.elementID: 35887482112.2222>
                  Other, 0x112c4be80 <AX element pid: 174, elementOrHash.elementID: 35889714816.1614>
                    Other, 0x112c4c000 <AX element pid: 174, elementOrHash.elementID: 35887695168.1653>
                      Image, 0x112c4c140 <AX element pid: 174, elementOrHash.elementID: 36055469568.1715>
                      Image, 0x112c4c280 <AX element pid: 174, elementOrHash.elementID: 36055469056.1716>
              Icon, 0x112c4c3c0 <AX element pid: 174, elementOrHash.elementID: 35905391616.1372>
                Other, 0x112c4c500 <AX element pid: 174, elementOrHash.elementID: 35889622400.1388>
                  Other, 0x112c4c640 <AX element pid: 174, elementOrHash.elementID: 35889622848.1405>
                    Other, 0x112c4c780 <AX element pid: 174, elementOrHash.elementID: 35921991936.1638>
                      Other, 0x112c4c8c0 <AX element pid: 174, elementOrHash.elementID: 35887484672.2223>
                  Other, 0x112c4ca00 <AX element pid: 174, elementOrHash.elementID: 35889767168.1406>
                    Other, 0x112c4cb40 <AX element pid: 174, elementOrHash.elementID: 35889623296.1432>
                      Image, 0x112c4cc80 <AX element pid: 174, elementOrHash.elementID: 36055531520.1459>
                      Image, 0x112c4cdc0 <AX element pid: 174, elementOrHash.elementID: 36055481856.1460>
              Icon, 0x112c4cf00 <AX element pid: 174, elementOrHash.elementID: 35943695872.140>
                Other, 0x112c4d040 <AX element pid: 174, elementOrHash.elementID: 35943605440.182>
                  Other, 0x112c4d180 <AX element pid: 174, elementOrHash.elementID: 35909463872.245>
                    Other, 0x112c4d2c0 <AX element pid: 174, elementOrHash.elementID: 35976178304.313>
                      Other, 0x112c4d400 <AX element pid: 174, elementOrHash.elementID: 35876098432.2224>
                  Other, 0x112c4d540 <AX element pid: 174, elementOrHash.elementID: 35908194688.246>
                    Other, 0x112c4d680 <AX element pid: 174, elementOrHash.elementID: 35909454912.314>
                      Image, 0x112c4d7c0 <AX element pid: 174, elementOrHash.elementID: 36039489024.407>
                      Image, 0x112c4d900 <AX element pid: 174, elementOrHash.elementID: 36039489536.408>
              Icon, 0x112c4da40 <AX element pid: 174, elementOrHash.elementID: 35943727104.116>
                Other, 0x112c4db80 <AX element pid: 174, elementOrHash.elementID: 35943609472.158>
                  Other, 0x112c4dcc0 <AX element pid: 174, elementOrHash.elementID: 35923107712.197>
                    Other, 0x112c4de00 <AX element pid: 174, elementOrHash.elementID: 35889717376.1637>
                      Other, 0x112c4df40 <AX element pid: 174, elementOrHash.elementID: 35876106752.2225>
                  Other, 0x112c4e080 <AX element pid: 174, elementOrHash.elementID: 35904820864.198>
                    Other, 0x112c4e1c0 <AX element pid: 174, elementOrHash.elementID: 35923099648.265>
                      Image, 0x112c4e300 <AX element pid: 174, elementOrHash.elementID: 36044152320.334>
                      Image, 0x112c4e440 <AX element pid: 174, elementOrHash.elementID: 36044151808.335>
              Icon, 0x112c4e580 <AX element pid: 174, elementOrHash.elementID: 35904842240.1562>
                Other, 0x112c4e6c0 <AX element pid: 174, elementOrHash.elementID: 35889590528.1581>
                  Other, 0x112c4e800 <AX element pid: 174, elementOrHash.elementID: 35889590976.1617>
                    Other, 0x112c4e940 <AX element pid: 174, elementOrHash.elementID: 35888220672.1656>
                      Other, 0x112c4ea80 <AX element pid: 174, elementOrHash.elementID: 36005864832.2226>
                  Other, 0x112c4ebc0 <AX element pid: 174, elementOrHash.elementID: 35888227712.1618>
                    Other, 0x112c4ed00 <AX element pid: 174, elementOrHash.elementID: 35889593664.1657>
                      Image, 0x112c4ee40 <AX element pid: 174, elementOrHash.elementID: 36055022592.1721>
                      Image, 0x112c4ef80 <AX element pid: 174, elementOrHash.elementID: 36055012864.1722>
              Icon, 0x112c4f0c0 <AX element pid: 174, elementOrHash.elementID: 35941709312.1555>
                Other, 0x112c4f200 <AX element pid: 174, elementOrHash.elementID: 35942350144.1574>
                  Other, 0x112c4f340 <AX element pid: 174, elementOrHash.elementID: 35887740480.1603>
                    Other, 0x112c4f480 <AX element pid: 174, elementOrHash.elementID: 35903660800.290>
                      Other, 0x112c4f5c0 <AX element pid: 174, elementOrHash.elementID: 35875791616.2227>
                  Other, 0x112c4f700 <AX element pid: 174, elementOrHash.elementID: 35888278784.1604>
                    Other, 0x112c4f840 <AX element pid: 174, elementOrHash.elementID: 35887736896.1642>
                      Image, 0x112c4f980 <AX element pid: 174, elementOrHash.elementID: 36052131328.1699>
                      Image, 0x112c4fac0 <AX element pid: 174, elementOrHash.elementID: 36052126720.1700>
              Icon, 0x112c4fc00 <AX element pid: 174, elementOrHash.elementID: 35943691776.1546>
                Other, 0x112c4fd40 <AX element pid: 174, elementOrHash.elementID: 35943604544.1564>
                  Other, 0x112c4fe80 <AX element pid: 174, elementOrHash.elementID: 35957582336.1583>
                    Other, 0x112c50000 <AX element pid: 174, elementOrHash.elementID: 35888280704.1622>
                      Other, 0x112c50140 <AX element pid: 174, elementOrHash.elementID: 35887483392.2228>
                  Other, 0x112c50280 <AX element pid: 174, elementOrHash.elementID: 35888275584.1584>
                    Other, 0x112c503c0 <AX element pid: 174, elementOrHash.elementID: 36004838272.1623>
                      Image, 0x112c50500 <AX element pid: 174, elementOrHash.elementID: 36052134400.1661>
                      Image, 0x112c50640 <AX element pid: 174, elementOrHash.elementID: 36052130304.1662>
              Icon, 0x112c50780 <AX element pid: 174, elementOrHash.elementID: 35941707776.137>
                Other, 0x112c508c0 <AX element pid: 174, elementOrHash.elementID: 35942349696.179>
                  Other, 0x112c50a00 <AX element pid: 174, elementOrHash.elementID: 35921984384.239>
                    Other, 0x112c50b40 <AX element pid: 174, elementOrHash.elementID: 35903663360.302>
                      Other, 0x112c50c80 <AX element pid: 174, elementOrHash.elementID: 35887486592.2229>
                  Other, 0x112c50dc0 <AX element pid: 174, elementOrHash.elementID: 35922153216.240>
                    Other, 0x112c50f00 <AX element pid: 174, elementOrHash.elementID: 35921984832.307>
                      Image, 0x112c51040 <AX element pid: 174, elementOrHash.elementID: 36039383040.397>
                      Image, 0x112c51180 <AX element pid: 174, elementOrHash.elementID: 36039382528.398>
              Icon, 0x112c512c0 <AX element pid: 174, elementOrHash.elementID: 35943728640.126>
                Other, 0x112c51400 <AX element pid: 174, elementOrHash.elementID: 35943609920.168>
                  Other, 0x112c51540 <AX element pid: 174, elementOrHash.elementID: 35921979456.217>
                    Other, 0x112c51680 <AX element pid: 174, elementOrHash.elementID: 35943797120.284>
                      Other, 0x112c517c0 <AX element pid: 174, elementOrHash.elementID: 35876107392.2230>
                  Other, 0x112c51900 <AX element pid: 174, elementOrHash.elementID: 35921998976.218>
                    Other, 0x112c51a40 <AX element pid: 174, elementOrHash.elementID: 35921979904.285>
                      Image, 0x112c51b80 <AX element pid: 174, elementOrHash.elementID: 36039288320.364>
                      Image, 0x112c51cc0 <AX element pid: 174, elementOrHash.elementID: 36039287808.365>
              Icon, 0x112c51e00 <AX element pid: 174, elementOrHash.elementID: 35943581184.1557>
                Other, 0x112c51f40 <AX element pid: 174, elementOrHash.elementID: 35943596480.1576>
                  Other, 0x112c52080 <AX element pid: 174, elementOrHash.elementID: 35922182144.1607>
                    Other, 0x112c521c0 <AX element pid: 174, elementOrHash.elementID: 35943793280.1645>
                      Other, 0x112c52300 <AX element pid: 174, elementOrHash.elementID: 35876103552.2231>
                  Other, 0x112c52440 <AX element pid: 174, elementOrHash.elementID: 35922155776.1608>
                    Other, 0x112c52580 <AX element pid: 174, elementOrHash.elementID: 35922182592.1646>
                      Image, 0x112c526c0 <AX element pid: 174, elementOrHash.elementID: 36039388160.1705>
                      Image, 0x112c52800 <AX element pid: 174, elementOrHash.elementID: 36039387648.1706>
              Icon, 0x112c52940 <AX element pid: 174, elementOrHash.elementID: 35943677952.1368>
                Other, 0x112c52a80 <AX element pid: 174, elementOrHash.elementID: 35943600512.1383>
                  Other, 0x112c52bc0 <AX element pid: 174, elementOrHash.elementID: 35921982592.1398>
                    Other, 0x112c52d00 <AX element pid: 174, elementOrHash.elementID: 35887301888.1431>
                      Other, 0x112c52e40 <AX element pid: 174, elementOrHash.elementID: 36005870592.2232>
                  Other, 0x112c52f80 <AX element pid: 174, elementOrHash.elementID: 35922150656.1740>
                    Other, 0x112c530c0 <AX element pid: 174, elementOrHash.elementID: 35921983040.1751>
                      Image, 0x112c53200 <AX element pid: 174, elementOrHash.elementID: 36039377920.1773>
                      Image, 0x112c53340 <AX element pid: 174, elementOrHash.elementID: 36039377408.1774>
              Icon, 0x112c53480 <AX element pid: 174, elementOrHash.elementID: 35905491456.1547>
                Other, 0x112c535c0 <AX element pid: 174, elementOrHash.elementID: 35887693824.1565>
                  Other, 0x112c53700 <AX element pid: 174, elementOrHash.elementID: 35889610752.1585>
                    Other, 0x112c53840 <AX element pid: 174, elementOrHash.elementID: 35889715456.1624>
                      Other, 0x112c53980 <AX element pid: 174, elementOrHash.elementID: 35910480384.2233>
                  Other, 0x112c53ac0 <AX element pid: 174, elementOrHash.elementID: 35889716736.1586>
                    Other, 0x112c53c00 <AX element pid: 174, elementOrHash.elementID: 35889611200.1625>
                      Image, 0x112c53d40 <AX element pid: 174, elementOrHash.elementID: 36055470592.1664>
                      Image, 0x112c53e80 <AX element pid: 174, elementOrHash.elementID: 36055470080.1665>
              Icon, 0x112c5c000 <AX element pid: 174, elementOrHash.elementID: 35943708160.135>
                Other, 0x112c5c140 <AX element pid: 174, elementOrHash.elementID: 35943609024.177>
                  Other, 0x112c5c280 <AX element pid: 174, elementOrHash.elementID: 35909462528.235>
                    Other, 0x112c5c3c0 <AX element pid: 174, elementOrHash.elementID: 35889713536.1652>
                      Other, 0x112c5c500 <AX element pid: 174, elementOrHash.elementID: 35887492352.2234>
                  Other, 0x112c5c640 <AX element pid: 174, elementOrHash.elementID: 35903660160.236>
                    Other, 0x112c5c780 <AX element pid: 174, elementOrHash.elementID: 35909461632.303>
                      Image, 0x112c5c8c0 <AX element pid: 174, elementOrHash.elementID: 36021239808.391>
                      Image, 0x112c5ca00 <AX element pid: 174, elementOrHash.elementID: 36045234176.392>
              Icon, 0x112c5cb40 <AX element pid: 174, elementOrHash.elementID: 35904839168.1377>
                Other, 0x112c5cc80 <AX element pid: 174, elementOrHash.elementID: 35887797504.1393>
                  Other, 0x112c5cdc0 <AX element pid: 174, elementOrHash.elementID: 35887807808.1415>
                    Other, 0x112c5cf00 <AX element pid: 174, elementOrHash.elementID: 35889721216.1440>
                      Other, 0x112c5d040 <AX element pid: 174, elementOrHash.elementID: 35887489152.2235>
                    Other, 0x112c5d180 <AX element pid: 174, elementOrHash.elementID: 35889825024.1441>
                      Other, 0x112c5d2c0 <AX element pid: 174, elementOrHash.elementID: 35889810048.1475>
                        Image, 0x112c5d400 <AX element pid: 174, elementOrHash.elementID: 36055537152.1486>
                  Other, 0x112c5d540 <AX element pid: 174, elementOrHash.elementID: 35888221952.1416>
                    Other, 0x112c5d680 <AX element pid: 174, elementOrHash.elementID: 35887797952.1442>
                      Image, 0x112c5d7c0 <AX element pid: 174, elementOrHash.elementID: 36055015424.1476>
                      Image, 0x112c5d900 <AX element pid: 174, elementOrHash.elementID: 36055019520.1477>
              Icon, 0x112c5da40 <AX element pid: 174, elementOrHash.elementID: 35905494528.1551>
                Other, 0x112c5db80 <AX element pid: 174, elementOrHash.elementID: 35889612992.1570>
                  Other, 0x112c5dcc0 <AX element pid: 174, elementOrHash.elementID: 35889613440.1595>
                    Other, 0x112c5de00 <AX element pid: 174, elementOrHash.elementID: 35889719296.1633>
                      Other, 0x112c5df40 <AX element pid: 174, elementOrHash.elementID: 35876104832.2236>
                  Other, 0x112c5e080 <AX element pid: 174, elementOrHash.elementID: 35889720576.1596>
                    Other, 0x112c5e1c0 <AX element pid: 174, elementOrHash.elementID: 35889613888.1634>
                      Image, 0x112c5e300 <AX element pid: 174, elementOrHash.elementID: 36055473152.1682>
                      Image, 0x112c5e440 <AX element pid: 174, elementOrHash.elementID: 36055472640.1683>
              Icon, 0x112c5e580 <AX element pid: 174, elementOrHash.elementID: 35905396224.1354>
                Other, 0x112c5e6c0 <AX element pid: 174, elementOrHash.elementID: 35889626432.1385>
                  Other, 0x112c5e800 <AX element pid: 174, elementOrHash.elementID: 35889807360.1400>
                    Other, 0x112c5e940 <AX element pid: 174, elementOrHash.elementID: 35889825664.1749>
                      Other, 0x112c5ea80 <AX element pid: 174, elementOrHash.elementID: 35876109312.2237>
                  Other, 0x112c5ebc0 <AX element pid: 174, elementOrHash.elementID: 35889772928.1739>
                    Other, 0x112c5ed00 <AX element pid: 174, elementOrHash.elementID: 35889807808.1750>
                      Image, 0x112c5ee40 <AX element pid: 174, elementOrHash.elementID: 36055535616.1770>
                      Image, 0x112c5ef80 <AX element pid: 174, elementOrHash.elementID: 36055535104.1771>
              Icon, 0x112c5f0c0 <AX element pid: 174, elementOrHash.elementID: 35943694336.119>
                Other, 0x112c5f200 <AX element pid: 174, elementOrHash.elementID: 35943604992.161>
                  Other, 0x112c5f340 <AX element pid: 174, elementOrHash.elementID: 35920557184.203>
                    Other, 0x112c5f480 <AX element pid: 174, elementOrHash.elementID: 35889771648.1430>
                      Other, 0x112c5f5c0 <AX element pid: 174, elementOrHash.elementID: 35887474048.2238>
                  Other, 0x112c5f700 <AX element pid: 174, elementOrHash.elementID: 35944979968.204>
                    Other, 0x112c5f840 <AX element pid: 174, elementOrHash.elementID: 35910755968.271>
                      Image, 0x112c5f980 <AX element pid: 174, elementOrHash.elementID: 36046516224.343>
                      Image, 0x112c5fac0 <AX element pid: 174, elementOrHash.elementID: 36046515712.344>
              Icon, 0x112c5fc00 <AX element pid: 174, elementOrHash.elementID: 35956191232.134>
                Other, 0x112c5fd40 <AX element pid: 174, elementOrHash.elementID: 35948133248.176>
                  Other, 0x112c5fe80 <AX element pid: 174, elementOrHash.elementID: 35909465216.233>
                    Other, 0x112c60000 <AX element pid: 174, elementOrHash.elementID: 35888170240.2122>
                      Other, 0x112c60140 <AX element pid: 174, elementOrHash.elementID: 35876100352.2244>
                  Other, 0x112c60280 <AX element pid: 174, elementOrHash.elementID: 35976173824.234>
                    Other, 0x112c603c0 <AX element pid: 174, elementOrHash.elementID: 35909466112.301>
                      Image, 0x112c60500 <AX element pid: 174, elementOrHash.elementID: 36039490560.388>
                      Image, 0x112c60640 <AX element pid: 174, elementOrHash.elementID: 36039488512.389>
            Icon, 0x112c60780 <AX element pid: 174, elementOrHash.elementID: 36035589376.65>
              Icon, 0x112c608c0 <AX element pid: 174, elementOrHash.elementID: 36023791424.143>
            PageIndicator, 0x112c60a00 <AX element pid: 174, elementOrHash.elementID: 35941843584.66>
        Other, 0x112c60b40 <AX element pid: 174, elementOrHash.elementID: 36034925568.45>
      Other, 0x112c60c80 <AX element pid: 174, elementOrHash.elementID: 36034935808.32>
  Window, 0x112c60dc0 <AX element pid: 174, elementOrHash.elementID: 36032077824.11>
    Other, 0x112c60f00 <AX element pid: 174, elementOrHash.elementID: 35953538624.20>
      Other, 0x112c61040 <AX element pid: 174, elementOrHash.elementID: 35953538176.33>
  Window, 0x112c61180 <AX element pid: 174, elementOrHash.elementID: 36018690304.12>
    Other, 0x112c612c0 <AX element pid: 174, elementOrHash.elementID: 36017882432.21>
      Other, 0x112c61400 <AX element pid: 174, elementOrHash.elementID: 36038462464.34>
        Other, 0x112c61540 <AX element pid: 174, elementOrHash.elementID: 35920632704.46>
          Other, 0x112c61680 <AX element pid: 174, elementOrHash.elementID: 35920548672.54>
            Other, 0x112c617c0 <AX element pid: 174, elementOrHash.elementID: 35887737344.1088>
            Other, 0x112c61900 <AX element pid: 174, elementOrHash.elementID: 35943852544.1089>
            Other, 0x112c61a40 <AX element pid: 174, elementOrHash.elementID: 35920551360.69>
            Other, 0x112c61b80 <AX element pid: 174, elementOrHash.elementID: 35920551808.70>
            Other, 0x112c61cc0 <AX element pid: 174, elementOrHash.elementID: 35888128768.2180>
            Other, 0x112c61e00 <AX element pid: 174, elementOrHash.elementID: 35887703232.1093>
            Other, 0x112c61f40 <AX element pid: 174, elementOrHash.elementID: 35920553152.73>
            Other, 0x112c62080 <AX element pid: 174, elementOrHash.elementID: 35920549120.74>
      Other, 0x112c621c0 <AX element pid: 174, elementOrHash.elementID: 36056067584.1084>
        Other, 0x112c62300 <AX element pid: 174, elementOrHash.elementID: 11494289431044805875.9999>
          Other, 0x112c62440 <AX element pid: 333, elementOrHash.elementID: 4309013472.4>
            Other, 0x112c62580 <AX element pid: 333, elementOrHash.elementID: 4309041312.5>
              Other, 0x112c626c0 <AX element pid: 333, elementOrHash.elementID: 4308983520.6>
                Other, 0x112c62800 <AX element pid: 333, elementOrHash.elementID: 4309005120.7>
      Other, 0x112c62940 <AX element pid: 174, elementOrHash.elementID: 36046696960.36>
        Other, 0x112c62a80 <AX element pid: 174, elementOrHash.elementID: 35906212864.47>
          Other, 0x112c62bc0 <AX element pid: 174, elementOrHash.elementID: 35922778688.55>
  Window, 0x112c62d00 <AX element pid: 174, elementOrHash.elementID: 36018691584.13>
    Other, 0x112c62e40 <AX element pid: 174, elementOrHash.elementID: 36017885568.22>
  Window, 0x112c62f80 <AX element pid: 174, elementOrHash.elementID: 36018685184.1812>
    Other, 0x112c630c0 <AX element pid: 174, elementOrHash.elementID: 35889648896.1813>
      Other, 0x112c63200 <AX element pid: 174, elementOrHash.elementID: 35887702784.1815>
  Window, 0x112c63340 <AX element pid: 174, elementOrHash.elementID: 35951108864.14>
    Other, 0x112c63480 <AX element pid: 174, elementOrHash.elementID: 35953539072.23>
      Other, 0x112c635c0 <AX element pid: 174, elementOrHash.elementID: 35953539968.37>
  Window, 0x112c63700 <AX element pid: 174, elementOrHash.elementID: 35920354816.15>
    Other, 0x112c63840 <AX element pid: 174, elementOrHash.elementID: 35923110400.24>
      Other, 0x112c63980 <AX element pid: 174, elementOrHash.elementID: 35923112192.38>
  Window, 0x112c63ac0 <AX element pid: 174, elementOrHash.elementID: 36036372480.9>
    Other, 0x112c63c00 <AX element pid: 174, elementOrHash.elementID: 35942339840.25>
      Other, 0x112c63d40 <AX element pid: 174, elementOrHash.elementID: 35942340288.39>
        Other, 0x112c63e80 <AX element pid: 174, elementOrHash.elementID: 35942345216.48>
        Other, 0x112c6c000 <AX element pid: 174, elementOrHash.elementID: 35942345664.49>
        Other, 0x112c6c140 <AX element pid: 174, elementOrHash.elementID: 35941851264.50>
          Other, 0x112c6c280 <AX element pid: 174, elementOrHash.elementID: 36036367360.56>
            Icon, 0x112c6c3c0 <AX element pid: 174, elementOrHash.elementID: 35943737856.6>
              Other, 0x112c6c500 <AX element pid: 174, elementOrHash.elementID: 35943844928.145>
                Other, 0x112c6c640 <AX element pid: 174, elementOrHash.elementID: 35943845376.185>
                  Other, 0x112c6c780 <AX element pid: 174, elementOrHash.elementID: 35943797760.251>
                    Other, 0x112c6c8c0 <AX element pid: 174, elementOrHash.elementID: 35943806720.319>
            Icon, 0x112c6ca00 <AX element pid: 174, elementOrHash.elementID: 35943739392.75>
              Other, 0x112c6cb40 <AX element pid: 174, elementOrHash.elementID: 35943845824.146>
                Other, 0x112c6cc80 <AX element pid: 174, elementOrHash.elementID: 35943846272.186>
                  Other, 0x112c6cdc0 <AX element pid: 174, elementOrHash.elementID: 35943792640.252>
                    Other, 0x112c6cf00 <AX element pid: 174, elementOrHash.elementID: 35943808000.320>
            Icon, 0x112c6d040 <AX element pid: 174, elementOrHash.elementID: 35943740928.76>
              Other, 0x112c6d180 <AX element pid: 174, elementOrHash.elementID: 35943846720.147>
                Other, 0x112c6d2c0 <AX element pid: 174, elementOrHash.elementID: 35943847168.187>
                  Other, 0x112c6d400 <AX element pid: 174, elementOrHash.elementID: 35941855104.253>
                    Other, 0x112c6d540 <AX element pid: 174, elementOrHash.elementID: 35944039040.321>
            Icon, 0x112c6d680 <AX element pid: 174, elementOrHash.elementID: 35944136704.77>
              Other, 0x112c6d7c0 <AX element pid: 174, elementOrHash.elementID: 35943847616.148>
                Other, 0x112c6d900 <AX element pid: 174, elementOrHash.elementID: 35943848064.188>
                  Other, 0x112c6da40 <AX element pid: 174, elementOrHash.elementID: 35943795840.254>
                    Other, 0x112c6db80 <AX element pid: 174, elementOrHash.elementID: 35944040320.322>
            Icon, 0x112c6dcc0 <AX element pid: 174, elementOrHash.elementID: 35944138240.78>
              Other, 0x112c6de00 <AX element pid: 174, elementOrHash.elementID: 35943848512.149>
                Other, 0x112c6df40 <AX element pid: 174, elementOrHash.elementID: 35943848960.189>
                  Other, 0x112c6e080 <AX element pid: 174, elementOrHash.elementID: 35941858304.255>
                    Other, 0x112c6e1c0 <AX element pid: 174, elementOrHash.elementID: 35875794176.2181>
            Icon, 0x112c6e300 <AX element pid: 174, elementOrHash.elementID: 35944139776.79>
              Other, 0x112c6e440 <AX element pid: 174, elementOrHash.elementID: 35943849856.150>
                Other, 0x112c6e580 <AX element pid: 174, elementOrHash.elementID: 35943850304.190>
                  Other, 0x112c6e6c0 <AX element pid: 174, elementOrHash.elementID: 35943799040.256>
                    Other, 0x112c6e800 <AX element pid: 174, elementOrHash.elementID: 35944043520.324>
            Icon, 0x112c6e940 <AX element pid: 174, elementOrHash.elementID: 35944141312.80>
              Other, 0x112c6ea80 <AX element pid: 174, elementOrHash.elementID: 35943850752.151>
                Other, 0x112c6ebc0 <AX element pid: 174, elementOrHash.elementID: 35943851200.191>
                  Other, 0x112c6ed00 <AX element pid: 174, elementOrHash.elementID: 35941853184.257>
                    Other, 0x112c6ee40 <AX element pid: 174, elementOrHash.elementID: 35944044800.325>
          Other, 0x112c6ef80 <AX element pid: 174, elementOrHash.elementID: 36036369408.57>
            Icon, 0x112c6f0c0 <AX element pid: 174, elementOrHash.elementID: 35941698560.81>
              Other, 0x112c6f200 <AX element pid: 174, elementOrHash.elementID: 35942346112.152>
                Other, 0x112c6f340 <AX element pid: 174, elementOrHash.elementID: 35943611712.192>
                  Other, 0x112c6f480 <AX element pid: 174, elementOrHash.elementID: 35941853824.258>
                    Other, 0x112c6f5c0 <AX element pid: 174, elementOrHash.elementID: 35943800960.326>
            Icon, 0x112c6f700 <AX element pid: 174, elementOrHash.elementID: 35943734784.82>
              Other, 0x112c6f840 <AX element pid: 174, elementOrHash.elementID: 35943841792.153>
                Other, 0x112c6f980 <AX element pid: 174, elementOrHash.elementID: 35943842240.193>
                  Other, 0x112c6fac0 <AX element pid: 174, elementOrHash.elementID: 35943794560.259>
                    Other, 0x112c6fc00 <AX element pid: 174, elementOrHash.elementID: 35943802240.327>
                  Other, 0x112c6fd40 <AX element pid: 174, elementOrHash.elementID: 35943802880.260>
                    Other, 0x112c6fe80 <AX element pid: 174, elementOrHash.elementID: 35943844032.328>
                      Image, 0x112c78000 <AX element pid: 174, elementOrHash.elementID: 36036537344.415>
          Other, 0x112c78140 <AX element pid: 174, elementOrHash.elementID: 36036368384.58>
          Icon, 0x112c78280 <AX element pid: 174, elementOrHash.elementID: 35944142848.59>
            Other, 0x112c783c0 <AX element pid: 174, elementOrHash.elementID: 35887479808.1147>
            Other, 0x112c78500 <AX element pid: 174, elementOrHash.elementID: 35887469568.1148>
            Other, 0x112c78640 <AX element pid: 174, elementOrHash.elementID: 35891053184.513>
            Other, 0x112c78780 <AX element pid: 174, elementOrHash.elementID: 35887477248.1149>
      Other, 0x112c788c0 <AX element pid: 174, elementOrHash.elementID: 35944048000.40>
        Other, 0x112c78a00 <AX element pid: 174, elementOrHash.elementID: 36037143040.51>
          Other, 0x112c78b40 <AX element pid: 174, elementOrHash.elementID: 16400521463572639115.9999>
            Other, 0x112c78c80 <AX element pid: 303, elementOrHash.elementID: 4312005392.4>
              Other, 0x112c78dc0 <AX element pid: 303, elementOrHash.elementID: 33807598848.5>
                Other, 0x112c78f00 <AX element pid: 303, elementOrHash.elementID: 33807631232.6>
                  Other, 0x112c79040 <AX element pid: 303, elementOrHash.elementID: 33807630336.7>
          Other, 0x112c79180 <AX element pid: 174, elementOrHash.elementID: 3119342986303746691.9999>
            Other, 0x112c792c0 <AX element pid: 303, elementOrHash.elementID: 33807632128.8>
              Other, 0x112c79400 <AX element pid: 303, elementOrHash.elementID: 33807633920.9>
          Other, 0x112c79540 <AX element pid: 174, elementOrHash.elementID: 13277597320353363328.9999>
  Window, 0x112c79680 <AX element pid: 174, elementOrHash.elementID: 36022010880.16>
    StatusBar, 0x112c797c0 <AX element pid: 174, elementOrHash.elementID: 36017866624.26>
      Other, 0x112c79900 <AX element pid: 174, elementOrHash.elementID: 36021977088.41>
        Other, 0x112c79a40 <AX element pid: 174, elementOrHash.elementID: 35889654720.2076>
          Other, 0x112c79b80 <AX element pid: 174, elementOrHash.elementID: 35889647552.2077>
            StaticText, 0x112c79cc0 <AX element pid: 174, elementOrHash.elementID: 35893191424.2079>
            StaticText, 0x112c79e00 <AX element pid: 174, elementOrHash.elementID: 35893197696.2080>
          Other, 0x112c79f40 <AX element pid: 174, elementOrHash.elementID: 35907105920.2078>
            Other, 0x112c7a080 <AX element pid: 174, elementOrHash.elementID: 36057354752.2081>
            StaticText, 0x112c7a1c0 <AX element pid: 174, elementOrHash.elementID: 35911293952.2083>
            Other, 0x112c7a300 <AX element pid: 174, elementOrHash.elementID: 35888203008.2084>
    Other, 0x112c7a440 <AX element pid: 174, elementOrHash.elementID: 36017881984.27>
  Window, 0x112c7a580 <AX element pid: 174, elementOrHash.elementID: 36032072704.17>
    Other, 0x112c7a6c0 <AX element pid: 174, elementOrHash.elementID: 35953535488.28>
  Window, 0x112c7a800 <AX element pid: 174, elementOrHash.elementID: 36032076800.18>
    Other, 0x112c7a940 <AX element pid: 174, elementOrHash.elementID: 35953537728.29>
23:27:22.898 WebDriverAgentRunner-Runner[1371:144542] Found matches {(
    StatusBar
)} with root Application, pid: 174
23:27:22.898 WebDriverAgentRunner-Runner[1371:144542] <XCTContext: 0x104595720> finished activity <XCActivityRecord: 0x10752caf0> 2026-07-19 16:27:22 +0000: Find the StatusBar (Element at index 0) (0.256884s)
23:27:22.898 WebDriverAgentRunner-Runner[1371:144542] Creating future for 'checking for continuity enablement' with timeout 30.00
23:27:22.899 WebDriverAgentRunner-Runner[1371:144542] <XCTWaiter: 0x107ee8540> entering wait loop for 30.00s with expectations: `checking for continuity enablement`
23:27:22.899 WebDriverAgentRunner-Runner[1371:144542] Returning result XCTWaiterResultCompleted for synchronous waiter <XCTWaiter: 0x107ee8540>
23:27:22.899 WebDriverAgentRunner-Runner[1371:144542] Wait <XCTWaiterWait: 0x112c76940> completed after 0.001s
23:27:22.900 WebDriverAgentRunner-Runner[1371:144542] cleaning up checking for continuity enablement
    t =   126.87s     Find: Element at index 0
23:27:22.900 WebDriverAgentRunner-Runner[1371:144542] Creating future for 'fetching attributes 'XC_kAXXCAttributeFrame', 'XC_kAXXCAttributeWindowDisplayId', 'XC_kAXXCAttributeWindowContextId' for AX element pid: 174, elementOrHash.elementID: 36017866624.26' with timeout 30.00
23:27:22.900 WebDriverAgentRunner-Runner[1371:144542] <XCTWaiter: 0x107ee85d0> entering wait loop for 30.00s with expectations: `fetching attributes 'XC_kAXXCAttributeFrame', 'XC_kAXXCAttributeWindowDisplayId', 'XC_kAXXCAttributeWindowContextId' for AX element pid: 174, elementOrHash.elementID: 36017866624.26`
23:27:22.901 WebDriverAgentRunner-Runner[1371:144542] Returning result XCTWaiterResultCompleted for synchronous waiter <XCTWaiter: 0x107ee85d0>
23:27:22.901 WebDriverAgentRunner-Runner[1371:144542] Wait <XCTWaiterWait: 0x112c75540> completed after 0.001s
23:27:22.901 WebDriverAgentRunner-Runner[1371:144542] cleaning up fetching attributes 'XC_kAXXCAttributeFrame', 'XC_kAXXCAttributeWindowDisplayId', 'XC_kAXXCAttributeWindowContextId' for AX element pid: 174, elementOrHash.elementID: 36017866624.26
23:27:22.901 WebDriverAgentRunner-Runner[1371:144542] StatusBar (AX element pid: 174, elementOrHash.elementID: 36017866624.26) faulted in {
    "XC_kAXXCAttributeFrame" =     {
        Height = 1366;
        Width = 32;
        X = 0;
        Y = 0;
    };
    "XC_kAXXCAttributeWindowContextId" = 2087488016;
    "XC_kAXXCAttributeWindowDisplayId" = 1;
}: (no error) for frame using XC_kAXXCAttributeFrame, XC_kAXXCAttributeWindowDisplayId, XC_kAXXCAttributeWindowContextId
23:27:22.901 WebDriverAgentRunner-Runner[1371:144542] getting parameterized attribute XC_kAXXCParameterizedAttributeConvertHostedViewFrame with parameter (
        {
        Height = 1366;
        Width = 32;
        X = 0;
        Y = 0;
    },
    2087488016,
    1
)
23:27:22.901 WebDriverAgentRunner-Runner[1371:144542] Creating future for 'getting parameterized attribute XC_kAXXCParameterizedAttributeConvertHostedViewFrame' with timeout 65.00
23:27:22.901 WebDriverAgentRunner-Runner[1371:144542] <XCTWaiter: 0x107ee9230> entering wait loop for 65.00s with expectations: `getting parameterized attribute XC_kAXXCParameterizedAttributeConvertHostedViewFrame`
23:27:22.902 WebDriverAgentRunner-Runner[1371:144564] Got parameterized attribute fetch for XC_kAXXCParameterizedAttributeConvertHostedViewFrame response with values {
    Height = 1366;
    Width = 32;
    X = 0;
    Y = 0;
}, error: (null)
23:27:22.902 WebDriverAgentRunner-Runner[1371:144542] Returning result XCTWaiterResultCompleted for synchronous waiter <XCTWaiter: 0x107ee9230>
23:27:22.902 WebDriverAgentRunner-Runner[1371:144542] Wait <XCTWaiterWait: 0x112c753c0> completed after 0.001s
23:27:22.902 WebDriverAgentRunner-Runner[1371:144542] cleaning up getting parameterized attribute XC_kAXXCParameterizedAttributeConvertHostedViewFrame
23:27:22.903 WebDriverAgentRunner-Runner[1371:144542] No change when transforming rect {{0, 0}, {32, 1366}}, either portrait orientation or non-standard app configuration such as springboard
23:27:22.903 WebDriverAgentRunner-Runner[1371:144542] Fetching application interface orientation
23:27:22.903 WebDriverAgentRunner-Runner[1371:144542] Creating future for 'getting interface orientation' with timeout 65.00
23:27:22.903 WebDriverAgentRunner-Runner[1371:144542] <XCTWaiter: 0x107ee9b90> entering wait loop for 65.00s with expectations: `getting interface orientation`
23:27:22.904 WebDriverAgentRunner-Runner[1371:144542] Returning result XCTWaiterResultCompleted for synchronous waiter <XCTWaiter: 0x107ee9b90>
23:27:22.904 WebDriverAgentRunner-Runner[1371:144542] Wait <XCTWaiterWait: 0x112c752c0> completed after 0.001s
23:27:22.904 WebDriverAgentRunner-Runner[1371:144542] cleaning up getting interface orientation
23:27:22.904 WebDriverAgentRunner-Runner[1371:144542] Creating future for 'getting screen identifiers' with timeout 30.00
23:27:22.904 WebDriverAgentRunner-Runner[1371:144542] <XCTWaiter: 0x107ee9350> entering wait loop for 30.00s with expectations: `getting screen identifiers`
23:27:22.904 WebDriverAgentRunner-Runner[1371:144542] Returning result XCTWaiterResultCompleted for synchronous waiter <XCTWaiter: 0x107ee9350>
23:27:22.904 WebDriverAgentRunner-Runner[1371:144542] Wait <XCTWaiterWait: 0x112c751c0> completed after 0.000s
23:27:22.904 WebDriverAgentRunner-Runner[1371:144542] cleaning up getting screen identifiers
23:27:22.905 WebDriverAgentRunner-Runner[1371:144542] Creating future for 'getting screen bounds' with timeout 30.00
23:27:22.905 WebDriverAgentRunner-Runner[1371:144542] <XCTWaiter: 0x107ee8f90> entering wait loop for 30.00s with expectations: `getting screen bounds`
23:27:22.905 WebDriverAgentRunner-Runner[1371:144542] Returning result XCTWaiterResultCompleted for synchronous waiter <XCTWaiter: 0x107ee8f90>
23:27:22.905 WebDriverAgentRunner-Runner[1371:144542] Wait <XCTWaiterWait: 0x112c750c0> completed after 0.000s
23:27:22.905 WebDriverAgentRunner-Runner[1371:144542] cleaning up getting screen bounds
23:27:22.905 WebDriverAgentRunner-Runner[1371:144542] Creating future for 'getting screen scale' with timeout 30.00
23:27:22.905 WebDriverAgentRunner-Runner[1371:144542] <XCTWaiter: 0x107ee9770> entering wait loop for 30.00s with expectations: `getting screen scale`
23:27:22.905 WebDriverAgentRunner-Runner[1371:144542] Returning result XCTWaiterResultCompleted for synchronous waiter <XCTWaiter: 0x107ee9770>
23:27:22.905 WebDriverAgentRunner-Runner[1371:144542] Wait <XCTWaiterWait: 0x112c750c0> completed after 0.000s
23:27:22.905 WebDriverAgentRunner-Runner[1371:144542] cleaning up getting screen scale
23:27:22.906 WebDriverAgentRunner-Runner[1371:144542] <XCTContext: 0x104595720> started activity <XCActivityRecord: 0x10752c070> 2026-07-19 16:27:22 +0000: Find the Application 'com.apple.springboard'
    t =   126.88s Find the Application 'com.apple.springboard'
23:27:22.906 WebDriverAgentRunner-Runner[1371:144542] Executing query:

23:27:22.906 WebDriverAgentRunner-Runner[1371:144542] Creating future for 'checking for continuity enablement' with timeout 30.00
23:27:22.906 WebDriverAgentRunner-Runner[1371:144542] <XCTWaiter: 0x107ee8f30> entering wait loop for 30.00s with expectations: `checking for continuity enablement`
23:27:22.907 WebDriverAgentRunner-Runner[1371:144542] Returning result XCTWaiterResultCompleted for synchronous waiter <XCTWaiter: 0x107ee8f30>
23:27:22.907 WebDriverAgentRunner-Runner[1371:144542] Wait <XCTWaiterWait: 0x112c74ec0> completed after 0.001s
23:27:22.907 WebDriverAgentRunner-Runner[1371:144542] cleaning up checking for continuity enablement
23:27:22.907 WebDriverAgentRunner-Runner[1371:144542] Should evaluate query remotely? XCTDisableRemoteQueryEvaluation(d-write): YES, hasAutomationSession: YES, supportsRemoteEvaluation: YES
23:27:22.908 WebDriverAgentRunner-Runner[1371:144542] Getting matching snapshots for locally evaluated query
23:27:22.908 WebDriverAgentRunner-Runner[1371:144542] Evaluating query:
 
23:27:22.908 WebDriverAgentRunner-Runner[1371:144542] Getting root element snapshot
23:27:22.908 WebDriverAgentRunner-Runner[1371:144542] Getting snapshot for App element pid: 174 for query 
23:27:22.908 WebDriverAgentRunner-Runner[1371:144542] <XCTContext: 0x104595720> started activity <XCActivityRecord: 0x10752c000> 2026-07-19 16:27:22 +0000: Requesting snapshot of accessibility hierarchy for app with pid 174
23:27:22.908 WebDriverAgentRunner-Runner[1371:144542] Query requires iOS snapshot attributes .
23:27:22.908 WebDriverAgentRunner-Runner[1371:144542] XCUIElementQuery <XCTElementSnapshotProvider> getting snapshot
23:27:22.908 WebDriverAgentRunner-Runner[1371:144542] Snapshot request has custom attributes 
23:27:22.908 WebDriverAgentRunner-Runner[1371:144542] Snapshot request has custom parameters {
    snapshotKeyHonorModalViews = 0;
}
23:27:22.909 WebDriverAgentRunner-Runner[1371:144542] Current snapshot generation is 113
23:27:22.909 WebDriverAgentRunner-Runner[1371:144542] Query rootElementSnapshot is non-null with generation count 12
23:27:22.909 WebDriverAgentRunner-Runner[1371:144542] Capturing a new snapshot
23:27:22.909 WebDriverAgentRunner-Runner[1371:144542] Fetching snapshot for App element pid: 174 from testmanagerd with attributes XC_kAXXCAttributeElementType, XC_kAXXCAttributeElementBaseType, XC_kAXXCAttributeParent, XC_kAXXCAttributeIdentifier, XC_kAXXCAttributeAutomationType, XC_kAXXCAttributeTraits and parameters {
    maxArrayCount = 2147483647;
    maxChildren = 2147483647;
    maxDepth = 50;
    snapshotKeyHonorModalViews = 0;
    traverseFromParentsToChildren = 1;
}.
23:27:22.909 WebDriverAgentRunner-Runner[1371:144542] Creating future for 'fetching snapshot from testmanagerd.' with timeout 65.00
23:27:22.909 WebDriverAgentRunner-Runner[1371:144542] <XCTWaiter: 0x107eeadc0> entering wait loop for 65.00s with expectations: `fetching snapshot from testmanagerd.`
    t =   126.88s     Requesting snapshot of accessibility hierarchy for app with pid 174
23:27:23.152 WebDriverAgentRunner-Runner[1371:145195] Got snapshot response with runtime issue support from testmanagerd.
23:27:23.153 WebDriverAgentRunner-Runner[1371:144542] Returning result XCTWaiterResultCompleted for synchronous waiter <XCTWaiter: 0x107eeadc0>
23:27:23.153 WebDriverAgentRunner-Runner[1371:144542] Wait <XCTWaiterWait: 0x112c773c0> completed after 0.244s
23:27:23.153 WebDriverAgentRunner-Runner[1371:144542] cleaning up fetching snapshot from testmanagerd.
23:27:23.153 WebDriverAgentRunner-Runner[1371:144542] <XCTContext: 0x104595720> finished activity <XCActivityRecord: 0x10752c000> 2026-07-19 16:27:22 +0000: Requesting snapshot of accessibility hierarchy for app with pid 174 (0.245363s)
23:27:23.154 WebDriverAgentRunner-Runner[1371:144542] Found matches {(
    App element pid: 174
)} with root App element pid: 174
23:27:23.154 WebDriverAgentRunner-Runner[1371:144542] <XCTContext: 0x104595720> finished activity <XCActivityRecord: 0x10752c070> 2026-07-19 16:27:22 +0000: Find the Application 'com.apple.springboard' (0.248436s)
23:27:23.154 WebDriverAgentRunner-Runner[1371:144542] XCUIElementQuery <XCTElementSnapshotProvider> getting snapshot
23:27:23.154 WebDriverAgentRunner-Runner[1371:144542] Snapshot request has custom attributes XC_kAXXCAttributeElementBaseType, XC_kAXXCAttributeValue, XC_kAXXCAttributeAutomationType, XC_kAXXCAttributeIdentifier, XC_kAXXCAttributeTraits, XC_kAXXCAttributeVerticalSizeClass, XC_kAXXCAttributeFrame, XC_kAXXCAttributeWindowDisplayId, XC_kAXXCAttributeWindowContextId, XC_kAXXCAttributeLabel, XC_kAXXCAttributeHorizontalSizeClass, XC_kAXXCAttributeHasNativeFocus, XC_kAXXCAttributePlaceholderValue, XC_kAXXCAttributeElementType
23:27:23.155 WebDriverAgentRunner-Runner[1371:144542] Current snapshot generation is 116
23:27:23.155 WebDriverAgentRunner-Runner[1371:144542] Query rootElementSnapshot is non-null with generation count 116
23:27:23.155 WebDriverAgentRunner-Runner[1371:144542] Capturing a new snapshot
23:27:23.155 WebDriverAgentRunner-Runner[1371:144542] Fetching snapshot for App element pid: 174 from testmanagerd with attributes XC_kAXXCAttributeElementBaseType, XC_kAXXCAttributeParent, XC_kAXXCAttributeAutomationType, XC_kAXXCAttributeIdentifier, XC_kAXXCAttributeTraits, XC_kAXXCAttributeVerticalSizeClass, XC_kAXXCAttributeFrame, XC_kAXXCAttributeWindowDisplayId, XC_kAXXCAttributeWindowContextId, XC_kAXXCAttributeLabel, XC_kAXXCAttributeHorizontalSizeClass, XC_kAXXCAttributeHasNativeFocus, XC_kAXXCAttributePlaceholderValue, XC_kAXXCAttributeTruncatedValue, XC_kAXXCAttributeElementType and parameters {
    maxArrayCount = 2147483647;
    maxChildren = 2147483647;
    maxDepth = 50;
    snapshotKeyHonorModalViews = 0;
    traverseFromParentsToChildren = 1;
}.
23:27:23.155 WebDriverAgentRunner-Runner[1371:144542] Creating future for 'fetching snapshot from testmanagerd.' with timeout 65.00
23:27:23.155 WebDriverAgentRunner-Runner[1371:144542] <XCTWaiter: 0x107ee9f20> entering wait loop for 65.00s with expectations: `fetching snapshot from testmanagerd.`
23:27:23.499 WebDriverAgentRunner-Runner[1371:145195] Got snapshot response with runtime issue support from testmanagerd.
23:27:23.499 WebDriverAgentRunner-Runner[1371:144542] Returning result XCTWaiterResultCompleted for synchronous waiter <XCTWaiter: 0x107ee9f20>
23:27:23.499 WebDriverAgentRunner-Runner[1371:144542] Wait <XCTWaiterWait: 0x112cbcd00> completed after 0.344s
23:27:23.500 WebDriverAgentRunner-Runner[1371:144542] cleaning up fetching snapshot from testmanagerd.
23:27:23.500 WebDriverAgentRunner-Runner[1371:144542] Creating future for 'getting interface orientation' with timeout 65.00
23:27:23.500 WebDriverAgentRunner-Runner[1371:144542] <XCTWaiter: 0x107eeb5d0> entering wait loop for 65.00s with expectations: `getting interface orientation`
23:27:23.502 WebDriverAgentRunner-Runner[1371:144542] Returning result XCTWaiterResultCompleted for synchronous waiter <XCTWaiter: 0x107eeb5d0>
23:27:23.502 WebDriverAgentRunner-Runner[1371:144542] Wait <XCTWaiterWait: 0x112cd2300> completed after 0.002s
23:27:23.502 WebDriverAgentRunner-Runner[1371:144542] cleaning up getting interface orientation
23:27:23.502 WebDriverAgentRunner-Runner[1371:144542] Creating future for 'getting screen identifiers' with timeout 30.00
23:27:23.502 WebDriverAgentRunner-Runner[1371:144542] <XCTWaiter: 0x107ee9e60> entering wait loop for 30.00s with expectations: `getting screen identifiers`
23:27:23.502 WebDriverAgentRunner-Runner[1371:144542] Returning result XCTWaiterResultCompleted for synchronous waiter <XCTWaiter: 0x107ee9e60>
23:27:23.503 WebDriverAgentRunner-Runner[1371:144542] Wait <XCTWaiterWait: 0x112cd2180> completed after 0.000s
23:27:23.503 WebDriverAgentRunner-Runner[1371:144542] cleaning up getting screen identifiers
23:27:23.503 WebDriverAgentRunner-Runner[1371:144542] Creating future for 'getting screen scale' with timeout 30.00
23:27:23.503 WebDriverAgentRunner-Runner[1371:144542] <XCTWaiter: 0x107eeb6f0> entering wait loop for 30.00s with expectations: `getting screen scale`
23:27:23.503 WebDriverAgentRunner-Runner[1371:144542] Returning result XCTWaiterResultCompleted for synchronous waiter <XCTWaiter: 0x107eeb6f0>
23:27:23.503 WebDriverAgentRunner-Runner[1371:144542] Wait <XCTWaiterWait: 0x112cd2040> completed after 0.000s
23:27:23.503 WebDriverAgentRunner-Runner[1371:144542] cleaning up getting screen scale
23:27:23.509 WebDriverAgentRunner-Runner[1371:144542] Creating future for 'fetching attributes 'XC_kAXXCAttributeSystemAppApplication' for Device system-wide element' with timeout 65.00
23:27:23.509 WebDriverAgentRunner-Runner[1371:144542] <XCTWaiter: 0x107eeadc0> entering wait loop for 65.00s with expectations: `fetching attributes 'XC_kAXXCAttributeSystemAppApplication' for Device system-wide element`
23:27:23.510 WebDriverAgentRunner-Runner[1371:145453] Got attribute fetch response with values {
    "XC_kAXXCAttributeSystemAppApplication" = "AX element pid: 174, elementOrHash.elementID: 0.1";
}, error: (null)
23:27:23.510 WebDriverAgentRunner-Runner[1371:144542] Returning result XCTWaiterResultCompleted for synchronous waiter <XCTWaiter: 0x107eeadc0>
23:27:23.510 WebDriverAgentRunner-Runner[1371:144542] Wait <XCTWaiterWait: 0x112cd2240> completed after 0.001s
23:27:23.510 WebDriverAgentRunner-Runner[1371:144542] cleaning up fetching attributes 'XC_kAXXCAttributeSystemAppApplication' for Device system-wide element
23:27:23.511 WebDriverAgentRunner-Runner[1371:144542] <XCTContext: 0x104595720> started activity <XCActivityRecord: 0x10752caf0> 2026-07-19 16:27:23 +0000: Get all elements bound by index for: Descendants matching type StatusBar
    t =   127.49s Get all elements bound by index for: Descendants matching type StatusBar
23:27:23.511 WebDriverAgentRunner-Runner[1371:144542] Creating future for 'getting screen identifiers' with timeout 30.00
23:27:23.511 WebDriverAgentRunner-Runner[1371:144542] <XCTWaiter: 0x107eeb1e0> entering wait loop for 30.00s with expectations: `getting screen identifiers`
23:27:23.511 WebDriverAgentRunner-Runner[1371:144542] Returning result XCTWaiterResultCompleted for synchronous waiter <XCTWaiter: 0x107eeb1e0>
23:27:23.511 WebDriverAgentRunner-Runner[1371:144542] Wait <XCTWaiterWait: 0x112cd0c80> completed after 0.000s
23:27:23.512 WebDriverAgentRunner-Runner[1371:144542] cleaning up getting screen identifiers
23:27:23.512 WebDriverAgentRunner-Runner[1371:144542] Executing query:
↪︎ Descendants matching type StatusBar
23:27:23.512 WebDriverAgentRunner-Runner[1371:144542] Creating future for 'checking for continuity enablement' with timeout 30.00
23:27:23.512 WebDriverAgentRunner-Runner[1371:144542] <XCTWaiter: 0x107ee8c60> entering wait loop for 30.00s with expectations: `checking for continuity enablement`
23:27:23.513 WebDriverAgentRunner-Runner[1371:144542] Returning result XCTWaiterResultCompleted for synchronous waiter <XCTWaiter: 0x107ee8c60>
23:27:23.513 WebDriverAgentRunner-Runner[1371:144542] Wait <XCTWaiterWait: 0x112cd2300> completed after 0.001s
23:27:23.514 WebDriverAgentRunner-Runner[1371:144542] cleaning up checking for continuity enablement
23:27:23.514 WebDriverAgentRunner-Runner[1371:144542] Should evaluate query remotely? XCTDisableRemoteQueryEvaluation(d-write): YES, hasAutomationSession: YES, supportsRemoteEvaluation: YES
23:27:23.514 WebDriverAgentRunner-Runner[1371:144542] Getting matching snapshots for locally evaluated query
23:27:23.514 WebDriverAgentRunner-Runner[1371:144542] Evaluating query:
 ↪︎ Descendants matching type StatusBar
23:27:23.514 WebDriverAgentRunner-Runner[1371:144542] Getting root element snapshot
23:27:23.514 WebDriverAgentRunner-Runner[1371:144542] Getting snapshot for App element pid: 174 for query ↪︎ Descendants matching type StatusBar
23:27:23.514 WebDriverAgentRunner-Runner[1371:144542] <XCTContext: 0x104595720> started activity <XCActivityRecord: 0x10752c070> 2026-07-19 16:27:23 +0000: Requesting snapshot of accessibility hierarchy for app with pid 174
    t =   127.49s     Requesting snapshot of accessibility hierarchy for app with pid 174
23:27:23.515 WebDriverAgentRunner-Runner[1371:144542] Query requires iOS snapshot attributes XC_kAXXCAttributeElementType, XC_kAXXCAttributeElementBaseType, XC_kAXXCAttributeAutomationType, XC_kAXXCAttributeTraits.
23:27:23.515 WebDriverAgentRunner-Runner[1371:144542] XCUIElementQuery <XCTElementSnapshotProvider> getting snapshot
23:27:23.515 WebDriverAgentRunner-Runner[1371:144542] Snapshot request has custom attributes XC_kAXXCAttributeElementType, XC_kAXXCAttributeElementBaseType, XC_kAXXCAttributeAutomationType, XC_kAXXCAttributeTraits
23:27:23.515 WebDriverAgentRunner-Runner[1371:144542] Snapshot request has custom parameters {
    snapshotKeyHonorModalViews = 0;
}
23:27:23.515 WebDriverAgentRunner-Runner[1371:144542] Current snapshot generation is 124
23:27:23.515 WebDriverAgentRunner-Runner[1371:144542] Capturing a new snapshot
23:27:23.515 WebDriverAgentRunner-Runner[1371:144542] Fetching snapshot for App element pid: 174 from testmanagerd with attributes XC_kAXXCAttributeElementType, XC_kAXXCAttributeElementBaseType, XC_kAXXCAttributeParent, XC_kAXXCAttributeIdentifier, XC_kAXXCAttributeAutomationType, XC_kAXXCAttributeTraits and parameters {
    maxArrayCount = 2147483647;
    maxChildren = 2147483647;
    maxDepth = 50;
    snapshotKeyHonorModalViews = 0;
    traverseFromParentsToChildren = 1;
}.
23:27:23.515 WebDriverAgentRunner-Runner[1371:144542] Creating future for 'fetching snapshot from testmanagerd.' with timeout 65.00
23:27:23.516 WebDriverAgentRunner-Runner[1371:144542] <XCTWaiter: 0x107ee87e0> entering wait loop for 65.00s with expectations: `fetching snapshot from testmanagerd.`
23:27:23.799 WebDriverAgentRunner-Runner[1371:145453] Got snapshot response with runtime issue support from testmanagerd.
23:27:23.800 WebDriverAgentRunner-Runner[1371:144542] Returning result XCTWaiterResultCompleted for synchronous waiter <XCTWaiter: 0x107ee87e0>
23:27:23.800 WebDriverAgentRunner-Runner[1371:144542] Wait <XCTWaiterWait: 0x112cd08c0> completed after 0.284s
23:27:23.800 WebDriverAgentRunner-Runner[1371:144542] cleaning up fetching snapshot from testmanagerd.
23:27:23.800 WebDriverAgentRunner-Runner[1371:144542] <XCTContext: 0x104595720> finished activity <XCActivityRecord: 0x10752c070> 2026-07-19 16:27:23 +0000: Requesting snapshot of accessibility hierarchy for app with pid 174 (0.285694s)
23:27:23.800 WebDriverAgentRunner-Runner[1371:144542] XCTPerformOnMainRunLoop[MT]: already on MT; performing block without run loop dispatch - timeouts will not be enforced.
23:27:23.801 WebDriverAgentRunner-Runner[1371:144542] XCTElementQuery: set data source for rootElementSnapshot to (null)
23:27:23.801 WebDriverAgentRunner-Runner[1371:144542] Finding all matches with input Application, pid: 174 using transformers 
↪︎ Descendants matching type StatusBar
23:27:23.801 WebDriverAgentRunner-Runner[1371:144542] <XCTContext: 0x104595720> started activity <XCActivityRecord: 0x10752c070> 2026-07-19 16:27:23 +0000: Find: Descendants matching type StatusBar
    t =   127.78s     Find: Descendants matching type StatusBar
23:27:23.805 WebDriverAgentRunner-Runner[1371:144542] <XCTContext: 0x104595720> finished activity <XCActivityRecord: 0x10752c070> 2026-07-19 16:27:23 +0000: Find: Descendants matching type StatusBar (0.00435603s)
23:27:23.806 WebDriverAgentRunner-Runner[1371:144542] [Match All] applied transformer `Descendants matching type StatusBar` to input {(
    Application, pid: 174
)}, found {(
    StatusBar
)}
23:27:23.806 WebDriverAgentRunner-Runner[1371:144542] [Match All] setting out related elements {(
)}
23:27:23.812 WebDriverAgentRunner-Runner[1371:144542] Current tree:
Application, 0x112cd5a40, pid: 174 <App element pid: 174>
  Window, 0x112cd5b80 <AX element pid: 174, elementOrHash.elementID: 36032084992.10>
    Other, 0x112cd5cc0 <AX element pid: 174, elementOrHash.elementID: 35948119808.19>
      Other, 0x112cd5e00 <AX element pid: 174, elementOrHash.elementID: 35948120256.30>
        Image, 0x112cd5f40 <AX element pid: 174, elementOrHash.elementID: 36036531200.42>
        Image, 0x112cd6080 <AX element pid: 174, elementOrHash.elementID: 36036531712.43>
      Other, 0x112cd61c0 <AX element pid: 174, elementOrHash.elementID: 35948119360.31>
        Other, 0x112cd6300 <AX element pid: 174, elementOrHash.elementID: 35948131904.44>
          Other, 0x112cd6440 <AX element pid: 174, elementOrHash.elementID: 35941697024.53>
            Other, 0x112cd6580 <AX element pid: 174, elementOrHash.elementID: 35948131456.62>
              Other, 0x112cd66c0 <AX element pid: 174, elementOrHash.elementID: 35948131008.97>
            Icon, 0x112cd6800 <AX element pid: 174, elementOrHash.elementID: 36035587328.63>
              Icon, 0x112cd6940 <AX element pid: 174, elementOrHash.elementID: 36035839104.98>
              Icon, 0x112cd6a80 <AX element pid: 174, elementOrHash.elementID: 36035839296.99>
              Icon, 0x112cd6bc0 <AX element pid: 174, elementOrHash.elementID: 36035839488.100>
              Icon, 0x112cd6d00 <AX element pid: 174, elementOrHash.elementID: 36035839872.101>
              Icon, 0x112cd6e40 <AX element pid: 174, elementOrHash.elementID: 36035840064.102>
              Icon, 0x112cd6f80 <AX element pid: 174, elementOrHash.elementID: 36024175808.103>
              Icon, 0x112cd70c0 <AX element pid: 174, elementOrHash.elementID: 36023792960.104>
              Icon, 0x112cd7200 <AX element pid: 174, elementOrHash.elementID: 36024840576.105>
              Icon, 0x112cd7340 <AX element pid: 174, elementOrHash.elementID: 36024206656.106>
              Icon, 0x112cd7480 <AX element pid: 174, elementOrHash.elementID: 36023793344.107>
              Icon, 0x112cd75c0 <AX element pid: 174, elementOrHash.elementID: 36024183296.108>
              Icon, 0x112cd7700 <AX element pid: 174, elementOrHash.elementID: 36024259456.109>
              Icon, 0x112cd7840 <AX element pid: 174, elementOrHash.elementID: 36024838464.110>
              Icon, 0x112cd7980 <AX element pid: 174, elementOrHash.elementID: 36024596928.111>
              Icon, 0x112cd7ac0 <AX element pid: 174, elementOrHash.elementID: 36024207040.112>
              Icon, 0x112cd7c00 <AX element pid: 174, elementOrHash.elementID: 36024209536.113>
              Icon, 0x112cd7d40 <AX element pid: 174, elementOrHash.elementID: 36024186176.114>
            Icon, 0x112cd7e80 <AX element pid: 174, elementOrHash.elementID: 36035588864.64>
              Icon, 0x107f89900 <AX element pid: 174, elementOrHash.elementID: 35904843776.1376>
                Other, 0x107f89a40 <AX element pid: 174, elementOrHash.elementID: 35889589184.1392>
                  Other, 0x107f89b80 <AX element pid: 174, elementOrHash.elementID: 35889590080.1413>
                    Other, 0x107f8a080 <AX element pid: 174, elementOrHash.elementID: 36042307072.1621>
                      Other, 0x107f8a1c0 <AX element pid: 174, elementOrHash.elementID: 35876099712.2212>
                  Other, 0x107f8a300 <AX element pid: 174, elementOrHash.elementID: 35888248576.1414>
                    Other, 0x107f8bd40 <AX element pid: 174, elementOrHash.elementID: 35889591872.1439>
                      Image, 0x107f8be80 <AX element pid: 174, elementOrHash.elementID: 36055018496.1472>
                      Image, 0x107f8a6c0 <AX element pid: 174, elementOrHash.elementID: 36055013376.1473>
              Icon, 0x107f8bc00 <AX element pid: 174, elementOrHash.elementID: 35904517632.1550>
                Other, 0x107f8bac0 <AX element pid: 174, elementOrHash.elementID: 35892693632.1569>
                  Other, 0x107f8b980 <AX element pid: 174, elementOrHash.elementID: 35892704384.1593>
                    Other, 0x107f8b840 <AX element pid: 174, elementOrHash.elementID: 35887504896.1631>
                      Other, 0x107f8b700 <AX element pid: 174, elementOrHash.elementID: 35887472768.2213>
                  Other, 0x107f8b5c0 <AX element pid: 174, elementOrHash.elementID: 35888235136.1594>
                    Other, 0x107f8b480 <AX element pid: 174, elementOrHash.elementID: 35892692288.1632>
                      Image, 0x107f8b340 <AX element pid: 174, elementOrHash.elementID: 36053856256.1679>
                      Image, 0x107f8b200 <AX element pid: 174, elementOrHash.elementID: 36053851136.1680>
              Icon, 0x107f8b0c0 <AX element pid: 174, elementOrHash.elementID: 35943579648.129>
                Other, 0x107f8af80 <AX element pid: 174, elementOrHash.elementID: 35943596032.171>
                  Other, 0x107f8ae40 <AX element pid: 174, elementOrHash.elementID: 35909462080.223>
                    Other, 0x107f8ad00 <AX element pid: 174, elementOrHash.elementID: 35904822144.264>
                      Other, 0x107f8abc0 <AX element pid: 174, elementOrHash.elementID: 35905292800.2214>
                  Other, 0x107f8aa80 <AX element pid: 174, elementOrHash.elementID: 35903662080.224>
                    Other, 0x107f8a940 <AX element pid: 174, elementOrHash.elementID: 35909456704.291>
                      Image, 0x107f8a800 <AX element pid: 174, elementOrHash.elementID: 36045230080.373>
                      Image, 0x107f8a440 <AX element pid: 174, elementOrHash.elementID: 36045229568.374>
              Icon, 0x107f8a580 <AX element pid: 174, elementOrHash.elementID: 35905393152.1552>
                Other, 0x107f89cc0 <AX element pid: 174, elementOrHash.elementID: 35889623744.1571>
                  Other, 0x107f89f40 <AX element pid: 174, elementOrHash.elementID: 35889624192.1597>
                    Other, 0x107f89e00 <AX element pid: 174, elementOrHash.elementID: 35943798400.306>
                      Other, 0x112c7a800 <AX element pid: 174, elementOrHash.elementID: 35875789056.2215>
                  Other, 0x112c7a940 <AX element pid: 174, elementOrHash.elementID: 35889769088.1598>
                    Other, 0x112c7a580 <AX element pid: 174, elementOrHash.elementID: 35889624640.1636>
                      Image, 0x112c7a6c0 <AX element pid: 174, elementOrHash.elementID: 36055533056.1687>
                      Image, 0x112c79680 <AX element pid: 174, elementOrHash.elementID: 36055532544.1688>
              Icon, 0x112c7a440 <AX element pid: 174, elementOrHash.elementID: 35943593472.1554>
                Other, 0x112c797c0 <AX element pid: 174, elementOrHash.elementID: 35943600064.1573>
                  Other, 0x112c79900 <AX element pid: 174, elementOrHash.elementID: 35922183040.1601>
                    Other, 0x112c79a40 <AX element pid: 174, elementOrHash.elementID: 35888238976.1438>
                      Other, 0x112c79f40 <AX element pid: 174, elementOrHash.elementID: 35887487872.2216>
                  Other, 0x112c7a300 <AX element pid: 174, elementOrHash.elementID: 35922157056.1602>
                    Other, 0x112c7a1c0 <AX element pid: 174, elementOrHash.elementID: 35922183488.1641>
                      Image, 0x112c7a080 <AX element pid: 174, elementOrHash.elementID: 36039390720.1696>
                      Image, 0x112c79b80 <AX element pid: 174, elementOrHash.elementID: 36039390208.1697>
              Icon, 0x112c79e00 <AX element pid: 174, elementOrHash.elementID: 35943706624.1143>
                Other, 0x112c79cc0 <AX element pid: 174, elementOrHash.elementID: 35943608576.1567>
                  Other, 0x112c788c0 <AX element pid: 174, elementOrHash.elementID: 35921976768.1589>
                    Other, 0x112c78a00 <AX element pid: 174, elementOrHash.elementID: 35887330432.2047>
                      Other, 0x112c79540 <AX element pid: 174, elementOrHash.elementID: 35887491712.2217>
                  Other, 0x112c79180 <AX element pid: 174, elementOrHash.elementID: 35903654400.1590>
                    Other, 0x112c792c0 <AX element pid: 174, elementOrHash.elementID: 35887731968.1628>
                      Image, 0x112c79400 <AX element pid: 174, elementOrHash.elementID: 36053854208.1672>
                      Image, 0x112c78b40 <AX element pid: 174, elementOrHash.elementID: 36053856768.1673>
              Icon, 0x112c78c80 <AX element pid: 174, elementOrHash.elementID: 35943679488.1563>
                Other, 0x112c78dc0 <AX element pid: 174, elementOrHash.elementID: 35943600960.1582>
                  Other, 0x112c78f00 <AX element pid: 174, elementOrHash.elementID: 35887739584.1619>
                    Other, 0x112c79040 <AX element pid: 174, elementOrHash.elementID: 36017871744.288>
                      Other, 0x112c78280 <AX element pid: 174, elementOrHash.elementID: 35876097792.2218>
                  Other, 0x112c78780 <AX element pid: 174, elementOrHash.elementID: 35888281984.1620>
                    Other, 0x112c78640 <AX element pid: 174, elementOrHash.elementID: 35887734208.1658>
                      Image, 0x112c78500 <AX element pid: 174, elementOrHash.elementID: 36053844480.1724>
                      Image, 0x112c783c0 <AX element pid: 174, elementOrHash.elementID: 36053843968.1725>
              Icon, 0x112c78140 <AX element pid: 174, elementOrHash.elementID: 35905492992.1548>
                Other, 0x112c78000 <AX element pid: 174, elementOrHash.elementID: 35889611648.1566>
                  Other, 0x112c20000 <AX element pid: 174, elementOrHash.elementID: 35889612096.1587>
                    Other, 0x112c20140 <AX element pid: 174, elementOrHash.elementID: 35888216448.1626>
                      Other, 0x112c20280 <AX element pid: 174, elementOrHash.elementID: 35887473408.2219>
                  Other, 0x112c203c0 <AX element pid: 174, elementOrHash.elementID: 35889718656.1588>
                    Other, 0x112c20500 <AX element pid: 174, elementOrHash.elementID: 35889612544.1627>
                      Image, 0x112c20640 <AX element pid: 174, elementOrHash.elementID: 36055472128.1667>
                      Image, 0x112c20780 <AX element pid: 174, elementOrHash.elementID: 36055471616.1668>
              Icon, 0x112c208c0 <AX element pid: 174, elementOrHash.elementID: 35905394688.1556>
                Other, 0x112c20a00 <AX element pid: 174, elementOrHash.elementID: 35889625088.1575>
                  Other, 0x112c20b40 <AX element pid: 174, elementOrHash.elementID: 35889625536.1605>
                    Other, 0x112c20c80 <AX element pid: 174, elementOrHash.elementID: 35889827584.1643>
                      Other, 0x112c20dc0 <AX element pid: 174, elementOrHash.elementID: 35957085184.2220>
                  Other, 0x112c20f00 <AX element pid: 174, elementOrHash.elementID: 35889771008.1606>
                    Other, 0x112c21040 <AX element pid: 174, elementOrHash.elementID: 35889625984.1644>
                      Image, 0x112c21180 <AX element pid: 174, elementOrHash.elementID: 36055534080.1702>
                      Image, 0x112c212c0 <AX element pid: 174, elementOrHash.elementID: 36055533568.1703>
              Icon, 0x112c21400 <AX element pid: 174, elementOrHash.elementID: 35904840704.1561>
                Other, 0x112c21540 <AX element pid: 174, elementOrHash.elementID: 35889589632.1580>
                  Other, 0x112c21680 <AX element pid: 174, elementOrHash.elementID: 35889588288.1615>
                    Other, 0x112c217c0 <AX element pid: 174, elementOrHash.elementID: 35888230272.1654>
                      Other, 0x112c21900 <AX element pid: 174, elementOrHash.elementID: 35875792256.2221>
                  Other, 0x112c21a40 <AX element pid: 174, elementOrHash.elementID: 35888242816.1616>
                    Other, 0x112c21b80 <AX element pid: 174, elementOrHash.elementID: 35889588736.1655>
                      Image, 0x112c21cc0 <AX element pid: 174, elementOrHash.elementID: 36055023104.1718>
                      Image, 0x112c21e00 <AX element pid: 174, elementOrHash.elementID: 36055020544.1719>
              Icon, 0x112c21f40 <AX element pid: 174, elementOrHash.elementID: 35905489920.1560>
                Other, 0x112c22080 <AX element pid: 174, elementOrHash.elementID: 35887708160.1579>
                  Other, 0x112c221c0 <AX element pid: 174, elementOrHash.elementID: 35887694272.1613>
                    Other, 0x112c22300 <AX element pid: 174, elementOrHash.elementID: 35893129728.1640>
                      Other, 0x112c22440 <AX element pid: 174, elementOrHash.elementID: 35887482112.2222>
                  Other, 0x112c22580 <AX element pid: 174, elementOrHash.elementID: 35889714816.1614>
                    Other, 0x112c226c0 <AX element pid: 174, elementOrHash.elementID: 35887695168.1653>
                      Image, 0x112c22800 <AX element pid: 174, elementOrHash.elementID: 36055469568.1715>
                      Image, 0x112c22940 <AX element pid: 174, elementOrHash.elementID: 36055469056.1716>
              Icon, 0x112c22a80 <AX element pid: 174, elementOrHash.elementID: 35905391616.1372>
                Other, 0x112c22bc0 <AX element pid: 174, elementOrHash.elementID: 35889622400.1388>
                  Other, 0x112c22d00 <AX element pid: 174, elementOrHash.elementID: 35889622848.1405>
                    Other, 0x112c22e40 <AX element pid: 174, elementOrHash.elementID: 35921991936.1638>
                      Other, 0x112c22f80 <AX element pid: 174, elementOrHash.elementID: 35887484672.2223>
                  Other, 0x112c230c0 <AX element pid: 174, elementOrHash.elementID: 35889767168.1406>
                    Other, 0x112c23200 <AX element pid: 174, elementOrHash.elementID: 35889623296.1432>
                      Image, 0x112c23340 <AX element pid: 174, elementOrHash.elementID: 36055531520.1459>
                      Image, 0x112c23480 <AX element pid: 174, elementOrHash.elementID: 36055481856.1460>
              Icon, 0x112c235c0 <AX element pid: 174, elementOrHash.elementID: 35943695872.140>
                Other, 0x112c23700 <AX element pid: 174, elementOrHash.elementID: 35943605440.182>
                  Other, 0x112c23840 <AX element pid: 174, elementOrHash.elementID: 35909463872.245>
                    Other, 0x112c23980 <AX element pid: 174, elementOrHash.elementID: 35976178304.313>
                      Other, 0x112c23ac0 <AX element pid: 174, elementOrHash.elementID: 35876098432.2224>
                  Other, 0x112c23c00 <AX element pid: 174, elementOrHash.elementID: 35908194688.246>
                    Other, 0x112c23d40 <AX element pid: 174, elementOrHash.elementID: 35909454912.314>
                      Image, 0x112c23e80 <AX element pid: 174, elementOrHash.elementID: 36039489024.407>
                      Image, 0x112c44000 <AX element pid: 174, elementOrHash.elementID: 36039489536.408>
              Icon, 0x112c44140 <AX element pid: 174, elementOrHash.elementID: 35943727104.116>
                Other, 0x112c44280 <AX element pid: 174, elementOrHash.elementID: 35943609472.158>
                  Other, 0x112c443c0 <AX element pid: 174, elementOrHash.elementID: 35923107712.197>
                    Other, 0x112c44500 <AX element pid: 174, elementOrHash.elementID: 35889717376.1637>
                      Other, 0x112c44640 <AX element pid: 174, elementOrHash.elementID: 35876106752.2225>
                  Other, 0x112c44780 <AX element pid: 174, elementOrHash.elementID: 35904820864.198>
                    Other, 0x112c448c0 <AX element pid: 174, elementOrHash.elementID: 35923099648.265>
                      Image, 0x112c44a00 <AX element pid: 174, elementOrHash.elementID: 36044152320.334>
                      Image, 0x112c44b40 <AX element pid: 174, elementOrHash.elementID: 36044151808.335>
              Icon, 0x112c44c80 <AX element pid: 174, elementOrHash.elementID: 35904842240.1562>
                Other, 0x112c44dc0 <AX element pid: 174, elementOrHash.elementID: 35889590528.1581>
                  Other, 0x112c44f00 <AX element pid: 174, elementOrHash.elementID: 35889590976.1617>
                    Other, 0x112c45040 <AX element pid: 174, elementOrHash.elementID: 35888220672.1656>
                      Other, 0x112c45180 <AX element pid: 174, elementOrHash.elementID: 36005864832.2226>
                  Other, 0x112c452c0 <AX element pid: 174, elementOrHash.elementID: 35888227712.1618>
                    Other, 0x112c45400 <AX element pid: 174, elementOrHash.elementID: 35889593664.1657>
                      Image, 0x112c45540 <AX element pid: 174, elementOrHash.elementID: 36055022592.1721>
                      Image, 0x112c45680 <AX element pid: 174, elementOrHash.elementID: 36055012864.1722>
              Icon, 0x112c457c0 <AX element pid: 174, elementOrHash.elementID: 35941709312.1555>
                Other, 0x112c45900 <AX element pid: 174, elementOrHash.elementID: 35942350144.1574>
                  Other, 0x112c45a40 <AX element pid: 174, elementOrHash.elementID: 35887740480.1603>
                    Other, 0x112c45b80 <AX element pid: 174, elementOrHash.elementID: 35903660800.290>
                      Other, 0x112c45cc0 <AX element pid: 174, elementOrHash.elementID: 35875791616.2227>
                  Other, 0x112c45e00 <AX element pid: 174, elementOrHash.elementID: 35888278784.1604>
                    Other, 0x112c45f40 <AX element pid: 174, elementOrHash.elementID: 35887736896.1642>
                      Image, 0x112c46080 <AX element pid: 174, elementOrHash.elementID: 36052131328.1699>
                      Image, 0x112c461c0 <AX element pid: 174, elementOrHash.elementID: 36052126720.1700>
              Icon, 0x112c46300 <AX element pid: 174, elementOrHash.elementID: 35943691776.1546>
                Other, 0x112c46440 <AX element pid: 174, elementOrHash.elementID: 35943604544.1564>
                  Other, 0x112c46580 <AX element pid: 174, elementOrHash.elementID: 35957582336.1583>
                    Other, 0x112c466c0 <AX element pid: 174, elementOrHash.elementID: 35888280704.1622>
                      Other, 0x112c46800 <AX element pid: 174, elementOrHash.elementID: 35887483392.2228>
                  Other, 0x112c46940 <AX element pid: 174, elementOrHash.elementID: 35888275584.1584>
                    Other, 0x112c46a80 <AX element pid: 174, elementOrHash.elementID: 36004838272.1623>
                      Image, 0x112c46bc0 <AX element pid: 174, elementOrHash.elementID: 36052134400.1661>
                      Image, 0x112c46d00 <AX element pid: 174, elementOrHash.elementID: 36052130304.1662>
              Icon, 0x112c46e40 <AX element pid: 174, elementOrHash.elementID: 35941707776.137>
                Other, 0x112c46f80 <AX element pid: 174, elementOrHash.elementID: 35942349696.179>
                  Other, 0x112c470c0 <AX element pid: 174, elementOrHash.elementID: 35921984384.239>
                    Other, 0x112c47200 <AX element pid: 174, elementOrHash.elementID: 35903663360.302>
                      Other, 0x112c47340 <AX element pid: 174, elementOrHash.elementID: 35887486592.2229>
                  Other, 0x112c47480 <AX element pid: 174, elementOrHash.elementID: 35922153216.240>
                    Other, 0x112c475c0 <AX element pid: 174, elementOrHash.elementID: 35921984832.307>
                      Image, 0x112c47700 <AX element pid: 174, elementOrHash.elementID: 36039383040.397>
                      Image, 0x112c47840 <AX element pid: 174, elementOrHash.elementID: 36039382528.398>
              Icon, 0x112c47980 <AX element pid: 174, elementOrHash.elementID: 35943728640.126>
                Other, 0x112c47ac0 <AX element pid: 174, elementOrHash.elementID: 35943609920.168>
                  Other, 0x112c47c00 <AX element pid: 174, elementOrHash.elementID: 35921979456.217>
                    Other, 0x112c47d40 <AX element pid: 174, elementOrHash.elementID: 35943797120.284>
                      Other, 0x112c47e80 <AX element pid: 174, elementOrHash.elementID: 35876107392.2230>
                  Other, 0x112c48000 <AX element pid: 174, elementOrHash.elementID: 35921998976.218>
                    Other, 0x112c48140 <AX element pid: 174, elementOrHash.elementID: 35921979904.285>
                      Image, 0x112c48280 <AX element pid: 174, elementOrHash.elementID: 36039288320.364>
                      Image, 0x112c483c0 <AX element pid: 174, elementOrHash.elementID: 36039287808.365>
              Icon, 0x112c48500 <AX element pid: 174, elementOrHash.elementID: 35943581184.1557>
                Other, 0x112c48640 <AX element pid: 174, elementOrHash.elementID: 35943596480.1576>
                  Other, 0x112c48780 <AX element pid: 174, elementOrHash.elementID: 35922182144.1607>
                    Other, 0x112c488c0 <AX element pid: 174, elementOrHash.elementID: 35943793280.1645>
                      Other, 0x112c48a00 <AX element pid: 174, elementOrHash.elementID: 35876103552.2231>
                  Other, 0x112c48b40 <AX element pid: 174, elementOrHash.elementID: 35922155776.1608>
                    Other, 0x112c48c80 <AX element pid: 174, elementOrHash.elementID: 35922182592.1646>
                      Image, 0x112c48dc0 <AX element pid: 174, elementOrHash.elementID: 36039388160.1705>
                      Image, 0x112c48f00 <AX element pid: 174, elementOrHash.elementID: 36039387648.1706>
              Icon, 0x112c49040 <AX element pid: 174, elementOrHash.elementID: 35943677952.1368>
                Other, 0x112c49180 <AX element pid: 174, elementOrHash.elementID: 35943600512.1383>
                  Other, 0x112c492c0 <AX element pid: 174, elementOrHash.elementID: 35921982592.1398>
                    Other, 0x112c49400 <AX element pid: 174, elementOrHash.elementID: 35887301888.1431>
                      Other, 0x112c49540 <AX element pid: 174, elementOrHash.elementID: 36005870592.2232>
                  Other, 0x112c49680 <AX element pid: 174, elementOrHash.elementID: 35922150656.1740>
                    Other, 0x112c497c0 <AX element pid: 174, elementOrHash.elementID: 35921983040.1751>
                      Image, 0x112c49900 <AX element pid: 174, elementOrHash.elementID: 36039377920.1773>
                      Image, 0x112c49a40 <AX element pid: 174, elementOrHash.elementID: 36039377408.1774>
              Icon, 0x112c49b80 <AX element pid: 174, elementOrHash.elementID: 35905491456.1547>
                Other, 0x112c49cc0 <AX element pid: 174, elementOrHash.elementID: 35887693824.1565>
                  Other, 0x112c49e00 <AX element pid: 174, elementOrHash.elementID: 35889610752.1585>
                    Other, 0x112c49f40 <AX element pid: 174, elementOrHash.elementID: 35889715456.1624>
                      Other, 0x112c4a080 <AX element pid: 174, elementOrHash.elementID: 35910480384.2233>
                  Other, 0x112c4a1c0 <AX element pid: 174, elementOrHash.elementID: 35889716736.1586>
                    Other, 0x112c4a300 <AX element pid: 174, elementOrHash.elementID: 35889611200.1625>
                      Image, 0x112c4a440 <AX element pid: 174, elementOrHash.elementID: 36055470592.1664>
                      Image, 0x112c4a580 <AX element pid: 174, elementOrHash.elementID: 36055470080.1665>
              Icon, 0x112c4a6c0 <AX element pid: 174, elementOrHash.elementID: 35943708160.135>
                Other, 0x112c4a800 <AX element pid: 174, elementOrHash.elementID: 35943609024.177>
                  Other, 0x112c4a940 <AX element pid: 174, elementOrHash.elementID: 35909462528.235>
                    Other, 0x112c4aa80 <AX element pid: 174, elementOrHash.elementID: 35889713536.1652>
                      Other, 0x112c4abc0 <AX element pid: 174, elementOrHash.elementID: 35887492352.2234>
                  Other, 0x112c4ad00 <AX element pid: 174, elementOrHash.elementID: 35903660160.236>
                    Other, 0x112c4ae40 <AX element pid: 174, elementOrHash.elementID: 35909461632.303>
                      Image, 0x112c4af80 <AX element pid: 174, elementOrHash.elementID: 36021239808.391>
                      Image, 0x112c4b0c0 <AX element pid: 174, elementOrHash.elementID: 36045234176.392>
              Icon, 0x112c4b200 <AX element pid: 174, elementOrHash.elementID: 35904839168.1377>
                Other, 0x112c4b340 <AX element pid: 174, elementOrHash.elementID: 35887797504.1393>
                  Other, 0x112c4b480 <AX element pid: 174, elementOrHash.elementID: 35887807808.1415>
                    Other, 0x112c4b5c0 <AX element pid: 174, elementOrHash.elementID: 35889721216.1440>
                      Other, 0x112c4b700 <AX element pid: 174, elementOrHash.elementID: 35887489152.2235>
                    Other, 0x112c4b840 <AX element pid: 174, elementOrHash.elementID: 35889825024.1441>
                      Other, 0x112c4b980 <AX element pid: 174, elementOrHash.elementID: 35889810048.1475>
                        Image, 0x112c4bac0 <AX element pid: 174, elementOrHash.elementID: 36055537152.1486>
                  Other, 0x112c4bc00 <AX element pid: 174, elementOrHash.elementID: 35888221952.1416>
                    Other, 0x112c4bd40 <AX element pid: 174, elementOrHash.elementID: 35887797952.1442>
                      Image, 0x112c4be80 <AX element pid: 174, elementOrHash.elementID: 36055015424.1476>
                      Image, 0x112c4c000 <AX element pid: 174, elementOrHash.elementID: 36055019520.1477>
              Icon, 0x112c4c140 <AX element pid: 174, elementOrHash.elementID: 35905494528.1551>
                Other, 0x112c4c280 <AX element pid: 174, elementOrHash.elementID: 35889612992.1570>
                  Other, 0x112c4c3c0 <AX element pid: 174, elementOrHash.elementID: 35889613440.1595>
                    Other, 0x112c4c500 <AX element pid: 174, elementOrHash.elementID: 35889719296.1633>
                      Other, 0x112c4c640 <AX element pid: 174, elementOrHash.elementID: 35876104832.2236>
                  Other, 0x112c4c780 <AX element pid: 174, elementOrHash.elementID: 35889720576.1596>
                    Other, 0x112c4c8c0 <AX element pid: 174, elementOrHash.elementID: 35889613888.1634>
                      Image, 0x112c4ca00 <AX element pid: 174, elementOrHash.elementID: 36055473152.1682>
                      Image, 0x112c4cb40 <AX element pid: 174, elementOrHash.elementID: 36055472640.1683>
              Icon, 0x112c4cc80 <AX element pid: 174, elementOrHash.elementID: 35905396224.1354>
                Other, 0x112c4cdc0 <AX element pid: 174, elementOrHash.elementID: 35889626432.1385>
                  Other, 0x112c4cf00 <AX element pid: 174, elementOrHash.elementID: 35889807360.1400>
                    Other, 0x112c4d040 <AX element pid: 174, elementOrHash.elementID: 35889825664.1749>
                      Other, 0x112c4d180 <AX element pid: 174, elementOrHash.elementID: 35876109312.2237>
                  Other, 0x112c4d2c0 <AX element pid: 174, elementOrHash.elementID: 35889772928.1739>
                    Other, 0x112c4d400 <AX element pid: 174, elementOrHash.elementID: 35889807808.1750>
                      Image, 0x112c4d540 <AX element pid: 174, elementOrHash.elementID: 36055535616.1770>
                      Image, 0x112c4d680 <AX element pid: 174, elementOrHash.elementID: 36055535104.1771>
              Icon, 0x112c4d7c0 <AX element pid: 174, elementOrHash.elementID: 35943694336.119>
                Other, 0x112c4d900 <AX element pid: 174, elementOrHash.elementID: 35943604992.161>
                  Other, 0x112c4da40 <AX element pid: 174, elementOrHash.elementID: 35920557184.203>
                    Other, 0x112c4db80 <AX element pid: 174, elementOrHash.elementID: 35889771648.1430>
                      Other, 0x112c4dcc0 <AX element pid: 174, elementOrHash.elementID: 35887474048.2238>
                  Other, 0x112c4de00 <AX element pid: 174, elementOrHash.elementID: 35944979968.204>
                    Other, 0x112c4df40 <AX element pid: 174, elementOrHash.elementID: 35910755968.271>
                      Image, 0x112c4e080 <AX element pid: 174, elementOrHash.elementID: 36046516224.343>
                      Image, 0x112c4e1c0 <AX element pid: 174, elementOrHash.elementID: 36046515712.344>
              Icon, 0x112c4e300 <AX element pid: 174, elementOrHash.elementID: 35956191232.134>
                Other, 0x112c4e440 <AX element pid: 174, elementOrHash.elementID: 35948133248.176>
                  Other, 0x112c4e580 <AX element pid: 174, elementOrHash.elementID: 35909465216.233>
                    Other, 0x112c4e6c0 <AX element pid: 174, elementOrHash.elementID: 35888170240.2122>
                      Other, 0x112c4e800 <AX element pid: 174, elementOrHash.elementID: 35876100352.2244>
                  Other, 0x112c4e940 <AX element pid: 174, elementOrHash.elementID: 35976173824.234>
                    Other, 0x112c4ea80 <AX element pid: 174, elementOrHash.elementID: 35909466112.301>
                      Image, 0x112c4ebc0 <AX element pid: 174, elementOrHash.elementID: 36039490560.388>
                      Image, 0x112c4ed00 <AX element pid: 174, elementOrHash.elementID: 36039488512.389>
            Icon, 0x112c4ee40 <AX element pid: 174, elementOrHash.elementID: 36035589376.65>
              Icon, 0x112c4ef80 <AX element pid: 174, elementOrHash.elementID: 36023791424.143>
            PageIndicator, 0x112c4f0c0 <AX element pid: 174, elementOrHash.elementID: 35941843584.66>
        Other, 0x112c4f200 <AX element pid: 174, elementOrHash.elementID: 36034925568.45>
      Other, 0x112c4f340 <AX element pid: 174, elementOrHash.elementID: 36034935808.32>
  Window, 0x112c4f480 <AX element pid: 174, elementOrHash.elementID: 36032077824.11>
    Other, 0x112c4f5c0 <AX element pid: 174, elementOrHash.elementID: 35953538624.20>
      Other, 0x112c4f700 <AX element pid: 174, elementOrHash.elementID: 35953538176.33>
  Window, 0x112c4f840 <AX element pid: 174, elementOrHash.elementID: 36018690304.12>
    Other, 0x112c4f980 <AX element pid: 174, elementOrHash.elementID: 36017882432.21>
      Other, 0x112c4fac0 <AX element pid: 174, elementOrHash.elementID: 36038462464.34>
        Other, 0x112c4fc00 <AX element pid: 174, elementOrHash.elementID: 35920632704.46>
          Other, 0x112c4fd40 <AX element pid: 174, elementOrHash.elementID: 35920548672.54>
            Other, 0x112c4fe80 <AX element pid: 174, elementOrHash.elementID: 35887737344.1088>
            Other, 0x112c50000 <AX element pid: 174, elementOrHash.elementID: 35943852544.1089>
            Other, 0x112c50140 <AX element pid: 174, elementOrHash.elementID: 35920551360.69>
            Other, 0x112c50280 <AX element pid: 174, elementOrHash.elementID: 35920551808.70>
            Other, 0x112c503c0 <AX element pid: 174, elementOrHash.elementID: 35888128768.2180>
            Other, 0x112c50500 <AX element pid: 174, elementOrHash.elementID: 35887703232.1093>
            Other, 0x112c50640 <AX element pid: 174, elementOrHash.elementID: 35920553152.73>
            Other, 0x112c50780 <AX element pid: 174, elementOrHash.elementID: 35920549120.74>
      Other, 0x112c508c0 <AX element pid: 174, elementOrHash.elementID: 36056067584.1084>
        Other, 0x112c50a00 <AX element pid: 174, elementOrHash.elementID: 11494289431044805875.9999>
          Other, 0x112c50b40 <AX element pid: 333, elementOrHash.elementID: 4309013472.4>
            Other, 0x112c50c80 <AX element pid: 333, elementOrHash.elementID: 4309041312.5>
              Other, 0x112c50dc0 <AX element pid: 333, elementOrHash.elementID: 4308983520.6>
                Other, 0x112c50f00 <AX element pid: 333, elementOrHash.elementID: 4309005120.7>
      Other, 0x112c51040 <AX element pid: 174, elementOrHash.elementID: 36046696960.36>
        Other, 0x112c51180 <AX element pid: 174, elementOrHash.elementID: 35906212864.47>
          Other, 0x112c512c0 <AX element pid: 174, elementOrHash.elementID: 35922778688.55>
  Window, 0x112c51400 <AX element pid: 174, elementOrHash.elementID: 36018691584.13>
    Other, 0x112c51540 <AX element pid: 174, elementOrHash.elementID: 36017885568.22>
  Window, 0x112c51680 <AX element pid: 174, elementOrHash.elementID: 36018685184.1812>
    Other, 0x112c517c0 <AX element pid: 174, elementOrHash.elementID: 35889648896.1813>
      Other, 0x112c51900 <AX element pid: 174, elementOrHash.elementID: 35887702784.1815>
  Window, 0x112c51a40 <AX element pid: 174, elementOrHash.elementID: 35951108864.14>
    Other, 0x112c51b80 <AX element pid: 174, elementOrHash.elementID: 35953539072.23>
      Other, 0x112c51cc0 <AX element pid: 174, elementOrHash.elementID: 35953539968.37>
  Window, 0x112c51e00 <AX element pid: 174, elementOrHash.elementID: 35920354816.15>
    Other, 0x112c51f40 <AX element pid: 174, elementOrHash.elementID: 35923110400.24>
      Other, 0x112c52080 <AX element pid: 174, elementOrHash.elementID: 35923112192.38>
  Window, 0x112c521c0 <AX element pid: 174, elementOrHash.elementID: 36036372480.9>
    Other, 0x112c52300 <AX element pid: 174, elementOrHash.elementID: 35942339840.25>
      Other, 0x112c52440 <AX element pid: 174, elementOrHash.elementID: 35942340288.39>
        Other, 0x112c52580 <AX element pid: 174, elementOrHash.elementID: 35942345216.48>
        Other, 0x112c526c0 <AX element pid: 174, elementOrHash.elementID: 35942345664.49>
        Other, 0x112c52800 <AX element pid: 174, elementOrHash.elementID: 35941851264.50>
          Other, 0x112c52940 <AX element pid: 174, elementOrHash.elementID: 36036367360.56>
            Icon, 0x112c52a80 <AX element pid: 174, elementOrHash.elementID: 35943737856.6>
              Other, 0x112c52bc0 <AX element pid: 174, elementOrHash.elementID: 35943844928.145>
                Other, 0x112c52d00 <AX element pid: 174, elementOrHash.elementID: 35943845376.185>
                  Other, 0x112c52e40 <AX element pid: 174, elementOrHash.elementID: 35943797760.251>
                    Other, 0x112c52f80 <AX element pid: 174, elementOrHash.elementID: 35943806720.319>
            Icon, 0x112c530c0 <AX element pid: 174, elementOrHash.elementID: 35943739392.75>
              Other, 0x112c53200 <AX element pid: 174, elementOrHash.elementID: 35943845824.146>
                Other, 0x112c53340 <AX element pid: 174, elementOrHash.elementID: 35943846272.186>
                  Other, 0x112c53480 <AX element pid: 174, elementOrHash.elementID: 35943792640.252>
                    Other, 0x112c535c0 <AX element pid: 174, elementOrHash.elementID: 35943808000.320>
            Icon, 0x112c53700 <AX element pid: 174, elementOrHash.elementID: 35943740928.76>
              Other, 0x112c53840 <AX element pid: 174, elementOrHash.elementID: 35943846720.147>
                Other, 0x112c53980 <AX element pid: 174, elementOrHash.elementID: 35943847168.187>
                  Other, 0x112c53ac0 <AX element pid: 174, elementOrHash.elementID: 35941855104.253>
                    Other, 0x112c53c00 <AX element pid: 174, elementOrHash.elementID: 35944039040.321>
            Icon, 0x112c53d40 <AX element pid: 174, elementOrHash.elementID: 35944136704.77>
              Other, 0x112c53e80 <AX element pid: 174, elementOrHash.elementID: 35943847616.148>
                Other, 0x112c5c000 <AX element pid: 174, elementOrHash.elementID: 35943848064.188>
                  Other, 0x112c5c140 <AX element pid: 174, elementOrHash.elementID: 35943795840.254>
                    Other, 0x112c5c280 <AX element pid: 174, elementOrHash.elementID: 35944040320.322>
            Icon, 0x112c5c3c0 <AX element pid: 174, elementOrHash.elementID: 35944138240.78>
              Other, 0x112c5c500 <AX element pid: 174, elementOrHash.elementID: 35943848512.149>
                Other, 0x112c5c640 <AX element pid: 174, elementOrHash.elementID: 35943848960.189>
                  Other, 0x112c5c780 <AX element pid: 174, elementOrHash.elementID: 35941858304.255>
                    Other, 0x112c5c8c0 <AX element pid: 174, elementOrHash.elementID: 35875794176.2181>
            Icon, 0x112c5ca00 <AX element pid: 174, elementOrHash.elementID: 35944139776.79>
              Other, 0x112c5cb40 <AX element pid: 174, elementOrHash.elementID: 35943849856.150>
                Other, 0x112c5cc80 <AX element pid: 174, elementOrHash.elementID: 35943850304.190>
                  Other, 0x112c5cdc0 <AX element pid: 174, elementOrHash.elementID: 35943799040.256>
                    Other, 0x112c5cf00 <AX element pid: 174, elementOrHash.elementID: 35944043520.324>
            Icon, 0x112c5d040 <AX element pid: 174, elementOrHash.elementID: 35944141312.80>
              Other, 0x112c5d180 <AX element pid: 174, elementOrHash.elementID: 35943850752.151>
                Other, 0x112c5d2c0 <AX element pid: 174, elementOrHash.elementID: 35943851200.191>
                  Other, 0x112c5d400 <AX element pid: 174, elementOrHash.elementID: 35941853184.257>
                    Other, 0x112c5d540 <AX element pid: 174, elementOrHash.elementID: 35944044800.325>
          Other, 0x112c5d680 <AX element pid: 174, elementOrHash.elementID: 36036369408.57>
            Icon, 0x112c5d7c0 <AX element pid: 174, elementOrHash.elementID: 35941698560.81>
              Other, 0x112c5d900 <AX element pid: 174, elementOrHash.elementID: 35942346112.152>
                Other, 0x112c5da40 <AX element pid: 174, elementOrHash.elementID: 35943611712.192>
                  Other, 0x112c5db80 <AX element pid: 174, elementOrHash.elementID: 35941853824.258>
                    Other, 0x112c5dcc0 <AX element pid: 174, elementOrHash.elementID: 35943800960.326>
            Icon, 0x112c5de00 <AX element pid: 174, elementOrHash.elementID: 35943734784.82>
              Other, 0x112c5df40 <AX element pid: 174, elementOrHash.elementID: 35943841792.153>
                Other, 0x112c5e080 <AX element pid: 174, elementOrHash.elementID: 35943842240.193>
                  Other, 0x112c5e1c0 <AX element pid: 174, elementOrHash.elementID: 35943794560.259>
                    Other, 0x112c5e300 <AX element pid: 174, elementOrHash.elementID: 35943802240.327>
                  Other, 0x112c5e440 <AX element pid: 174, elementOrHash.elementID: 35943802880.260>
                    Other, 0x112c5e580 <AX element pid: 174, elementOrHash.elementID: 35943844032.328>
                      Image, 0x112c5e6c0 <AX element pid: 174, elementOrHash.elementID: 36036537344.415>
          Other, 0x112c5e800 <AX element pid: 174, elementOrHash.elementID: 36036368384.58>
          Icon, 0x112c5e940 <AX element pid: 174, elementOrHash.elementID: 35944142848.59>
            Other, 0x112c5ea80 <AX element pid: 174, elementOrHash.elementID: 35887479808.1147>
            Other, 0x112c5ebc0 <AX element pid: 174, elementOrHash.elementID: 35887469568.1148>
            Other, 0x112c5ed00 <AX element pid: 174, elementOrHash.elementID: 35891053184.513>
            Other, 0x112c5ee40 <AX element pid: 174, elementOrHash.elementID: 35887477248.1149>
      Other, 0x112c5ef80 <AX element pid: 174, elementOrHash.elementID: 35944048000.40>
        Other, 0x112c5f0c0 <AX element pid: 174, elementOrHash.elementID: 36037143040.51>
          Other, 0x112c5f200 <AX element pid: 174, elementOrHash.elementID: 16400521463572639115.9999>
            Other, 0x112c5f340 <AX element pid: 303, elementOrHash.elementID: 4312005392.4>
              Other, 0x112c5f480 <AX element pid: 303, elementOrHash.elementID: 33807598848.5>
                Other, 0x112c5f5c0 <AX element pid: 303, elementOrHash.elementID: 33807631232.6>
                  Other, 0x112c5f700 <AX element pid: 303, elementOrHash.elementID: 33807630336.7>
          Other, 0x112c5f840 <AX element pid: 174, elementOrHash.elementID: 3119342986303746691.9999>
            Other, 0x112c5f980 <AX element pid: 303, elementOrHash.elementID: 33807632128.8>
              Other, 0x112c5fac0 <AX element pid: 303, elementOrHash.elementID: 33807633920.9>
          Other, 0x112c5fc00 <AX element pid: 174, elementOrHash.elementID: 13277597320353363328.9999>
  Window, 0x112c5fd40 <AX element pid: 174, elementOrHash.elementID: 36022010880.16>
    StatusBar, 0x112c5fe80 <AX element pid: 174, elementOrHash.elementID: 36017866624.26>
      Other, 0x112c60000 <AX element pid: 174, elementOrHash.elementID: 36021977088.41>
        Other, 0x112c60140 <AX element pid: 174, elementOrHash.elementID: 35889654720.2076>
          Other, 0x112c60280 <AX element pid: 174, elementOrHash.elementID: 35889647552.2077>
            StaticText, 0x112c603c0 <AX element pid: 174, elementOrHash.elementID: 35893191424.2079>
            StaticText, 0x112c60500 <AX element pid: 174, elementOrHash.elementID: 35893197696.2080>
          Other, 0x112c60640 <AX element pid: 174, elementOrHash.elementID: 35907105920.2078>
            Other, 0x112c60780 <AX element pid: 174, elementOrHash.elementID: 36057354752.2081>
            StaticText, 0x112c608c0 <AX element pid: 174, elementOrHash.elementID: 35911293952.2083>
            Other, 0x112c60a00 <AX element pid: 174, elementOrHash.elementID: 35888203008.2084>
    Other, 0x112c60b40 <AX element pid: 174, elementOrHash.elementID: 36017881984.27>
  Window, 0x112c60c80 <AX element pid: 174, elementOrHash.elementID: 36032072704.17>
    Other, 0x112c60dc0 <AX element pid: 174, elementOrHash.elementID: 35953535488.28>
  Window, 0x112c60f00 <AX element pid: 174, elementOrHash.elementID: 36032076800.18>
    Other, 0x112c61040 <AX element pid: 174, elementOrHash.elementID: 35953537728.29>
23:27:23.812 WebDriverAgentRunner-Runner[1371:144542] Found matches {(
    StatusBar
)} with root Application, pid: 174
23:27:23.812 WebDriverAgentRunner-Runner[1371:144542] <XCTContext: 0x104595720> finished activity <XCActivityRecord: 0x10752caf0> 2026-07-19 16:27:23 +0000: Get all elements bound by index for: Descendants matching type StatusBar (0.301159s)
23:27:23.812 WebDriverAgentRunner-Runner[1371:144542] <XCTContext: 0x104595720> started activity <XCActivityRecord: 0x10752caf0> 2026-07-19 16:27:23 +0000: Find the StatusBar (Element at index 0)
23:27:23.813 WebDriverAgentRunner-Runner[1371:144542] Executing query:
↪︎ Descendants matching type StatusBar
    ↪︎ Element at index 0
23:27:23.813 WebDriverAgentRunner-Runner[1371:144542] Creating future for 'checking for continuity enablement' with timeout 30.00
23:27:23.813 WebDriverAgentRunner-Runner[1371:144542] <XCTWaiter: 0x107eeb4b0> entering wait loop for 30.00s with expectations: `checking for continuity enablement`
23:27:23.814 WebDriverAgentRunner-Runner[1371:144542] Returning result XCTWaiterResultCompleted for synchronous waiter <XCTWaiter: 0x107eeb4b0>
    t =   127.79s Find the StatusBar (Element at index 0)
23:27:23.814 WebDriverAgentRunner-Runner[1371:144542] Wait <XCTWaiterWait: 0x112c77940> completed after 0.001s
23:27:23.814 WebDriverAgentRunner-Runner[1371:144542] cleaning up checking for continuity enablement
23:27:23.815 WebDriverAgentRunner-Runner[1371:144542] Should evaluate query remotely? XCTDisableRemoteQueryEvaluation(d-write): YES, hasAutomationSession: YES, supportsRemoteEvaluation: YES
23:27:23.815 WebDriverAgentRunner-Runner[1371:144542] Getting matching snapshots for locally evaluated query
23:27:23.815 WebDriverAgentRunner-Runner[1371:144542] Evaluating query:
 ↪︎ Descendants matching type StatusBar
    ↪︎ Element at index 0
23:27:23.815 WebDriverAgentRunner-Runner[1371:144542] Getting root element snapshot
23:27:23.815 WebDriverAgentRunner-Runner[1371:144542] Getting snapshot for App element pid: 174 for query ↪︎ Descendants matching type StatusBar
    ↪︎ Element at index 0
23:27:23.815 WebDriverAgentRunner-Runner[1371:144542] <XCTContext: 0x104595720> started activity <XCActivityRecord: 0x10752c070> 2026-07-19 16:27:23 +0000: Requesting snapshot of accessibility hierarchy for app with pid 174
23:27:23.815 WebDriverAgentRunner-Runner[1371:144542] Query requires iOS snapshot attributes XC_kAXXCAttributeElementType, XC_kAXXCAttributeElementBaseType, XC_kAXXCAttributeAutomationType, XC_kAXXCAttributeTraits.
23:27:23.815 WebDriverAgentRunner-Runner[1371:144542] XCUIElementQuery <XCTElementSnapshotProvider> getting snapshot
23:27:23.815 WebDriverAgentRunner-Runner[1371:144542] Snapshot request has custom attributes XC_kAXXCAttributeElementType, XC_kAXXCAttributeElementBaseType, XC_kAXXCAttributeAutomationType, XC_kAXXCAttributeTraits
23:27:23.815 WebDriverAgentRunner-Runner[1371:144542] Snapshot request has custom parameters {
    snapshotKeyHonorModalViews = 0;
}
23:27:23.816 WebDriverAgentRunner-Runner[1371:144542] Current snapshot generation is 128
23:27:23.816 WebDriverAgentRunner-Runner[1371:144542] Capturing a new snapshot
23:27:23.816 WebDriverAgentRunner-Runner[1371:144542] Fetching snapshot for App element pid: 174 from testmanagerd with attributes XC_kAXXCAttributeElementType, XC_kAXXCAttributeElementBaseType, XC_kAXXCAttributeParent, XC_kAXXCAttributeIdentifier, XC_kAXXCAttributeAutomationType, XC_kAXXCAttributeTraits and parameters {
    maxArrayCount = 2147483647;
    maxChildren = 2147483647;
    maxDepth = 50;
    snapshotKeyHonorModalViews = 0;
    traverseFromParentsToChildren = 1;
}.
23:27:23.816 WebDriverAgentRunner-Runner[1371:144542] Creating future for 'fetching snapshot from testmanagerd.' with timeout 65.00
23:27:23.816 WebDriverAgentRunner-Runner[1371:144542] <XCTWaiter: 0x107ee9980> entering wait loop for 65.00s with expectations: `fetching snapshot from testmanagerd.`
    t =   127.79s     Requesting snapshot of accessibility hierarchy for app with pid 174
23:27:24.058 WebDriverAgentRunner-Runner[1371:144564] Got snapshot response with runtime issue support from testmanagerd.
23:27:24.058 WebDriverAgentRunner-Runner[1371:144542] Returning result XCTWaiterResultCompleted for synchronous waiter <XCTWaiter: 0x107ee9980>
23:27:24.058 WebDriverAgentRunner-Runner[1371:144542] Wait <XCTWaiterWait: 0x112c76200> completed after 0.242s
23:27:24.058 WebDriverAgentRunner-Runner[1371:144542] cleaning up fetching snapshot from testmanagerd.
23:27:24.058 WebDriverAgentRunner-Runner[1371:144542] <XCTContext: 0x104595720> finished activity <XCActivityRecord: 0x10752c070> 2026-07-19 16:27:23 +0000: Requesting snapshot of accessibility hierarchy for app with pid 174 (0.2433s)
23:27:24.059 WebDriverAgentRunner-Runner[1371:144542] XCTPerformOnMainRunLoop[MT]: already on MT; performing block without run loop dispatch - timeouts will not be enforced.
23:27:24.059 WebDriverAgentRunner-Runner[1371:144542] XCTElementQuery: set data source for rootElementSnapshot to (null)
23:27:24.059 WebDriverAgentRunner-Runner[1371:144542] Finding all matches with input Application, pid: 174 using transformers 
↪︎ Descendants matching type StatusBar
    ↪︎ Element at index 0
23:27:24.059 WebDriverAgentRunner-Runner[1371:144542] <XCTContext: 0x104595720> started activity <XCActivityRecord: 0x10752c070> 2026-07-19 16:27:24 +0000: Find: Descendants matching type StatusBar
    t =   128.03s     Find: Descendants matching type StatusBar
23:27:24.062 WebDriverAgentRunner-Runner[1371:144542] <XCTContext: 0x104595720> finished activity <XCActivityRecord: 0x10752c070> 2026-07-19 16:27:24 +0000: Find: Descendants matching type StatusBar (0.00271499s)
23:27:24.062 WebDriverAgentRunner-Runner[1371:144542] [Match All] applied transformer `Descendants matching type StatusBar` to input {(
    Application, pid: 174
)}, found {(
    StatusBar
)}
23:27:24.062 WebDriverAgentRunner-Runner[1371:144542] <XCTContext: 0x104595720> started activity <XCActivityRecord: 0x10752c070> 2026-07-19 16:27:24 +0000: Find: Element at index 0
23:27:24.062 WebDriverAgentRunner-Runner[1371:144542] <XCTContext: 0x104595720> finished activity <XCActivityRecord: 0x10752c070> 2026-07-19 16:27:24 +0000: Find: Element at index 0 (0.000247955s)
23:27:24.062 WebDriverAgentRunner-Runner[1371:144542] [Match All] applied transformer `Element at index 0` to input {(
    StatusBar
)}, found {(
    StatusBar
)}
23:27:24.062 WebDriverAgentRunner-Runner[1371:144542] [Match All] setting out related elements {(
)}
    t =   128.04s     Find: Element at index 0
23:27:24.067 WebDriverAgentRunner-Runner[1371:144542] Current tree:
Application, 0x112c61180, pid: 174 <App element pid: 174>
  Window, 0x112c612c0 <AX element pid: 174, elementOrHash.elementID: 36032084992.10>
    Other, 0x112c61400 <AX element pid: 174, elementOrHash.elementID: 35948119808.19>
      Other, 0x112c61540 <AX element pid: 174, elementOrHash.elementID: 35948120256.30>
        Image, 0x112c61680 <AX element pid: 174, elementOrHash.elementID: 36036531200.42>
        Image, 0x112c617c0 <AX element pid: 174, elementOrHash.elementID: 36036531712.43>
      Other, 0x112c61900 <AX element pid: 174, elementOrHash.elementID: 35948119360.31>
        Other, 0x112c61a40 <AX element pid: 174, elementOrHash.elementID: 35948131904.44>
          Other, 0x112c61b80 <AX element pid: 174, elementOrHash.elementID: 35941697024.53>
            Other, 0x112c61cc0 <AX element pid: 174, elementOrHash.elementID: 35948131456.62>
              Other, 0x112c61e00 <AX element pid: 174, elementOrHash.elementID: 35948131008.97>
            Icon, 0x112c61f40 <AX element pid: 174, elementOrHash.elementID: 36035587328.63>
              Icon, 0x112c62080 <AX element pid: 174, elementOrHash.elementID: 36035839104.98>
              Icon, 0x112c621c0 <AX element pid: 174, elementOrHash.elementID: 36035839296.99>
              Icon, 0x112c62300 <AX element pid: 174, elementOrHash.elementID: 36035839488.100>
              Icon, 0x112c62440 <AX element pid: 174, elementOrHash.elementID: 36035839872.101>
              Icon, 0x112c62580 <AX element pid: 174, elementOrHash.elementID: 36035840064.102>
              Icon, 0x112c626c0 <AX element pid: 174, elementOrHash.elementID: 36024175808.103>
              Icon, 0x112c62800 <AX element pid: 174, elementOrHash.elementID: 36023792960.104>
              Icon, 0x112c62940 <AX element pid: 174, elementOrHash.elementID: 36024840576.105>
              Icon, 0x112c62a80 <AX element pid: 174, elementOrHash.elementID: 36024206656.106>
              Icon, 0x112c62bc0 <AX element pid: 174, elementOrHash.elementID: 36023793344.107>
              Icon, 0x112c62d00 <AX element pid: 174, elementOrHash.elementID: 36024183296.108>
              Icon, 0x112c62e40 <AX element pid: 174, elementOrHash.elementID: 36024259456.109>
              Icon, 0x112c62f80 <AX element pid: 174, elementOrHash.elementID: 36024838464.110>
              Icon, 0x112c630c0 <AX element pid: 174, elementOrHash.elementID: 36024596928.111>
              Icon, 0x112c63200 <AX element pid: 174, elementOrHash.elementID: 36024207040.112>
              Icon, 0x112c63340 <AX element pid: 174, elementOrHash.elementID: 36024209536.113>
              Icon, 0x112c63480 <AX element pid: 174, elementOrHash.elementID: 36024186176.114>
            Icon, 0x112c635c0 <AX element pid: 174, elementOrHash.elementID: 36035588864.64>
              Icon, 0x112c63700 <AX element pid: 174, elementOrHash.elementID: 35904843776.1376>
                Other, 0x112c63840 <AX element pid: 174, elementOrHash.elementID: 35889589184.1392>
                  Other, 0x112c63980 <AX element pid: 174, elementOrHash.elementID: 35889590080.1413>
                    Other, 0x112c63ac0 <AX element pid: 174, elementOrHash.elementID: 36042307072.1621>
                      Other, 0x112c63c00 <AX element pid: 174, elementOrHash.elementID: 35876099712.2212>
                  Other, 0x112c63d40 <AX element pid: 174, elementOrHash.elementID: 35888248576.1414>
                    Other, 0x112c63e80 <AX element pid: 174, elementOrHash.elementID: 35889591872.1439>
                      Image, 0x112c6c000 <AX element pid: 174, elementOrHash.elementID: 36055018496.1472>
                      Image, 0x112c6c140 <AX element pid: 174, elementOrHash.elementID: 36055013376.1473>
              Icon, 0x112c6c280 <AX element pid: 174, elementOrHash.elementID: 35904517632.1550>
                Other, 0x112c6c3c0 <AX element pid: 174, elementOrHash.elementID: 35892693632.1569>
                  Other, 0x112c6c500 <AX element pid: 174, elementOrHash.elementID: 35892704384.1593>
                    Other, 0x112c6c640 <AX element pid: 174, elementOrHash.elementID: 35887504896.1631>
                      Other, 0x112c6c780 <AX element pid: 174, elementOrHash.elementID: 35887472768.2213>
                  Other, 0x112c6c8c0 <AX element pid: 174, elementOrHash.elementID: 35888235136.1594>
                    Other, 0x112c6ca00 <AX element pid: 174, elementOrHash.elementID: 35892692288.1632>
                      Image, 0x112c6cb40 <AX element pid: 174, elementOrHash.elementID: 36053856256.1679>
                      Image, 0x112c6cc80 <AX element pid: 174, elementOrHash.elementID: 36053851136.1680>
              Icon, 0x112c6cdc0 <AX element pid: 174, elementOrHash.elementID: 35943579648.129>
                Other, 0x112c6cf00 <AX element pid: 174, elementOrHash.elementID: 35943596032.171>
                  Other, 0x112c6d040 <AX element pid: 174, elementOrHash.elementID: 35909462080.223>
                    Other, 0x112c6d180 <AX element pid: 174, elementOrHash.elementID: 35904822144.264>
                      Other, 0x112c6d2c0 <AX element pid: 174, elementOrHash.elementID: 35905292800.2214>
                  Other, 0x112c6d400 <AX element pid: 174, elementOrHash.elementID: 35903662080.224>
                    Other, 0x112c6d540 <AX element pid: 174, elementOrHash.elementID: 35909456704.291>
                      Image, 0x112c6d680 <AX element pid: 174, elementOrHash.elementID: 36045230080.373>
                      Image, 0x112c6d7c0 <AX element pid: 174, elementOrHash.elementID: 36045229568.374>
              Icon, 0x112c6d900 <AX element pid: 174, elementOrHash.elementID: 35905393152.1552>
                Other, 0x112c6da40 <AX element pid: 174, elementOrHash.elementID: 35889623744.1571>
                  Other, 0x112c6db80 <AX element pid: 174, elementOrHash.elementID: 35889624192.1597>
                    Other, 0x112c6dcc0 <AX element pid: 174, elementOrHash.elementID: 35943798400.306>
                      Other, 0x112c6de00 <AX element pid: 174, elementOrHash.elementID: 35875789056.2215>
                  Other, 0x112c6df40 <AX element pid: 174, elementOrHash.elementID: 35889769088.1598>
                    Other, 0x112c6e080 <AX element pid: 174, elementOrHash.elementID: 35889624640.1636>
                      Image, 0x112c6e1c0 <AX element pid: 174, elementOrHash.elementID: 36055533056.1687>
                      Image, 0x112c6e300 <AX element pid: 174, elementOrHash.elementID: 36055532544.1688>
              Icon, 0x112c6e440 <AX element pid: 174, elementOrHash.elementID: 35943593472.1554>
                Other, 0x112c6e580 <AX element pid: 174, elementOrHash.elementID: 35943600064.1573>
                  Other, 0x112c6e6c0 <AX element pid: 174, elementOrHash.elementID: 35922183040.1601>
                    Other, 0x112c6e800 <AX element pid: 174, elementOrHash.elementID: 35888238976.1438>
                      Other, 0x112c6e940 <AX element pid: 174, elementOrHash.elementID: 35887487872.2216>
                  Other, 0x112c6ea80 <AX element pid: 174, elementOrHash.elementID: 35922157056.1602>
                    Other, 0x112c6ebc0 <AX element pid: 174, elementOrHash.elementID: 35922183488.1641>
                      Image, 0x112c6ed00 <AX element pid: 174, elementOrHash.elementID: 36039390720.1696>
                      Image, 0x112c6ee40 <AX element pid: 174, elementOrHash.elementID: 36039390208.1697>
              Icon, 0x112c6ef80 <AX element pid: 174, elementOrHash.elementID: 35943706624.1143>
                Other, 0x112c6f0c0 <AX element pid: 174, elementOrHash.elementID: 35943608576.1567>
                  Other, 0x112c6f200 <AX element pid: 174, elementOrHash.elementID: 35921976768.1589>
                    Other, 0x112c6f340 <AX element pid: 174, elementOrHash.elementID: 35887330432.2047>
                      Other, 0x112c6f480 <AX element pid: 174, elementOrHash.elementID: 35887491712.2217>
                  Other, 0x112c6f5c0 <AX element pid: 174, elementOrHash.elementID: 35903654400.1590>
                    Other, 0x112c6f700 <AX element pid: 174, elementOrHash.elementID: 35887731968.1628>
                      Image, 0x112c6f840 <AX element pid: 174, elementOrHash.elementID: 36053854208.1672>
                      Image, 0x112c6f980 <AX element pid: 174, elementOrHash.elementID: 36053856768.1673>
              Icon, 0x112c6fac0 <AX element pid: 174, elementOrHash.elementID: 35943679488.1563>
                Other, 0x112c6fc00 <AX element pid: 174, elementOrHash.elementID: 35943600960.1582>
                  Other, 0x112c6fd40 <AX element pid: 174, elementOrHash.elementID: 35887739584.1619>
                    Other, 0x112c6fe80 <AX element pid: 174, elementOrHash.elementID: 36017871744.288>
                      Other, 0x107f8c000 <AX element pid: 174, elementOrHash.elementID: 35876097792.2218>
                  Other, 0x107f8c140 <AX element pid: 174, elementOrHash.elementID: 35888281984.1620>
                    Other, 0x107f8c280 <AX element pid: 174, elementOrHash.elementID: 35887734208.1658>
                      Image, 0x107f8c3c0 <AX element pid: 174, elementOrHash.elementID: 36053844480.1724>
                      Image, 0x107f8c500 <AX element pid: 174, elementOrHash.elementID: 36053843968.1725>
              Icon, 0x107f8c640 <AX element pid: 174, elementOrHash.elementID: 35905492992.1548>
                Other, 0x107f8c780 <AX element pid: 174, elementOrHash.elementID: 35889611648.1566>
                  Other, 0x107f8c8c0 <AX element pid: 174, elementOrHash.elementID: 35889612096.1587>
                    Other, 0x107f8ca00 <AX element pid: 174, elementOrHash.elementID: 35888216448.1626>
                      Other, 0x107f8cb40 <AX element pid: 174, elementOrHash.elementID: 35887473408.2219>
                  Other, 0x107f8cc80 <AX element pid: 174, elementOrHash.elementID: 35889718656.1588>
                    Other, 0x107f8cdc0 <AX element pid: 174, elementOrHash.elementID: 35889612544.1627>
                      Image, 0x107f8cf00 <AX element pid: 174, elementOrHash.elementID: 36055472128.1667>
                      Image, 0x107f8d040 <AX element pid: 174, elementOrHash.elementID: 36055471616.1668>
              Icon, 0x107f8d180 <AX element pid: 174, elementOrHash.elementID: 35905394688.1556>
                Other, 0x107f8d2c0 <AX element pid: 174, elementOrHash.elementID: 35889625088.1575>
                  Other, 0x107f8d400 <AX element pid: 174, elementOrHash.elementID: 35889625536.1605>
                    Other, 0x107f8d540 <AX element pid: 174, elementOrHash.elementID: 35889827584.1643>
                      Other, 0x107f8d680 <AX element pid: 174, elementOrHash.elementID: 35957085184.2220>
                  Other, 0x107f8d7c0 <AX element pid: 174, elementOrHash.elementID: 35889771008.1606>
                    Other, 0x107f8d900 <AX element pid: 174, elementOrHash.elementID: 35889625984.1644>
                      Image, 0x107f8da40 <AX element pid: 174, elementOrHash.elementID: 36055534080.1702>
                      Image, 0x107f8db80 <AX element pid: 174, elementOrHash.elementID: 36055533568.1703>
              Icon, 0x107f8dcc0 <AX element pid: 174, elementOrHash.elementID: 35904840704.1561>
                Other, 0x107f8de00 <AX element pid: 174, elementOrHash.elementID: 35889589632.1580>
                  Other, 0x107f8df40 <AX element pid: 174, elementOrHash.elementID: 35889588288.1615>
                    Other, 0x107f8e080 <AX element pid: 174, elementOrHash.elementID: 35888230272.1654>
                      Other, 0x107f8e1c0 <AX element pid: 174, elementOrHash.elementID: 35875792256.2221>
                  Other, 0x107f8e300 <AX element pid: 174, elementOrHash.elementID: 35888242816.1616>
                    Other, 0x107f8e440 <AX element pid: 174, elementOrHash.elementID: 35889588736.1655>
                      Image, 0x107f8e580 <AX element pid: 174, elementOrHash.elementID: 36055023104.1718>
                      Image, 0x107f8e6c0 <AX element pid: 174, elementOrHash.elementID: 36055020544.1719>
              Icon, 0x107f8e800 <AX element pid: 174, elementOrHash.elementID: 35905489920.1560>
                Other, 0x107f8e940 <AX element pid: 174, elementOrHash.elementID: 35887708160.1579>
                  Other, 0x107f8ea80 <AX element pid: 174, elementOrHash.elementID: 35887694272.1613>
                    Other, 0x107f8ebc0 <AX element pid: 174, elementOrHash.elementID: 35893129728.1640>
                      Other, 0x107f8ed00 <AX element pid: 174, elementOrHash.elementID: 35887482112.2222>
                  Other, 0x107f8ee40 <AX element pid: 174, elementOrHash.elementID: 35889714816.1614>
                    Other, 0x107f8ef80 <AX element pid: 174, elementOrHash.elementID: 35887695168.1653>
                      Image, 0x107f8f0c0 <AX element pid: 174, elementOrHash.elementID: 36055469568.1715>
                      Image, 0x107f8f200 <AX element pid: 174, elementOrHash.elementID: 36055469056.1716>
              Icon, 0x107f8f340 <AX element pid: 174, elementOrHash.elementID: 35905391616.1372>
                Other, 0x107f8f480 <AX element pid: 174, elementOrHash.elementID: 35889622400.1388>
                  Other, 0x107f8f5c0 <AX element pid: 174, elementOrHash.elementID: 35889622848.1405>
                    Other, 0x107f8f700 <AX element pid: 174, elementOrHash.elementID: 35921991936.1638>
                      Other, 0x107f8f840 <AX element pid: 174, elementOrHash.elementID: 35887484672.2223>
                  Other, 0x107f8f980 <AX element pid: 174, elementOrHash.elementID: 35889767168.1406>
                    Other, 0x107f8fac0 <AX element pid: 174, elementOrHash.elementID: 35889623296.1432>
                      Image, 0x107f8fc00 <AX element pid: 174, elementOrHash.elementID: 36055531520.1459>
                      Image, 0x107f8fd40 <AX element pid: 174, elementOrHash.elementID: 36055481856.1460>
              Icon, 0x107f8fe80 <AX element pid: 174, elementOrHash.elementID: 35943695872.140>
                Other, 0x107f94000 <AX element pid: 174, elementOrHash.elementID: 35943605440.182>
                  Other, 0x107f94140 <AX element pid: 174, elementOrHash.elementID: 35909463872.245>
                    Other, 0x107f94280 <AX element pid: 174, elementOrHash.elementID: 35976178304.313>
                      Other, 0x107f943c0 <AX element pid: 174, elementOrHash.elementID: 35876098432.2224>
                  Other, 0x107f94500 <AX element pid: 174, elementOrHash.elementID: 35908194688.246>
                    Other, 0x107f94640 <AX element pid: 174, elementOrHash.elementID: 35909454912.314>
                      Image, 0x107f94780 <AX element pid: 174, elementOrHash.elementID: 36039489024.407>
                      Image, 0x107f948c0 <AX element pid: 174, elementOrHash.elementID: 36039489536.408>
              Icon, 0x107f94a00 <AX element pid: 174, elementOrHash.elementID: 35943727104.116>
                Other, 0x107f94b40 <AX element pid: 174, elementOrHash.elementID: 35943609472.158>
                  Other, 0x107f94c80 <AX element pid: 174, elementOrHash.elementID: 35923107712.197>
                    Other, 0x107f94dc0 <AX element pid: 174, elementOrHash.elementID: 35889717376.1637>
                      Other, 0x107f94f00 <AX element pid: 174, elementOrHash.elementID: 35876106752.2225>
                  Other, 0x107f95040 <AX element pid: 174, elementOrHash.elementID: 35904820864.198>
                    Other, 0x107f95180 <AX element pid: 174, elementOrHash.elementID: 35923099648.265>
                      Image, 0x107f952c0 <AX element pid: 174, elementOrHash.elementID: 36044152320.334>
                      Image, 0x107f95400 <AX element pid: 174, elementOrHash.elementID: 36044151808.335>
              Icon, 0x107f95540 <AX element pid: 174, elementOrHash.elementID: 35904842240.1562>
                Other, 0x107f95680 <AX element pid: 174, elementOrHash.elementID: 35889590528.1581>
                  Other, 0x107f957c0 <AX element pid: 174, elementOrHash.elementID: 35889590976.1617>
                    Other, 0x107f95900 <AX element pid: 174, elementOrHash.elementID: 35888220672.1656>
                      Other, 0x107f95a40 <AX element pid: 174, elementOrHash.elementID: 36005864832.2226>
                  Other, 0x107f95b80 <AX element pid: 174, elementOrHash.elementID: 35888227712.1618>
                    Other, 0x107f95cc0 <AX element pid: 174, elementOrHash.elementID: 35889593664.1657>
                      Image, 0x107f95e00 <AX element pid: 174, elementOrHash.elementID: 36055022592.1721>
                      Image, 0x107f95f40 <AX element pid: 174, elementOrHash.elementID: 36055012864.1722>
              Icon, 0x107f96080 <AX element pid: 174, elementOrHash.elementID: 35941709312.1555>
                Other, 0x107f961c0 <AX element pid: 174, elementOrHash.elementID: 35942350144.1574>
                  Other, 0x107f96300 <AX element pid: 174, elementOrHash.elementID: 35887740480.1603>
                    Other, 0x107f96440 <AX element pid: 174, elementOrHash.elementID: 35903660800.290>
                      Other, 0x107f96580 <AX element pid: 174, elementOrHash.elementID: 35875791616.2227>
                  Other, 0x107f966c0 <AX element pid: 174, elementOrHash.elementID: 35888278784.1604>
                    Other, 0x107f96800 <AX element pid: 174, elementOrHash.elementID: 35887736896.1642>
                      Image, 0x107f96940 <AX element pid: 174, elementOrHash.elementID: 36052131328.1699>
                      Image, 0x107f96a80 <AX element pid: 174, elementOrHash.elementID: 36052126720.1700>
              Icon, 0x107f96bc0 <AX element pid: 174, elementOrHash.elementID: 35943691776.1546>
                Other, 0x107f96d00 <AX element pid: 174, elementOrHash.elementID: 35943604544.1564>
                  Other, 0x107f96e40 <AX element pid: 174, elementOrHash.elementID: 35957582336.1583>
                    Other, 0x107f96f80 <AX element pid: 174, elementOrHash.elementID: 35888280704.1622>
                      Other, 0x107f970c0 <AX element pid: 174, elementOrHash.elementID: 35887483392.2228>
                  Other, 0x107f97200 <AX element pid: 174, elementOrHash.elementID: 35888275584.1584>
                    Other, 0x107f97340 <AX element pid: 174, elementOrHash.elementID: 36004838272.1623>
                      Image, 0x107f97480 <AX element pid: 174, elementOrHash.elementID: 36052134400.1661>
                      Image, 0x107f975c0 <AX element pid: 174, elementOrHash.elementID: 36052130304.1662>
              Icon, 0x107f97700 <AX element pid: 174, elementOrHash.elementID: 35941707776.137>
                Other, 0x107f97840 <AX element pid: 174, elementOrHash.elementID: 35942349696.179>
                  Other, 0x107f97980 <AX element pid: 174, elementOrHash.elementID: 35921984384.239>
                    Other, 0x107f97ac0 <AX element pid: 174, elementOrHash.elementID: 35903663360.302>
                      Other, 0x107f97c00 <AX element pid: 174, elementOrHash.elementID: 35887486592.2229>
                  Other, 0x107f97d40 <AX element pid: 174, elementOrHash.elementID: 35922153216.240>
                    Other, 0x107f97e80 <AX element pid: 174, elementOrHash.elementID: 35921984832.307>
                      Image, 0x107fa4000 <AX element pid: 174, elementOrHash.elementID: 36039383040.397>
                      Image, 0x107fa4140 <AX element pid: 174, elementOrHash.elementID: 36039382528.398>
              Icon, 0x107fa4280 <AX element pid: 174, elementOrHash.elementID: 35943728640.126>
                Other, 0x107fa43c0 <AX element pid: 174, elementOrHash.elementID: 35943609920.168>
                  Other, 0x107fa4500 <AX element pid: 174, elementOrHash.elementID: 35921979456.217>
                    Other, 0x107fa4640 <AX element pid: 174, elementOrHash.elementID: 35943797120.284>
                      Other, 0x107fa4780 <AX element pid: 174, elementOrHash.elementID: 35876107392.2230>
                  Other, 0x107fa48c0 <AX element pid: 174, elementOrHash.elementID: 35921998976.218>
                    Other, 0x107fa4a00 <AX element pid: 174, elementOrHash.elementID: 35921979904.285>
                      Image, 0x107fa4b40 <AX element pid: 174, elementOrHash.elementID: 36039288320.364>
                      Image, 0x107fa4c80 <AX element pid: 174, elementOrHash.elementID: 36039287808.365>
              Icon, 0x107fa4dc0 <AX element pid: 174, elementOrHash.elementID: 35943581184.1557>
                Other, 0x107fa4f00 <AX element pid: 174, elementOrHash.elementID: 35943596480.1576>
                  Other, 0x107fa5040 <AX element pid: 174, elementOrHash.elementID: 35922182144.1607>
                    Other, 0x107fa5180 <AX element pid: 174, elementOrHash.elementID: 35943793280.1645>
                      Other, 0x107fa52c0 <AX element pid: 174, elementOrHash.elementID: 35876103552.2231>
                  Other, 0x107fa5400 <AX element pid: 174, elementOrHash.elementID: 35922155776.1608>
                    Other, 0x107fa5540 <AX element pid: 174, elementOrHash.elementID: 35922182592.1646>
                      Image, 0x107fa5680 <AX element pid: 174, elementOrHash.elementID: 36039388160.1705>
                      Image, 0x107fa57c0 <AX element pid: 174, elementOrHash.elementID: 36039387648.1706>
              Icon, 0x107fa5900 <AX element pid: 174, elementOrHash.elementID: 35943677952.1368>
                Other, 0x107fa5a40 <AX element pid: 174, elementOrHash.elementID: 35943600512.1383>
                  Other, 0x107fa5b80 <AX element pid: 174, elementOrHash.elementID: 35921982592.1398>
                    Other, 0x107fa5cc0 <AX element pid: 174, elementOrHash.elementID: 35887301888.1431>
                      Other, 0x107fa5e00 <AX element pid: 174, elementOrHash.elementID: 36005870592.2232>
                  Other, 0x107fa5f40 <AX element pid: 174, elementOrHash.elementID: 35922150656.1740>
                    Other, 0x107fa6080 <AX element pid: 174, elementOrHash.elementID: 35921983040.1751>
                      Image, 0x107fa61c0 <AX element pid: 174, elementOrHash.elementID: 36039377920.1773>
                      Image, 0x107fa6300 <AX element pid: 174, elementOrHash.elementID: 36039377408.1774>
              Icon, 0x107fa6440 <AX element pid: 174, elementOrHash.elementID: 35905491456.1547>
                Other, 0x107fa6580 <AX element pid: 174, elementOrHash.elementID: 35887693824.1565>
                  Other, 0x107fa66c0 <AX element pid: 174, elementOrHash.elementID: 35889610752.1585>
                    Other, 0x107fa6800 <AX element pid: 174, elementOrHash.elementID: 35889715456.1624>
                      Other, 0x107fa6940 <AX element pid: 174, elementOrHash.elementID: 35910480384.2233>
                  Other, 0x107fa6a80 <AX element pid: 174, elementOrHash.elementID: 35889716736.1586>
                    Other, 0x107fa6bc0 <AX element pid: 174, elementOrHash.elementID: 35889611200.1625>
                      Image, 0x107fa6d00 <AX element pid: 174, elementOrHash.elementID: 36055470592.1664>
                      Image, 0x107fa6e40 <AX element pid: 174, elementOrHash.elementID: 36055470080.1665>
              Icon, 0x107fa6f80 <AX element pid: 174, elementOrHash.elementID: 35943708160.135>
                Other, 0x107fa70c0 <AX element pid: 174, elementOrHash.elementID: 35943609024.177>
                  Other, 0x107fa7200 <AX element pid: 174, elementOrHash.elementID: 35909462528.235>
                    Other, 0x107fa7340 <AX element pid: 174, elementOrHash.elementID: 35889713536.1652>
                      Other, 0x107fa7480 <AX element pid: 174, elementOrHash.elementID: 35887492352.2234>
                  Other, 0x107fa75c0 <AX element pid: 174, elementOrHash.elementID: 35903660160.236>
                    Other, 0x107fa7700 <AX element pid: 174, elementOrHash.elementID: 35909461632.303>
                      Image, 0x107fa7840 <AX element pid: 174, elementOrHash.elementID: 36021239808.391>
                      Image, 0x107fa7980 <AX element pid: 174, elementOrHash.elementID: 36045234176.392>
              Icon, 0x107fa7ac0 <AX element pid: 174, elementOrHash.elementID: 35904839168.1377>
                Other, 0x107fa7c00 <AX element pid: 174, elementOrHash.elementID: 35887797504.1393>
                  Other, 0x107fa7d40 <AX element pid: 174, elementOrHash.elementID: 35887807808.1415>
                    Other, 0x107fa7e80 <AX element pid: 174, elementOrHash.elementID: 35889721216.1440>
                      Other, 0x107fb4000 <AX element pid: 174, elementOrHash.elementID: 35887489152.2235>
                    Other, 0x107fb4140 <AX element pid: 174, elementOrHash.elementID: 35889825024.1441>
                      Other, 0x107fb4280 <AX element pid: 174, elementOrHash.elementID: 35889810048.1475>
                        Image, 0x107fb43c0 <AX element pid: 174, elementOrHash.elementID: 36055537152.1486>
                  Other, 0x107fb4500 <AX element pid: 174, elementOrHash.elementID: 35888221952.1416>
                    Other, 0x107fb4640 <AX element pid: 174, elementOrHash.elementID: 35887797952.1442>
                      Image, 0x107fb4780 <AX element pid: 174, elementOrHash.elementID: 36055015424.1476>
                      Image, 0x107fb48c0 <AX element pid: 174, elementOrHash.elementID: 36055019520.1477>
              Icon, 0x107fb4a00 <AX element pid: 174, elementOrHash.elementID: 35905494528.1551>
                Other, 0x107fb4b40 <AX element pid: 174, elementOrHash.elementID: 35889612992.1570>
                  Other, 0x107fb4c80 <AX element pid: 174, elementOrHash.elementID: 35889613440.1595>
                    Other, 0x107fb4dc0 <AX element pid: 174, elementOrHash.elementID: 35889719296.1633>
                      Other, 0x107fb4f00 <AX element pid: 174, elementOrHash.elementID: 35876104832.2236>
                  Other, 0x107fb5040 <AX element pid: 174, elementOrHash.elementID: 35889720576.1596>
                    Other, 0x107fb5180 <AX element pid: 174, elementOrHash.elementID: 35889613888.1634>
                      Image, 0x107fb52c0 <AX element pid: 174, elementOrHash.elementID: 36055473152.1682>
                      Image, 0x107fb5400 <AX element pid: 174, elementOrHash.elementID: 36055472640.1683>
              Icon, 0x107fb5540 <AX element pid: 174, elementOrHash.elementID: 35905396224.1354>
                Other, 0x107fb5680 <AX element pid: 174, elementOrHash.elementID: 35889626432.1385>
                  Other, 0x107fb57c0 <AX element pid: 174, elementOrHash.elementID: 35889807360.1400>
                    Other, 0x107fb5900 <AX element pid: 174, elementOrHash.elementID: 35889825664.1749>
                      Other, 0x107fb5a40 <AX element pid: 174, elementOrHash.elementID: 35876109312.2237>
                  Other, 0x107fb5b80 <AX element pid: 174, elementOrHash.elementID: 35889772928.1739>
                    Other, 0x107fb5cc0 <AX element pid: 174, elementOrHash.elementID: 35889807808.1750>
                      Image, 0x107fb5e00 <AX element pid: 174, elementOrHash.elementID: 36055535616.1770>
                      Image, 0x107fb5f40 <AX element pid: 174, elementOrHash.elementID: 36055535104.1771>
              Icon, 0x107fb6080 <AX element pid: 174, elementOrHash.elementID: 35943694336.119>
                Other, 0x107fb61c0 <AX element pid: 174, elementOrHash.elementID: 35943604992.161>
                  Other, 0x107fb6300 <AX element pid: 174, elementOrHash.elementID: 35920557184.203>
                    Other, 0x107fb6440 <AX element pid: 174, elementOrHash.elementID: 35889771648.1430>
                      Other, 0x107fb6580 <AX element pid: 174, elementOrHash.elementID: 35887474048.2238>
                  Other, 0x107fb66c0 <AX element pid: 174, elementOrHash.elementID: 35944979968.204>
                    Other, 0x107fb6800 <AX element pid: 174, elementOrHash.elementID: 35910755968.271>
                      Image, 0x107fb6940 <AX element pid: 174, elementOrHash.elementID: 36046516224.343>
                      Image, 0x107fb6a80 <AX element pid: 174, elementOrHash.elementID: 36046515712.344>
              Icon, 0x107fb6bc0 <AX element pid: 174, elementOrHash.elementID: 35956191232.134>
                Other, 0x107fb6d00 <AX element pid: 174, elementOrHash.elementID: 35948133248.176>
                  Other, 0x107fb6e40 <AX element pid: 174, elementOrHash.elementID: 35909465216.233>
                    Other, 0x107fb6f80 <AX element pid: 174, elementOrHash.elementID: 35888170240.2122>
                      Other, 0x107fb70c0 <AX element pid: 174, elementOrHash.elementID: 35876100352.2244>
                  Other, 0x107fb7200 <AX element pid: 174, elementOrHash.elementID: 35976173824.234>
                    Other, 0x107fb7340 <AX element pid: 174, elementOrHash.elementID: 35909466112.301>
                      Image, 0x107fb7480 <AX element pid: 174, elementOrHash.elementID: 36039490560.388>
                      Image, 0x107fb75c0 <AX element pid: 174, elementOrHash.elementID: 36039488512.389>
            Icon, 0x107fb7700 <AX element pid: 174, elementOrHash.elementID: 36035589376.65>
              Icon, 0x107fb7840 <AX element pid: 174, elementOrHash.elementID: 36023791424.143>
            PageIndicator, 0x107fb7980 <AX element pid: 174, elementOrHash.elementID: 35941843584.66>
        Other, 0x107fb7ac0 <AX element pid: 174, elementOrHash.elementID: 36034925568.45>
      Other, 0x107fb7c00 <AX element pid: 174, elementOrHash.elementID: 36034935808.32>
  Window, 0x107fb7d40 <AX element pid: 174, elementOrHash.elementID: 36032077824.11>
    Other, 0x107fb7e80 <AX element pid: 174, elementOrHash.elementID: 35953538624.20>
      Other, 0x107fd8000 <AX element pid: 174, elementOrHash.elementID: 35953538176.33>
  Window, 0x107fd8140 <AX element pid: 174, elementOrHash.elementID: 36018690304.12>
    Other, 0x107fd8280 <AX element pid: 174, elementOrHash.elementID: 36017882432.21>
      Other, 0x107fd83c0 <AX element pid: 174, elementOrHash.elementID: 36038462464.34>
        Other, 0x107fd8500 <AX element pid: 174, elementOrHash.elementID: 35920632704.46>
          Other, 0x107fd8640 <AX element pid: 174, elementOrHash.elementID: 35920548672.54>
            Other, 0x107fd8780 <AX element pid: 174, elementOrHash.elementID: 35887737344.1088>
            Other, 0x107fd88c0 <AX element pid: 174, elementOrHash.elementID: 35943852544.1089>
            Other, 0x107fd8a00 <AX element pid: 174, elementOrHash.elementID: 35920551360.69>
            Other, 0x107fd8b40 <AX element pid: 174, elementOrHash.elementID: 35920551808.70>
            Other, 0x107fd8c80 <AX element pid: 174, elementOrHash.elementID: 35888128768.2180>
            Other, 0x107fd8dc0 <AX element pid: 174, elementOrHash.elementID: 35887703232.1093>
            Other, 0x107fd8f00 <AX element pid: 174, elementOrHash.elementID: 35920553152.73>
            Other, 0x107fd9040 <AX element pid: 174, elementOrHash.elementID: 35920549120.74>
      Other, 0x107fd9180 <AX element pid: 174, elementOrHash.elementID: 36056067584.1084>
        Other, 0x107fd92c0 <AX element pid: 174, elementOrHash.elementID: 11494289431044805875.9999>
          Other, 0x107fd9400 <AX element pid: 333, elementOrHash.elementID: 4309013472.4>
            Other, 0x107fd9540 <AX element pid: 333, elementOrHash.elementID: 4309041312.5>
              Other, 0x107fd9680 <AX element pid: 333, elementOrHash.elementID: 4308983520.6>
                Other, 0x107fd97c0 <AX element pid: 333, elementOrHash.elementID: 4309005120.7>
      Other, 0x107fd9900 <AX element pid: 174, elementOrHash.elementID: 36046696960.36>
        Other, 0x107fd9a40 <AX element pid: 174, elementOrHash.elementID: 35906212864.47>
          Other, 0x107fd9b80 <AX element pid: 174, elementOrHash.elementID: 35922778688.55>
  Window, 0x107fd9cc0 <AX element pid: 174, elementOrHash.elementID: 36018691584.13>
    Other, 0x107fd9e00 <AX element pid: 174, elementOrHash.elementID: 36017885568.22>
  Window, 0x107fd9f40 <AX element pid: 174, elementOrHash.elementID: 36018685184.1812>
    Other, 0x107fda080 <AX element pid: 174, elementOrHash.elementID: 35889648896.1813>
      Other, 0x107fda1c0 <AX element pid: 174, elementOrHash.elementID: 35887702784.1815>
  Window, 0x107fda300 <AX element pid: 174, elementOrHash.elementID: 35951108864.14>
    Other, 0x107fda440 <AX element pid: 174, elementOrHash.elementID: 35953539072.23>
      Other, 0x107fda580 <AX element pid: 174, elementOrHash.elementID: 35953539968.37>
  Window, 0x107fda6c0 <AX element pid: 174, elementOrHash.elementID: 35920354816.15>
    Other, 0x107fda800 <AX element pid: 174, elementOrHash.elementID: 35923110400.24>
      Other, 0x107fda940 <AX element pid: 174, elementOrHash.elementID: 35923112192.38>
  Window, 0x107fdaa80 <AX element pid: 174, elementOrHash.elementID: 36036372480.9>
    Other, 0x107fdabc0 <AX element pid: 174, elementOrHash.elementID: 35942339840.25>
      Other, 0x107fdad00 <AX element pid: 174, elementOrHash.elementID: 35942340288.39>
        Other, 0x107fdae40 <AX element pid: 174, elementOrHash.elementID: 35942345216.48>
        Other, 0x107fdaf80 <AX element pid: 174, elementOrHash.elementID: 35942345664.49>
        Other, 0x107fdb0c0 <AX element pid: 174, elementOrHash.elementID: 35941851264.50>
          Other, 0x107fdb200 <AX element pid: 174, elementOrHash.elementID: 36036367360.56>
            Icon, 0x107fdb340 <AX element pid: 174, elementOrHash.elementID: 35943737856.6>
              Other, 0x107fdb480 <AX element pid: 174, elementOrHash.elementID: 35943844928.145>
                Other, 0x107fdb5c0 <AX element pid: 174, elementOrHash.elementID: 35943845376.185>
                  Other, 0x107fdb700 <AX element pid: 174, elementOrHash.elementID: 35943797760.251>
                    Other, 0x107fdb840 <AX element pid: 174, elementOrHash.elementID: 35943806720.319>
            Icon, 0x107fdb980 <AX element pid: 174, elementOrHash.elementID: 35943739392.75>
              Other, 0x107fdbac0 <AX element pid: 174, elementOrHash.elementID: 35943845824.146>
                Other, 0x107fdbc00 <AX element pid: 174, elementOrHash.elementID: 35943846272.186>
                  Other, 0x107fdbd40 <AX element pid: 174, elementOrHash.elementID: 35943792640.252>
                    Other, 0x107fdbe80 <AX element pid: 174, elementOrHash.elementID: 35943808000.320>
            Icon, 0x107fdc000 <AX element pid: 174, elementOrHash.elementID: 35943740928.76>
              Other, 0x107fdc140 <AX element pid: 174, elementOrHash.elementID: 35943846720.147>
                Other, 0x107fdc280 <AX element pid: 174, elementOrHash.elementID: 35943847168.187>
                  Other, 0x107fdc3c0 <AX element pid: 174, elementOrHash.elementID: 35941855104.253>
                    Other, 0x107fdc500 <AX element pid: 174, elementOrHash.elementID: 35944039040.321>
            Icon, 0x107fdc640 <AX element pid: 174, elementOrHash.elementID: 35944136704.77>
              Other, 0x107fdc780 <AX element pid: 174, elementOrHash.elementID: 35943847616.148>
                Other, 0x107fdc8c0 <AX element pid: 174, elementOrHash.elementID: 35943848064.188>
                  Other, 0x107fdca00 <AX element pid: 174, elementOrHash.elementID: 35943795840.254>
                    Other, 0x107fdcb40 <AX element pid: 174, elementOrHash.elementID: 35944040320.322>
            Icon, 0x107fdcc80 <AX element pid: 174, elementOrHash.elementID: 35944138240.78>
              Other, 0x107fdcdc0 <AX element pid: 174, elementOrHash.elementID: 35943848512.149>
                Other, 0x107fdcf00 <AX element pid: 174, elementOrHash.elementID: 35943848960.189>
                  Other, 0x107fdd040 <AX element pid: 174, elementOrHash.elementID: 35941858304.255>
                    Other, 0x107fdd180 <AX element pid: 174, elementOrHash.elementID: 35875794176.2181>
            Icon, 0x107fdd2c0 <AX element pid: 174, elementOrHash.elementID: 35944139776.79>
              Other, 0x107fdd400 <AX element pid: 174, elementOrHash.elementID: 35943849856.150>
                Other, 0x107fdd540 <AX element pid: 174, elementOrHash.elementID: 35943850304.190>
                  Other, 0x107fdd680 <AX element pid: 174, elementOrHash.elementID: 35943799040.256>
                    Other, 0x107fdd7c0 <AX element pid: 174, elementOrHash.elementID: 35944043520.324>
            Icon, 0x107fdd900 <AX element pid: 174, elementOrHash.elementID: 35944141312.80>
              Other, 0x107fdda40 <AX element pid: 174, elementOrHash.elementID: 35943850752.151>
                Other, 0x107fddb80 <AX element pid: 174, elementOrHash.elementID: 35943851200.191>
                  Other, 0x107fddcc0 <AX element pid: 174, elementOrHash.elementID: 35941853184.257>
                    Other, 0x107fdde00 <AX element pid: 174, elementOrHash.elementID: 35944044800.325>
          Other, 0x107fddf40 <AX element pid: 174, elementOrHash.elementID: 36036369408.57>
            Icon, 0x107fde080 <AX element pid: 174, elementOrHash.elementID: 35941698560.81>
              Other, 0x107fde1c0 <AX element pid: 174, elementOrHash.elementID: 35942346112.152>
                Other, 0x107fde300 <AX element pid: 174, elementOrHash.elementID: 35943611712.192>
                  Other, 0x107fde440 <AX element pid: 174, elementOrHash.elementID: 35941853824.258>
                    Other, 0x107fde580 <AX element pid: 174, elementOrHash.elementID: 35943800960.326>
            Icon, 0x107fde6c0 <AX element pid: 174, elementOrHash.elementID: 35943734784.82>
              Other, 0x107fde800 <AX element pid: 174, elementOrHash.elementID: 35943841792.153>
                Other, 0x107fde940 <AX element pid: 174, elementOrHash.elementID: 35943842240.193>
                  Other, 0x107fdea80 <AX element pid: 174, elementOrHash.elementID: 35943794560.259>
                    Other, 0x107fdebc0 <AX element pid: 174, elementOrHash.elementID: 35943802240.327>
                  Other, 0x107fded00 <AX element pid: 174, elementOrHash.elementID: 35943802880.260>
                    Other, 0x107fdee40 <AX element pid: 174, elementOrHash.elementID: 35943844032.328>
                      Image, 0x107fdef80 <AX element pid: 174, elementOrHash.elementID: 36036537344.415>
          Other, 0x107fdf0c0 <AX element pid: 174, elementOrHash.elementID: 36036368384.58>
          Icon, 0x107fdf200 <AX element pid: 174, elementOrHash.elementID: 35944142848.59>
            Other, 0x107fdf340 <AX element pid: 174, elementOrHash.elementID: 35887479808.1147>
            Other, 0x107fdf480 <AX element pid: 174, elementOrHash.elementID: 35887469568.1148>
            Other, 0x107fdf5c0 <AX element pid: 174, elementOrHash.elementID: 35891053184.513>
            Other, 0x107fdf700 <AX element pid: 174, elementOrHash.elementID: 35887477248.1149>
      Other, 0x107fdf840 <AX element pid: 174, elementOrHash.elementID: 35944048000.40>
        Other, 0x107fdf980 <AX element pid: 174, elementOrHash.elementID: 36037143040.51>
          Other, 0x107fdfac0 <AX element pid: 174, elementOrHash.elementID: 16400521463572639115.9999>
            Other, 0x107fdfc00 <AX element pid: 303, elementOrHash.elementID: 4312005392.4>
              Other, 0x107fdfd40 <AX element pid: 303, elementOrHash.elementID: 33807598848.5>
                Other, 0x107fdfe80 <AX element pid: 303, elementOrHash.elementID: 33807631232.6>
                  Other, 0x107ff0000 <AX element pid: 303, elementOrHash.elementID: 33807630336.7>
          Other, 0x107ff0140 <AX element pid: 174, elementOrHash.elementID: 3119342986303746691.9999>
            Other, 0x107ff0280 <AX element pid: 303, elementOrHash.elementID: 33807632128.8>
              Other, 0x107ff03c0 <AX element pid: 303, elementOrHash.elementID: 33807633920.9>
          Other, 0x107ff0500 <AX element pid: 174, elementOrHash.elementID: 13277597320353363328.9999>
  Window, 0x107ff0640 <AX element pid: 174, elementOrHash.elementID: 36022010880.16>
    StatusBar, 0x107ff0780 <AX element pid: 174, elementOrHash.elementID: 36017866624.26>
      Other, 0x107ff08c0 <AX element pid: 174, elementOrHash.elementID: 36021977088.41>
        Other, 0x107ff0a00 <AX element pid: 174, elementOrHash.elementID: 35889654720.2076>
          Other, 0x107ff0b40 <AX element pid: 174, elementOrHash.elementID: 35889647552.2077>
            StaticText, 0x107ff0c80 <AX element pid: 174, elementOrHash.elementID: 35893191424.2079>
            StaticText, 0x107ff0dc0 <AX element pid: 174, elementOrHash.elementID: 35893197696.2080>
          Other, 0x107ff0f00 <AX element pid: 174, elementOrHash.elementID: 35907105920.2078>
            Other, 0x107ff1040 <AX element pid: 174, elementOrHash.elementID: 36057354752.2081>
            StaticText, 0x107ff1180 <AX element pid: 174, elementOrHash.elementID: 35911293952.2083>
            Other, 0x107ff12c0 <AX element pid: 174, elementOrHash.elementID: 35888203008.2084>
    Other, 0x107ff1400 <AX element pid: 174, elementOrHash.elementID: 36017881984.27>
  Window, 0x107ff1540 <AX element pid: 174, elementOrHash.elementID: 36032072704.17>
    Other, 0x107ff1680 <AX element pid: 174, elementOrHash.elementID: 35953535488.28>
  Window, 0x107ff17c0 <AX element pid: 174, elementOrHash.elementID: 36032076800.18>
    Other, 0x107ff1900 <AX element pid: 174, elementOrHash.elementID: 35953537728.29>
23:27:24.067 WebDriverAgentRunner-Runner[1371:144542] Found matches {(
    StatusBar
)} with root Application, pid: 174
23:27:24.067 WebDriverAgentRunner-Runner[1371:144542] <XCTContext: 0x104595720> finished activity <XCActivityRecord: 0x10752caf0> 2026-07-19 16:27:23 +0000: Find the StatusBar (Element at index 0) (0.25505s)
23:27:24.068 WebDriverAgentRunner-Runner[1371:144542] Creating future for 'checking for continuity enablement' with timeout 30.00
23:27:24.068 WebDriverAgentRunner-Runner[1371:144542] <XCTWaiter: 0x107ee8690> entering wait loop for 30.00s with expectations: `checking for continuity enablement`
23:27:24.070 WebDriverAgentRunner-Runner[1371:144542] Returning result XCTWaiterResultCompleted for synchronous waiter <XCTWaiter: 0x107ee8690>
23:27:24.070 WebDriverAgentRunner-Runner[1371:144542] Wait <XCTWaiterWait: 0x107f45800> completed after 0.002s
23:27:24.070 WebDriverAgentRunner-Runner[1371:144542] cleaning up checking for continuity enablement
23:27:24.070 WebDriverAgentRunner-Runner[1371:144542] Creating future for 'fetching attributes 'XC_kAXXCAttributeFrame', 'XC_kAXXCAttributeWindowDisplayId', 'XC_kAXXCAttributeWindowContextId' for AX element pid: 174, elementOrHash.elementID: 36017866624.26' with timeout 30.00
23:27:24.070 WebDriverAgentRunner-Runner[1371:144542] <XCTWaiter: 0x107eea280> entering wait loop for 30.00s with expectations: `fetching attributes 'XC_kAXXCAttributeFrame', 'XC_kAXXCAttributeWindowDisplayId', 'XC_kAXXCAttributeWindowContextId' for AX element pid: 174, elementOrHash.elementID: 36017866624.26`
23:27:24.071 WebDriverAgentRunner-Runner[1371:144542] Returning result XCTWaiterResultCompleted for synchronous waiter <XCTWaiter: 0x107eea280>
23:27:24.071 WebDriverAgentRunner-Runner[1371:144542] Wait <XCTWaiterWait: 0x107f45b80> completed after 0.001s
23:27:24.071 WebDriverAgentRunner-Runner[1371:144542] cleaning up fetching attributes 'XC_kAXXCAttributeFrame', 'XC_kAXXCAttributeWindowDisplayId', 'XC_kAXXCAttributeWindowContextId' for AX element pid: 174, elementOrHash.elementID: 36017866624.26
23:27:24.071 WebDriverAgentRunner-Runner[1371:144542] StatusBar (AX element pid: 174, elementOrHash.elementID: 36017866624.26) faulted in {
    "XC_kAXXCAttributeFrame" =     {
        Height = 1366;
        Width = 32;
        X = 0;
        Y = 0;
    };
    "XC_kAXXCAttributeWindowContextId" = 2087488016;
    "XC_kAXXCAttributeWindowDisplayId" = 1;
}: (no error) for frame using XC_kAXXCAttributeFrame, XC_kAXXCAttributeWindowDisplayId, XC_kAXXCAttributeWindowContextId
23:27:24.071 WebDriverAgentRunner-Runner[1371:144542] getting parameterized attribute XC_kAXXCParameterizedAttributeConvertHostedViewFrame with parameter (
        {
        Height = 1366;
        Width = 32;
        X = 0;
        Y = 0;
    },
    2087488016,
    1
)
23:27:24.071 WebDriverAgentRunner-Runner[1371:144542] Creating future for 'getting parameterized attribute XC_kAXXCParameterizedAttributeConvertHostedViewFrame' with timeout 65.00
23:27:24.072 WebDriverAgentRunner-Runner[1371:144542] <XCTWaiter: 0x107ee8e70> entering wait loop for 65.00s with expectations: `getting parameterized attribute XC_kAXXCParameterizedAttributeConvertHostedViewFrame`
23:27:24.072 WebDriverAgentRunner-Runner[1371:145453] Got parameterized attribute fetch for XC_kAXXCParameterizedAttributeConvertHostedViewFrame response with values {
    Height = 1366;
    Width = 32;
    X = 0;
    Y = 0;
}, error: (null)
23:27:24.072 WebDriverAgentRunner-Runner[1371:144542] Returning result XCTWaiterResultCompleted for synchronous waiter <XCTWaiter: 0x107ee8e70>
23:27:24.072 WebDriverAgentRunner-Runner[1371:144542] Wait <XCTWaiterWait: 0x107f46f80> completed after 0.001s
23:27:24.073 WebDriverAgentRunner-Runner[1371:144542] cleaning up getting parameterized attribute XC_kAXXCParameterizedAttributeConvertHostedViewFrame
23:27:24.073 WebDriverAgentRunner-Runner[1371:144542] No change when transforming rect {{0, 0}, {32, 1366}}, either portrait orientation or non-standard app configuration such as springboard
23:27:24.073 WebDriverAgentRunner-Runner[1371:144542] Fetching application interface orientation
23:27:24.073 WebDriverAgentRunner-Runner[1371:144542] Creating future for 'getting interface orientation' with timeout 65.00
23:27:24.073 WebDriverAgentRunner-Runner[1371:144542] <XCTWaiter: 0x107eeb360> entering wait loop for 65.00s with expectations: `getting interface orientation`
23:27:24.073 WebDriverAgentRunner-Runner[1371:144542] Returning result XCTWaiterResultCompleted for synchronous waiter <XCTWaiter: 0x107eeb360>
23:27:24.073 WebDriverAgentRunner-Runner[1371:144542] Wait <XCTWaiterWait: 0x107f47000> completed after 0.000s
23:27:24.073 WebDriverAgentRunner-Runner[1371:144542] cleaning up getting interface orientation
23:27:24.074 WebDriverAgentRunner-Runner[1371:144542] Creating future for 'getting screen identifiers' with timeout 30.00
23:27:24.074 WebDriverAgentRunner-Runner[1371:144542] <XCTWaiter: 0x107ee8930> entering wait loop for 30.00s with expectations: `getting screen identifiers`
23:27:24.074 WebDriverAgentRunner-Runner[1371:144542] Returning result XCTWaiterResultCompleted for synchronous waiter <XCTWaiter: 0x107ee8930>
23:27:24.074 WebDriverAgentRunner-Runner[1371:144542] Wait <XCTWaiterWait: 0x107f45b40> completed after 0.000s
23:27:24.074 WebDriverAgentRunner-Runner[1371:144542] cleaning up getting screen identifiers
23:27:24.074 WebDriverAgentRunner-Runner[1371:144542] Creating future for 'getting screen bounds' with timeout 30.00
23:27:24.074 WebDriverAgentRunner-Runner[1371:144542] <XCTWaiter: 0x107ee8330> entering wait loop for 30.00s with expectations: `getting screen bounds`
23:27:24.075 WebDriverAgentRunner-Runner[1371:144542] Returning result XCTWaiterResultCompleted for synchronous waiter <XCTWaiter: 0x107ee8330>
23:27:24.075 WebDriverAgentRunner-Runner[1371:144542] Wait <XCTWaiterWait: 0x107f45f80> completed after 0.000s
23:27:24.075 WebDriverAgentRunner-Runner[1371:144542] cleaning up getting screen bounds
23:27:24.075 WebDriverAgentRunner-Runner[1371:144542] Creating future for 'getting screen scale' with timeout 30.00
23:27:24.075 WebDriverAgentRunner-Runner[1371:144542] <XCTWaiter: 0x107ee9260> entering wait loop for 30.00s with expectations: `getting screen scale`
23:27:24.075 WebDriverAgentRunner-Runner[1371:144542] Returning result XCTWaiterResultCompleted for synchronous waiter <XCTWaiter: 0x107ee9260>
23:27:24.075 WebDriverAgentRunner-Runner[1371:144542] Wait <XCTWaiterWait: 0x107f45f80> completed after 0.000s
23:27:24.075 WebDriverAgentRunner-Runner[1371:144542] cleaning up getting screen scale
23:27:24.075 WebDriverAgentRunner-Runner[1371:144542] <XCTContext: 0x104595720> started activity <XCActivityRecord: 0x10752c070> 2026-07-19 16:27:24 +0000: Find the Application 'com.apple.springboard'
23:27:24.076 WebDriverAgentRunner-Runner[1371:144542] Executing query:

23:27:24.076 WebDriverAgentRunner-Runner[1371:144542] Creating future for 'checking for continuity enablement' with timeout 30.00
23:27:24.076 WebDriverAgentRunner-Runner[1371:144542] <XCTWaiter: 0x107eeb690> entering wait loop for 30.00s with expectations: `checking for continuity enablement`
    t =   128.05s Find the Application 'com.apple.springboard'
23:27:24.077 WebDriverAgentRunner-Runner[1371:144542] Returning result XCTWaiterResultCompleted for synchronous waiter <XCTWaiter: 0x107eeb690>
23:27:24.077 WebDriverAgentRunner-Runner[1371:144542] Wait <XCTWaiterWait: 0x107f465c0> completed after 0.001s
23:27:24.077 WebDriverAgentRunner-Runner[1371:144542] cleaning up checking for continuity enablement
23:27:24.077 WebDriverAgentRunner-Runner[1371:144542] Should evaluate query remotely? XCTDisableRemoteQueryEvaluation(d-write): YES, hasAutomationSession: YES, supportsRemoteEvaluation: YES
23:27:24.077 WebDriverAgentRunner-Runner[1371:144542] Getting matching snapshots for locally evaluated query
23:27:24.077 WebDriverAgentRunner-Runner[1371:144542] Evaluating query:
 
23:27:24.077 WebDriverAgentRunner-Runner[1371:144542] Getting root element snapshot
23:27:24.077 WebDriverAgentRunner-Runner[1371:144542] Getting snapshot for App element pid: 174 for query 
23:27:24.077 WebDriverAgentRunner-Runner[1371:144542] <XCTContext: 0x104595720> started activity <XCActivityRecord: 0x10752c000> 2026-07-19 16:27:24 +0000: Requesting snapshot of accessibility hierarchy for app with pid 174
23:27:24.078 WebDriverAgentRunner-Runner[1371:144542] Query requires iOS snapshot attributes .
23:27:24.078 WebDriverAgentRunner-Runner[1371:144542] XCUIElementQuery <XCTElementSnapshotProvider> getting snapshot
23:27:24.078 WebDriverAgentRunner-Runner[1371:144542] Snapshot request has custom attributes 
23:27:24.078 WebDriverAgentRunner-Runner[1371:144542] Snapshot request has custom parameters {
    snapshotKeyHonorModalViews = 0;
}
23:27:24.078 WebDriverAgentRunner-Runner[1371:144542] Current snapshot generation is 136
23:27:24.078 WebDriverAgentRunner-Runner[1371:144542] Query rootElementSnapshot is non-null with generation count 116
23:27:24.078 WebDriverAgentRunner-Runner[1371:144542] Capturing a new snapshot
23:27:24.078 WebDriverAgentRunner-Runner[1371:144542] Fetching snapshot for App element pid: 174 from testmanagerd with attributes XC_kAXXCAttributeElementType, XC_kAXXCAttributeElementBaseType, XC_kAXXCAttributeParent, XC_kAXXCAttributeIdentifier, XC_kAXXCAttributeAutomationType, XC_kAXXCAttributeTraits and parameters {
    maxArrayCount = 2147483647;
    maxChildren = 2147483647;
    maxDepth = 50;
    snapshotKeyHonorModalViews = 0;
    traverseFromParentsToChildren = 1;
}.
23:27:24.078 WebDriverAgentRunner-Runner[1371:144542] Creating future for 'fetching snapshot from testmanagerd.' with timeout 65.00
23:27:24.079 WebDriverAgentRunner-Runner[1371:144542] <XCTWaiter: 0x107eea0a0> entering wait loop for 65.00s with expectations: `fetching snapshot from testmanagerd.`
    t =   128.05s     Requesting snapshot of accessibility hierarchy for app with pid 174
23:27:24.319 WebDriverAgentRunner-Runner[1371:145453] Got snapshot response with runtime issue support from testmanagerd.
23:27:24.319 WebDriverAgentRunner-Runner[1371:144542] Returning result XCTWaiterResultCompleted for synchronous waiter <XCTWaiter: 0x107eea0a0>
23:27:24.319 WebDriverAgentRunner-Runner[1371:144542] Wait <XCTWaiterWait: 0x107f47040> completed after 0.241s
23:27:24.319 WebDriverAgentRunner-Runner[1371:144542] cleaning up fetching snapshot from testmanagerd.
23:27:24.320 WebDriverAgentRunner-Runner[1371:144542] <XCTContext: 0x104595720> finished activity <XCActivityRecord: 0x10752c000> 2026-07-19 16:27:24 +0000: Requesting snapshot of accessibility hierarchy for app with pid 174 (0.242106s)
23:27:24.320 WebDriverAgentRunner-Runner[1371:144542] Found matches {(
    App element pid: 174
)} with root App element pid: 174
23:27:24.321 WebDriverAgentRunner-Runner[1371:144542] <XCTContext: 0x104595720> finished activity <XCActivityRecord: 0x10752c070> 2026-07-19 16:27:24 +0000: Find the Application 'com.apple.springboard' (0.245374s)
23:27:24.321 WebDriverAgentRunner-Runner[1371:144542] XCUIElementQuery <XCTElementSnapshotProvider> getting snapshot
23:27:24.321 WebDriverAgentRunner-Runner[1371:144542] Snapshot request has custom attributes XC_kAXXCAttributeElementBaseType, XC_kAXXCAttributeValue, XC_kAXXCAttributeAutomationType, XC_kAXXCAttributeIdentifier, XC_kAXXCAttributeTraits, XC_kAXXCAttributeVerticalSizeClass, XC_kAXXCAttributeFrame, XC_kAXXCAttributeWindowDisplayId, XC_kAXXCAttributeWindowContextId, XC_kAXXCAttributeLabel, XC_kAXXCAttributeHorizontalSizeClass, XC_kAXXCAttributeHasNativeFocus, XC_kAXXCAttributePlaceholderValue, XC_kAXXCAttributeElementType
23:27:24.321 WebDriverAgentRunner-Runner[1371:144542] Current snapshot generation is 139
23:27:24.321 WebDriverAgentRunner-Runner[1371:144542] Query rootElementSnapshot is non-null with generation count 139
23:27:24.322 WebDriverAgentRunner-Runner[1371:144542] Capturing a new snapshot
23:27:24.322 WebDriverAgentRunner-Runner[1371:144542] Fetching snapshot for App element pid: 174 from testmanagerd with attributes XC_kAXXCAttributeElementBaseType, XC_kAXXCAttributeParent, XC_kAXXCAttributeAutomationType, XC_kAXXCAttributeIdentifier, XC_kAXXCAttributeTraits, XC_kAXXCAttributeVerticalSizeClass, XC_kAXXCAttributeFrame, XC_kAXXCAttributeWindowDisplayId, XC_kAXXCAttributeWindowContextId, XC_kAXXCAttributeLabel, XC_kAXXCAttributeHorizontalSizeClass, XC_kAXXCAttributeHasNativeFocus, XC_kAXXCAttributePlaceholderValue, XC_kAXXCAttributeTruncatedValue, XC_kAXXCAttributeElementType and parameters {
    maxArrayCount = 2147483647;
    maxChildren = 2147483647;
    maxDepth = 50;
    snapshotKeyHonorModalViews = 0;
    traverseFromParentsToChildren = 1;
}.
23:27:24.322 WebDriverAgentRunner-Runner[1371:144542] Creating future for 'fetching snapshot from testmanagerd.' with timeout 65.00
23:27:24.322 WebDriverAgentRunner-Runner[1371:144542] <XCTWaiter: 0x107ee9500> entering wait loop for 65.00s with expectations: `fetching snapshot from testmanagerd.`
23:27:24.677 WebDriverAgentRunner-Runner[1371:145453] Got snapshot response with runtime issue support from testmanagerd.
23:27:24.678 WebDriverAgentRunner-Runner[1371:144542] Returning result XCTWaiterResultCompleted for synchronous waiter <XCTWaiter: 0x107ee9500>
23:27:24.678 WebDriverAgentRunner-Runner[1371:144542] Wait <XCTWaiterWait: 0x112d11780> completed after 0.356s
23:27:24.678 WebDriverAgentRunner-Runner[1371:144542] cleaning up fetching snapshot from testmanagerd.
23:27:24.678 WebDriverAgentRunner-Runner[1371:144542] Creating future for 'getting interface orientation' with timeout 65.00
23:27:24.678 WebDriverAgentRunner-Runner[1371:144542] <XCTWaiter: 0x107eeb6c0> entering wait loop for 65.00s with expectations: `getting interface orientation`
23:27:24.680 WebDriverAgentRunner-Runner[1371:144542] Returning result XCTWaiterResultCompleted for synchronous waiter <XCTWaiter: 0x107eeb6c0>
23:27:24.680 WebDriverAgentRunner-Runner[1371:144542] Wait <XCTWaiterWait: 0x112cbfd80> completed after 0.002s
23:27:24.680 WebDriverAgentRunner-Runner[1371:144542] cleaning up getting interface orientation
23:27:24.680 WebDriverAgentRunner-Runner[1371:144542] Creating future for 'getting screen identifiers' with timeout 30.00
23:27:24.680 WebDriverAgentRunner-Runner[1371:144542] <XCTWaiter: 0x107ee83c0> entering wait loop for 30.00s with expectations: `getting screen identifiers`
23:27:24.680 WebDriverAgentRunner-Runner[1371:144542] Returning result XCTWaiterResultCompleted for synchronous waiter <XCTWaiter: 0x107ee83c0>
23:27:24.681 WebDriverAgentRunner-Runner[1371:144542] Wait <XCTWaiterWait: 0x112cbdd40> completed after 0.000s
23:27:24.681 WebDriverAgentRunner-Runner[1371:144542] cleaning up getting screen identifiers
23:27:24.681 WebDriverAgentRunner-Runner[1371:144542] Creating future for 'getting screen scale' with timeout 30.00
23:27:24.681 WebDriverAgentRunner-Runner[1371:144542] <XCTWaiter: 0x107eea850> entering wait loop for 30.00s with expectations: `getting screen scale`
23:27:24.681 WebDriverAgentRunner-Runner[1371:144542] Returning result XCTWaiterResultCompleted for synchronous waiter <XCTWaiter: 0x107eea850>
23:27:24.681 WebDriverAgentRunner-Runner[1371:144542] Wait <XCTWaiterWait: 0x112cbe340> completed after 0.000s
23:27:24.681 WebDriverAgentRunner-Runner[1371:144542] cleaning up getting screen scale
23:27:24.687 WebDriverAgentRunner-Runner[1371:144542] Creating future for 'fetching attributes 'XC_kAXXCAttributeSystemAppApplication' for Device system-wide element' with timeout 65.00
23:27:24.687 WebDriverAgentRunner-Runner[1371:144542] <XCTWaiter: 0x107eebde0> entering wait loop for 65.00s with expectations: `fetching attributes 'XC_kAXXCAttributeSystemAppApplication' for Device system-wide element`
23:27:24.688 WebDriverAgentRunner-Runner[1371:144564] Got attribute fetch response with values {
    "XC_kAXXCAttributeSystemAppApplication" = "AX element pid: 174, elementOrHash.elementID: 0.1";
}, error: (null)
23:27:24.688 WebDriverAgentRunner-Runner[1371:144542] Returning result XCTWaiterResultCompleted for synchronous waiter <XCTWaiter: 0x107eebde0>
23:27:24.688 WebDriverAgentRunner-Runner[1371:144542] Wait <XCTWaiterWait: 0x112cbd780> completed after 0.002s
23:27:24.689 WebDriverAgentRunner-Runner[1371:144542] cleaning up fetching attributes 'XC_kAXXCAttributeSystemAppApplication' for Device system-wide element
23:27:24.689 WebDriverAgentRunner-Runner[1371:144542] Creating future for 'fetching attributes 'XC_kAXXCAttributeFocusedApplications' for AX element pid: 174, elementOrHash.elementID: 0.1' with timeout 65.00
23:27:24.689 WebDriverAgentRunner-Runner[1371:144542] <XCTWaiter: 0x107ee9dd0> entering wait loop for 65.00s with expectations: `fetching attributes 'XC_kAXXCAttributeFocusedApplications' for AX element pid: 174, elementOrHash.elementID: 0.1`
23:27:24.693 WebDriverAgentRunner-Runner[1371:144564] Got attribute fetch response with values {
    "XC_kAXXCAttributeFocusedApplications" =     (
        "AX element pid: 303, elementOrHash.elementID: 0.1",
        "AX element pid: 174, elementOrHash.elementID: 0.1"
    );
}, error: (null)
23:27:24.693 WebDriverAgentRunner-Runner[1371:144542] Returning result XCTWaiterResultCompleted for synchronous waiter <XCTWaiter: 0x107ee9dd0>
23:27:24.694 WebDriverAgentRunner-Runner[1371:144542] Wait <XCTWaiterWait: 0x112cbdf80> completed after 0.005s
23:27:24.694 WebDriverAgentRunner-Runner[1371:144542] cleaning up fetching attributes 'XC_kAXXCAttributeFocusedApplications' for AX element pid: 174, elementOrHash.elementID: 0.1
23:27:24.694 WebDriverAgentRunner-Runner[1371:144542] Active application elements: (
    "AX element pid: 303, elementOrHash.elementID: 0.1",
    "AX element pid: 174, elementOrHash.elementID: 0.1"
)
23:27:24.719 WebDriverAgentRunner-Runner[1371:144542] <XCTContext: 0x104595720> started activity <XCActivityRecord: 0x10752caf0> 2026-07-19 16:27:24 +0000: Find the Application 'com.apple.springboard'
    t =   128.70s Find the Application 'com.apple.springboard'
23:27:24.720 WebDriverAgentRunner-Runner[1371:144542] Executing query:

23:27:24.720 WebDriverAgentRunner-Runner[1371:144542] Creating future for 'checking for continuity enablement' with timeout 30.00
23:27:24.720 WebDriverAgentRunner-Runner[1371:144542] <XCTWaiter: 0x107ee92c0> entering wait loop for 30.00s with expectations: `checking for continuity enablement`
23:27:24.721 WebDriverAgentRunner-Runner[1371:144542] Returning result XCTWaiterResultCompleted for synchronous waiter <XCTWaiter: 0x107ee92c0>
23:27:24.721 WebDriverAgentRunner-Runner[1371:144542] Wait <XCTWaiterWait: 0x112cbe840> completed after 0.001s
23:27:24.721 WebDriverAgentRunner-Runner[1371:144542] cleaning up checking for continuity enablement
23:27:24.721 WebDriverAgentRunner-Runner[1371:144542] Should evaluate query remotely? XCTDisableRemoteQueryEvaluation(d-write): YES, hasAutomationSession: YES, supportsRemoteEvaluation: YES
23:27:24.721 WebDriverAgentRunner-Runner[1371:144542] Getting matching snapshots for locally evaluated query
23:27:24.721 WebDriverAgentRunner-Runner[1371:144542] Evaluating query:
 
23:27:24.721 WebDriverAgentRunner-Runner[1371:144542] Getting root element snapshot
23:27:24.721 WebDriverAgentRunner-Runner[1371:144542] Getting snapshot for App element pid: 174 for query 
23:27:24.722 WebDriverAgentRunner-Runner[1371:144542] <XCTContext: 0x104595720> started activity <XCActivityRecord: 0x10752c070> 2026-07-19 16:27:24 +0000: Requesting snapshot of accessibility hierarchy for app with pid 174
    t =   128.70s     Requesting snapshot of accessibility hierarchy for app with pid 174
23:27:24.722 WebDriverAgentRunner-Runner[1371:144542] Query requires iOS snapshot attributes .
23:27:24.722 WebDriverAgentRunner-Runner[1371:144542] XCUIElementQuery <XCTElementSnapshotProvider> getting snapshot
23:27:24.722 WebDriverAgentRunner-Runner[1371:144542] Snapshot request has custom attributes 
23:27:24.722 WebDriverAgentRunner-Runner[1371:144542] Snapshot request has custom parameters {
    snapshotKeyHonorModalViews = 0;
}
23:27:24.722 WebDriverAgentRunner-Runner[1371:144542] Current snapshot generation is 148
23:27:24.722 WebDriverAgentRunner-Runner[1371:144542] Query rootElementSnapshot is non-null with generation count 139
23:27:24.723 WebDriverAgentRunner-Runner[1371:144542] Capturing a new snapshot
23:27:24.723 WebDriverAgentRunner-Runner[1371:144542] Fetching snapshot for App element pid: 174 from testmanagerd with attributes XC_kAXXCAttributeElementType, XC_kAXXCAttributeElementBaseType, XC_kAXXCAttributeParent, XC_kAXXCAttributeIdentifier, XC_kAXXCAttributeAutomationType, XC_kAXXCAttributeTraits and parameters {
    maxArrayCount = 2147483647;
    maxChildren = 2147483647;
    maxDepth = 50;
    snapshotKeyHonorModalViews = 0;
    traverseFromParentsToChildren = 1;
}.
23:27:24.723 WebDriverAgentRunner-Runner[1371:144542] Creating future for 'fetching snapshot from testmanagerd.' with timeout 65.00
23:27:24.723 WebDriverAgentRunner-Runner[1371:144542] <XCTWaiter: 0x107ee9ef0> entering wait loop for 65.00s with expectations: `fetching snapshot from testmanagerd.`
23:27:24.759 WebDriverAgentRunner-Runner[1371:145453] -[XCTRunnerDaemonSession(XCTMessagingRole_UIApplicationStateUpdating) _XCT_applicationDidUpdateState:] com.apple.Spotlight@/Applications/Spotlight.app processName: Spotlight pid: 305 state: background suspended
23:27:24.760 WebDriverAgentRunner-Runner[1371:144542] [AM:0] Processing state snapshot com.apple.Spotlight@/Applications/Spotlight.app processName: Spotlight pid: 305 state: background suspended
23:27:24.761 WebDriverAgentRunner-Runner[1371:144542] Done setting pid for <XCUIApplicationImpl: 0x1074034c0 com.apple.Spotlight> to 305
23:27:24.761 WebDriverAgentRunner-Runner[1371:144542] App state updated for <XCUIApplicationImpl: 0x1074034c0 com.apple.Spotlight>: Running Background Suspended (2)
23:27:24.761 WebDriverAgentRunner-Runner[1371:145453] com.apple.Spotlight (pid:305) application state Running Background (3) -> Running Background Suspended (2)
23:27:24.893 WebDriverAgentRunner-Runner[1371:144564] Handling kAXPidStatusChangedNotification
23:27:24.894 WebDriverAgentRunner-Runner[1371:144564] Got kAXPidStatusChangedNotification for pid 1212: active
23:27:24.894 WebDriverAgentRunner-Runner[1371:144564] Handling kAXPidStatusChangedNotification
23:27:24.895 WebDriverAgentRunner-Runner[1371:144564] Got kAXPidStatusChangedNotification for pid 305: active
23:27:24.966 WebDriverAgentRunner-Runner[1371:144542] No application process found matching pid 1212, caching
23:27:24.966 WebDriverAgentRunner-Runner[1371:144564] com.apple.Spotlight (pid:305) accessibility active (loaded) NO -> YES
23:27:24.977 WebDriverAgentRunner-Runner[1371:145453] Got snapshot response with runtime issue support from testmanagerd.
23:27:24.978 WebDriverAgentRunner-Runner[1371:144542] Returning result XCTWaiterResultCompleted for synchronous waiter <XCTWaiter: 0x107ee9ef0>
23:27:24.978 WebDriverAgentRunner-Runner[1371:144542] Wait <XCTWaiterWait: 0x112cbfc40> completed after 0.255s
23:27:24.978 WebDriverAgentRunner-Runner[1371:144542] cleaning up fetching snapshot from testmanagerd.
23:27:24.978 WebDriverAgentRunner-Runner[1371:144542] <XCTContext: 0x104595720> finished activity <XCActivityRecord: 0x10752c070> 2026-07-19 16:27:24 +0000: Requesting snapshot of accessibility hierarchy for app with pid 174 (0.256574s)
23:27:24.979 WebDriverAgentRunner-Runner[1371:144542] Found matches {(
    App element pid: 174
)} with root App element pid: 174
23:27:24.980 WebDriverAgentRunner-Runner[1371:144542] <XCTContext: 0x104595720> finished activity <XCActivityRecord: 0x10752caf0> 2026-07-19 16:27:24 +0000: Find the Application 'com.apple.springboard' (0.260355s)
23:27:24.980 WebDriverAgentRunner-Runner[1371:144542] XCUIElementQuery <XCTElementSnapshotProvider> getting snapshot
23:27:24.980 WebDriverAgentRunner-Runner[1371:144542] Snapshot request has custom attributes XC_kAXXCAttributeElementBaseType, XC_kAXXCAttributeValue, XC_kAXXCAttributeAutomationType, XC_kAXXCAttributeIdentifier, XC_kAXXCAttributeTraits, XC_kAXXCAttributeVerticalSizeClass, XC_kAXXCAttributeFrame, XC_kAXXCAttributeWindowDisplayId, XC_kAXXCAttributeWindowContextId, XC_kAXXCAttributeLabel, XC_kAXXCAttributeHorizontalSizeClass, XC_kAXXCAttributeHasNativeFocus, XC_kAXXCAttributePlaceholderValue, XC_kAXXCAttributeElementType
23:27:24.980 WebDriverAgentRunner-Runner[1371:144542] Current snapshot generation is 154
23:27:24.980 WebDriverAgentRunner-Runner[1371:144542] Query rootElementSnapshot is non-null with generation count 154
23:27:24.980 WebDriverAgentRunner-Runner[1371:144542] Capturing a new snapshot
23:27:24.980 WebDriverAgentRunner-Runner[1371:144542] Fetching snapshot for App element pid: 174 from testmanagerd with attributes XC_kAXXCAttributeElementBaseType, XC_kAXXCAttributeParent, XC_kAXXCAttributeAutomationType, XC_kAXXCAttributeIdentifier, XC_kAXXCAttributeTraits, XC_kAXXCAttributeVerticalSizeClass, XC_kAXXCAttributeFrame, XC_kAXXCAttributeWindowDisplayId, XC_kAXXCAttributeWindowContextId, XC_kAXXCAttributeLabel, XC_kAXXCAttributeHorizontalSizeClass, XC_kAXXCAttributeHasNativeFocus, XC_kAXXCAttributePlaceholderValue, XC_kAXXCAttributeTruncatedValue, XC_kAXXCAttributeElementType and parameters {
    maxArrayCount = 2147483647;
    maxChildren = 2147483647;
    maxDepth = 50;
    snapshotKeyHonorModalViews = 0;
    traverseFromParentsToChildren = 1;
}.
23:27:24.981 WebDriverAgentRunner-Runner[1371:144542] Creating future for 'fetching snapshot from testmanagerd.' with timeout 65.00
23:27:24.981 WebDriverAgentRunner-Runner[1371:144542] <XCTWaiter: 0x107ee88a0> entering wait loop for 65.00s with expectations: `fetching snapshot from testmanagerd.`
23:27:25.344 WebDriverAgentRunner-Runner[1371:145453] Got snapshot response with runtime issue support from testmanagerd.
23:27:25.344 WebDriverAgentRunner-Runner[1371:144542] Returning result XCTWaiterResultCompleted for synchronous waiter <XCTWaiter: 0x107ee88a0>
23:27:25.344 WebDriverAgentRunner-Runner[1371:144542] Wait <XCTWaiterWait: 0x10746f6c0> completed after 0.363s
23:27:25.344 WebDriverAgentRunner-Runner[1371:144542] cleaning up fetching snapshot from testmanagerd.
23:27:25.345 WebDriverAgentRunner-Runner[1371:144542] Creating future for 'getting interface orientation' with timeout 65.00
23:27:25.345 WebDriverAgentRunner-Runner[1371:144542] <XCTWaiter: 0x107ee9050> entering wait loop for 65.00s with expectations: `getting interface orientation`
23:27:25.346 WebDriverAgentRunner-Runner[1371:144542] Returning result XCTWaiterResultCompleted for synchronous waiter <XCTWaiter: 0x107ee9050>
23:27:25.346 WebDriverAgentRunner-Runner[1371:144542] Wait <XCTWaiterWait: 0x107f580c0> completed after 0.001s
23:27:25.346 WebDriverAgentRunner-Runner[1371:144542] cleaning up getting interface orientation
23:27:26.386 WebDriverAgentRunner-Runner[1371:144542] Creating future for 'fetching attributes 'XC_kAXXCAttributeSystemAppApplication' for Device system-wide element' with timeout 65.00
23:27:26.387 WebDriverAgentRunner-Runner[1371:144542] <XCTWaiter: 0x107eeb0c0> entering wait loop for 65.00s with expectations: `fetching attributes 'XC_kAXXCAttributeSystemAppApplication' for Device system-wide element`
23:27:26.387 WebDriverAgentRunner-Runner[1371:145195] Got attribute fetch response with values {
    "XC_kAXXCAttributeSystemAppApplication" = "AX element pid: 174, elementOrHash.elementID: 0.1";
}, error: (null)
23:27:26.387 WebDriverAgentRunner-Runner[1371:144542] Returning result XCTWaiterResultCompleted for synchronous waiter <XCTWaiter: 0x107eeb0c0>
23:27:26.387 WebDriverAgentRunner-Runner[1371:144542] Wait <XCTWaiterWait: 0x107f5bc00> completed after 0.001s
23:27:26.388 WebDriverAgentRunner-Runner[1371:144542] cleaning up fetching attributes 'XC_kAXXCAttributeSystemAppApplication' for Device system-wide element
23:27:26.388 WebDriverAgentRunner-Runner[1371:144542] Creating future for 'fetching attributes 'XC_kAXXCAttributeFocusedApplications' for AX element pid: 174, elementOrHash.elementID: 0.1' with timeout 65.00
23:27:26.388 WebDriverAgentRunner-Runner[1371:144542] <XCTWaiter: 0x107eeba20> entering wait loop for 65.00s with expectations: `fetching attributes 'XC_kAXXCAttributeFocusedApplications' for AX element pid: 174, elementOrHash.elementID: 0.1`
23:27:26.391 WebDriverAgentRunner-Runner[1371:145453] Got attribute fetch response with values {
    "XC_kAXXCAttributeFocusedApplications" =     (
        "AX element pid: 303, elementOrHash.elementID: 0.1",
        "AX element pid: 174, elementOrHash.elementID: 0.1"
    );
}, error: (null)
23:27:26.391 WebDriverAgentRunner-Runner[1371:144542] Returning result XCTWaiterResultCompleted for synchronous waiter <XCTWaiter: 0x107eeba20>
23:27:26.391 WebDriverAgentRunner-Runner[1371:144542] Wait <XCTWaiterWait: 0x107f5a900> completed after 0.003s
23:27:26.391 WebDriverAgentRunner-Runner[1371:144542] cleaning up fetching attributes 'XC_kAXXCAttributeFocusedApplications' for AX element pid: 174, elementOrHash.elementID: 0.1
23:27:26.391 WebDriverAgentRunner-Runner[1371:144542] Active application elements: (
    "AX element pid: 303, elementOrHash.elementID: 0.1",
    "AX element pid: 174, elementOrHash.elementID: 0.1"
)
23:27:26.413 WebDriverAgentRunner-Runner[1371:144542] Creating future for 'getting interface orientation' with timeout 65.00
23:27:26.413 WebDriverAgentRunner-Runner[1371:144542] <XCTWaiter: 0x107eebfc0> entering wait loop for 65.00s with expectations: `getting interface orientation`
23:27:26.414 WebDriverAgentRunner-Runner[1371:144542] Returning result XCTWaiterResultCompleted for synchronous waiter <XCTWaiter: 0x107eebfc0>
23:27:26.414 WebDriverAgentRunner-Runner[1371:144542] Wait <XCTWaiterWait: 0x107f58a40> completed after 0.001s
23:27:26.414 WebDriverAgentRunner-Runner[1371:144542] cleaning up getting interface orientation
23:27:26.414 WebDriverAgentRunner-Runner[1371:144542] <XCTContext: 0x104595720> started activity <XCActivityRecord: 0x10752e370> 2026-07-19 16:27:26 +0000: Find the Application 'com.apple.springboard'
23:27:26.414 WebDriverAgentRunner-Runner[1371:144542] Executing query:

23:27:26.414 WebDriverAgentRunner-Runner[1371:144542] Creating future for 'checking for continuity enablement' with timeout 30.00
    t =   130.39s Find the Application 'com.apple.springboard'
23:27:26.414 WebDriverAgentRunner-Runner[1371:144542] <XCTWaiter: 0x107dc7a20> entering wait loop for 30.00s with expectations: `checking for continuity enablement`
23:27:26.416 WebDriverAgentRunner-Runner[1371:144542] Returning result XCTWaiterResultCompleted for synchronous waiter <XCTWaiter: 0x107dc7a20>
23:27:26.416 WebDriverAgentRunner-Runner[1371:144542] Wait <XCTWaiterWait: 0x107f5a180> completed after 0.001s
23:27:26.416 WebDriverAgentRunner-Runner[1371:144542] cleaning up checking for continuity enablement
23:27:26.416 WebDriverAgentRunner-Runner[1371:144542] Should evaluate query remotely? XCTDisableRemoteQueryEvaluation(d-write): YES, hasAutomationSession: YES, supportsRemoteEvaluation: YES
23:27:26.416 WebDriverAgentRunner-Runner[1371:144542] Getting matching snapshots for locally evaluated query
23:27:26.416 WebDriverAgentRunner-Runner[1371:144542] Evaluating query:
 
23:27:26.416 WebDriverAgentRunner-Runner[1371:144542] Getting root element snapshot
23:27:26.416 WebDriverAgentRunner-Runner[1371:144542] Getting snapshot for App element pid: 174 for query 
23:27:26.416 WebDriverAgentRunner-Runner[1371:144542] <XCTContext: 0x104595720> started activity <XCActivityRecord: 0x10752e140> 2026-07-19 16:27:26 +0000: Requesting snapshot of accessibility hierarchy for app with pid 174
23:27:26.417 WebDriverAgentRunner-Runner[1371:144542] Query requires iOS snapshot attributes .
23:27:26.417 WebDriverAgentRunner-Runner[1371:144542] XCUIElementQuery <XCTElementSnapshotProvider> getting snapshot
23:27:26.417 WebDriverAgentRunner-Runner[1371:144542] Snapshot request has custom attributes 
23:27:26.417 WebDriverAgentRunner-Runner[1371:144542] Snapshot request has custom parameters {
    snapshotKeyHonorModalViews = 0;
}
23:27:26.417 WebDriverAgentRunner-Runner[1371:144542] Current snapshot generation is 189
23:27:26.417 WebDriverAgentRunner-Runner[1371:144542] Query rootElementSnapshot is non-null with generation count 154
23:27:26.417 WebDriverAgentRunner-Runner[1371:144542] Capturing a new snapshot
23:27:26.417 WebDriverAgentRunner-Runner[1371:144542] Fetching snapshot for App element pid: 174 from testmanagerd with attributes XC_kAXXCAttributeElementType, XC_kAXXCAttributeElementBaseType, XC_kAXXCAttributeParent, XC_kAXXCAttributeIdentifier, XC_kAXXCAttributeAutomationType, XC_kAXXCAttributeTraits and parameters {
    maxArrayCount = 2147483647;
    maxChildren = 2147483647;
    maxDepth = 50;
    snapshotKeyHonorModalViews = 0;
    traverseFromParentsToChildren = 1;
}.
    t =   130.39s     Requesting snapshot of accessibility hierarchy for app with pid 174
23:27:26.417 WebDriverAgentRunner-Runner[1371:144542] Creating future for 'fetching snapshot from testmanagerd.' with timeout 65.00
23:27:26.417 WebDriverAgentRunner-Runner[1371:144542] <XCTWaiter: 0x10465d230> entering wait loop for 65.00s with expectations: `fetching snapshot from testmanagerd.`
23:27:26.627 WebDriverAgentRunner-Runner[1371:144564] Got snapshot response with runtime issue support from testmanagerd.
23:27:26.628 WebDriverAgentRunner-Runner[1371:144542] Returning result XCTWaiterResultCompleted for synchronous waiter <XCTWaiter: 0x10465d230>
23:27:26.628 WebDriverAgentRunner-Runner[1371:144542] Wait <XCTWaiterWait: 0x107f59a40> completed after 0.211s
23:27:26.628 WebDriverAgentRunner-Runner[1371:144542] cleaning up fetching snapshot from testmanagerd.
23:27:26.628 WebDriverAgentRunner-Runner[1371:144542] <XCTContext: 0x104595720> finished activity <XCActivityRecord: 0x10752e140> 2026-07-19 16:27:26 +0000: Requesting snapshot of accessibility hierarchy for app with pid 174 (0.211809s)
23:27:26.629 WebDriverAgentRunner-Runner[1371:144542] Found matches {(
    App element pid: 174
)} with root App element pid: 174
23:27:26.629 WebDriverAgentRunner-Runner[1371:144542] <XCTContext: 0x104595720> finished activity <XCActivityRecord: 0x10752e370> 2026-07-19 16:27:26 +0000: Find the Application 'com.apple.springboard' (0.21515s)
23:27:26.629 WebDriverAgentRunner-Runner[1371:144542] XCUIElementQuery <XCTElementSnapshotProvider> getting snapshot
23:27:26.629 WebDriverAgentRunner-Runner[1371:144542] Snapshot request has custom attributes XC_kAXXCAttributeElementBaseType, XC_kAXXCAttributeValue, XC_kAXXCAttributeAutomationType, XC_kAXXCAttributeIdentifier, XC_kAXXCAttributeTraits, XC_kAXXCAttributeVerticalSizeClass, XC_kAXXCAttributeFrame, XC_kAXXCAttributeWindowDisplayId, XC_kAXXCAttributeWindowContextId, XC_kAXXCAttributeLabel, XC_kAXXCAttributeHorizontalSizeClass, XC_kAXXCAttributeHasNativeFocus, XC_kAXXCAttributePlaceholderValue, XC_kAXXCAttributeElementType
23:27:26.629 WebDriverAgentRunner-Runner[1371:144542] Current snapshot generation is 192
23:27:26.630 WebDriverAgentRunner-Runner[1371:144542] Query rootElementSnapshot is non-null with generation count 192
23:27:26.630 WebDriverAgentRunner-Runner[1371:144542] Capturing a new snapshot
23:27:26.630 WebDriverAgentRunner-Runner[1371:144542] Fetching snapshot for App element pid: 174 from testmanagerd with attributes XC_kAXXCAttributeElementBaseType, XC_kAXXCAttributeParent, XC_kAXXCAttributeAutomationType, XC_kAXXCAttributeIdentifier, XC_kAXXCAttributeTraits, XC_kAXXCAttributeVerticalSizeClass, XC_kAXXCAttributeFrame, XC_kAXXCAttributeWindowDisplayId, XC_kAXXCAttributeWindowContextId, XC_kAXXCAttributeLabel, XC_kAXXCAttributeHorizontalSizeClass, XC_kAXXCAttributeHasNativeFocus, XC_kAXXCAttributePlaceholderValue, XC_kAXXCAttributeTruncatedValue, XC_kAXXCAttributeElementType and parameters {
    maxArrayCount = 2147483647;
    maxChildren = 2147483647;
    maxDepth = 50;
    snapshotKeyHonorModalViews = 0;
    traverseFromParentsToChildren = 1;
}.
23:27:26.630 WebDriverAgentRunner-Runner[1371:144542] Creating future for 'fetching snapshot from testmanagerd.' with timeout 65.00
23:27:26.630 WebDriverAgentRunner-Runner[1371:144542] <XCTWaiter: 0x107ff8540> entering wait loop for 65.00s with expectations: `fetching snapshot from testmanagerd.`
23:27:26.945 WebDriverAgentRunner-Runner[1371:145453] Got snapshot response with runtime issue support from testmanagerd.
23:27:26.945 WebDriverAgentRunner-Runner[1371:144542] Returning result XCTWaiterResultCompleted for synchronous waiter <XCTWaiter: 0x107ff8540>
23:27:26.945 WebDriverAgentRunner-Runner[1371:144542] Wait <XCTWaiterWait: 0x107fbbf00> completed after 0.315s
23:27:26.945 WebDriverAgentRunner-Runner[1371:144542] cleaning up fetching snapshot from testmanagerd.
23:27:26.945 WebDriverAgentRunner-Runner[1371:144542] Creating future for 'getting interface orientation' with timeout 65.00
23:27:26.946 WebDriverAgentRunner-Runner[1371:144542] <XCTWaiter: 0x107ff8390> entering wait loop for 65.00s with expectations: `getting interface orientation`
23:27:26.946 WebDriverAgentRunner-Runner[1371:144542] Returning result XCTWaiterResultCompleted for synchronous waiter <XCTWaiter: 0x107ff8390>
23:27:26.946 WebDriverAgentRunner-Runner[1371:144542] Wait <XCTWaiterWait: 0x112cbd800> completed after 0.001s
23:27:26.947 WebDriverAgentRunner-Runner[1371:144542] cleaning up getting interface orientation
23:27:26.947 WebDriverAgentRunner-Runner[1371:144542] Creating future for 'getting interface orientation' with timeout 65.00
23:27:26.947 WebDriverAgentRunner-Runner[1371:144542] <XCTWaiter: 0x107ff85d0> entering wait loop for 65.00s with expectations: `getting interface orientation`
23:27:26.948 WebDriverAgentRunner-Runner[1371:144542] Returning result XCTWaiterResultCompleted for synchronous waiter <XCTWaiter: 0x107ff85d0>
23:27:26.948 WebDriverAgentRunner-Runner[1371:144542] Wait <XCTWaiterWait: 0x112cbf880> completed after 0.001s
23:27:26.948 WebDriverAgentRunner-Runner[1371:144542] cleaning up getting interface orientation
23:27:26.948 WebDriverAgentRunner-Runner[1371:144542] Requesting local synthesis of event: 
<XCSynthesizedEventRecord 'Swipe Point Array display 0'>
Path 1:
	Touch down at 692.0, 130.0, offset=0.00s
	Move to 694.0, 200.0, offset=0.04s
	Move to 699.0, 422.0, offset=0.08s
	Move to 699.0, 788.0, offset=0.12s
	Move to 699.0, 1176.0, offset=0.16s
	Move to 699.0, 1176.0, offset=0.17s
	Touch up at 699.0, 1176.0, offset=0.18s
23:27:27.181 WebDriverAgentRunner-Runner[1371:145453] Handling kAXUserTestingNotification
23:27:27.181 WebDriverAgentRunner-Runner[1371:145453] Received kAXUserTestingNotification from AX element pid: 174, elementOrHash.elementID: 0.1: {
    event = TouchEventsCompleted;
}
23:27:27.181 WebDriverAgentRunner-Runner[1371:145453] Handling kAXUserTestingNotification
23:27:27.181 WebDriverAgentRunner-Runner[1371:145453] Received kAXUserTestingNotification from AX element pid: 174, elementOrHash.elementID: 0.1: {
    event = TouchEventsCompleted;
}
23:27:27.723 WebDriverAgentRunner-Runner[1371:144564] Handling kAXUserTestingNotification
23:27:27.723 WebDriverAgentRunner-Runner[1371:144564] Received kAXUserTestingNotification from AX element pid: 174, elementOrHash.elementID: 0.1: {
    controllerClass = SBHLibraryOverscrollViewController;
    event = ViewDidDisappear;
}
23:27:28.098 WebDriverAgentRunner-Runner[1371:144542] Creating future for 'fetching attributes 'XC_kAXXCAttributeSystemAppApplication' for Device system-wide element' with timeout 65.00
23:27:28.098 WebDriverAgentRunner-Runner[1371:144542] <XCTWaiter: 0x107ff8390> entering wait loop for 65.00s with expectations: `fetching attributes 'XC_kAXXCAttributeSystemAppApplication' for Device system-wide element`
23:27:28.099 WebDriverAgentRunner-Runner[1371:144564] Got attribute fetch response with values {
    "XC_kAXXCAttributeSystemAppApplication" = "AX element pid: 174, elementOrHash.elementID: 0.1";
}, error: (null)
23:27:28.100 WebDriverAgentRunner-Runner[1371:144542] Returning result XCTWaiterResultCompleted for synchronous waiter <XCTWaiter: 0x107ff8390>
23:27:28.100 WebDriverAgentRunner-Runner[1371:144542] Wait <XCTWaiterWait: 0x112cbc180> completed after 0.001s
23:27:28.100 WebDriverAgentRunner-Runner[1371:144542] cleaning up fetching attributes 'XC_kAXXCAttributeSystemAppApplication' for Device system-wide element
23:27:28.100 WebDriverAgentRunner-Runner[1371:144542] Creating future for 'fetching attributes 'XC_kAXXCAttributeFocusedApplications' for AX element pid: 174, elementOrHash.elementID: 0.1' with timeout 65.00
23:27:28.100 WebDriverAgentRunner-Runner[1371:144542] <XCTWaiter: 0x107ff8870> entering wait loop for 65.00s with expectations: `fetching attributes 'XC_kAXXCAttributeFocusedApplications' for AX element pid: 174, elementOrHash.elementID: 0.1`
23:27:28.103 WebDriverAgentRunner-Runner[1371:145195] Got attribute fetch response with values {
    "XC_kAXXCAttributeFocusedApplications" =     (
        "AX element pid: 303, elementOrHash.elementID: 0.1",
        "AX element pid: 174, elementOrHash.elementID: 0.1"
    );
}, error: (null)
23:27:28.103 WebDriverAgentRunner-Runner[1371:144542] Returning result XCTWaiterResultCompleted for synchronous waiter <XCTWaiter: 0x107ff8870>
23:27:28.103 WebDriverAgentRunner-Runner[1371:144542] Wait <XCTWaiterWait: 0x112cbfdc0> completed after 0.003s
23:27:28.103 WebDriverAgentRunner-Runner[1371:144542] cleaning up fetching attributes 'XC_kAXXCAttributeFocusedApplications' for AX element pid: 174, elementOrHash.elementID: 0.1
23:27:28.103 WebDriverAgentRunner-Runner[1371:144542] Active application elements: (
    "AX element pid: 303, elementOrHash.elementID: 0.1",
    "AX element pid: 174, elementOrHash.elementID: 0.1"
)
23:27:28.112 WebDriverAgentRunner-Runner[1371:144542] Creating future for 'getting interface orientation' with timeout 65.00
23:27:28.112 WebDriverAgentRunner-Runner[1371:144542] <XCTWaiter: 0x107ff8d20> entering wait loop for 65.00s with expectations: `getting interface orientation`
23:27:28.113 WebDriverAgentRunner-Runner[1371:144542] Returning result XCTWaiterResultCompleted for synchronous waiter <XCTWaiter: 0x107ff8d20>
23:27:28.113 WebDriverAgentRunner-Runner[1371:144542] Wait <XCTWaiterWait: 0x112cbcf80> completed after 0.001s
23:27:28.113 WebDriverAgentRunner-Runner[1371:144542] cleaning up getting interface orientation
23:27:28.113 WebDriverAgentRunner-Runner[1371:144542] <XCTContext: 0x104595720> started activity <XCActivityRecord: 0x10752e370> 2026-07-19 16:27:28 +0000: Find the Application 'com.apple.springboard'
    t =   132.09s Find the Application 'com.apple.springboard'
23:27:28.113 WebDriverAgentRunner-Runner[1371:144542] Executing query:

23:27:28.113 WebDriverAgentRunner-Runner[1371:144542] Creating future for 'checking for continuity enablement' with timeout 30.00
23:27:28.114 WebDriverAgentRunner-Runner[1371:144542] <XCTWaiter: 0x107ff9200> entering wait loop for 30.00s with expectations: `checking for continuity enablement`
23:27:28.114 WebDriverAgentRunner-Runner[1371:144542] Returning result XCTWaiterResultCompleted for synchronous waiter <XCTWaiter: 0x107ff9200>
23:27:28.114 WebDriverAgentRunner-Runner[1371:144542] Wait <XCTWaiterWait: 0x112cbd540> completed after 0.001s
23:27:28.115 WebDriverAgentRunner-Runner[1371:144542] cleaning up checking for continuity enablement
23:27:28.115 WebDriverAgentRunner-Runner[1371:144542] Should evaluate query remotely? XCTDisableRemoteQueryEvaluation(d-write): YES, hasAutomationSession: YES, supportsRemoteEvaluation: YES
23:27:28.115 WebDriverAgentRunner-Runner[1371:144542] Getting matching snapshots for locally evaluated query
23:27:28.115 WebDriverAgentRunner-Runner[1371:144542] Evaluating query:
 
23:27:28.115 WebDriverAgentRunner-Runner[1371:144542] Getting root element snapshot
23:27:28.115 WebDriverAgentRunner-Runner[1371:144542] Getting snapshot for App element pid: 174 for query 
23:27:28.115 WebDriverAgentRunner-Runner[1371:144542] <XCTContext: 0x104595720> started activity <XCActivityRecord: 0x10752e140> 2026-07-19 16:27:28 +0000: Requesting snapshot of accessibility hierarchy for app with pid 174
23:27:28.115 WebDriverAgentRunner-Runner[1371:144542] Query requires iOS snapshot attributes .
23:27:28.115 WebDriverAgentRunner-Runner[1371:144542] XCUIElementQuery <XCTElementSnapshotProvider> getting snapshot
23:27:28.115 WebDriverAgentRunner-Runner[1371:144542] Snapshot request has custom attributes 
23:27:28.116 WebDriverAgentRunner-Runner[1371:144542] Snapshot request has custom parameters {
    snapshotKeyHonorModalViews = 0;
}
23:27:28.116 WebDriverAgentRunner-Runner[1371:144542] Current snapshot generation is 223
23:27:28.116 WebDriverAgentRunner-Runner[1371:144542] Query rootElementSnapshot is non-null with generation count 192
    t =   132.09s     Requesting snapshot of accessibility hierarchy for app with pid 174
23:27:28.116 WebDriverAgentRunner-Runner[1371:144542] Capturing a new snapshot
23:27:28.116 WebDriverAgentRunner-Runner[1371:144542] Fetching snapshot for App element pid: 174 from testmanagerd with attributes XC_kAXXCAttributeElementType, XC_kAXXCAttributeElementBaseType, XC_kAXXCAttributeParent, XC_kAXXCAttributeIdentifier, XC_kAXXCAttributeAutomationType, XC_kAXXCAttributeTraits and parameters {
    maxArrayCount = 2147483647;
    maxChildren = 2147483647;
    maxDepth = 50;
    snapshotKeyHonorModalViews = 0;
    traverseFromParentsToChildren = 1;
}.
23:27:28.116 WebDriverAgentRunner-Runner[1371:144542] Creating future for 'fetching snapshot from testmanagerd.' with timeout 65.00
23:27:28.116 WebDriverAgentRunner-Runner[1371:144542] <XCTWaiter: 0x107ff9a40> entering wait loop for 65.00s with expectations: `fetching snapshot from testmanagerd.`
23:27:28.270 WebDriverAgentRunner-Runner[1371:145197] Got snapshot response with runtime issue support from testmanagerd.
23:27:28.270 WebDriverAgentRunner-Runner[1371:144542] Returning result XCTWaiterResultCompleted for synchronous waiter <XCTWaiter: 0x107ff9a40>
23:27:28.270 WebDriverAgentRunner-Runner[1371:144542] Wait <XCTWaiterWait: 0x112cbc200> completed after 0.154s
23:27:28.271 WebDriverAgentRunner-Runner[1371:144542] cleaning up fetching snapshot from testmanagerd.
23:27:28.271 WebDriverAgentRunner-Runner[1371:144542] <XCTContext: 0x104595720> finished activity <XCActivityRecord: 0x10752e140> 2026-07-19 16:27:28 +0000: Requesting snapshot of accessibility hierarchy for app with pid 174 (0.155791s)
23:27:28.272 WebDriverAgentRunner-Runner[1371:144542] Found matches {(
    App element pid: 174
)} with root App element pid: 174
23:27:28.272 WebDriverAgentRunner-Runner[1371:144542] <XCTContext: 0x104595720> finished activity <XCActivityRecord: 0x10752e370> 2026-07-19 16:27:28 +0000: Find the Application 'com.apple.springboard' (0.159113s)
23:27:28.272 WebDriverAgentRunner-Runner[1371:144542] XCUIElementQuery <XCTElementSnapshotProvider> getting snapshot
23:27:28.273 WebDriverAgentRunner-Runner[1371:144542] Snapshot request has custom attributes XC_kAXXCAttributeElementBaseType, XC_kAXXCAttributeValue, XC_kAXXCAttributeAutomationType, XC_kAXXCAttributeIdentifier, XC_kAXXCAttributeTraits, XC_kAXXCAttributeVerticalSizeClass, XC_kAXXCAttributeFrame, XC_kAXXCAttributeWindowDisplayId, XC_kAXXCAttributeWindowContextId, XC_kAXXCAttributeLabel, XC_kAXXCAttributeHorizontalSizeClass, XC_kAXXCAttributeHasNativeFocus, XC_kAXXCAttributePlaceholderValue, XC_kAXXCAttributeElementType
23:27:28.273 WebDriverAgentRunner-Runner[1371:144542] Current snapshot generation is 225
23:27:28.273 WebDriverAgentRunner-Runner[1371:144542] Query rootElementSnapshot is non-null with generation count 225
23:27:28.273 WebDriverAgentRunner-Runner[1371:144542] Capturing a new snapshot
23:27:28.273 WebDriverAgentRunner-Runner[1371:144542] Fetching snapshot for App element pid: 174 from testmanagerd with attributes XC_kAXXCAttributeElementBaseType, XC_kAXXCAttributeParent, XC_kAXXCAttributeAutomationType, XC_kAXXCAttributeIdentifier, XC_kAXXCAttributeTraits, XC_kAXXCAttributeVerticalSizeClass, XC_kAXXCAttributeFrame, XC_kAXXCAttributeWindowDisplayId, XC_kAXXCAttributeWindowContextId, XC_kAXXCAttributeLabel, XC_kAXXCAttributeHorizontalSizeClass, XC_kAXXCAttributeHasNativeFocus, XC_kAXXCAttributePlaceholderValue, XC_kAXXCAttributeTruncatedValue, XC_kAXXCAttributeElementType and parameters {
    maxArrayCount = 2147483647;
    maxChildren = 2147483647;
    maxDepth = 50;
    snapshotKeyHonorModalViews = 0;
    traverseFromParentsToChildren = 1;
}.
23:27:28.273 WebDriverAgentRunner-Runner[1371:144542] Creating future for 'fetching snapshot from testmanagerd.' with timeout 65.00
23:27:28.273 WebDriverAgentRunner-Runner[1371:144542] <XCTWaiter: 0x107ff92c0> entering wait loop for 65.00s with expectations: `fetching snapshot from testmanagerd.`
23:27:28.425 WebDriverAgentRunner-Runner[1371:144564] Got snapshot response with runtime issue support from testmanagerd.
23:27:28.425 WebDriverAgentRunner-Runner[1371:144542] Returning result XCTWaiterResultCompleted for synchronous waiter <XCTWaiter: 0x107ff92c0>
23:27:28.425 WebDriverAgentRunner-Runner[1371:144542] Wait <XCTWaiterWait: 0x112ccaf80> completed after 0.152s
23:27:28.425 WebDriverAgentRunner-Runner[1371:144542] cleaning up fetching snapshot from testmanagerd.
23:27:28.425 WebDriverAgentRunner-Runner[1371:144542] Creating future for 'getting interface orientation' with timeout 65.00
23:27:28.425 WebDriverAgentRunner-Runner[1371:144542] <XCTWaiter: 0x107ff91d0> entering wait loop for 65.00s with expectations: `getting interface orientation`
23:27:28.426 WebDriverAgentRunner-Runner[1371:144542] Returning result XCTWaiterResultCompleted for synchronous waiter <XCTWaiter: 0x107ff91d0>
23:27:28.426 WebDriverAgentRunner-Runner[1371:144542] Wait <XCTWaiterWait: 0x10746fa40> completed after 0.000s
23:27:28.426 WebDriverAgentRunner-Runner[1371:144542] cleaning up getting interface orientation
23:27:28.426 WebDriverAgentRunner-Runner[1371:144542] Creating future for 'getting interface orientation' with timeout 65.00
23:27:28.426 WebDriverAgentRunner-Runner[1371:144542] <XCTWaiter: 0x107ff94d0> entering wait loop for 65.00s with expectations: `getting interface orientation`
23:27:28.426 WebDriverAgentRunner-Runner[1371:144542] Returning result XCTWaiterResultCompleted for synchronous waiter <XCTWaiter: 0x107ff94d0>
23:27:28.426 WebDriverAgentRunner-Runner[1371:144542] Wait <XCTWaiterWait: 0x10746f600> completed after 0.000s
23:27:28.426 WebDriverAgentRunner-Runner[1371:144542] cleaning up getting interface orientation
23:27:28.427 WebDriverAgentRunner-Runner[1371:144542] Requesting local synthesis of event: 
<XCSynthesizedEventRecord 'Swipe Point Array display 0'>
Path 1:
	Touch down at 569.0, 1251.0, offset=0.00s
	Move to 568.0, 1241.0, offset=0.04s
	Move to 561.0, 1114.0, offset=0.08s
	Move to 561.0, 708.0, offset=0.12s
	Move to 561.0, 448.0, offset=0.14s
	Touch up at 561.0, 448.0, offset=0.15s
23:27:28.622 WebDriverAgentRunner-Runner[1371:144564] Handling kAXUserTestingNotification
23:27:28.622 WebDriverAgentRunner-Runner[1371:144564] Received kAXUserTestingNotification from AX element pid: 174, elementOrHash.elementID: 0.1: {
    event = TouchEventsCompleted;
}
23:27:28.622 WebDriverAgentRunner-Runner[1371:144564] Handling kAXUserTestingNotification
23:27:28.622 WebDriverAgentRunner-Runner[1371:144564] Received kAXUserTestingNotification from AX element pid: 174, elementOrHash.elementID: 0.1: {
    event = TouchEventsCompleted;
}
23:27:28.765 WebDriverAgentRunner-Runner[1371:145197] Handling kAXPidStatusChangedNotification
23:27:28.765 WebDriverAgentRunner-Runner[1371:145197] Got kAXPidStatusChangedNotification for pid 308: active
23:27:28.769 WebDriverAgentRunner-Runner[1371:145197] Handling kAXUserTestingNotification
23:27:28.770 WebDriverAgentRunner-Runner[1371:145197] Received kAXUserTestingNotification from AX element pid: 174, elementOrHash.elementID: 0.1: {
    controllerClass = SBHWidgetViewController;
    event = ViewDidAppear;
}
23:27:28.770 WebDriverAgentRunner-Runner[1371:145197] Handling kAXUserTestingNotification
23:27:28.770 WebDriverAgentRunner-Runner[1371:145197] Received kAXUserTestingNotification from AX element pid: 174, elementOrHash.elementID: 0.1: {
    controllerClass = SBHWidgetContainerViewController;
    event = ViewDidAppear;
}
23:27:28.770 WebDriverAgentRunner-Runner[1371:145197] Handling kAXUserTestingNotification
23:27:28.770 WebDriverAgentRunner-Runner[1371:145197] Received kAXUserTestingNotification from AX element pid: 174, elementOrHash.elementID: 0.1: {
    controllerClass = SBHMultiplexingViewController;
    event = ViewDidAppear;
}
23:27:28.770 WebDriverAgentRunner-Runner[1371:145197] Handling kAXUserTestingNotification
23:27:28.770 WebDriverAgentRunner-Runner[1371:145197] Received kAXUserTestingNotification from AX element pid: 174, elementOrHash.elementID: 0.1: {
    controllerClass = SBHWidgetStackViewController;
    event = ViewDidAppear;
}
23:27:28.835 WebDriverAgentRunner-Runner[1371:144542] No application process found matching pid 308, caching
23:27:28.872 WebDriverAgentRunner-Runner[1371:145197] Handling kAXUserTestingNotification
23:27:28.872 WebDriverAgentRunner-Runner[1371:145197] Received kAXUserTestingNotification from AX element pid: 308, elementOrHash.elementID: 0.1: {
    controllerClass = "WidgetRenderer.DebugOverlayViewController";
    event = ViewDidAppear;
}
23:27:28.872 WebDriverAgentRunner-Runner[1371:145197] Handling kAXUserTestingNotification
23:27:28.872 WebDriverAgentRunner-Runner[1371:145197] Received kAXUserTestingNotification from AX element pid: 308, elementOrHash.elementID: 0.1: {
    controllerClass = "WidgetRenderer.WidgetSceneContentViewController";
    event = ViewDidAppear;
}
23:27:28.873 WebDriverAgentRunner-Runner[1371:145197] Handling kAXUserTestingNotification
23:27:28.873 WebDriverAgentRunner-Runner[1371:145197] Received kAXUserTestingNotification from AX element pid: 308, elementOrHash.elementID: 0.1: {
    controllerClass = "WidgetRenderer.SecureHostingController";
    event = ViewDidAppear;
}
23:27:28.873 WebDriverAgentRunner-Runner[1371:145197] Handling kAXUserTestingNotification
23:27:28.873 WebDriverAgentRunner-Runner[1371:145197] Received kAXUserTestingNotification from AX element pid: 308, elementOrHash.elementID: 0.1: {
    controllerClass = "WidgetRenderer.ZStackContainerViewController";
    event = ViewDidDisappear;
}
23:27:28.873 WebDriverAgentRunner-Runner[1371:145197] Handling kAXUserTestingNotification
23:27:28.873 WebDriverAgentRunner-Runner[1371:145197] Received kAXUserTestingNotification from AX element pid: 308, elementOrHash.elementID: 0.1: {
    controllerClass = "WidgetRenderer.ZStackContainerViewController";
    event = ViewDidAppear;
}
23:27:29.168 WebDriverAgentRunner-Runner[1371:145195] Handling kAXUserTestingNotification
23:27:29.168 WebDriverAgentRunner-Runner[1371:145195] Received kAXUserTestingNotification from AX element pid: 174, elementOrHash.elementID: 0.1: {
    controllerClass = SBHWidgetStackViewController;
    event = ViewDidDisappear;
}
23:27:29.168 WebDriverAgentRunner-Runner[1371:145195] Handling kAXUserTestingNotification
23:27:29.168 WebDriverAgentRunner-Runner[1371:145195] Received kAXUserTestingNotification from AX element pid: 174, elementOrHash.elementID: 0.1: {
    controllerClass = SBHWidgetContainerViewController;
    event = ViewDidDisappear;
}
23:27:29.168 WebDriverAgentRunner-Runner[1371:145195] Handling kAXUserTestingNotification
23:27:29.169 WebDriverAgentRunner-Runner[1371:145195] Received kAXUserTestingNotification from AX element pid: 174, elementOrHash.elementID: 0.1: {
    controllerClass = SBHMultiplexingViewController;
    event = ViewDidDisappear;
}
23:27:29.169 WebDriverAgentRunner-Runner[1371:145195] Handling kAXUserTestingNotification
23:27:29.169 WebDriverAgentRunner-Runner[1371:145195] Received kAXUserTestingNotification from AX element pid: 174, elementOrHash.elementID: 0.1: {
    controllerClass = SBHWidgetViewController;
    event = ViewDidDisappear;
}
23:27:29.186 WebDriverAgentRunner-Runner[1371:145197] Handling kAXUserTestingNotification
23:27:29.187 WebDriverAgentRunner-Runner[1371:145197] Received kAXUserTestingNotification from AX element pid: 308, elementOrHash.elementID: 0.1: {
    controllerClass = "WidgetRenderer.WidgetSceneContentViewController";
    event = ViewDidDisappear;
}
23:27:29.187 WebDriverAgentRunner-Runner[1371:145197] Handling kAXUserTestingNotification
23:27:29.187 WebDriverAgentRunner-Runner[1371:145197] Received kAXUserTestingNotification from AX element pid: 308, elementOrHash.elementID: 0.1: {
    controllerClass = "WidgetRenderer.SecureHostingController";
    event = ViewDidDisappear;
}
23:27:29.397 WebDriverAgentRunner-Runner[1371:145195] Handling kAXPidStatusChangedNotification
23:27:29.397 WebDriverAgentRunner-Runner[1371:145195] Got kAXPidStatusChangedNotification for pid 308: active
23:27:29.422 WebDriverAgentRunner-Runner[1371:144542] No application process found matching pid 308, caching
23:27:30.433 WebDriverAgentRunner-Runner[1371:144542] Creating future for 'fetching attributes 'XC_kAXXCAttributeSystemAppApplication' for Device system-wide element' with timeout 65.00
23:27:30.433 WebDriverAgentRunner-Runner[1371:144542] <XCTWaiter: 0x107ff8960> entering wait loop for 65.00s with expectations: `fetching attributes 'XC_kAXXCAttributeSystemAppApplication' for Device system-wide element`
23:27:30.435 WebDriverAgentRunner-Runner[1371:145195] Got attribute fetch response with values {
    "XC_kAXXCAttributeSystemAppApplication" = "AX element pid: 174, elementOrHash.elementID: 0.1";
}, error: (null)
23:27:30.435 WebDriverAgentRunner-Runner[1371:144542] Returning result XCTWaiterResultCompleted for synchronous waiter <XCTWaiter: 0x107ff8960>
23:27:30.435 WebDriverAgentRunner-Runner[1371:144542] Wait <XCTWaiterWait: 0x10746c380> completed after 0.001s
23:27:30.435 WebDriverAgentRunner-Runner[1371:144542] cleaning up fetching attributes 'XC_kAXXCAttributeSystemAppApplication' for Device system-wide element
23:27:30.435 WebDriverAgentRunner-Runner[1371:144542] Creating future for 'fetching attributes 'XC_kAXXCAttributeFocusedApplications' for AX element pid: 174, elementOrHash.elementID: 0.1' with timeout 65.00
23:27:30.435 WebDriverAgentRunner-Runner[1371:144542] <XCTWaiter: 0x107ff9800> entering wait loop for 65.00s with expectations: `fetching attributes 'XC_kAXXCAttributeFocusedApplications' for AX element pid: 174, elementOrHash.elementID: 0.1`
23:27:30.438 WebDriverAgentRunner-Runner[1371:145195] Got attribute fetch response with values {
    "XC_kAXXCAttributeFocusedApplications" =     (
        "AX element pid: 303, elementOrHash.elementID: 0.1",
        "AX element pid: 174, elementOrHash.elementID: 0.1"
    );
}, error: (null)
23:27:30.438 WebDriverAgentRunner-Runner[1371:144542] Returning result XCTWaiterResultCompleted for synchronous waiter <XCTWaiter: 0x107ff9800>
23:27:30.438 WebDriverAgentRunner-Runner[1371:144542] Wait <XCTWaiterWait: 0x10746c280> completed after 0.003s
23:27:30.438 WebDriverAgentRunner-Runner[1371:144542] cleaning up fetching attributes 'XC_kAXXCAttributeFocusedApplications' for AX element pid: 174, elementOrHash.elementID: 0.1
23:27:30.438 WebDriverAgentRunner-Runner[1371:144542] Active application elements: (
    "AX element pid: 303, elementOrHash.elementID: 0.1",
    "AX element pid: 174, elementOrHash.elementID: 0.1"
)
23:27:30.460 WebDriverAgentRunner-Runner[1371:144542] Creating future for 'getting interface orientation' with timeout 65.00
23:27:30.460 WebDriverAgentRunner-Runner[1371:144542] <XCTWaiter: 0x107ff8ff0> entering wait loop for 65.00s with expectations: `getting interface orientation`
23:27:30.461 WebDriverAgentRunner-Runner[1371:144542] Returning result XCTWaiterResultCompleted for synchronous waiter <XCTWaiter: 0x107ff8ff0>
23:27:30.461 WebDriverAgentRunner-Runner[1371:144542] Wait <XCTWaiterWait: 0x10746d140> completed after 0.001s
23:27:30.461 WebDriverAgentRunner-Runner[1371:144542] cleaning up getting interface orientation
23:27:30.461 WebDriverAgentRunner-Runner[1371:144542] <XCTContext: 0x104595720> started activity <XCActivityRecord: 0x10752e370> 2026-07-19 16:27:30 +0000: Find the Application 'com.apple.springboard'
    t =   134.44s Find the Application 'com.apple.springboard'
23:27:30.461 WebDriverAgentRunner-Runner[1371:144542] Executing query:

23:27:30.462 WebDriverAgentRunner-Runner[1371:144542] Creating future for 'checking for continuity enablement' with timeout 30.00
23:27:30.462 WebDriverAgentRunner-Runner[1371:144542] <XCTWaiter: 0x107ff9f20> entering wait loop for 30.00s with expectations: `checking for continuity enablement`
23:27:30.463 WebDriverAgentRunner-Runner[1371:144542] Returning result XCTWaiterResultCompleted for synchronous waiter <XCTWaiter: 0x107ff9f20>
23:27:30.463 WebDriverAgentRunner-Runner[1371:144542] Wait <XCTWaiterWait: 0x10746d240> completed after 0.002s
23:27:30.463 WebDriverAgentRunner-Runner[1371:144542] cleaning up checking for continuity enablement
23:27:30.463 WebDriverAgentRunner-Runner[1371:144542] Should evaluate query remotely? XCTDisableRemoteQueryEvaluation(d-write): YES, hasAutomationSession: YES, supportsRemoteEvaluation: YES
23:27:30.463 WebDriverAgentRunner-Runner[1371:144542] Getting matching snapshots for locally evaluated query
23:27:30.464 WebDriverAgentRunner-Runner[1371:144542] Evaluating query:
 
23:27:30.464 WebDriverAgentRunner-Runner[1371:144542] Getting root element snapshot
23:27:30.464 WebDriverAgentRunner-Runner[1371:144542] Getting snapshot for App element pid: 174 for query 
23:27:30.464 WebDriverAgentRunner-Runner[1371:144542] <XCTContext: 0x104595720> started activity <XCActivityRecord: 0x10752e140> 2026-07-19 16:27:30 +0000: Requesting snapshot of accessibility hierarchy for app with pid 174
23:27:30.464 WebDriverAgentRunner-Runner[1371:144542] Query requires iOS snapshot attributes .
23:27:30.464 WebDriverAgentRunner-Runner[1371:144542] XCUIElementQuery <XCTElementSnapshotProvider> getting snapshot
23:27:30.464 WebDriverAgentRunner-Runner[1371:144542] Snapshot request has custom attributes 
23:27:30.464 WebDriverAgentRunner-Runner[1371:144542] Snapshot request has custom parameters {
    snapshotKeyHonorModalViews = 0;
}
23:27:30.464 WebDriverAgentRunner-Runner[1371:144542] Current snapshot generation is 273
23:27:30.464 WebDriverAgentRunner-Runner[1371:144542] Query rootElementSnapshot is non-null with generation count 225
23:27:30.464 WebDriverAgentRunner-Runner[1371:144542] Capturing a new snapshot
23:27:30.465 WebDriverAgentRunner-Runner[1371:144542] Fetching snapshot for App element pid: 174 from testmanagerd with attributes XC_kAXXCAttributeElementType, XC_kAXXCAttributeElementBaseType, XC_kAXXCAttributeParent, XC_kAXXCAttributeIdentifier, XC_kAXXCAttributeAutomationType, XC_kAXXCAttributeTraits and parameters {
    maxArrayCount = 2147483647;
    maxChildren = 2147483647;
    maxDepth = 50;
    snapshotKeyHonorModalViews = 0;
    traverseFromParentsToChildren = 1;
}.
23:27:30.465 WebDriverAgentRunner-Runner[1371:144542] Creating future for 'fetching snapshot from testmanagerd.' with timeout 65.00
23:27:30.465 WebDriverAgentRunner-Runner[1371:144542] <XCTWaiter: 0x107ffa910> entering wait loop for 65.00s with expectations: `fetching snapshot from testmanagerd.`
    t =   134.44s     Requesting snapshot of accessibility hierarchy for app with pid 174
23:27:30.688 WebDriverAgentRunner-Runner[1371:145453] Got snapshot response with runtime issue support from testmanagerd.
23:27:30.688 WebDriverAgentRunner-Runner[1371:144542] Returning result XCTWaiterResultCompleted for synchronous waiter <XCTWaiter: 0x107ffa910>
23:27:30.688 WebDriverAgentRunner-Runner[1371:144542] Wait <XCTWaiterWait: 0x107403040> completed after 0.224s
23:27:30.688 WebDriverAgentRunner-Runner[1371:144542] cleaning up fetching snapshot from testmanagerd.
23:27:30.689 WebDriverAgentRunner-Runner[1371:144542] <XCTContext: 0x104595720> finished activity <XCActivityRecord: 0x10752e140> 2026-07-19 16:27:30 +0000: Requesting snapshot of accessibility hierarchy for app with pid 174 (0.224897s)
23:27:30.689 WebDriverAgentRunner-Runner[1371:144542] Found matches {(
    App element pid: 174
)} with root App element pid: 174
23:27:30.689 WebDriverAgentRunner-Runner[1371:144542] <XCTContext: 0x104595720> finished activity <XCActivityRecord: 0x10752e370> 2026-07-19 16:27:30 +0000: Find the Application 'com.apple.springboard' (0.228306s)
23:27:30.690 WebDriverAgentRunner-Runner[1371:144542] XCUIElementQuery <XCTElementSnapshotProvider> getting snapshot
23:27:30.690 WebDriverAgentRunner-Runner[1371:144542] Snapshot request has custom attributes XC_kAXXCAttributeElementBaseType, XC_kAXXCAttributeValue, XC_kAXXCAttributeAutomationType, XC_kAXXCAttributeIdentifier, XC_kAXXCAttributeTraits, XC_kAXXCAttributeVerticalSizeClass, XC_kAXXCAttributeFrame, XC_kAXXCAttributeWindowDisplayId, XC_kAXXCAttributeWindowContextId, XC_kAXXCAttributeLabel, XC_kAXXCAttributeHorizontalSizeClass, XC_kAXXCAttributeHasNativeFocus, XC_kAXXCAttributePlaceholderValue, XC_kAXXCAttributeElementType
23:27:30.690 WebDriverAgentRunner-Runner[1371:144542] Current snapshot generation is 276
23:27:30.690 WebDriverAgentRunner-Runner[1371:144542] Query rootElementSnapshot is non-null with generation count 276
23:27:30.690 WebDriverAgentRunner-Runner[1371:144542] Capturing a new snapshot
23:27:30.690 WebDriverAgentRunner-Runner[1371:144542] Fetching snapshot for App element pid: 174 from testmanagerd with attributes XC_kAXXCAttributeElementBaseType, XC_kAXXCAttributeParent, XC_kAXXCAttributeAutomationType, XC_kAXXCAttributeIdentifier, XC_kAXXCAttributeTraits, XC_kAXXCAttributeVerticalSizeClass, XC_kAXXCAttributeFrame, XC_kAXXCAttributeWindowDisplayId, XC_kAXXCAttributeWindowContextId, XC_kAXXCAttributeLabel, XC_kAXXCAttributeHorizontalSizeClass, XC_kAXXCAttributeHasNativeFocus, XC_kAXXCAttributePlaceholderValue, XC_kAXXCAttributeTruncatedValue, XC_kAXXCAttributeElementType and parameters {
    maxArrayCount = 2147483647;
    maxChildren = 2147483647;
    maxDepth = 50;
    snapshotKeyHonorModalViews = 0;
    traverseFromParentsToChildren = 1;
}.
23:27:30.690 WebDriverAgentRunner-Runner[1371:144542] Creating future for 'fetching snapshot from testmanagerd.' with timeout 65.00
23:27:30.690 WebDriverAgentRunner-Runner[1371:144542] <XCTWaiter: 0x107ff9fe0> entering wait loop for 65.00s with expectations: `fetching snapshot from testmanagerd.`
23:27:30.998 WebDriverAgentRunner-Runner[1371:145453] Got snapshot response with runtime issue support from testmanagerd.
23:27:30.999 WebDriverAgentRunner-Runner[1371:144542] Returning result XCTWaiterResultCompleted for synchronous waiter <XCTWaiter: 0x107ff9fe0>
23:27:30.999 WebDriverAgentRunner-Runner[1371:144542] Wait <XCTWaiterWait: 0x107f5a340> completed after 0.308s
23:27:30.999 WebDriverAgentRunner-Runner[1371:144542] cleaning up fetching snapshot from testmanagerd.
23:27:30.999 WebDriverAgentRunner-Runner[1371:144542] Creating future for 'getting interface orientation' with timeout 65.00
23:27:30.999 WebDriverAgentRunner-Runner[1371:144542] <XCTWaiter: 0x107ff9ef0> entering wait loop for 65.00s with expectations: `getting interface orientation`
23:27:31.000 WebDriverAgentRunner-Runner[1371:144542] Returning result XCTWaiterResultCompleted for synchronous waiter <XCTWaiter: 0x107ff9ef0>
23:27:31.000 WebDriverAgentRunner-Runner[1371:144542] Wait <XCTWaiterWait: 0x112d00200> completed after 0.001s
23:27:31.000 WebDriverAgentRunner-Runner[1371:144542] cleaning up getting interface orientation
23:27:31.000 WebDriverAgentRunner-Runner[1371:144542] Creating future for 'getting interface orientation' with timeout 65.00
23:27:31.000 WebDriverAgentRunner-Runner[1371:144542] <XCTWaiter: 0x107ffa280> entering wait loop for 65.00s with expectations: `getting interface orientation`
23:27:31.001 WebDriverAgentRunner-Runner[1371:144542] Returning result XCTWaiterResultCompleted for synchronous waiter <XCTWaiter: 0x107ffa280>
23:27:31.001 WebDriverAgentRunner-Runner[1371:144542] Wait <XCTWaiterWait: 0x112d002c0> completed after 0.001s
23:27:31.001 WebDriverAgentRunner-Runner[1371:144542] cleaning up getting interface orientation
23:27:31.001 WebDriverAgentRunner-Runner[1371:144542] Requesting local synthesis of event: 
<XCSynthesizedEventRecord 'Swipe Point Array display 0'>
Path 1:
	Touch down at 681.0, 169.0, offset=0.00s
	Move to 686.0, 185.0, offset=0.04s
	Move to 687.0, 218.0, offset=0.08s
	Move to 687.0, 323.0, offset=0.12s
	Move to 682.0, 484.0, offset=0.16s
	Move to 674.0, 643.0, offset=0.20s
	Move to 672.0, 770.0, offset=0.24s
	Move to 672.0, 868.0, offset=0.28s
	Move to 677.0, 970.0, offset=0.32s
	Move to 681.0, 1055.0, offset=0.36s
	Move to 687.0, 1097.0, offset=0.40s
	Move to 689.0, 1097.0, offset=0.54s
	Move to 690.0, 1092.0, offset=0.57s
	Move to 697.0, 1050.0, offset=0.61s
	Move to 700.0, 930.0, offset=0.65s
	Move to 700.0, 793.0, offset=0.69s
	Move to 700.0, 627.0, offset=0.73s
	Move to 700.0, 519.0, offset=0.77s
	Move to 704.0, 409.0, offset=0.81s
	Move to 704.0, 357.0, offset=0.84s
	Move to 705.0, 313.0, offset=0.89s
	Move to 705.0, 306.0, offset=0.97s
	Move to 705.0, 306.0, offset=0.98s
	Touch up at 705.0, 306.0, offset=0.99s
23:27:32.090 WebDriverAgentRunner-Runner[1371:145197] Handling kAXUserTestingNotification
23:27:32.090 WebDriverAgentRunner-Runner[1371:145197] Received kAXUserTestingNotification from AX element pid: 174, elementOrHash.elementID: 0.1: {
    event = TouchEventsCompleted;
}
23:27:32.090 WebDriverAgentRunner-Runner[1371:145197] Handling kAXUserTestingNotification
23:27:32.090 WebDriverAgentRunner-Runner[1371:145197] Received kAXUserTestingNotification from AX element pid: 174, elementOrHash.elementID: 0.1: {
    event = TouchEventsCompleted;
}
23:27:32.598 WebDriverAgentRunner-Runner[1371:144542] Creating future for 'fetching attributes 'XC_kAXXCAttributeSystemAppApplication' for Device system-wide element' with timeout 65.00
23:27:32.599 WebDriverAgentRunner-Runner[1371:144542] <XCTWaiter: 0x107ff93b0> entering wait loop for 65.00s with expectations: `fetching attributes 'XC_kAXXCAttributeSystemAppApplication' for Device system-wide element`
23:27:32.599 WebDriverAgentRunner-Runner[1371:145197] Got attribute fetch response with values {
    "XC_kAXXCAttributeSystemAppApplication" = "AX element pid: 174, elementOrHash.elementID: 0.1";
}, error: (null)
23:27:32.599 WebDriverAgentRunner-Runner[1371:144542] Returning result XCTWaiterResultCompleted for synchronous waiter <XCTWaiter: 0x107ff93b0>
23:27:32.599 WebDriverAgentRunner-Runner[1371:144542] Wait <XCTWaiterWait: 0x112d00340> completed after 0.001s
23:27:32.600 WebDriverAgentRunner-Runner[1371:144542] cleaning up fetching attributes 'XC_kAXXCAttributeSystemAppApplication' for Device system-wide element
23:27:32.600 WebDriverAgentRunner-Runner[1371:144542] Creating future for 'fetching attributes 'XC_kAXXCAttributeFocusedApplications' for AX element pid: 174, elementOrHash.elementID: 0.1' with timeout 65.00
23:27:32.600 WebDriverAgentRunner-Runner[1371:144542] <XCTWaiter: 0x107ff8e40> entering wait loop for 65.00s with expectations: `fetching attributes 'XC_kAXXCAttributeFocusedApplications' for AX element pid: 174, elementOrHash.elementID: 0.1`
23:27:32.601 WebDriverAgentRunner-Runner[1371:144564] Got attribute fetch response with values {
    "XC_kAXXCAttributeFocusedApplications" =     (
        "AX element pid: 303, elementOrHash.elementID: 0.1",
        "AX element pid: 174, elementOrHash.elementID: 0.1"
    );
}, error: (null)
23:27:32.601 WebDriverAgentRunner-Runner[1371:144542] Returning result XCTWaiterResultCompleted for synchronous waiter <XCTWaiter: 0x107ff8e40>
23:27:32.601 WebDriverAgentRunner-Runner[1371:144542] Wait <XCTWaiterWait: 0x112d002c0> completed after 0.001s
23:27:32.601 WebDriverAgentRunner-Runner[1371:144542] cleaning up fetching attributes 'XC_kAXXCAttributeFocusedApplications' for AX element pid: 174, elementOrHash.elementID: 0.1
23:27:32.601 WebDriverAgentRunner-Runner[1371:144542] Active application elements: (
    "AX element pid: 303, elementOrHash.elementID: 0.1",
    "AX element pid: 174, elementOrHash.elementID: 0.1"
)
23:27:32.606 WebDriverAgentRunner-Runner[1371:144542] Creating future for 'getting interface orientation' with timeout 65.00
23:27:32.607 WebDriverAgentRunner-Runner[1371:144542] <XCTWaiter: 0x107ff8ae0> entering wait loop for 65.00s with expectations: `getting interface orientation`
23:27:32.607 WebDriverAgentRunner-Runner[1371:144542] Returning result XCTWaiterResultCompleted for synchronous waiter <XCTWaiter: 0x107ff8ae0>
23:27:32.607 WebDriverAgentRunner-Runner[1371:144542] Wait <XCTWaiterWait: 0x112d00e00> completed after 0.000s
23:27:32.607 WebDriverAgentRunner-Runner[1371:144542] cleaning up getting interface orientation
23:27:32.607 WebDriverAgentRunner-Runner[1371:144542] <XCTContext: 0x104595720> started activity <XCActivityRecord: 0x10752e370> 2026-07-19 16:27:32 +0000: Find the Application 'com.apple.springboard'
    t =   136.58s Find the Application 'com.apple.springboard'
23:27:32.608 WebDriverAgentRunner-Runner[1371:144542] Executing query:

23:27:32.608 WebDriverAgentRunner-Runner[1371:144542] Creating future for 'checking for continuity enablement' with timeout 30.00
23:27:32.608 WebDriverAgentRunner-Runner[1371:144542] <XCTWaiter: 0x107ff8690> entering wait loop for 30.00s with expectations: `checking for continuity enablement`
23:27:32.609 WebDriverAgentRunner-Runner[1371:144542] Returning result XCTWaiterResultCompleted for synchronous waiter <XCTWaiter: 0x107ff8690>
23:27:32.609 WebDriverAgentRunner-Runner[1371:144542] Wait <XCTWaiterWait: 0x112d00fc0> completed after 0.001s
23:27:32.609 WebDriverAgentRunner-Runner[1371:144542] cleaning up checking for continuity enablement
23:27:32.609 WebDriverAgentRunner-Runner[1371:144542] Should evaluate query remotely? XCTDisableRemoteQueryEvaluation(d-write): YES, hasAutomationSession: YES, supportsRemoteEvaluation: YES
23:27:32.609 WebDriverAgentRunner-Runner[1371:144542] Getting matching snapshots for locally evaluated query
23:27:32.609 WebDriverAgentRunner-Runner[1371:144542] Evaluating query:
 
23:27:32.609 WebDriverAgentRunner-Runner[1371:144542] Getting root element snapshot
23:27:32.609 WebDriverAgentRunner-Runner[1371:144542] Getting snapshot for App element pid: 174 for query 
23:27:32.609 WebDriverAgentRunner-Runner[1371:144542] <XCTContext: 0x104595720> started activity <XCActivityRecord: 0x10752e140> 2026-07-19 16:27:32 +0000: Requesting snapshot of accessibility hierarchy for app with pid 174
23:27:32.610 WebDriverAgentRunner-Runner[1371:144542] Query requires iOS snapshot attributes .
23:27:32.610 WebDriverAgentRunner-Runner[1371:144542] XCUIElementQuery <XCTElementSnapshotProvider> getting snapshot
23:27:32.610 WebDriverAgentRunner-Runner[1371:144542] Snapshot request has custom attributes 
23:27:32.610 WebDriverAgentRunner-Runner[1371:144542] Snapshot request has custom parameters {
    snapshotKeyHonorModalViews = 0;
}
23:27:32.610 WebDriverAgentRunner-Runner[1371:144542] Current snapshot generation is 306
23:27:32.610 WebDriverAgentRunner-Runner[1371:144542] Query rootElementSnapshot is non-null with generation count 276
23:27:32.610 WebDriverAgentRunner-Runner[1371:144542] Capturing a new snapshot
23:27:32.610 WebDriverAgentRunner-Runner[1371:144542] Fetching snapshot for App element pid: 174 from testmanagerd with attributes XC_kAXXCAttributeElementType, XC_kAXXCAttributeElementBaseType, XC_kAXXCAttributeParent, XC_kAXXCAttributeIdentifier, XC_kAXXCAttributeAutomationType, XC_kAXXCAttributeTraits and parameters {
    maxArrayCount = 2147483647;
    maxChildren = 2147483647;
    maxDepth = 50;
    snapshotKeyHonorModalViews = 0;
    traverseFromParentsToChildren = 1;
}.
23:27:32.610 WebDriverAgentRunner-Runner[1371:144542] Creating future for 'fetching snapshot from testmanagerd.' with timeout 65.00
23:27:32.610 WebDriverAgentRunner-Runner[1371:144542] <XCTWaiter: 0x107ff96e0> entering wait loop for 65.00s with expectations: `fetching snapshot from testmanagerd.`
    t =   136.59s     Requesting snapshot of accessibility hierarchy for app with pid 174
23:27:32.824 WebDriverAgentRunner-Runner[1371:145195] Got snapshot response with runtime issue support from testmanagerd.
23:27:32.824 WebDriverAgentRunner-Runner[1371:144542] Returning result XCTWaiterResultCompleted for synchronous waiter <XCTWaiter: 0x107ff96e0>
23:27:32.825 WebDriverAgentRunner-Runner[1371:144542] Wait <XCTWaiterWait: 0x112d01440> completed after 0.214s
23:27:32.825 WebDriverAgentRunner-Runner[1371:144542] cleaning up fetching snapshot from testmanagerd.
23:27:32.825 WebDriverAgentRunner-Runner[1371:144542] <XCTContext: 0x104595720> finished activity <XCActivityRecord: 0x10752e140> 2026-07-19 16:27:32 +0000: Requesting snapshot of accessibility hierarchy for app with pid 174 (0.215567s)
23:27:32.826 WebDriverAgentRunner-Runner[1371:144542] Found matches {(
    App element pid: 174
)} with root App element pid: 174
23:27:32.826 WebDriverAgentRunner-Runner[1371:144542] <XCTContext: 0x104595720> finished activity <XCActivityRecord: 0x10752e370> 2026-07-19 16:27:32 +0000: Find the Application 'com.apple.springboard' (0.218927s)
23:27:32.826 WebDriverAgentRunner-Runner[1371:144542] XCUIElementQuery <XCTElementSnapshotProvider> getting snapshot
23:27:32.827 WebDriverAgentRunner-Runner[1371:144542] Snapshot request has custom attributes XC_kAXXCAttributeElementBaseType, XC_kAXXCAttributeValue, XC_kAXXCAttributeAutomationType, XC_kAXXCAttributeIdentifier, XC_kAXXCAttributeTraits, XC_kAXXCAttributeVerticalSizeClass, XC_kAXXCAttributeFrame, XC_kAXXCAttributeWindowDisplayId, XC_kAXXCAttributeWindowContextId, XC_kAXXCAttributeLabel, XC_kAXXCAttributeHorizontalSizeClass, XC_kAXXCAttributeHasNativeFocus, XC_kAXXCAttributePlaceholderValue, XC_kAXXCAttributeElementType
23:27:32.827 WebDriverAgentRunner-Runner[1371:144542] Current snapshot generation is 309
23:27:32.827 WebDriverAgentRunner-Runner[1371:144542] Query rootElementSnapshot is non-null with generation count 309
23:27:32.827 WebDriverAgentRunner-Runner[1371:144542] Capturing a new snapshot
23:27:32.827 WebDriverAgentRunner-Runner[1371:144542] Fetching snapshot for App element pid: 174 from testmanagerd with attributes XC_kAXXCAttributeElementBaseType, XC_kAXXCAttributeParent, XC_kAXXCAttributeAutomationType, XC_kAXXCAttributeIdentifier, XC_kAXXCAttributeTraits, XC_kAXXCAttributeVerticalSizeClass, XC_kAXXCAttributeFrame, XC_kAXXCAttributeWindowDisplayId, XC_kAXXCAttributeWindowContextId, XC_kAXXCAttributeLabel, XC_kAXXCAttributeHorizontalSizeClass, XC_kAXXCAttributeHasNativeFocus, XC_kAXXCAttributePlaceholderValue, XC_kAXXCAttributeTruncatedValue, XC_kAXXCAttributeElementType and parameters {
    maxArrayCount = 2147483647;
    maxChildren = 2147483647;
    maxDepth = 50;
    snapshotKeyHonorModalViews = 0;
    traverseFromParentsToChildren = 1;
}.
23:27:32.827 WebDriverAgentRunner-Runner[1371:144542] Creating future for 'fetching snapshot from testmanagerd.' with timeout 65.00
23:27:32.827 WebDriverAgentRunner-Runner[1371:144542] <XCTWaiter: 0x107ff83f0> entering wait loop for 65.00s with expectations: `fetching snapshot from testmanagerd.`
23:27:33.161 WebDriverAgentRunner-Runner[1371:144564] Got snapshot response with runtime issue support from testmanagerd.
23:27:33.162 WebDriverAgentRunner-Runner[1371:144542] Returning result XCTWaiterResultCompleted for synchronous waiter <XCTWaiter: 0x107ff83f0>
23:27:33.162 WebDriverAgentRunner-Runner[1371:144542] Wait <XCTWaiterWait: 0x112cad8c0> completed after 0.334s
23:27:33.162 WebDriverAgentRunner-Runner[1371:144542] cleaning up fetching snapshot from testmanagerd.
23:27:33.162 WebDriverAgentRunner-Runner[1371:144542] Creating future for 'getting interface orientation' with timeout 65.00
23:27:33.162 WebDriverAgentRunner-Runner[1371:144542] <XCTWaiter: 0x107ff8480> entering wait loop for 65.00s with expectations: `getting interface orientation`
23:27:33.163 WebDriverAgentRunner-Runner[1371:144542] Returning result XCTWaiterResultCompleted for synchronous waiter <XCTWaiter: 0x107ff8480>
23:27:33.163 WebDriverAgentRunner-Runner[1371:144542] Wait <XCTWaiterWait: 0x112cbf8c0> completed after 0.001s
23:27:33.163 WebDriverAgentRunner-Runner[1371:144542] cleaning up getting interface orientation
23:27:33.163 WebDriverAgentRunner-Runner[1371:144542] Creating future for 'getting interface orientation' with timeout 65.00
23:27:33.163 WebDriverAgentRunner-Runner[1371:144542] <XCTWaiter: 0x107ff8270> entering wait loop for 65.00s with expectations: `getting interface orientation`
23:27:33.164 WebDriverAgentRunner-Runner[1371:144542] Returning result XCTWaiterResultCompleted for synchronous waiter <XCTWaiter: 0x107ff8270>
23:27:33.164 WebDriverAgentRunner-Runner[1371:144542] Wait <XCTWaiterWait: 0x112cbcd00> completed after 0.001s
23:27:33.164 WebDriverAgentRunner-Runner[1371:144542] cleaning up getting interface orientation
23:27:33.164 WebDriverAgentRunner-Runner[1371:144542] Requesting local synthesis of event: 
<XCSynthesizedEventRecord 'Swipe Point Array display 0'>
Path 1:
	Touch down at 707.0, 203.0, offset=0.00s
	Move to 704.0, 466.0, offset=0.04s
	Move to 689.0, 1032.0, offset=0.08s
	Move to 674.0, 1366.0, offset=0.12s
	Move to 674.0, 1366.0, offset=0.13s
	Touch up at 674.0, 1366.0, offset=0.14s
23:27:33.341 WebDriverAgentRunner-Runner[1371:144564] Handling kAXUserTestingNotification
23:27:33.341 WebDriverAgentRunner-Runner[1371:144564] Received kAXUserTestingNotification from AX element pid: 174, elementOrHash.elementID: 0.1: {
    event = TouchEventsCompleted;
}
23:27:33.341 WebDriverAgentRunner-Runner[1371:144564] Handling kAXUserTestingNotification
23:27:33.341 WebDriverAgentRunner-Runner[1371:144564] Received kAXUserTestingNotification from AX element pid: 174, elementOrHash.elementID: 0.1: {
    event = TouchEventsCompleted;
}
23:27:33.876 WebDriverAgentRunner-Runner[1371:145453] Handling kAXUserTestingNotification
23:27:33.877 WebDriverAgentRunner-Runner[1371:145453] Received kAXUserTestingNotification from AX element pid: 174, elementOrHash.elementID: 0.1: {
    controllerClass = SBHLibraryOverscrollViewController;
    event = ViewDidDisappear;
}
23:27:34.164 WebDriverAgentRunner-Runner[1371:144542] Creating future for 'fetching attributes 'XC_kAXXCAttributeSystemAppApplication' for Device system-wide element' with timeout 65.00
23:27:34.164 WebDriverAgentRunner-Runner[1371:144542] <XCTWaiter: 0x107ff92f0> entering wait loop for 65.00s with expectations: `fetching attributes 'XC_kAXXCAttributeSystemAppApplication' for Device system-wide element`
23:27:34.165 WebDriverAgentRunner-Runner[1371:145453] Got attribute fetch response with values {
    "XC_kAXXCAttributeSystemAppApplication" = "AX element pid: 174, elementOrHash.elementID: 0.1";
}, error: (null)
23:27:34.165 WebDriverAgentRunner-Runner[1371:144542] Returning result XCTWaiterResultCompleted for synchronous waiter <XCTWaiter: 0x107ff92f0>
23:27:34.165 WebDriverAgentRunner-Runner[1371:144542] Wait <XCTWaiterWait: 0x112cbe240> completed after 0.001s
23:27:34.166 WebDriverAgentRunner-Runner[1371:144542] cleaning up fetching attributes 'XC_kAXXCAttributeSystemAppApplication' for Device system-wide element
23:27:34.166 WebDriverAgentRunner-Runner[1371:144542] Creating future for 'fetching attributes 'XC_kAXXCAttributeFocusedApplications' for AX element pid: 174, elementOrHash.elementID: 0.1' with timeout 65.00
23:27:34.166 WebDriverAgentRunner-Runner[1371:144542] <XCTWaiter: 0x107ff8390> entering wait loop for 65.00s with expectations: `fetching attributes 'XC_kAXXCAttributeFocusedApplications' for AX element pid: 174, elementOrHash.elementID: 0.1`
23:27:34.169 WebDriverAgentRunner-Runner[1371:145195] Got attribute fetch response with values {
    "XC_kAXXCAttributeFocusedApplications" =     (
        "AX element pid: 303, elementOrHash.elementID: 0.1",
        "AX element pid: 174, elementOrHash.elementID: 0.1"
    );
}, error: (null)
23:27:34.169 WebDriverAgentRunner-Runner[1371:144542] Returning result XCTWaiterResultCompleted for synchronous waiter <XCTWaiter: 0x107ff8390>
23:27:34.169 WebDriverAgentRunner-Runner[1371:144542] Wait <XCTWaiterWait: 0x112cbc9c0> completed after 0.003s
23:27:34.169 WebDriverAgentRunner-Runner[1371:144542] cleaning up fetching attributes 'XC_kAXXCAttributeFocusedApplications' for AX element pid: 174, elementOrHash.elementID: 0.1
23:27:34.169 WebDriverAgentRunner-Runner[1371:144542] Active application elements: (
    "AX element pid: 303, elementOrHash.elementID: 0.1",
    "AX element pid: 174, elementOrHash.elementID: 0.1"
)
23:27:34.177 WebDriverAgentRunner-Runner[1371:144542] Creating future for 'getting interface orientation' with timeout 65.00
23:27:34.177 WebDriverAgentRunner-Runner[1371:144542] <XCTWaiter: 0x107ff8810> entering wait loop for 65.00s with expectations: `getting interface orientation`
23:27:34.178 WebDriverAgentRunner-Runner[1371:144542] Returning result XCTWaiterResultCompleted for synchronous waiter <XCTWaiter: 0x107ff8810>
23:27:34.178 WebDriverAgentRunner-Runner[1371:144542] Wait <XCTWaiterWait: 0x112cbefc0> completed after 0.001s
23:27:34.178 WebDriverAgentRunner-Runner[1371:144542] cleaning up getting interface orientation
23:27:34.178 WebDriverAgentRunner-Runner[1371:144542] <XCTContext: 0x104595720> started activity <XCActivityRecord: 0x10752e370> 2026-07-19 16:27:34 +0000: Find the Application 'com.apple.springboard'
23:27:34.178 WebDriverAgentRunner-Runner[1371:144542] Executing query:

23:27:34.179 WebDriverAgentRunner-Runner[1371:144542] Creating future for 'checking for continuity enablement' with timeout 30.00
    t =   138.15s Find the Application 'com.apple.springboard'
23:27:34.179 WebDriverAgentRunner-Runner[1371:144542] <XCTWaiter: 0x107ff84b0> entering wait loop for 30.00s with expectations: `checking for continuity enablement`
23:27:34.180 WebDriverAgentRunner-Runner[1371:144542] Returning result XCTWaiterResultCompleted for synchronous waiter <XCTWaiter: 0x107ff84b0>
23:27:34.180 WebDriverAgentRunner-Runner[1371:144542] Wait <XCTWaiterWait: 0x112cbe100> completed after 0.001s
23:27:34.180 WebDriverAgentRunner-Runner[1371:144542] cleaning up checking for continuity enablement
23:27:34.180 WebDriverAgentRunner-Runner[1371:144542] Should evaluate query remotely? XCTDisableRemoteQueryEvaluation(d-write): YES, hasAutomationSession: YES, supportsRemoteEvaluation: YES
23:27:34.180 WebDriverAgentRunner-Runner[1371:144542] Getting matching snapshots for locally evaluated query
23:27:34.180 WebDriverAgentRunner-Runner[1371:144542] Evaluating query:
 
23:27:34.180 WebDriverAgentRunner-Runner[1371:144542] Getting root element snapshot
23:27:34.180 WebDriverAgentRunner-Runner[1371:144542] Getting snapshot for App element pid: 174 for query 
23:27:34.180 WebDriverAgentRunner-Runner[1371:144542] <XCTContext: 0x104595720> started activity <XCActivityRecord: 0x10752e140> 2026-07-19 16:27:34 +0000: Requesting snapshot of accessibility hierarchy for app with pid 174
    t =   138.16s     Requesting snapshot of accessibility hierarchy for app with pid 174
23:27:34.181 WebDriverAgentRunner-Runner[1371:144542] Query requires iOS snapshot attributes .
23:27:34.181 WebDriverAgentRunner-Runner[1371:144542] XCUIElementQuery <XCTElementSnapshotProvider> getting snapshot
23:27:34.181 WebDriverAgentRunner-Runner[1371:144542] Snapshot request has custom attributes 
23:27:34.181 WebDriverAgentRunner-Runner[1371:144542] Snapshot request has custom parameters {
    snapshotKeyHonorModalViews = 0;
}
23:27:34.181 WebDriverAgentRunner-Runner[1371:144542] Current snapshot generation is 338
23:27:34.181 WebDriverAgentRunner-Runner[1371:144542] Query rootElementSnapshot is non-null with generation count 309
23:27:34.181 WebDriverAgentRunner-Runner[1371:144542] Capturing a new snapshot
23:27:34.181 WebDriverAgentRunner-Runner[1371:144542] Fetching snapshot for App element pid: 174 from testmanagerd with attributes XC_kAXXCAttributeElementType, XC_kAXXCAttributeElementBaseType, XC_kAXXCAttributeParent, XC_kAXXCAttributeIdentifier, XC_kAXXCAttributeAutomationType, XC_kAXXCAttributeTraits and parameters {
    maxArrayCount = 2147483647;
    maxChildren = 2147483647;
    maxDepth = 50;
    snapshotKeyHonorModalViews = 0;
    traverseFromParentsToChildren = 1;
}.
23:27:34.181 WebDriverAgentRunner-Runner[1371:144542] Creating future for 'fetching snapshot from testmanagerd.' with timeout 65.00
23:27:34.181 WebDriverAgentRunner-Runner[1371:144542] <XCTWaiter: 0x107ff8f90> entering wait loop for 65.00s with expectations: `fetching snapshot from testmanagerd.`
23:27:34.322 WebDriverAgentRunner-Runner[1371:145453] Got snapshot response with runtime issue support from testmanagerd.
23:27:34.322 WebDriverAgentRunner-Runner[1371:144542] Returning result XCTWaiterResultCompleted for synchronous waiter <XCTWaiter: 0x107ff8f90>
23:27:34.322 WebDriverAgentRunner-Runner[1371:144542] Wait <XCTWaiterWait: 0x112cbc3c0> completed after 0.141s
23:27:34.322 WebDriverAgentRunner-Runner[1371:144542] cleaning up fetching snapshot from testmanagerd.
23:27:34.322 WebDriverAgentRunner-Runner[1371:144542] <XCTContext: 0x104595720> finished activity <XCActivityRecord: 0x10752e140> 2026-07-19 16:27:34 +0000: Requesting snapshot of accessibility hierarchy for app with pid 174 (0.142037s)
23:27:34.323 WebDriverAgentRunner-Runner[1371:144542] Found matches {(
    App element pid: 174
)} with root App element pid: 174
23:27:34.323 WebDriverAgentRunner-Runner[1371:144542] <XCTContext: 0x104595720> finished activity <XCActivityRecord: 0x10752e370> 2026-07-19 16:27:34 +0000: Find the Application 'com.apple.springboard' (0.145306s)
23:27:34.324 WebDriverAgentRunner-Runner[1371:144542] XCUIElementQuery <XCTElementSnapshotProvider> getting snapshot
23:27:34.324 WebDriverAgentRunner-Runner[1371:144542] Snapshot request has custom attributes XC_kAXXCAttributeElementBaseType, XC_kAXXCAttributeValue, XC_kAXXCAttributeAutomationType, XC_kAXXCAttributeIdentifier, XC_kAXXCAttributeTraits, XC_kAXXCAttributeVerticalSizeClass, XC_kAXXCAttributeFrame, XC_kAXXCAttributeWindowDisplayId, XC_kAXXCAttributeWindowContextId, XC_kAXXCAttributeLabel, XC_kAXXCAttributeHorizontalSizeClass, XC_kAXXCAttributeHasNativeFocus, XC_kAXXCAttributePlaceholderValue, XC_kAXXCAttributeElementType
23:27:34.324 WebDriverAgentRunner-Runner[1371:144542] Current snapshot generation is 340
23:27:34.324 WebDriverAgentRunner-Runner[1371:144542] Query rootElementSnapshot is non-null with generation count 340
23:27:34.324 WebDriverAgentRunner-Runner[1371:144542] Capturing a new snapshot
23:27:34.324 WebDriverAgentRunner-Runner[1371:144542] Fetching snapshot for App element pid: 174 from testmanagerd with attributes XC_kAXXCAttributeElementBaseType, XC_kAXXCAttributeParent, XC_kAXXCAttributeAutomationType, XC_kAXXCAttributeIdentifier, XC_kAXXCAttributeTraits, XC_kAXXCAttributeVerticalSizeClass, XC_kAXXCAttributeFrame, XC_kAXXCAttributeWindowDisplayId, XC_kAXXCAttributeWindowContextId, XC_kAXXCAttributeLabel, XC_kAXXCAttributeHorizontalSizeClass, XC_kAXXCAttributeHasNativeFocus, XC_kAXXCAttributePlaceholderValue, XC_kAXXCAttributeTruncatedValue, XC_kAXXCAttributeElementType and parameters {
    maxArrayCount = 2147483647;
    maxChildren = 2147483647;
    maxDepth = 50;
    snapshotKeyHonorModalViews = 0;
    traverseFromParentsToChildren = 1;
}.
23:27:34.324 WebDriverAgentRunner-Runner[1371:144542] Creating future for 'fetching snapshot from testmanagerd.' with timeout 65.00
23:27:34.324 WebDriverAgentRunner-Runner[1371:144542] <XCTWaiter: 0x107ff83f0> entering wait loop for 65.00s with expectations: `fetching snapshot from testmanagerd.`
23:27:34.472 WebDriverAgentRunner-Runner[1371:145453] Got snapshot response with runtime issue support from testmanagerd.
23:27:34.472 WebDriverAgentRunner-Runner[1371:144542] Returning result XCTWaiterResultCompleted for synchronous waiter <XCTWaiter: 0x107ff83f0>
23:27:34.472 WebDriverAgentRunner-Runner[1371:144542] Wait <XCTWaiterWait: 0x112c5af80> completed after 0.148s
23:27:34.472 WebDriverAgentRunner-Runner[1371:144542] cleaning up fetching snapshot from testmanagerd.
23:27:34.472 WebDriverAgentRunner-Runner[1371:144542] Creating future for 'getting interface orientation' with timeout 65.00
23:27:34.472 WebDriverAgentRunner-Runner[1371:144542] <XCTWaiter: 0x107ff86f0> entering wait loop for 65.00s with expectations: `getting interface orientation`
23:27:34.473 WebDriverAgentRunner-Runner[1371:144542] Returning result XCTWaiterResultCompleted for synchronous waiter <XCTWaiter: 0x107ff86f0>
23:27:34.473 WebDriverAgentRunner-Runner[1371:144542] Wait <XCTWaiterWait: 0x112cc8b80> completed after 0.000s
23:27:34.473 WebDriverAgentRunner-Runner[1371:144542] cleaning up getting interface orientation
23:27:34.473 WebDriverAgentRunner-Runner[1371:144542] Creating future for 'getting interface orientation' with timeout 65.00
23:27:34.473 WebDriverAgentRunner-Runner[1371:144542] <XCTWaiter: 0x107ff8b10> entering wait loop for 65.00s with expectations: `getting interface orientation`
23:27:34.473 WebDriverAgentRunner-Runner[1371:144542] Returning result XCTWaiterResultCompleted for synchronous waiter <XCTWaiter: 0x107ff8b10>
23:27:34.473 WebDriverAgentRunner-Runner[1371:144542] Wait <XCTWaiterWait: 0x112cc9240> completed after 0.000s
23:27:34.474 WebDriverAgentRunner-Runner[1371:144542] cleaning up getting interface orientation
23:27:34.474 WebDriverAgentRunner-Runner[1371:144542] Requesting local synthesis of event: 
<XCSynthesizedEventRecord 'Swipe Point Array display 0'>
Path 1:
	Touch down at 632.0, 1092.0, offset=0.00s
	Move to 630.0, 1089.0, offset=0.05s
	Move to 632.0, 1012.0, offset=0.09s
	Move to 635.0, 841.0, offset=0.11s
	Touch up at 635.0, 841.0, offset=0.12s
23:27:34.629 WebDriverAgentRunner-Runner[1371:145197] Handling kAXUserTestingNotification
23:27:34.629 WebDriverAgentRunner-Runner[1371:145197] Received kAXUserTestingNotification from AX element pid: 174, elementOrHash.elementID: 0.1: {
    event = TouchEventsCompleted;
}
23:27:34.629 WebDriverAgentRunner-Runner[1371:145197] Handling kAXUserTestingNotification
23:27:34.630 WebDriverAgentRunner-Runner[1371:145197] Received kAXUserTestingNotification from AX element pid: 174, elementOrHash.elementID: 0.1: {
    event = TouchEventsCompleted;
}
23:27:38.731 WebDriverAgentRunner-Runner[1371:144542] <XCTContext: 0x104595720> started activity <XCActivityRecord: 0x10752e370> 2026-07-19 16:27:38 +0000: Device orientation changed to Portrait
23:27:38.732 WebDriverAgentRunner-Runner[1371:144542] <XCTContext: 0x104595720> finished activity <XCActivityRecord: 0x10752e370> 2026-07-19 16:27:38 +0000: Device orientation changed to Portrait (0.000421047s)
    t =   142.71s Device orientation changed to Portrait
23:27:38.732 WebDriverAgentRunner-Runner[1371:144542] <XCTContext: 0x104595720> started activity <XCActivityRecord: 0x10752e370> 2026-07-19 16:27:38 +0000: Interface orientation changed to Portrait
23:27:38.732 WebDriverAgentRunner-Runner[1371:144542] <XCTContext: 0x104595720> finished activity <XCActivityRecord: 0x10752e370> 2026-07-19 16:27:38 +0000: Interface orientation changed to Portrait (0.00027597s)
    t =   142.71s Interface orientation changed to Portrait
23:27:38.842 WebDriverAgentRunner-Runner[1371:145197] Handling kAXPidStatusChangedNotification
23:27:38.843 WebDriverAgentRunner-Runner[1371:145197] Got kAXPidStatusChangedNotification for pid 274: active
23:27:38.975 WebDriverAgentRunner-Runner[1371:144542] No application process found matching pid 274, caching
    t =   143.42s Device orientation changed to Face Up
23:27:39.439 WebDriverAgentRunner-Runner[1371:144542] <XCTContext: 0x104595720> started activity <XCActivityRecord: 0x10752e370> 2026-07-19 16:27:39 +0000: Device orientation changed to Face Up
23:27:39.440 WebDriverAgentRunner-Runner[1371:144542] <XCTContext: 0x104595720> finished activity <XCActivityRecord: 0x10752e370> 2026-07-19 16:27:39 +0000: Device orientation changed to Face Up (0.000565052s)
23:27:40.539 WebDriverAgentRunner-Runner[1371:144542] Creating future for 'fetching attributes 'XC_kAXXCAttributeSystemAppApplication' for Device system-wide element' with timeout 65.00
23:27:40.539 WebDriverAgentRunner-Runner[1371:144542] <XCTWaiter: 0x107ff8cf0> entering wait loop for 65.00s with expectations: `fetching attributes 'XC_kAXXCAttributeSystemAppApplication' for Device system-wide element`
23:27:40.540 WebDriverAgentRunner-Runner[1371:145575] Got attribute fetch response with values {
    "XC_kAXXCAttributeSystemAppApplication" = "AX element pid: 174, elementOrHash.elementID: 0.1";
}, error: (null)
23:27:40.540 WebDriverAgentRunner-Runner[1371:144542] Returning result XCTWaiterResultCompleted for synchronous waiter <XCTWaiter: 0x107ff8cf0>
23:27:40.540 WebDriverAgentRunner-Runner[1371:144542] Wait <XCTWaiterWait: 0x112ccbb40> completed after 0.001s
23:27:40.540 WebDriverAgentRunner-Runner[1371:144542] cleaning up fetching attributes 'XC_kAXXCAttributeSystemAppApplication' for Device system-wide element
23:27:40.540 WebDriverAgentRunner-Runner[1371:144542] Creating future for 'fetching attributes 'XC_kAXXCAttributeFocusedApplications' for AX element pid: 174, elementOrHash.elementID: 0.1' with timeout 65.00
23:27:40.540 WebDriverAgentRunner-Runner[1371:144542] <XCTWaiter: 0x107ff8900> entering wait loop for 65.00s with expectations: `fetching attributes 'XC_kAXXCAttributeFocusedApplications' for AX element pid: 174, elementOrHash.elementID: 0.1`
23:27:40.543 WebDriverAgentRunner-Runner[1371:145575] Got attribute fetch response with values {
    "XC_kAXXCAttributeFocusedApplications" =     (
        "AX element pid: 303, elementOrHash.elementID: 0.1",
        "AX element pid: 174, elementOrHash.elementID: 0.1"
    );
}, error: (null)
23:27:40.543 WebDriverAgentRunner-Runner[1371:144542] Returning result XCTWaiterResultCompleted for synchronous waiter <XCTWaiter: 0x107ff8900>
23:27:40.543 WebDriverAgentRunner-Runner[1371:144542] Wait <XCTWaiterWait: 0x112cca100> completed after 0.003s
23:27:40.544 WebDriverAgentRunner-Runner[1371:144542] cleaning up fetching attributes 'XC_kAXXCAttributeFocusedApplications' for AX element pid: 174, elementOrHash.elementID: 0.1
23:27:40.544 WebDriverAgentRunner-Runner[1371:144542] Active application elements: (
    "AX element pid: 303, elementOrHash.elementID: 0.1",
    "AX element pid: 174, elementOrHash.elementID: 0.1"
)
23:27:40.566 WebDriverAgentRunner-Runner[1371:144542] Creating future for 'getting interface orientation' with timeout 65.00
23:27:40.566 WebDriverAgentRunner-Runner[1371:144542] <XCTWaiter: 0x107ff8900> entering wait loop for 65.00s with expectations: `getting interface orientation`
23:27:40.566 WebDriverAgentRunner-Runner[1371:144542] Returning result XCTWaiterResultCompleted for synchronous waiter <XCTWaiter: 0x107ff8900>
23:27:40.566 WebDriverAgentRunner-Runner[1371:144542] Wait <XCTWaiterWait: 0x112ccad00> completed after 0.000s
23:27:40.566 WebDriverAgentRunner-Runner[1371:144542] cleaning up getting interface orientation
23:27:40.567 WebDriverAgentRunner-Runner[1371:144542] <XCTContext: 0x104595720> started activity <XCActivityRecord: 0x10752e370> 2026-07-19 16:27:40 +0000: Find the Application 'com.apple.springboard'
    t =   144.54s Find the Application 'com.apple.springboard'
23:27:40.567 WebDriverAgentRunner-Runner[1371:144542] Executing query:

23:27:40.567 WebDriverAgentRunner-Runner[1371:144542] Creating future for 'checking for continuity enablement' with timeout 30.00
23:27:40.567 WebDriverAgentRunner-Runner[1371:144542] <XCTWaiter: 0x107ff83f0> entering wait loop for 30.00s with expectations: `checking for continuity enablement`
23:27:40.568 WebDriverAgentRunner-Runner[1371:144542] Returning result XCTWaiterResultCompleted for synchronous waiter <XCTWaiter: 0x107ff83f0>
23:27:40.568 WebDriverAgentRunner-Runner[1371:144542] Wait <XCTWaiterWait: 0x112ccbf40> completed after 0.001s
23:27:40.568 WebDriverAgentRunner-Runner[1371:144542] cleaning up checking for continuity enablement
23:27:40.568 WebDriverAgentRunner-Runner[1371:144542] Should evaluate query remotely? XCTDisableRemoteQueryEvaluation(d-write): YES, hasAutomationSession: YES, supportsRemoteEvaluation: YES
23:27:40.568 WebDriverAgentRunner-Runner[1371:144542] Getting matching snapshots for locally evaluated query
23:27:40.568 WebDriverAgentRunner-Runner[1371:144542] Evaluating query:
 
23:27:40.568 WebDriverAgentRunner-Runner[1371:144542] Getting root element snapshot
23:27:40.568 WebDriverAgentRunner-Runner[1371:144542] Getting snapshot for App element pid: 174 for query 
23:27:40.568 WebDriverAgentRunner-Runner[1371:144542] <XCTContext: 0x104595720> started activity <XCActivityRecord: 0x10752e140> 2026-07-19 16:27:40 +0000: Requesting snapshot of accessibility hierarchy for app with pid 174
23:27:40.569 WebDriverAgentRunner-Runner[1371:144542] Query requires iOS snapshot attributes .
23:27:40.569 WebDriverAgentRunner-Runner[1371:144542] XCUIElementQuery <XCTElementSnapshotProvider> getting snapshot
23:27:40.569 WebDriverAgentRunner-Runner[1371:144542] Snapshot request has custom attributes 
23:27:40.569 WebDriverAgentRunner-Runner[1371:144542] Snapshot request has custom parameters {
    snapshotKeyHonorModalViews = 0;
}
23:27:40.569 WebDriverAgentRunner-Runner[1371:144542] Current snapshot generation is 468
23:27:40.569 WebDriverAgentRunner-Runner[1371:144542] Query rootElementSnapshot is non-null with generation count 340
23:27:40.569 WebDriverAgentRunner-Runner[1371:144542] Capturing a new snapshot
23:27:40.569 WebDriverAgentRunner-Runner[1371:144542] Fetching snapshot for App element pid: 174 from testmanagerd with attributes XC_kAXXCAttributeElementType, XC_kAXXCAttributeElementBaseType, XC_kAXXCAttributeParent, XC_kAXXCAttributeIdentifier, XC_kAXXCAttributeAutomationType, XC_kAXXCAttributeTraits and parameters {
    maxArrayCount = 2147483647;
    maxChildren = 2147483647;
    maxDepth = 50;
    snapshotKeyHonorModalViews = 0;
    traverseFromParentsToChildren = 1;
}.
23:27:40.569 WebDriverAgentRunner-Runner[1371:144542] Creating future for 'fetching snapshot from testmanagerd.' with timeout 65.00
23:27:40.569 WebDriverAgentRunner-Runner[1371:144542] <XCTWaiter: 0x107ffa880> entering wait loop for 65.00s with expectations: `fetching snapshot from testmanagerd.`
    t =   144.54s     Requesting snapshot of accessibility hierarchy for app with pid 174
23:27:40.791 WebDriverAgentRunner-Runner[1371:144564] Got snapshot response with runtime issue support from testmanagerd.
23:27:40.792 WebDriverAgentRunner-Runner[1371:144542] Returning result XCTWaiterResultCompleted for synchronous waiter <XCTWaiter: 0x107ffa880>
23:27:40.792 WebDriverAgentRunner-Runner[1371:144542] Wait <XCTWaiterWait: 0x112ccbe40> completed after 0.222s
23:27:40.792 WebDriverAgentRunner-Runner[1371:144542] cleaning up fetching snapshot from testmanagerd.
23:27:40.792 WebDriverAgentRunner-Runner[1371:144542] <XCTContext: 0x104595720> finished activity <XCActivityRecord: 0x10752e140> 2026-07-19 16:27:40 +0000: Requesting snapshot of accessibility hierarchy for app with pid 174 (0.223551s)
23:27:40.792 WebDriverAgentRunner-Runner[1371:144542] Found matches {(
    App element pid: 174
)} with root App element pid: 174
23:27:40.793 WebDriverAgentRunner-Runner[1371:144542] <XCTContext: 0x104595720> finished activity <XCActivityRecord: 0x10752e370> 2026-07-19 16:27:40 +0000: Find the Application 'com.apple.springboard' (0.226011s)
23:27:40.793 WebDriverAgentRunner-Runner[1371:144542] XCUIElementQuery <XCTElementSnapshotProvider> getting snapshot
23:27:40.793 WebDriverAgentRunner-Runner[1371:144542] Snapshot request has custom attributes XC_kAXXCAttributeElementBaseType, XC_kAXXCAttributeValue, XC_kAXXCAttributeAutomationType, XC_kAXXCAttributeIdentifier, XC_kAXXCAttributeTraits, XC_kAXXCAttributeVerticalSizeClass, XC_kAXXCAttributeFrame, XC_kAXXCAttributeWindowDisplayId, XC_kAXXCAttributeWindowContextId, XC_kAXXCAttributeLabel, XC_kAXXCAttributeHorizontalSizeClass, XC_kAXXCAttributeHasNativeFocus, XC_kAXXCAttributePlaceholderValue, XC_kAXXCAttributeElementType
23:27:40.793 WebDriverAgentRunner-Runner[1371:144542] Current snapshot generation is 471
23:27:40.793 WebDriverAgentRunner-Runner[1371:144542] Query rootElementSnapshot is non-null with generation count 471
23:27:40.793 WebDriverAgentRunner-Runner[1371:144542] Capturing a new snapshot
23:27:40.793 WebDriverAgentRunner-Runner[1371:144542] Fetching snapshot for App element pid: 174 from testmanagerd with attributes XC_kAXXCAttributeElementBaseType, XC_kAXXCAttributeParent, XC_kAXXCAttributeAutomationType, XC_kAXXCAttributeIdentifier, XC_kAXXCAttributeTraits, XC_kAXXCAttributeVerticalSizeClass, XC_kAXXCAttributeFrame, XC_kAXXCAttributeWindowDisplayId, XC_kAXXCAttributeWindowContextId, XC_kAXXCAttributeLabel, XC_kAXXCAttributeHorizontalSizeClass, XC_kAXXCAttributeHasNativeFocus, XC_kAXXCAttributePlaceholderValue, XC_kAXXCAttributeTruncatedValue, XC_kAXXCAttributeElementType and parameters {
    maxArrayCount = 2147483647;
    maxChildren = 2147483647;
    maxDepth = 50;
    snapshotKeyHonorModalViews = 0;
    traverseFromParentsToChildren = 1;
}.
23:27:40.793 WebDriverAgentRunner-Runner[1371:144542] Creating future for 'fetching snapshot from testmanagerd.' with timeout 65.00
23:27:40.794 WebDriverAgentRunner-Runner[1371:144542] <XCTWaiter: 0x107ff8db0> entering wait loop for 65.00s with expectations: `fetching snapshot from testmanagerd.`
23:27:41.083 WebDriverAgentRunner-Runner[1371:145453] Got snapshot response with runtime issue support from testmanagerd.
23:27:41.083 WebDriverAgentRunner-Runner[1371:144542] Returning result XCTWaiterResultCompleted for synchronous waiter <XCTWaiter: 0x107ff8db0>
23:27:41.083 WebDriverAgentRunner-Runner[1371:144542] Wait <XCTWaiterWait: 0x107f71e00> completed after 0.289s
23:27:41.083 WebDriverAgentRunner-Runner[1371:144542] cleaning up fetching snapshot from testmanagerd.
23:27:41.083 WebDriverAgentRunner-Runner[1371:144542] Creating future for 'getting interface orientation' with timeout 65.00
23:27:41.083 WebDriverAgentRunner-Runner[1371:144542] <XCTWaiter: 0x107ffb3c0> entering wait loop for 65.00s with expectations: `getting interface orientation`
23:27:41.084 WebDriverAgentRunner-Runner[1371:144542] Returning result XCTWaiterResultCompleted for synchronous waiter <XCTWaiter: 0x107ffb3c0>
23:27:41.084 WebDriverAgentRunner-Runner[1371:144542] Wait <XCTWaiterWait: 0x107fa2440> completed after 0.001s
23:27:41.084 WebDriverAgentRunner-Runner[1371:144542] cleaning up getting interface orientation
23:27:41.085 WebDriverAgentRunner-Runner[1371:144542] Creating future for 'getting interface orientation' with timeout 65.00
23:27:41.085 WebDriverAgentRunner-Runner[1371:144542] <XCTWaiter: 0x107ffb210> entering wait loop for 65.00s with expectations: `getting interface orientation`
23:27:41.085 WebDriverAgentRunner-Runner[1371:144542] Returning result XCTWaiterResultCompleted for synchronous waiter <XCTWaiter: 0x107ffb210>
23:27:41.085 WebDriverAgentRunner-Runner[1371:144542] Wait <XCTWaiterWait: 0x107fa1d00> completed after 0.001s
23:27:41.086 WebDriverAgentRunner-Runner[1371:144542] cleaning up getting interface orientation
23:27:41.086 WebDriverAgentRunner-Runner[1371:144542] Requesting local synthesis of event: 
<XCSynthesizedEventRecord 'Swipe Point Array display 0'>
Path 1:
	Touch down at 1115.0, 493.0, offset=0.00s
	Move to 984.0, 480.0, offset=0.04s
	Move to 544.0, 476.0, offset=0.08s
	Move to 158.0, 484.0, offset=0.11s
	Touch up at 158.0, 484.0, offset=0.12s
23:27:41.159 WebDriverAgentRunner-Runner[1371:145453] Handling kAXUserTestingNotification
23:27:41.159 WebDriverAgentRunner-Runner[1371:145453] Received kAXUserTestingNotification from AX element pid: 174, elementOrHash.elementID: 0.1: {
    controllerClass = SBSwitcherViewController;
    event = ViewDidAppear;
}
23:27:41.159 WebDriverAgentRunner-Runner[1371:145453] Handling kAXUserTestingNotification
23:27:41.159 WebDriverAgentRunner-Runner[1371:145453] Received kAXUserTestingNotification from AX element pid: 174, elementOrHash.elementID: 0.1: {
    controllerClass = SBGridSwitcherViewController;
    event = ViewDidAppear;
}
23:27:41.164 WebDriverAgentRunner-Runner[1371:145453] Handling kAXUserTestingNotification
23:27:41.165 WebDriverAgentRunner-Runner[1371:145453] Received kAXUserTestingNotification from AX element pid: 174, elementOrHash.elementID: 0.1: {
    event = TouchEventsCompleted;
}
23:27:41.269 WebDriverAgentRunner-Runner[1371:145195] Handling kAXUserTestingNotification
23:27:41.269 WebDriverAgentRunner-Runner[1371:145195] Received kAXUserTestingNotification from AX element pid: 174, elementOrHash.elementID: 0.1: {
    controllerClass = SBSwitcherViewController;
    event = ViewDidDisappear;
}
23:27:41.269 WebDriverAgentRunner-Runner[1371:145195] Handling kAXUserTestingNotification
23:27:41.270 WebDriverAgentRunner-Runner[1371:145195] Received kAXUserTestingNotification from AX element pid: 174, elementOrHash.elementID: 0.1: {
    controllerClass = SBGridSwitcherViewController;
    event = ViewDidDisappear;
}
23:27:41.276 WebDriverAgentRunner-Runner[1371:145818] Handling kAXUserTestingNotification
23:27:41.276 WebDriverAgentRunner-Runner[1371:145818] Received kAXUserTestingNotification from AX element pid: 174, elementOrHash.elementID: 0.1: {
    event = TouchEventsCompleted;
}
23:27:41.291 WebDriverAgentRunner-Runner[1371:144564] Handling kAXPidStatusChangedNotification
23:27:41.292 WebDriverAgentRunner-Runner[1371:144564] Got kAXPidStatusChangedNotification for pid 308: active
23:27:41.293 WebDriverAgentRunner-Runner[1371:144542] No application process found matching pid 308, caching
23:27:41.306 WebDriverAgentRunner-Runner[1371:145832] Handling kAXUserTestingNotification
23:27:41.306 WebDriverAgentRunner-Runner[1371:145832] Received kAXUserTestingNotification from AX element pid: 174, elementOrHash.elementID: 0.1: {
    controllerClass = SBHWidgetViewController;
    event = ViewDidAppear;
}
23:27:41.306 WebDriverAgentRunner-Runner[1371:145832] Handling kAXUserTestingNotification
23:27:41.306 WebDriverAgentRunner-Runner[1371:145832] Received kAXUserTestingNotification from AX element pid: 174, elementOrHash.elementID: 0.1: {
    controllerClass = SBHWidgetContainerViewController;
    event = ViewDidAppear;
}
23:27:41.306 WebDriverAgentRunner-Runner[1371:145832] Handling kAXUserTestingNotification
23:27:41.306 WebDriverAgentRunner-Runner[1371:145832] Received kAXUserTestingNotification from AX element pid: 174, elementOrHash.elementID: 0.1: {
    controllerClass = SBHMultiplexingViewController;
    event = ViewDidAppear;
}
23:27:41.307 WebDriverAgentRunner-Runner[1371:145832] Handling kAXUserTestingNotification
23:27:41.307 WebDriverAgentRunner-Runner[1371:145832] Received kAXUserTestingNotification from AX element pid: 174, elementOrHash.elementID: 0.1: {
    controllerClass = SBHWidgetStackViewController;
    event = ViewDidAppear;
}
23:27:41.345 WebDriverAgentRunner-Runner[1371:145818] Handling kAXUserTestingNotification
23:27:41.346 WebDriverAgentRunner-Runner[1371:145818] Received kAXUserTestingNotification from AX element pid: 308, elementOrHash.elementID: 0.1: {
    controllerClass = "WidgetRenderer.DebugOverlayViewController";
    event = ViewDidAppear;
}
23:27:41.347 WebDriverAgentRunner-Runner[1371:145818] Handling kAXUserTestingNotification
23:27:41.348 WebDriverAgentRunner-Runner[1371:145818] Received kAXUserTestingNotification from AX element pid: 308, elementOrHash.elementID: 0.1: {
    controllerClass = "WidgetRenderer.WidgetSceneContentViewController";
    event = ViewDidAppear;
}
23:27:41.348 WebDriverAgentRunner-Runner[1371:145818] Handling kAXUserTestingNotification
23:27:41.348 WebDriverAgentRunner-Runner[1371:145818] Received kAXUserTestingNotification from AX element pid: 308, elementOrHash.elementID: 0.1: {
    controllerClass = "WidgetRenderer.SecureHostingController";
    event = ViewDidAppear;
}
23:27:41.349 WebDriverAgentRunner-Runner[1371:145818] Handling kAXUserTestingNotification
23:27:41.350 WebDriverAgentRunner-Runner[1371:145818] Received kAXUserTestingNotification from AX element pid: 308, elementOrHash.elementID: 0.1: {
    controllerClass = "WidgetRenderer.ZStackContainerViewController";
    event = ViewDidDisappear;
}
23:27:41.350 WebDriverAgentRunner-Runner[1371:145818] Handling kAXUserTestingNotification
23:27:41.350 WebDriverAgentRunner-Runner[1371:145818] Received kAXUserTestingNotification from AX element pid: 308, elementOrHash.elementID: 0.1: {
    controllerClass = "WidgetRenderer.ZStackContainerViewController";
    event = ViewDidAppear;
}
23:27:41.359 WebDriverAgentRunner-Runner[1371:144564] Handling kAXUserTestingNotification
23:27:41.359 WebDriverAgentRunner-Runner[1371:144564] Received kAXUserTestingNotification from AX element pid: 174, elementOrHash.elementID: 0.1: {
    controllerClass = SBHWidgetViewController;
    event = ViewDidAppear;
}
23:27:41.362 WebDriverAgentRunner-Runner[1371:144564] Handling kAXUserTestingNotification
23:27:41.365 WebDriverAgentRunner-Runner[1371:144564] Received kAXUserTestingNotification from AX element pid: 174, elementOrHash.elementID: 0.1: {
    controllerClass = SBHWidgetContainerViewController;
    event = ViewDidAppear;
}
23:27:41.366 WebDriverAgentRunner-Runner[1371:144564] Handling kAXUserTestingNotification
23:27:41.366 WebDriverAgentRunner-Runner[1371:144564] Received kAXUserTestingNotification from AX element pid: 174, elementOrHash.elementID: 0.1: {
    controllerClass = SBHMultiplexingViewController;
    event = ViewDidAppear;
}
23:27:41.367 WebDriverAgentRunner-Runner[1371:144564] Handling kAXUserTestingNotification
23:27:41.367 WebDriverAgentRunner-Runner[1371:144564] Received kAXUserTestingNotification from AX element pid: 174, elementOrHash.elementID: 0.1: {
    controllerClass = SBHWidgetStackViewController;
    event = ViewDidAppear;
}
23:27:41.367 WebDriverAgentRunner-Runner[1371:144564] Handling kAXUserTestingNotification
23:27:41.367 WebDriverAgentRunner-Runner[1371:144564] Received kAXUserTestingNotification from AX element pid: 174, elementOrHash.elementID: 0.1: {
    controllerClass = SBHWidgetViewController;
    event = ViewDidAppear;
}
23:27:41.367 WebDriverAgentRunner-Runner[1371:144564] Handling kAXUserTestingNotification
23:27:41.369 WebDriverAgentRunner-Runner[1371:144564] Received kAXUserTestingNotification from AX element pid: 174, elementOrHash.elementID: 0.1: {
    controllerClass = SBHWidgetContainerViewController;
    event = ViewDidAppear;
}
23:27:41.370 WebDriverAgentRunner-Runner[1371:144564] Handling kAXUserTestingNotification
23:27:41.370 WebDriverAgentRunner-Runner[1371:144564] Received kAXUserTestingNotification from AX element pid: 174, elementOrHash.elementID: 0.1: {
    controllerClass = SBHMultiplexingViewController;
    event = ViewDidAppear;
}
23:27:41.370 WebDriverAgentRunner-Runner[1371:144564] Handling kAXUserTestingNotification
23:27:41.370 WebDriverAgentRunner-Runner[1371:144564] Received kAXUserTestingNotification from AX element pid: 174, elementOrHash.elementID: 0.1: {
    controllerClass = SBHWidgetStackViewController;
    event = ViewDidAppear;
}
23:27:41.370 WebDriverAgentRunner-Runner[1371:144564] Handling kAXUserTestingNotification
23:27:41.370 WebDriverAgentRunner-Runner[1371:144564] Received kAXUserTestingNotification from AX element pid: 174, elementOrHash.elementID: 0.1: {
    controllerClass = SBHWidgetViewController;
    event = ViewDidAppear;
}
23:27:41.371 WebDriverAgentRunner-Runner[1371:144564] Handling kAXUserTestingNotification
23:27:41.371 WebDriverAgentRunner-Runner[1371:144564] Received kAXUserTestingNotification from AX element pid: 174, elementOrHash.elementID: 0.1: {
    controllerClass = SBHWidgetContainerViewController;
    event = ViewDidAppear;
}
23:27:41.372 WebDriverAgentRunner-Runner[1371:144564] Handling kAXUserTestingNotification
23:27:41.373 WebDriverAgentRunner-Runner[1371:144564] Received kAXUserTestingNotification from AX element pid: 174, elementOrHash.elementID: 0.1: {
    controllerClass = SBHMultiplexingViewController;
    event = ViewDidAppear;
}
23:27:41.373 WebDriverAgentRunner-Runner[1371:144564] Handling kAXUserTestingNotification
23:27:41.373 WebDriverAgentRunner-Runner[1371:144564] Received kAXUserTestingNotification from AX element pid: 174, elementOrHash.elementID: 0.1: {
    controllerClass = SBHWidgetStackViewController;
    event = ViewDidAppear;
}
23:27:41.373 WebDriverAgentRunner-Runner[1371:144564] Handling kAXUserTestingNotification
23:27:41.373 WebDriverAgentRunner-Runner[1371:144564] Received kAXUserTestingNotification from AX element pid: 308, elementOrHash.elementID: 0.1: {
    controllerClass = "WidgetRenderer.DebugOverlayViewController";
    event = ViewDidAppear;
}
23:27:41.373 WebDriverAgentRunner-Runner[1371:144564] Handling kAXUserTestingNotification
23:27:41.373 WebDriverAgentRunner-Runner[1371:144564] Received kAXUserTestingNotification from AX element pid: 308, elementOrHash.elementID: 0.1: {
    controllerClass = "WidgetRenderer.WidgetSceneContentViewController";
    event = ViewDidAppear;
}
23:27:41.374 WebDriverAgentRunner-Runner[1371:144564] Handling kAXUserTestingNotification
23:27:41.375 WebDriverAgentRunner-Runner[1371:144564] Received kAXUserTestingNotification from AX element pid: 308, elementOrHash.elementID: 0.1: {
    controllerClass = "WidgetRenderer.SecureHostingController";
    event = ViewDidAppear;
}
23:27:41.375 WebDriverAgentRunner-Runner[1371:144564] Handling kAXUserTestingNotification
23:27:41.376 WebDriverAgentRunner-Runner[1371:144564] Received kAXUserTestingNotification from AX element pid: 308, elementOrHash.elementID: 0.1: {
    controllerClass = "WidgetRenderer.ZStackContainerViewController";
    event = ViewDidDisappear;
}
23:27:41.376 WebDriverAgentRunner-Runner[1371:144564] Handling kAXUserTestingNotification
23:27:41.376 WebDriverAgentRunner-Runner[1371:144564] Received kAXUserTestingNotification from AX element pid: 308, elementOrHash.elementID: 0.1: {
    controllerClass = "WidgetRenderer.ZStackContainerViewController";
    event = ViewDidAppear;
}
23:27:41.384 WebDriverAgentRunner-Runner[1371:144564] Handling kAXUserTestingNotification
23:27:41.384 WebDriverAgentRunner-Runner[1371:144564] Received kAXUserTestingNotification from AX element pid: 308, elementOrHash.elementID: 0.1: {
    controllerClass = "WidgetRenderer.DebugOverlayViewController";
    event = ViewDidAppear;
}
23:27:41.385 WebDriverAgentRunner-Runner[1371:144564] Handling kAXUserTestingNotification
23:27:41.385 WebDriverAgentRunner-Runner[1371:144564] Received kAXUserTestingNotification from AX element pid: 308, elementOrHash.elementID: 0.1: {
    controllerClass = "WidgetRenderer.WidgetSceneContentViewController";
    event = ViewDidAppear;
}
23:27:41.386 WebDriverAgentRunner-Runner[1371:144564] Handling kAXUserTestingNotification
23:27:41.386 WebDriverAgentRunner-Runner[1371:144564] Received kAXUserTestingNotification from AX element pid: 308, elementOrHash.elementID: 0.1: {
    controllerClass = "WidgetRenderer.SecureHostingController";
    event = ViewDidAppear;
}
23:27:41.386 WebDriverAgentRunner-Runner[1371:144564] Handling kAXUserTestingNotification
23:27:41.387 WebDriverAgentRunner-Runner[1371:144564] Received kAXUserTestingNotification from AX element pid: 308, elementOrHash.elementID: 0.1: {
    controllerClass = "WidgetRenderer.ZStackContainerViewController";
    event = ViewDidDisappear;
}
23:27:41.387 WebDriverAgentRunner-Runner[1371:144564] Handling kAXUserTestingNotification
23:27:41.387 WebDriverAgentRunner-Runner[1371:144564] Received kAXUserTestingNotification from AX element pid: 308, elementOrHash.elementID: 0.1: {
    controllerClass = "WidgetRenderer.ZStackContainerViewController";
    event = ViewDidAppear;
}
23:27:41.397 WebDriverAgentRunner-Runner[1371:145832] Handling kAXUserTestingNotification
23:27:41.398 WebDriverAgentRunner-Runner[1371:145832] Received kAXUserTestingNotification from AX element pid: 174, elementOrHash.elementID: 0.1: {
    controllerClass = SBHWidgetViewController;
    event = ViewDidAppear;
}
23:27:41.400 WebDriverAgentRunner-Runner[1371:145832] Handling kAXUserTestingNotification
23:27:41.400 WebDriverAgentRunner-Runner[1371:145832] Received kAXUserTestingNotification from AX element pid: 174, elementOrHash.elementID: 0.1: {
    controllerClass = SBHWidgetContainerViewController;
    event = ViewDidAppear;
}
23:27:41.400 WebDriverAgentRunner-Runner[1371:145832] Handling kAXUserTestingNotification
23:27:41.400 WebDriverAgentRunner-Runner[1371:145832] Received kAXUserTestingNotification from AX element pid: 174, elementOrHash.elementID: 0.1: {
    controllerClass = SBHMultiplexingViewController;
    event = ViewDidAppear;
}
23:27:41.400 WebDriverAgentRunner-Runner[1371:145832] Handling kAXUserTestingNotification
23:27:41.401 WebDriverAgentRunner-Runner[1371:145832] Received kAXUserTestingNotification from AX element pid: 174, elementOrHash.elementID: 0.1: {
    controllerClass = SBHWidgetStackViewController;
    event = ViewDidAppear;
}
23:27:41.401 WebDriverAgentRunner-Runner[1371:145832] Handling kAXUserTestingNotification
23:27:41.402 WebDriverAgentRunner-Runner[1371:145832] Received kAXUserTestingNotification from AX element pid: 308, elementOrHash.elementID: 0.1: {
    controllerClass = "WidgetRenderer.DebugOverlayViewController";
    event = ViewDidAppear;
}
23:27:41.403 WebDriverAgentRunner-Runner[1371:145832] Handling kAXUserTestingNotification
23:27:41.403 WebDriverAgentRunner-Runner[1371:145832] Received kAXUserTestingNotification from AX element pid: 308, elementOrHash.elementID: 0.1: {
    controllerClass = "WidgetRenderer.WidgetSceneContentViewController";
    event = ViewDidAppear;
}
23:27:41.404 WebDriverAgentRunner-Runner[1371:145832] Handling kAXUserTestingNotification
23:27:41.404 WebDriverAgentRunner-Runner[1371:145832] Received kAXUserTestingNotification from AX element pid: 308, elementOrHash.elementID: 0.1: {
    controllerClass = "WidgetRenderer.SecureHostingController";
    event = ViewDidAppear;
}
23:27:41.404 WebDriverAgentRunner-Runner[1371:145832] Handling kAXUserTestingNotification
23:27:41.404 WebDriverAgentRunner-Runner[1371:145832] Received kAXUserTestingNotification from AX element pid: 308, elementOrHash.elementID: 0.1: {
    controllerClass = "WidgetRenderer.ZStackContainerViewController";
    event = ViewDidDisappear;
}
23:27:41.405 WebDriverAgentRunner-Runner[1371:145832] Handling kAXUserTestingNotification
23:27:41.405 WebDriverAgentRunner-Runner[1371:145832] Received kAXUserTestingNotification from AX element pid: 308, elementOrHash.elementID: 0.1: {
    controllerClass = "WidgetRenderer.ZStackContainerViewController";
    event = ViewDidAppear;
}
23:27:41.425 WebDriverAgentRunner-Runner[1371:145818] Handling kAXUserTestingNotification
23:27:41.426 WebDriverAgentRunner-Runner[1371:145818] Received kAXUserTestingNotification from AX element pid: 308, elementOrHash.elementID: 0.1: {
    controllerClass = "WidgetRenderer.DebugOverlayViewController";
    event = ViewDidAppear;
}
23:27:41.426 WebDriverAgentRunner-Runner[1371:145818] Handling kAXUserTestingNotification
23:27:41.426 WebDriverAgentRunner-Runner[1371:145818] Received kAXUserTestingNotification from AX element pid: 308, elementOrHash.elementID: 0.1: {
    controllerClass = "WidgetRenderer.WidgetSceneContentViewController";
    event = ViewDidAppear;
}
23:27:41.427 WebDriverAgentRunner-Runner[1371:145818] Handling kAXUserTestingNotification
23:27:41.428 WebDriverAgentRunner-Runner[1371:145818] Received kAXUserTestingNotification from AX element pid: 308, elementOrHash.elementID: 0.1: {
    controllerClass = "WidgetRenderer.SecureHostingController";
    event = ViewDidAppear;
}
23:27:41.435 WebDriverAgentRunner-Runner[1371:145818] Handling kAXUserTestingNotification
23:27:41.435 WebDriverAgentRunner-Runner[1371:145818] Received kAXUserTestingNotification from AX element pid: 308, elementOrHash.elementID: 0.1: {
    controllerClass = "WidgetRenderer.ZStackContainerViewController";
    event = ViewDidDisappear;
}
23:27:41.435 WebDriverAgentRunner-Runner[1371:145818] Handling kAXUserTestingNotification
23:27:41.435 WebDriverAgentRunner-Runner[1371:145818] Received kAXUserTestingNotification from AX element pid: 308, elementOrHash.elementID: 0.1: {
    controllerClass = "WidgetRenderer.ZStackContainerViewController";
    event = ViewDidAppear;
}
23:27:42.483 WebDriverAgentRunner-Runner[1371:144542] Creating future for 'fetching attributes 'XC_kAXXCAttributeSystemAppApplication' for Device system-wide element' with timeout 65.00
23:27:42.484 WebDriverAgentRunner-Runner[1371:144542] <XCTWaiter: 0x107ff8e40> entering wait loop for 65.00s with expectations: `fetching attributes 'XC_kAXXCAttributeSystemAppApplication' for Device system-wide element`
23:27:42.485 WebDriverAgentRunner-Runner[1371:145453] Got attribute fetch response with values {
    "XC_kAXXCAttributeSystemAppApplication" = "AX element pid: 174, elementOrHash.elementID: 0.1";
}, error: (null)
23:27:42.485 WebDriverAgentRunner-Runner[1371:144542] Returning result XCTWaiterResultCompleted for synchronous waiter <XCTWaiter: 0x107ff8e40>
23:27:42.485 WebDriverAgentRunner-Runner[1371:144542] Wait <XCTWaiterWait: 0x107fa2300> completed after 0.001s
23:27:42.485 WebDriverAgentRunner-Runner[1371:144542] cleaning up fetching attributes 'XC_kAXXCAttributeSystemAppApplication' for Device system-wide element
23:27:42.485 WebDriverAgentRunner-Runner[1371:144542] Creating future for 'fetching attributes 'XC_kAXXCAttributeFocusedApplications' for AX element pid: 174, elementOrHash.elementID: 0.1' with timeout 65.00
23:27:42.485 WebDriverAgentRunner-Runner[1371:144542] <XCTWaiter: 0x107ff8600> entering wait loop for 65.00s with expectations: `fetching attributes 'XC_kAXXCAttributeFocusedApplications' for AX element pid: 174, elementOrHash.elementID: 0.1`
23:27:42.488 WebDriverAgentRunner-Runner[1371:145453] Got attribute fetch response with values {
    "XC_kAXXCAttributeFocusedApplications" =     (
        "AX element pid: 303, elementOrHash.elementID: 0.1",
        "AX element pid: 174, elementOrHash.elementID: 0.1"
    );
}, error: (null)
23:27:42.488 WebDriverAgentRunner-Runner[1371:144542] Returning result XCTWaiterResultCompleted for synchronous waiter <XCTWaiter: 0x107ff8600>
23:27:42.488 WebDriverAgentRunner-Runner[1371:144542] Wait <XCTWaiterWait: 0x107fa30c0> completed after 0.003s
23:27:42.489 WebDriverAgentRunner-Runner[1371:144542] cleaning up fetching attributes 'XC_kAXXCAttributeFocusedApplications' for AX element pid: 174, elementOrHash.elementID: 0.1
23:27:42.489 WebDriverAgentRunner-Runner[1371:144542] Active application elements: (
    "AX element pid: 303, elementOrHash.elementID: 0.1",
    "AX element pid: 174, elementOrHash.elementID: 0.1"
)
23:27:42.506 WebDriverAgentRunner-Runner[1371:144542] Creating future for 'getting interface orientation' with timeout 65.00
23:27:42.506 WebDriverAgentRunner-Runner[1371:144542] <XCTWaiter: 0x107ff80c0> entering wait loop for 65.00s with expectations: `getting interface orientation`
23:27:42.507 WebDriverAgentRunner-Runner[1371:144542] Returning result XCTWaiterResultCompleted for synchronous waiter <XCTWaiter: 0x107ff80c0>
23:27:42.507 WebDriverAgentRunner-Runner[1371:144542] Wait <XCTWaiterWait: 0x107fa2180> completed after 0.001s
23:27:42.507 WebDriverAgentRunner-Runner[1371:144542] cleaning up getting interface orientation
23:27:42.507 WebDriverAgentRunner-Runner[1371:144542] <XCTContext: 0x104595720> started activity <XCActivityRecord: 0x10752e370> 2026-07-19 16:27:42 +0000: Find the Application 'com.apple.springboard'
    t =   146.48s Find the Application 'com.apple.springboard'
23:27:42.507 WebDriverAgentRunner-Runner[1371:144542] Executing query:

23:27:42.508 WebDriverAgentRunner-Runner[1371:144542] Creating future for 'checking for continuity enablement' with timeout 30.00
23:27:42.508 WebDriverAgentRunner-Runner[1371:144542] <XCTWaiter: 0x107ff9350> entering wait loop for 30.00s with expectations: `checking for continuity enablement`
23:27:42.508 WebDriverAgentRunner-Runner[1371:144542] Returning result XCTWaiterResultCompleted for synchronous waiter <XCTWaiter: 0x107ff9350>
23:27:42.508 WebDriverAgentRunner-Runner[1371:144542] Wait <XCTWaiterWait: 0x107fa1f80> completed after 0.001s
23:27:42.509 WebDriverAgentRunner-Runner[1371:144542] cleaning up checking for continuity enablement
23:27:42.509 WebDriverAgentRunner-Runner[1371:144542] Should evaluate query remotely? XCTDisableRemoteQueryEvaluation(d-write): YES, hasAutomationSession: YES, supportsRemoteEvaluation: YES
23:27:42.509 WebDriverAgentRunner-Runner[1371:144542] Getting matching snapshots for locally evaluated query
23:27:42.509 WebDriverAgentRunner-Runner[1371:144542] Evaluating query:
 
23:27:42.509 WebDriverAgentRunner-Runner[1371:144542] Getting root element snapshot
23:27:42.509 WebDriverAgentRunner-Runner[1371:144542] Getting snapshot for App element pid: 174 for query 
23:27:42.509 WebDriverAgentRunner-Runner[1371:144542] <XCTContext: 0x104595720> started activity <XCActivityRecord: 0x10752e140> 2026-07-19 16:27:42 +0000: Requesting snapshot of accessibility hierarchy for app with pid 174
23:27:42.509 WebDriverAgentRunner-Runner[1371:144542] Query requires iOS snapshot attributes .
23:27:42.509 WebDriverAgentRunner-Runner[1371:144542] XCUIElementQuery <XCTElementSnapshotProvider> getting snapshot
23:27:42.509 WebDriverAgentRunner-Runner[1371:144542] Snapshot request has custom attributes 
23:27:42.509 WebDriverAgentRunner-Runner[1371:144542] Snapshot request has custom parameters {
    snapshotKeyHonorModalViews = 0;
}
23:27:42.509 WebDriverAgentRunner-Runner[1371:144542] Current snapshot generation is 508
23:27:42.510 WebDriverAgentRunner-Runner[1371:144542] Query rootElementSnapshot is non-null with generation count 471
23:27:42.510 WebDriverAgentRunner-Runner[1371:144542] Capturing a new snapshot
23:27:42.510 WebDriverAgentRunner-Runner[1371:144542] Fetching snapshot for App element pid: 174 from testmanagerd with attributes XC_kAXXCAttributeElementType, XC_kAXXCAttributeElementBaseType, XC_kAXXCAttributeParent, XC_kAXXCAttributeIdentifier, XC_kAXXCAttributeAutomationType, XC_kAXXCAttributeTraits and parameters {
    maxArrayCount = 2147483647;
    maxChildren = 2147483647;
    maxDepth = 50;
    snapshotKeyHonorModalViews = 0;
    traverseFromParentsToChildren = 1;
}.
23:27:42.510 WebDriverAgentRunner-Runner[1371:144542] Creating future for 'fetching snapshot from testmanagerd.' with timeout 65.00
23:27:42.510 WebDriverAgentRunner-Runner[1371:144542] <XCTWaiter: 0x107ff8840> entering wait loop for 65.00s with expectations: `fetching snapshot from testmanagerd.`
    t =   146.49s     Requesting snapshot of accessibility hierarchy for app with pid 174
23:27:42.675 WebDriverAgentRunner-Runner[1371:144564] Got snapshot response with runtime issue support from testmanagerd.
23:27:42.676 WebDriverAgentRunner-Runner[1371:144542] Returning result XCTWaiterResultCompleted for synchronous waiter <XCTWaiter: 0x107ff8840>
23:27:42.676 WebDriverAgentRunner-Runner[1371:144542] Wait <XCTWaiterWait: 0x107fa2ac0> completed after 0.166s
23:27:42.676 WebDriverAgentRunner-Runner[1371:144542] cleaning up fetching snapshot from testmanagerd.
23:27:42.676 WebDriverAgentRunner-Runner[1371:144542] <XCTContext: 0x104595720> finished activity <XCActivityRecord: 0x10752e140> 2026-07-19 16:27:42 +0000: Requesting snapshot of accessibility hierarchy for app with pid 174 (0.167138s)
23:27:42.677 WebDriverAgentRunner-Runner[1371:144542] Found matches {(
    App element pid: 174
)} with root App element pid: 174
23:27:42.677 WebDriverAgentRunner-Runner[1371:144542] <XCTContext: 0x104595720> finished activity <XCActivityRecord: 0x10752e370> 2026-07-19 16:27:42 +0000: Find the Application 'com.apple.springboard' (0.170005s)
23:27:42.677 WebDriverAgentRunner-Runner[1371:144542] XCUIElementQuery <XCTElementSnapshotProvider> getting snapshot
23:27:42.677 WebDriverAgentRunner-Runner[1371:144542] Snapshot request has custom attributes XC_kAXXCAttributeElementBaseType, XC_kAXXCAttributeValue, XC_kAXXCAttributeAutomationType, XC_kAXXCAttributeIdentifier, XC_kAXXCAttributeTraits, XC_kAXXCAttributeVerticalSizeClass, XC_kAXXCAttributeFrame, XC_kAXXCAttributeWindowDisplayId, XC_kAXXCAttributeWindowContextId, XC_kAXXCAttributeLabel, XC_kAXXCAttributeHorizontalSizeClass, XC_kAXXCAttributeHasNativeFocus, XC_kAXXCAttributePlaceholderValue, XC_kAXXCAttributeElementType
23:27:42.678 WebDriverAgentRunner-Runner[1371:144542] Current snapshot generation is 510
23:27:42.678 WebDriverAgentRunner-Runner[1371:144542] Query rootElementSnapshot is non-null with generation count 510
23:27:42.678 WebDriverAgentRunner-Runner[1371:144542] Capturing a new snapshot
23:27:42.678 WebDriverAgentRunner-Runner[1371:144542] Fetching snapshot for App element pid: 174 from testmanagerd with attributes XC_kAXXCAttributeElementBaseType, XC_kAXXCAttributeParent, XC_kAXXCAttributeAutomationType, XC_kAXXCAttributeIdentifier, XC_kAXXCAttributeTraits, XC_kAXXCAttributeVerticalSizeClass, XC_kAXXCAttributeFrame, XC_kAXXCAttributeWindowDisplayId, XC_kAXXCAttributeWindowContextId, XC_kAXXCAttributeLabel, XC_kAXXCAttributeHorizontalSizeClass, XC_kAXXCAttributeHasNativeFocus, XC_kAXXCAttributePlaceholderValue, XC_kAXXCAttributeTruncatedValue, XC_kAXXCAttributeElementType and parameters {
    maxArrayCount = 2147483647;
    maxChildren = 2147483647;
    maxDepth = 50;
    snapshotKeyHonorModalViews = 0;
    traverseFromParentsToChildren = 1;
}.
23:27:42.678 WebDriverAgentRunner-Runner[1371:144542] Creating future for 'fetching snapshot from testmanagerd.' with timeout 65.00
23:27:42.678 WebDriverAgentRunner-Runner[1371:144542] <XCTWaiter: 0x107ff8000> entering wait loop for 65.00s with expectations: `fetching snapshot from testmanagerd.`
23:27:42.865 WebDriverAgentRunner-Runner[1371:145818] Got snapshot response with runtime issue support from testmanagerd.
23:27:42.865 WebDriverAgentRunner-Runner[1371:144542] Returning result XCTWaiterResultCompleted for synchronous waiter <XCTWaiter: 0x107ff8000>
23:27:42.866 WebDriverAgentRunner-Runner[1371:144542] Wait <XCTWaiterWait: 0x112cae580> completed after 0.188s
23:27:42.866 WebDriverAgentRunner-Runner[1371:144542] cleaning up fetching snapshot from testmanagerd.
23:27:42.866 WebDriverAgentRunner-Runner[1371:144542] Creating future for 'getting interface orientation' with timeout 65.00
23:27:42.866 WebDriverAgentRunner-Runner[1371:144542] <XCTWaiter: 0x107ffa940> entering wait loop for 65.00s with expectations: `getting interface orientation`
23:27:42.866 WebDriverAgentRunner-Runner[1371:144542] Returning result XCTWaiterResultCompleted for synchronous waiter <XCTWaiter: 0x107ffa940>
23:27:42.866 WebDriverAgentRunner-Runner[1371:144542] Wait <XCTWaiterWait: 0x112cbc600> completed after 0.000s
23:27:42.867 WebDriverAgentRunner-Runner[1371:144542] cleaning up getting interface orientation
23:27:42.867 WebDriverAgentRunner-Runner[1371:144542] Creating future for 'getting interface orientation' with timeout 65.00
23:27:42.867 WebDriverAgentRunner-Runner[1371:144542] <XCTWaiter: 0x107ffb3c0> entering wait loop for 65.00s with expectations: `getting interface orientation`
23:27:42.867 WebDriverAgentRunner-Runner[1371:144542] Returning result XCTWaiterResultCompleted for synchronous waiter <XCTWaiter: 0x107ffb3c0>
23:27:42.867 WebDriverAgentRunner-Runner[1371:144542] Wait <XCTWaiterWait: 0x112cbee40> completed after 0.000s
23:27:42.867 WebDriverAgentRunner-Runner[1371:144542] cleaning up getting interface orientation
23:27:42.867 WebDriverAgentRunner-Runner[1371:144542] Requesting local synthesis of event: 
<XCSynthesizedEventRecord 'Swipe Point Array display 0'>
Path 1:
	Touch down at 129.0, 488.0, offset=0.00s
	Move to 262.0, 483.0, offset=0.04s
	Move to 626.0, 471.0, offset=0.08s
	Move to 1092.0, 457.0, offset=0.12s
	Move to 1092.0, 457.0, offset=0.13s
	Touch up at 1092.0, 457.0, offset=0.14s
23:27:42.917 WebDriverAgentRunner-Runner[1371:144564] Handling kAXPidStatusChangedNotification
23:27:42.918 WebDriverAgentRunner-Runner[1371:144564] Got kAXPidStatusChangedNotification for pid 349: active
23:27:42.969 WebDriverAgentRunner-Runner[1371:144542] No application process found matching pid 349, caching
23:27:43.002 WebDriverAgentRunner-Runner[1371:145817] Handling kAXUserTestingNotification
23:27:43.002 WebDriverAgentRunner-Runner[1371:145817] Received kAXUserTestingNotification from AX element pid: 308, elementOrHash.elementID: 0.1: {
    controllerClass = "WidgetRenderer.DebugOverlayViewController";
    event = ViewDidAppear;
}
23:27:43.003 WebDriverAgentRunner-Runner[1371:145817] Handling kAXUserTestingNotification
23:27:43.003 WebDriverAgentRunner-Runner[1371:145817] Received kAXUserTestingNotification from AX element pid: 308, elementOrHash.elementID: 0.1: {
    controllerClass = "WidgetRenderer.WidgetSceneContentViewController";
    event = ViewDidAppear;
}
23:27:43.007 WebDriverAgentRunner-Runner[1371:145817] Handling kAXUserTestingNotification
23:27:43.008 WebDriverAgentRunner-Runner[1371:145817] Received kAXUserTestingNotification from AX element pid: 308, elementOrHash.elementID: 0.1: {
    controllerClass = "WidgetRenderer.SecureHostingController";
    event = ViewDidAppear;
}
23:27:43.017 WebDriverAgentRunner-Runner[1371:145575] Handling kAXUserTestingNotification
23:27:43.017 WebDriverAgentRunner-Runner[1371:145575] Received kAXUserTestingNotification from AX element pid: 308, elementOrHash.elementID: 0.1: {
    controllerClass = "WidgetRenderer.DebugOverlayViewController";
    event = ViewDidAppear;
}
23:27:43.018 WebDriverAgentRunner-Runner[1371:145575] Handling kAXUserTestingNotification
23:27:43.019 WebDriverAgentRunner-Runner[1371:145575] Received kAXUserTestingNotification from AX element pid: 308, elementOrHash.elementID: 0.1: {
    controllerClass = "WidgetRenderer.WidgetSceneContentViewController";
    event = ViewDidAppear;
}
23:27:43.019 WebDriverAgentRunner-Runner[1371:145575] Handling kAXUserTestingNotification
23:27:43.024 WebDriverAgentRunner-Runner[1371:145575] Received kAXUserTestingNotification from AX element pid: 308, elementOrHash.elementID: 0.1: {
    controllerClass = "WidgetRenderer.SecureHostingController";
    event = ViewDidAppear;
}
23:27:43.082 WebDriverAgentRunner-Runner[1371:145197] Handling kAXUserTestingNotification
23:27:43.083 WebDriverAgentRunner-Runner[1371:145197] Received kAXUserTestingNotification from AX element pid: 308, elementOrHash.elementID: 0.1: {
    controllerClass = "WidgetRenderer.ZStackContainerViewController";
    event = ViewDidAppear;
}
23:27:43.084 WebDriverAgentRunner-Runner[1371:145197] Handling kAXUserTestingNotification
23:27:43.084 WebDriverAgentRunner-Runner[1371:145197] Received kAXUserTestingNotification from AX element pid: 308, elementOrHash.elementID: 0.1: {
    controllerClass = "WidgetRenderer.ZStackContainerViewController";
    event = ViewDidAppear;
}
23:27:43.085 WebDriverAgentRunner-Runner[1371:145197] Handling kAXUserTestingNotification
23:27:43.087 WebDriverAgentRunner-Runner[1371:145197] Received kAXUserTestingNotification from AX element pid: 308, elementOrHash.elementID: 0.1: {
    controllerClass = "WidgetRenderer.DebugOverlayViewController";
    event = ViewDidAppear;
}
23:27:43.087 WebDriverAgentRunner-Runner[1371:145197] Handling kAXUserTestingNotification
23:27:43.088 WebDriverAgentRunner-Runner[1371:145197] Received kAXUserTestingNotification from AX element pid: 308, elementOrHash.elementID: 0.1: {
    controllerClass = "WidgetRenderer.WidgetSceneContentViewController";
    event = ViewDidAppear;
}
23:27:43.088 WebDriverAgentRunner-Runner[1371:145197] Handling kAXUserTestingNotification
23:27:43.088 WebDriverAgentRunner-Runner[1371:145197] Received kAXUserTestingNotification from AX element pid: 308, elementOrHash.elementID: 0.1: {
    controllerClass = "WidgetRenderer.SecureHostingController";
    event = ViewDidAppear;
}
23:27:43.088 WebDriverAgentRunner-Runner[1371:145197] Handling kAXPidStatusChangedNotification
23:27:43.089 WebDriverAgentRunner-Runner[1371:145197] Got kAXPidStatusChangedNotification for pid 361: active
23:27:43.089 WebDriverAgentRunner-Runner[1371:145197] Handling kAXUserTestingNotification
23:27:43.089 WebDriverAgentRunner-Runner[1371:145197] Received kAXUserTestingNotification from AX element pid: 174, elementOrHash.elementID: 0.1: {
    controllerClass = SBHomeScreenOverlayViewController;
    event = ViewDidAppear;
}
23:27:43.089 WebDriverAgentRunner-Runner[1371:145197] Handling kAXUserTestingNotification
23:27:43.091 WebDriverAgentRunner-Runner[1371:145197] Received kAXUserTestingNotification from AX element pid: 174, elementOrHash.elementID: 0.1: {
    controllerClass = SBHRootSidebarController;
    event = ViewDidAppear;
}
23:27:43.090 WebDriverAgentRunner-Runner[1371:144542] No application process found matching pid 361, caching
23:27:43.093 WebDriverAgentRunner-Runner[1371:145197] Handling kAXUserTestingNotification
23:27:43.094 WebDriverAgentRunner-Runner[1371:145197] Received kAXUserTestingNotification from AX element pid: 174, elementOrHash.elementID: 0.1: {
    controllerClass = SBTodayViewController;
    event = ViewDidAppear;
}
23:27:43.097 WebDriverAgentRunner-Runner[1371:145197] Handling kAXUserTestingNotification
23:27:43.098 WebDriverAgentRunner-Runner[1371:145197] Received kAXUserTestingNotification from AX element pid: 174, elementOrHash.elementID: 0.1: {
    controllerClass = SBHWidgetViewController;
    event = ViewDidAppear;
}
23:27:43.098 WebDriverAgentRunner-Runner[1371:145197] Handling kAXUserTestingNotification
23:27:43.098 WebDriverAgentRunner-Runner[1371:145197] Received kAXUserTestingNotification from AX element pid: 174, elementOrHash.elementID: 0.1: {
    controllerClass = SBHWidgetContainerViewController;
    event = ViewDidAppear;
}
23:27:43.099 WebDriverAgentRunner-Runner[1371:145197] Handling kAXUserTestingNotification
23:27:43.099 WebDriverAgentRunner-Runner[1371:145197] Received kAXUserTestingNotification from AX element pid: 174, elementOrHash.elementID: 0.1: {
    controllerClass = SBHMultiplexingViewController;
    event = ViewDidAppear;
}
23:27:43.099 WebDriverAgentRunner-Runner[1371:145197] Handling kAXUserTestingNotification
23:27:43.099 WebDriverAgentRunner-Runner[1371:145197] Received kAXUserTestingNotification from AX element pid: 174, elementOrHash.elementID: 0.1: {
    controllerClass = SBHWidgetStackViewController;
    event = ViewDidAppear;
}
23:27:43.100 WebDriverAgentRunner-Runner[1371:145197] Handling kAXUserTestingNotification
23:27:43.100 WebDriverAgentRunner-Runner[1371:145197] Received kAXUserTestingNotification from AX element pid: 174, elementOrHash.elementID: 0.1: {
    controllerClass = SBHWidgetViewController;
    event = ViewDidAppear;
}
23:27:43.108 WebDriverAgentRunner-Runner[1371:145197] Handling kAXUserTestingNotification
23:27:43.110 WebDriverAgentRunner-Runner[1371:145197] Received kAXUserTestingNotification from AX element pid: 174, elementOrHash.elementID: 0.1: {
    controllerClass = SBHWidgetContainerViewController;
    event = ViewDidAppear;
}
23:27:43.111 WebDriverAgentRunner-Runner[1371:145197] Handling kAXUserTestingNotification
23:27:43.111 WebDriverAgentRunner-Runner[1371:145197] Received kAXUserTestingNotification from AX element pid: 174, elementOrHash.elementID: 0.1: {
    controllerClass = SBHMultiplexingViewController;
    event = ViewDidAppear;
}
23:27:43.113 WebDriverAgentRunner-Runner[1371:145197] Handling kAXUserTestingNotification
23:27:43.113 WebDriverAgentRunner-Runner[1371:145197] Received kAXUserTestingNotification from AX element pid: 174, elementOrHash.elementID: 0.1: {
    controllerClass = SBHWidgetStackViewController;
    event = ViewDidAppear;
}
23:27:43.115 WebDriverAgentRunner-Runner[1371:145197] Handling kAXUserTestingNotification
23:27:43.116 WebDriverAgentRunner-Runner[1371:145197] Received kAXUserTestingNotification from AX element pid: 174, elementOrHash.elementID: 0.1: {
    controllerClass = SBHWidgetViewController;
    event = ViewDidAppear;
}
23:27:43.116 WebDriverAgentRunner-Runner[1371:145197] Handling kAXUserTestingNotification
23:27:43.116 WebDriverAgentRunner-Runner[1371:145197] Received kAXUserTestingNotification from AX element pid: 174, elementOrHash.elementID: 0.1: {
    controllerClass = SBHWidgetContainerViewController;
    event = ViewDidAppear;
}
23:27:43.116 WebDriverAgentRunner-Runner[1371:145197] Handling kAXUserTestingNotification
23:27:43.117 WebDriverAgentRunner-Runner[1371:145197] Received kAXUserTestingNotification from AX element pid: 174, elementOrHash.elementID: 0.1: {
    controllerClass = SBHMultiplexingViewController;
    event = ViewDidAppear;
}
23:27:43.117 WebDriverAgentRunner-Runner[1371:145197] Handling kAXUserTestingNotification
23:27:43.117 WebDriverAgentRunner-Runner[1371:145197] Received kAXUserTestingNotification from AX element pid: 174, elementOrHash.elementID: 0.1: {
    controllerClass = SBHWidgetStackViewController;
    event = ViewDidAppear;
}
23:27:43.118 WebDriverAgentRunner-Runner[1371:145197] Handling kAXUserTestingNotification
23:27:43.118 WebDriverAgentRunner-Runner[1371:145197] Received kAXUserTestingNotification from AX element pid: 174, elementOrHash.elementID: 0.1: {
    controllerClass = SBHWidgetViewController;
    event = ViewDidAppear;
}
23:27:43.118 WebDriverAgentRunner-Runner[1371:145197] Handling kAXUserTestingNotification
23:27:43.118 WebDriverAgentRunner-Runner[1371:145197] Received kAXUserTestingNotification from AX element pid: 174, elementOrHash.elementID: 0.1: {
    controllerClass = SBHWidgetContainerViewController;
    event = ViewDidAppear;
}
23:27:43.119 WebDriverAgentRunner-Runner[1371:145197] Handling kAXUserTestingNotification
23:27:43.119 WebDriverAgentRunner-Runner[1371:145197] Received kAXUserTestingNotification from AX element pid: 174, elementOrHash.elementID: 0.1: {
    controllerClass = SBHMultiplexingViewController;
    event = ViewDidAppear;
}
23:27:43.120 WebDriverAgentRunner-Runner[1371:145197] Handling kAXUserTestingNotification
23:27:43.122 WebDriverAgentRunner-Runner[1371:145197] Received kAXUserTestingNotification from AX element pid: 174, elementOrHash.elementID: 0.1: {
    controllerClass = SBHWidgetStackViewController;
    event = ViewDidAppear;
}
23:27:43.123 WebDriverAgentRunner-Runner[1371:145197] Handling kAXUserTestingNotification
23:27:43.123 WebDriverAgentRunner-Runner[1371:145197] Received kAXUserTestingNotification from AX element pid: 174, elementOrHash.elementID: 0.1: {
    controllerClass = SBHWidgetViewController;
    event = ViewDidAppear;
}
23:27:43.123 WebDriverAgentRunner-Runner[1371:145197] Handling kAXUserTestingNotification
23:27:43.123 WebDriverAgentRunner-Runner[1371:145197] Received kAXUserTestingNotification from AX element pid: 174, elementOrHash.elementID: 0.1: {
    controllerClass = SBHWidgetContainerViewController;
    event = ViewDidAppear;
}
23:27:43.124 WebDriverAgentRunner-Runner[1371:145197] Handling kAXUserTestingNotification
23:27:43.125 WebDriverAgentRunner-Runner[1371:145197] Received kAXUserTestingNotification from AX element pid: 308, elementOrHash.elementID: 0.1: {
    controllerClass = "WidgetRenderer.ZStackContainerViewController";
    event = ViewDidDisappear;
}
23:27:43.127 WebDriverAgentRunner-Runner[1371:145197] Handling kAXUserTestingNotification
23:27:43.127 WebDriverAgentRunner-Runner[1371:145197] Received kAXUserTestingNotification from AX element pid: 174, elementOrHash.elementID: 0.1: {
    controllerClass = SBHMultiplexingViewController;
    event = ViewDidAppear;
}
23:27:43.128 WebDriverAgentRunner-Runner[1371:145197] Handling kAXUserTestingNotification
23:27:43.129 WebDriverAgentRunner-Runner[1371:145197] Received kAXUserTestingNotification from AX element pid: 308, elementOrHash.elementID: 0.1: {
    controllerClass = "WidgetRenderer.ZStackContainerViewController";
    event = ViewDidAppear;
}
23:27:43.129 WebDriverAgentRunner-Runner[1371:145197] Handling kAXUserTestingNotification
23:27:43.129 WebDriverAgentRunner-Runner[1371:145197] Received kAXUserTestingNotification from AX element pid: 174, elementOrHash.elementID: 0.1: {
    controllerClass = SBHWidgetStackViewController;
    event = ViewDidAppear;
}
23:27:43.129 WebDriverAgentRunner-Runner[1371:145197] Handling kAXUserTestingNotification
23:27:43.129 WebDriverAgentRunner-Runner[1371:145197] Received kAXUserTestingNotification from AX element pid: 308, elementOrHash.elementID: 0.1: {
    controllerClass = "WidgetRenderer.DebugOverlayViewController";
    event = ViewDidAppear;
}
23:27:43.130 WebDriverAgentRunner-Runner[1371:145197] Handling kAXUserTestingNotification
23:27:43.132 WebDriverAgentRunner-Runner[1371:145197] Received kAXUserTestingNotification from AX element pid: 174, elementOrHash.elementID: 0.1: {
    controllerClass = SBHWidgetViewController;
    event = ViewDidAppear;
}
23:27:43.132 WebDriverAgentRunner-Runner[1371:145197] Handling kAXUserTestingNotification
23:27:43.132 WebDriverAgentRunner-Runner[1371:145197] Received kAXUserTestingNotification from AX element pid: 308, elementOrHash.elementID: 0.1: {
    controllerClass = "WidgetRenderer.WidgetSceneContentViewController";
    event = ViewDidAppear;
}
23:27:43.132 WebDriverAgentRunner-Runner[1371:145197] Handling kAXUserTestingNotification
23:27:43.132 WebDriverAgentRunner-Runner[1371:145197] Received kAXUserTestingNotification from AX element pid: 174, elementOrHash.elementID: 0.1: {
    controllerClass = SBHWidgetContainerViewController;
    event = ViewDidAppear;
}
23:27:43.133 WebDriverAgentRunner-Runner[1371:145197] Handling kAXUserTestingNotification
23:27:43.133 WebDriverAgentRunner-Runner[1371:145197] Received kAXUserTestingNotification from AX element pid: 308, elementOrHash.elementID: 0.1: {
    controllerClass = "WidgetRenderer.SecureHostingController";
    event = ViewDidAppear;
}
23:27:43.133 WebDriverAgentRunner-Runner[1371:145197] Handling kAXUserTestingNotification
23:27:43.133 WebDriverAgentRunner-Runner[1371:145197] Received kAXUserTestingNotification from AX element pid: 174, elementOrHash.elementID: 0.1: {
    controllerClass = SBHMultiplexingViewController;
    event = ViewDidAppear;
}
23:27:43.134 WebDriverAgentRunner-Runner[1371:145197] Handling kAXUserTestingNotification
23:27:43.134 WebDriverAgentRunner-Runner[1371:145197] Received kAXUserTestingNotification from AX element pid: 174, elementOrHash.elementID: 0.1: {
    controllerClass = SBHWidgetStackViewController;
    event = ViewDidAppear;
}
23:27:43.135 WebDriverAgentRunner-Runner[1371:145197] Handling kAXUserTestingNotification
23:27:43.135 WebDriverAgentRunner-Runner[1371:145197] Received kAXUserTestingNotification from AX element pid: 174, elementOrHash.elementID: 0.1: {
    controllerClass = SBHWidgetViewController;
    event = ViewDidAppear;
}
23:27:43.136 WebDriverAgentRunner-Runner[1371:145197] Handling kAXUserTestingNotification
23:27:43.138 WebDriverAgentRunner-Runner[1371:145197] Received kAXUserTestingNotification from AX element pid: 174, elementOrHash.elementID: 0.1: {
    controllerClass = SBHWidgetContainerViewController;
    event = ViewDidAppear;
}
23:27:43.138 WebDriverAgentRunner-Runner[1371:145197] Handling kAXUserTestingNotification
23:27:43.140 WebDriverAgentRunner-Runner[1371:145197] Received kAXUserTestingNotification from AX element pid: 174, elementOrHash.elementID: 0.1: {
    controllerClass = SBHMultiplexingViewController;
    event = ViewDidAppear;
}
23:27:43.141 WebDriverAgentRunner-Runner[1371:145197] Handling kAXUserTestingNotification
23:27:43.141 WebDriverAgentRunner-Runner[1371:145197] Received kAXUserTestingNotification from AX element pid: 174, elementOrHash.elementID: 0.1: {
    controllerClass = SBHWidgetStackViewController;
    event = ViewDidAppear;
}
23:27:43.142 WebDriverAgentRunner-Runner[1371:145197] Handling kAXUserTestingNotification
23:27:43.143 WebDriverAgentRunner-Runner[1371:145197] Received kAXUserTestingNotification from AX element pid: 174, elementOrHash.elementID: 0.1: {
    controllerClass = SBHWidgetViewController;
    event = ViewDidAppear;
}
23:27:43.144 WebDriverAgentRunner-Runner[1371:145197] Handling kAXUserTestingNotification
23:27:43.145 WebDriverAgentRunner-Runner[1371:145197] Received kAXUserTestingNotification from AX element pid: 174, elementOrHash.elementID: 0.1: {
    controllerClass = SBHWidgetContainerViewController;
    event = ViewDidAppear;
}
23:27:43.145 WebDriverAgentRunner-Runner[1371:145197] Handling kAXUserTestingNotification
23:27:43.145 WebDriverAgentRunner-Runner[1371:145197] Received kAXUserTestingNotification from AX element pid: 174, elementOrHash.elementID: 0.1: {
    controllerClass = SBHMultiplexingViewController;
    event = ViewDidAppear;
}
23:27:43.145 WebDriverAgentRunner-Runner[1371:145197] Handling kAXUserTestingNotification
23:27:43.146 WebDriverAgentRunner-Runner[1371:145197] Received kAXUserTestingNotification from AX element pid: 174, elementOrHash.elementID: 0.1: {
    controllerClass = SBHWidgetStackViewController;
    event = ViewDidAppear;
}
23:27:43.147 WebDriverAgentRunner-Runner[1371:145197] Handling kAXUserTestingNotification
23:27:43.147 WebDriverAgentRunner-Runner[1371:145197] Received kAXUserTestingNotification from AX element pid: 308, elementOrHash.elementID: 0.1: {
    controllerClass = "WidgetRenderer.ZStackContainerViewController";
    event = ViewDidDisappear;
}
23:27:43.148 WebDriverAgentRunner-Runner[1371:145197] Handling kAXUserTestingNotification
23:27:43.148 WebDriverAgentRunner-Runner[1371:145197] Received kAXUserTestingNotification from AX element pid: 308, elementOrHash.elementID: 0.1: {
    controllerClass = "WidgetRenderer.ZStackContainerViewController";
    event = ViewDidAppear;
}
23:27:43.148 WebDriverAgentRunner-Runner[1371:145197] Handling kAXUserTestingNotification
23:27:43.148 WebDriverAgentRunner-Runner[1371:145197] Received kAXUserTestingNotification from AX element pid: 308, elementOrHash.elementID: 0.1: {
    controllerClass = "WidgetRenderer.DebugOverlayViewController";
    event = ViewDidAppear;
}
23:27:43.149 WebDriverAgentRunner-Runner[1371:145197] Handling kAXUserTestingNotification
23:27:43.149 WebDriverAgentRunner-Runner[1371:145197] Received kAXUserTestingNotification from AX element pid: 308, elementOrHash.elementID: 0.1: {
    controllerClass = "WidgetRenderer.WidgetSceneContentViewController";
    event = ViewDidAppear;
}
23:27:43.150 WebDriverAgentRunner-Runner[1371:145197] Handling kAXUserTestingNotification
23:27:43.151 WebDriverAgentRunner-Runner[1371:145197] Received kAXUserTestingNotification from AX element pid: 174, elementOrHash.elementID: 0.1: {
    event = TouchEventsCompleted;
}
23:27:43.152 WebDriverAgentRunner-Runner[1371:145197] Handling kAXUserTestingNotification
23:27:43.152 WebDriverAgentRunner-Runner[1371:145197] Received kAXUserTestingNotification from AX element pid: 308, elementOrHash.elementID: 0.1: {
    controllerClass = "WidgetRenderer.SecureHostingController";
    event = ViewDidAppear;
}
23:27:43.152 WebDriverAgentRunner-Runner[1371:145197] Handling kAXUserTestingNotification
23:27:43.153 WebDriverAgentRunner-Runner[1371:145197] Received kAXUserTestingNotification from AX element pid: 174, elementOrHash.elementID: 0.1: {
    event = TouchEventsCompleted;
}
23:27:43.154 WebDriverAgentRunner-Runner[1371:145197] Handling kAXUserTestingNotification
23:27:43.154 WebDriverAgentRunner-Runner[1371:145197] Received kAXUserTestingNotification from AX element pid: 308, elementOrHash.elementID: 0.1: {
    controllerClass = "WidgetRenderer.ZStackContainerViewController";
    event = ViewDidDisappear;
}
23:27:43.155 WebDriverAgentRunner-Runner[1371:145197] Handling kAXUserTestingNotification
23:27:43.155 WebDriverAgentRunner-Runner[1371:145197] Received kAXUserTestingNotification from AX element pid: 308, elementOrHash.elementID: 0.1: {
    controllerClass = "WidgetRenderer.ZStackContainerViewController";
    event = ViewDidAppear;
}
23:27:43.155 WebDriverAgentRunner-Runner[1371:145197] Handling kAXPidStatusChangedNotification
23:27:43.155 WebDriverAgentRunner-Runner[1371:145197] Got kAXPidStatusChangedNotification for pid 351: active
23:27:43.162 WebDriverAgentRunner-Runner[1371:144564] Handling kAXPidStatusChangedNotification
23:27:43.162 WebDriverAgentRunner-Runner[1371:144564] Got kAXPidStatusChangedNotification for pid 361: active
23:27:43.167 WebDriverAgentRunner-Runner[1371:144564] Handling kAXUserTestingNotification
23:27:43.168 WebDriverAgentRunner-Runner[1371:144564] Received kAXUserTestingNotification from AX element pid: 308, elementOrHash.elementID: 0.1: {
    controllerClass = "WidgetRenderer.DebugOverlayViewController";
    event = ViewDidAppear;
}
23:27:43.170 WebDriverAgentRunner-Runner[1371:144564] Handling kAXUserTestingNotification
23:27:43.171 WebDriverAgentRunner-Runner[1371:144564] Received kAXUserTestingNotification from AX element pid: 308, elementOrHash.elementID: 0.1: {
    controllerClass = "WidgetRenderer.WidgetSceneContentViewController";
    event = ViewDidAppear;
}
23:27:43.172 WebDriverAgentRunner-Runner[1371:144564] Handling kAXUserTestingNotification
23:27:43.176 WebDriverAgentRunner-Runner[1371:144564] Received kAXUserTestingNotification from AX element pid: 308, elementOrHash.elementID: 0.1: {
    controllerClass = "WidgetRenderer.SecureHostingController";
    event = ViewDidAppear;
}
23:27:43.196 WebDriverAgentRunner-Runner[1371:144542] No application process found matching pid 351, caching
23:27:43.196 WebDriverAgentRunner-Runner[1371:144542] No application process found matching pid 361, caching
23:27:43.287 WebDriverAgentRunner-Runner[1371:144564] Handling kAXUserTestingNotification
23:27:43.287 WebDriverAgentRunner-Runner[1371:144564] Received kAXUserTestingNotification from AX element pid: 308, elementOrHash.elementID: 0.1: {
    controllerClass = "WidgetRenderer.ZStackContainerViewController";
    event = ViewDidDisappear;
}
23:27:43.287 WebDriverAgentRunner-Runner[1371:144564] Handling kAXUserTestingNotification
23:27:43.288 WebDriverAgentRunner-Runner[1371:144564] Received kAXUserTestingNotification from AX element pid: 308, elementOrHash.elementID: 0.1: {
    controllerClass = "WidgetRenderer.ZStackContainerViewController";
    event = ViewDidAppear;
}
23:27:43.288 WebDriverAgentRunner-Runner[1371:145817] Handling kAXUserTestingNotification
23:27:43.288 WebDriverAgentRunner-Runner[1371:145817] Received kAXUserTestingNotification from AX element pid: 308, elementOrHash.elementID: 0.1: {
    controllerClass = "WidgetRenderer.DebugOverlayViewController";
    event = ViewDidAppear;
}
23:27:43.288 WebDriverAgentRunner-Runner[1371:144564] Handling kAXUserTestingNotification
23:27:43.288 WebDriverAgentRunner-Runner[1371:144564] Received kAXUserTestingNotification from AX element pid: 308, elementOrHash.elementID: 0.1: {
    controllerClass = "WidgetRenderer.WidgetSceneContentViewController";
    event = ViewDidAppear;
}
23:27:43.289 WebDriverAgentRunner-Runner[1371:144564] Handling kAXUserTestingNotification
23:27:43.289 WebDriverAgentRunner-Runner[1371:144564] Received kAXUserTestingNotification from AX element pid: 308, elementOrHash.elementID: 0.1: {
    controllerClass = "WidgetRenderer.SecureHostingController";
    event = ViewDidAppear;
}
23:27:43.294 WebDriverAgentRunner-Runner[1371:144564] Handling kAXUserTestingNotification
23:27:43.295 WebDriverAgentRunner-Runner[1371:144564] Received kAXUserTestingNotification from AX element pid: 308, elementOrHash.elementID: 0.1: {
    controllerClass = "WidgetRenderer.ZStackContainerViewController";
    event = ViewDidDisappear;
}
23:27:43.295 WebDriverAgentRunner-Runner[1371:144564] Handling kAXUserTestingNotification
23:27:43.295 WebDriverAgentRunner-Runner[1371:144564] Received kAXUserTestingNotification from AX element pid: 308, elementOrHash.elementID: 0.1: {
    controllerClass = "WidgetRenderer.ZStackContainerViewController";
    event = ViewDidAppear;
}
23:27:43.322 WebDriverAgentRunner-Runner[1371:145197] Handling kAXUserTestingNotification
23:27:43.322 WebDriverAgentRunner-Runner[1371:145197] Received kAXUserTestingNotification from AX element pid: 308, elementOrHash.elementID: 0.1: {
    controllerClass = "WidgetRenderer.DebugOverlayViewController";
    event = ViewDidAppear;
}
23:27:43.323 WebDriverAgentRunner-Runner[1371:145197] Handling kAXUserTestingNotification
23:27:43.323 WebDriverAgentRunner-Runner[1371:145197] Received kAXUserTestingNotification from AX element pid: 308, elementOrHash.elementID: 0.1: {
    controllerClass = "WidgetRenderer.WidgetSceneContentViewController";
    event = ViewDidAppear;
}
23:27:43.323 WebDriverAgentRunner-Runner[1371:145197] Handling kAXUserTestingNotification
23:27:43.323 WebDriverAgentRunner-Runner[1371:145197] Received kAXUserTestingNotification from AX element pid: 308, elementOrHash.elementID: 0.1: {
    controllerClass = "WidgetRenderer.SecureHostingController";
    event = ViewDidAppear;
}
23:27:43.323 WebDriverAgentRunner-Runner[1371:145197] Handling kAXUserTestingNotification
23:27:43.323 WebDriverAgentRunner-Runner[1371:145197] Received kAXUserTestingNotification from AX element pid: 308, elementOrHash.elementID: 0.1: {
    controllerClass = "WidgetRenderer.ZStackContainerViewController";
    event = ViewDidAppear;
}
23:27:43.330 WebDriverAgentRunner-Runner[1371:145816] Handling kAXUserTestingNotification
23:27:43.330 WebDriverAgentRunner-Runner[1371:145816] Received kAXUserTestingNotification from AX element pid: 308, elementOrHash.elementID: 0.1: {
    controllerClass = "WidgetRenderer.WidgetSceneContentViewController";
    event = ViewDidDisappear;
}
23:27:43.331 WebDriverAgentRunner-Runner[1371:145816] Handling kAXUserTestingNotification
23:27:43.331 WebDriverAgentRunner-Runner[1371:145816] Received kAXUserTestingNotification from AX element pid: 308, elementOrHash.elementID: 0.1: {
    controllerClass = "WidgetRenderer.SecureHostingController";
    event = ViewDidDisappear;
}
23:27:43.333 WebDriverAgentRunner-Runner[1371:145197] Handling kAXUserTestingNotification
23:27:43.333 WebDriverAgentRunner-Runner[1371:145197] Received kAXUserTestingNotification from AX element pid: 308, elementOrHash.elementID: 0.1: {
    controllerClass = "WidgetRenderer.WidgetSceneContentViewController";
    event = ViewDidDisappear;
}
23:27:43.334 WebDriverAgentRunner-Runner[1371:145197] Handling kAXUserTestingNotification
23:27:43.335 WebDriverAgentRunner-Runner[1371:145197] Received kAXUserTestingNotification from AX element pid: 308, elementOrHash.elementID: 0.1: {
    controllerClass = "WidgetRenderer.SecureHostingController";
    event = ViewDidDisappear;
}
23:27:43.337 WebDriverAgentRunner-Runner[1371:144564] Handling kAXUserTestingNotification
23:27:43.337 WebDriverAgentRunner-Runner[1371:144564] Received kAXUserTestingNotification from AX element pid: 308, elementOrHash.elementID: 0.1: {
    controllerClass = "WidgetRenderer.WidgetSceneContentViewController";
    event = ViewDidDisappear;
}
23:27:43.338 WebDriverAgentRunner-Runner[1371:144564] Handling kAXUserTestingNotification
23:27:43.338 WebDriverAgentRunner-Runner[1371:144564] Received kAXUserTestingNotification from AX element pid: 308, elementOrHash.elementID: 0.1: {
    controllerClass = "WidgetRenderer.SecureHostingController";
    event = ViewDidDisappear;
}
23:27:43.338 WebDriverAgentRunner-Runner[1371:144564] Handling kAXUserTestingNotification
23:27:43.339 WebDriverAgentRunner-Runner[1371:144564] Received kAXUserTestingNotification from AX element pid: 308, elementOrHash.elementID: 0.1: {
    controllerClass = "WidgetRenderer.WidgetSceneContentViewController";
    event = ViewDidDisappear;
}
23:27:43.339 WebDriverAgentRunner-Runner[1371:144564] Handling kAXUserTestingNotification
23:27:43.339 WebDriverAgentRunner-Runner[1371:144564] Received kAXUserTestingNotification from AX element pid: 308, elementOrHash.elementID: 0.1: {
    controllerClass = "WidgetRenderer.SecureHostingController";
    event = ViewDidDisappear;
}
23:27:43.352 WebDriverAgentRunner-Runner[1371:145816] Handling kAXPidStatusChangedNotification
23:27:43.353 WebDriverAgentRunner-Runner[1371:145816] Got kAXPidStatusChangedNotification for pid 1372: active
23:27:43.353 WebDriverAgentRunner-Runner[1371:145816] Handling kAXPidStatusChangedNotification
23:27:43.354 WebDriverAgentRunner-Runner[1371:145816] Got kAXPidStatusChangedNotification for pid 1372: active
23:27:43.386 WebDriverAgentRunner-Runner[1371:144542] No application process found matching pid 1372, caching
23:27:43.386 WebDriverAgentRunner-Runner[1371:144542] No application process found matching pid 1372, caching
23:27:43.772 WebDriverAgentRunner-Runner[1371:145832] Handling kAXUserTestingNotification
23:27:43.773 WebDriverAgentRunner-Runner[1371:145832] Received kAXUserTestingNotification from AX element pid: 174, elementOrHash.elementID: 0.1: {
    controllerClass = SBHLibraryIconViewController;
    event = ViewDidDisappear;
}
23:27:43.925 WebDriverAgentRunner-Runner[1371:145832] Handling kAXPidStatusChangedNotification
23:27:43.925 WebDriverAgentRunner-Runner[1371:145832] Got kAXPidStatusChangedNotification for pid 303: active
23:27:43.927 WebDriverAgentRunner-Runner[1371:144542] No application process found matching pid 303, caching
23:27:43.927 WebDriverAgentRunner-Runner[1371:145832] Handling kAXPidStatusChangedNotification
23:27:43.928 WebDriverAgentRunner-Runner[1371:145832] Got kAXPidStatusChangedNotification for pid 274: active
23:27:44.021 WebDriverAgentRunner-Runner[1371:144542] No application process found matching pid 274, caching
23:27:44.034 WebDriverAgentRunner-Runner[1371:144564] Handling kAXPidStatusChangedNotification
23:27:44.035 WebDriverAgentRunner-Runner[1371:144564] Got kAXPidStatusChangedNotification for pid 1372: active
23:27:44.041 WebDriverAgentRunner-Runner[1371:144542] Creating future for 'fetching attributes 'XC_kAXXCAttributeSystemAppApplication' for Device system-wide element' with timeout 65.00
23:27:44.042 WebDriverAgentRunner-Runner[1371:144542] <XCTWaiter: 0x107ff9410> entering wait loop for 65.00s with expectations: `fetching attributes 'XC_kAXXCAttributeSystemAppApplication' for Device system-wide element`
23:27:44.042 WebDriverAgentRunner-Runner[1371:144542] No application process found matching pid 1372, caching
23:27:44.042 WebDriverAgentRunner-Runner[1371:145832] Got attribute fetch response with values {
    "XC_kAXXCAttributeSystemAppApplication" = "AX element pid: 174, elementOrHash.elementID: 0.1";
}, error: (null)
23:27:44.042 WebDriverAgentRunner-Runner[1371:144542] Returning result XCTWaiterResultCompleted for synchronous waiter <XCTWaiter: 0x107ff9410>
23:27:44.042 WebDriverAgentRunner-Runner[1371:144542] Wait <XCTWaiterWait: 0x112cbd3c0> completed after 0.001s
23:27:44.043 WebDriverAgentRunner-Runner[1371:144542] cleaning up fetching attributes 'XC_kAXXCAttributeSystemAppApplication' for Device system-wide element
23:27:44.043 WebDriverAgentRunner-Runner[1371:144542] Creating future for 'fetching attributes 'XC_kAXXCAttributeFocusedApplications' for AX element pid: 174, elementOrHash.elementID: 0.1' with timeout 65.00
23:27:44.043 WebDriverAgentRunner-Runner[1371:144542] <XCTWaiter: 0x107ff8810> entering wait loop for 65.00s with expectations: `fetching attributes 'XC_kAXXCAttributeFocusedApplications' for AX element pid: 174, elementOrHash.elementID: 0.1`
23:27:44.046 WebDriverAgentRunner-Runner[1371:144564] Got attribute fetch response with values {
    "XC_kAXXCAttributeFocusedApplications" =     (
        "AX element pid: 174, elementOrHash.elementID: 0.1"
    );
}, error: (null)
23:27:44.047 WebDriverAgentRunner-Runner[1371:144542] Returning result XCTWaiterResultCompleted for synchronous waiter <XCTWaiter: 0x107ff8810>
23:27:44.048 WebDriverAgentRunner-Runner[1371:144542] Wait <XCTWaiterWait: 0x112cbd880> completed after 0.005s
23:27:44.048 WebDriverAgentRunner-Runner[1371:144542] cleaning up fetching attributes 'XC_kAXXCAttributeFocusedApplications' for AX element pid: 174, elementOrHash.elementID: 0.1
23:27:44.048 WebDriverAgentRunner-Runner[1371:144542] Active application elements: (
    "AX element pid: 174, elementOrHash.elementID: 0.1"
)
23:27:44.048 WebDriverAgentRunner-Runner[1371:144542] Creating future for 'getting interface orientation' with timeout 65.00
23:27:44.048 WebDriverAgentRunner-Runner[1371:144542] <XCTWaiter: 0x107ff8270> entering wait loop for 65.00s with expectations: `getting interface orientation`
23:27:44.049 WebDriverAgentRunner-Runner[1371:144542] Returning result XCTWaiterResultCompleted for synchronous waiter <XCTWaiter: 0x107ff8270>
23:27:44.049 WebDriverAgentRunner-Runner[1371:144542] Wait <XCTWaiterWait: 0x112cbf580> completed after 0.001s
    t =   148.03s Find the Application 'com.apple.springboard'
23:27:44.049 WebDriverAgentRunner-Runner[1371:144542] cleaning up getting interface orientation
23:27:44.049 WebDriverAgentRunner-Runner[1371:144542] <XCTContext: 0x104595720> started activity <XCActivityRecord: 0x10752e370> 2026-07-19 16:27:44 +0000: Find the Application 'com.apple.springboard'
23:27:44.049 WebDriverAgentRunner-Runner[1371:144542] Executing query:

23:27:44.050 WebDriverAgentRunner-Runner[1371:144542] Creating future for 'checking for continuity enablement' with timeout 30.00
23:27:44.050 WebDriverAgentRunner-Runner[1371:144542] <XCTWaiter: 0x107ff9980> entering wait loop for 30.00s with expectations: `checking for continuity enablement`
23:27:44.051 WebDriverAgentRunner-Runner[1371:144542] Returning result XCTWaiterResultCompleted for synchronous waiter <XCTWaiter: 0x107ff9980>
23:27:44.051 WebDriverAgentRunner-Runner[1371:144542] Wait <XCTWaiterWait: 0x112cbc740> completed after 0.001s
23:27:44.051 WebDriverAgentRunner-Runner[1371:144542] cleaning up checking for continuity enablement
23:27:44.051 WebDriverAgentRunner-Runner[1371:144542] Should evaluate query remotely? XCTDisableRemoteQueryEvaluation(d-write): YES, hasAutomationSession: YES, supportsRemoteEvaluation: YES
23:27:44.051 WebDriverAgentRunner-Runner[1371:144542] Getting matching snapshots for locally evaluated query
23:27:44.051 WebDriverAgentRunner-Runner[1371:144542] Evaluating query:
 
23:27:44.051 WebDriverAgentRunner-Runner[1371:144542] Getting root element snapshot
23:27:44.051 WebDriverAgentRunner-Runner[1371:144542] Getting snapshot for App element pid: 174 for query 
23:27:44.051 WebDriverAgentRunner-Runner[1371:144542] <XCTContext: 0x104595720> started activity <XCActivityRecord: 0x10752e140> 2026-07-19 16:27:44 +0000: Requesting snapshot of accessibility hierarchy for app with pid 174
    t =   148.03s     Requesting snapshot of accessibility hierarchy for app with pid 174
23:27:44.052 WebDriverAgentRunner-Runner[1371:144542] Query requires iOS snapshot attributes .
23:27:44.052 WebDriverAgentRunner-Runner[1371:144542] XCUIElementQuery <XCTElementSnapshotProvider> getting snapshot
23:27:44.052 WebDriverAgentRunner-Runner[1371:144542] Snapshot request has custom attributes 
23:27:44.052 WebDriverAgentRunner-Runner[1371:144542] Snapshot request has custom parameters {
    snapshotKeyHonorModalViews = 0;
}
23:27:44.052 WebDriverAgentRunner-Runner[1371:144542] Current snapshot generation is 540
23:27:44.052 WebDriverAgentRunner-Runner[1371:144542] Query rootElementSnapshot is non-null with generation count 510
23:27:44.052 WebDriverAgentRunner-Runner[1371:144542] Capturing a new snapshot
23:27:44.053 WebDriverAgentRunner-Runner[1371:144542] Fetching snapshot for App element pid: 174 from testmanagerd with attributes XC_kAXXCAttributeElementType, XC_kAXXCAttributeElementBaseType, XC_kAXXCAttributeParent, XC_kAXXCAttributeIdentifier, XC_kAXXCAttributeAutomationType, XC_kAXXCAttributeTraits and parameters {
    maxArrayCount = 2147483647;
    maxChildren = 2147483647;
    maxDepth = 50;
    snapshotKeyHonorModalViews = 0;
    traverseFromParentsToChildren = 1;
}.
23:27:44.053 WebDriverAgentRunner-Runner[1371:144542] Creating future for 'fetching snapshot from testmanagerd.' with timeout 65.00
23:27:44.054 WebDriverAgentRunner-Runner[1371:144542] <XCTWaiter: 0x107ff9a10> entering wait loop for 65.00s with expectations: `fetching snapshot from testmanagerd.`
23:27:44.350 WebDriverAgentRunner-Runner[1371:144564] Got snapshot response with runtime issue support from testmanagerd.
23:27:44.350 WebDriverAgentRunner-Runner[1371:144542] Returning result XCTWaiterResultCompleted for synchronous waiter <XCTWaiter: 0x107ff9a10>
23:27:44.351 WebDriverAgentRunner-Runner[1371:144542] Wait <XCTWaiterWait: 0x112cbc080> completed after 0.296s
23:27:44.351 WebDriverAgentRunner-Runner[1371:144542] cleaning up fetching snapshot from testmanagerd.
23:27:44.351 WebDriverAgentRunner-Runner[1371:144542] <XCTContext: 0x104595720> finished activity <XCActivityRecord: 0x10752e140> 2026-07-19 16:27:44 +0000: Requesting snapshot of accessibility hierarchy for app with pid 174 (0.299392s)
23:27:44.351 WebDriverAgentRunner-Runner[1371:144564] Handling kAXPidStatusChangedNotification
23:27:44.351 WebDriverAgentRunner-Runner[1371:144564] Got kAXPidStatusChangedNotification for pid 349: active
23:27:44.351 WebDriverAgentRunner-Runner[1371:144542] Found matches {(
    App element pid: 174
)} with root App element pid: 174
23:27:44.352 WebDriverAgentRunner-Runner[1371:144542] <XCTContext: 0x104595720> finished activity <XCActivityRecord: 0x10752e370> 2026-07-19 16:27:44 +0000: Find the Application 'com.apple.springboard' (0.30255s)
23:27:44.352 WebDriverAgentRunner-Runner[1371:144542] XCUIElementQuery <XCTElementSnapshotProvider> getting snapshot
23:27:44.352 WebDriverAgentRunner-Runner[1371:144542] Snapshot request has custom attributes XC_kAXXCAttributeElementBaseType, XC_kAXXCAttributeValue, XC_kAXXCAttributeAutomationType, XC_kAXXCAttributeIdentifier, XC_kAXXCAttributeTraits, XC_kAXXCAttributeVerticalSizeClass, XC_kAXXCAttributeFrame, XC_kAXXCAttributeWindowDisplayId, XC_kAXXCAttributeWindowContextId, XC_kAXXCAttributeLabel, XC_kAXXCAttributeHorizontalSizeClass, XC_kAXXCAttributeHasNativeFocus, XC_kAXXCAttributePlaceholderValue, XC_kAXXCAttributeElementType
23:27:44.352 WebDriverAgentRunner-Runner[1371:144542] Current snapshot generation is 543
23:27:44.352 WebDriverAgentRunner-Runner[1371:144542] Query rootElementSnapshot is non-null with generation count 543
23:27:44.352 WebDriverAgentRunner-Runner[1371:144542] Capturing a new snapshot
23:27:44.352 WebDriverAgentRunner-Runner[1371:144542] Fetching snapshot for App element pid: 174 from testmanagerd with attributes XC_kAXXCAttributeElementBaseType, XC_kAXXCAttributeParent, XC_kAXXCAttributeAutomationType, XC_kAXXCAttributeIdentifier, XC_kAXXCAttributeTraits, XC_kAXXCAttributeVerticalSizeClass, XC_kAXXCAttributeFrame, XC_kAXXCAttributeWindowDisplayId, XC_kAXXCAttributeWindowContextId, XC_kAXXCAttributeLabel, XC_kAXXCAttributeHorizontalSizeClass, XC_kAXXCAttributeHasNativeFocus, XC_kAXXCAttributePlaceholderValue, XC_kAXXCAttributeTruncatedValue, XC_kAXXCAttributeElementType and parameters {
    maxArrayCount = 2147483647;
    maxChildren = 2147483647;
    maxDepth = 50;
    snapshotKeyHonorModalViews = 0;
    traverseFromParentsToChildren = 1;
}.
23:27:44.352 WebDriverAgentRunner-Runner[1371:144542] Creating future for 'fetching snapshot from testmanagerd.' with timeout 65.00
23:27:44.353 WebDriverAgentRunner-Runner[1371:144542] <XCTWaiter: 0x107eeb780> entering wait loop for 65.00s with expectations: `fetching snapshot from testmanagerd.`
23:27:44.353 WebDriverAgentRunner-Runner[1371:144542] No application process found matching pid 349, caching
23:27:44.931 WebDriverAgentRunner-Runner[1371:145575] Got snapshot response with runtime issue support from testmanagerd.
23:27:44.932 WebDriverAgentRunner-Runner[1371:144542] Returning result XCTWaiterResultCompleted for synchronous waiter <XCTWaiter: 0x107eeb780>
23:27:44.932 WebDriverAgentRunner-Runner[1371:144542] Wait <XCTWaiterWait: 0x112d11b40> completed after 0.579s
23:27:44.932 WebDriverAgentRunner-Runner[1371:144542] cleaning up fetching snapshot from testmanagerd.
23:27:44.932 WebDriverAgentRunner-Runner[1371:144542] Creating future for 'getting interface orientation' with timeout 65.00
23:27:44.932 WebDriverAgentRunner-Runner[1371:144542] <XCTWaiter: 0x107ff8870> entering wait loop for 65.00s with expectations: `getting interface orientation`
23:27:44.933 WebDriverAgentRunner-Runner[1371:144542] Returning result XCTWaiterResultCompleted for synchronous waiter <XCTWaiter: 0x107ff8870>
23:27:44.933 WebDriverAgentRunner-Runner[1371:144542] Wait <XCTWaiterWait: 0x112d91d40> completed after 0.001s
23:27:44.933 WebDriverAgentRunner-Runner[1371:144542] cleaning up getting interface orientation
23:27:44.933 WebDriverAgentRunner-Runner[1371:144542] Creating future for 'getting interface orientation' with timeout 65.00
23:27:44.933 WebDriverAgentRunner-Runner[1371:144542] <XCTWaiter: 0x107ff9c80> entering wait loop for 65.00s with expectations: `getting interface orientation`
23:27:44.934 WebDriverAgentRunner-Runner[1371:144542] Returning result XCTWaiterResultCompleted for synchronous waiter <XCTWaiter: 0x107ff9c80>
23:27:44.934 WebDriverAgentRunner-Runner[1371:144542] Wait <XCTWaiterWait: 0x112d91c40> completed after 0.001s
23:27:44.934 WebDriverAgentRunner-Runner[1371:144542] cleaning up getting interface orientation
23:27:44.934 WebDriverAgentRunner-Runner[1371:144542] Requesting local synthesis of event: 
<XCSynthesizedEventRecord 'Swipe Point Array display 0'>
Path 1:
	Touch down at 1248.0, 500.0, offset=0.00s
	Move to 1221.0, 501.0, offset=0.04s
	Move to 1044.0, 510.0, offset=0.08s
	Move to 650.0, 518.0, offset=0.12s
	Move to 414.0, 524.0, offset=0.14s
	Touch up at 414.0, 524.0, offset=0.15s
23:27:45.122 WebDriverAgentRunner-Runner[1371:144564] Handling kAXUserTestingNotification
23:27:45.123 WebDriverAgentRunner-Runner[1371:144564] Received kAXUserTestingNotification from AX element pid: 174, elementOrHash.elementID: 0.1: {
    event = TouchEventsCompleted;
}
23:27:45.123 WebDriverAgentRunner-Runner[1371:144564] Handling kAXUserTestingNotification
23:27:45.123 WebDriverAgentRunner-Runner[1371:144564] Received kAXUserTestingNotification from AX element pid: 174, elementOrHash.elementID: 0.1: {
    event = TouchEventsCompleted;
}
23:27:45.421 WebDriverAgentRunner-Runner[1371:144542] Creating future for 'fetching attributes 'XC_kAXXCAttributeSystemAppApplication' for Device system-wide element' with timeout 65.00
23:27:45.422 WebDriverAgentRunner-Runner[1371:144542] <XCTWaiter: 0x107ff9650> entering wait loop for 65.00s with expectations: `fetching attributes 'XC_kAXXCAttributeSystemAppApplication' for Device system-wide element`
23:27:45.422 WebDriverAgentRunner-Runner[1371:145197] Got attribute fetch response with values {
    "XC_kAXXCAttributeSystemAppApplication" = "AX element pid: 174, elementOrHash.elementID: 0.1";
}, error: (null)
23:27:45.422 WebDriverAgentRunner-Runner[1371:144542] Returning result XCTWaiterResultCompleted for synchronous waiter <XCTWaiter: 0x107ff9650>
23:27:45.422 WebDriverAgentRunner-Runner[1371:144542] Wait <XCTWaiterWait: 0x112d91d40> completed after 0.001s
23:27:45.422 WebDriverAgentRunner-Runner[1371:144542] cleaning up fetching attributes 'XC_kAXXCAttributeSystemAppApplication' for Device system-wide element
23:27:45.422 WebDriverAgentRunner-Runner[1371:144542] Creating future for 'fetching attributes 'XC_kAXXCAttributeFocusedApplications' for AX element pid: 174, elementOrHash.elementID: 0.1' with timeout 65.00
23:27:45.423 WebDriverAgentRunner-Runner[1371:144542] <XCTWaiter: 0x107ff8660> entering wait loop for 65.00s with expectations: `fetching attributes 'XC_kAXXCAttributeFocusedApplications' for AX element pid: 174, elementOrHash.elementID: 0.1`
23:27:45.424 WebDriverAgentRunner-Runner[1371:145837] Got attribute fetch response with values {
    "XC_kAXXCAttributeFocusedApplications" =     (
        "AX element pid: 174, elementOrHash.elementID: 0.1"
    );
}, error: (null)
23:27:45.424 WebDriverAgentRunner-Runner[1371:144542] Returning result XCTWaiterResultCompleted for synchronous waiter <XCTWaiter: 0x107ff8660>
23:27:45.424 WebDriverAgentRunner-Runner[1371:144542] Wait <XCTWaiterWait: 0x112d91d80> completed after 0.002s
23:27:45.424 WebDriverAgentRunner-Runner[1371:144542] cleaning up fetching attributes 'XC_kAXXCAttributeFocusedApplications' for AX element pid: 174, elementOrHash.elementID: 0.1
23:27:45.424 WebDriverAgentRunner-Runner[1371:144542] Active application elements: (
    "AX element pid: 174, elementOrHash.elementID: 0.1"
)
    t =   149.40s Tap Application 'com.apple.springboard'[0.00, 0.00] -> (1242.0, 517.0)
23:27:45.426 WebDriverAgentRunner-Runner[1371:144542] <XCTContext: 0x104595720> started activity <XCActivityRecord: 0x10752e140> 2026-07-19 16:27:45 +0000: Tap Application 'com.apple.springboard'[0.00, 0.00] -> (1242.0, 517.0)
23:27:45.426 WebDriverAgentRunner-Runner[1371:144542] Overriding application state timeout, 60.0 -> 10.0
23:27:45.427 WebDriverAgentRunner-Runner[1371:144542] <XCTContext: 0x104595720> started activity <XCActivityRecord: 0x10752e370> 2026-07-19 16:27:45 +0000: Wait for com.apple.springboard to idle
23:27:45.427 WebDriverAgentRunner-Runner[1371:144542] Creating future for 'getting screen identifiers' with timeout 30.00
23:27:45.427 WebDriverAgentRunner-Runner[1371:144542] <XCTWaiter: 0x107ff8810> entering wait loop for 30.00s with expectations: `getting screen identifiers`
23:27:45.427 WebDriverAgentRunner-Runner[1371:144542] Returning result XCTWaiterResultCompleted for synchronous waiter <XCTWaiter: 0x107ff8810>
23:27:45.427 WebDriverAgentRunner-Runner[1371:144542] Wait <XCTWaiterWait: 0x112d90140> completed after 0.000s
23:27:45.427 WebDriverAgentRunner-Runner[1371:144542] cleaning up getting screen identifiers
23:27:45.427 WebDriverAgentRunner-Runner[1371:144542] Waiting for com.apple.springboard (PID 174) quiescence...
23:27:45.428 WebDriverAgentRunner-Runner[1371:144542] Requesting main run loop idle notification using automation session for com.apple.springboard (pid:174)
23:27:45.428 WebDriverAgentRunner-Runner[1371:144542] Requesting animations idle notification using automation session for com.apple.springboard (pid:174)
23:27:45.428 WebDriverAgentRunner-Runner[1371:144542] Waiting on quiescence state variables
23:27:45.428 WebDriverAgentRunner-Runner[1371:145832] Got animations reply for com.apple.springboard (PID 174)
23:27:45.428 WebDriverAgentRunner-Runner[1371:144542] KVO change: checked status of Expect value of 'foreground' of com.apple.springboard (pid:174) to be '0': fulfill=NO
23:27:45.428 WebDriverAgentRunner-Runner[1371:145832] Animations are not active.
23:27:45.429 WebDriverAgentRunner-Runner[1371:145832] com.apple.springboard (pid:174) animationsHaveFinished NO -> YES
    t =   149.40s     Wait for com.apple.springboard to idle
23:27:45.429 WebDriverAgentRunner-Runner[1371:145837] Posting KVO notifications for animationsHaveFinished
23:27:45.429 WebDriverAgentRunner-Runner[1371:144542] KVO change: checked status of Expect value of 'foreground' of com.apple.springboard (pid:174) to be '0': fulfill=NO
23:27:45.429 WebDriverAgentRunner-Runner[1371:144542] isQuiescent: self.eventLoopHasIdled: NO && self.animationsHaveFinished: YES
23:27:45.429 WebDriverAgentRunner-Runner[1371:144542] KVO change: checked status of Expect value of 'isQuiescent' of com.apple.springboard (pid:174) to be '1': fulfill=NO
23:27:45.429 WebDriverAgentRunner-Runner[1371:144542] isQuiescent: self.eventLoopHasIdled: NO && self.animationsHaveFinished: YES
23:27:45.429 WebDriverAgentRunner-Runner[1371:144542] KVO change: checked status of Expect value of 'isQuiescent' of com.apple.springboard (pid:174) to be '1': fulfill=NO
23:27:45.430 WebDriverAgentRunner-Runner[1371:144542] Not fulfilling (Expect value of 'foreground' of com.apple.springboard (pid:174) to be '0' OR Expect value of 'isQuiescent' of com.apple.springboard (pid:174) to be '1') because no subexpectations are fulfilled
23:27:45.430 WebDriverAgentRunner-Runner[1371:144542] <XCTWaiter: 0x107ffb150> entering wait loop for 10.00s with expectations: `(Expect value of 'foreground' of com.apple.springboard (pid:174) to be '0' OR Expect value of 'isQuiescent' of com.apple.springboard (pid:174) to be '1')`
23:27:45.642 WebDriverAgentRunner-Runner[1371:144564] Got event loop idle reply for com.apple.springboard (PID 174)
23:27:45.642 WebDriverAgentRunner-Runner[1371:144564] Event loop is idle.
23:27:45.642 WebDriverAgentRunner-Runner[1371:144564] com.apple.springboard (pid:174) eventLoopHasIdled NO -> YES
23:27:45.642 WebDriverAgentRunner-Runner[1371:144564] Posting KVO notifications for eventLoopHasIdled
23:27:45.642 WebDriverAgentRunner-Runner[1371:144564] isQuiescent: self.eventLoopHasIdled: YES && self.animationsHaveFinished: YES
23:27:45.642 WebDriverAgentRunner-Runner[1371:144564] isQuiescent: self.eventLoopHasIdled: YES && self.animationsHaveFinished: YES
23:27:45.642 WebDriverAgentRunner-Runner[1371:144564] KVO change: checked status of Expect value of 'isQuiescent' of com.apple.springboard (pid:174) to be '1': fulfill=YES
23:27:45.643 WebDriverAgentRunner-Runner[1371:144564] Fulfilling (Expect value of 'foreground' of com.apple.springboard (pid:174) to be '0' OR Expect value of 'isQuiescent' of com.apple.springboard (pid:174) to be '1') because Expect value of 'isQuiescent' of com.apple.springboard (pid:174) to be '1' is fulfilled
23:27:45.643 WebDriverAgentRunner-Runner[1371:144542] Returning result XCTWaiterResultCompleted for synchronous waiter <XCTWaiter: 0x107ffb150>
23:27:45.643 WebDriverAgentRunner-Runner[1371:144542] Wait <XCTWaiterWait: 0x112d912c0> completed after 0.213s
23:27:45.643 WebDriverAgentRunner-Runner[1371:144542] cleaning up (Expect value of 'foreground' of com.apple.springboard (pid:174) to be '0' OR Expect value of 'isQuiescent' of com.apple.springboard (pid:174) to be '1')
23:27:45.643 WebDriverAgentRunner-Runner[1371:144542] cleaning up Expect value of 'foreground' of com.apple.springboard (pid:174) to be '0'
23:27:45.643 WebDriverAgentRunner-Runner[1371:144542] cleaning up Expect value of 'foreground' of com.apple.springboard (pid:174) to be '0'
23:27:45.643 WebDriverAgentRunner-Runner[1371:144542] cleaning up Expect value of 'isQuiescent' of com.apple.springboard (pid:174) to be '1'
23:27:45.643 WebDriverAgentRunner-Runner[1371:144542] cleaning up Expect value of 'isQuiescent' of com.apple.springboard (pid:174) to be '1'
23:27:45.643 WebDriverAgentRunner-Runner[1371:144542] com.apple.springboard has quiesced or quiescence timeout has elapsed.
23:27:45.644 WebDriverAgentRunner-Runner[1371:144542] <XCTContext: 0x104595720> finished activity <XCActivityRecord: 0x10752e370> 2026-07-19 16:27:45 +0000: Wait for com.apple.springboard to idle (0.216879s)
23:27:45.644 WebDriverAgentRunner-Runner[1371:144542] Overriding application state timeout, 10.0 -> 60.0
23:27:45.644 WebDriverAgentRunner-Runner[1371:144542] <XCTContext: 0x104595720> started activity <XCActivityRecord: 0x10752e370> 2026-07-19 16:27:45 +0000: Find the Application 'com.apple.springboard'
23:27:45.644 WebDriverAgentRunner-Runner[1371:144542] Executing query:

23:27:45.644 WebDriverAgentRunner-Runner[1371:144542] Creating future for 'checking for continuity enablement' with timeout 30.00
23:27:45.645 WebDriverAgentRunner-Runner[1371:144542] <XCTWaiter: 0x107ff8510> entering wait loop for 30.00s with expectations: `checking for continuity enablement`
23:27:45.645 WebDriverAgentRunner-Runner[1371:144542] Returning result XCTWaiterResultCompleted for synchronous waiter <XCTWaiter: 0x107ff8510>
23:27:45.645 WebDriverAgentRunner-Runner[1371:144542] Wait <XCTWaiterWait: 0x112d91540> completed after 0.001s
23:27:45.645 WebDriverAgentRunner-Runner[1371:144542] cleaning up checking for continuity enablement
23:27:45.646 WebDriverAgentRunner-Runner[1371:144542] Should evaluate query remotely? XCTDisableRemoteQueryEvaluation(d-write): YES, hasAutomationSession: YES, supportsRemoteEvaluation: YES
23:27:45.646 WebDriverAgentRunner-Runner[1371:144542] Getting matching snapshots for locally evaluated query
23:27:45.646 WebDriverAgentRunner-Runner[1371:144542] Evaluating query:
 
23:27:45.646 WebDriverAgentRunner-Runner[1371:144542] Getting root element snapshot
23:27:45.646 WebDriverAgentRunner-Runner[1371:144542] Getting snapshot for App element pid: 174 for query 
23:27:45.646 WebDriverAgentRunner-Runner[1371:144542] <XCTContext: 0x104595720> started activity <XCActivityRecord: 0x10752e7d0> 2026-07-19 16:27:45 +0000: Requesting snapshot of accessibility hierarchy for app with pid 174
23:27:45.646 WebDriverAgentRunner-Runner[1371:144542] Query requires iOS snapshot attributes .
23:27:45.646 WebDriverAgentRunner-Runner[1371:144542] XCUIElementQuery <XCTElementSnapshotProvider> getting snapshot
23:27:45.646 WebDriverAgentRunner-Runner[1371:144542] Snapshot request has custom attributes 
23:27:45.647 WebDriverAgentRunner-Runner[1371:144542] Snapshot request has custom parameters {
    snapshotKeyHonorModalViews = 0;
}
23:27:45.647 WebDriverAgentRunner-Runner[1371:144542] Current snapshot generation is 566
23:27:45.647 WebDriverAgentRunner-Runner[1371:144542] Query rootElementSnapshot is non-null with generation count 543
23:27:45.647 WebDriverAgentRunner-Runner[1371:144542] Capturing a new snapshot
23:27:45.647 WebDriverAgentRunner-Runner[1371:144542] Fetching snapshot for App element pid: 174 from testmanagerd with attributes XC_kAXXCAttributeElementType, XC_kAXXCAttributeElementBaseType, XC_kAXXCAttributeParent, XC_kAXXCAttributeIdentifier, XC_kAXXCAttributeAutomationType, XC_kAXXCAttributeTraits and parameters {
    maxArrayCount = 2147483647;
    maxChildren = 2147483647;
    maxDepth = 50;
    snapshotKeyHonorModalViews = 0;
    traverseFromParentsToChildren = 1;
}.
23:27:45.647 WebDriverAgentRunner-Runner[1371:144542] Creating future for 'fetching snapshot from testmanagerd.' with timeout 65.00
23:27:45.648 WebDriverAgentRunner-Runner[1371:144542] <XCTWaiter: 0x107ffa280> entering wait loop for 65.00s with expectations: `fetching snapshot from testmanagerd.`
    t =   149.62s     Find the Application 'com.apple.springboard'
    t =   149.62s         Requesting snapshot of accessibility hierarchy for app with pid 174
23:27:45.892 WebDriverAgentRunner-Runner[1371:145816] Got snapshot response with runtime issue support from testmanagerd.
23:27:45.892 WebDriverAgentRunner-Runner[1371:144542] Returning result XCTWaiterResultCompleted for synchronous waiter <XCTWaiter: 0x107ffa280>
23:27:45.892 WebDriverAgentRunner-Runner[1371:144542] Wait <XCTWaiterWait: 0x112d91040> completed after 0.245s
23:27:45.893 WebDriverAgentRunner-Runner[1371:144542] cleaning up fetching snapshot from testmanagerd.
23:27:45.893 WebDriverAgentRunner-Runner[1371:144542] <XCTContext: 0x104595720> finished activity <XCActivityRecord: 0x10752e7d0> 2026-07-19 16:27:45 +0000: Requesting snapshot of accessibility hierarchy for app with pid 174 (0.246721s)
23:27:45.894 WebDriverAgentRunner-Runner[1371:144542] Found matches {(
    App element pid: 174
)} with root App element pid: 174
23:27:45.894 WebDriverAgentRunner-Runner[1371:144542] <XCTContext: 0x104595720> finished activity <XCActivityRecord: 0x10752e370> 2026-07-19 16:27:45 +0000: Find the Application 'com.apple.springboard' (0.250188s)
23:27:45.894 WebDriverAgentRunner-Runner[1371:144542] <XCTContext: 0x104775f90> started activity <XCActivityRecord: 0x10752e370> 2026-07-19 16:27:45 +0000: Application is configured to skip UI interruption handling
23:27:45.895 WebDriverAgentRunner-Runner[1371:144542] <XCTContext: 0x104775f90> finished activity <XCActivityRecord: 0x10752e370> 2026-07-19 16:27:45 +0000: Application is configured to skip UI interruption handling (0.000249982s)
23:27:45.895 WebDriverAgentRunner-Runner[1371:144542] Creating future for 'checking for continuity enablement' with timeout 30.00
    t =   149.87s Application is configured to skip UI interruption handling
23:27:45.895 WebDriverAgentRunner-Runner[1371:144542] <XCTWaiter: 0x112d98210> entering wait loop for 30.00s with expectations: `checking for continuity enablement`
23:27:45.896 WebDriverAgentRunner-Runner[1371:144542] Returning result XCTWaiterResultCompleted for synchronous waiter <XCTWaiter: 0x112d98210>
23:27:45.896 WebDriverAgentRunner-Runner[1371:144542] Wait <XCTWaiterWait: 0x112db8180> completed after 0.001s
23:27:45.896 WebDriverAgentRunner-Runner[1371:144542] cleaning up checking for continuity enablement
23:27:45.896 WebDriverAgentRunner-Runner[1371:144542] Creating future for 'fetching attributes 'XC_kAXXCAttributeElementType', 'XC_kAXXCAttributeElementBaseType', 'XC_kAXXCAttributeTraits', 'XC_kAXXCAttributeAutomationType' for App element pid: 174' with timeout 30.00
23:27:45.897 WebDriverAgentRunner-Runner[1371:144542] <XCTWaiter: 0x112d98660> entering wait loop for 30.00s with expectations: `fetching attributes 'XC_kAXXCAttributeElementType', 'XC_kAXXCAttributeElementBaseType', 'XC_kAXXCAttributeTraits', 'XC_kAXXCAttributeAutomationType' for App element pid: 174`
23:27:45.898 WebDriverAgentRunner-Runner[1371:144542] Returning result XCTWaiterResultCompleted for synchronous waiter <XCTWaiter: 0x112d98660>
23:27:45.898 WebDriverAgentRunner-Runner[1371:144542] Wait <XCTWaiterWait: 0x112db8e80> completed after 0.002s
23:27:45.899 WebDriverAgentRunner-Runner[1371:144542] cleaning up fetching attributes 'XC_kAXXCAttributeElementType', 'XC_kAXXCAttributeElementBaseType', 'XC_kAXXCAttributeTraits', 'XC_kAXXCAttributeAutomationType' for App element pid: 174
23:27:45.899 WebDriverAgentRunner-Runner[1371:144542] App element pid: 174 (App element pid: 174) faulted in {
    "XC_kAXXCAttributeAutomationType" = 1;
    "XC_kAXXCAttributeElementBaseType" = UISystemShellApplication;
    "XC_kAXXCAttributeElementType" = SpringBoard;
    "XC_kAXXCAttributeTraits" = 0;
}: (no error) for elementType using XC_kAXXCAttributeElementType, XC_kAXXCAttributeElementBaseType, XC_kAXXCAttributeTraits, XC_kAXXCAttributeAutomationType
23:27:45.899 WebDriverAgentRunner-Runner[1371:144542] Preferring automation type 2 instead of legacy element type OTHER derived from class/trait: SpringBoard:UISystemShellApplication 0
23:27:45.899 WebDriverAgentRunner-Runner[1371:144542] Uncaptured runtime issue reported: Automation type mismatch: computed Other from legacy attributes vs Application from modern attribute.
23:27:45.899 WebDriverAgentRunner-Runner[1371:144542] Computed elementType Application.
23:27:45.899 WebDriverAgentRunner-Runner[1371:144542] <XCTContext: 0x104595720> started activity <XCActivityRecord: 0x10752e7d0> 2026-07-19 16:27:45 +0000: Synthesize event
23:27:45.899 WebDriverAgentRunner-Runner[1371:144542] Creating future for 'checking for continuity enablement' with timeout 30.00
23:27:45.899 WebDriverAgentRunner-Runner[1371:144542] <XCTWaiter: 0x112d98c60> entering wait loop for 30.00s with expectations: `checking for continuity enablement`
    t =   149.88s     Synthesize event
23:27:45.900 WebDriverAgentRunner-Runner[1371:144542] Returning result XCTWaiterResultCompleted for synchronous waiter <XCTWaiter: 0x112d98c60>
23:27:45.900 WebDriverAgentRunner-Runner[1371:144542] Wait <XCTWaiterWait: 0x112db8980> completed after 0.001s
23:27:45.900 WebDriverAgentRunner-Runner[1371:144542] cleaning up checking for continuity enablement
23:27:45.900 WebDriverAgentRunner-Runner[1371:144542] Creating future for 'fetching attributes 'XC_kAXXCAttributeWindowDisplayId' for App element pid: 174' with timeout 30.00
23:27:45.901 WebDriverAgentRunner-Runner[1371:144542] <XCTWaiter: 0x112d98db0> entering wait loop for 30.00s with expectations: `fetching attributes 'XC_kAXXCAttributeWindowDisplayId' for App element pid: 174`
23:27:45.902 WebDriverAgentRunner-Runner[1371:144542] Returning result XCTWaiterResultCompleted for synchronous waiter <XCTWaiter: 0x112d98db0>
23:27:45.902 WebDriverAgentRunner-Runner[1371:144542] Wait <XCTWaiterWait: 0x112db8700> completed after 0.001s
23:27:45.902 WebDriverAgentRunner-Runner[1371:144542] cleaning up fetching attributes 'XC_kAXXCAttributeWindowDisplayId' for App element pid: 174
23:27:45.902 WebDriverAgentRunner-Runner[1371:144542] Application, pid: 174 (App element pid: 174) faulted in {
    "XC_kAXXCAttributeWindowDisplayId" = 0;
}: (no error) for displayID using XC_kAXXCAttributeWindowDisplayId
23:27:45.902 WebDriverAgentRunner-Runner[1371:144542] Fetched display ID for Application, pid: 174 was 0, checked nearest remote ancestor (null), got (null)
23:27:45.902 WebDriverAgentRunner-Runner[1371:144542] Creating future for 'getting screen identifiers' with timeout 30.00
23:27:45.902 WebDriverAgentRunner-Runner[1371:144542] <XCTWaiter: 0x112d99110> entering wait loop for 30.00s with expectations: `getting screen identifiers`
23:27:45.902 WebDriverAgentRunner-Runner[1371:144542] Returning result XCTWaiterResultCompleted for synchronous waiter <XCTWaiter: 0x112d99110>
23:27:45.902 WebDriverAgentRunner-Runner[1371:144542] Wait <XCTWaiterWait: 0x112dba700> completed after 0.000s
23:27:45.903 WebDriverAgentRunner-Runner[1371:144542] cleaning up getting screen identifiers
23:27:45.903 WebDriverAgentRunner-Runner[1371:144542] Creating future for 'synthesizing event' with timeout TBD
23:27:45.903 WebDriverAgentRunner-Runner[1371:144542] <XCTContext: 0x104595720> started activity <XCActivityRecord: 0x10752ea00> 2026-07-19 16:27:45 +0000: Find the Application 'com.apple.springboard'
    t =   149.88s         Find the Application 'com.apple.springboard'
23:27:45.903 WebDriverAgentRunner-Runner[1371:144542] Executing query:

23:27:45.903 WebDriverAgentRunner-Runner[1371:144542] Creating future for 'checking for continuity enablement' with timeout 30.00
23:27:45.903 WebDriverAgentRunner-Runner[1371:144542] <XCTWaiter: 0x112d98ab0> entering wait loop for 30.00s with expectations: `checking for continuity enablement`
23:27:45.904 WebDriverAgentRunner-Runner[1371:144542] Returning result XCTWaiterResultCompleted for synchronous waiter <XCTWaiter: 0x112d98ab0>
23:27:45.904 WebDriverAgentRunner-Runner[1371:144542] Wait <XCTWaiterWait: 0x112db8300> completed after 0.001s
23:27:45.904 WebDriverAgentRunner-Runner[1371:144542] cleaning up checking for continuity enablement
23:27:45.905 WebDriverAgentRunner-Runner[1371:144542] Should evaluate query remotely? XCTDisableRemoteQueryEvaluation(d-write): YES, hasAutomationSession: YES, supportsRemoteEvaluation: YES
23:27:45.905 WebDriverAgentRunner-Runner[1371:144542] Getting matching snapshots for locally evaluated query
23:27:45.905 WebDriverAgentRunner-Runner[1371:144542] Evaluating query:
 
23:27:45.905 WebDriverAgentRunner-Runner[1371:144542] Getting root element snapshot
23:27:45.905 WebDriverAgentRunner-Runner[1371:144542] Getting snapshot for App element pid: 174 for query 
23:27:45.905 WebDriverAgentRunner-Runner[1371:144542] <XCTContext: 0x104595720> started activity <XCActivityRecord: 0x10752ea70> 2026-07-19 16:27:45 +0000: Requesting snapshot of accessibility hierarchy for app with pid 174
23:27:45.905 WebDriverAgentRunner-Runner[1371:144542] Query requires iOS snapshot attributes .
23:27:45.905 WebDriverAgentRunner-Runner[1371:144542] XCUIElementQuery <XCTElementSnapshotProvider> getting snapshot
23:27:45.905 WebDriverAgentRunner-Runner[1371:144542] Snapshot request has custom attributes 
23:27:45.906 WebDriverAgentRunner-Runner[1371:144542] Snapshot request has custom parameters {
    snapshotKeyHonorModalViews = 0;
}
23:27:45.906 WebDriverAgentRunner-Runner[1371:144542] Current snapshot generation is 574
23:27:45.906 WebDriverAgentRunner-Runner[1371:144542] Query rootElementSnapshot is non-null with generation count 569
23:27:45.906 WebDriverAgentRunner-Runner[1371:144542] Capturing a new snapshot
23:27:45.906 WebDriverAgentRunner-Runner[1371:144542] Fetching snapshot for App element pid: 174 from testmanagerd with attributes XC_kAXXCAttributeElementType, XC_kAXXCAttributeElementBaseType, XC_kAXXCAttributeParent, XC_kAXXCAttributeIdentifier, XC_kAXXCAttributeAutomationType, XC_kAXXCAttributeTraits and parameters {
    maxArrayCount = 2147483647;
    maxChildren = 2147483647;
    maxDepth = 50;
    snapshotKeyHonorModalViews = 0;
    traverseFromParentsToChildren = 1;
}.
23:27:45.906 WebDriverAgentRunner-Runner[1371:144542] Creating future for 'fetching snapshot from testmanagerd.' with timeout 65.00
23:27:45.906 WebDriverAgentRunner-Runner[1371:144542] <XCTWaiter: 0x112d99d40> entering wait loop for 65.00s with expectations: `fetching snapshot from testmanagerd.`
    t =   149.88s             Requesting snapshot of accessibility hierarchy for app with pid 174
23:27:46.174 WebDriverAgentRunner-Runner[1371:145816] Got snapshot response with runtime issue support from testmanagerd.
23:27:46.174 WebDriverAgentRunner-Runner[1371:144542] Returning result XCTWaiterResultCompleted for synchronous waiter <XCTWaiter: 0x112d99d40>
23:27:46.174 WebDriverAgentRunner-Runner[1371:144542] Wait <XCTWaiterWait: 0x112db9e80> completed after 0.268s
23:27:46.174 WebDriverAgentRunner-Runner[1371:144542] cleaning up fetching snapshot from testmanagerd.
23:27:46.174 WebDriverAgentRunner-Runner[1371:144542] <XCTContext: 0x104595720> finished activity <XCActivityRecord: 0x10752ea70> 2026-07-19 16:27:45 +0000: Requesting snapshot of accessibility hierarchy for app with pid 174 (0.269296s)
23:27:46.175 WebDriverAgentRunner-Runner[1371:144542] Found matches {(
    App element pid: 174
)} with root App element pid: 174
23:27:46.175 WebDriverAgentRunner-Runner[1371:144542] <XCTContext: 0x104595720> finished activity <XCActivityRecord: 0x10752ea00> 2026-07-19 16:27:45 +0000: Find the Application 'com.apple.springboard' (0.271903s)
23:27:46.175 WebDriverAgentRunner-Runner[1371:144542] Creating future for 'checking for continuity enablement' with timeout 30.00
23:27:46.175 WebDriverAgentRunner-Runner[1371:144542] <XCTWaiter: 0x107ffaa60> entering wait loop for 30.00s with expectations: `checking for continuity enablement`
23:27:46.176 WebDriverAgentRunner-Runner[1371:144542] Returning result XCTWaiterResultCompleted for synchronous waiter <XCTWaiter: 0x107ffaa60>
23:27:46.176 WebDriverAgentRunner-Runner[1371:144542] Wait <XCTWaiterWait: 0x112c919c0> completed after 0.001s
23:27:46.176 WebDriverAgentRunner-Runner[1371:144542] cleaning up checking for continuity enablement
23:27:46.176 WebDriverAgentRunner-Runner[1371:144542] Creating future for 'fetching attributes 'XC_kAXXCAttributeFrame', 'XC_kAXXCAttributeWindowDisplayId', 'XC_kAXXCAttributeWindowContextId' for App element pid: 174' with timeout 30.00
23:27:46.177 WebDriverAgentRunner-Runner[1371:144542] <XCTWaiter: 0x107ffbd20> entering wait loop for 30.00s with expectations: `fetching attributes 'XC_kAXXCAttributeFrame', 'XC_kAXXCAttributeWindowDisplayId', 'XC_kAXXCAttributeWindowContextId' for App element pid: 174`
23:27:46.178 WebDriverAgentRunner-Runner[1371:144542] Returning result XCTWaiterResultCompleted for synchronous waiter <XCTWaiter: 0x107ffbd20>
23:27:46.179 WebDriverAgentRunner-Runner[1371:144542] Wait <XCTWaiterWait: 0x112c91b40> completed after 0.002s
23:27:46.179 WebDriverAgentRunner-Runner[1371:144542] cleaning up fetching attributes 'XC_kAXXCAttributeFrame', 'XC_kAXXCAttributeWindowDisplayId', 'XC_kAXXCAttributeWindowContextId' for App element pid: 174
23:27:46.179 WebDriverAgentRunner-Runner[1371:144542] App element pid: 174 (App element pid: 174) faulted in {
    "XC_kAXXCAttributeFrame" =     {
        Height = 1366;
        Width = 1024;
        X = 0;
        Y = 0;
    };
    "XC_kAXXCAttributeWindowContextId" = 419046886;
    "XC_kAXXCAttributeWindowDisplayId" = 0;
}: (no error) for frame using XC_kAXXCAttributeFrame, XC_kAXXCAttributeWindowDisplayId, XC_kAXXCAttributeWindowContextId
23:27:46.179 WebDriverAgentRunner-Runner[1371:144542] Creating future for 'checking for continuity enablement' with timeout 30.00
23:27:46.179 WebDriverAgentRunner-Runner[1371:144542] <XCTWaiter: 0x107ffb840> entering wait loop for 30.00s with expectations: `checking for continuity enablement`
23:27:46.180 WebDriverAgentRunner-Runner[1371:144542] Returning result XCTWaiterResultCompleted for synchronous waiter <XCTWaiter: 0x107ffb840>
23:27:46.180 WebDriverAgentRunner-Runner[1371:144542] Wait <XCTWaiterWait: 0x112c921c0> completed after 0.001s
23:27:46.180 WebDriverAgentRunner-Runner[1371:144542] cleaning up checking for continuity enablement
23:27:46.180 WebDriverAgentRunner-Runner[1371:144542] Creating future for 'fetching attributes 'XC_kAXXCAttributeElementType', 'XC_kAXXCAttributeElementBaseType', 'XC_kAXXCAttributeTraits', 'XC_kAXXCAttributeAutomationType' for App element pid: 174' with timeout 30.00
23:27:46.180 WebDriverAgentRunner-Runner[1371:144542] <XCTWaiter: 0x107ffa130> entering wait loop for 30.00s with expectations: `fetching attributes 'XC_kAXXCAttributeElementType', 'XC_kAXXCAttributeElementBaseType', 'XC_kAXXCAttributeTraits', 'XC_kAXXCAttributeAutomationType' for App element pid: 174`
23:27:46.182 WebDriverAgentRunner-Runner[1371:144542] Returning result XCTWaiterResultCompleted for synchronous waiter <XCTWaiter: 0x107ffa130>
23:27:46.182 WebDriverAgentRunner-Runner[1371:144542] Wait <XCTWaiterWait: 0x112c92640> completed after 0.002s
23:27:46.182 WebDriverAgentRunner-Runner[1371:144542] cleaning up fetching attributes 'XC_kAXXCAttributeElementType', 'XC_kAXXCAttributeElementBaseType', 'XC_kAXXCAttributeTraits', 'XC_kAXXCAttributeAutomationType' for App element pid: 174
23:27:46.182 WebDriverAgentRunner-Runner[1371:144542] App element pid: 174 (App element pid: 174) faulted in {
    "XC_kAXXCAttributeAutomationType" = 1;
    "XC_kAXXCAttributeElementBaseType" = UISystemShellApplication;
    "XC_kAXXCAttributeElementType" = SpringBoard;
    "XC_kAXXCAttributeTraits" = 0;
}: (no error) for elementType using XC_kAXXCAttributeElementType, XC_kAXXCAttributeElementBaseType, XC_kAXXCAttributeTraits, XC_kAXXCAttributeAutomationType
23:27:46.182 WebDriverAgentRunner-Runner[1371:144542] Preferring automation type 2 instead of legacy element type OTHER derived from class/trait: SpringBoard:UISystemShellApplication 0
23:27:46.182 WebDriverAgentRunner-Runner[1371:144542] Uncaptured runtime issue reported: Automation type mismatch: computed Other from legacy attributes vs Application from modern attribute.
23:27:46.182 WebDriverAgentRunner-Runner[1371:144542] Computed elementType Application.
23:27:46.183 WebDriverAgentRunner-Runner[1371:144542] <XCTContext: 0x104595720> started activity <XCActivityRecord: 0x10752eae0> 2026-07-19 16:27:46 +0000: Find the Application 'com.apple.springboard'
23:27:46.183 WebDriverAgentRunner-Runner[1371:144542] Executing query:

23:27:46.183 WebDriverAgentRunner-Runner[1371:144542] Creating future for 'checking for continuity enablement' with timeout 30.00
    t =   150.16s         Find the Application 'com.apple.springboard'
23:27:46.183 WebDriverAgentRunner-Runner[1371:144542] <XCTWaiter: 0x107ffad30> entering wait loop for 30.00s with expectations: `checking for continuity enablement`
23:27:46.184 WebDriverAgentRunner-Runner[1371:144542] Returning result XCTWaiterResultCompleted for synchronous waiter <XCTWaiter: 0x107ffad30>
23:27:46.184 WebDriverAgentRunner-Runner[1371:144542] Wait <XCTWaiterWait: 0x112c909c0> completed after 0.001s
23:27:46.184 WebDriverAgentRunner-Runner[1371:144542] cleaning up checking for continuity enablement
23:27:46.184 WebDriverAgentRunner-Runner[1371:144542] Should evaluate query remotely? XCTDisableRemoteQueryEvaluation(d-write): YES, hasAutomationSession: YES, supportsRemoteEvaluation: YES
23:27:46.184 WebDriverAgentRunner-Runner[1371:144542] Getting matching snapshots for locally evaluated query
23:27:46.184 WebDriverAgentRunner-Runner[1371:144542] Evaluating query:
 
23:27:46.184 WebDriverAgentRunner-Runner[1371:144542] Getting root element snapshot
23:27:46.184 WebDriverAgentRunner-Runner[1371:144542] Getting snapshot for App element pid: 174 for query 
23:27:46.185 WebDriverAgentRunner-Runner[1371:144542] <XCTContext: 0x104595720> started activity <XCActivityRecord: 0x10752eb50> 2026-07-19 16:27:46 +0000: Requesting snapshot of accessibility hierarchy for app with pid 174
23:27:46.185 WebDriverAgentRunner-Runner[1371:144542] Query requires iOS snapshot attributes .
23:27:46.185 WebDriverAgentRunner-Runner[1371:144542] XCUIElementQuery <XCTElementSnapshotProvider> getting snapshot
23:27:46.185 WebDriverAgentRunner-Runner[1371:144542] Snapshot request has custom attributes 
23:27:46.185 WebDriverAgentRunner-Runner[1371:144542] Snapshot request has custom parameters {
    snapshotKeyHonorModalViews = 0;
}
23:27:46.185 WebDriverAgentRunner-Runner[1371:144542] Current snapshot generation is 582
23:27:46.185 WebDriverAgentRunner-Runner[1371:144542] Query rootElementSnapshot is non-null with generation count 577
23:27:46.185 WebDriverAgentRunner-Runner[1371:144542] Capturing a new snapshot
    t =   150.16s             Requesting snapshot of accessibility hierarchy for app with pid 174
23:27:46.185 WebDriverAgentRunner-Runner[1371:144542] Fetching snapshot for App element pid: 174 from testmanagerd with attributes XC_kAXXCAttributeElementType, XC_kAXXCAttributeElementBaseType, XC_kAXXCAttributeParent, XC_kAXXCAttributeIdentifier, XC_kAXXCAttributeAutomationType, XC_kAXXCAttributeTraits and parameters {
    maxArrayCount = 2147483647;
    maxChildren = 2147483647;
    maxDepth = 50;
    snapshotKeyHonorModalViews = 0;
    traverseFromParentsToChildren = 1;
}.
23:27:46.185 WebDriverAgentRunner-Runner[1371:144542] Creating future for 'fetching snapshot from testmanagerd.' with timeout 65.00
23:27:46.186 WebDriverAgentRunner-Runner[1371:144542] <XCTWaiter: 0x107ff8180> entering wait loop for 65.00s with expectations: `fetching snapshot from testmanagerd.`
23:27:46.449 WebDriverAgentRunner-Runner[1371:144564] Got snapshot response with runtime issue support from testmanagerd.
23:27:46.450 WebDriverAgentRunner-Runner[1371:144542] Returning result XCTWaiterResultCompleted for synchronous waiter <XCTWaiter: 0x107ff8180>
23:27:46.450 WebDriverAgentRunner-Runner[1371:144542] Wait <XCTWaiterWait: 0x112c93e00> completed after 0.264s
23:27:46.450 WebDriverAgentRunner-Runner[1371:144542] cleaning up fetching snapshot from testmanagerd.
23:27:46.450 WebDriverAgentRunner-Runner[1371:144542] <XCTContext: 0x104595720> finished activity <XCActivityRecord: 0x10752eb50> 2026-07-19 16:27:46 +0000: Requesting snapshot of accessibility hierarchy for app with pid 174 (0.265485s)
23:27:46.450 WebDriverAgentRunner-Runner[1371:144542] Found matches {(
    App element pid: 174
)} with root App element pid: 174
23:27:46.451 WebDriverAgentRunner-Runner[1371:144542] <XCTContext: 0x104595720> finished activity <XCActivityRecord: 0x10752eae0> 2026-07-19 16:27:46 +0000: Find the Application 'com.apple.springboard' (0.2684s)
23:27:46.451 WebDriverAgentRunner-Runner[1371:144542] Creating future for 'checking for continuity enablement' with timeout 30.00
23:27:46.451 WebDriverAgentRunner-Runner[1371:144542] <XCTWaiter: 0x107ffa220> entering wait loop for 30.00s with expectations: `checking for continuity enablement`
23:27:46.452 WebDriverAgentRunner-Runner[1371:144542] Returning result XCTWaiterResultCompleted for synchronous waiter <XCTWaiter: 0x107ffa220>
23:27:46.452 WebDriverAgentRunner-Runner[1371:144542] Wait <XCTWaiterWait: 0x112d93e80> completed after 0.001s
23:27:46.452 WebDriverAgentRunner-Runner[1371:144542] cleaning up checking for continuity enablement
23:27:46.453 WebDriverAgentRunner-Runner[1371:144542] Creating future for 'fetching attributes 'XC_kAXXCAttributeFrame', 'XC_kAXXCAttributeWindowDisplayId', 'XC_kAXXCAttributeWindowContextId' for App element pid: 174' with timeout 30.00
23:27:46.453 WebDriverAgentRunner-Runner[1371:144542] <XCTWaiter: 0x107ffa4f0> entering wait loop for 30.00s with expectations: `fetching attributes 'XC_kAXXCAttributeFrame', 'XC_kAXXCAttributeWindowDisplayId', 'XC_kAXXCAttributeWindowContextId' for App element pid: 174`
23:27:46.455 WebDriverAgentRunner-Runner[1371:144542] Returning result XCTWaiterResultCompleted for synchronous waiter <XCTWaiter: 0x107ffa4f0>
23:27:46.455 WebDriverAgentRunner-Runner[1371:144542] Wait <XCTWaiterWait: 0x112d92ac0> completed after 0.002s
23:27:46.455 WebDriverAgentRunner-Runner[1371:144542] cleaning up fetching attributes 'XC_kAXXCAttributeFrame', 'XC_kAXXCAttributeWindowDisplayId', 'XC_kAXXCAttributeWindowContextId' for App element pid: 174
23:27:46.455 WebDriverAgentRunner-Runner[1371:144542] App element pid: 174 (App element pid: 174) faulted in {
    "XC_kAXXCAttributeFrame" =     {
        Height = 1366;
        Width = 1024;
        X = 0;
        Y = 0;
    };
    "XC_kAXXCAttributeWindowContextId" = 419046886;
    "XC_kAXXCAttributeWindowDisplayId" = 0;
}: (no error) for frame using XC_kAXXCAttributeFrame, XC_kAXXCAttributeWindowDisplayId, XC_kAXXCAttributeWindowContextId
23:27:46.455 WebDriverAgentRunner-Runner[1371:144542] Creating future for 'checking for continuity enablement' with timeout 30.00
23:27:46.455 WebDriverAgentRunner-Runner[1371:144542] <XCTWaiter: 0x107ff8a20> entering wait loop for 30.00s with expectations: `checking for continuity enablement`
23:27:46.456 WebDriverAgentRunner-Runner[1371:144542] Returning result XCTWaiterResultCompleted for synchronous waiter <XCTWaiter: 0x107ff8a20>
23:27:46.456 WebDriverAgentRunner-Runner[1371:144542] Wait <XCTWaiterWait: 0x112d93240> completed after 0.001s
23:27:46.457 WebDriverAgentRunner-Runner[1371:144542] cleaning up checking for continuity enablement
23:27:46.457 WebDriverAgentRunner-Runner[1371:144542] Creating future for 'fetching attributes 'XC_kAXXCAttributeElementType', 'XC_kAXXCAttributeElementBaseType', 'XC_kAXXCAttributeTraits', 'XC_kAXXCAttributeAutomationType' for App element pid: 174' with timeout 30.00
23:27:46.457 WebDriverAgentRunner-Runner[1371:144542] <XCTWaiter: 0x107ff8e40> entering wait loop for 30.00s with expectations: `fetching attributes 'XC_kAXXCAttributeElementType', 'XC_kAXXCAttributeElementBaseType', 'XC_kAXXCAttributeTraits', 'XC_kAXXCAttributeAutomationType' for App element pid: 174`
23:27:46.459 WebDriverAgentRunner-Runner[1371:144542] Returning result XCTWaiterResultCompleted for synchronous waiter <XCTWaiter: 0x107ff8e40>
23:27:46.459 WebDriverAgentRunner-Runner[1371:144542] Wait <XCTWaiterWait: 0x112d935c0> completed after 0.002s
23:27:46.459 WebDriverAgentRunner-Runner[1371:144542] cleaning up fetching attributes 'XC_kAXXCAttributeElementType', 'XC_kAXXCAttributeElementBaseType', 'XC_kAXXCAttributeTraits', 'XC_kAXXCAttributeAutomationType' for App element pid: 174
23:27:46.459 WebDriverAgentRunner-Runner[1371:144542] App element pid: 174 (App element pid: 174) faulted in {
    "XC_kAXXCAttributeAutomationType" = 1;
    "XC_kAXXCAttributeElementBaseType" = UISystemShellApplication;
    "XC_kAXXCAttributeElementType" = SpringBoard;
    "XC_kAXXCAttributeTraits" = 0;
}: (no error) for elementType using XC_kAXXCAttributeElementType, XC_kAXXCAttributeElementBaseType, XC_kAXXCAttributeTraits, XC_kAXXCAttributeAutomationType
23:27:46.459 WebDriverAgentRunner-Runner[1371:144542] Preferring automation type 2 instead of legacy element type OTHER derived from class/trait: SpringBoard:UISystemShellApplication 0
23:27:46.459 WebDriverAgentRunner-Runner[1371:144542] Uncaptured runtime issue reported: Automation type mismatch: computed Other from legacy attributes vs Application from modern attribute.
23:27:46.459 WebDriverAgentRunner-Runner[1371:144542] Computed elementType Application.
23:27:46.459 WebDriverAgentRunner-Runner[1371:144542] Creating future for 'getting interface orientation' with timeout 65.00
23:27:46.459 WebDriverAgentRunner-Runner[1371:144542] <XCTWaiter: 0x107ff8de0> entering wait loop for 65.00s with expectations: `getting interface orientation`
23:27:46.460 WebDriverAgentRunner-Runner[1371:144542] Returning result XCTWaiterResultCompleted for synchronous waiter <XCTWaiter: 0x107ff8de0>
23:27:46.460 WebDriverAgentRunner-Runner[1371:144542] Wait <XCTWaiterWait: 0x112d92080> completed after 0.001s
23:27:46.460 WebDriverAgentRunner-Runner[1371:144542] cleaning up getting interface orientation
23:27:46.460 WebDriverAgentRunner-Runner[1371:144542] Creating future for 'checking for continuity enablement' with timeout 30.00
23:27:46.460 WebDriverAgentRunner-Runner[1371:144542] <XCTWaiter: 0x107ff8180> entering wait loop for 30.00s with expectations: `checking for continuity enablement`
23:27:46.461 WebDriverAgentRunner-Runner[1371:144542] Returning result XCTWaiterResultCompleted for synchronous waiter <XCTWaiter: 0x107ff8180>
23:27:46.461 WebDriverAgentRunner-Runner[1371:144542] Wait <XCTWaiterWait: 0x112d93b80> completed after 0.001s
23:27:46.461 WebDriverAgentRunner-Runner[1371:144542] cleaning up checking for continuity enablement
23:27:46.462 WebDriverAgentRunner-Runner[1371:144542] Creating future for 'fetching attributes 'XC_kAXXCAttributeWindowDisplayId' for App element pid: 174' with timeout 30.00
23:27:46.462 WebDriverAgentRunner-Runner[1371:144542] <XCTWaiter: 0x107ffa550> entering wait loop for 30.00s with expectations: `fetching attributes 'XC_kAXXCAttributeWindowDisplayId' for App element pid: 174`
23:27:46.463 WebDriverAgentRunner-Runner[1371:144542] Returning result XCTWaiterResultCompleted for synchronous waiter <XCTWaiter: 0x107ffa550>
23:27:46.463 WebDriverAgentRunner-Runner[1371:144542] Wait <XCTWaiterWait: 0x112d912c0> completed after 0.001s
23:27:46.463 WebDriverAgentRunner-Runner[1371:144542] cleaning up fetching attributes 'XC_kAXXCAttributeWindowDisplayId' for App element pid: 174
23:27:46.463 WebDriverAgentRunner-Runner[1371:144542] Application, pid: 174 (App element pid: 174) faulted in {
    "XC_kAXXCAttributeWindowDisplayId" = 0;
}: (no error) for displayID using XC_kAXXCAttributeWindowDisplayId
23:27:46.463 WebDriverAgentRunner-Runner[1371:144542] Fetched display ID for Application, pid: 174 was 0, checked nearest remote ancestor (null), got (null)
23:27:46.464 WebDriverAgentRunner-Runner[1371:144542] Creating future for 'getting screen identifiers' with timeout 30.00
23:27:46.464 WebDriverAgentRunner-Runner[1371:144542] <XCTWaiter: 0x107ffa3a0> entering wait loop for 30.00s with expectations: `getting screen identifiers`
23:27:46.464 WebDriverAgentRunner-Runner[1371:144542] Returning result XCTWaiterResultCompleted for synchronous waiter <XCTWaiter: 0x107ffa3a0>
23:27:46.464 WebDriverAgentRunner-Runner[1371:144542] Wait <XCTWaiterWait: 0x112d902c0> completed after 0.000s
23:27:46.464 WebDriverAgentRunner-Runner[1371:144542] cleaning up getting screen identifiers
23:27:46.464 WebDriverAgentRunner-Runner[1371:144542] Creating future for 'getting screen bounds' with timeout 30.00
23:27:46.464 WebDriverAgentRunner-Runner[1371:144542] <XCTWaiter: 0x107ffa4c0> entering wait loop for 30.00s with expectations: `getting screen bounds`
23:27:46.464 WebDriverAgentRunner-Runner[1371:144542] Returning result XCTWaiterResultCompleted for synchronous waiter <XCTWaiter: 0x107ffa4c0>
23:27:46.464 WebDriverAgentRunner-Runner[1371:144542] Wait <XCTWaiterWait: 0x112d90b80> completed after 0.000s
23:27:46.464 WebDriverAgentRunner-Runner[1371:144542] cleaning up getting screen bounds
23:27:46.464 WebDriverAgentRunner-Runner[1371:144542] Creating future for 'getting screen scale' with timeout 30.00
23:27:46.465 WebDriverAgentRunner-Runner[1371:144542] <XCTWaiter: 0x107ffae80> entering wait loop for 30.00s with expectations: `getting screen scale`
23:27:46.465 WebDriverAgentRunner-Runner[1371:144542] Returning result XCTWaiterResultCompleted for synchronous waiter <XCTWaiter: 0x107ffae80>
23:27:46.465 WebDriverAgentRunner-Runner[1371:144542] Wait <XCTWaiterWait: 0x112d90b80> completed after 0.000s
23:27:46.465 WebDriverAgentRunner-Runner[1371:144542] cleaning up getting screen scale
23:27:46.465 WebDriverAgentRunner-Runner[1371:144542] Creating future for 'checking for continuity enablement' with timeout 30.00
23:27:46.465 WebDriverAgentRunner-Runner[1371:144542] <XCTWaiter: 0x107ffb1b0> entering wait loop for 30.00s with expectations: `checking for continuity enablement`
23:27:46.466 WebDriverAgentRunner-Runner[1371:144542] Returning result XCTWaiterResultCompleted for synchronous waiter <XCTWaiter: 0x107ffb1b0>
23:27:46.466 WebDriverAgentRunner-Runner[1371:144542] Wait <XCTWaiterWait: 0x112d91800> completed after 0.001s
23:27:46.466 WebDriverAgentRunner-Runner[1371:144542] cleaning up checking for continuity enablement
23:27:46.466 WebDriverAgentRunner-Runner[1371:144542] Creating future for 'fetching attributes 'XC_kAXXCAttributeWindowDisplayId' for App element pid: 174' with timeout 30.00
23:27:46.466 WebDriverAgentRunner-Runner[1371:144542] <XCTWaiter: 0x107ffb630> entering wait loop for 30.00s with expectations: `fetching attributes 'XC_kAXXCAttributeWindowDisplayId' for App element pid: 174`
23:27:46.468 WebDriverAgentRunner-Runner[1371:144542] Returning result XCTWaiterResultCompleted for synchronous waiter <XCTWaiter: 0x107ffb630>
23:27:46.468 WebDriverAgentRunner-Runner[1371:144542] Wait <XCTWaiterWait: 0x112d91e40> completed after 0.002s
23:27:46.468 WebDriverAgentRunner-Runner[1371:144542] cleaning up fetching attributes 'XC_kAXXCAttributeWindowDisplayId' for App element pid: 174
23:27:46.468 WebDriverAgentRunner-Runner[1371:144542] Application, pid: 174 (App element pid: 174) faulted in {
    "XC_kAXXCAttributeWindowDisplayId" = 0;
}: (no error) for displayID using XC_kAXXCAttributeWindowDisplayId
23:27:46.468 WebDriverAgentRunner-Runner[1371:144542] Fetched display ID for Application, pid: 174 was 0, checked nearest remote ancestor (null), got (null)
23:27:46.468 WebDriverAgentRunner-Runner[1371:144542] Creating future for 'getting interface orientation' with timeout 65.00
23:27:46.468 WebDriverAgentRunner-Runner[1371:144542] <XCTWaiter: 0x107ffbd80> entering wait loop for 65.00s with expectations: `getting interface orientation`
23:27:46.469 WebDriverAgentRunner-Runner[1371:144542] Returning result XCTWaiterResultCompleted for synchronous waiter <XCTWaiter: 0x107ffbd80>
23:27:46.469 WebDriverAgentRunner-Runner[1371:144542] Wait <XCTWaiterWait: 0x112d901c0> completed after 0.001s
23:27:46.469 WebDriverAgentRunner-Runner[1371:144542] cleaning up getting interface orientation
23:27:46.469 WebDriverAgentRunner-Runner[1371:144542] <XCTContext: 0x104595720> started activity <XCActivityRecord: 0x10752eca0> 2026-07-19 16:27:46 +0000: Find the Application 'com.apple.springboard'
    t =   150.45s         Find the Application 'com.apple.springboard'
23:27:46.470 WebDriverAgentRunner-Runner[1371:144542] Executing query:

23:27:46.470 WebDriverAgentRunner-Runner[1371:144542] Creating future for 'checking for continuity enablement' with timeout 30.00
23:27:46.470 WebDriverAgentRunner-Runner[1371:144542] <XCTWaiter: 0x112d9a7c0> entering wait loop for 30.00s with expectations: `checking for continuity enablement`
23:27:46.471 WebDriverAgentRunner-Runner[1371:144542] Returning result XCTWaiterResultCompleted for synchronous waiter <XCTWaiter: 0x112d9a7c0>
23:27:46.471 WebDriverAgentRunner-Runner[1371:144542] Wait <XCTWaiterWait: 0x112d92880> completed after 0.001s
23:27:46.471 WebDriverAgentRunner-Runner[1371:144542] cleaning up checking for continuity enablement
23:27:46.471 WebDriverAgentRunner-Runner[1371:144542] Should evaluate query remotely? XCTDisableRemoteQueryEvaluation(d-write): YES, hasAutomationSession: YES, supportsRemoteEvaluation: YES
23:27:46.471 WebDriverAgentRunner-Runner[1371:144542] Getting matching snapshots for locally evaluated query
23:27:46.471 WebDriverAgentRunner-Runner[1371:144542] Evaluating query:
 
23:27:46.471 WebDriverAgentRunner-Runner[1371:144542] Getting root element snapshot
23:27:46.471 WebDriverAgentRunner-Runner[1371:144542] Getting snapshot for App element pid: 174 for query 
23:27:46.471 WebDriverAgentRunner-Runner[1371:144542] <XCTContext: 0x104595720> started activity <XCActivityRecord: 0x10752ed10> 2026-07-19 16:27:46 +0000: Requesting snapshot of accessibility hierarchy for app with pid 174
23:27:46.472 WebDriverAgentRunner-Runner[1371:144542] Query requires iOS snapshot attributes .
23:27:46.472 WebDriverAgentRunner-Runner[1371:144542] XCUIElementQuery <XCTElementSnapshotProvider> getting snapshot
23:27:46.472 WebDriverAgentRunner-Runner[1371:144542] Snapshot request has custom attributes 
23:27:46.472 WebDriverAgentRunner-Runner[1371:144542] Snapshot request has custom parameters {
    snapshotKeyHonorModalViews = 0;
}
23:27:46.472 WebDriverAgentRunner-Runner[1371:144542] Current snapshot generation is 596
23:27:46.472 WebDriverAgentRunner-Runner[1371:144542] Query rootElementSnapshot is non-null with generation count 585
23:27:46.472 WebDriverAgentRunner-Runner[1371:144542] Capturing a new snapshot
23:27:46.472 WebDriverAgentRunner-Runner[1371:144542] Fetching snapshot for App element pid: 174 from testmanagerd with attributes XC_kAXXCAttributeElementType, XC_kAXXCAttributeElementBaseType, XC_kAXXCAttributeParent, XC_kAXXCAttributeIdentifier, XC_kAXXCAttributeAutomationType, XC_kAXXCAttributeTraits and parameters {
    maxArrayCount = 2147483647;
    maxChildren = 2147483647;
    maxDepth = 50;
    snapshotKeyHonorModalViews = 0;
    traverseFromParentsToChildren = 1;
}.
23:27:46.472 WebDriverAgentRunner-Runner[1371:144542] Creating future for 'fetching snapshot from testmanagerd.' with timeout 65.00
23:27:46.472 WebDriverAgentRunner-Runner[1371:144542] <XCTWaiter: 0x112d99b60> entering wait loop for 65.00s with expectations: `fetching snapshot from testmanagerd.`
    t =   150.45s             Requesting snapshot of accessibility hierarchy for app with pid 174
23:27:46.724 WebDriverAgentRunner-Runner[1371:144564] Got snapshot response with runtime issue support from testmanagerd.
23:27:46.724 WebDriverAgentRunner-Runner[1371:144542] Returning result XCTWaiterResultCompleted for synchronous waiter <XCTWaiter: 0x112d99b60>
23:27:46.724 WebDriverAgentRunner-Runner[1371:144542] Wait <XCTWaiterWait: 0x112d90d40> completed after 0.252s
23:27:46.725 WebDriverAgentRunner-Runner[1371:144542] cleaning up fetching snapshot from testmanagerd.
23:27:46.725 WebDriverAgentRunner-Runner[1371:144542] <XCTContext: 0x104595720> finished activity <XCActivityRecord: 0x10752ed10> 2026-07-19 16:27:46 +0000: Requesting snapshot of accessibility hierarchy for app with pid 174 (0.253461s)
23:27:46.725 WebDriverAgentRunner-Runner[1371:144542] Found matches {(
    App element pid: 174
)} with root App element pid: 174
23:27:46.726 WebDriverAgentRunner-Runner[1371:144542] <XCTContext: 0x104595720> finished activity <XCActivityRecord: 0x10752eca0> 2026-07-19 16:27:46 +0000: Find the Application 'com.apple.springboard' (0.256254s)
23:27:46.726 WebDriverAgentRunner-Runner[1371:144542] Creating future for 'checking for continuity enablement' with timeout 30.00
23:27:46.726 WebDriverAgentRunner-Runner[1371:144542] <XCTWaiter: 0x112de0570> entering wait loop for 30.00s with expectations: `checking for continuity enablement`
23:27:46.727 WebDriverAgentRunner-Runner[1371:144542] Returning result XCTWaiterResultCompleted for synchronous waiter <XCTWaiter: 0x112de0570>
23:27:46.727 WebDriverAgentRunner-Runner[1371:144542] Wait <XCTWaiterWait: 0x112de8340> completed after 0.001s
23:27:46.727 WebDriverAgentRunner-Runner[1371:144542] cleaning up checking for continuity enablement
23:27:46.727 WebDriverAgentRunner-Runner[1371:144542] Creating future for 'fetching attributes 'XC_kAXXCAttributeFrame', 'XC_kAXXCAttributeWindowDisplayId', 'XC_kAXXCAttributeWindowContextId' for App element pid: 174' with timeout 30.00
23:27:46.727 WebDriverAgentRunner-Runner[1371:144542] <XCTWaiter: 0x112de06c0> entering wait loop for 30.00s with expectations: `fetching attributes 'XC_kAXXCAttributeFrame', 'XC_kAXXCAttributeWindowDisplayId', 'XC_kAXXCAttributeWindowContextId' for App element pid: 174`
23:27:46.730 WebDriverAgentRunner-Runner[1371:144542] Returning result XCTWaiterResultCompleted for synchronous waiter <XCTWaiter: 0x112de06c0>
23:27:46.730 WebDriverAgentRunner-Runner[1371:144542] Wait <XCTWaiterWait: 0x112de8840> completed after 0.003s
23:27:46.730 WebDriverAgentRunner-Runner[1371:144542] cleaning up fetching attributes 'XC_kAXXCAttributeFrame', 'XC_kAXXCAttributeWindowDisplayId', 'XC_kAXXCAttributeWindowContextId' for App element pid: 174
23:27:46.730 WebDriverAgentRunner-Runner[1371:144542] App element pid: 174 (App element pid: 174) faulted in {
    "XC_kAXXCAttributeFrame" =     {
        Height = 1366;
        Width = 1024;
        X = 0;
        Y = 0;
    };
    "XC_kAXXCAttributeWindowContextId" = 419046886;
    "XC_kAXXCAttributeWindowDisplayId" = 0;
}: (no error) for frame using XC_kAXXCAttributeFrame, XC_kAXXCAttributeWindowDisplayId, XC_kAXXCAttributeWindowContextId
23:27:46.731 WebDriverAgentRunner-Runner[1371:144542] Creating future for 'checking for continuity enablement' with timeout 30.00
23:27:46.731 WebDriverAgentRunner-Runner[1371:144542] <XCTWaiter: 0x112de08a0> entering wait loop for 30.00s with expectations: `checking for continuity enablement`
23:27:46.731 WebDriverAgentRunner-Runner[1371:144542] Returning result XCTWaiterResultCompleted for synchronous waiter <XCTWaiter: 0x112de08a0>
23:27:46.732 WebDriverAgentRunner-Runner[1371:144542] Wait <XCTWaiterWait: 0x112de8540> completed after 0.001s
23:27:46.732 WebDriverAgentRunner-Runner[1371:144542] cleaning up checking for continuity enablement
23:27:46.732 WebDriverAgentRunner-Runner[1371:144542] Creating future for 'fetching attributes 'XC_kAXXCAttributeElementType', 'XC_kAXXCAttributeElementBaseType', 'XC_kAXXCAttributeTraits', 'XC_kAXXCAttributeAutomationType' for App element pid: 174' with timeout 30.00
23:27:46.732 WebDriverAgentRunner-Runner[1371:144542] <XCTWaiter: 0x112de0b40> entering wait loop for 30.00s with expectations: `fetching attributes 'XC_kAXXCAttributeElementType', 'XC_kAXXCAttributeElementBaseType', 'XC_kAXXCAttributeTraits', 'XC_kAXXCAttributeAutomationType' for App element pid: 174`
23:27:46.734 WebDriverAgentRunner-Runner[1371:144542] Returning result XCTWaiterResultCompleted for synchronous waiter <XCTWaiter: 0x112de0b40>
23:27:46.735 WebDriverAgentRunner-Runner[1371:144542] Wait <XCTWaiterWait: 0x112de8240> completed after 0.003s
23:27:46.735 WebDriverAgentRunner-Runner[1371:144542] cleaning up fetching attributes 'XC_kAXXCAttributeElementType', 'XC_kAXXCAttributeElementBaseType', 'XC_kAXXCAttributeTraits', 'XC_kAXXCAttributeAutomationType' for App element pid: 174
23:27:46.735 WebDriverAgentRunner-Runner[1371:144542] App element pid: 174 (App element pid: 174) faulted in {
    "XC_kAXXCAttributeAutomationType" = 1;
    "XC_kAXXCAttributeElementBaseType" = UISystemShellApplication;
    "XC_kAXXCAttributeElementType" = SpringBoard;
    "XC_kAXXCAttributeTraits" = 0;
}: (no error) for elementType using XC_kAXXCAttributeElementType, XC_kAXXCAttributeElementBaseType, XC_kAXXCAttributeTraits, XC_kAXXCAttributeAutomationType
23:27:46.735 WebDriverAgentRunner-Runner[1371:144542] Preferring automation type 2 instead of legacy element type OTHER derived from class/trait: SpringBoard:UISystemShellApplication 0
23:27:46.735 WebDriverAgentRunner-Runner[1371:144542] Uncaptured runtime issue reported: Automation type mismatch: computed Other from legacy attributes vs Application from modern attribute.
23:27:46.735 WebDriverAgentRunner-Runner[1371:144542] Computed elementType Application.
23:27:46.735 WebDriverAgentRunner-Runner[1371:144542] Creating future for 'checking for continuity enablement' with timeout 30.00
23:27:46.735 WebDriverAgentRunner-Runner[1371:144542] <XCTWaiter: 0x112de0fc0> entering wait loop for 30.00s with expectations: `checking for continuity enablement`
23:27:46.736 WebDriverAgentRunner-Runner[1371:144542] Returning result XCTWaiterResultCompleted for synchronous waiter <XCTWaiter: 0x112de0fc0>
23:27:46.736 WebDriverAgentRunner-Runner[1371:144542] Wait <XCTWaiterWait: 0x112de8c00> completed after 0.001s
23:27:46.736 WebDriverAgentRunner-Runner[1371:144542] cleaning up checking for continuity enablement
23:27:46.736 WebDriverAgentRunner-Runner[1371:144542] Creating future for 'fetching attributes 'XC_kAXXCAttributeSystemAutomationProperties' for App element pid: 174' with timeout 30.00
23:27:46.736 WebDriverAgentRunner-Runner[1371:144542] <XCTWaiter: 0x112de1200> entering wait loop for 30.00s with expectations: `fetching attributes 'XC_kAXXCAttributeSystemAutomationProperties' for App element pid: 174`
23:27:46.738 WebDriverAgentRunner-Runner[1371:144542] Returning result XCTWaiterResultCompleted for synchronous waiter <XCTWaiter: 0x112de1200>
23:27:46.738 WebDriverAgentRunner-Runner[1371:144542] Wait <XCTWaiterWait: 0x112de8d40> completed after 0.002s
23:27:46.738 WebDriverAgentRunner-Runner[1371:144542] cleaning up fetching attributes 'XC_kAXXCAttributeSystemAutomationProperties' for App element pid: 174
23:27:46.738 WebDriverAgentRunner-Runner[1371:144542] Application, pid: 174 (App element pid: 174) faulted in {
}: (no error) for systemAutomationProperties using XC_kAXXCAttributeSystemAutomationProperties
23:27:46.738 WebDriverAgentRunner-Runner[1371:144542] Requesting local synthesis of event: 
<XCSynthesizedEventRecord 'tap display 0'>
Path 1:
	Touch down at 1242.0, 517.0, offset=0.00s
	Touch up at 1242.0, 517.0, offset=0.05s
23:27:46.739 WebDriverAgentRunner-Runner[1371:144542] Event upper bound on duration 30.05
23:27:46.739 WebDriverAgentRunner-Runner[1371:144542] Computed timeout 30.05 for future for 'synthesizing event'
23:27:46.739 WebDriverAgentRunner-Runner[1371:144542] <XCTWaiter: 0x112de1590> entering wait loop for 30.05s with expectations: `synthesizing event`
23:27:46.853 WebDriverAgentRunner-Runner[1371:145832] Handling kAXPidStatusChangedNotification
23:27:46.854 WebDriverAgentRunner-Runner[1371:145832] Got kAXPidStatusChangedNotification for pid 303: active
23:27:46.855 WebDriverAgentRunner-Runner[1371:145832] Handling kAXUserTestingNotification
23:27:46.857 WebDriverAgentRunner-Runner[1371:145832] Received kAXUserTestingNotification from AX element pid: 308, elementOrHash.elementID: 0.1: {
    controllerClass = "WidgetRenderer.WidgetSceneContentViewController";
    event = ViewDidAppear;
}
23:27:46.857 WebDriverAgentRunner-Runner[1371:144542] No application process found matching pid 303, caching
23:27:46.858 WebDriverAgentRunner-Runner[1371:145832] Handling kAXUserTestingNotification
23:27:46.858 WebDriverAgentRunner-Runner[1371:145832] Received kAXUserTestingNotification from AX element pid: 308, elementOrHash.elementID: 0.1: {
    controllerClass = "WidgetRenderer.SecureHostingController";
    event = ViewDidAppear;
}
23:27:46.858 WebDriverAgentRunner-Runner[1371:145832] Handling kAXUserTestingNotification
23:27:46.858 WebDriverAgentRunner-Runner[1371:145832] Received kAXUserTestingNotification from AX element pid: 174, elementOrHash.elementID: 0.1: {
    event = TouchEventsCompleted;
}
23:27:46.859 WebDriverAgentRunner-Runner[1371:145832] Handling kAXUserTestingNotification
23:27:46.861 WebDriverAgentRunner-Runner[1371:145832] Received kAXUserTestingNotification from AX element pid: 174, elementOrHash.elementID: 0.1: {
    controllerClass = SBHLibraryIconViewController;
    event = ViewDidAppear;
}
23:27:46.862 WebDriverAgentRunner-Runner[1371:145832] Handling kAXUserTestingNotification
23:27:46.865 WebDriverAgentRunner-Runner[1371:145832] Received kAXUserTestingNotification from AX element pid: 174, elementOrHash.elementID: 0.1: {
    event = TouchEventsCompleted;
}
23:27:46.866 WebDriverAgentRunner-Runner[1371:145832] Handling kAXUserTestingNotification
23:27:46.866 WebDriverAgentRunner-Runner[1371:145832] Received kAXUserTestingNotification from AX element pid: 308, elementOrHash.elementID: 0.1: {
    controllerClass = "WidgetRenderer.WidgetSceneContentViewController";
    event = ViewDidAppear;
}
23:27:46.866 WebDriverAgentRunner-Runner[1371:145832] Handling kAXUserTestingNotification
23:27:46.867 WebDriverAgentRunner-Runner[1371:145832] Received kAXUserTestingNotification from AX element pid: 308, elementOrHash.elementID: 0.1: {
    controllerClass = "WidgetRenderer.SecureHostingController";
    event = ViewDidAppear;
}
23:27:46.868 WebDriverAgentRunner-Runner[1371:145832] Handling kAXUserTestingNotification
23:27:46.869 WebDriverAgentRunner-Runner[1371:145832] Received kAXUserTestingNotification from AX element pid: 308, elementOrHash.elementID: 0.1: {
    controllerClass = "WidgetRenderer.WidgetSceneContentViewController";
    event = ViewDidAppear;
}
23:27:46.869 WebDriverAgentRunner-Runner[1371:145832] Handling kAXUserTestingNotification
23:27:46.869 WebDriverAgentRunner-Runner[1371:145832] Received kAXUserTestingNotification from AX element pid: 308, elementOrHash.elementID: 0.1: {
    controllerClass = "WidgetRenderer.SecureHostingController";
    event = ViewDidAppear;
}
23:27:46.869 WebDriverAgentRunner-Runner[1371:145832] Handling kAXUserTestingNotification
23:27:46.869 WebDriverAgentRunner-Runner[1371:145832] Received kAXUserTestingNotification from AX element pid: 308, elementOrHash.elementID: 0.1: {
    controllerClass = "WidgetRenderer.WidgetSceneContentViewController";
    event = ViewDidAppear;
}
23:27:46.870 WebDriverAgentRunner-Runner[1371:145197] Handling kAXUserTestingNotification
23:27:46.870 WebDriverAgentRunner-Runner[1371:145197] Received kAXUserTestingNotification from AX element pid: 308, elementOrHash.elementID: 0.1: {
    controllerClass = "WidgetRenderer.SecureHostingController";
    event = ViewDidAppear;
}
23:27:47.016 WebDriverAgentRunner-Runner[1371:145837] Got event completion callback
23:27:47.016 WebDriverAgentRunner-Runner[1371:144542] Returning result XCTWaiterResultCompleted for synchronous waiter <XCTWaiter: 0x112de1590>
23:27:47.016 WebDriverAgentRunner-Runner[1371:144542] Wait <XCTWaiterWait: 0x112de8f40> completed after 0.277s
23:27:47.016 WebDriverAgentRunner-Runner[1371:144542] cleaning up synthesizing event
23:27:47.016 WebDriverAgentRunner-Runner[1371:144542] Cancelation not currently supported for daemon event requests - this is a no-op.
23:27:47.016 WebDriverAgentRunner-Runner[1371:144542] Creating future for 'getting screen scale' with timeout 30.00
23:27:47.017 WebDriverAgentRunner-Runner[1371:144542] <XCTWaiter: 0x112de1b00> entering wait loop for 30.00s with expectations: `getting screen scale`
23:27:47.017 WebDriverAgentRunner-Runner[1371:144542] Returning result XCTWaiterResultCompleted for synchronous waiter <XCTWaiter: 0x112de1b00>
23:27:47.017 WebDriverAgentRunner-Runner[1371:144542] Wait <XCTWaiterWait: 0x112de9280> completed after 0.000s
23:27:47.017 WebDriverAgentRunner-Runner[1371:144542] cleaning up getting screen scale
23:27:47.017 WebDriverAgentRunner-Runner[1371:144542] Event synthesis future completed in 0.28s
23:27:47.017 WebDriverAgentRunner-Runner[1371:144542] <XCTContext: 0x104595720> finished activity <XCActivityRecord: 0x10752e7d0> 2026-07-19 16:27:45 +0000: Synthesize event (1.11805s)
23:27:47.018 WebDriverAgentRunner-Runner[1371:144542] Overriding application state timeout, 60.0 -> 10.0
23:27:47.018 WebDriverAgentRunner-Runner[1371:144542] <XCTContext: 0x104595720> started activity <XCActivityRecord: 0x10752e840> 2026-07-19 16:27:47 +0000: Wait for com.apple.springboard to idle
23:27:47.019 WebDriverAgentRunner-Runner[1371:144542] Creating future for 'getting screen identifiers' with timeout 30.00
23:27:47.019 WebDriverAgentRunner-Runner[1371:144542] <XCTWaiter: 0x112de0660> entering wait loop for 30.00s with expectations: `getting screen identifiers`
23:27:47.019 WebDriverAgentRunner-Runner[1371:144542] Returning result XCTWaiterResultCompleted for synchronous waiter <XCTWaiter: 0x112de0660>
23:27:47.019 WebDriverAgentRunner-Runner[1371:144542] Wait <XCTWaiterWait: 0x112de8ac0> completed after 0.000s
23:27:47.019 WebDriverAgentRunner-Runner[1371:144542] cleaning up getting screen identifiers
23:27:47.019 WebDriverAgentRunner-Runner[1371:144542] Waiting for com.apple.springboard (PID 174) quiescence...
23:27:47.019 WebDriverAgentRunner-Runner[1371:145817] com.apple.springboard (pid:174) eventLoopHasIdled YES -> NO
23:27:47.019 WebDriverAgentRunner-Runner[1371:145817] Posting KVO notifications for eventLoopHasIdled
23:27:47.019 WebDriverAgentRunner-Runner[1371:144542] Requesting main run loop idle notification using automation session for com.apple.springboard (pid:174)
23:27:47.020 WebDriverAgentRunner-Runner[1371:145837] com.apple.springboard (pid:174) animationsHaveFinished YES -> NO
23:27:47.020 WebDriverAgentRunner-Runner[1371:145837] Posting KVO notifications for animationsHaveFinished
23:27:47.020 WebDriverAgentRunner-Runner[1371:144542] Requesting animations idle notification using automation session for com.apple.springboard (pid:174)
23:27:47.020 WebDriverAgentRunner-Runner[1371:145197] Got event loop idle reply for com.apple.springboard (PID 174)
23:27:47.020 WebDriverAgentRunner-Runner[1371:144542] Waiting on quiescence state variables
23:27:47.020 WebDriverAgentRunner-Runner[1371:145197] Event loop is idle.
23:27:47.020 WebDriverAgentRunner-Runner[1371:145197] com.apple.springboard (pid:174) eventLoopHasIdled NO -> YES
23:27:47.020 WebDriverAgentRunner-Runner[1371:144542] KVO change: checked status of Expect value of 'foreground' of com.apple.springboard (pid:174) to be '0': fulfill=NO
23:27:47.020 WebDriverAgentRunner-Runner[1371:145197] Posting KVO notifications for eventLoopHasIdled
23:27:47.021 WebDriverAgentRunner-Runner[1371:144542] KVO change: checked status of Expect value of 'foreground' of com.apple.springboard (pid:174) to be '0': fulfill=NO
23:27:47.021 WebDriverAgentRunner-Runner[1371:144542] isQuiescent: self.eventLoopHasIdled: YES && self.animationsHaveFinished: NO
23:27:47.021 WebDriverAgentRunner-Runner[1371:144542] KVO change: checked status of Expect value of 'isQuiescent' of com.apple.springboard (pid:174) to be '1': fulfill=NO
23:27:47.021 WebDriverAgentRunner-Runner[1371:144542] isQuiescent: self.eventLoopHasIdled: YES && self.animationsHaveFinished: NO
    t =   150.99s     Wait for com.apple.springboard to idle
23:27:47.021 WebDriverAgentRunner-Runner[1371:144542] KVO change: checked status of Expect value of 'isQuiescent' of com.apple.springboard (pid:174) to be '1': fulfill=NO
23:27:47.021 WebDriverAgentRunner-Runner[1371:144542] Not fulfilling (Expect value of 'foreground' of com.apple.springboard (pid:174) to be '0' OR Expect value of 'isQuiescent' of com.apple.springboard (pid:174) to be '1') because no subexpectations are fulfilled
23:27:47.022 WebDriverAgentRunner-Runner[1371:144542] <XCTWaiter: 0x112de19e0> entering wait loop for 10.00s with expectations: `(Expect value of 'foreground' of com.apple.springboard (pid:174) to be '0' OR Expect value of 'isQuiescent' of com.apple.springboard (pid:174) to be '1')`
23:27:47.513 WebDriverAgentRunner-Runner[1371:145816] Handling kAXUserTestingNotification
23:27:47.513 WebDriverAgentRunner-Runner[1371:145816] Received kAXUserTestingNotification from AX element pid: 174, elementOrHash.elementID: 0.1: {
    controllerClass = SBHWidgetStackViewController;
    event = ViewDidDisappear;
}
23:27:47.515 WebDriverAgentRunner-Runner[1371:145816] Handling kAXUserTestingNotification
23:27:47.517 WebDriverAgentRunner-Runner[1371:145816] Received kAXUserTestingNotification from AX element pid: 174, elementOrHash.elementID: 0.1: {
    controllerClass = SBHWidgetContainerViewController;
    event = ViewDidDisappear;
}
23:27:47.517 WebDriverAgentRunner-Runner[1371:145816] Handling kAXUserTestingNotification
23:27:47.518 WebDriverAgentRunner-Runner[1371:145816] Received kAXUserTestingNotification from AX element pid: 174, elementOrHash.elementID: 0.1: {
    controllerClass = SBHMultiplexingViewController;
    event = ViewDidDisappear;
}
23:27:47.519 WebDriverAgentRunner-Runner[1371:145816] Handling kAXUserTestingNotification
23:27:47.519 WebDriverAgentRunner-Runner[1371:145816] Received kAXUserTestingNotification from AX element pid: 174, elementOrHash.elementID: 0.1: {
    controllerClass = SBHWidgetViewController;
    event = ViewDidDisappear;
}
23:27:47.519 WebDriverAgentRunner-Runner[1371:145816] Handling kAXUserTestingNotification
23:27:47.519 WebDriverAgentRunner-Runner[1371:145816] Received kAXUserTestingNotification from AX element pid: 174, elementOrHash.elementID: 0.1: {
    controllerClass = SBHWidgetStackViewController;
    event = ViewDidDisappear;
}
23:27:47.519 WebDriverAgentRunner-Runner[1371:145816] Handling kAXUserTestingNotification
23:27:47.519 WebDriverAgentRunner-Runner[1371:145816] Received kAXUserTestingNotification from AX element pid: 174, elementOrHash.elementID: 0.1: {
    controllerClass = SBHWidgetContainerViewController;
    event = ViewDidDisappear;
}
23:27:47.519 WebDriverAgentRunner-Runner[1371:145816] Handling kAXUserTestingNotification
23:27:47.520 WebDriverAgentRunner-Runner[1371:145816] Received kAXUserTestingNotification from AX element pid: 174, elementOrHash.elementID: 0.1: {
    controllerClass = SBHMultiplexingViewController;
    event = ViewDidDisappear;
}
23:27:47.520 WebDriverAgentRunner-Runner[1371:145816] Handling kAXUserTestingNotification
23:27:47.520 WebDriverAgentRunner-Runner[1371:145816] Received kAXUserTestingNotification from AX element pid: 174, elementOrHash.elementID: 0.1: {
    controllerClass = SBHWidgetViewController;
    event = ViewDidDisappear;
}
23:27:47.520 WebDriverAgentRunner-Runner[1371:145816] Handling kAXUserTestingNotification
23:27:47.520 WebDriverAgentRunner-Runner[1371:145816] Received kAXUserTestingNotification from AX element pid: 174, elementOrHash.elementID: 0.1: {
    controllerClass = SBHWidgetStackViewController;
    event = ViewDidDisappear;
}
23:27:47.520 WebDriverAgentRunner-Runner[1371:145816] Handling kAXUserTestingNotification
23:27:47.521 WebDriverAgentRunner-Runner[1371:145816] Received kAXUserTestingNotification from AX element pid: 174, elementOrHash.elementID: 0.1: {
    controllerClass = SBHWidgetContainerViewController;
    event = ViewDidDisappear;
}
23:27:47.521 WebDriverAgentRunner-Runner[1371:145816] Handling kAXUserTestingNotification
23:27:47.523 WebDriverAgentRunner-Runner[1371:145816] Received kAXUserTestingNotification from AX element pid: 174, elementOrHash.elementID: 0.1: {
    controllerClass = SBHMultiplexingViewController;
    event = ViewDidDisappear;
}
23:27:47.523 WebDriverAgentRunner-Runner[1371:145816] Handling kAXUserTestingNotification
23:27:47.524 WebDriverAgentRunner-Runner[1371:145816] Received kAXUserTestingNotification from AX element pid: 174, elementOrHash.elementID: 0.1: {
    controllerClass = SBHWidgetViewController;
    event = ViewDidDisappear;
}
23:27:47.525 WebDriverAgentRunner-Runner[1371:145816] Handling kAXUserTestingNotification
23:27:47.526 WebDriverAgentRunner-Runner[1371:145816] Received kAXUserTestingNotification from AX element pid: 174, elementOrHash.elementID: 0.1: {
    controllerClass = SBHWidgetStackViewController;
    event = ViewDidDisappear;
}
23:27:47.527 WebDriverAgentRunner-Runner[1371:145816] Handling kAXUserTestingNotification
23:27:47.527 WebDriverAgentRunner-Runner[1371:145816] Received kAXUserTestingNotification from AX element pid: 174, elementOrHash.elementID: 0.1: {
    controllerClass = SBHWidgetContainerViewController;
    event = ViewDidDisappear;
}
23:27:47.528 WebDriverAgentRunner-Runner[1371:145816] Handling kAXUserTestingNotification
23:27:47.528 WebDriverAgentRunner-Runner[1371:145816] Received kAXUserTestingNotification from AX element pid: 174, elementOrHash.elementID: 0.1: {
    controllerClass = SBHMultiplexingViewController;
    event = ViewDidDisappear;
}
23:27:47.528 WebDriverAgentRunner-Runner[1371:145816] Handling kAXUserTestingNotification
23:27:47.528 WebDriverAgentRunner-Runner[1371:145816] Received kAXUserTestingNotification from AX element pid: 174, elementOrHash.elementID: 0.1: {
    controllerClass = SBHWidgetViewController;
    event = ViewDidDisappear;
}
23:27:47.528 WebDriverAgentRunner-Runner[1371:145816] Handling kAXUserTestingNotification
23:27:47.528 WebDriverAgentRunner-Runner[1371:145816] Received kAXUserTestingNotification from AX element pid: 174, elementOrHash.elementID: 0.1: {
    controllerClass = SBHWidgetStackViewController;
    event = ViewDidDisappear;
}
23:27:47.528 WebDriverAgentRunner-Runner[1371:145816] Handling kAXUserTestingNotification
23:27:47.528 WebDriverAgentRunner-Runner[1371:145816] Received kAXUserTestingNotification from AX element pid: 174, elementOrHash.elementID: 0.1: {
    controllerClass = SBHWidgetContainerViewController;
    event = ViewDidDisappear;
}
23:27:47.529 WebDriverAgentRunner-Runner[1371:145816] Handling kAXUserTestingNotification
23:27:47.529 WebDriverAgentRunner-Runner[1371:145816] Received kAXUserTestingNotification from AX element pid: 174, elementOrHash.elementID: 0.1: {
    controllerClass = SBHMultiplexingViewController;
    event = ViewDidDisappear;
}
23:27:47.529 WebDriverAgentRunner-Runner[1371:145816] Handling kAXUserTestingNotification
23:27:47.529 WebDriverAgentRunner-Runner[1371:145816] Received kAXUserTestingNotification from AX element pid: 174, elementOrHash.elementID: 0.1: {
    controllerClass = SBHWidgetViewController;
    event = ViewDidDisappear;
}
23:27:47.529 WebDriverAgentRunner-Runner[1371:145816] Handling kAXUserTestingNotification
23:27:47.529 WebDriverAgentRunner-Runner[1371:145816] Received kAXUserTestingNotification from AX element pid: 174, elementOrHash.elementID: 0.1: {
    controllerClass = SBHWidgetStackViewController;
    event = ViewDidDisappear;
}
23:27:47.529 WebDriverAgentRunner-Runner[1371:145816] Handling kAXUserTestingNotification
23:27:47.529 WebDriverAgentRunner-Runner[1371:145816] Received kAXUserTestingNotification from AX element pid: 174, elementOrHash.elementID: 0.1: {
    controllerClass = SBHWidgetContainerViewController;
    event = ViewDidDisappear;
}
23:27:47.529 WebDriverAgentRunner-Runner[1371:145816] Handling kAXUserTestingNotification
23:27:47.529 WebDriverAgentRunner-Runner[1371:145816] Received kAXUserTestingNotification from AX element pid: 174, elementOrHash.elementID: 0.1: {
    controllerClass = SBHMultiplexingViewController;
    event = ViewDidDisappear;
}
23:27:47.530 WebDriverAgentRunner-Runner[1371:145816] Handling kAXUserTestingNotification
23:27:47.531 WebDriverAgentRunner-Runner[1371:145816] Received kAXUserTestingNotification from AX element pid: 174, elementOrHash.elementID: 0.1: {
    controllerClass = SBHWidgetViewController;
    event = ViewDidDisappear;
}
23:27:47.531 WebDriverAgentRunner-Runner[1371:145816] Handling kAXUserTestingNotification
23:27:47.531 WebDriverAgentRunner-Runner[1371:145816] Received kAXUserTestingNotification from AX element pid: 174, elementOrHash.elementID: 0.1: {
    controllerClass = SBHWidgetStackViewController;
    event = ViewDidDisappear;
}
23:27:47.532 WebDriverAgentRunner-Runner[1371:145816] Handling kAXUserTestingNotification
23:27:47.533 WebDriverAgentRunner-Runner[1371:145816] Received kAXUserTestingNotification from AX element pid: 174, elementOrHash.elementID: 0.1: {
    controllerClass = SBHWidgetContainerViewController;
    event = ViewDidDisappear;
}
23:27:47.533 WebDriverAgentRunner-Runner[1371:145816] Handling kAXUserTestingNotification
23:27:47.533 WebDriverAgentRunner-Runner[1371:145816] Received kAXUserTestingNotification from AX element pid: 174, elementOrHash.elementID: 0.1: {
    controllerClass = SBHMultiplexingViewController;
    event = ViewDidDisappear;
}
23:27:47.534 WebDriverAgentRunner-Runner[1371:145816] Handling kAXUserTestingNotification
23:27:47.534 WebDriverAgentRunner-Runner[1371:145816] Received kAXUserTestingNotification from AX element pid: 174, elementOrHash.elementID: 0.1: {
    controllerClass = SBHWidgetViewController;
    event = ViewDidDisappear;
}
23:27:47.534 WebDriverAgentRunner-Runner[1371:145816] Handling kAXUserTestingNotification
23:27:47.534 WebDriverAgentRunner-Runner[1371:145816] Received kAXUserTestingNotification from AX element pid: 174, elementOrHash.elementID: 0.1: {
    controllerClass = SBHWidgetStackViewController;
    event = ViewDidDisappear;
}
23:27:47.536 WebDriverAgentRunner-Runner[1371:145816] Handling kAXUserTestingNotification
23:27:47.537 WebDriverAgentRunner-Runner[1371:145816] Received kAXUserTestingNotification from AX element pid: 174, elementOrHash.elementID: 0.1: {
    controllerClass = SBHWidgetContainerViewController;
    event = ViewDidDisappear;
}
23:27:47.537 WebDriverAgentRunner-Runner[1371:145816] Handling kAXUserTestingNotification
23:27:47.538 WebDriverAgentRunner-Runner[1371:145816] Received kAXUserTestingNotification from AX element pid: 174, elementOrHash.elementID: 0.1: {
    controllerClass = SBHMultiplexingViewController;
    event = ViewDidDisappear;
}
23:27:47.538 WebDriverAgentRunner-Runner[1371:145816] Handling kAXUserTestingNotification
23:27:47.539 WebDriverAgentRunner-Runner[1371:145816] Received kAXUserTestingNotification from AX element pid: 174, elementOrHash.elementID: 0.1: {
    controllerClass = SBHWidgetViewController;
    event = ViewDidDisappear;
}
23:27:47.539 WebDriverAgentRunner-Runner[1371:145816] Handling kAXUserTestingNotification
23:27:47.541 WebDriverAgentRunner-Runner[1371:145816] Received kAXUserTestingNotification from AX element pid: 174, elementOrHash.elementID: 0.1: {
    controllerClass = SBHomeScreenOverlayViewController;
    event = ViewDidDisappear;
}
23:27:47.541 WebDriverAgentRunner-Runner[1371:145816] Handling kAXUserTestingNotification
23:27:47.541 WebDriverAgentRunner-Runner[1371:145816] Received kAXUserTestingNotification from AX element pid: 174, elementOrHash.elementID: 0.1: {
    controllerClass = SBHRootSidebarController;
    event = ViewDidDisappear;
}
23:27:47.541 WebDriverAgentRunner-Runner[1371:145575] Got animations reply for com.apple.springboard (PID 174)
23:27:47.542 WebDriverAgentRunner-Runner[1371:145575] Animations are not active.
23:27:47.541 WebDriverAgentRunner-Runner[1371:145816] Handling kAXUserTestingNotification
23:27:47.543 WebDriverAgentRunner-Runner[1371:145575] com.apple.springboard (pid:174) animationsHaveFinished NO -> YES
23:27:47.543 WebDriverAgentRunner-Runner[1371:145575] Posting KVO notifications for animationsHaveFinished
23:27:47.543 WebDriverAgentRunner-Runner[1371:145575] isQuiescent: self.eventLoopHasIdled: YES && self.animationsHaveFinished: YES
23:27:47.543 WebDriverAgentRunner-Runner[1371:145575] isQuiescent: self.eventLoopHasIdled: YES && self.animationsHaveFinished: YES
23:27:47.543 WebDriverAgentRunner-Runner[1371:145575] KVO change: checked status of Expect value of 'isQuiescent' of com.apple.springboard (pid:174) to be '1': fulfill=YES
23:27:47.543 WebDriverAgentRunner-Runner[1371:145575] Fulfilling (Expect value of 'foreground' of com.apple.springboard (pid:174) to be '0' OR Expect value of 'isQuiescent' of com.apple.springboard (pid:174) to be '1') because Expect value of 'isQuiescent' of com.apple.springboard (pid:174) to be '1' is fulfilled
23:27:47.543 WebDriverAgentRunner-Runner[1371:145816] Received kAXUserTestingNotification from AX element pid: 174, elementOrHash.elementID: 0.1: {
    controllerClass = SBTodayViewController;
    event = ViewDidDisappear;
}
23:27:47.546 WebDriverAgentRunner-Runner[1371:145816] Handling kAXUserTestingNotification
23:27:47.546 WebDriverAgentRunner-Runner[1371:145816] Received kAXUserTestingNotification from AX element pid: 308, elementOrHash.elementID: 0.1: {
    controllerClass = "WidgetRenderer.WidgetSceneContentViewController";
    event = ViewDidDisappear;
}
23:27:47.547 WebDriverAgentRunner-Runner[1371:145816] Handling kAXUserTestingNotification
23:27:47.544 WebDriverAgentRunner-Runner[1371:144542] Returning result XCTWaiterResultCompleted for synchronous waiter <XCTWaiter: 0x112de19e0>
23:27:47.548 WebDriverAgentRunner-Runner[1371:145816] Received kAXUserTestingNotification from AX element pid: 308, elementOrHash.elementID: 0.1: {
    controllerClass = "WidgetRenderer.SecureHostingController";
    event = ViewDidDisappear;
}
23:27:47.549 WebDriverAgentRunner-Runner[1371:144542] Wait <XCTWaiterWait: 0x112de8140> completed after 0.527s
23:27:47.553 WebDriverAgentRunner-Runner[1371:144542] cleaning up (Expect value of 'foreground' of com.apple.springboard (pid:174) to be '0' OR Expect value of 'isQuiescent' of com.apple.springboard (pid:174) to be '1')
23:27:47.553 WebDriverAgentRunner-Runner[1371:145816] Handling kAXUserTestingNotification
23:27:47.553 WebDriverAgentRunner-Runner[1371:144542] cleaning up Expect value of 'foreground' of com.apple.springboard (pid:174) to be '0'
23:27:47.554 WebDriverAgentRunner-Runner[1371:145816] Received kAXUserTestingNotification from AX element pid: 308, elementOrHash.elementID: 0.1: {
    controllerClass = "WidgetRenderer.WidgetSceneContentViewController";
    event = ViewDidDisappear;
}
23:27:47.554 WebDriverAgentRunner-Runner[1371:144542] cleaning up Expect value of 'foreground' of com.apple.springboard (pid:174) to be '0'
23:27:47.554 WebDriverAgentRunner-Runner[1371:145816] Handling kAXUserTestingNotification
23:27:47.554 WebDriverAgentRunner-Runner[1371:144542] cleaning up Expect value of 'isQuiescent' of com.apple.springboard (pid:174) to be '1'
23:27:47.554 WebDriverAgentRunner-Runner[1371:145816] Received kAXUserTestingNotification from AX element pid: 308, elementOrHash.elementID: 0.1: {
    controllerClass = "WidgetRenderer.SecureHostingController";
    event = ViewDidDisappear;
}
23:27:47.555 WebDriverAgentRunner-Runner[1371:144542] cleaning up Expect value of 'isQuiescent' of com.apple.springboard (pid:174) to be '1'
23:27:47.556 WebDriverAgentRunner-Runner[1371:145816] Handling kAXUserTestingNotification
23:27:47.556 WebDriverAgentRunner-Runner[1371:144542] com.apple.springboard has quiesced or quiescence timeout has elapsed.
23:27:47.557 WebDriverAgentRunner-Runner[1371:145816] Received kAXUserTestingNotification from AX element pid: 308, elementOrHash.elementID: 0.1: {
    controllerClass = "WidgetRenderer.WidgetSceneContentViewController";
    event = ViewDidDisappear;
}
23:27:47.557 WebDriverAgentRunner-Runner[1371:144542] <XCTContext: 0x104595720> finished activity <XCActivityRecord: 0x10752e840> 2026-07-19 16:27:47 +0000: Wait for com.apple.springboard to idle (0.538666s)
23:27:47.558 WebDriverAgentRunner-Runner[1371:145816] Handling kAXUserTestingNotification
23:27:47.558 WebDriverAgentRunner-Runner[1371:145816] Received kAXUserTestingNotification from AX element pid: 308, elementOrHash.elementID: 0.1: {
    controllerClass = "WidgetRenderer.SecureHostingController";
    event = ViewDidDisappear;
}
23:27:47.558 WebDriverAgentRunner-Runner[1371:144542] Overriding application state timeout, 10.0 -> 60.0
23:27:47.558 WebDriverAgentRunner-Runner[1371:144542] <XCTContext: 0x104595720> finished activity <XCActivityRecord: 0x10752e140> 2026-07-19 16:27:45 +0000: Tap Application 'com.apple.springboard'[0.00, 0.00] -> (1242.0, 517.0) (2.13206s)
23:27:47.560 WebDriverAgentRunner-Runner[1371:144542] Creating future for 'fetching attributes 'XC_kAXXCAttributeSystemAppApplication' for Device system-wide element' with timeout 65.00
23:27:47.560 WebDriverAgentRunner-Runner[1371:144542] <XCTWaiter: 0x112de0d50> entering wait loop for 65.00s with expectations: `fetching attributes 'XC_kAXXCAttributeSystemAppApplication' for Device system-wide element`
23:27:47.561 WebDriverAgentRunner-Runner[1371:145831] Got attribute fetch response with values {
    "XC_kAXXCAttributeSystemAppApplication" = "AX element pid: 174, elementOrHash.elementID: 0.1";
}, error: (null)
23:27:47.561 WebDriverAgentRunner-Runner[1371:144542] Returning result XCTWaiterResultCompleted for synchronous waiter <XCTWaiter: 0x112de0d50>
23:27:47.562 WebDriverAgentRunner-Runner[1371:144542] Wait <XCTWaiterWait: 0x112de8140> completed after 0.001s
23:27:47.562 WebDriverAgentRunner-Runner[1371:144542] cleaning up fetching attributes 'XC_kAXXCAttributeSystemAppApplication' for Device system-wide element
23:27:47.563 WebDriverAgentRunner-Runner[1371:144542] Creating future for 'fetching attributes 'XC_kAXXCAttributeFocusedApplications' for AX element pid: 174, elementOrHash.elementID: 0.1' with timeout 65.00
23:27:47.564 WebDriverAgentRunner-Runner[1371:144542] <XCTWaiter: 0x112de0690> entering wait loop for 65.00s with expectations: `fetching attributes 'XC_kAXXCAttributeFocusedApplications' for AX element pid: 174, elementOrHash.elementID: 0.1`
23:27:47.565 WebDriverAgentRunner-Runner[1371:145837] Got attribute fetch response with values {
    "XC_kAXXCAttributeFocusedApplications" =     (
        "AX element pid: 303, elementOrHash.elementID: 0.1",
        "AX element pid: 174, elementOrHash.elementID: 0.1"
    );
}, error: (null)
23:27:47.566 WebDriverAgentRunner-Runner[1371:144542] Returning result XCTWaiterResultCompleted for synchronous waiter <XCTWaiter: 0x112de0690>
23:27:47.566 WebDriverAgentRunner-Runner[1371:144542] Wait <XCTWaiterWait: 0x112de8940> completed after 0.002s
23:27:47.566 WebDriverAgentRunner-Runner[1371:144542] cleaning up fetching attributes 'XC_kAXXCAttributeFocusedApplications' for AX element pid: 174, elementOrHash.elementID: 0.1
23:27:47.567 WebDriverAgentRunner-Runner[1371:144542] Active application elements: (
    "AX element pid: 303, elementOrHash.elementID: 0.1",
    "AX element pid: 174, elementOrHash.elementID: 0.1"
)
23:27:47.571 WebDriverAgentRunner-Runner[1371:145837] Handling kAXUserTestingNotification
23:27:47.571 WebDriverAgentRunner-Runner[1371:145837] Received kAXUserTestingNotification from AX element pid: 308, elementOrHash.elementID: 0.1: {
    controllerClass = "WidgetRenderer.WidgetSceneContentViewController";
    event = ViewDidDisappear;
}
23:27:47.572 WebDriverAgentRunner-Runner[1371:145837] Handling kAXUserTestingNotification
23:27:47.573 WebDriverAgentRunner-Runner[1371:145837] Received kAXUserTestingNotification from AX element pid: 308, elementOrHash.elementID: 0.1: {
    controllerClass = "WidgetRenderer.SecureHostingController";
    event = ViewDidDisappear;
}
23:27:47.577 WebDriverAgentRunner-Runner[1371:144542] Creating future for 'looking up application specifier for pid 303' with timeout 30.00
23:27:47.577 WebDriverAgentRunner-Runner[1371:144542] Requesting application specifier for pid 303
23:27:47.578 WebDriverAgentRunner-Runner[1371:144542] <XCTWaiter: 0x112de0900> entering wait loop for 30.00s with expectations: `looking up application specifier for pid 303`
23:27:47.578 WebDriverAgentRunner-Runner[1371:145453] Handling kAXUserTestingNotification
23:27:47.578 WebDriverAgentRunner-Runner[1371:145453] Received kAXUserTestingNotification from AX element pid: 308, elementOrHash.elementID: 0.1: {
    controllerClass = "WidgetRenderer.WidgetSceneContentViewController";
    event = ViewDidDisappear;
}
23:27:47.579 WebDriverAgentRunner-Runner[1371:145453] Handling kAXUserTestingNotification
23:27:47.579 WebDriverAgentRunner-Runner[1371:144542] Returning result XCTWaiterResultCompleted for synchronous waiter <XCTWaiter: 0x112de0900>
23:27:47.579 WebDriverAgentRunner-Runner[1371:145453] Received kAXUserTestingNotification from AX element pid: 308, elementOrHash.elementID: 0.1: {
    controllerClass = "WidgetRenderer.SecureHostingController";
    event = ViewDidDisappear;
}
23:27:47.579 WebDriverAgentRunner-Runner[1371:144542] Wait <XCTWaiterWait: 0x112de8ac0> completed after 0.001s
23:27:47.579 WebDriverAgentRunner-Runner[1371:144542] cleaning up looking up application specifier for pid 303
23:27:47.579 WebDriverAgentRunner-Runner[1371:145453] Handling kAXUserTestingNotification
23:27:47.579 WebDriverAgentRunner-Runner[1371:145453] Received kAXUserTestingNotification from AX element pid: 308, elementOrHash.elementID: 0.1: {
    controllerClass = "WidgetRenderer.WidgetSceneContentViewController";
    event = ViewDidDisappear;
}
23:27:47.579 WebDriverAgentRunner-Runner[1371:144542] App specifier for pid 303: <XCUIApplicationSpecifier: 0x107df5600> { com.apple.DocumentManager.DockFolderViewService }
23:27:47.582 WebDriverAgentRunner-Runner[1371:145453] Handling kAXUserTestingNotification
23:27:47.582 WebDriverAgentRunner-Runner[1371:144542] Error (com.apple.dt.xctest.ui-testing.error) 10100, userInfo keys: (null): Unknown application: 'com.apple.DocumentManager.DockFolderViewService'
23:27:47.582 WebDriverAgentRunner-Runner[1371:145453] Received kAXUserTestingNotification from AX element pid: 308, elementOrHash.elementID: 0.1: {
    controllerClass = "WidgetRenderer.SecureHostingController";
    event = ViewDidDisappear;
}
23:27:47.583 WebDriverAgentRunner-Runner[1371:144542] Error (com.apple.dt.xctest.ui-testing.error) 10100, userInfo keys: (null): Unknown application: 'com.apple.DocumentManager.DockFolderViewService'
23:27:47.583 WebDriverAgentRunner-Runner[1371:145453] Handling kAXUserTestingNotification
23:27:47.583 WebDriverAgentRunner-Runner[1371:144542] XCUIApplicationImplDepot: Creating XCUIApplicationImpl for identifier: com.apple.DocumentManager.DockFolderViewService
23:27:47.584 WebDriverAgentRunner-Runner[1371:145453] Received kAXUserTestingNotification from AX element pid: 308, elementOrHash.elementID: 0.1: {
    controllerClass = "WidgetRenderer.WidgetSceneContentViewController";
    event = ViewDidDisappear;
}
23:27:47.584 WebDriverAgentRunner-Runner[1371:145453] Handling kAXUserTestingNotification
23:27:47.585 WebDriverAgentRunner-Runner[1371:145453] Received kAXUserTestingNotification from AX element pid: 308, elementOrHash.elementID: 0.1: {
    controllerClass = "WidgetRenderer.SecureHostingController";
    event = ViewDidDisappear;
}
23:27:47.584 WebDriverAgentRunner-Runner[1371:144542] updating com.apple.DocumentManager.DockFolderViewService crashBehavior to 1
23:27:47.586 WebDriverAgentRunner-Runner[1371:144542] KVO change: checked status of Expect value of 'isApplicationStateKnown' of Application 'com.apple.DocumentManager.DockFolderViewService' to be '1': fulfill=NO
23:27:47.586 WebDriverAgentRunner-Runner[1371:145453] Handling kAXUserTestingNotification
23:27:47.587 WebDriverAgentRunner-Runner[1371:144542] KVO change: checked status of Expect value of 'isApplicationStateKnown' of Application 'com.apple.DocumentManager.DockFolderViewService' to be '1': fulfill=NO
23:27:47.587 WebDriverAgentRunner-Runner[1371:144542] <XCTWaiter: 0x112de0c60> entering wait loop for 60.00s with expectations: `Expect value of 'isApplicationStateKnown' of Application 'com.apple.DocumentManager.DockFolderViewService' to be '1'`
23:27:47.587 WebDriverAgentRunner-Runner[1371:145453] Received kAXUserTestingNotification from AX element pid: 308, elementOrHash.elementID: 0.1: {
    controllerClass = "WidgetRenderer.WidgetSceneContentViewController";
    event = ViewDidDisappear;
}
23:27:47.587 WebDriverAgentRunner-Runner[1371:145453] Handling kAXUserTestingNotification
23:27:47.588 WebDriverAgentRunner-Runner[1371:145453] Received kAXUserTestingNotification from AX element pid: 308, elementOrHash.elementID: 0.1: {
    controllerClass = "WidgetRenderer.SecureHostingController";
    event = ViewDidDisappear;
}
23:27:47.589 WebDriverAgentRunner-Runner[1371:145453] -[XCTRunnerDaemonSession(XCTMessagingRole_UIApplicationStateUpdating) _XCT_applicationDidUpdateState:] com.apple.DocumentManager.DockFolderViewService@/Applications/DockFolderViewService.app processName: DockFolderViewS pid: 303 state: running foreground
23:27:47.589 WebDriverAgentRunner-Runner[1371:144542] [AM:0] Processing state snapshot com.apple.DocumentManager.DockFolderViewService@/Applications/DockFolderViewService.app processName: DockFolderViewS pid: 303 state: running foreground
23:27:47.589 WebDriverAgentRunner-Runner[1371:144542] <XCUIApplicationImpl: 0x112de8b00 com.apple.DocumentManager.DockFolderViewService> changing currentProcess from (null) to com.apple.DocumentManager.DockFolderViewService (pid:0)
23:27:47.590 WebDriverAgentRunner-Runner[1371:144542] KVO change: checked status of Expect value of 'isApplicationStateKnown' of Application 'com.apple.DocumentManager.DockFolderViewService' to be '1': fulfill=NO
23:27:47.590 WebDriverAgentRunner-Runner[1371:144542] Setting pid for 0x10745e480 0 -> 303
23:27:47.590 WebDriverAgentRunner-Runner[1371:144542] Done setting pid for <XCUIApplicationImpl: 0x112de8b00 com.apple.DocumentManager.DockFolderViewService> to 303
23:27:47.590 WebDriverAgentRunner-Runner[1371:145195] com.apple.DocumentManager.DockFolderViewService (pid:0) pid 0 -> 303
23:27:47.590 WebDriverAgentRunner-Runner[1371:145453] -[XCTRunnerDaemonSession(XCTMessagingRole_UIApplicationStateUpdating) _XCT_applicationDidUpdateState:] com.apple.DocumentManager.DockFolderViewService@/Applications/DockFolderViewService.app processName: DockFolderViewS pid: 303 state: running foreground
23:27:47.590 WebDriverAgentRunner-Runner[1371:145195] com.apple.DocumentManager.DockFolderViewService (pid:0) checking for cached AX loaded value using pid 303
23:27:47.591 WebDriverAgentRunner-Runner[1371:145195] com.apple.DocumentManager.DockFolderViewService (pid:303) application state Unknown (0) -> Running Foreground (4)
23:27:47.590 WebDriverAgentRunner-Runner[1371:145818] Monitor: set com.apple.DocumentManager.DockFolderViewService (pid:303) for pid 303
23:27:47.591 WebDriverAgentRunner-Runner[1371:144542] KVO change: checked status of Expect value of 'isApplicationStateKnown' of Application 'com.apple.DocumentManager.DockFolderViewService' to be '1': fulfill=YES
23:27:47.591 WebDriverAgentRunner-Runner[1371:144542] KVO change: checked status of Expect value of 'isApplicationStateKnown' of Application 'com.apple.DocumentManager.DockFolderViewService' to be '1': fulfill=YES
23:27:47.591 WebDriverAgentRunner-Runner[1371:144542] App state updated for <XCUIApplicationImpl: 0x112de8b00 com.apple.DocumentManager.DockFolderViewService>: Running Foreground (4)
23:27:47.591 WebDriverAgentRunner-Runner[1371:144542] KVO change: checked status of Expect value of 'isApplicationStateKnown' of Application 'com.apple.DocumentManager.DockFolderViewService' to be '1': fulfill=YES
23:27:47.592 WebDriverAgentRunner-Runner[1371:144542] Returning result XCTWaiterResultCompleted for synchronous waiter <XCTWaiter: 0x112de0c60>
23:27:47.592 WebDriverAgentRunner-Runner[1371:144542] Wait <XCTWaiterWait: 0x112de8f80> completed after 0.005s
23:27:47.592 WebDriverAgentRunner-Runner[1371:144542] cleaning up Expect value of 'isApplicationStateKnown' of Application 'com.apple.DocumentManager.DockFolderViewService' to be '1'
23:27:47.592 WebDriverAgentRunner-Runner[1371:144542] cleaning up Expect value of 'isApplicationStateKnown' of Application 'com.apple.DocumentManager.DockFolderViewService' to be '1'
23:27:47.592 WebDriverAgentRunner-Runner[1371:144542] <XCTContext: 0x104595720> started activity <XCActivityRecord: 0x10752e370> 2026-07-19 16:27:47 +0000: Tap Application 'com.apple.DocumentManager.DockFolderViewService'[0.00, 0.00] -> (1242.0, 527.0)
    t =   151.57s Tap Application 'com.apple.DocumentManager.DockFolderViewService'[0.00, 0.00] -> (1242.0, 527.0)
23:27:47.593 WebDriverAgentRunner-Runner[1371:144542] Overriding application state timeout, 60.0 -> 10.0
23:27:47.593 WebDriverAgentRunner-Runner[1371:144542] <XCTContext: 0x104595720> started activity <XCActivityRecord: 0x10752e840> 2026-07-19 16:27:47 +0000: Wait for com.apple.DocumentManager.DockFolderViewService to idle
    t =   151.57s     Wait for com.apple.DocumentManager.DockFolderViewService to idle
23:27:47.594 WebDriverAgentRunner-Runner[1371:144542] Creating future for 'getting screen identifiers' with timeout 30.00
23:27:47.594 WebDriverAgentRunner-Runner[1371:144542] <XCTWaiter: 0x112de0ff0> entering wait loop for 30.00s with expectations: `getting screen identifiers`
23:27:47.594 WebDriverAgentRunner-Runner[1371:144542] Returning result XCTWaiterResultCompleted for synchronous waiter <XCTWaiter: 0x112de0ff0>
23:27:47.595 WebDriverAgentRunner-Runner[1371:144542] Wait <XCTWaiterWait: 0x112de9340> completed after 0.000s
23:27:47.595 WebDriverAgentRunner-Runner[1371:144542] cleaning up getting screen identifiers
23:27:47.595 WebDriverAgentRunner-Runner[1371:144542] Waiting for com.apple.DocumentManager.DockFolderViewService (PID 303) quiescence...
23:27:47.595 WebDriverAgentRunner-Runner[1371:144542] Creating future for 'requesting automation session for com.apple.DocumentManager.DockFolderViewService (pid:303)' with timeout 10.00
23:27:47.596 WebDriverAgentRunner-Runner[1371:144542] Requesting automation session for pid 303, automation framework path: /System/Developer/Library/PrivateFrameworks/XCTAutomationSupport.framework
23:27:47.596 WebDriverAgentRunner-Runner[1371:144542] <XCTWaiter: 0x112de12f0> entering wait loop for 10.00s with expectations: `requesting automation session for com.apple.DocumentManager.DockFolderViewService (pid:303)`
23:27:47.596 WebDriverAgentRunner-Runner[1371:144542] [AM:0] Processing state snapshot com.apple.DocumentManager.DockFolderViewService@/Applications/DockFolderViewService.app processName: DockFolderViewS pid: 303 state: running foreground
23:27:47.596 WebDriverAgentRunner-Runner[1371:144542] Done setting pid for <XCUIApplicationImpl: 0x112de8b00 com.apple.DocumentManager.DockFolderViewService> to 303
23:27:47.597 WebDriverAgentRunner-Runner[1371:144542] App state updated for <XCUIApplicationImpl: 0x112de8b00 com.apple.DocumentManager.DockFolderViewService>: Running Foreground (4)
23:27:47.597 WebDriverAgentRunner-Runner[1371:145818] Got endpoint for automation session with pid 303
23:27:47.597 WebDriverAgentRunner-Runner[1371:145818] Exchanging capabilities for automation session connection to pid 303
23:27:47.597 WebDriverAgentRunner-Runner[1371:145818] -[XCTRunnerDaemonSession(XCTMessagingRole_UIApplicationStateUpdating) _XCT_applicationDidUpdateState:] com.apple.DocumentManager.DockFolderViewService@/Applications/DockFolderViewService.app processName: DockFolderViewS pid: 303 state: running foreground
23:27:47.598 WebDriverAgentRunner-Runner[1371:144542] [AM:0] Processing state snapshot com.apple.DocumentManager.DockFolderViewService@/Applications/DockFolderViewService.app processName: DockFolderViewS pid: 303 state: running foreground
23:27:47.598 WebDriverAgentRunner-Runner[1371:144542] Done setting pid for <XCUIApplicationImpl: 0x112de8b00 com.apple.DocumentManager.DockFolderViewService> to 303
23:27:47.598 WebDriverAgentRunner-Runner[1371:144542] App state updated for <XCUIApplicationImpl: 0x112de8b00 com.apple.DocumentManager.DockFolderViewService>: Running Foreground (4)
23:27:47.599 WebDriverAgentRunner-Runner[1371:145453] Got remote interface capabilities for automation session connection to pid 303: <XCTCapabilities: 0x1045ffda0>: {
    "accept remote connection capability" = 1;
    "containing transformer capability" = 1;
    "disclosed child rows transformer capability" = 2;
    "element sorting transformer capability" = 1;
    "evaluate query capability" = 1;
    "fetch element attributes capability" = 2;
    "indexing transformer capability" = 4;
    "main thread checker runtime issues" = 1;
    "malloc stack logging" = 1;
    "notify animations idle capability" = 1;
    "notify main run loop idle capability" = 1;
    "query runtime issue reporting" = 1;
    "query runtime issue reporting/automation type mismatch" = 1;
    "system provides kAXXCAttributeBannerIsStickyAttribute" = 1;
}
23:27:47.599 WebDriverAgentRunner-Runner[1371:144542] Returning result XCTWaiterResultCompleted for synchronous waiter <XCTWaiter: 0x112de12f0>
23:27:47.599 WebDriverAgentRunner-Runner[1371:144542] Wait <XCTWaiterWait: 0x112de93c0> completed after 0.004s
23:27:47.600 WebDriverAgentRunner-Runner[1371:144542] cleaning up requesting automation session for com.apple.DocumentManager.DockFolderViewService (pid:303)
23:27:47.600 WebDriverAgentRunner-Runner[1371:144542] Requesting main run loop idle notification using automation session for com.apple.DocumentManager.DockFolderViewService (pid:303)
23:27:47.600 WebDriverAgentRunner-Runner[1371:144542] Requesting animations idle notification using automation session for com.apple.DocumentManager.DockFolderViewService (pid:303)
23:27:47.600 WebDriverAgentRunner-Runner[1371:144542] Waiting on quiescence state variables
23:27:47.600 WebDriverAgentRunner-Runner[1371:144542] KVO change: checked status of Expect value of 'foreground' of com.apple.DocumentManager.DockFolderViewService (pid:303) to be '0': fulfill=NO
23:27:47.600 WebDriverAgentRunner-Runner[1371:145818] Got event loop idle reply for com.apple.DocumentManager.DockFolderViewService (PID 303)
23:27:47.601 WebDriverAgentRunner-Runner[1371:144542] KVO change: checked status of Expect value of 'foreground' of com.apple.DocumentManager.DockFolderViewService (pid:303) to be '0': fulfill=NO
23:27:47.601 WebDriverAgentRunner-Runner[1371:145818] Event loop is idle.
23:27:47.601 WebDriverAgentRunner-Runner[1371:144542] isQuiescent: self.eventLoopHasIdled: NO && self.animationsHaveFinished: NO
23:27:47.601 WebDriverAgentRunner-Runner[1371:144564] com.apple.DocumentManager.DockFolderViewService (pid:303) eventLoopHasIdled NO -> YES
23:27:47.601 WebDriverAgentRunner-Runner[1371:144564] Posting KVO notifications for eventLoopHasIdled
23:27:47.601 WebDriverAgentRunner-Runner[1371:144542] KVO change: checked status of Expect value of 'isQuiescent' of com.apple.DocumentManager.DockFolderViewService (pid:303) to be '1': fulfill=NO
23:27:47.601 WebDriverAgentRunner-Runner[1371:145818] Got animations reply for com.apple.DocumentManager.DockFolderViewService (PID 303)
23:27:47.602 WebDriverAgentRunner-Runner[1371:144542] isQuiescent: self.eventLoopHasIdled: YES && self.animationsHaveFinished: NO
23:27:47.602 WebDriverAgentRunner-Runner[1371:145818] Animations are not active.
23:27:47.602 WebDriverAgentRunner-Runner[1371:144542] KVO change: checked status of Expect value of 'isQuiescent' of com.apple.DocumentManager.DockFolderViewService (pid:303) to be '1': fulfill=NO
23:27:47.602 WebDriverAgentRunner-Runner[1371:145453] com.apple.DocumentManager.DockFolderViewService (pid:303) animationsHaveFinished NO -> YES
23:27:47.602 WebDriverAgentRunner-Runner[1371:145453] Posting KVO notifications for animationsHaveFinished
23:27:47.602 WebDriverAgentRunner-Runner[1371:144542] Not fulfilling (Expect value of 'foreground' of com.apple.DocumentManager.DockFolderViewService (pid:303) to be '0' OR Expect value of 'isQuiescent' of com.apple.DocumentManager.DockFolderViewService (pid:303) to be '1') because no subexpectations are fulfilled
23:27:47.603 WebDriverAgentRunner-Runner[1371:145453] isQuiescent: self.eventLoopHasIdled: YES && self.animationsHaveFinished: YES
23:27:47.603 WebDriverAgentRunner-Runner[1371:144542] <XCTWaiter: 0x112de20a0> entering wait loop for 10.00s with expectations: `(Expect value of 'foreground' of com.apple.DocumentManager.DockFolderViewService (pid:303) to be '0' OR Expect value of 'isQuiescent' of com.apple.DocumentManager.DockFolderViewService (pid:303) to be '1')`
23:27:47.603 WebDriverAgentRunner-Runner[1371:145453] isQuiescent: self.eventLoopHasIdled: YES && self.animationsHaveFinished: YES
23:27:47.603 WebDriverAgentRunner-Runner[1371:145453] KVO change: checked status of Expect value of 'isQuiescent' of com.apple.DocumentManager.DockFolderViewService (pid:303) to be '1': fulfill=YES
23:27:47.603 WebDriverAgentRunner-Runner[1371:145453] Fulfilling (Expect value of 'foreground' of com.apple.DocumentManager.DockFolderViewService (pid:303) to be '0' OR Expect value of 'isQuiescent' of com.apple.DocumentManager.DockFolderViewService (pid:303) to be '1') because Expect value of 'isQuiescent' of com.apple.DocumentManager.DockFolderViewService (pid:303) to be '1' is fulfilled
23:27:47.603 WebDriverAgentRunner-Runner[1371:144542] Returning result XCTWaiterResultCompleted for synchronous waiter <XCTWaiter: 0x112de20a0>
23:27:47.603 WebDriverAgentRunner-Runner[1371:144542] Wait <XCTWaiterWait: 0x112de9780> completed after 0.001s
23:27:47.604 WebDriverAgentRunner-Runner[1371:144542] cleaning up (Expect value of 'foreground' of com.apple.DocumentManager.DockFolderViewService (pid:303) to be '0' OR Expect value of 'isQuiescent' of com.apple.DocumentManager.DockFolderViewService (pid:303) to be '1')
23:27:47.604 WebDriverAgentRunner-Runner[1371:144542] cleaning up Expect value of 'foreground' of com.apple.DocumentManager.DockFolderViewService (pid:303) to be '0'
23:27:47.604 WebDriverAgentRunner-Runner[1371:144542] cleaning up Expect value of 'foreground' of com.apple.DocumentManager.DockFolderViewService (pid:303) to be '0'
23:27:47.604 WebDriverAgentRunner-Runner[1371:144542] cleaning up Expect value of 'isQuiescent' of com.apple.DocumentManager.DockFolderViewService (pid:303) to be '1'
23:27:47.604 WebDriverAgentRunner-Runner[1371:144542] cleaning up Expect value of 'isQuiescent' of com.apple.DocumentManager.DockFolderViewService (pid:303) to be '1'
23:27:47.605 WebDriverAgentRunner-Runner[1371:144542] com.apple.DocumentManager.DockFolderViewService has quiesced or quiescence timeout has elapsed.
23:27:47.605 WebDriverAgentRunner-Runner[1371:144542] <XCTContext: 0x104595720> finished activity <XCActivityRecord: 0x10752e840> 2026-07-19 16:27:47 +0000: Wait for com.apple.DocumentManager.DockFolderViewService to idle (0.011634s)
23:27:47.606 WebDriverAgentRunner-Runner[1371:144542] Overriding application state timeout, 10.0 -> 60.0
23:27:47.606 WebDriverAgentRunner-Runner[1371:144542] <XCTContext: 0x104595720> started activity <XCActivityRecord: 0x10752e840> 2026-07-19 16:27:47 +0000: Find the Application 'com.apple.DocumentManager.DockFolderViewService'
    t =   151.58s     Find the Application 'com.apple.DocumentManager.DockFolderViewService'
23:27:47.606 WebDriverAgentRunner-Runner[1371:144542] Executing query:

23:27:47.607 WebDriverAgentRunner-Runner[1371:144542] Creating future for 'checking for continuity enablement' with timeout 30.00
23:27:47.607 WebDriverAgentRunner-Runner[1371:144542] <XCTWaiter: 0x112de1230> entering wait loop for 30.00s with expectations: `checking for continuity enablement`
23:27:47.608 WebDriverAgentRunner-Runner[1371:144542] Returning result XCTWaiterResultCompleted for synchronous waiter <XCTWaiter: 0x112de1230>
23:27:47.608 WebDriverAgentRunner-Runner[1371:144542] Wait <XCTWaiterWait: 0x112de9300> completed after 0.001s
23:27:47.608 WebDriverAgentRunner-Runner[1371:144542] cleaning up checking for continuity enablement
23:27:47.608 WebDriverAgentRunner-Runner[1371:144542] Should evaluate query remotely? XCTDisableRemoteQueryEvaluation(d-write): YES, hasAutomationSession: YES, supportsRemoteEvaluation: YES
23:27:47.608 WebDriverAgentRunner-Runner[1371:144542] Getting matching snapshots for locally evaluated query
23:27:47.609 WebDriverAgentRunner-Runner[1371:144542] Evaluating query:
 
23:27:47.609 WebDriverAgentRunner-Runner[1371:144542] Getting root element snapshot
23:27:47.609 WebDriverAgentRunner-Runner[1371:144542] Getting snapshot for App element pid: 303 for query 
23:27:47.609 WebDriverAgentRunner-Runner[1371:144542] <XCTContext: 0x104595720> started activity <XCActivityRecord: 0x10752ea70> 2026-07-19 16:27:47 +0000: Requesting snapshot of accessibility hierarchy for app with pid 303
    t =   151.58s         Requesting snapshot of accessibility hierarchy for app with pid 303
23:27:47.609 WebDriverAgentRunner-Runner[1371:144542] Query requires iOS snapshot attributes .
23:27:47.610 WebDriverAgentRunner-Runner[1371:144542] XCUIElementQuery <XCTElementSnapshotProvider> getting snapshot
23:27:47.610 WebDriverAgentRunner-Runner[1371:144542] Snapshot request has custom attributes 
23:27:47.610 WebDriverAgentRunner-Runner[1371:144542] Snapshot request has custom parameters {
    snapshotKeyHonorModalViews = 0;
}
23:27:47.610 WebDriverAgentRunner-Runner[1371:144542] Current snapshot generation is 624
23:27:47.610 WebDriverAgentRunner-Runner[1371:144542] Capturing a new snapshot
23:27:47.610 WebDriverAgentRunner-Runner[1371:144542] Fetching snapshot for App element pid: 303 from testmanagerd with attributes XC_kAXXCAttributeElementType, XC_kAXXCAttributeElementBaseType, XC_kAXXCAttributeParent, XC_kAXXCAttributeIdentifier, XC_kAXXCAttributeAutomationType, XC_kAXXCAttributeTraits and parameters {
    maxArrayCount = 2147483647;
    maxChildren = 2147483647;
    maxDepth = 50;
    snapshotKeyHonorModalViews = 0;
    traverseFromParentsToChildren = 1;
}.
23:27:47.611 WebDriverAgentRunner-Runner[1371:144542] Creating future for 'fetching snapshot from testmanagerd.' with timeout 65.00
23:27:47.611 WebDriverAgentRunner-Runner[1371:144542] <XCTWaiter: 0x112de1fe0> entering wait loop for 65.00s with expectations: `fetching snapshot from testmanagerd.`
23:27:47.621 WebDriverAgentRunner-Runner[1371:145818] Got snapshot response with runtime issue support from testmanagerd.
23:27:47.621 WebDriverAgentRunner-Runner[1371:144542] Returning result XCTWaiterResultCompleted for synchronous waiter <XCTWaiter: 0x112de1fe0>
23:27:47.621 WebDriverAgentRunner-Runner[1371:144542] Wait <XCTWaiterWait: 0x112de95c0> completed after 0.010s
23:27:47.622 WebDriverAgentRunner-Runner[1371:144542] cleaning up fetching snapshot from testmanagerd.
23:27:47.622 WebDriverAgentRunner-Runner[1371:144542] <XCTContext: 0x104595720> finished activity <XCActivityRecord: 0x10752ea70> 2026-07-19 16:27:47 +0000: Requesting snapshot of accessibility hierarchy for app with pid 303 (0.0128191s)
23:27:47.622 WebDriverAgentRunner-Runner[1371:144542] Found matches {(
    App element pid: 303
)} with root App element pid: 303
23:27:47.622 WebDriverAgentRunner-Runner[1371:144542] <XCTContext: 0x104595720> finished activity <XCActivityRecord: 0x10752e840> 2026-07-19 16:27:47 +0000: Find the Application 'com.apple.DocumentManager.DockFolderViewService' (0.0162791s)
23:27:47.622 WebDriverAgentRunner-Runner[1371:144542] <XCTContext: 0x104775f90> started activity <XCActivityRecord: 0x10752e840> 2026-07-19 16:27:47 +0000: Application is configured to skip UI interruption handling
23:27:47.623 WebDriverAgentRunner-Runner[1371:144542] <XCTContext: 0x104775f90> finished activity <XCActivityRecord: 0x10752e840> 2026-07-19 16:27:47 +0000: Application is configured to skip UI interruption handling (0.000254035s)
23:27:47.623 WebDriverAgentRunner-Runner[1371:144542] Creating future for 'checking for continuity enablement' with timeout 30.00
    t =   151.60s Application is configured to skip UI interruption handling
23:27:47.623 WebDriverAgentRunner-Runner[1371:144542] <XCTWaiter: 0x112de10b0> entering wait loop for 30.00s with expectations: `checking for continuity enablement`
23:27:47.624 WebDriverAgentRunner-Runner[1371:144542] Returning result XCTWaiterResultCompleted for synchronous waiter <XCTWaiter: 0x112de10b0>
23:27:47.624 WebDriverAgentRunner-Runner[1371:144542] Wait <XCTWaiterWait: 0x112de9340> completed after 0.001s
23:27:47.624 WebDriverAgentRunner-Runner[1371:144542] cleaning up checking for continuity enablement
23:27:47.624 WebDriverAgentRunner-Runner[1371:144542] Creating future for 'fetching attributes 'XC_kAXXCAttributeElementType', 'XC_kAXXCAttributeElementBaseType', 'XC_kAXXCAttributeTraits', 'XC_kAXXCAttributeAutomationType' for App element pid: 303' with timeout 30.00
23:27:47.624 WebDriverAgentRunner-Runner[1371:144542] <XCTWaiter: 0x112de22e0> entering wait loop for 30.00s with expectations: `fetching attributes 'XC_kAXXCAttributeElementType', 'XC_kAXXCAttributeElementBaseType', 'XC_kAXXCAttributeTraits', 'XC_kAXXCAttributeAutomationType' for App element pid: 303`
23:27:47.626 WebDriverAgentRunner-Runner[1371:144542] Returning result XCTWaiterResultCompleted for synchronous waiter <XCTWaiter: 0x112de22e0>
23:27:47.626 WebDriverAgentRunner-Runner[1371:144542] Wait <XCTWaiterWait: 0x112de8f40> completed after 0.001s
23:27:47.626 WebDriverAgentRunner-Runner[1371:144542] cleaning up fetching attributes 'XC_kAXXCAttributeElementType', 'XC_kAXXCAttributeElementBaseType', 'XC_kAXXCAttributeTraits', 'XC_kAXXCAttributeAutomationType' for App element pid: 303
23:27:47.626 WebDriverAgentRunner-Runner[1371:144542] App element pid: 303 (App element pid: 303) faulted in {
    "XC_kAXXCAttributeAutomationType" = 1;
    "XC_kAXXCAttributeElementBaseType" = UIApplication;
    "XC_kAXXCAttributeElementType" = "DockFolderViewService.Application";
    "XC_kAXXCAttributeTraits" = 0;
}: (no error) for elementType using XC_kAXXCAttributeElementType, XC_kAXXCAttributeElementBaseType, XC_kAXXCAttributeTraits, XC_kAXXCAttributeAutomationType
23:27:47.626 WebDriverAgentRunner-Runner[1371:144542] Computed elementType Application.
23:27:47.626 WebDriverAgentRunner-Runner[1371:144542] <XCTContext: 0x104595720> started activity <XCActivityRecord: 0x10752ea70> 2026-07-19 16:27:47 +0000: Synthesize event
    t =   151.60s     Synthesize event
23:27:47.627 WebDriverAgentRunner-Runner[1371:144542] Creating future for 'checking for continuity enablement' with timeout 30.00
23:27:47.627 WebDriverAgentRunner-Runner[1371:144542] <XCTWaiter: 0x112de1bf0> entering wait loop for 30.00s with expectations: `checking for continuity enablement`
23:27:47.628 WebDriverAgentRunner-Runner[1371:144542] Returning result XCTWaiterResultCompleted for synchronous waiter <XCTWaiter: 0x112de1bf0>
23:27:47.628 WebDriverAgentRunner-Runner[1371:144542] Wait <XCTWaiterWait: 0x112de9740> completed after 0.001s
23:27:47.628 WebDriverAgentRunner-Runner[1371:144542] cleaning up checking for continuity enablement
23:27:47.628 WebDriverAgentRunner-Runner[1371:144542] Creating future for 'fetching attributes 'XC_kAXXCAttributeWindowDisplayId' for App element pid: 303' with timeout 30.00
23:27:47.628 WebDriverAgentRunner-Runner[1371:144542] <XCTWaiter: 0x112de2160> entering wait loop for 30.00s with expectations: `fetching attributes 'XC_kAXXCAttributeWindowDisplayId' for App element pid: 303`
23:27:47.629 WebDriverAgentRunner-Runner[1371:144542] Returning result XCTWaiterResultCompleted for synchronous waiter <XCTWaiter: 0x112de2160>
23:27:47.629 WebDriverAgentRunner-Runner[1371:144542] Wait <XCTWaiterWait: 0x112de9640> completed after 0.001s
23:27:47.630 WebDriverAgentRunner-Runner[1371:144542] cleaning up fetching attributes 'XC_kAXXCAttributeWindowDisplayId' for App element pid: 303
23:27:47.630 WebDriverAgentRunner-Runner[1371:144542] Application, pid: 303 (App element pid: 303) faulted in {
    "XC_kAXXCAttributeWindowDisplayId" = 0;
}: (no error) for displayID using XC_kAXXCAttributeWindowDisplayId
23:27:47.630 WebDriverAgentRunner-Runner[1371:144542] Fetched display ID for Application, pid: 303 was 0, checked nearest remote ancestor (null), got (null)
23:27:47.630 WebDriverAgentRunner-Runner[1371:144542] Creating future for 'getting screen identifiers' with timeout 30.00
23:27:47.630 WebDriverAgentRunner-Runner[1371:144542] <XCTWaiter: 0x112de06c0> entering wait loop for 30.00s with expectations: `getting screen identifiers`
23:27:47.630 WebDriverAgentRunner-Runner[1371:144542] Returning result XCTWaiterResultCompleted for synchronous waiter <XCTWaiter: 0x112de06c0>
23:27:47.630 WebDriverAgentRunner-Runner[1371:144542] Wait <XCTWaiterWait: 0x112de9b80> completed after 0.000s
23:27:47.631 WebDriverAgentRunner-Runner[1371:144542] cleaning up getting screen identifiers
23:27:47.631 WebDriverAgentRunner-Runner[1371:144542] Creating future for 'synthesizing event' with timeout TBD
23:27:47.631 WebDriverAgentRunner-Runner[1371:144542] <XCTContext: 0x104595720> started activity <XCActivityRecord: 0x10752ebc0> 2026-07-19 16:27:47 +0000: Find the Application 'com.apple.DocumentManager.DockFolderViewService'
    t =   151.61s         Find the Application 'com.apple.DocumentManager.DockFolderViewService'
23:27:47.631 WebDriverAgentRunner-Runner[1371:144542] Executing query:

23:27:47.632 WebDriverAgentRunner-Runner[1371:144542] Creating future for 'checking for continuity enablement' with timeout 30.00
23:27:47.632 WebDriverAgentRunner-Runner[1371:144542] <XCTWaiter: 0x112de2760> entering wait loop for 30.00s with expectations: `checking for continuity enablement`
23:27:47.633 WebDriverAgentRunner-Runner[1371:144542] Returning result XCTWaiterResultCompleted for synchronous waiter <XCTWaiter: 0x112de2760>
23:27:47.633 WebDriverAgentRunner-Runner[1371:144542] Wait <XCTWaiterWait: 0x112dea000> completed after 0.001s
23:27:47.633 WebDriverAgentRunner-Runner[1371:144542] cleaning up checking for continuity enablement
23:27:47.633 WebDriverAgentRunner-Runner[1371:144542] Should evaluate query remotely? XCTDisableRemoteQueryEvaluation(d-write): YES, hasAutomationSession: YES, supportsRemoteEvaluation: YES
23:27:47.633 WebDriverAgentRunner-Runner[1371:144542] Getting matching snapshots for locally evaluated query
23:27:47.633 WebDriverAgentRunner-Runner[1371:144542] Evaluating query:
 
23:27:47.633 WebDriverAgentRunner-Runner[1371:144542] Getting root element snapshot
23:27:47.633 WebDriverAgentRunner-Runner[1371:144542] Getting snapshot for App element pid: 303 for query 
23:27:47.634 WebDriverAgentRunner-Runner[1371:144542] <XCTContext: 0x104595720> started activity <XCActivityRecord: 0x10752ec30> 2026-07-19 16:27:47 +0000: Requesting snapshot of accessibility hierarchy for app with pid 303
23:27:47.634 WebDriverAgentRunner-Runner[1371:144542] Query requires iOS snapshot attributes .
23:27:47.634 WebDriverAgentRunner-Runner[1371:144542] XCUIElementQuery <XCTElementSnapshotProvider> getting snapshot
23:27:47.634 WebDriverAgentRunner-Runner[1371:144542] Snapshot request has custom attributes 
23:27:47.634 WebDriverAgentRunner-Runner[1371:144542] Snapshot request has custom parameters {
    snapshotKeyHonorModalViews = 0;
}
23:27:47.634 WebDriverAgentRunner-Runner[1371:144542] Current snapshot generation is 630
23:27:47.634 WebDriverAgentRunner-Runner[1371:144542] Query rootElementSnapshot is non-null with generation count 625
23:27:47.634 WebDriverAgentRunner-Runner[1371:144542] Capturing a new snapshot
23:27:47.634 WebDriverAgentRunner-Runner[1371:144542] Fetching snapshot for App element pid: 303 from testmanagerd with attributes XC_kAXXCAttributeElementType, XC_kAXXCAttributeElementBaseType, XC_kAXXCAttributeParent, XC_kAXXCAttributeIdentifier, XC_kAXXCAttributeAutomationType, XC_kAXXCAttributeTraits and parameters {
    maxArrayCount = 2147483647;
    maxChildren = 2147483647;
    maxDepth = 50;
    snapshotKeyHonorModalViews = 0;
    traverseFromParentsToChildren = 1;
}.
23:27:47.635 WebDriverAgentRunner-Runner[1371:144542] Creating future for 'fetching snapshot from testmanagerd.' with timeout 65.00
23:27:47.635 WebDriverAgentRunner-Runner[1371:144542] <XCTWaiter: 0x112de2e20> entering wait loop for 65.00s with expectations: `fetching snapshot from testmanagerd.`
    t =   151.61s             Requesting snapshot of accessibility hierarchy for app with pid 303
23:27:47.646 WebDriverAgentRunner-Runner[1371:144564] Got snapshot response with runtime issue support from testmanagerd.
23:27:47.647 WebDriverAgentRunner-Runner[1371:144542] Returning result XCTWaiterResultCompleted for synchronous waiter <XCTWaiter: 0x112de2e20>
23:27:47.647 WebDriverAgentRunner-Runner[1371:144542] Wait <XCTWaiterWait: 0x112dea300> completed after 0.012s
23:27:47.647 WebDriverAgentRunner-Runner[1371:144542] cleaning up fetching snapshot from testmanagerd.
23:27:47.647 WebDriverAgentRunner-Runner[1371:144542] <XCTContext: 0x104595720> finished activity <XCActivityRecord: 0x10752ec30> 2026-07-19 16:27:47 +0000: Requesting snapshot of accessibility hierarchy for app with pid 303 (0.013484s)
23:27:47.647 WebDriverAgentRunner-Runner[1371:144542] Found matches {(
    App element pid: 303
)} with root App element pid: 303
23:27:47.648 WebDriverAgentRunner-Runner[1371:144542] <XCTContext: 0x104595720> finished activity <XCActivityRecord: 0x10752ebc0> 2026-07-19 16:27:47 +0000: Find the Application 'com.apple.DocumentManager.DockFolderViewService' (0.0165299s)
23:27:47.648 WebDriverAgentRunner-Runner[1371:144542] Creating future for 'checking for continuity enablement' with timeout 30.00
23:27:47.648 WebDriverAgentRunner-Runner[1371:144542] <XCTWaiter: 0x112de27f0> entering wait loop for 30.00s with expectations: `checking for continuity enablement`
23:27:47.649 WebDriverAgentRunner-Runner[1371:144542] Returning result XCTWaiterResultCompleted for synchronous waiter <XCTWaiter: 0x112de27f0>
23:27:47.649 WebDriverAgentRunner-Runner[1371:144542] Wait <XCTWaiterWait: 0x112de9e80> completed after 0.001s
23:27:47.649 WebDriverAgentRunner-Runner[1371:144542] cleaning up checking for continuity enablement
23:27:47.649 WebDriverAgentRunner-Runner[1371:144542] Creating future for 'fetching attributes 'XC_kAXXCAttributeFrame', 'XC_kAXXCAttributeWindowDisplayId', 'XC_kAXXCAttributeWindowContextId' for App element pid: 303' with timeout 30.00
23:27:47.650 WebDriverAgentRunner-Runner[1371:144542] <XCTWaiter: 0x112de0660> entering wait loop for 30.00s with expectations: `fetching attributes 'XC_kAXXCAttributeFrame', 'XC_kAXXCAttributeWindowDisplayId', 'XC_kAXXCAttributeWindowContextId' for App element pid: 303`
23:27:47.651 WebDriverAgentRunner-Runner[1371:144542] Returning result XCTWaiterResultCompleted for synchronous waiter <XCTWaiter: 0x112de0660>
23:27:47.651 WebDriverAgentRunner-Runner[1371:144542] Wait <XCTWaiterWait: 0x112de84c0> completed after 0.002s
23:27:47.651 WebDriverAgentRunner-Runner[1371:144542] cleaning up fetching attributes 'XC_kAXXCAttributeFrame', 'XC_kAXXCAttributeWindowDisplayId', 'XC_kAXXCAttributeWindowContextId' for App element pid: 303
23:27:47.652 WebDriverAgentRunner-Runner[1371:144542] App element pid: 303 (App element pid: 303) faulted in {
    "XC_kAXXCAttributeFrame" =     {
        Height = 1366;
        Width = 1024;
        X = 0;
        Y = 0;
    };
    "XC_kAXXCAttributeWindowContextId" = 1010993286;
    "XC_kAXXCAttributeWindowDisplayId" = 0;
}: (no error) for frame using XC_kAXXCAttributeFrame, XC_kAXXCAttributeWindowDisplayId, XC_kAXXCAttributeWindowContextId
23:27:47.652 WebDriverAgentRunner-Runner[1371:144542] Creating future for 'checking for continuity enablement' with timeout 30.00
23:27:47.652 WebDriverAgentRunner-Runner[1371:144542] <XCTWaiter: 0x112de2970> entering wait loop for 30.00s with expectations: `checking for continuity enablement`
23:27:47.653 WebDriverAgentRunner-Runner[1371:144542] Returning result XCTWaiterResultCompleted for synchronous waiter <XCTWaiter: 0x112de2970>
23:27:47.653 WebDriverAgentRunner-Runner[1371:144542] Wait <XCTWaiterWait: 0x112dea100> completed after 0.001s
23:27:47.653 WebDriverAgentRunner-Runner[1371:144542] cleaning up checking for continuity enablement
23:27:47.653 WebDriverAgentRunner-Runner[1371:144542] Creating future for 'fetching attributes 'XC_kAXXCAttributeElementType', 'XC_kAXXCAttributeElementBaseType', 'XC_kAXXCAttributeTraits', 'XC_kAXXCAttributeAutomationType' for App element pid: 303' with timeout 30.00
23:27:47.654 WebDriverAgentRunner-Runner[1371:144542] <XCTWaiter: 0x112de2bb0> entering wait loop for 30.00s with expectations: `fetching attributes 'XC_kAXXCAttributeElementType', 'XC_kAXXCAttributeElementBaseType', 'XC_kAXXCAttributeTraits', 'XC_kAXXCAttributeAutomationType' for App element pid: 303`
23:27:47.655 WebDriverAgentRunner-Runner[1371:144542] Returning result XCTWaiterResultCompleted for synchronous waiter <XCTWaiter: 0x112de2bb0>
23:27:47.655 WebDriverAgentRunner-Runner[1371:144542] Wait <XCTWaiterWait: 0x112dea200> completed after 0.002s
23:27:47.655 WebDriverAgentRunner-Runner[1371:144542] cleaning up fetching attributes 'XC_kAXXCAttributeElementType', 'XC_kAXXCAttributeElementBaseType', 'XC_kAXXCAttributeTraits', 'XC_kAXXCAttributeAutomationType' for App element pid: 303
23:27:47.656 WebDriverAgentRunner-Runner[1371:144542] App element pid: 303 (App element pid: 303) faulted in {
    "XC_kAXXCAttributeAutomationType" = 1;
    "XC_kAXXCAttributeElementBaseType" = UIApplication;
    "XC_kAXXCAttributeElementType" = "DockFolderViewService.Application";
    "XC_kAXXCAttributeTraits" = 0;
}: (no error) for elementType using XC_kAXXCAttributeElementType, XC_kAXXCAttributeElementBaseType, XC_kAXXCAttributeTraits, XC_kAXXCAttributeAutomationType
23:27:47.656 WebDriverAgentRunner-Runner[1371:144542] Computed elementType Application.
23:27:47.656 WebDriverAgentRunner-Runner[1371:144542] <XCTContext: 0x104595720> started activity <XCActivityRecord: 0x10752eca0> 2026-07-19 16:27:47 +0000: Find the Application 'com.apple.DocumentManager.DockFolderViewService'
23:27:47.656 WebDriverAgentRunner-Runner[1371:144542] Executing query:

    t =   151.63s         Find the Application 'com.apple.DocumentManager.DockFolderViewService'
23:27:47.656 WebDriverAgentRunner-Runner[1371:144542] Creating future for 'checking for continuity enablement' with timeout 30.00
23:27:47.657 WebDriverAgentRunner-Runner[1371:144542] <XCTWaiter: 0x112de30f0> entering wait loop for 30.00s with expectations: `checking for continuity enablement`
23:27:47.658 WebDriverAgentRunner-Runner[1371:144542] Returning result XCTWaiterResultCompleted for synchronous waiter <XCTWaiter: 0x112de30f0>
23:27:47.658 WebDriverAgentRunner-Runner[1371:144542] Wait <XCTWaiterWait: 0x112dea740> completed after 0.001s
23:27:47.658 WebDriverAgentRunner-Runner[1371:144542] cleaning up checking for continuity enablement
23:27:47.658 WebDriverAgentRunner-Runner[1371:144542] Should evaluate query remotely? XCTDisableRemoteQueryEvaluation(d-write): YES, hasAutomationSession: YES, supportsRemoteEvaluation: YES
23:27:47.658 WebDriverAgentRunner-Runner[1371:144542] Getting matching snapshots for locally evaluated query
23:27:47.658 WebDriverAgentRunner-Runner[1371:144542] Evaluating query:
 
23:27:47.658 WebDriverAgentRunner-Runner[1371:144542] Getting root element snapshot
23:27:47.659 WebDriverAgentRunner-Runner[1371:144542] Getting snapshot for App element pid: 303 for query 
23:27:47.659 WebDriverAgentRunner-Runner[1371:144542] <XCTContext: 0x104595720> started activity <XCActivityRecord: 0x10752ed10> 2026-07-19 16:27:47 +0000: Requesting snapshot of accessibility hierarchy for app with pid 303
    t =   151.63s             Requesting snapshot of accessibility hierarchy for app with pid 303
23:27:47.659 WebDriverAgentRunner-Runner[1371:144542] Query requires iOS snapshot attributes .
23:27:47.659 WebDriverAgentRunner-Runner[1371:144542] XCUIElementQuery <XCTElementSnapshotProvider> getting snapshot
23:27:47.660 WebDriverAgentRunner-Runner[1371:144542] Snapshot request has custom attributes 
23:27:47.660 WebDriverAgentRunner-Runner[1371:144542] Snapshot request has custom parameters {
    snapshotKeyHonorModalViews = 0;
}
23:27:47.660 WebDriverAgentRunner-Runner[1371:144542] Current snapshot generation is 636
23:27:47.660 WebDriverAgentRunner-Runner[1371:144542] Query rootElementSnapshot is non-null with generation count 631
23:27:47.660 WebDriverAgentRunner-Runner[1371:144542] Capturing a new snapshot
23:27:47.660 WebDriverAgentRunner-Runner[1371:144542] Fetching snapshot for App element pid: 303 from testmanagerd with attributes XC_kAXXCAttributeElementType, XC_kAXXCAttributeElementBaseType, XC_kAXXCAttributeParent, XC_kAXXCAttributeIdentifier, XC_kAXXCAttributeAutomationType, XC_kAXXCAttributeTraits and parameters {
    maxArrayCount = 2147483647;
    maxChildren = 2147483647;
    maxDepth = 50;
    snapshotKeyHonorModalViews = 0;
    traverseFromParentsToChildren = 1;
}.
23:27:47.660 WebDriverAgentRunner-Runner[1371:144542] Creating future for 'fetching snapshot from testmanagerd.' with timeout 65.00
23:27:47.661 WebDriverAgentRunner-Runner[1371:144542] <XCTWaiter: 0x112de3870> entering wait loop for 65.00s with expectations: `fetching snapshot from testmanagerd.`
23:27:47.672 WebDriverAgentRunner-Runner[1371:145197] Got snapshot response with runtime issue support from testmanagerd.
23:27:47.672 WebDriverAgentRunner-Runner[1371:144542] Returning result XCTWaiterResultCompleted for synchronous waiter <XCTWaiter: 0x112de3870>
23:27:47.672 WebDriverAgentRunner-Runner[1371:144542] Wait <XCTWaiterWait: 0x112dead00> completed after 0.011s
23:27:47.672 WebDriverAgentRunner-Runner[1371:144542] cleaning up fetching snapshot from testmanagerd.
23:27:47.672 WebDriverAgentRunner-Runner[1371:144542] <XCTContext: 0x104595720> finished activity <XCActivityRecord: 0x10752ed10> 2026-07-19 16:27:47 +0000: Requesting snapshot of accessibility hierarchy for app with pid 303 (0.013659s)
23:27:47.673 WebDriverAgentRunner-Runner[1371:144542] Found matches {(
    App element pid: 303
)} with root App element pid: 303
23:27:47.673 WebDriverAgentRunner-Runner[1371:144542] <XCTContext: 0x104595720> finished activity <XCActivityRecord: 0x10752eca0> 2026-07-19 16:27:47 +0000: Find the Application 'com.apple.DocumentManager.DockFolderViewService' (0.0170259s)
23:27:47.673 WebDriverAgentRunner-Runner[1371:144542] Creating future for 'checking for continuity enablement' with timeout 30.00
23:27:47.673 WebDriverAgentRunner-Runner[1371:144542] <XCTWaiter: 0x112d984b0> entering wait loop for 30.00s with expectations: `checking for continuity enablement`
23:27:47.674 WebDriverAgentRunner-Runner[1371:144542] Returning result XCTWaiterResultCompleted for synchronous waiter <XCTWaiter: 0x112d984b0>
23:27:47.674 WebDriverAgentRunner-Runner[1371:144542] Wait <XCTWaiterWait: 0x112dea5c0> completed after 0.001s
23:27:47.675 WebDriverAgentRunner-Runner[1371:144542] cleaning up checking for continuity enablement
23:27:47.675 WebDriverAgentRunner-Runner[1371:144542] Creating future for 'fetching attributes 'XC_kAXXCAttributeFrame', 'XC_kAXXCAttributeWindowDisplayId', 'XC_kAXXCAttributeWindowContextId' for App element pid: 303' with timeout 30.00
23:27:47.675 WebDriverAgentRunner-Runner[1371:144542] <XCTWaiter: 0x112d983c0> entering wait loop for 30.00s with expectations: `fetching attributes 'XC_kAXXCAttributeFrame', 'XC_kAXXCAttributeWindowDisplayId', 'XC_kAXXCAttributeWindowContextId' for App element pid: 303`
23:27:47.676 WebDriverAgentRunner-Runner[1371:144542] Returning result XCTWaiterResultCompleted for synchronous waiter <XCTWaiter: 0x112d983c0>
23:27:47.677 WebDriverAgentRunner-Runner[1371:144542] Wait <XCTWaiterWait: 0x112dea4c0> completed after 0.002s
23:27:47.677 WebDriverAgentRunner-Runner[1371:144542] cleaning up fetching attributes 'XC_kAXXCAttributeFrame', 'XC_kAXXCAttributeWindowDisplayId', 'XC_kAXXCAttributeWindowContextId' for App element pid: 303
23:27:47.677 WebDriverAgentRunner-Runner[1371:144542] App element pid: 303 (App element pid: 303) faulted in {
    "XC_kAXXCAttributeFrame" =     {
        Height = 1366;
        Width = 1024;
        X = 0;
        Y = 0;
    };
    "XC_kAXXCAttributeWindowContextId" = 1010993286;
    "XC_kAXXCAttributeWindowDisplayId" = 0;
}: (no error) for frame using XC_kAXXCAttributeFrame, XC_kAXXCAttributeWindowDisplayId, XC_kAXXCAttributeWindowContextId
23:27:47.677 WebDriverAgentRunner-Runner[1371:144542] Creating future for 'checking for continuity enablement' with timeout 30.00
23:27:47.677 WebDriverAgentRunner-Runner[1371:144542] <XCTWaiter: 0x112d98870> entering wait loop for 30.00s with expectations: `checking for continuity enablement`
23:27:47.678 WebDriverAgentRunner-Runner[1371:144542] Returning result XCTWaiterResultCompleted for synchronous waiter <XCTWaiter: 0x112d98870>
23:27:47.678 WebDriverAgentRunner-Runner[1371:144542] Wait <XCTWaiterWait: 0x112deac00> completed after 0.001s
23:27:47.679 WebDriverAgentRunner-Runner[1371:144542] cleaning up checking for continuity enablement
23:27:47.679 WebDriverAgentRunner-Runner[1371:144542] Creating future for 'fetching attributes 'XC_kAXXCAttributeElementType', 'XC_kAXXCAttributeElementBaseType', 'XC_kAXXCAttributeTraits', 'XC_kAXXCAttributeAutomationType' for App element pid: 303' with timeout 30.00
23:27:47.679 WebDriverAgentRunner-Runner[1371:144542] <XCTWaiter: 0x112d98a80> entering wait loop for 30.00s with expectations: `fetching attributes 'XC_kAXXCAttributeElementType', 'XC_kAXXCAttributeElementBaseType', 'XC_kAXXCAttributeTraits', 'XC_kAXXCAttributeAutomationType' for App element pid: 303`
23:27:47.680 WebDriverAgentRunner-Runner[1371:144542] Returning result XCTWaiterResultCompleted for synchronous waiter <XCTWaiter: 0x112d98a80>
23:27:47.681 WebDriverAgentRunner-Runner[1371:144542] Wait <XCTWaiterWait: 0x112dea880> completed after 0.002s
23:27:47.681 WebDriverAgentRunner-Runner[1371:144542] cleaning up fetching attributes 'XC_kAXXCAttributeElementType', 'XC_kAXXCAttributeElementBaseType', 'XC_kAXXCAttributeTraits', 'XC_kAXXCAttributeAutomationType' for App element pid: 303
23:27:47.681 WebDriverAgentRunner-Runner[1371:144542] App element pid: 303 (App element pid: 303) faulted in {
    "XC_kAXXCAttributeAutomationType" = 1;
    "XC_kAXXCAttributeElementBaseType" = UIApplication;
    "XC_kAXXCAttributeElementType" = "DockFolderViewService.Application";
    "XC_kAXXCAttributeTraits" = 0;
}: (no error) for elementType using XC_kAXXCAttributeElementType, XC_kAXXCAttributeElementBaseType, XC_kAXXCAttributeTraits, XC_kAXXCAttributeAutomationType
23:27:47.681 WebDriverAgentRunner-Runner[1371:144542] Computed elementType Application.
23:27:47.681 WebDriverAgentRunner-Runner[1371:144542] Creating future for 'getting interface orientation' with timeout 65.00
23:27:47.681 WebDriverAgentRunner-Runner[1371:144542] <XCTWaiter: 0x112d98c00> entering wait loop for 65.00s with expectations: `getting interface orientation`
23:27:47.682 WebDriverAgentRunner-Runner[1371:144542] Returning result XCTWaiterResultCompleted for synchronous waiter <XCTWaiter: 0x112d98c00>
23:27:47.682 WebDriverAgentRunner-Runner[1371:144542] Wait <XCTWaiterWait: 0x112dea600> completed after 0.001s
23:27:47.682 WebDriverAgentRunner-Runner[1371:144542] cleaning up getting interface orientation
23:27:47.682 WebDriverAgentRunner-Runner[1371:144542] Creating future for 'checking for continuity enablement' with timeout 30.00
23:27:47.683 WebDriverAgentRunner-Runner[1371:144542] <XCTWaiter: 0x112d98e10> entering wait loop for 30.00s with expectations: `checking for continuity enablement`
23:27:47.683 WebDriverAgentRunner-Runner[1371:144542] Returning result XCTWaiterResultCompleted for synchronous waiter <XCTWaiter: 0x112d98e10>
23:27:47.684 WebDriverAgentRunner-Runner[1371:144542] Wait <XCTWaiterWait: 0x112dea9c0> completed after 0.001s
23:27:47.684 WebDriverAgentRunner-Runner[1371:144542] cleaning up checking for continuity enablement
23:27:47.684 WebDriverAgentRunner-Runner[1371:144542] Creating future for 'fetching attributes 'XC_kAXXCAttributeWindowDisplayId' for App element pid: 303' with timeout 30.00
23:27:47.684 WebDriverAgentRunner-Runner[1371:144542] <XCTWaiter: 0x112d99050> entering wait loop for 30.00s with expectations: `fetching attributes 'XC_kAXXCAttributeWindowDisplayId' for App element pid: 303`
23:27:47.685 WebDriverAgentRunner-Runner[1371:144542] Returning result XCTWaiterResultCompleted for synchronous waiter <XCTWaiter: 0x112d99050>
23:27:47.686 WebDriverAgentRunner-Runner[1371:144542] Wait <XCTWaiterWait: 0x112deac40> completed after 0.001s
23:27:47.686 WebDriverAgentRunner-Runner[1371:144542] cleaning up fetching attributes 'XC_kAXXCAttributeWindowDisplayId' for App element pid: 303
23:27:47.686 WebDriverAgentRunner-Runner[1371:144542] Application, pid: 303 (App element pid: 303) faulted in {
    "XC_kAXXCAttributeWindowDisplayId" = 0;
}: (no error) for displayID using XC_kAXXCAttributeWindowDisplayId
23:27:47.686 WebDriverAgentRunner-Runner[1371:144542] Fetched display ID for Application, pid: 303 was 0, checked nearest remote ancestor (null), got (null)
23:27:47.686 WebDriverAgentRunner-Runner[1371:144542] Creating future for 'getting screen identifiers' with timeout 30.00
23:27:47.686 WebDriverAgentRunner-Runner[1371:144542] <XCTWaiter: 0x112d9bea0> entering wait loop for 30.00s with expectations: `getting screen identifiers`
23:27:47.687 WebDriverAgentRunner-Runner[1371:144542] Returning result XCTWaiterResultCompleted for synchronous waiter <XCTWaiter: 0x112d9bea0>
23:27:47.687 WebDriverAgentRunner-Runner[1371:144542] Wait <XCTWaiterWait: 0x112dead00> completed after 0.000s
23:27:47.687 WebDriverAgentRunner-Runner[1371:144542] cleaning up getting screen identifiers
23:27:47.687 WebDriverAgentRunner-Runner[1371:144542] Creating future for 'getting screen bounds' with timeout 30.00
23:27:47.687 WebDriverAgentRunner-Runner[1371:144542] <XCTWaiter: 0x112d99470> entering wait loop for 30.00s with expectations: `getting screen bounds`
23:27:47.687 WebDriverAgentRunner-Runner[1371:144542] Returning result XCTWaiterResultCompleted for synchronous waiter <XCTWaiter: 0x112d99470>
23:27:47.688 WebDriverAgentRunner-Runner[1371:144542] Wait <XCTWaiterWait: 0x112deaec0> completed after 0.000s
23:27:47.688 WebDriverAgentRunner-Runner[1371:144542] cleaning up getting screen bounds
23:27:47.688 WebDriverAgentRunner-Runner[1371:144542] Creating future for 'getting screen scale' with timeout 30.00
23:27:47.688 WebDriverAgentRunner-Runner[1371:144542] <XCTWaiter: 0x112d9aa90> entering wait loop for 30.00s with expectations: `getting screen scale`
23:27:47.689 WebDriverAgentRunner-Runner[1371:144542] Returning result XCTWaiterResultCompleted for synchronous waiter <XCTWaiter: 0x112d9aa90>
23:27:47.689 WebDriverAgentRunner-Runner[1371:144542] Wait <XCTWaiterWait: 0x112deaec0> completed after 0.000s
23:27:47.689 WebDriverAgentRunner-Runner[1371:144542] cleaning up getting screen scale
23:27:47.689 WebDriverAgentRunner-Runner[1371:144542] Creating future for 'checking for continuity enablement' with timeout 30.00
23:27:47.689 WebDriverAgentRunner-Runner[1371:144542] <XCTWaiter: 0x112d99890> entering wait loop for 30.00s with expectations: `checking for continuity enablement`
23:27:47.691 WebDriverAgentRunner-Runner[1371:144542] Returning result XCTWaiterResultCompleted for synchronous waiter <XCTWaiter: 0x112d99890>
23:27:47.691 WebDriverAgentRunner-Runner[1371:144542] Wait <XCTWaiterWait: 0x112deb1c0> completed after 0.001s
23:27:47.691 WebDriverAgentRunner-Runner[1371:144542] cleaning up checking for continuity enablement
23:27:47.691 WebDriverAgentRunner-Runner[1371:144542] Creating future for 'fetching attributes 'XC_kAXXCAttributeWindowDisplayId' for App element pid: 303' with timeout 30.00
23:27:47.691 WebDriverAgentRunner-Runner[1371:144542] <XCTWaiter: 0x112d99770> entering wait loop for 30.00s with expectations: `fetching attributes 'XC_kAXXCAttributeWindowDisplayId' for App element pid: 303`
23:27:47.692 WebDriverAgentRunner-Runner[1371:144542] Returning result XCTWaiterResultCompleted for synchronous waiter <XCTWaiter: 0x112d99770>
23:27:47.692 WebDriverAgentRunner-Runner[1371:144542] Wait <XCTWaiterWait: 0x112deb7c0> completed after 0.001s
23:27:47.693 WebDriverAgentRunner-Runner[1371:144542] cleaning up fetching attributes 'XC_kAXXCAttributeWindowDisplayId' for App element pid: 303
23:27:47.693 WebDriverAgentRunner-Runner[1371:144542] Application, pid: 303 (App element pid: 303) faulted in {
    "XC_kAXXCAttributeWindowDisplayId" = 0;
}: (no error) for displayID using XC_kAXXCAttributeWindowDisplayId
23:27:47.693 WebDriverAgentRunner-Runner[1371:144542] Fetched display ID for Application, pid: 303 was 0, checked nearest remote ancestor (null), got (null)
23:27:47.693 WebDriverAgentRunner-Runner[1371:144542] Creating future for 'getting interface orientation' with timeout 65.00
23:27:47.693 WebDriverAgentRunner-Runner[1371:144542] <XCTWaiter: 0x112d99bc0> entering wait loop for 65.00s with expectations: `getting interface orientation`
23:27:47.693 WebDriverAgentRunner-Runner[1371:144542] Returning result XCTWaiterResultCompleted for synchronous waiter <XCTWaiter: 0x112d99bc0>
23:27:47.694 WebDriverAgentRunner-Runner[1371:144542] Wait <XCTWaiterWait: 0x112deb9c0> completed after 0.001s
23:27:47.694 WebDriverAgentRunner-Runner[1371:144542] cleaning up getting interface orientation
23:27:47.694 WebDriverAgentRunner-Runner[1371:144542] <XCTContext: 0x104595720> started activity <XCActivityRecord: 0x10752e7d0> 2026-07-19 16:27:47 +0000: Find the Application 'com.apple.DocumentManager.DockFolderViewService'
    t =   151.67s         Find the Application 'com.apple.DocumentManager.DockFolderViewService'
23:27:47.695 WebDriverAgentRunner-Runner[1371:144542] Executing query:

23:27:47.696 WebDriverAgentRunner-Runner[1371:144542] Creating future for 'checking for continuity enablement' with timeout 30.00
23:27:47.696 WebDriverAgentRunner-Runner[1371:144542] <XCTWaiter: 0x112d99e90> entering wait loop for 30.00s with expectations: `checking for continuity enablement`
23:27:47.697 WebDriverAgentRunner-Runner[1371:144542] Returning result XCTWaiterResultCompleted for synchronous waiter <XCTWaiter: 0x112d99e90>
23:27:47.697 WebDriverAgentRunner-Runner[1371:144542] Wait <XCTWaiterWait: 0x112debb80> completed after 0.001s
23:27:47.698 WebDriverAgentRunner-Runner[1371:144542] cleaning up checking for continuity enablement
23:27:47.698 WebDriverAgentRunner-Runner[1371:144542] Should evaluate query remotely? XCTDisableRemoteQueryEvaluation(d-write): YES, hasAutomationSession: YES, supportsRemoteEvaluation: YES
23:27:47.698 WebDriverAgentRunner-Runner[1371:144542] Getting matching snapshots for locally evaluated query
23:27:47.698 WebDriverAgentRunner-Runner[1371:144542] Evaluating query:
 
23:27:47.698 WebDriverAgentRunner-Runner[1371:144542] Getting root element snapshot
23:27:47.698 WebDriverAgentRunner-Runner[1371:144542] Getting snapshot for App element pid: 303 for query 
23:27:47.698 WebDriverAgentRunner-Runner[1371:144542] <XCTContext: 0x104595720> started activity <XCActivityRecord: 0x10752e8b0> 2026-07-19 16:27:47 +0000: Requesting snapshot of accessibility hierarchy for app with pid 303
    t =   151.67s             Requesting snapshot of accessibility hierarchy for app with pid 303
23:27:47.699 WebDriverAgentRunner-Runner[1371:144542] Query requires iOS snapshot attributes .
23:27:47.699 WebDriverAgentRunner-Runner[1371:144542] XCUIElementQuery <XCTElementSnapshotProvider> getting snapshot
23:27:47.699 WebDriverAgentRunner-Runner[1371:144542] Snapshot request has custom attributes 
23:27:47.699 WebDriverAgentRunner-Runner[1371:144542] Snapshot request has custom parameters {
    snapshotKeyHonorModalViews = 0;
}
23:27:47.700 WebDriverAgentRunner-Runner[1371:144542] Current snapshot generation is 648
23:27:47.700 WebDriverAgentRunner-Runner[1371:144542] Query rootElementSnapshot is non-null with generation count 637
23:27:47.700 WebDriverAgentRunner-Runner[1371:144542] Capturing a new snapshot
23:27:47.700 WebDriverAgentRunner-Runner[1371:144542] Fetching snapshot for App element pid: 303 from testmanagerd with attributes XC_kAXXCAttributeElementType, XC_kAXXCAttributeElementBaseType, XC_kAXXCAttributeParent, XC_kAXXCAttributeIdentifier, XC_kAXXCAttributeAutomationType, XC_kAXXCAttributeTraits and parameters {
    maxArrayCount = 2147483647;
    maxChildren = 2147483647;
    maxDepth = 50;
    snapshotKeyHonorModalViews = 0;
    traverseFromParentsToChildren = 1;
}.
23:27:47.700 WebDriverAgentRunner-Runner[1371:144542] Creating future for 'fetching snapshot from testmanagerd.' with timeout 65.00
23:27:47.701 WebDriverAgentRunner-Runner[1371:144542] <XCTWaiter: 0x112d9a940> entering wait loop for 65.00s with expectations: `fetching snapshot from testmanagerd.`
23:27:47.711 WebDriverAgentRunner-Runner[1371:145453] Got snapshot response with runtime issue support from testmanagerd.
23:27:47.711 WebDriverAgentRunner-Runner[1371:144542] Returning result XCTWaiterResultCompleted for synchronous waiter <XCTWaiter: 0x112d9a940>
23:27:47.711 WebDriverAgentRunner-Runner[1371:144542] Wait <XCTWaiterWait: 0x112d91e80> completed after 0.011s
23:27:47.711 WebDriverAgentRunner-Runner[1371:144542] cleaning up fetching snapshot from testmanagerd.
23:27:47.712 WebDriverAgentRunner-Runner[1371:144542] <XCTContext: 0x104595720> finished activity <XCActivityRecord: 0x10752e8b0> 2026-07-19 16:27:47 +0000: Requesting snapshot of accessibility hierarchy for app with pid 303 (0.0131661s)
23:27:47.712 WebDriverAgentRunner-Runner[1371:144542] Found matches {(
    App element pid: 303
)} with root App element pid: 303
23:27:47.712 WebDriverAgentRunner-Runner[1371:144542] <XCTContext: 0x104595720> finished activity <XCActivityRecord: 0x10752e7d0> 2026-07-19 16:27:47 +0000: Find the Application 'com.apple.DocumentManager.DockFolderViewService' (0.0177929s)
23:27:47.712 WebDriverAgentRunner-Runner[1371:144542] Creating future for 'checking for continuity enablement' with timeout 30.00
23:27:47.713 WebDriverAgentRunner-Runner[1371:144542] <XCTWaiter: 0x112d99aa0> entering wait loop for 30.00s with expectations: `checking for continuity enablement`
23:27:47.714 WebDriverAgentRunner-Runner[1371:144542] Returning result XCTWaiterResultCompleted for synchronous waiter <XCTWaiter: 0x112d99aa0>
23:27:47.714 WebDriverAgentRunner-Runner[1371:144542] Wait <XCTWaiterWait: 0x112d93cc0> completed after 0.001s
23:27:47.714 WebDriverAgentRunner-Runner[1371:144542] cleaning up checking for continuity enablement
23:27:47.714 WebDriverAgentRunner-Runner[1371:144542] Creating future for 'fetching attributes 'XC_kAXXCAttributeFrame', 'XC_kAXXCAttributeWindowDisplayId', 'XC_kAXXCAttributeWindowContextId' for App element pid: 303' with timeout 30.00
23:27:47.714 WebDriverAgentRunner-Runner[1371:144542] <XCTWaiter: 0x112d99410> entering wait loop for 30.00s with expectations: `fetching attributes 'XC_kAXXCAttributeFrame', 'XC_kAXXCAttributeWindowDisplayId', 'XC_kAXXCAttributeWindowContextId' for App element pid: 303`
23:27:47.716 WebDriverAgentRunner-Runner[1371:144542] Returning result XCTWaiterResultCompleted for synchronous waiter <XCTWaiter: 0x112d99410>
23:27:47.716 WebDriverAgentRunner-Runner[1371:144542] Wait <XCTWaiterWait: 0x112d93bc0> completed after 0.002s
23:27:47.716 WebDriverAgentRunner-Runner[1371:144542] cleaning up fetching attributes 'XC_kAXXCAttributeFrame', 'XC_kAXXCAttributeWindowDisplayId', 'XC_kAXXCAttributeWindowContextId' for App element pid: 303
23:27:47.716 WebDriverAgentRunner-Runner[1371:144542] App element pid: 303 (App element pid: 303) faulted in {
    "XC_kAXXCAttributeFrame" =     {
        Height = 1366;
        Width = 1024;
        X = 0;
        Y = 0;
    };
    "XC_kAXXCAttributeWindowContextId" = 1010993286;
    "XC_kAXXCAttributeWindowDisplayId" = 0;
}: (no error) for frame using XC_kAXXCAttributeFrame, XC_kAXXCAttributeWindowDisplayId, XC_kAXXCAttributeWindowContextId
23:27:47.716 WebDriverAgentRunner-Runner[1371:144542] Creating future for 'checking for continuity enablement' with timeout 30.00
23:27:47.716 WebDriverAgentRunner-Runner[1371:144542] <XCTWaiter: 0x112d9a130> entering wait loop for 30.00s with expectations: `checking for continuity enablement`
23:27:47.717 WebDriverAgentRunner-Runner[1371:144542] Returning result XCTWaiterResultCompleted for synchronous waiter <XCTWaiter: 0x112d9a130>
23:27:47.717 WebDriverAgentRunner-Runner[1371:144542] Wait <XCTWaiterWait: 0x112d92100> completed after 0.001s
23:27:47.717 WebDriverAgentRunner-Runner[1371:144542] cleaning up checking for continuity enablement
23:27:47.717 WebDriverAgentRunner-Runner[1371:144542] Creating future for 'fetching attributes 'XC_kAXXCAttributeElementType', 'XC_kAXXCAttributeElementBaseType', 'XC_kAXXCAttributeTraits', 'XC_kAXXCAttributeAutomationType' for App element pid: 303' with timeout 30.00
23:27:47.718 WebDriverAgentRunner-Runner[1371:144542] <XCTWaiter: 0x112d9a400> entering wait loop for 30.00s with expectations: `fetching attributes 'XC_kAXXCAttributeElementType', 'XC_kAXXCAttributeElementBaseType', 'XC_kAXXCAttributeTraits', 'XC_kAXXCAttributeAutomationType' for App element pid: 303`
23:27:47.719 WebDriverAgentRunner-Runner[1371:144542] Returning result XCTWaiterResultCompleted for synchronous waiter <XCTWaiter: 0x112d9a400>
23:27:47.719 WebDriverAgentRunner-Runner[1371:144542] Wait <XCTWaiterWait: 0x112d93dc0> completed after 0.001s
23:27:47.719 WebDriverAgentRunner-Runner[1371:144542] cleaning up fetching attributes 'XC_kAXXCAttributeElementType', 'XC_kAXXCAttributeElementBaseType', 'XC_kAXXCAttributeTraits', 'XC_kAXXCAttributeAutomationType' for App element pid: 303
23:27:47.719 WebDriverAgentRunner-Runner[1371:144542] App element pid: 303 (App element pid: 303) faulted in {
    "XC_kAXXCAttributeAutomationType" = 1;
    "XC_kAXXCAttributeElementBaseType" = UIApplication;
    "XC_kAXXCAttributeElementType" = "DockFolderViewService.Application";
    "XC_kAXXCAttributeTraits" = 0;
}: (no error) for elementType using XC_kAXXCAttributeElementType, XC_kAXXCAttributeElementBaseType, XC_kAXXCAttributeTraits, XC_kAXXCAttributeAutomationType
23:27:47.719 WebDriverAgentRunner-Runner[1371:144542] Computed elementType Application.
23:27:47.719 WebDriverAgentRunner-Runner[1371:144542] Creating future for 'checking for continuity enablement' with timeout 30.00
23:27:47.720 WebDriverAgentRunner-Runner[1371:144542] <XCTWaiter: 0x112d9ad60> entering wait loop for 30.00s with expectations: `checking for continuity enablement`
23:27:47.720 WebDriverAgentRunner-Runner[1371:144542] Returning result XCTWaiterResultCompleted for synchronous waiter <XCTWaiter: 0x112d9ad60>
23:27:47.721 WebDriverAgentRunner-Runner[1371:144542] Wait <XCTWaiterWait: 0x112d92580> completed after 0.001s
23:27:47.721 WebDriverAgentRunner-Runner[1371:144542] cleaning up checking for continuity enablement
23:27:47.721 WebDriverAgentRunner-Runner[1371:144542] Creating future for 'fetching attributes 'XC_kAXXCAttributeSystemAutomationProperties' for App element pid: 303' with timeout 30.00
23:27:47.721 WebDriverAgentRunner-Runner[1371:144542] <XCTWaiter: 0x112d9afa0> entering wait loop for 30.00s with expectations: `fetching attributes 'XC_kAXXCAttributeSystemAutomationProperties' for App element pid: 303`
23:27:47.722 WebDriverAgentRunner-Runner[1371:144542] Returning result XCTWaiterResultCompleted for synchronous waiter <XCTWaiter: 0x112d9afa0>
23:27:47.722 WebDriverAgentRunner-Runner[1371:144542] Wait <XCTWaiterWait: 0x112d92800> completed after 0.001s
23:27:47.722 WebDriverAgentRunner-Runner[1371:144542] cleaning up fetching attributes 'XC_kAXXCAttributeSystemAutomationProperties' for App element pid: 303
23:27:47.723 WebDriverAgentRunner-Runner[1371:144542] Application, pid: 303 (App element pid: 303) faulted in {
}: (no error) for systemAutomationProperties using XC_kAXXCAttributeSystemAutomationProperties
23:27:47.723 WebDriverAgentRunner-Runner[1371:144542] Requesting local synthesis of event: 
<XCSynthesizedEventRecord 'tap display 0'>
Path 1:
	Touch down at 1242.0, 527.0, offset=0.00s
	Touch up at 1242.0, 527.0, offset=0.05s
23:27:47.723 WebDriverAgentRunner-Runner[1371:144542] Event upper bound on duration 30.05
23:27:47.723 WebDriverAgentRunner-Runner[1371:144542] Computed timeout 30.05 for future for 'synthesizing event'
23:27:47.723 WebDriverAgentRunner-Runner[1371:144542] <XCTWaiter: 0x112d9b600> entering wait loop for 30.05s with expectations: `synthesizing event`
23:27:47.802 WebDriverAgentRunner-Runner[1371:145197] Handling kAXUserTestingNotification
23:27:47.803 WebDriverAgentRunner-Runner[1371:145197] Received kAXUserTestingNotification from AX element pid: 174, elementOrHash.elementID: 0.1: {
    event = TouchEventsCompleted;
}
23:27:47.803 WebDriverAgentRunner-Runner[1371:145197] Handling kAXUserTestingNotification
23:27:47.803 WebDriverAgentRunner-Runner[1371:145197] Received kAXUserTestingNotification from AX element pid: 174, elementOrHash.elementID: 0.1: {
    event = TouchEventsCompleted;
}
23:27:47.999 WebDriverAgentRunner-Runner[1371:144564] Got event completion callback
23:27:47.999 WebDriverAgentRunner-Runner[1371:144542] Returning result XCTWaiterResultCompleted for synchronous waiter <XCTWaiter: 0x112d9b600>
23:27:47.999 WebDriverAgentRunner-Runner[1371:144542] Wait <XCTWaiterWait: 0x112d92a80> completed after 0.276s
23:27:47.999 WebDriverAgentRunner-Runner[1371:144542] cleaning up synthesizing event
23:27:47.999 WebDriverAgentRunner-Runner[1371:144542] Cancelation not currently supported for daemon event requests - this is a no-op.
23:27:48.000 WebDriverAgentRunner-Runner[1371:144542] Creating future for 'getting screen scale' with timeout 30.00
23:27:48.000 WebDriverAgentRunner-Runner[1371:144542] <XCTWaiter: 0x112d9b9f0> entering wait loop for 30.00s with expectations: `getting screen scale`
23:27:48.000 WebDriverAgentRunner-Runner[1371:144542] Returning result XCTWaiterResultCompleted for synchronous waiter <XCTWaiter: 0x112d9b9f0>
23:27:48.000 WebDriverAgentRunner-Runner[1371:144542] Wait <XCTWaiterWait: 0x112d930c0> completed after 0.000s
23:27:48.000 WebDriverAgentRunner-Runner[1371:144542] cleaning up getting screen scale
23:27:48.000 WebDriverAgentRunner-Runner[1371:144542] Event synthesis future completed in 0.28s
23:27:48.000 WebDriverAgentRunner-Runner[1371:144542] <XCTContext: 0x104595720> finished activity <XCActivityRecord: 0x10752ea70> 2026-07-19 16:27:47 +0000: Synthesize event (0.373861s)
23:27:48.001 WebDriverAgentRunner-Runner[1371:144542] Overriding application state timeout, 60.0 -> 10.0
23:27:48.001 WebDriverAgentRunner-Runner[1371:144542] <XCTContext: 0x104595720> started activity <XCActivityRecord: 0x10752eae0> 2026-07-19 16:27:48 +0000: Wait for com.apple.DocumentManager.DockFolderViewService to idle
23:27:48.001 WebDriverAgentRunner-Runner[1371:144542] Creating future for 'getting screen identifiers' with timeout 30.00
23:27:48.001 WebDriverAgentRunner-Runner[1371:144542] <XCTWaiter: 0x112d98720> entering wait loop for 30.00s with expectations: `getting screen identifiers`
    t =   151.98s     Wait for com.apple.DocumentManager.DockFolderViewService to idle
23:27:48.001 WebDriverAgentRunner-Runner[1371:144542] Returning result XCTWaiterResultCompleted for synchronous waiter <XCTWaiter: 0x112d98720>
23:27:48.001 WebDriverAgentRunner-Runner[1371:144542] Wait <XCTWaiterWait: 0x112d91b80> completed after 0.000s
23:27:48.001 WebDriverAgentRunner-Runner[1371:144542] cleaning up getting screen identifiers
23:27:48.001 WebDriverAgentRunner-Runner[1371:144542] Waiting for com.apple.DocumentManager.DockFolderViewService (PID 303) quiescence...
23:27:48.001 WebDriverAgentRunner-Runner[1371:144564] com.apple.DocumentManager.DockFolderViewService (pid:303) eventLoopHasIdled YES -> NO
23:27:48.002 WebDriverAgentRunner-Runner[1371:145818] Posting KVO notifications for eventLoopHasIdled
23:27:48.002 WebDriverAgentRunner-Runner[1371:144542] Requesting main run loop idle notification using automation session for com.apple.DocumentManager.DockFolderViewService (pid:303)
23:27:48.002 WebDriverAgentRunner-Runner[1371:145818] com.apple.DocumentManager.DockFolderViewService (pid:303) animationsHaveFinished YES -> NO
23:27:48.002 WebDriverAgentRunner-Runner[1371:144564] Posting KVO notifications for animationsHaveFinished
23:27:48.002 WebDriverAgentRunner-Runner[1371:144542] Requesting animations idle notification using automation session for com.apple.DocumentManager.DockFolderViewService (pid:303)
23:27:48.002 WebDriverAgentRunner-Runner[1371:144542] Waiting on quiescence state variables
23:27:48.002 WebDriverAgentRunner-Runner[1371:145818] Got event loop idle reply for com.apple.DocumentManager.DockFolderViewService (PID 303)
23:27:48.002 WebDriverAgentRunner-Runner[1371:144542] KVO change: checked status of Expect value of 'foreground' of com.apple.DocumentManager.DockFolderViewService (pid:303) to be '0': fulfill=NO
23:27:48.002 WebDriverAgentRunner-Runner[1371:145818] Event loop is idle.
23:27:48.003 WebDriverAgentRunner-Runner[1371:144542] KVO change: checked status of Expect value of 'foreground' of com.apple.DocumentManager.DockFolderViewService (pid:303) to be '0': fulfill=NO
23:27:48.003 WebDriverAgentRunner-Runner[1371:145837] com.apple.DocumentManager.DockFolderViewService (pid:303) eventLoopHasIdled NO -> YES
23:27:48.003 WebDriverAgentRunner-Runner[1371:144542] isQuiescent: self.eventLoopHasIdled: NO && self.animationsHaveFinished: NO
23:27:48.003 WebDriverAgentRunner-Runner[1371:145453] Posting KVO notifications for eventLoopHasIdled
23:27:48.003 WebDriverAgentRunner-Runner[1371:145818] Got animations reply for com.apple.DocumentManager.DockFolderViewService (PID 303)
23:27:48.003 WebDriverAgentRunner-Runner[1371:144542] KVO change: checked status of Expect value of 'isQuiescent' of com.apple.DocumentManager.DockFolderViewService (pid:303) to be '1': fulfill=NO
23:27:48.003 WebDriverAgentRunner-Runner[1371:145818] Animations are not active.
23:27:48.003 WebDriverAgentRunner-Runner[1371:144542] isQuiescent: self.eventLoopHasIdled: YES && self.animationsHaveFinished: NO
23:27:48.004 WebDriverAgentRunner-Runner[1371:145453] com.apple.DocumentManager.DockFolderViewService (pid:303) animationsHaveFinished NO -> YES
23:27:48.004 WebDriverAgentRunner-Runner[1371:145818] Posting KVO notifications for animationsHaveFinished
23:27:48.004 WebDriverAgentRunner-Runner[1371:144542] KVO change: checked status of Expect value of 'isQuiescent' of com.apple.DocumentManager.DockFolderViewService (pid:303) to be '1': fulfill=YES
23:27:48.004 WebDriverAgentRunner-Runner[1371:145818] isQuiescent: self.eventLoopHasIdled: YES && self.animationsHaveFinished: YES
23:27:48.004 WebDriverAgentRunner-Runner[1371:144542] Fulfilling (Expect value of 'foreground' of com.apple.DocumentManager.DockFolderViewService (pid:303) to be '0' OR Expect value of 'isQuiescent' of com.apple.DocumentManager.DockFolderViewService (pid:303) to be '1') because Expect value of 'isQuiescent' of com.apple.DocumentManager.DockFolderViewService (pid:303) to be '1' is fulfilled
23:27:48.004 WebDriverAgentRunner-Runner[1371:145818] isQuiescent: self.eventLoopHasIdled: YES && self.animationsHaveFinished: YES
23:27:48.004 WebDriverAgentRunner-Runner[1371:144542] <XCTWaiter: 0x112d98b70> entering wait loop for 10.00s with expectations: `(Expect value of 'foreground' of com.apple.DocumentManager.DockFolderViewService (pid:303) to be '0' OR Expect value of 'isQuiescent' of com.apple.DocumentManager.DockFolderViewService (pid:303) to be '1')`
23:27:48.004 WebDriverAgentRunner-Runner[1371:145818] KVO change: checked status of Expect value of 'isQuiescent' of com.apple.DocumentManager.DockFolderViewService (pid:303) to be '1': fulfill=YES
23:27:48.004 WebDriverAgentRunner-Runner[1371:144542] Returning result XCTWaiterResultCompleted for synchronous waiter <XCTWaiter: 0x112d98b70>
23:27:48.005 WebDriverAgentRunner-Runner[1371:144542] Wait <XCTWaiterWait: 0x112d92280> completed after 0.000s
23:27:48.005 WebDriverAgentRunner-Runner[1371:144542] cleaning up (Expect value of 'foreground' of com.apple.DocumentManager.DockFolderViewService (pid:303) to be '0' OR Expect value of 'isQuiescent' of com.apple.DocumentManager.DockFolderViewService (pid:303) to be '1')
23:27:48.005 WebDriverAgentRunner-Runner[1371:144542] cleaning up Expect value of 'foreground' of com.apple.DocumentManager.DockFolderViewService (pid:303) to be '0'
23:27:48.005 WebDriverAgentRunner-Runner[1371:144542] cleaning up Expect value of 'foreground' of com.apple.DocumentManager.DockFolderViewService (pid:303) to be '0'
23:27:48.005 WebDriverAgentRunner-Runner[1371:144542] cleaning up Expect value of 'isQuiescent' of com.apple.DocumentManager.DockFolderViewService (pid:303) to be '1'
23:27:48.005 WebDriverAgentRunner-Runner[1371:144542] cleaning up Expect value of 'isQuiescent' of com.apple.DocumentManager.DockFolderViewService (pid:303) to be '1'
23:27:48.005 WebDriverAgentRunner-Runner[1371:144542] com.apple.DocumentManager.DockFolderViewService has quiesced or quiescence timeout has elapsed.
23:27:48.005 WebDriverAgentRunner-Runner[1371:144542] <XCTContext: 0x104595720> finished activity <XCActivityRecord: 0x10752eae0> 2026-07-19 16:27:48 +0000: Wait for com.apple.DocumentManager.DockFolderViewService to idle (0.00465596s)
23:27:48.006 WebDriverAgentRunner-Runner[1371:144542] Overriding application state timeout, 10.0 -> 60.0
23:27:48.006 WebDriverAgentRunner-Runner[1371:144542] <XCTContext: 0x104595720> finished activity <XCActivityRecord: 0x10752e370> 2026-07-19 16:27:47 +0000: Tap Application 'com.apple.DocumentManager.DockFolderViewService'[0.00, 0.00] -> (1242.0, 527.0) (0.413236s)
23:27:48.007 WebDriverAgentRunner-Runner[1371:144542] Creating future for 'fetching attributes 'XC_kAXXCAttributeSystemAppApplication' for Device system-wide element' with timeout 65.00
23:27:48.007 WebDriverAgentRunner-Runner[1371:144542] <XCTWaiter: 0x112d98a80> entering wait loop for 65.00s with expectations: `fetching attributes 'XC_kAXXCAttributeSystemAppApplication' for Device system-wide element`
23:27:48.008 WebDriverAgentRunner-Runner[1371:145818] Got attribute fetch response with values {
    "XC_kAXXCAttributeSystemAppApplication" = "AX element pid: 174, elementOrHash.elementID: 0.1";
}, error: (null)
23:27:48.008 WebDriverAgentRunner-Runner[1371:144542] Returning result XCTWaiterResultCompleted for synchronous waiter <XCTWaiter: 0x112d98a80>
23:27:48.008 WebDriverAgentRunner-Runner[1371:144542] Wait <XCTWaiterWait: 0x112d91f40> completed after 0.001s
23:27:48.008 WebDriverAgentRunner-Runner[1371:144542] cleaning up fetching attributes 'XC_kAXXCAttributeSystemAppApplication' for Device system-wide element
23:27:48.008 WebDriverAgentRunner-Runner[1371:144542] Creating future for 'fetching attributes 'XC_kAXXCAttributeFocusedApplications' for AX element pid: 174, elementOrHash.elementID: 0.1' with timeout 65.00
23:27:48.008 WebDriverAgentRunner-Runner[1371:144542] <XCTWaiter: 0x112d98270> entering wait loop for 65.00s with expectations: `fetching attributes 'XC_kAXXCAttributeFocusedApplications' for AX element pid: 174, elementOrHash.elementID: 0.1`
23:27:48.011 WebDriverAgentRunner-Runner[1371:145818] Got attribute fetch response with values {
    "XC_kAXXCAttributeFocusedApplications" =     (
        "AX element pid: 303, elementOrHash.elementID: 0.1",
        "AX element pid: 174, elementOrHash.elementID: 0.1"
    );
}, error: (null)
23:27:48.011 WebDriverAgentRunner-Runner[1371:144542] Returning result XCTWaiterResultCompleted for synchronous waiter <XCTWaiter: 0x112d98270>
23:27:48.011 WebDriverAgentRunner-Runner[1371:144542] Wait <XCTWaiterWait: 0x112d91b80> completed after 0.003s
23:27:48.011 WebDriverAgentRunner-Runner[1371:144542] cleaning up fetching attributes 'XC_kAXXCAttributeFocusedApplications' for AX element pid: 174, elementOrHash.elementID: 0.1
23:27:48.011 WebDriverAgentRunner-Runner[1371:144542] Active application elements: (
    "AX element pid: 303, elementOrHash.elementID: 0.1",
    "AX element pid: 174, elementOrHash.elementID: 0.1"
)
23:27:48.015 WebDriverAgentRunner-Runner[1371:144542] Creating future for 'getting interface orientation' with timeout 65.00
23:27:48.015 WebDriverAgentRunner-Runner[1371:144542] <XCTWaiter: 0x112d98870> entering wait loop for 65.00s with expectations: `getting interface orientation`
23:27:48.016 WebDriverAgentRunner-Runner[1371:144542] Returning result XCTWaiterResultCompleted for synchronous waiter <XCTWaiter: 0x112d98870>
23:27:48.016 WebDriverAgentRunner-Runner[1371:144542] Wait <XCTWaiterWait: 0x112d908c0> completed after 0.001s
23:27:48.016 WebDriverAgentRunner-Runner[1371:144542] cleaning up getting interface orientation
23:27:48.016 WebDriverAgentRunner-Runner[1371:144542] <XCTContext: 0x104595720> started activity <XCActivityRecord: 0x10752e840> 2026-07-19 16:27:48 +0000: Find the Application 'com.apple.DocumentManager.DockFolderViewService'
    t =   151.99s Find the Application 'com.apple.DocumentManager.DockFolderViewService'
23:27:48.017 WebDriverAgentRunner-Runner[1371:144542] Executing query:

23:27:48.017 WebDriverAgentRunner-Runner[1371:144542] Creating future for 'checking for continuity enablement' with timeout 30.00
23:27:48.017 WebDriverAgentRunner-Runner[1371:144542] <XCTWaiter: 0x112d98d50> entering wait loop for 30.00s with expectations: `checking for continuity enablement`
23:27:48.018 WebDriverAgentRunner-Runner[1371:144542] Returning result XCTWaiterResultCompleted for synchronous waiter <XCTWaiter: 0x112d98d50>
23:27:48.018 WebDriverAgentRunner-Runner[1371:144542] Wait <XCTWaiterWait: 0x112d90f00> completed after 0.001s
23:27:48.018 WebDriverAgentRunner-Runner[1371:144542] cleaning up checking for continuity enablement
23:27:48.018 WebDriverAgentRunner-Runner[1371:144542] Should evaluate query remotely? XCTDisableRemoteQueryEvaluation(d-write): YES, hasAutomationSession: YES, supportsRemoteEvaluation: YES
23:27:48.018 WebDriverAgentRunner-Runner[1371:144542] Getting matching snapshots for locally evaluated query
23:27:48.018 WebDriverAgentRunner-Runner[1371:144542] Evaluating query:
 
23:27:48.018 WebDriverAgentRunner-Runner[1371:144542] Getting root element snapshot
23:27:48.018 WebDriverAgentRunner-Runner[1371:144542] Getting snapshot for App element pid: 303 for query 
23:27:48.018 WebDriverAgentRunner-Runner[1371:144542] <XCTContext: 0x104595720> started activity <XCActivityRecord: 0x10752e370> 2026-07-19 16:27:48 +0000: Requesting snapshot of accessibility hierarchy for app with pid 303
23:27:48.019 WebDriverAgentRunner-Runner[1371:144542] Query requires iOS snapshot attributes .
23:27:48.019 WebDriverAgentRunner-Runner[1371:144542] XCUIElementQuery <XCTElementSnapshotProvider> getting snapshot
23:27:48.019 WebDriverAgentRunner-Runner[1371:144542] Snapshot request has custom attributes 
23:27:48.019 WebDriverAgentRunner-Runner[1371:144542] Snapshot request has custom parameters {
    snapshotKeyHonorModalViews = 0;
}
23:27:48.019 WebDriverAgentRunner-Runner[1371:144542] Current snapshot generation is 664
23:27:48.019 WebDriverAgentRunner-Runner[1371:144542] Query rootElementSnapshot is non-null with generation count 649
23:27:48.019 WebDriverAgentRunner-Runner[1371:144542] Capturing a new snapshot
23:27:48.019 WebDriverAgentRunner-Runner[1371:144542] Fetching snapshot for App element pid: 303 from testmanagerd with attributes XC_kAXXCAttributeElementType, XC_kAXXCAttributeElementBaseType, XC_kAXXCAttributeParent, XC_kAXXCAttributeIdentifier, XC_kAXXCAttributeAutomationType, XC_kAXXCAttributeTraits and parameters {
    maxArrayCount = 2147483647;
    maxChildren = 2147483647;
    maxDepth = 50;
    snapshotKeyHonorModalViews = 0;
    traverseFromParentsToChildren = 1;
}.
23:27:48.019 WebDriverAgentRunner-Runner[1371:144542] Creating future for 'fetching snapshot from testmanagerd.' with timeout 65.00
23:27:48.019 WebDriverAgentRunner-Runner[1371:144542] <XCTWaiter: 0x112d9a730> entering wait loop for 65.00s with expectations: `fetching snapshot from testmanagerd.`
    t =   151.99s     Requesting snapshot of accessibility hierarchy for app with pid 303
23:27:48.032 WebDriverAgentRunner-Runner[1371:145818] Got snapshot response with runtime issue support from testmanagerd.
23:27:48.032 WebDriverAgentRunner-Runner[1371:144542] Returning result XCTWaiterResultCompleted for synchronous waiter <XCTWaiter: 0x112d9a730>
23:27:48.032 WebDriverAgentRunner-Runner[1371:144542] Wait <XCTWaiterWait: 0x112d934c0> completed after 0.013s
23:27:48.033 WebDriverAgentRunner-Runner[1371:144542] cleaning up fetching snapshot from testmanagerd.
23:27:48.033 WebDriverAgentRunner-Runner[1371:144542] <XCTContext: 0x104595720> finished activity <XCActivityRecord: 0x10752e370> 2026-07-19 16:27:48 +0000: Requesting snapshot of accessibility hierarchy for app with pid 303 (0.014405s)
23:27:48.033 WebDriverAgentRunner-Runner[1371:144542] Found matches {(
    App element pid: 303
)} with root App element pid: 303
23:27:48.033 WebDriverAgentRunner-Runner[1371:144542] <XCTContext: 0x104595720> finished activity <XCActivityRecord: 0x10752e840> 2026-07-19 16:27:48 +0000: Find the Application 'com.apple.DocumentManager.DockFolderViewService' (0.0167481s)
23:27:48.033 WebDriverAgentRunner-Runner[1371:144542] XCUIElementQuery <XCTElementSnapshotProvider> getting snapshot
23:27:48.033 WebDriverAgentRunner-Runner[1371:144542] Snapshot request has custom attributes XC_kAXXCAttributeElementBaseType, XC_kAXXCAttributeValue, XC_kAXXCAttributeAutomationType, XC_kAXXCAttributeIdentifier, XC_kAXXCAttributeTraits, XC_kAXXCAttributeVerticalSizeClass, XC_kAXXCAttributeFrame, XC_kAXXCAttributeWindowDisplayId, XC_kAXXCAttributeWindowContextId, XC_kAXXCAttributeLabel, XC_kAXXCAttributeHorizontalSizeClass, XC_kAXXCAttributeHasNativeFocus, XC_kAXXCAttributePlaceholderValue, XC_kAXXCAttributeElementType
23:27:48.033 WebDriverAgentRunner-Runner[1371:144542] Current snapshot generation is 665
23:27:48.034 WebDriverAgentRunner-Runner[1371:144542] Query rootElementSnapshot is non-null with generation count 665
23:27:48.034 WebDriverAgentRunner-Runner[1371:144542] Capturing a new snapshot
23:27:48.034 WebDriverAgentRunner-Runner[1371:144542] Fetching snapshot for App element pid: 303 from testmanagerd with attributes XC_kAXXCAttributeElementBaseType, XC_kAXXCAttributeParent, XC_kAXXCAttributeAutomationType, XC_kAXXCAttributeIdentifier, XC_kAXXCAttributeTraits, XC_kAXXCAttributeVerticalSizeClass, XC_kAXXCAttributeFrame, XC_kAXXCAttributeWindowDisplayId, XC_kAXXCAttributeWindowContextId, XC_kAXXCAttributeLabel, XC_kAXXCAttributeHorizontalSizeClass, XC_kAXXCAttributeHasNativeFocus, XC_kAXXCAttributePlaceholderValue, XC_kAXXCAttributeTruncatedValue, XC_kAXXCAttributeElementType and parameters {
    maxArrayCount = 2147483647;
    maxChildren = 2147483647;
    maxDepth = 50;
    snapshotKeyHonorModalViews = 0;
    traverseFromParentsToChildren = 1;
}.
23:27:48.034 WebDriverAgentRunner-Runner[1371:144542] Creating future for 'fetching snapshot from testmanagerd.' with timeout 65.00
23:27:48.034 WebDriverAgentRunner-Runner[1371:144542] <XCTWaiter: 0x112d98990> entering wait loop for 65.00s with expectations: `fetching snapshot from testmanagerd.`
23:27:48.052 WebDriverAgentRunner-Runner[1371:145195] Got snapshot response with runtime issue support from testmanagerd.
23:27:48.052 WebDriverAgentRunner-Runner[1371:144542] Returning result XCTWaiterResultCompleted for synchronous waiter <XCTWaiter: 0x112d98990>
23:27:48.052 WebDriverAgentRunner-Runner[1371:144542] Wait <XCTWaiterWait: 0x112d91580> completed after 0.018s
23:27:48.053 WebDriverAgentRunner-Runner[1371:144542] cleaning up fetching snapshot from testmanagerd.
23:27:48.053 WebDriverAgentRunner-Runner[1371:144542] Creating future for 'getting interface orientation' with timeout 65.00
23:27:48.053 WebDriverAgentRunner-Runner[1371:144542] <XCTWaiter: 0x112d99080> entering wait loop for 65.00s with expectations: `getting interface orientation`
23:27:48.054 WebDriverAgentRunner-Runner[1371:144542] Returning result XCTWaiterResultCompleted for synchronous waiter <XCTWaiter: 0x112d99080>
23:27:48.054 WebDriverAgentRunner-Runner[1371:144542] Wait <XCTWaiterWait: 0x112d93140> completed after 0.001s
23:27:48.054 WebDriverAgentRunner-Runner[1371:144542] cleaning up getting interface orientation
23:27:48.054 WebDriverAgentRunner-Runner[1371:144542] Creating future for 'getting interface orientation' with timeout 65.00
23:27:48.054 WebDriverAgentRunner-Runner[1371:144542] <XCTWaiter: 0x112d9bab0> entering wait loop for 65.00s with expectations: `getting interface orientation`
23:27:48.055 WebDriverAgentRunner-Runner[1371:144542] Returning result XCTWaiterResultCompleted for synchronous waiter <XCTWaiter: 0x112d9bab0>
23:27:48.055 WebDriverAgentRunner-Runner[1371:144542] Wait <XCTWaiterWait: 0x112d92980> completed after 0.001s
23:27:48.055 WebDriverAgentRunner-Runner[1371:144542] cleaning up getting interface orientation
23:27:48.055 WebDriverAgentRunner-Runner[1371:144542] Requesting local synthesis of event: 
<XCSynthesizedEventRecord 'Swipe Point Array display 0'>
Path 1:
	Touch down at 1244.0, 527.0, offset=0.00s
	Move to 1240.0, 527.0, offset=0.04s
	Move to 1156.0, 527.0, offset=0.08s
	Move to 827.0, 534.0, offset=0.12s
	Move to 435.0, 543.0, offset=0.15s
	Move to 163.0, 549.0, offset=0.17s
	Touch up at 163.0, 549.0, offset=0.18s
23:27:48.231 WebDriverAgentRunner-Runner[1371:145195] Handling kAXUserTestingNotification
23:27:48.231 WebDriverAgentRunner-Runner[1371:145195] Received kAXUserTestingNotification from AX element pid: 174, elementOrHash.elementID: 0.1: {
    controllerClass = SBHWidgetStackViewController;
    event = ViewDidDisappear;
}
23:27:48.231 WebDriverAgentRunner-Runner[1371:145195] Handling kAXUserTestingNotification
23:27:48.231 WebDriverAgentRunner-Runner[1371:145195] Received kAXUserTestingNotification from AX element pid: 174, elementOrHash.elementID: 0.1: {
    controllerClass = SBHWidgetContainerViewController;
    event = ViewDidDisappear;
}
23:27:48.231 WebDriverAgentRunner-Runner[1371:145195] Handling kAXUserTestingNotification
23:27:48.231 WebDriverAgentRunner-Runner[1371:145195] Received kAXUserTestingNotification from AX element pid: 174, elementOrHash.elementID: 0.1: {
    controllerClass = SBHMultiplexingViewController;
    event = ViewDidDisappear;
}
23:27:48.232 WebDriverAgentRunner-Runner[1371:145195] Handling kAXUserTestingNotification
23:27:48.232 WebDriverAgentRunner-Runner[1371:145195] Received kAXUserTestingNotification from AX element pid: 174, elementOrHash.elementID: 0.1: {
    controllerClass = SBHWidgetViewController;
    event = ViewDidDisappear;
}
23:27:48.239 WebDriverAgentRunner-Runner[1371:145197] Handling kAXUserTestingNotification
23:27:48.239 WebDriverAgentRunner-Runner[1371:145197] Received kAXUserTestingNotification from AX element pid: 308, elementOrHash.elementID: 0.1: {
    controllerClass = "WidgetRenderer.WidgetSceneContentViewController";
    event = ViewDidDisappear;
}
23:27:48.239 WebDriverAgentRunner-Runner[1371:145195] Handling kAXUserTestingNotification
23:27:48.239 WebDriverAgentRunner-Runner[1371:145195] Received kAXUserTestingNotification from AX element pid: 308, elementOrHash.elementID: 0.1: {
    controllerClass = "WidgetRenderer.SecureHostingController";
    event = ViewDidDisappear;
}
23:27:48.254 WebDriverAgentRunner-Runner[1371:145575] Handling kAXUserTestingNotification
23:27:48.254 WebDriverAgentRunner-Runner[1371:145575] Received kAXUserTestingNotification from AX element pid: 308, elementOrHash.elementID: 0.1: {
    controllerClass = "WidgetRenderer.ZStackContainerViewController";
    event = ViewDidDisappear;
}
23:27:48.256 WebDriverAgentRunner-Runner[1371:145197] Handling kAXUserTestingNotification
23:27:48.257 WebDriverAgentRunner-Runner[1371:145197] Received kAXUserTestingNotification from AX element pid: 174, elementOrHash.elementID: 0.1: {
    controllerClass = SBHWidgetStackViewController;
    event = ViewDidDisappear;
}
23:27:48.257 WebDriverAgentRunner-Runner[1371:145197] Handling kAXUserTestingNotification
23:27:48.257 WebDriverAgentRunner-Runner[1371:145197] Received kAXUserTestingNotification from AX element pid: 174, elementOrHash.elementID: 0.1: {
    controllerClass = SBHWidgetContainerViewController;
    event = ViewDidDisappear;
}
23:27:48.258 WebDriverAgentRunner-Runner[1371:145197] Handling kAXUserTestingNotification
23:27:48.258 WebDriverAgentRunner-Runner[1371:145197] Received kAXUserTestingNotification from AX element pid: 174, elementOrHash.elementID: 0.1: {
    controllerClass = SBHMultiplexingViewController;
    event = ViewDidDisappear;
}
23:27:48.258 WebDriverAgentRunner-Runner[1371:145197] Handling kAXUserTestingNotification
23:27:48.259 WebDriverAgentRunner-Runner[1371:145197] Received kAXUserTestingNotification from AX element pid: 174, elementOrHash.elementID: 0.1: {
    controllerClass = SBHWidgetViewController;
    event = ViewDidDisappear;
}
23:27:48.259 WebDriverAgentRunner-Runner[1371:145197] Handling kAXUserTestingNotification
23:27:48.260 WebDriverAgentRunner-Runner[1371:145197] Received kAXUserTestingNotification from AX element pid: 174, elementOrHash.elementID: 0.1: {
    controllerClass = SBHWidgetStackViewController;
    event = ViewDidDisappear;
}
23:27:48.260 WebDriverAgentRunner-Runner[1371:145197] Handling kAXUserTestingNotification
23:27:48.260 WebDriverAgentRunner-Runner[1371:145197] Received kAXUserTestingNotification from AX element pid: 174, elementOrHash.elementID: 0.1: {
    controllerClass = SBHWidgetContainerViewController;
    event = ViewDidDisappear;
}
23:27:48.260 WebDriverAgentRunner-Runner[1371:145197] Handling kAXUserTestingNotification
23:27:48.260 WebDriverAgentRunner-Runner[1371:145197] Received kAXUserTestingNotification from AX element pid: 174, elementOrHash.elementID: 0.1: {
    controllerClass = SBHMultiplexingViewController;
    event = ViewDidDisappear;
}
23:27:48.261 WebDriverAgentRunner-Runner[1371:145197] Handling kAXUserTestingNotification
23:27:48.261 WebDriverAgentRunner-Runner[1371:145197] Received kAXUserTestingNotification from AX element pid: 174, elementOrHash.elementID: 0.1: {
    controllerClass = SBHWidgetViewController;
    event = ViewDidDisappear;
}
23:27:48.261 WebDriverAgentRunner-Runner[1371:145197] Handling kAXUserTestingNotification
23:27:48.261 WebDriverAgentRunner-Runner[1371:145197] Received kAXUserTestingNotification from AX element pid: 174, elementOrHash.elementID: 0.1: {
    controllerClass = SBHWidgetStackViewController;
    event = ViewDidDisappear;
}
23:27:48.261 WebDriverAgentRunner-Runner[1371:145197] Handling kAXUserTestingNotification
23:27:48.261 WebDriverAgentRunner-Runner[1371:145197] Received kAXUserTestingNotification from AX element pid: 174, elementOrHash.elementID: 0.1: {
    controllerClass = SBHWidgetContainerViewController;
    event = ViewDidDisappear;
}
23:27:48.261 WebDriverAgentRunner-Runner[1371:145197] Handling kAXUserTestingNotification
23:27:48.261 WebDriverAgentRunner-Runner[1371:145197] Received kAXUserTestingNotification from AX element pid: 174, elementOrHash.elementID: 0.1: {
    controllerClass = SBHMultiplexingViewController;
    event = ViewDidDisappear;
}
23:27:48.261 WebDriverAgentRunner-Runner[1371:145197] Handling kAXUserTestingNotification
23:27:48.262 WebDriverAgentRunner-Runner[1371:145197] Received kAXUserTestingNotification from AX element pid: 174, elementOrHash.elementID: 0.1: {
    controllerClass = SBHWidgetViewController;
    event = ViewDidDisappear;
}
23:27:48.262 WebDriverAgentRunner-Runner[1371:145197] Handling kAXUserTestingNotification
23:27:48.262 WebDriverAgentRunner-Runner[1371:145197] Received kAXUserTestingNotification from AX element pid: 308, elementOrHash.elementID: 0.1: {
    controllerClass = "WidgetRenderer.ZStackContainerViewController";
    event = ViewDidDisappear;
}
23:27:48.282 WebDriverAgentRunner-Runner[1371:145575] Handling kAXUserTestingNotification
23:27:48.283 WebDriverAgentRunner-Runner[1371:145575] Received kAXUserTestingNotification from AX element pid: 308, elementOrHash.elementID: 0.1: {
    controllerClass = "WidgetRenderer.WidgetSceneContentViewController";
    event = ViewDidDisappear;
}
23:27:48.283 WebDriverAgentRunner-Runner[1371:145575] Handling kAXUserTestingNotification
23:27:48.283 WebDriverAgentRunner-Runner[1371:145575] Received kAXUserTestingNotification from AX element pid: 308, elementOrHash.elementID: 0.1: {
    controllerClass = "WidgetRenderer.SecureHostingController";
    event = ViewDidDisappear;
}
23:27:48.283 WebDriverAgentRunner-Runner[1371:145575] Handling kAXUserTestingNotification
23:27:48.284 WebDriverAgentRunner-Runner[1371:145575] Received kAXUserTestingNotification from AX element pid: 174, elementOrHash.elementID: 0.1: {
    event = TouchEventsCompleted;
}
23:27:48.284 WebDriverAgentRunner-Runner[1371:145575] Handling kAXUserTestingNotification
23:27:48.284 WebDriverAgentRunner-Runner[1371:145575] Received kAXUserTestingNotification from AX element pid: 174, elementOrHash.elementID: 0.1: {
    event = TouchEventsCompleted;
}
23:27:48.284 WebDriverAgentRunner-Runner[1371:145575] Handling kAXUserTestingNotification
23:27:48.284 WebDriverAgentRunner-Runner[1371:145575] Received kAXUserTestingNotification from AX element pid: 308, elementOrHash.elementID: 0.1: {
    controllerClass = "WidgetRenderer.WidgetSceneContentViewController";
    event = ViewDidDisappear;
}
23:27:48.284 WebDriverAgentRunner-Runner[1371:145575] Handling kAXUserTestingNotification
23:27:48.284 WebDriverAgentRunner-Runner[1371:145575] Received kAXUserTestingNotification from AX element pid: 308, elementOrHash.elementID: 0.1: {
    controllerClass = "WidgetRenderer.SecureHostingController";
    event = ViewDidDisappear;
}
23:27:48.297 WebDriverAgentRunner-Runner[1371:145831] Handling kAXUserTestingNotification
23:27:48.297 WebDriverAgentRunner-Runner[1371:145831] Received kAXUserTestingNotification from AX element pid: 308, elementOrHash.elementID: 0.1: {
    controllerClass = "WidgetRenderer.WidgetSceneContentViewController";
    event = ViewDidDisappear;
}
23:27:48.298 WebDriverAgentRunner-Runner[1371:145831] Handling kAXUserTestingNotification
23:27:48.298 WebDriverAgentRunner-Runner[1371:145831] Received kAXUserTestingNotification from AX element pid: 308, elementOrHash.elementID: 0.1: {
    controllerClass = "WidgetRenderer.SecureHostingController";
    event = ViewDidDisappear;
}
23:27:48.306 WebDriverAgentRunner-Runner[1371:145831] Handling kAXUserTestingNotification
23:27:48.306 WebDriverAgentRunner-Runner[1371:145831] Received kAXUserTestingNotification from AX element pid: 308, elementOrHash.elementID: 0.1: {
    controllerClass = "WidgetRenderer.ZStackContainerViewController";
    event = ViewDidDisappear;
}
23:27:48.307 WebDriverAgentRunner-Runner[1371:145831] Handling kAXUserTestingNotification
23:27:48.307 WebDriverAgentRunner-Runner[1371:145831] Received kAXUserTestingNotification from AX element pid: 174, elementOrHash.elementID: 0.1: {
    controllerClass = SBHWidgetStackViewController;
    event = ViewDidDisappear;
}
23:27:48.307 WebDriverAgentRunner-Runner[1371:145831] Handling kAXUserTestingNotification
23:27:48.307 WebDriverAgentRunner-Runner[1371:145831] Received kAXUserTestingNotification from AX element pid: 174, elementOrHash.elementID: 0.1: {
    controllerClass = SBHWidgetContainerViewController;
    event = ViewDidDisappear;
}
23:27:48.307 WebDriverAgentRunner-Runner[1371:145831] Handling kAXUserTestingNotification
23:27:48.308 WebDriverAgentRunner-Runner[1371:145831] Received kAXUserTestingNotification from AX element pid: 174, elementOrHash.elementID: 0.1: {
    controllerClass = SBHMultiplexingViewController;
    event = ViewDidDisappear;
}
23:27:48.308 WebDriverAgentRunner-Runner[1371:145831] Handling kAXUserTestingNotification
23:27:48.308 WebDriverAgentRunner-Runner[1371:145831] Received kAXUserTestingNotification from AX element pid: 174, elementOrHash.elementID: 0.1: {
    controllerClass = SBHWidgetViewController;
    event = ViewDidDisappear;
}
23:27:48.314 WebDriverAgentRunner-Runner[1371:145575] Handling kAXUserTestingNotification
23:27:48.314 WebDriverAgentRunner-Runner[1371:145575] Received kAXUserTestingNotification from AX element pid: 308, elementOrHash.elementID: 0.1: {
    controllerClass = "WidgetRenderer.WidgetSceneContentViewController";
    event = ViewDidDisappear;
}
23:27:48.315 WebDriverAgentRunner-Runner[1371:145575] Handling kAXUserTestingNotification
23:27:48.315 WebDriverAgentRunner-Runner[1371:145575] Received kAXUserTestingNotification from AX element pid: 308, elementOrHash.elementID: 0.1: {
    controllerClass = "WidgetRenderer.SecureHostingController";
    event = ViewDidDisappear;
}
23:27:48.513 WebDriverAgentRunner-Runner[1371:145831] Handling kAXPidStatusChangedNotification
23:27:48.514 WebDriverAgentRunner-Runner[1371:145831] Got kAXPidStatusChangedNotification for pid 308: active
23:27:48.564 WebDriverAgentRunner-Runner[1371:144542] No application process found matching pid 308, caching
23:27:48.778 WebDriverAgentRunner-Runner[1371:144564] Handling kAXPidStatusChangedNotification
23:27:48.778 WebDriverAgentRunner-Runner[1371:144564] Got kAXPidStatusChangedNotification for pid 879: active
23:27:48.874 WebDriverAgentRunner-Runner[1371:144542] No application process found matching pid 879, caching
23:27:49.487 WebDriverAgentRunner-Runner[1371:144542] Creating future for 'fetching attributes 'XC_kAXXCAttributeSystemAppApplication' for Device system-wide element' with timeout 65.00
23:27:49.487 WebDriverAgentRunner-Runner[1371:144542] <XCTWaiter: 0x112d982d0> entering wait loop for 65.00s with expectations: `fetching attributes 'XC_kAXXCAttributeSystemAppApplication' for Device system-wide element`
23:27:49.488 WebDriverAgentRunner-Runner[1371:145197] Got attribute fetch response with values {
    "XC_kAXXCAttributeSystemAppApplication" = "AX element pid: 174, elementOrHash.elementID: 0.1";
}, error: (null)
23:27:49.488 WebDriverAgentRunner-Runner[1371:144542] Returning result XCTWaiterResultCompleted for synchronous waiter <XCTWaiter: 0x112d982d0>
23:27:49.488 WebDriverAgentRunner-Runner[1371:144542] Wait <XCTWaiterWait: 0x112d91e00> completed after 0.001s
23:27:49.488 WebDriverAgentRunner-Runner[1371:144542] cleaning up fetching attributes 'XC_kAXXCAttributeSystemAppApplication' for Device system-wide element
23:27:49.488 WebDriverAgentRunner-Runner[1371:144542] Creating future for 'fetching attributes 'XC_kAXXCAttributeFocusedApplications' for AX element pid: 174, elementOrHash.elementID: 0.1' with timeout 65.00
23:27:49.488 WebDriverAgentRunner-Runner[1371:144542] <XCTWaiter: 0x112d98330> entering wait loop for 65.00s with expectations: `fetching attributes 'XC_kAXXCAttributeFocusedApplications' for AX element pid: 174, elementOrHash.elementID: 0.1`
23:27:49.491 WebDriverAgentRunner-Runner[1371:145575] Got attribute fetch response with values {
    "XC_kAXXCAttributeFocusedApplications" =     (
        "AX element pid: 303, elementOrHash.elementID: 0.1",
        "AX element pid: 174, elementOrHash.elementID: 0.1"
    );
}, error: (null)
23:27:49.491 WebDriverAgentRunner-Runner[1371:144542] Returning result XCTWaiterResultCompleted for synchronous waiter <XCTWaiter: 0x112d98330>
23:27:49.492 WebDriverAgentRunner-Runner[1371:144542] Wait <XCTWaiterWait: 0x112d92800> completed after 0.003s
23:27:49.492 WebDriverAgentRunner-Runner[1371:144542] cleaning up fetching attributes 'XC_kAXXCAttributeFocusedApplications' for AX element pid: 174, elementOrHash.elementID: 0.1
23:27:49.492 WebDriverAgentRunner-Runner[1371:144542] Active application elements: (
    "AX element pid: 303, elementOrHash.elementID: 0.1",
    "AX element pid: 174, elementOrHash.elementID: 0.1"
)
23:27:49.515 WebDriverAgentRunner-Runner[1371:144542] Creating future for 'getting interface orientation' with timeout 65.00
23:27:49.515 WebDriverAgentRunner-Runner[1371:144542] <XCTWaiter: 0x112d98810> entering wait loop for 65.00s with expectations: `getting interface orientation`
23:27:49.516 WebDriverAgentRunner-Runner[1371:144542] Returning result XCTWaiterResultCompleted for synchronous waiter <XCTWaiter: 0x112d98810>
23:27:49.516 WebDriverAgentRunner-Runner[1371:144542] Wait <XCTWaiterWait: 0x112d93380> completed after 0.001s
23:27:49.516 WebDriverAgentRunner-Runner[1371:144542] cleaning up getting interface orientation
23:27:49.516 WebDriverAgentRunner-Runner[1371:144542] <XCTContext: 0x104595720> started activity <XCActivityRecord: 0x10752e840> 2026-07-19 16:27:49 +0000: Find the Application 'com.apple.springboard'
23:27:49.516 WebDriverAgentRunner-Runner[1371:144542] Executing query:

23:27:49.516 WebDriverAgentRunner-Runner[1371:144542] Creating future for 'checking for continuity enablement' with timeout 30.00
    t =   153.49s Find the Application 'com.apple.springboard'
23:27:49.517 WebDriverAgentRunner-Runner[1371:144542] <XCTWaiter: 0x112d99020> entering wait loop for 30.00s with expectations: `checking for continuity enablement`
23:27:49.517 WebDriverAgentRunner-Runner[1371:144542] Returning result XCTWaiterResultCompleted for synchronous waiter <XCTWaiter: 0x112d99020>
23:27:49.517 WebDriverAgentRunner-Runner[1371:144542] Wait <XCTWaiterWait: 0x112d93a80> completed after 0.001s
23:27:49.517 WebDriverAgentRunner-Runner[1371:144542] cleaning up checking for continuity enablement
23:27:49.517 WebDriverAgentRunner-Runner[1371:144542] Should evaluate query remotely? XCTDisableRemoteQueryEvaluation(d-write): YES, hasAutomationSession: YES, supportsRemoteEvaluation: YES
23:27:49.517 WebDriverAgentRunner-Runner[1371:144542] Getting matching snapshots for locally evaluated query
23:27:49.518 WebDriverAgentRunner-Runner[1371:144542] Evaluating query:
 
23:27:49.518 WebDriverAgentRunner-Runner[1371:144542] Getting root element snapshot
23:27:49.518 WebDriverAgentRunner-Runner[1371:144542] Getting snapshot for App element pid: 174 for query 
23:27:49.518 WebDriverAgentRunner-Runner[1371:144542] <XCTContext: 0x104595720> started activity <XCActivityRecord: 0x10752e370> 2026-07-19 16:27:49 +0000: Requesting snapshot of accessibility hierarchy for app with pid 174
23:27:49.518 WebDriverAgentRunner-Runner[1371:144542] Query requires iOS snapshot attributes .
23:27:49.518 WebDriverAgentRunner-Runner[1371:144542] XCUIElementQuery <XCTElementSnapshotProvider> getting snapshot
23:27:49.518 WebDriverAgentRunner-Runner[1371:144542] Snapshot request has custom attributes 
23:27:49.518 WebDriverAgentRunner-Runner[1371:144542] Snapshot request has custom parameters {
    snapshotKeyHonorModalViews = 0;
}
23:27:49.518 WebDriverAgentRunner-Runner[1371:144542] Current snapshot generation is 697
23:27:49.518 WebDriverAgentRunner-Runner[1371:144542] Query rootElementSnapshot is non-null with generation count 599
23:27:49.518 WebDriverAgentRunner-Runner[1371:144542] Capturing a new snapshot
23:27:49.519 WebDriverAgentRunner-Runner[1371:144542] Fetching snapshot for App element pid: 174 from testmanagerd with attributes XC_kAXXCAttributeElementType, XC_kAXXCAttributeElementBaseType, XC_kAXXCAttributeParent, XC_kAXXCAttributeIdentifier, XC_kAXXCAttributeAutomationType, XC_kAXXCAttributeTraits and parameters {
    maxArrayCount = 2147483647;
    maxChildren = 2147483647;
    maxDepth = 50;
    snapshotKeyHonorModalViews = 0;
    traverseFromParentsToChildren = 1;
}.
23:27:49.519 WebDriverAgentRunner-Runner[1371:144542] Creating future for 'fetching snapshot from testmanagerd.' with timeout 65.00
23:27:49.519 WebDriverAgentRunner-Runner[1371:144542] <XCTWaiter: 0x112d99590> entering wait loop for 65.00s with expectations: `fetching snapshot from testmanagerd.`
    t =   153.49s     Requesting snapshot of accessibility hierarchy for app with pid 174
23:27:49.747 WebDriverAgentRunner-Runner[1371:145575] Got snapshot response with runtime issue support from testmanagerd.
23:27:49.747 WebDriverAgentRunner-Runner[1371:144542] Returning result XCTWaiterResultCompleted for synchronous waiter <XCTWaiter: 0x112d99590>
23:27:49.747 WebDriverAgentRunner-Runner[1371:144542] Wait <XCTWaiterWait: 0x112d93500> completed after 0.228s
23:27:49.747 WebDriverAgentRunner-Runner[1371:144542] cleaning up fetching snapshot from testmanagerd.
23:27:49.747 WebDriverAgentRunner-Runner[1371:144542] <XCTContext: 0x104595720> finished activity <XCActivityRecord: 0x10752e370> 2026-07-19 16:27:49 +0000: Requesting snapshot of accessibility hierarchy for app with pid 174 (0.229714s)
23:27:49.748 WebDriverAgentRunner-Runner[1371:144542] Found matches {(
    App element pid: 174
)} with root App element pid: 174
23:27:49.748 WebDriverAgentRunner-Runner[1371:144542] <XCTContext: 0x104595720> finished activity <XCActivityRecord: 0x10752e840> 2026-07-19 16:27:49 +0000: Find the Application 'com.apple.springboard' (0.232356s)
23:27:49.749 WebDriverAgentRunner-Runner[1371:144542] XCUIElementQuery <XCTElementSnapshotProvider> getting snapshot
23:27:49.749 WebDriverAgentRunner-Runner[1371:144542] Snapshot request has custom attributes XC_kAXXCAttributeElementBaseType, XC_kAXXCAttributeValue, XC_kAXXCAttributeAutomationType, XC_kAXXCAttributeIdentifier, XC_kAXXCAttributeTraits, XC_kAXXCAttributeVerticalSizeClass, XC_kAXXCAttributeFrame, XC_kAXXCAttributeWindowDisplayId, XC_kAXXCAttributeWindowContextId, XC_kAXXCAttributeLabel, XC_kAXXCAttributeHorizontalSizeClass, XC_kAXXCAttributeHasNativeFocus, XC_kAXXCAttributePlaceholderValue, XC_kAXXCAttributeElementType
23:27:49.749 WebDriverAgentRunner-Runner[1371:144542] Current snapshot generation is 700
23:27:49.749 WebDriverAgentRunner-Runner[1371:144542] Query rootElementSnapshot is non-null with generation count 700
23:27:49.749 WebDriverAgentRunner-Runner[1371:144542] Capturing a new snapshot
23:27:49.749 WebDriverAgentRunner-Runner[1371:144542] Fetching snapshot for App element pid: 174 from testmanagerd with attributes XC_kAXXCAttributeElementBaseType, XC_kAXXCAttributeParent, XC_kAXXCAttributeAutomationType, XC_kAXXCAttributeIdentifier, XC_kAXXCAttributeTraits, XC_kAXXCAttributeVerticalSizeClass, XC_kAXXCAttributeFrame, XC_kAXXCAttributeWindowDisplayId, XC_kAXXCAttributeWindowContextId, XC_kAXXCAttributeLabel, XC_kAXXCAttributeHorizontalSizeClass, XC_kAXXCAttributeHasNativeFocus, XC_kAXXCAttributePlaceholderValue, XC_kAXXCAttributeTruncatedValue, XC_kAXXCAttributeElementType and parameters {
    maxArrayCount = 2147483647;
    maxChildren = 2147483647;
    maxDepth = 50;
    snapshotKeyHonorModalViews = 0;
    traverseFromParentsToChildren = 1;
}.
23:27:49.749 WebDriverAgentRunner-Runner[1371:144542] Creating future for 'fetching snapshot from testmanagerd.' with timeout 65.00
23:27:49.749 WebDriverAgentRunner-Runner[1371:144542] <XCTWaiter: 0x112d9a730> entering wait loop for 65.00s with expectations: `fetching snapshot from testmanagerd.`
23:27:50.036 WebDriverAgentRunner-Runner[1371:145197] Got snapshot response with runtime issue support from testmanagerd.
23:27:50.037 WebDriverAgentRunner-Runner[1371:144542] Returning result XCTWaiterResultCompleted for synchronous waiter <XCTWaiter: 0x112d9a730>
23:27:50.037 WebDriverAgentRunner-Runner[1371:144542] Wait <XCTWaiterWait: 0x1047fd140> completed after 0.288s
23:27:50.037 WebDriverAgentRunner-Runner[1371:144542] cleaning up fetching snapshot from testmanagerd.
23:27:50.037 WebDriverAgentRunner-Runner[1371:144542] Creating future for 'getting interface orientation' with timeout 65.00
23:27:50.037 WebDriverAgentRunner-Runner[1371:144542] <XCTWaiter: 0x112d98d80> entering wait loop for 65.00s with expectations: `getting interface orientation`
23:27:50.038 WebDriverAgentRunner-Runner[1371:144542] Returning result XCTWaiterResultCompleted for synchronous waiter <XCTWaiter: 0x112d98d80>
23:27:50.038 WebDriverAgentRunner-Runner[1371:144542] Wait <XCTWaiterWait: 0x112cbcc00> completed after 0.001s
23:27:50.038 WebDriverAgentRunner-Runner[1371:144542] cleaning up getting interface orientation
23:27:50.038 WebDriverAgentRunner-Runner[1371:144542] Creating future for 'getting interface orientation' with timeout 65.00
23:27:50.039 WebDriverAgentRunner-Runner[1371:144542] <XCTWaiter: 0x112d991d0> entering wait loop for 65.00s with expectations: `getting interface orientation`
23:27:50.039 WebDriverAgentRunner-Runner[1371:144542] Returning result XCTWaiterResultCompleted for synchronous waiter <XCTWaiter: 0x112d991d0>
23:27:50.039 WebDriverAgentRunner-Runner[1371:144542] Wait <XCTWaiterWait: 0x112cbf180> completed after 0.001s
23:27:50.039 WebDriverAgentRunner-Runner[1371:144542] cleaning up getting interface orientation
23:27:50.039 WebDriverAgentRunner-Runner[1371:144542] Requesting local synthesis of event: 
<XCSynthesizedEventRecord 'Swipe Point Array display 0'>
Path 1:
	Touch down at 1200.0, 494.0, offset=0.00s
	Move to 1099.0, 494.0, offset=0.04s
	Move to 949.0, 494.0, offset=0.07s
	Move to 725.0, 499.0, offset=0.11s
	Move to 537.0, 509.0, offset=0.15s
	Move to 472.0, 514.0, offset=0.17s
	Touch up at 472.0, 514.0, offset=0.18s
23:27:50.259 WebDriverAgentRunner-Runner[1371:145817] Handling kAXUserTestingNotification
23:27:50.259 WebDriverAgentRunner-Runner[1371:145817] Received kAXUserTestingNotification from AX element pid: 174, elementOrHash.elementID: 0.1: {
    event = TouchEventsCompleted;
}
23:27:50.259 WebDriverAgentRunner-Runner[1371:145817] Handling kAXUserTestingNotification
23:27:50.259 WebDriverAgentRunner-Runner[1371:145817] Received kAXUserTestingNotification from AX element pid: 174, elementOrHash.elementID: 0.1: {
    event = TouchEventsCompleted;
}
23:27:51.165 WebDriverAgentRunner-Runner[1371:144542] Creating future for 'fetching attributes 'XC_kAXXCAttributeSystemAppApplication' for Device system-wide element' with timeout 65.00
23:27:51.165 WebDriverAgentRunner-Runner[1371:144542] <XCTWaiter: 0x112d9b8a0> entering wait loop for 65.00s with expectations: `fetching attributes 'XC_kAXXCAttributeSystemAppApplication' for Device system-wide element`
23:27:51.166 WebDriverAgentRunner-Runner[1371:145575] Got attribute fetch response with values {
    "XC_kAXXCAttributeSystemAppApplication" = "AX element pid: 174, elementOrHash.elementID: 0.1";
}, error: (null)
23:27:51.166 WebDriverAgentRunner-Runner[1371:144542] Returning result XCTWaiterResultCompleted for synchronous waiter <XCTWaiter: 0x112d9b8a0>
23:27:51.166 WebDriverAgentRunner-Runner[1371:144542] Wait <XCTWaiterWait: 0x112cbdb00> completed after 0.001s
23:27:51.166 WebDriverAgentRunner-Runner[1371:144542] cleaning up fetching attributes 'XC_kAXXCAttributeSystemAppApplication' for Device system-wide element
23:27:51.166 WebDriverAgentRunner-Runner[1371:144542] Creating future for 'fetching attributes 'XC_kAXXCAttributeFocusedApplications' for AX element pid: 174, elementOrHash.elementID: 0.1' with timeout 65.00
23:27:51.166 WebDriverAgentRunner-Runner[1371:144542] <XCTWaiter: 0x112d988a0> entering wait loop for 65.00s with expectations: `fetching attributes 'XC_kAXXCAttributeFocusedApplications' for AX element pid: 174, elementOrHash.elementID: 0.1`
23:27:51.169 WebDriverAgentRunner-Runner[1371:145453] Got attribute fetch response with values {
    "XC_kAXXCAttributeFocusedApplications" =     (
        "AX element pid: 303, elementOrHash.elementID: 0.1",
        "AX element pid: 174, elementOrHash.elementID: 0.1"
    );
}, error: (null)
23:27:51.170 WebDriverAgentRunner-Runner[1371:144542] Returning result XCTWaiterResultCompleted for synchronous waiter <XCTWaiter: 0x112d988a0>
23:27:51.170 WebDriverAgentRunner-Runner[1371:144542] Wait <XCTWaiterWait: 0x112cbc740> completed after 0.003s
23:27:51.170 WebDriverAgentRunner-Runner[1371:144542] cleaning up fetching attributes 'XC_kAXXCAttributeFocusedApplications' for AX element pid: 174, elementOrHash.elementID: 0.1
23:27:51.170 WebDriverAgentRunner-Runner[1371:144542] Active application elements: (
    "AX element pid: 303, elementOrHash.elementID: 0.1",
    "AX element pid: 174, elementOrHash.elementID: 0.1"
)
23:27:51.183 WebDriverAgentRunner-Runner[1371:144542] Creating future for 'getting interface orientation' with timeout 65.00
23:27:51.183 WebDriverAgentRunner-Runner[1371:144542] <XCTWaiter: 0x112d98330> entering wait loop for 65.00s with expectations: `getting interface orientation`
23:27:51.184 WebDriverAgentRunner-Runner[1371:144542] Returning result XCTWaiterResultCompleted for synchronous waiter <XCTWaiter: 0x112d98330>
23:27:51.184 WebDriverAgentRunner-Runner[1371:144542] Wait <XCTWaiterWait: 0x112cbdac0> completed after 0.001s
23:27:51.184 WebDriverAgentRunner-Runner[1371:144542] cleaning up getting interface orientation
23:27:51.184 WebDriverAgentRunner-Runner[1371:144542] <XCTContext: 0x104595720> started activity <XCActivityRecord: 0x10752e840> 2026-07-19 16:27:51 +0000: Find the Application 'com.apple.springboard'
    t =   155.16s Find the Application 'com.apple.springboard'
23:27:51.184 WebDriverAgentRunner-Runner[1371:144542] Executing query:

23:27:51.184 WebDriverAgentRunner-Runner[1371:144542] Creating future for 'checking for continuity enablement' with timeout 30.00
23:27:51.184 WebDriverAgentRunner-Runner[1371:144542] <XCTWaiter: 0x112d98db0> entering wait loop for 30.00s with expectations: `checking for continuity enablement`
23:27:51.185 WebDriverAgentRunner-Runner[1371:144542] Returning result XCTWaiterResultCompleted for synchronous waiter <XCTWaiter: 0x112d98db0>
23:27:51.185 WebDriverAgentRunner-Runner[1371:144542] Wait <XCTWaiterWait: 0x112cbe6c0> completed after 0.001s
23:27:51.185 WebDriverAgentRunner-Runner[1371:144542] cleaning up checking for continuity enablement
23:27:51.185 WebDriverAgentRunner-Runner[1371:144542] Should evaluate query remotely? XCTDisableRemoteQueryEvaluation(d-write): YES, hasAutomationSession: YES, supportsRemoteEvaluation: YES
23:27:51.186 WebDriverAgentRunner-Runner[1371:144542] Getting matching snapshots for locally evaluated query
23:27:51.186 WebDriverAgentRunner-Runner[1371:144542] Evaluating query:
 
23:27:51.186 WebDriverAgentRunner-Runner[1371:144542] Getting root element snapshot
23:27:51.186 WebDriverAgentRunner-Runner[1371:144542] Getting snapshot for App element pid: 174 for query 
23:27:51.186 WebDriverAgentRunner-Runner[1371:144542] <XCTContext: 0x104595720> started activity <XCActivityRecord: 0x10752e370> 2026-07-19 16:27:51 +0000: Requesting snapshot of accessibility hierarchy for app with pid 174
23:27:51.186 WebDriverAgentRunner-Runner[1371:144542] Query requires iOS snapshot attributes .
23:27:51.186 WebDriverAgentRunner-Runner[1371:144542] XCUIElementQuery <XCTElementSnapshotProvider> getting snapshot
23:27:51.186 WebDriverAgentRunner-Runner[1371:144542] Snapshot request has custom attributes 
23:27:51.186 WebDriverAgentRunner-Runner[1371:144542] Snapshot request has custom parameters {
    snapshotKeyHonorModalViews = 0;
}
23:27:51.186 WebDriverAgentRunner-Runner[1371:144542] Current snapshot generation is 730
23:27:51.186 WebDriverAgentRunner-Runner[1371:144542] Query rootElementSnapshot is non-null with generation count 700
23:27:51.187 WebDriverAgentRunner-Runner[1371:144542] Capturing a new snapshot
23:27:51.187 WebDriverAgentRunner-Runner[1371:144542] Fetching snapshot for App element pid: 174 from testmanagerd with attributes XC_kAXXCAttributeElementType, XC_kAXXCAttributeElementBaseType, XC_kAXXCAttributeParent, XC_kAXXCAttributeIdentifier, XC_kAXXCAttributeAutomationType, XC_kAXXCAttributeTraits and parameters {
    maxArrayCount = 2147483647;
    maxChildren = 2147483647;
    maxDepth = 50;
    snapshotKeyHonorModalViews = 0;
    traverseFromParentsToChildren = 1;
}.
23:27:51.187 WebDriverAgentRunner-Runner[1371:144542] Creating future for 'fetching snapshot from testmanagerd.' with timeout 65.00
23:27:51.187 WebDriverAgentRunner-Runner[1371:144542] <XCTWaiter: 0x112d99200> entering wait loop for 65.00s with expectations: `fetching snapshot from testmanagerd.`
    t =   155.16s     Requesting snapshot of accessibility hierarchy for app with pid 174
23:27:51.313 WebDriverAgentRunner-Runner[1371:145453] Got snapshot response with runtime issue support from testmanagerd.
23:27:51.313 WebDriverAgentRunner-Runner[1371:144542] Returning result XCTWaiterResultCompleted for synchronous waiter <XCTWaiter: 0x112d99200>
23:27:51.314 WebDriverAgentRunner-Runner[1371:144542] Wait <XCTWaiterWait: 0x112cbe5c0> completed after 0.127s
23:27:51.314 WebDriverAgentRunner-Runner[1371:144542] cleaning up fetching snapshot from testmanagerd.
23:27:51.314 WebDriverAgentRunner-Runner[1371:144542] <XCTContext: 0x104595720> finished activity <XCActivityRecord: 0x10752e370> 2026-07-19 16:27:51 +0000: Requesting snapshot of accessibility hierarchy for app with pid 174 (0.128176s)
23:27:51.315 WebDriverAgentRunner-Runner[1371:144542] Found matches {(
    App element pid: 174
)} with root App element pid: 174
23:27:51.315 WebDriverAgentRunner-Runner[1371:144542] <XCTContext: 0x104595720> finished activity <XCActivityRecord: 0x10752e840> 2026-07-19 16:27:51 +0000: Find the Application 'com.apple.springboard' (0.131247s)
23:27:51.316 WebDriverAgentRunner-Runner[1371:144542] XCUIElementQuery <XCTElementSnapshotProvider> getting snapshot
23:27:51.316 WebDriverAgentRunner-Runner[1371:144542] Snapshot request has custom attributes XC_kAXXCAttributeElementBaseType, XC_kAXXCAttributeValue, XC_kAXXCAttributeAutomationType, XC_kAXXCAttributeIdentifier, XC_kAXXCAttributeTraits, XC_kAXXCAttributeVerticalSizeClass, XC_kAXXCAttributeFrame, XC_kAXXCAttributeWindowDisplayId, XC_kAXXCAttributeWindowContextId, XC_kAXXCAttributeLabel, XC_kAXXCAttributeHorizontalSizeClass, XC_kAXXCAttributeHasNativeFocus, XC_kAXXCAttributePlaceholderValue, XC_kAXXCAttributeElementType
23:27:51.316 WebDriverAgentRunner-Runner[1371:144542] Current snapshot generation is 732
23:27:51.316 WebDriverAgentRunner-Runner[1371:144542] Query rootElementSnapshot is non-null with generation count 732
23:27:51.316 WebDriverAgentRunner-Runner[1371:144542] Capturing a new snapshot
23:27:51.316 WebDriverAgentRunner-Runner[1371:144542] Fetching snapshot for App element pid: 174 from testmanagerd with attributes XC_kAXXCAttributeElementBaseType, XC_kAXXCAttributeParent, XC_kAXXCAttributeAutomationType, XC_kAXXCAttributeIdentifier, XC_kAXXCAttributeTraits, XC_kAXXCAttributeVerticalSizeClass, XC_kAXXCAttributeFrame, XC_kAXXCAttributeWindowDisplayId, XC_kAXXCAttributeWindowContextId, XC_kAXXCAttributeLabel, XC_kAXXCAttributeHorizontalSizeClass, XC_kAXXCAttributeHasNativeFocus, XC_kAXXCAttributePlaceholderValue, XC_kAXXCAttributeTruncatedValue, XC_kAXXCAttributeElementType and parameters {
    maxArrayCount = 2147483647;
    maxChildren = 2147483647;
    maxDepth = 50;
    snapshotKeyHonorModalViews = 0;
    traverseFromParentsToChildren = 1;
}.
23:27:51.316 WebDriverAgentRunner-Runner[1371:144542] Creating future for 'fetching snapshot from testmanagerd.' with timeout 65.00
23:27:51.316 WebDriverAgentRunner-Runner[1371:144542] <XCTWaiter: 0x112d9af10> entering wait loop for 65.00s with expectations: `fetching snapshot from testmanagerd.`
23:27:51.456 WebDriverAgentRunner-Runner[1371:145453] Got snapshot response with runtime issue support from testmanagerd.
23:27:51.456 WebDriverAgentRunner-Runner[1371:144542] Returning result XCTWaiterResultCompleted for synchronous waiter <XCTWaiter: 0x112d9af10>
23:27:51.456 WebDriverAgentRunner-Runner[1371:144542] Wait <XCTWaiterWait: 0x112cca780> completed after 0.140s
23:27:51.456 WebDriverAgentRunner-Runner[1371:144542] cleaning up fetching snapshot from testmanagerd.
23:27:51.456 WebDriverAgentRunner-Runner[1371:144542] Creating future for 'getting interface orientation' with timeout 65.00
23:27:51.457 WebDriverAgentRunner-Runner[1371:144542] <XCTWaiter: 0x112d992f0> entering wait loop for 65.00s with expectations: `getting interface orientation`
23:27:51.457 WebDriverAgentRunner-Runner[1371:144542] Returning result XCTWaiterResultCompleted for synchronous waiter <XCTWaiter: 0x112d992f0>
23:27:51.457 WebDriverAgentRunner-Runner[1371:144542] Wait <XCTWaiterWait: 0x107f70ec0> completed after 0.000s
23:27:51.457 WebDriverAgentRunner-Runner[1371:144542] cleaning up getting interface orientation
23:27:51.457 WebDriverAgentRunner-Runner[1371:144542] Creating future for 'getting interface orientation' with timeout 65.00
23:27:51.457 WebDriverAgentRunner-Runner[1371:144542] <XCTWaiter: 0x112d9b570> entering wait loop for 65.00s with expectations: `getting interface orientation`
23:27:51.458 WebDriverAgentRunner-Runner[1371:144542] Returning result XCTWaiterResultCompleted for synchronous waiter <XCTWaiter: 0x112d9b570>
23:27:51.458 WebDriverAgentRunner-Runner[1371:144542] Wait <XCTWaiterWait: 0x107f720c0> completed after 0.000s
23:27:51.458 WebDriverAgentRunner-Runner[1371:144542] cleaning up getting interface orientation
23:27:51.458 WebDriverAgentRunner-Runner[1371:144542] Requesting local synthesis of event: 
<XCSynthesizedEventRecord 'Swipe Point Array display 0'>
Path 1:
	Touch down at 244.0, 483.0, offset=0.00s
	Move to 253.0, 482.0, offset=0.04s
	Move to 373.0, 471.0, offset=0.08s
	Move to 656.0, 461.0, offset=0.12s
	Move to 832.0, 457.0, offset=0.14s
	Touch up at 832.0, 457.0, offset=0.15s
23:27:51.636 WebDriverAgentRunner-Runner[1371:145453] Handling kAXUserTestingNotification
23:27:51.637 WebDriverAgentRunner-Runner[1371:145453] Received kAXUserTestingNotification from AX element pid: 174, elementOrHash.elementID: 0.1: {
    event = TouchEventsCompleted;
}
23:27:51.637 WebDriverAgentRunner-Runner[1371:145453] Handling kAXUserTestingNotification
23:27:51.637 WebDriverAgentRunner-Runner[1371:145453] Received kAXUserTestingNotification from AX element pid: 174, elementOrHash.elementID: 0.1: {
    event = TouchEventsCompleted;
}
23:27:51.789 WebDriverAgentRunner-Runner[1371:145575] Handling kAXPidStatusChangedNotification
23:27:51.789 WebDriverAgentRunner-Runner[1371:145575] Got kAXPidStatusChangedNotification for pid 308: active
23:27:51.790 WebDriverAgentRunner-Runner[1371:145837] Handling kAXUserTestingNotification
23:27:51.790 WebDriverAgentRunner-Runner[1371:145837] Received kAXUserTestingNotification from AX element pid: 174, elementOrHash.elementID: 0.1: {
    controllerClass = SBHWidgetViewController;
    event = ViewDidAppear;
}
23:27:51.790 WebDriverAgentRunner-Runner[1371:145837] Handling kAXUserTestingNotification
23:27:51.790 WebDriverAgentRunner-Runner[1371:145837] Received kAXUserTestingNotification from AX element pid: 174, elementOrHash.elementID: 0.1: {
    controllerClass = SBHWidgetContainerViewController;
    event = ViewDidAppear;
}
23:27:51.790 WebDriverAgentRunner-Runner[1371:145837] Handling kAXUserTestingNotification
23:27:51.790 WebDriverAgentRunner-Runner[1371:145837] Received kAXUserTestingNotification from AX element pid: 174, elementOrHash.elementID: 0.1: {
    controllerClass = SBHMultiplexingViewController;
    event = ViewDidAppear;
}
23:27:51.790 WebDriverAgentRunner-Runner[1371:145837] Handling kAXUserTestingNotification
23:27:51.790 WebDriverAgentRunner-Runner[1371:145837] Received kAXUserTestingNotification from AX element pid: 174, elementOrHash.elementID: 0.1: {
    controllerClass = SBHWidgetStackViewController;
    event = ViewDidAppear;
}
23:27:51.820 WebDriverAgentRunner-Runner[1371:145837] Handling kAXUserTestingNotification
23:27:51.820 WebDriverAgentRunner-Runner[1371:145837] Received kAXUserTestingNotification from AX element pid: 308, elementOrHash.elementID: 0.1: {
    controllerClass = "WidgetRenderer.WidgetSceneContentViewController";
    event = ViewDidAppear;
}
23:27:51.820 WebDriverAgentRunner-Runner[1371:145837] Handling kAXUserTestingNotification
23:27:51.820 WebDriverAgentRunner-Runner[1371:145837] Received kAXUserTestingNotification from AX element pid: 308, elementOrHash.elementID: 0.1: {
    controllerClass = "WidgetRenderer.SecureHostingController";
    event = ViewDidAppear;
}
23:27:51.865 WebDriverAgentRunner-Runner[1371:144542] No application process found matching pid 308, caching
23:27:52.146 WebDriverAgentRunner-Runner[1371:145837] Handling kAXUserTestingNotification
23:27:52.146 WebDriverAgentRunner-Runner[1371:145837] Received kAXUserTestingNotification from AX element pid: 174, elementOrHash.elementID: 0.1: {
    controllerClass = SBHWidgetStackViewController;
    event = ViewDidDisappear;
}
23:27:52.146 WebDriverAgentRunner-Runner[1371:145837] Handling kAXUserTestingNotification
23:27:52.146 WebDriverAgentRunner-Runner[1371:145837] Received kAXUserTestingNotification from AX element pid: 174, elementOrHash.elementID: 0.1: {
    controllerClass = SBHWidgetContainerViewController;
    event = ViewDidDisappear;
}
23:27:52.146 WebDriverAgentRunner-Runner[1371:145197] Handling kAXUserTestingNotification
23:27:52.147 WebDriverAgentRunner-Runner[1371:145197] Received kAXUserTestingNotification from AX element pid: 174, elementOrHash.elementID: 0.1: {
    controllerClass = SBHMultiplexingViewController;
    event = ViewDidDisappear;
}
23:27:52.147 WebDriverAgentRunner-Runner[1371:145197] Handling kAXUserTestingNotification
23:27:52.147 WebDriverAgentRunner-Runner[1371:145197] Received kAXUserTestingNotification from AX element pid: 174, elementOrHash.elementID: 0.1: {
    controllerClass = SBHWidgetViewController;
    event = ViewDidDisappear;
}
23:27:52.161 WebDriverAgentRunner-Runner[1371:145197] Handling kAXUserTestingNotification
23:27:52.161 WebDriverAgentRunner-Runner[1371:145197] Received kAXUserTestingNotification from AX element pid: 308, elementOrHash.elementID: 0.1: {
    controllerClass = "WidgetRenderer.WidgetSceneContentViewController";
    event = ViewDidDisappear;
}
23:27:52.162 WebDriverAgentRunner-Runner[1371:145197] Handling kAXUserTestingNotification
23:27:52.162 WebDriverAgentRunner-Runner[1371:145197] Received kAXUserTestingNotification from AX element pid: 308, elementOrHash.elementID: 0.1: {
    controllerClass = "WidgetRenderer.SecureHostingController";
    event = ViewDidDisappear;
}
23:27:52.377 WebDriverAgentRunner-Runner[1371:145831] Handling kAXPidStatusChangedNotification
23:27:52.377 WebDriverAgentRunner-Runner[1371:145831] Got kAXPidStatusChangedNotification for pid 308: active
23:27:52.456 WebDriverAgentRunner-Runner[1371:144542] No application process found matching pid 308, caching
23:27:53.266 WebDriverAgentRunner-Runner[1371:145837] Handling kAXPidStatusChangedNotification
23:27:53.266 WebDriverAgentRunner-Runner[1371:145837] Got kAXPidStatusChangedNotification for pid 351: active
23:27:53.324 WebDriverAgentRunner-Runner[1371:144542] Creating future for 'fetching attributes 'XC_kAXXCAttributeSystemAppApplication' for Device system-wide element' with timeout 65.00
23:27:53.324 WebDriverAgentRunner-Runner[1371:144542] <XCTWaiter: 0x112d98ba0> entering wait loop for 65.00s with expectations: `fetching attributes 'XC_kAXXCAttributeSystemAppApplication' for Device system-wide element`
23:27:53.324 WebDriverAgentRunner-Runner[1371:144542] No application process found matching pid 351, caching
23:27:53.324 WebDriverAgentRunner-Runner[1371:145831] Got attribute fetch response with values {
    "XC_kAXXCAttributeSystemAppApplication" = "AX element pid: 174, elementOrHash.elementID: 0.1";
}, error: (null)
23:27:53.324 WebDriverAgentRunner-Runner[1371:144542] Returning result XCTWaiterResultCompleted for synchronous waiter <XCTWaiter: 0x112d98ba0>
23:27:53.325 WebDriverAgentRunner-Runner[1371:144542] Wait <XCTWaiterWait: 0x107f72c40> completed after 0.001s
23:27:53.325 WebDriverAgentRunner-Runner[1371:144542] cleaning up fetching attributes 'XC_kAXXCAttributeSystemAppApplication' for Device system-wide element
23:27:53.325 WebDriverAgentRunner-Runner[1371:144542] Creating future for 'fetching attributes 'XC_kAXXCAttributeFocusedApplications' for AX element pid: 174, elementOrHash.elementID: 0.1' with timeout 65.00
23:27:53.325 WebDriverAgentRunner-Runner[1371:144542] <XCTWaiter: 0x112d986f0> entering wait loop for 65.00s with expectations: `fetching attributes 'XC_kAXXCAttributeFocusedApplications' for AX element pid: 174, elementOrHash.elementID: 0.1`
23:27:53.327 WebDriverAgentRunner-Runner[1371:145831] Got attribute fetch response with values {
    "XC_kAXXCAttributeFocusedApplications" =     (
        "AX element pid: 303, elementOrHash.elementID: 0.1",
        "AX element pid: 174, elementOrHash.elementID: 0.1"
    );
}, error: (null)
23:27:53.328 WebDriverAgentRunner-Runner[1371:144542] Returning result XCTWaiterResultCompleted for synchronous waiter <XCTWaiter: 0x112d986f0>
23:27:53.328 WebDriverAgentRunner-Runner[1371:144542] Wait <XCTWaiterWait: 0x107f72280> completed after 0.003s
23:27:53.328 WebDriverAgentRunner-Runner[1371:144542] cleaning up fetching attributes 'XC_kAXXCAttributeFocusedApplications' for AX element pid: 174, elementOrHash.elementID: 0.1
23:27:53.328 WebDriverAgentRunner-Runner[1371:144542] Active application elements: (
    "AX element pid: 303, elementOrHash.elementID: 0.1",
    "AX element pid: 174, elementOrHash.elementID: 0.1"
)
23:27:53.352 WebDriverAgentRunner-Runner[1371:144542] Creating future for 'getting interface orientation' with timeout 65.00
23:27:53.352 WebDriverAgentRunner-Runner[1371:144542] <XCTWaiter: 0x112d981e0> entering wait loop for 65.00s with expectations: `getting interface orientation`
23:27:53.352 WebDriverAgentRunner-Runner[1371:144542] Returning result XCTWaiterResultCompleted for synchronous waiter <XCTWaiter: 0x112d981e0>
23:27:53.352 WebDriverAgentRunner-Runner[1371:144542] Wait <XCTWaiterWait: 0x107f73bc0> completed after 0.000s
23:27:53.353 WebDriverAgentRunner-Runner[1371:144542] cleaning up getting interface orientation
    t =   157.33s Find the Application 'com.apple.springboard'
23:27:53.353 WebDriverAgentRunner-Runner[1371:144542] <XCTContext: 0x104595720> started activity <XCActivityRecord: 0x10752e840> 2026-07-19 16:27:53 +0000: Find the Application 'com.apple.springboard'
23:27:53.353 WebDriverAgentRunner-Runner[1371:144542] Executing query:

23:27:53.353 WebDriverAgentRunner-Runner[1371:144542] Creating future for 'checking for continuity enablement' with timeout 30.00
23:27:53.353 WebDriverAgentRunner-Runner[1371:144542] <XCTWaiter: 0x112d9bab0> entering wait loop for 30.00s with expectations: `checking for continuity enablement`
23:27:53.354 WebDriverAgentRunner-Runner[1371:144542] Returning result XCTWaiterResultCompleted for synchronous waiter <XCTWaiter: 0x112d9bab0>
23:27:53.354 WebDriverAgentRunner-Runner[1371:144542] Wait <XCTWaiterWait: 0x107f73040> completed after 0.001s
23:27:53.354 WebDriverAgentRunner-Runner[1371:144542] cleaning up checking for continuity enablement
23:27:53.355 WebDriverAgentRunner-Runner[1371:144542] Should evaluate query remotely? XCTDisableRemoteQueryEvaluation(d-write): YES, hasAutomationSession: YES, supportsRemoteEvaluation: YES
23:27:53.355 WebDriverAgentRunner-Runner[1371:144542] Getting matching snapshots for locally evaluated query
23:27:53.355 WebDriverAgentRunner-Runner[1371:144542] Evaluating query:
 
23:27:53.355 WebDriverAgentRunner-Runner[1371:144542] Getting root element snapshot
23:27:53.355 WebDriverAgentRunner-Runner[1371:144542] Getting snapshot for App element pid: 174 for query 
23:27:53.355 WebDriverAgentRunner-Runner[1371:144542] <XCTContext: 0x104595720> started activity <XCActivityRecord: 0x10752e370> 2026-07-19 16:27:53 +0000: Requesting snapshot of accessibility hierarchy for app with pid 174
23:27:53.355 WebDriverAgentRunner-Runner[1371:144542] Query requires iOS snapshot attributes .
23:27:53.355 WebDriverAgentRunner-Runner[1371:144542] XCUIElementQuery <XCTElementSnapshotProvider> getting snapshot
23:27:53.355 WebDriverAgentRunner-Runner[1371:144542] Snapshot request has custom attributes 
23:27:53.355 WebDriverAgentRunner-Runner[1371:144542] Snapshot request has custom parameters {
    snapshotKeyHonorModalViews = 0;
}
23:27:53.355 WebDriverAgentRunner-Runner[1371:144542] Current snapshot generation is 774
23:27:53.356 WebDriverAgentRunner-Runner[1371:144542] Query rootElementSnapshot is non-null with generation count 732
23:27:53.356 WebDriverAgentRunner-Runner[1371:144542] Capturing a new snapshot
23:27:53.356 WebDriverAgentRunner-Runner[1371:144542] Fetching snapshot for App element pid: 174 from testmanagerd with attributes XC_kAXXCAttributeElementType, XC_kAXXCAttributeElementBaseType, XC_kAXXCAttributeParent, XC_kAXXCAttributeIdentifier, XC_kAXXCAttributeAutomationType, XC_kAXXCAttributeTraits and parameters {
    maxArrayCount = 2147483647;
    maxChildren = 2147483647;
    maxDepth = 50;
    snapshotKeyHonorModalViews = 0;
    traverseFromParentsToChildren = 1;
}.
23:27:53.356 WebDriverAgentRunner-Runner[1371:144542] Creating future for 'fetching snapshot from testmanagerd.' with timeout 65.00
23:27:53.356 WebDriverAgentRunner-Runner[1371:144542] <XCTWaiter: 0x112d9b3c0> entering wait loop for 65.00s with expectations: `fetching snapshot from testmanagerd.`
    t =   157.33s     Requesting snapshot of accessibility hierarchy for app with pid 174
23:27:53.555 WebDriverAgentRunner-Runner[1371:145831] Got snapshot response with runtime issue support from testmanagerd.
23:27:53.555 WebDriverAgentRunner-Runner[1371:144542] Returning result XCTWaiterResultCompleted for synchronous waiter <XCTWaiter: 0x112d9b3c0>
23:27:53.555 WebDriverAgentRunner-Runner[1371:144542] Wait <XCTWaiterWait: 0x107f718c0> completed after 0.199s
23:27:53.556 WebDriverAgentRunner-Runner[1371:144542] cleaning up fetching snapshot from testmanagerd.
23:27:53.556 WebDriverAgentRunner-Runner[1371:144542] <XCTContext: 0x104595720> finished activity <XCActivityRecord: 0x10752e370> 2026-07-19 16:27:53 +0000: Requesting snapshot of accessibility hierarchy for app with pid 174 (0.20081s)
23:27:53.556 WebDriverAgentRunner-Runner[1371:144542] Found matches {(
    App element pid: 174
)} with root App element pid: 174
23:27:53.556 WebDriverAgentRunner-Runner[1371:144542] <XCTContext: 0x104595720> finished activity <XCActivityRecord: 0x10752e840> 2026-07-19 16:27:53 +0000: Find the Application 'com.apple.springboard' (0.203724s)
23:27:53.557 WebDriverAgentRunner-Runner[1371:144542] XCUIElementQuery <XCTElementSnapshotProvider> getting snapshot
23:27:53.557 WebDriverAgentRunner-Runner[1371:144542] Snapshot request has custom attributes XC_kAXXCAttributeElementBaseType, XC_kAXXCAttributeValue, XC_kAXXCAttributeAutomationType, XC_kAXXCAttributeIdentifier, XC_kAXXCAttributeTraits, XC_kAXXCAttributeVerticalSizeClass, XC_kAXXCAttributeFrame, XC_kAXXCAttributeWindowDisplayId, XC_kAXXCAttributeWindowContextId, XC_kAXXCAttributeLabel, XC_kAXXCAttributeHorizontalSizeClass, XC_kAXXCAttributeHasNativeFocus, XC_kAXXCAttributePlaceholderValue, XC_kAXXCAttributeElementType
23:27:53.557 WebDriverAgentRunner-Runner[1371:144542] Current snapshot generation is 776
23:27:53.557 WebDriverAgentRunner-Runner[1371:144542] Query rootElementSnapshot is non-null with generation count 776
23:27:53.557 WebDriverAgentRunner-Runner[1371:144542] Capturing a new snapshot
23:27:53.557 WebDriverAgentRunner-Runner[1371:144542] Fetching snapshot for App element pid: 174 from testmanagerd with attributes XC_kAXXCAttributeElementBaseType, XC_kAXXCAttributeParent, XC_kAXXCAttributeAutomationType, XC_kAXXCAttributeIdentifier, XC_kAXXCAttributeTraits, XC_kAXXCAttributeVerticalSizeClass, XC_kAXXCAttributeFrame, XC_kAXXCAttributeWindowDisplayId, XC_kAXXCAttributeWindowContextId, XC_kAXXCAttributeLabel, XC_kAXXCAttributeHorizontalSizeClass, XC_kAXXCAttributeHasNativeFocus, XC_kAXXCAttributePlaceholderValue, XC_kAXXCAttributeTruncatedValue, XC_kAXXCAttributeElementType and parameters {
    maxArrayCount = 2147483647;
    maxChildren = 2147483647;
    maxDepth = 50;
    snapshotKeyHonorModalViews = 0;
    traverseFromParentsToChildren = 1;
}.
23:27:53.557 WebDriverAgentRunner-Runner[1371:144542] Creating future for 'fetching snapshot from testmanagerd.' with timeout 65.00
23:27:53.557 WebDriverAgentRunner-Runner[1371:144542] <XCTWaiter: 0x112d98f00> entering wait loop for 65.00s with expectations: `fetching snapshot from testmanagerd.`
23:27:53.838 WebDriverAgentRunner-Runner[1371:145818] Got snapshot response with runtime issue support from testmanagerd.
23:27:53.838 WebDriverAgentRunner-Runner[1371:144542] Returning result XCTWaiterResultCompleted for synchronous waiter <XCTWaiter: 0x112d98f00>
23:27:53.839 WebDriverAgentRunner-Runner[1371:144542] Wait <XCTWaiterWait: 0x1047f90c0> completed after 0.281s
23:27:53.839 WebDriverAgentRunner-Runner[1371:144542] cleaning up fetching snapshot from testmanagerd.
23:27:53.839 WebDriverAgentRunner-Runner[1371:144542] Creating future for 'getting interface orientation' with timeout 65.00
23:27:53.839 WebDriverAgentRunner-Runner[1371:144542] <XCTWaiter: 0x112d99350> entering wait loop for 65.00s with expectations: `getting interface orientation`
23:27:53.840 WebDriverAgentRunner-Runner[1371:144542] Returning result XCTWaiterResultCompleted for synchronous waiter <XCTWaiter: 0x112d99350>
23:27:53.840 WebDriverAgentRunner-Runner[1371:144542] Wait <XCTWaiterWait: 0x1047fd140> completed after 0.001s
23:27:53.840 WebDriverAgentRunner-Runner[1371:144542] cleaning up getting interface orientation
23:27:53.840 WebDriverAgentRunner-Runner[1371:144542] Creating future for 'getting interface orientation' with timeout 65.00
23:27:53.840 WebDriverAgentRunner-Runner[1371:144542] <XCTWaiter: 0x112d9b5d0> entering wait loop for 65.00s with expectations: `getting interface orientation`
23:27:53.841 WebDriverAgentRunner-Runner[1371:144542] Returning result XCTWaiterResultCompleted for synchronous waiter <XCTWaiter: 0x112d9b5d0>
23:27:53.841 WebDriverAgentRunner-Runner[1371:144542] Wait <XCTWaiterWait: 0x1047fc940> completed after 0.001s
23:27:53.841 WebDriverAgentRunner-Runner[1371:144542] cleaning up getting interface orientation
23:27:53.841 WebDriverAgentRunner-Runner[1371:144542] Requesting local synthesis of event: 
<XCSynthesizedEventRecord 'Swipe Point Array display 0'>
Path 1:
	Touch down at 815.0, 783.0, offset=0.00s
	Move to 859.0, 785.0, offset=0.04s
	Move to 1055.0, 792.0, offset=0.08s
	Move to 1322.0, 792.0, offset=0.12s
	Move to 1322.0, 792.0, offset=0.13s
	Touch up at 1322.0, 792.0, offset=0.14s
23:27:53.900 WebDriverAgentRunner-Runner[1371:145197] Handling kAXPidStatusChangedNotification
23:27:53.900 WebDriverAgentRunner-Runner[1371:145197] Got kAXPidStatusChangedNotification for pid 308: active
23:27:53.901 WebDriverAgentRunner-Runner[1371:145197] Handling kAXUserTestingNotification
23:27:53.901 WebDriverAgentRunner-Runner[1371:145197] Received kAXUserTestingNotification from AX element pid: 174, elementOrHash.elementID: 0.1: {
    controllerClass = SBHWidgetViewController;
    event = ViewDidAppear;
}
23:27:53.901 WebDriverAgentRunner-Runner[1371:145197] Handling kAXUserTestingNotification
23:27:53.901 WebDriverAgentRunner-Runner[1371:145197] Received kAXUserTestingNotification from AX element pid: 174, elementOrHash.elementID: 0.1: {
    controllerClass = SBHWidgetContainerViewController;
    event = ViewDidAppear;
}
23:27:53.901 WebDriverAgentRunner-Runner[1371:145197] Handling kAXUserTestingNotification
23:27:53.901 WebDriverAgentRunner-Runner[1371:145197] Received kAXUserTestingNotification from AX element pid: 174, elementOrHash.elementID: 0.1: {
    controllerClass = SBHMultiplexingViewController;
    event = ViewDidAppear;
}
23:27:53.901 WebDriverAgentRunner-Runner[1371:145197] Handling kAXUserTestingNotification
23:27:53.901 WebDriverAgentRunner-Runner[1371:145197] Received kAXUserTestingNotification from AX element pid: 174, elementOrHash.elementID: 0.1: {
    controllerClass = SBHWidgetStackViewController;
    event = ViewDidAppear;
}
23:27:53.929 WebDriverAgentRunner-Runner[1371:145818] Handling kAXUserTestingNotification
23:27:53.929 WebDriverAgentRunner-Runner[1371:145818] Received kAXUserTestingNotification from AX element pid: 308, elementOrHash.elementID: 0.1: {
    controllerClass = "WidgetRenderer.WidgetSceneContentViewController";
    event = ViewDidAppear;
}
23:27:53.929 WebDriverAgentRunner-Runner[1371:145818] Handling kAXUserTestingNotification
23:27:53.929 WebDriverAgentRunner-Runner[1371:145818] Received kAXUserTestingNotification from AX element pid: 308, elementOrHash.elementID: 0.1: {
    controllerClass = "WidgetRenderer.SecureHostingController";
    event = ViewDidAppear;
}
23:27:53.945 WebDriverAgentRunner-Runner[1371:144542] No application process found matching pid 308, caching
23:27:54.019 WebDriverAgentRunner-Runner[1371:145816] Handling kAXUserTestingNotification
23:27:54.019 WebDriverAgentRunner-Runner[1371:145816] Received kAXUserTestingNotification from AX element pid: 174, elementOrHash.elementID: 0.1: {
    event = TouchEventsCompleted;
}
23:27:54.020 WebDriverAgentRunner-Runner[1371:145816] Handling kAXUserTestingNotification
23:27:54.020 WebDriverAgentRunner-Runner[1371:145816] Received kAXUserTestingNotification from AX element pid: 174, elementOrHash.elementID: 0.1: {
    event = TouchEventsCompleted;
}
23:27:54.107 WebDriverAgentRunner-Runner[1371:145197] Handling kAXUserTestingNotification
23:27:54.107 WebDriverAgentRunner-Runner[1371:145197] Received kAXUserTestingNotification from AX element pid: 174, elementOrHash.elementID: 0.1: {
    controllerClass = SBHWidgetViewController;
    event = ViewDidAppear;
}
23:27:54.108 WebDriverAgentRunner-Runner[1371:145197] Handling kAXUserTestingNotification
23:27:54.108 WebDriverAgentRunner-Runner[1371:145197] Received kAXUserTestingNotification from AX element pid: 174, elementOrHash.elementID: 0.1: {
    controllerClass = SBHWidgetContainerViewController;
    event = ViewDidAppear;
}
23:27:54.108 WebDriverAgentRunner-Runner[1371:145817] Handling kAXUserTestingNotification
23:27:54.108 WebDriverAgentRunner-Runner[1371:145817] Received kAXUserTestingNotification from AX element pid: 174, elementOrHash.elementID: 0.1: {
    controllerClass = SBHMultiplexingViewController;
    event = ViewDidAppear;
}
23:27:54.108 WebDriverAgentRunner-Runner[1371:145817] Handling kAXUserTestingNotification
23:27:54.108 WebDriverAgentRunner-Runner[1371:145817] Received kAXUserTestingNotification from AX element pid: 174, elementOrHash.elementID: 0.1: {
    controllerClass = SBHWidgetStackViewController;
    event = ViewDidAppear;
}
23:27:54.108 WebDriverAgentRunner-Runner[1371:145817] Handling kAXUserTestingNotification
23:27:54.109 WebDriverAgentRunner-Runner[1371:145817] Received kAXUserTestingNotification from AX element pid: 174, elementOrHash.elementID: 0.1: {
    controllerClass = SBHWidgetViewController;
    event = ViewDidAppear;
}
23:27:54.109 WebDriverAgentRunner-Runner[1371:145817] Handling kAXUserTestingNotification
23:27:54.109 WebDriverAgentRunner-Runner[1371:145817] Received kAXUserTestingNotification from AX element pid: 174, elementOrHash.elementID: 0.1: {
    controllerClass = SBHWidgetContainerViewController;
    event = ViewDidAppear;
}
23:27:54.110 WebDriverAgentRunner-Runner[1371:145817] Handling kAXUserTestingNotification
23:27:54.110 WebDriverAgentRunner-Runner[1371:145817] Received kAXUserTestingNotification from AX element pid: 174, elementOrHash.elementID: 0.1: {
    controllerClass = SBHMultiplexingViewController;
    event = ViewDidAppear;
}
23:27:54.110 WebDriverAgentRunner-Runner[1371:145817] Handling kAXUserTestingNotification
23:27:54.110 WebDriverAgentRunner-Runner[1371:145817] Received kAXUserTestingNotification from AX element pid: 174, elementOrHash.elementID: 0.1: {
    controllerClass = SBHWidgetStackViewController;
    event = ViewDidAppear;
}
23:27:54.110 WebDriverAgentRunner-Runner[1371:145817] Handling kAXUserTestingNotification
23:27:54.110 WebDriverAgentRunner-Runner[1371:145817] Received kAXUserTestingNotification from AX element pid: 174, elementOrHash.elementID: 0.1: {
    controllerClass = SBHWidgetViewController;
    event = ViewDidAppear;
}
23:27:54.110 WebDriverAgentRunner-Runner[1371:145817] Handling kAXUserTestingNotification
23:27:54.111 WebDriverAgentRunner-Runner[1371:145817] Received kAXUserTestingNotification from AX element pid: 174, elementOrHash.elementID: 0.1: {
    controllerClass = SBHWidgetContainerViewController;
    event = ViewDidAppear;
}
23:27:54.111 WebDriverAgentRunner-Runner[1371:145817] Handling kAXUserTestingNotification
23:27:54.111 WebDriverAgentRunner-Runner[1371:145817] Received kAXUserTestingNotification from AX element pid: 174, elementOrHash.elementID: 0.1: {
    controllerClass = SBHMultiplexingViewController;
    event = ViewDidAppear;
}
23:27:54.111 WebDriverAgentRunner-Runner[1371:145817] Handling kAXUserTestingNotification
23:27:54.111 WebDriverAgentRunner-Runner[1371:145817] Received kAXUserTestingNotification from AX element pid: 174, elementOrHash.elementID: 0.1: {
    controllerClass = SBHWidgetStackViewController;
    event = ViewDidAppear;
}
23:27:54.121 WebDriverAgentRunner-Runner[1371:145817] Handling kAXUserTestingNotification
23:27:54.121 WebDriverAgentRunner-Runner[1371:145817] Received kAXUserTestingNotification from AX element pid: 308, elementOrHash.elementID: 0.1: {
    controllerClass = "WidgetRenderer.WidgetSceneContentViewController";
    event = ViewDidAppear;
}
23:27:54.122 WebDriverAgentRunner-Runner[1371:145817] Handling kAXUserTestingNotification
23:27:54.122 WebDriverAgentRunner-Runner[1371:145817] Received kAXUserTestingNotification from AX element pid: 308, elementOrHash.elementID: 0.1: {
    controllerClass = "WidgetRenderer.SecureHostingController";
    event = ViewDidAppear;
}
23:27:54.127 WebDriverAgentRunner-Runner[1371:145818] Handling kAXUserTestingNotification
23:27:54.127 WebDriverAgentRunner-Runner[1371:145818] Received kAXUserTestingNotification from AX element pid: 308, elementOrHash.elementID: 0.1: {
    controllerClass = "WidgetRenderer.WidgetSceneContentViewController";
    event = ViewDidAppear;
}
23:27:54.127 WebDriverAgentRunner-Runner[1371:145818] Handling kAXUserTestingNotification
23:27:54.127 WebDriverAgentRunner-Runner[1371:145818] Received kAXUserTestingNotification from AX element pid: 308, elementOrHash.elementID: 0.1: {
    controllerClass = "WidgetRenderer.SecureHostingController";
    event = ViewDidAppear;
}
23:27:54.134 WebDriverAgentRunner-Runner[1371:145817] Handling kAXUserTestingNotification
23:27:54.135 WebDriverAgentRunner-Runner[1371:145817] Received kAXUserTestingNotification from AX element pid: 308, elementOrHash.elementID: 0.1: {
    controllerClass = "WidgetRenderer.WidgetSceneContentViewController";
    event = ViewDidAppear;
}
23:27:54.135 WebDriverAgentRunner-Runner[1371:145817] Handling kAXUserTestingNotification
23:27:54.135 WebDriverAgentRunner-Runner[1371:145817] Received kAXUserTestingNotification from AX element pid: 308, elementOrHash.elementID: 0.1: {
    controllerClass = "WidgetRenderer.SecureHostingController";
    event = ViewDidAppear;
}
23:27:54.155 WebDriverAgentRunner-Runner[1371:145197] Handling kAXUserTestingNotification
23:27:54.156 WebDriverAgentRunner-Runner[1371:145197] Received kAXUserTestingNotification from AX element pid: 308, elementOrHash.elementID: 0.1: {
    controllerClass = "WidgetRenderer.WidgetSceneContentViewController";
    event = ViewDidAppear;
}
23:27:54.156 WebDriverAgentRunner-Runner[1371:145817] Handling kAXUserTestingNotification
23:27:54.156 WebDriverAgentRunner-Runner[1371:145817] Received kAXUserTestingNotification from AX element pid: 308, elementOrHash.elementID: 0.1: {
    controllerClass = "WidgetRenderer.SecureHostingController";
    event = ViewDidAppear;
}
23:27:54.159 WebDriverAgentRunner-Runner[1371:145197] Handling kAXUserTestingNotification
23:27:54.160 WebDriverAgentRunner-Runner[1371:145197] Received kAXUserTestingNotification from AX element pid: 174, elementOrHash.elementID: 0.1: {
    controllerClass = SBHWidgetViewController;
    event = ViewDidAppear;
}
23:27:54.160 WebDriverAgentRunner-Runner[1371:145197] Handling kAXUserTestingNotification
23:27:54.160 WebDriverAgentRunner-Runner[1371:145197] Received kAXUserTestingNotification from AX element pid: 174, elementOrHash.elementID: 0.1: {
    controllerClass = SBHWidgetContainerViewController;
    event = ViewDidAppear;
}
23:27:54.160 WebDriverAgentRunner-Runner[1371:145197] Handling kAXUserTestingNotification
23:27:54.160 WebDriverAgentRunner-Runner[1371:145197] Received kAXUserTestingNotification from AX element pid: 174, elementOrHash.elementID: 0.1: {
    controllerClass = SBHMultiplexingViewController;
    event = ViewDidAppear;
}
23:27:54.160 WebDriverAgentRunner-Runner[1371:145197] Handling kAXUserTestingNotification
23:27:54.160 WebDriverAgentRunner-Runner[1371:145197] Received kAXUserTestingNotification from AX element pid: 174, elementOrHash.elementID: 0.1: {
    controllerClass = SBHWidgetStackViewController;
    event = ViewDidAppear;
}
23:27:55.397 WebDriverAgentRunner-Runner[1371:144542] Creating future for 'fetching attributes 'XC_kAXXCAttributeSystemAppApplication' for Device system-wide element' with timeout 65.00
23:27:55.397 WebDriverAgentRunner-Runner[1371:144542] <XCTWaiter: 0x112d98660> entering wait loop for 65.00s with expectations: `fetching attributes 'XC_kAXXCAttributeSystemAppApplication' for Device system-wide element`
23:27:55.398 WebDriverAgentRunner-Runner[1371:145817] Got attribute fetch response with values {
    "XC_kAXXCAttributeSystemAppApplication" = "AX element pid: 174, elementOrHash.elementID: 0.1";
}, error: (null)
23:27:55.398 WebDriverAgentRunner-Runner[1371:144542] Returning result XCTWaiterResultCompleted for synchronous waiter <XCTWaiter: 0x112d98660>
23:27:55.398 WebDriverAgentRunner-Runner[1371:144542] Wait <XCTWaiterWait: 0x1047ff180> completed after 0.001s
23:27:55.398 WebDriverAgentRunner-Runner[1371:144542] cleaning up fetching attributes 'XC_kAXXCAttributeSystemAppApplication' for Device system-wide element
23:27:55.398 WebDriverAgentRunner-Runner[1371:144542] Creating future for 'fetching attributes 'XC_kAXXCAttributeFocusedApplications' for AX element pid: 174, elementOrHash.elementID: 0.1' with timeout 65.00
23:27:55.398 WebDriverAgentRunner-Runner[1371:144542] <XCTWaiter: 0x112d98210> entering wait loop for 65.00s with expectations: `fetching attributes 'XC_kAXXCAttributeFocusedApplications' for AX element pid: 174, elementOrHash.elementID: 0.1`
23:27:55.401 WebDriverAgentRunner-Runner[1371:145575] Got attribute fetch response with values {
    "XC_kAXXCAttributeFocusedApplications" =     (
        "AX element pid: 303, elementOrHash.elementID: 0.1",
        "AX element pid: 174, elementOrHash.elementID: 0.1"
    );
}, error: (null)
23:27:55.401 WebDriverAgentRunner-Runner[1371:144542] Returning result XCTWaiterResultCompleted for synchronous waiter <XCTWaiter: 0x112d98210>
23:27:55.401 WebDriverAgentRunner-Runner[1371:144542] Wait <XCTWaiterWait: 0x1047fe840> completed after 0.003s
23:27:55.401 WebDriverAgentRunner-Runner[1371:144542] cleaning up fetching attributes 'XC_kAXXCAttributeFocusedApplications' for AX element pid: 174, elementOrHash.elementID: 0.1
23:27:55.401 WebDriverAgentRunner-Runner[1371:144542] Active application elements: (
    "AX element pid: 303, elementOrHash.elementID: 0.1",
    "AX element pid: 174, elementOrHash.elementID: 0.1"
)
    t =   159.38s Tap Application 'com.apple.DocumentManager.DockFolderViewService'[0.00, 0.00] -> (811.0, 828.0)
23:27:55.406 WebDriverAgentRunner-Runner[1371:144542] <XCTContext: 0x104595720> started activity <XCActivityRecord: 0x10752e840> 2026-07-19 16:27:55 +0000: Tap Application 'com.apple.DocumentManager.DockFolderViewService'[0.00, 0.00] -> (811.0, 828.0)
23:27:55.406 WebDriverAgentRunner-Runner[1371:144542] Overriding application state timeout, 60.0 -> 10.0
23:27:55.406 WebDriverAgentRunner-Runner[1371:144542] <XCTContext: 0x104595720> started activity <XCActivityRecord: 0x10752e370> 2026-07-19 16:27:55 +0000: Wait for com.apple.DocumentManager.DockFolderViewService to idle
23:27:55.407 WebDriverAgentRunner-Runner[1371:144542] Creating future for 'getting screen identifiers' with timeout 30.00
23:27:55.407 WebDriverAgentRunner-Runner[1371:144542] <XCTWaiter: 0x112d98ba0> entering wait loop for 30.00s with expectations: `getting screen identifiers`
23:27:55.407 WebDriverAgentRunner-Runner[1371:144542] Returning result XCTWaiterResultCompleted for synchronous waiter <XCTWaiter: 0x112d98ba0>
23:27:55.407 WebDriverAgentRunner-Runner[1371:144542] Wait <XCTWaiterWait: 0x1047fc1c0> completed after 0.000s
23:27:55.407 WebDriverAgentRunner-Runner[1371:144542] cleaning up getting screen identifiers
23:27:55.407 WebDriverAgentRunner-Runner[1371:144542] Waiting for com.apple.DocumentManager.DockFolderViewService (PID 303) quiescence...
23:27:55.407 WebDriverAgentRunner-Runner[1371:145831] com.apple.DocumentManager.DockFolderViewService (pid:303) eventLoopHasIdled YES -> NO
23:27:55.407 WebDriverAgentRunner-Runner[1371:145817] Posting KVO notifications for eventLoopHasIdled
23:27:55.407 WebDriverAgentRunner-Runner[1371:144542] Requesting main run loop idle notification using automation session for com.apple.DocumentManager.DockFolderViewService (pid:303)
23:27:55.408 WebDriverAgentRunner-Runner[1371:145817] com.apple.DocumentManager.DockFolderViewService (pid:303) animationsHaveFinished YES -> NO
23:27:55.408 WebDriverAgentRunner-Runner[1371:145831] Posting KVO notifications for animationsHaveFinished
23:27:55.408 WebDriverAgentRunner-Runner[1371:144542] Requesting animations idle notification using automation session for com.apple.DocumentManager.DockFolderViewService (pid:303)
23:27:55.408 WebDriverAgentRunner-Runner[1371:144542] Waiting on quiescence state variables
23:27:55.408 WebDriverAgentRunner-Runner[1371:145817] Got event loop idle reply for com.apple.DocumentManager.DockFolderViewService (PID 303)
23:27:55.408 WebDriverAgentRunner-Runner[1371:145817] Event loop is idle.
23:27:55.408 WebDriverAgentRunner-Runner[1371:144542] KVO change: checked status of Expect value of 'foreground' of com.apple.DocumentManager.DockFolderViewService (pid:303) to be '0': fulfill=NO
23:27:55.408 WebDriverAgentRunner-Runner[1371:145575] com.apple.DocumentManager.DockFolderViewService (pid:303) eventLoopHasIdled NO -> YES
    t =   159.38s     Wait for com.apple.DocumentManager.DockFolderViewService to idle
23:27:55.408 WebDriverAgentRunner-Runner[1371:145831] Posting KVO notifications for eventLoopHasIdled
23:27:55.409 WebDriverAgentRunner-Runner[1371:144542] KVO change: checked status of Expect value of 'foreground' of com.apple.DocumentManager.DockFolderViewService (pid:303) to be '0': fulfill=NO
23:27:55.409 WebDriverAgentRunner-Runner[1371:145817] Got animations reply for com.apple.DocumentManager.DockFolderViewService (PID 303)
23:27:55.409 WebDriverAgentRunner-Runner[1371:144542] isQuiescent: self.eventLoopHasIdled: YES && self.animationsHaveFinished: NO
23:27:55.409 WebDriverAgentRunner-Runner[1371:145817] Animations are not active.
23:27:55.409 WebDriverAgentRunner-Runner[1371:144542] KVO change: checked status of Expect value of 'isQuiescent' of com.apple.DocumentManager.DockFolderViewService (pid:303) to be '1': fulfill=NO
23:27:55.409 WebDriverAgentRunner-Runner[1371:145831] com.apple.DocumentManager.DockFolderViewService (pid:303) animationsHaveFinished NO -> YES
23:27:55.409 WebDriverAgentRunner-Runner[1371:144542] isQuiescent: self.eventLoopHasIdled: YES && self.animationsHaveFinished: NO
23:27:55.409 WebDriverAgentRunner-Runner[1371:145831] Posting KVO notifications for animationsHaveFinished
23:27:55.409 WebDriverAgentRunner-Runner[1371:144542] KVO change: checked status of Expect value of 'isQuiescent' of com.apple.DocumentManager.DockFolderViewService (pid:303) to be '1': fulfill=YES
23:27:55.410 WebDriverAgentRunner-Runner[1371:145831] isQuiescent: self.eventLoopHasIdled: YES && self.animationsHaveFinished: YES
23:27:55.410 WebDriverAgentRunner-Runner[1371:144542] Fulfilling (Expect value of 'foreground' of com.apple.DocumentManager.DockFolderViewService (pid:303) to be '0' OR Expect value of 'isQuiescent' of com.apple.DocumentManager.DockFolderViewService (pid:303) to be '1') because Expect value of 'isQuiescent' of com.apple.DocumentManager.DockFolderViewService (pid:303) to be '1' is fulfilled
23:27:55.410 WebDriverAgentRunner-Runner[1371:145831] isQuiescent: self.eventLoopHasIdled: YES && self.animationsHaveFinished: YES
23:27:55.410 WebDriverAgentRunner-Runner[1371:144542] <XCTWaiter: 0x112d997d0> entering wait loop for 10.00s with expectations: `(Expect value of 'foreground' of com.apple.DocumentManager.DockFolderViewService (pid:303) to be '0' OR Expect value of 'isQuiescent' of com.apple.DocumentManager.DockFolderViewService (pid:303) to be '1')`
23:27:55.410 WebDriverAgentRunner-Runner[1371:145831] KVO change: checked status of Expect value of 'isQuiescent' of com.apple.DocumentManager.DockFolderViewService (pid:303) to be '1': fulfill=YES
23:27:55.410 WebDriverAgentRunner-Runner[1371:144542] Returning result XCTWaiterResultCompleted for synchronous waiter <XCTWaiter: 0x112d997d0>
23:27:55.410 WebDriverAgentRunner-Runner[1371:144542] Wait <XCTWaiterWait: 0x1047fd900> completed after 0.000s
23:27:55.410 WebDriverAgentRunner-Runner[1371:144542] cleaning up (Expect value of 'foreground' of com.apple.DocumentManager.DockFolderViewService (pid:303) to be '0' OR Expect value of 'isQuiescent' of com.apple.DocumentManager.DockFolderViewService (pid:303) to be '1')
23:27:55.411 WebDriverAgentRunner-Runner[1371:144542] cleaning up Expect value of 'foreground' of com.apple.DocumentManager.DockFolderViewService (pid:303) to be '0'
23:27:55.411 WebDriverAgentRunner-Runner[1371:144542] cleaning up Expect value of 'foreground' of com.apple.DocumentManager.DockFolderViewService (pid:303) to be '0'
23:27:55.411 WebDriverAgentRunner-Runner[1371:144542] cleaning up Expect value of 'isQuiescent' of com.apple.DocumentManager.DockFolderViewService (pid:303) to be '1'
23:27:55.411 WebDriverAgentRunner-Runner[1371:144542] cleaning up Expect value of 'isQuiescent' of com.apple.DocumentManager.DockFolderViewService (pid:303) to be '1'
23:27:55.411 WebDriverAgentRunner-Runner[1371:144542] com.apple.DocumentManager.DockFolderViewService has quiesced or quiescence timeout has elapsed.
23:27:55.411 WebDriverAgentRunner-Runner[1371:144542] <XCTContext: 0x104595720> finished activity <XCActivityRecord: 0x10752e370> 2026-07-19 16:27:55 +0000: Wait for com.apple.DocumentManager.DockFolderViewService to idle (0.00474203s)
23:27:55.411 WebDriverAgentRunner-Runner[1371:144542] Overriding application state timeout, 10.0 -> 60.0
23:27:55.411 WebDriverAgentRunner-Runner[1371:144542] <XCTContext: 0x104595720> started activity <XCActivityRecord: 0x10752e370> 2026-07-19 16:27:55 +0000: Find the Application 'com.apple.DocumentManager.DockFolderViewService'
23:27:55.412 WebDriverAgentRunner-Runner[1371:144542] Executing query:

23:27:55.412 WebDriverAgentRunner-Runner[1371:144542] Creating future for 'checking for continuity enablement' with timeout 30.00
23:27:55.412 WebDriverAgentRunner-Runner[1371:144542] <XCTWaiter: 0x112d98060> entering wait loop for 30.00s with expectations: `checking for continuity enablement`
23:27:55.413 WebDriverAgentRunner-Runner[1371:144542] Returning result XCTWaiterResultCompleted for synchronous waiter <XCTWaiter: 0x112d98060>
23:27:55.413 WebDriverAgentRunner-Runner[1371:144542] Wait <XCTWaiterWait: 0x1047fc180> completed after 0.001s
23:27:55.413 WebDriverAgentRunner-Runner[1371:144542] cleaning up checking for continuity enablement
23:27:55.413 WebDriverAgentRunner-Runner[1371:144542] Should evaluate query remotely? XCTDisableRemoteQueryEvaluation(d-write): YES, hasAutomationSession: YES, supportsRemoteEvaluation: YES
23:27:55.413 WebDriverAgentRunner-Runner[1371:144542] Getting matching snapshots for locally evaluated query
23:27:55.413 WebDriverAgentRunner-Runner[1371:144542] Evaluating query:
 
23:27:55.413 WebDriverAgentRunner-Runner[1371:144542] Getting root element snapshot
23:27:55.414 WebDriverAgentRunner-Runner[1371:144542] Getting snapshot for App element pid: 303 for query 
23:27:55.414 WebDriverAgentRunner-Runner[1371:144542] <XCTContext: 0x104595720> started activity <XCActivityRecord: 0x10752eae0> 2026-07-19 16:27:55 +0000: Requesting snapshot of accessibility hierarchy for app with pid 303
    t =   159.39s     Find the Application 'com.apple.DocumentManager.DockFolderViewService'
    t =   159.39s         Requesting snapshot of accessibility hierarchy for app with pid 303
23:27:55.414 WebDriverAgentRunner-Runner[1371:144542] Query requires iOS snapshot attributes .
23:27:55.414 WebDriverAgentRunner-Runner[1371:144542] XCUIElementQuery <XCTElementSnapshotProvider> getting snapshot
23:27:55.414 WebDriverAgentRunner-Runner[1371:144542] Snapshot request has custom attributes 
23:27:55.414 WebDriverAgentRunner-Runner[1371:144542] Snapshot request has custom parameters {
    snapshotKeyHonorModalViews = 0;
}
23:27:55.414 WebDriverAgentRunner-Runner[1371:144542] Current snapshot generation is 814
23:27:55.414 WebDriverAgentRunner-Runner[1371:144542] Query rootElementSnapshot is non-null with generation count 665
23:27:55.414 WebDriverAgentRunner-Runner[1371:144542] Capturing a new snapshot
23:27:55.414 WebDriverAgentRunner-Runner[1371:144542] Fetching snapshot for App element pid: 303 from testmanagerd with attributes XC_kAXXCAttributeElementType, XC_kAXXCAttributeElementBaseType, XC_kAXXCAttributeParent, XC_kAXXCAttributeIdentifier, XC_kAXXCAttributeAutomationType, XC_kAXXCAttributeTraits and parameters {
    maxArrayCount = 2147483647;
    maxChildren = 2147483647;
    maxDepth = 50;
    snapshotKeyHonorModalViews = 0;
    traverseFromParentsToChildren = 1;
}.
23:27:55.414 WebDriverAgentRunner-Runner[1371:144542] Creating future for 'fetching snapshot from testmanagerd.' with timeout 65.00
23:27:55.415 WebDriverAgentRunner-Runner[1371:144542] <XCTWaiter: 0x112d98ed0> entering wait loop for 65.00s with expectations: `fetching snapshot from testmanagerd.`
23:27:55.429 WebDriverAgentRunner-Runner[1371:145837] Got snapshot response with runtime issue support from testmanagerd.
23:27:55.429 WebDriverAgentRunner-Runner[1371:144542] Returning result XCTWaiterResultCompleted for synchronous waiter <XCTWaiter: 0x112d98ed0>
23:27:55.429 WebDriverAgentRunner-Runner[1371:144542] Wait <XCTWaiterWait: 0x1047fcc40> completed after 0.014s
23:27:55.429 WebDriverAgentRunner-Runner[1371:144542] cleaning up fetching snapshot from testmanagerd.
23:27:55.429 WebDriverAgentRunner-Runner[1371:144542] <XCTContext: 0x104595720> finished activity <XCActivityRecord: 0x10752eae0> 2026-07-19 16:27:55 +0000: Requesting snapshot of accessibility hierarchy for app with pid 303 (0.015723s)
23:27:55.430 WebDriverAgentRunner-Runner[1371:144542] Found matches {(
    App element pid: 303
)} with root App element pid: 303
23:27:55.430 WebDriverAgentRunner-Runner[1371:144542] <XCTContext: 0x104595720> finished activity <XCActivityRecord: 0x10752e370> 2026-07-19 16:27:55 +0000: Find the Application 'com.apple.DocumentManager.DockFolderViewService' (0.0183799s)
23:27:55.430 WebDriverAgentRunner-Runner[1371:144542] <XCTContext: 0x104775f90> started activity <XCActivityRecord: 0x10752e370> 2026-07-19 16:27:55 +0000: Application is configured to skip UI interruption handling
    t =   159.41s Application is configured to skip UI interruption handling
23:27:55.431 WebDriverAgentRunner-Runner[1371:144542] <XCTContext: 0x104775f90> finished activity <XCActivityRecord: 0x10752e370> 2026-07-19 16:27:55 +0000: Application is configured to skip UI interruption handling (0.000403047s)
23:27:55.431 WebDriverAgentRunner-Runner[1371:144542] Creating future for 'checking for continuity enablement' with timeout 30.00
23:27:55.431 WebDriverAgentRunner-Runner[1371:144542] <XCTWaiter: 0x112d992c0> entering wait loop for 30.00s with expectations: `checking for continuity enablement`
23:27:55.432 WebDriverAgentRunner-Runner[1371:144542] Returning result XCTWaiterResultCompleted for synchronous waiter <XCTWaiter: 0x112d992c0>
23:27:55.432 WebDriverAgentRunner-Runner[1371:144542] Wait <XCTWaiterWait: 0x1047fc1c0> completed after 0.001s
23:27:55.433 WebDriverAgentRunner-Runner[1371:144542] cleaning up checking for continuity enablement
23:27:55.433 WebDriverAgentRunner-Runner[1371:144542] Creating future for 'fetching attributes 'XC_kAXXCAttributeElementType', 'XC_kAXXCAttributeElementBaseType', 'XC_kAXXCAttributeTraits', 'XC_kAXXCAttributeAutomationType' for App element pid: 303' with timeout 30.00
23:27:55.433 WebDriverAgentRunner-Runner[1371:144542] <XCTWaiter: 0x112d98450> entering wait loop for 30.00s with expectations: `fetching attributes 'XC_kAXXCAttributeElementType', 'XC_kAXXCAttributeElementBaseType', 'XC_kAXXCAttributeTraits', 'XC_kAXXCAttributeAutomationType' for App element pid: 303`
23:27:55.434 WebDriverAgentRunner-Runner[1371:144542] Returning result XCTWaiterResultCompleted for synchronous waiter <XCTWaiter: 0x112d98450>
23:27:55.435 WebDriverAgentRunner-Runner[1371:144542] Wait <XCTWaiterWait: 0x1047ff3c0> completed after 0.002s
23:27:55.435 WebDriverAgentRunner-Runner[1371:144542] cleaning up fetching attributes 'XC_kAXXCAttributeElementType', 'XC_kAXXCAttributeElementBaseType', 'XC_kAXXCAttributeTraits', 'XC_kAXXCAttributeAutomationType' for App element pid: 303
23:27:55.435 WebDriverAgentRunner-Runner[1371:144542] App element pid: 303 (App element pid: 303) faulted in {
    "XC_kAXXCAttributeAutomationType" = 1;
    "XC_kAXXCAttributeElementBaseType" = UIApplication;
    "XC_kAXXCAttributeElementType" = "DockFolderViewService.Application";
    "XC_kAXXCAttributeTraits" = 0;
}: (no error) for elementType using XC_kAXXCAttributeElementType, XC_kAXXCAttributeElementBaseType, XC_kAXXCAttributeTraits, XC_kAXXCAttributeAutomationType
23:27:55.435 WebDriverAgentRunner-Runner[1371:144542] Computed elementType Application.
23:27:55.435 WebDriverAgentRunner-Runner[1371:144542] <XCTContext: 0x104595720> started activity <XCActivityRecord: 0x10752eae0> 2026-07-19 16:27:55 +0000: Synthesize event
    t =   159.41s     Synthesize event
23:27:55.436 WebDriverAgentRunner-Runner[1371:144542] Creating future for 'checking for continuity enablement' with timeout 30.00
23:27:55.436 WebDriverAgentRunner-Runner[1371:144542] <XCTWaiter: 0x112d9a580> entering wait loop for 30.00s with expectations: `checking for continuity enablement`
23:27:55.437 WebDriverAgentRunner-Runner[1371:144542] Returning result XCTWaiterResultCompleted for synchronous waiter <XCTWaiter: 0x112d9a580>
23:27:55.437 WebDriverAgentRunner-Runner[1371:144542] Wait <XCTWaiterWait: 0x1047fe100> completed after 0.001s
23:27:55.438 WebDriverAgentRunner-Runner[1371:144542] cleaning up checking for continuity enablement
23:27:55.438 WebDriverAgentRunner-Runner[1371:144542] Creating future for 'fetching attributes 'XC_kAXXCAttributeWindowDisplayId' for App element pid: 303' with timeout 30.00
23:27:55.438 WebDriverAgentRunner-Runner[1371:144542] <XCTWaiter: 0x112d9b5d0> entering wait loop for 30.00s with expectations: `fetching attributes 'XC_kAXXCAttributeWindowDisplayId' for App element pid: 303`
23:27:55.439 WebDriverAgentRunner-Runner[1371:144542] Returning result XCTWaiterResultCompleted for synchronous waiter <XCTWaiter: 0x112d9b5d0>
23:27:55.439 WebDriverAgentRunner-Runner[1371:144542] Wait <XCTWaiterWait: 0x1047fe1c0> completed after 0.001s
23:27:55.439 WebDriverAgentRunner-Runner[1371:144542] cleaning up fetching attributes 'XC_kAXXCAttributeWindowDisplayId' for App element pid: 303
23:27:55.439 WebDriverAgentRunner-Runner[1371:144542] Application, pid: 303 (App element pid: 303) faulted in {
    "XC_kAXXCAttributeWindowDisplayId" = 0;
}: (no error) for displayID using XC_kAXXCAttributeWindowDisplayId
23:27:55.440 WebDriverAgentRunner-Runner[1371:144542] Fetched display ID for Application, pid: 303 was 0, checked nearest remote ancestor (null), got (null)
23:27:55.440 WebDriverAgentRunner-Runner[1371:144542] Creating future for 'getting screen identifiers' with timeout 30.00
23:27:55.440 WebDriverAgentRunner-Runner[1371:144542] <XCTWaiter: 0x112d9af10> entering wait loop for 30.00s with expectations: `getting screen identifiers`
23:27:55.440 WebDriverAgentRunner-Runner[1371:144542] Returning result XCTWaiterResultCompleted for synchronous waiter <XCTWaiter: 0x112d9af10>
23:27:55.440 WebDriverAgentRunner-Runner[1371:144542] Wait <XCTWaiterWait: 0x1047fc8c0> completed after 0.000s
23:27:55.440 WebDriverAgentRunner-Runner[1371:144542] cleaning up getting screen identifiers
23:27:55.440 WebDriverAgentRunner-Runner[1371:144542] Creating future for 'synthesizing event' with timeout TBD
23:27:55.440 WebDriverAgentRunner-Runner[1371:144542] <XCTContext: 0x104595720> started activity <XCActivityRecord: 0x10752eca0> 2026-07-19 16:27:55 +0000: Find the Application 'com.apple.DocumentManager.DockFolderViewService'
    t =   159.42s         Find the Application 'com.apple.DocumentManager.DockFolderViewService'
23:27:55.441 WebDriverAgentRunner-Runner[1371:144542] Executing query:

23:27:55.441 WebDriverAgentRunner-Runner[1371:144542] Creating future for 'checking for continuity enablement' with timeout 30.00
23:27:55.441 WebDriverAgentRunner-Runner[1371:144542] <XCTWaiter: 0x112d99c80> entering wait loop for 30.00s with expectations: `checking for continuity enablement`
23:27:55.442 WebDriverAgentRunner-Runner[1371:144542] Returning result XCTWaiterResultCompleted for synchronous waiter <XCTWaiter: 0x112d99c80>
23:27:55.442 WebDriverAgentRunner-Runner[1371:144542] Wait <XCTWaiterWait: 0x1047fe600> completed after 0.001s
23:27:55.443 WebDriverAgentRunner-Runner[1371:144542] cleaning up checking for continuity enablement
23:27:55.443 WebDriverAgentRunner-Runner[1371:144542] Should evaluate query remotely? XCTDisableRemoteQueryEvaluation(d-write): YES, hasAutomationSession: YES, supportsRemoteEvaluation: YES
23:27:55.443 WebDriverAgentRunner-Runner[1371:144542] Getting matching snapshots for locally evaluated query
23:27:55.443 WebDriverAgentRunner-Runner[1371:144542] Evaluating query:
 
23:27:55.443 WebDriverAgentRunner-Runner[1371:144542] Getting root element snapshot
23:27:55.443 WebDriverAgentRunner-Runner[1371:144542] Getting snapshot for App element pid: 303 for query 
23:27:55.443 WebDriverAgentRunner-Runner[1371:144542] <XCTContext: 0x104595720> started activity <XCActivityRecord: 0x10752ed10> 2026-07-19 16:27:55 +0000: Requesting snapshot of accessibility hierarchy for app with pid 303
    t =   159.42s             Requesting snapshot of accessibility hierarchy for app with pid 303
23:27:55.444 WebDriverAgentRunner-Runner[1371:144542] Query requires iOS snapshot attributes .
23:27:55.444 WebDriverAgentRunner-Runner[1371:144542] XCUIElementQuery <XCTElementSnapshotProvider> getting snapshot
23:27:55.444 WebDriverAgentRunner-Runner[1371:144542] Snapshot request has custom attributes 
23:27:55.444 WebDriverAgentRunner-Runner[1371:144542] Snapshot request has custom parameters {
    snapshotKeyHonorModalViews = 0;
}
23:27:55.445 WebDriverAgentRunner-Runner[1371:144542] Current snapshot generation is 820
23:27:55.445 WebDriverAgentRunner-Runner[1371:144542] Query rootElementSnapshot is non-null with generation count 815
23:27:55.445 WebDriverAgentRunner-Runner[1371:144542] Capturing a new snapshot
23:27:55.445 WebDriverAgentRunner-Runner[1371:144542] Fetching snapshot for App element pid: 303 from testmanagerd with attributes XC_kAXXCAttributeElementType, XC_kAXXCAttributeElementBaseType, XC_kAXXCAttributeParent, XC_kAXXCAttributeIdentifier, XC_kAXXCAttributeAutomationType, XC_kAXXCAttributeTraits and parameters {
    maxArrayCount = 2147483647;
    maxChildren = 2147483647;
    maxDepth = 50;
    snapshotKeyHonorModalViews = 0;
    traverseFromParentsToChildren = 1;
}.
23:27:55.445 WebDriverAgentRunner-Runner[1371:144542] Creating future for 'fetching snapshot from testmanagerd.' with timeout 65.00
23:27:55.445 WebDriverAgentRunner-Runner[1371:144542] <XCTWaiter: 0x112d99500> entering wait loop for 65.00s with expectations: `fetching snapshot from testmanagerd.`
23:27:55.457 WebDriverAgentRunner-Runner[1371:145818] Got snapshot response with runtime issue support from testmanagerd.
23:27:55.457 WebDriverAgentRunner-Runner[1371:144542] Returning result XCTWaiterResultCompleted for synchronous waiter <XCTWaiter: 0x112d99500>
23:27:55.457 WebDriverAgentRunner-Runner[1371:144542] Wait <XCTWaiterWait: 0x1047fc100> completed after 0.011s
23:27:55.457 WebDriverAgentRunner-Runner[1371:144542] cleaning up fetching snapshot from testmanagerd.
23:27:55.457 WebDriverAgentRunner-Runner[1371:144542] <XCTContext: 0x104595720> finished activity <XCActivityRecord: 0x10752ed10> 2026-07-19 16:27:55 +0000: Requesting snapshot of accessibility hierarchy for app with pid 303 (0.013919s)
23:27:55.458 WebDriverAgentRunner-Runner[1371:144542] Found matches {(
    App element pid: 303
)} with root App element pid: 303
23:27:55.458 WebDriverAgentRunner-Runner[1371:144542] <XCTContext: 0x104595720> finished activity <XCActivityRecord: 0x10752eca0> 2026-07-19 16:27:55 +0000: Find the Application 'com.apple.DocumentManager.DockFolderViewService' (0.017309s)
23:27:55.458 WebDriverAgentRunner-Runner[1371:144542] Creating future for 'checking for continuity enablement' with timeout 30.00
23:27:55.458 WebDriverAgentRunner-Runner[1371:144542] <XCTWaiter: 0x112d99860> entering wait loop for 30.00s with expectations: `checking for continuity enablement`
23:27:55.459 WebDriverAgentRunner-Runner[1371:144542] Returning result XCTWaiterResultCompleted for synchronous waiter <XCTWaiter: 0x112d99860>
23:27:55.459 WebDriverAgentRunner-Runner[1371:144542] Wait <XCTWaiterWait: 0x107f7b0c0> completed after 0.001s
23:27:55.459 WebDriverAgentRunner-Runner[1371:144542] cleaning up checking for continuity enablement
23:27:55.459 WebDriverAgentRunner-Runner[1371:144542] Creating future for 'fetching attributes 'XC_kAXXCAttributeFrame', 'XC_kAXXCAttributeWindowDisplayId', 'XC_kAXXCAttributeWindowContextId' for App element pid: 303' with timeout 30.00
23:27:55.460 WebDriverAgentRunner-Runner[1371:144542] <XCTWaiter: 0x112d99a10> entering wait loop for 30.00s with expectations: `fetching attributes 'XC_kAXXCAttributeFrame', 'XC_kAXXCAttributeWindowDisplayId', 'XC_kAXXCAttributeWindowContextId' for App element pid: 303`
23:27:55.461 WebDriverAgentRunner-Runner[1371:144542] Returning result XCTWaiterResultCompleted for synchronous waiter <XCTWaiter: 0x112d99a10>
23:27:55.461 WebDriverAgentRunner-Runner[1371:144542] Wait <XCTWaiterWait: 0x107f79040> completed after 0.002s
23:27:55.461 WebDriverAgentRunner-Runner[1371:144542] cleaning up fetching attributes 'XC_kAXXCAttributeFrame', 'XC_kAXXCAttributeWindowDisplayId', 'XC_kAXXCAttributeWindowContextId' for App element pid: 303
23:27:55.461 WebDriverAgentRunner-Runner[1371:144542] App element pid: 303 (App element pid: 303) faulted in {
    "XC_kAXXCAttributeFrame" =     {
        Height = 1366;
        Width = 1024;
        X = 0;
        Y = 0;
    };
    "XC_kAXXCAttributeWindowContextId" = 1010993286;
    "XC_kAXXCAttributeWindowDisplayId" = 0;
}: (no error) for frame using XC_kAXXCAttributeFrame, XC_kAXXCAttributeWindowDisplayId, XC_kAXXCAttributeWindowContextId
23:27:55.462 WebDriverAgentRunner-Runner[1371:144542] Creating future for 'checking for continuity enablement' with timeout 30.00
23:27:55.462 WebDriverAgentRunner-Runner[1371:144542] <XCTWaiter: 0x112d9ad30> entering wait loop for 30.00s with expectations: `checking for continuity enablement`
23:27:55.463 WebDriverAgentRunner-Runner[1371:144542] Returning result XCTWaiterResultCompleted for synchronous waiter <XCTWaiter: 0x112d9ad30>
23:27:55.463 WebDriverAgentRunner-Runner[1371:144542] Wait <XCTWaiterWait: 0x107f78f80> completed after 0.001s
23:27:55.463 WebDriverAgentRunner-Runner[1371:144542] cleaning up checking for continuity enablement
23:27:55.463 WebDriverAgentRunner-Runner[1371:144542] Creating future for 'fetching attributes 'XC_kAXXCAttributeElementType', 'XC_kAXXCAttributeElementBaseType', 'XC_kAXXCAttributeTraits', 'XC_kAXXCAttributeAutomationType' for App element pid: 303' with timeout 30.00
23:27:55.463 WebDriverAgentRunner-Runner[1371:144542] <XCTWaiter: 0x112d994a0> entering wait loop for 30.00s with expectations: `fetching attributes 'XC_kAXXCAttributeElementType', 'XC_kAXXCAttributeElementBaseType', 'XC_kAXXCAttributeTraits', 'XC_kAXXCAttributeAutomationType' for App element pid: 303`
23:27:55.465 WebDriverAgentRunner-Runner[1371:144542] Returning result XCTWaiterResultCompleted for synchronous waiter <XCTWaiter: 0x112d994a0>
23:27:55.465 WebDriverAgentRunner-Runner[1371:144542] Wait <XCTWaiterWait: 0x107f7a980> completed after 0.001s
23:27:55.465 WebDriverAgentRunner-Runner[1371:144542] cleaning up fetching attributes 'XC_kAXXCAttributeElementType', 'XC_kAXXCAttributeElementBaseType', 'XC_kAXXCAttributeTraits', 'XC_kAXXCAttributeAutomationType' for App element pid: 303
23:27:55.465 WebDriverAgentRunner-Runner[1371:144542] App element pid: 303 (App element pid: 303) faulted in {
    "XC_kAXXCAttributeAutomationType" = 1;
    "XC_kAXXCAttributeElementBaseType" = UIApplication;
    "XC_kAXXCAttributeElementType" = "DockFolderViewService.Application";
    "XC_kAXXCAttributeTraits" = 0;
}: (no error) for elementType using XC_kAXXCAttributeElementType, XC_kAXXCAttributeElementBaseType, XC_kAXXCAttributeTraits, XC_kAXXCAttributeAutomationType
23:27:55.465 WebDriverAgentRunner-Runner[1371:144542] Computed elementType Application.
23:27:55.465 WebDriverAgentRunner-Runner[1371:144542] <XCTContext: 0x104595720> started activity <XCActivityRecord: 0x10752ee60> 2026-07-19 16:27:55 +0000: Find the Application 'com.apple.DocumentManager.DockFolderViewService'
    t =   159.44s         Find the Application 'com.apple.DocumentManager.DockFolderViewService'
23:27:55.465 WebDriverAgentRunner-Runner[1371:144542] Executing query:

23:27:55.466 WebDriverAgentRunner-Runner[1371:144542] Creating future for 'checking for continuity enablement' with timeout 30.00
23:27:55.466 WebDriverAgentRunner-Runner[1371:144542] <XCTWaiter: 0x112d99cb0> entering wait loop for 30.00s with expectations: `checking for continuity enablement`
23:27:55.467 WebDriverAgentRunner-Runner[1371:144542] Returning result XCTWaiterResultCompleted for synchronous waiter <XCTWaiter: 0x112d99cb0>
23:27:55.467 WebDriverAgentRunner-Runner[1371:144542] Wait <XCTWaiterWait: 0x107f7a640> completed after 0.001s
23:27:55.467 WebDriverAgentRunner-Runner[1371:144542] cleaning up checking for continuity enablement
23:27:55.467 WebDriverAgentRunner-Runner[1371:144542] Should evaluate query remotely? XCTDisableRemoteQueryEvaluation(d-write): YES, hasAutomationSession: YES, supportsRemoteEvaluation: YES
23:27:55.467 WebDriverAgentRunner-Runner[1371:144542] Getting matching snapshots for locally evaluated query
23:27:55.467 WebDriverAgentRunner-Runner[1371:144542] Evaluating query:
 
23:27:55.467 WebDriverAgentRunner-Runner[1371:144542] Getting root element snapshot
23:27:55.467 WebDriverAgentRunner-Runner[1371:144542] Getting snapshot for App element pid: 303 for query 
23:27:55.468 WebDriverAgentRunner-Runner[1371:144542] <XCTContext: 0x104595720> started activity <XCActivityRecord: 0x10752efb0> 2026-07-19 16:27:55 +0000: Requesting snapshot of accessibility hierarchy for app with pid 303
    t =   159.44s             Requesting snapshot of accessibility hierarchy for app with pid 303
23:27:55.468 WebDriverAgentRunner-Runner[1371:144542] Query requires iOS snapshot attributes .
23:27:55.468 WebDriverAgentRunner-Runner[1371:144542] XCUIElementQuery <XCTElementSnapshotProvider> getting snapshot
23:27:55.468 WebDriverAgentRunner-Runner[1371:144542] Snapshot request has custom attributes 
23:27:55.468 WebDriverAgentRunner-Runner[1371:144542] Snapshot request has custom parameters {
    snapshotKeyHonorModalViews = 0;
}
23:27:55.469 WebDriverAgentRunner-Runner[1371:144542] Current snapshot generation is 826
23:27:55.469 WebDriverAgentRunner-Runner[1371:144542] Query rootElementSnapshot is non-null with generation count 821
23:27:55.469 WebDriverAgentRunner-Runner[1371:144542] Capturing a new snapshot
23:27:55.469 WebDriverAgentRunner-Runner[1371:144542] Fetching snapshot for App element pid: 303 from testmanagerd with attributes XC_kAXXCAttributeElementType, XC_kAXXCAttributeElementBaseType, XC_kAXXCAttributeParent, XC_kAXXCAttributeIdentifier, XC_kAXXCAttributeAutomationType, XC_kAXXCAttributeTraits and parameters {
    maxArrayCount = 2147483647;
    maxChildren = 2147483647;
    maxDepth = 50;
    snapshotKeyHonorModalViews = 0;
    traverseFromParentsToChildren = 1;
}.
23:27:55.469 WebDriverAgentRunner-Runner[1371:144542] Creating future for 'fetching snapshot from testmanagerd.' with timeout 65.00
23:27:55.469 WebDriverAgentRunner-Runner[1371:144542] <XCTWaiter: 0x112d9a5b0> entering wait loop for 65.00s with expectations: `fetching snapshot from testmanagerd.`
23:27:55.481 WebDriverAgentRunner-Runner[1371:145575] Got snapshot response with runtime issue support from testmanagerd.
23:27:55.481 WebDriverAgentRunner-Runner[1371:144542] Returning result XCTWaiterResultCompleted for synchronous waiter <XCTWaiter: 0x112d9a5b0>
23:27:55.481 WebDriverAgentRunner-Runner[1371:144542] Wait <XCTWaiterWait: 0x1047fc4c0> completed after 0.012s
23:27:55.482 WebDriverAgentRunner-Runner[1371:144542] cleaning up fetching snapshot from testmanagerd.
23:27:55.482 WebDriverAgentRunner-Runner[1371:144542] <XCTContext: 0x104595720> finished activity <XCActivityRecord: 0x10752efb0> 2026-07-19 16:27:55 +0000: Requesting snapshot of accessibility hierarchy for app with pid 303 (0.01404s)
23:27:55.482 WebDriverAgentRunner-Runner[1371:144542] Found matches {(
    App element pid: 303
)} with root App element pid: 303
23:27:55.482 WebDriverAgentRunner-Runner[1371:144542] <XCTContext: 0x104595720> finished activity <XCActivityRecord: 0x10752ee60> 2026-07-19 16:27:55 +0000: Find the Application 'com.apple.DocumentManager.DockFolderViewService' (0.016924s)
23:27:55.482 WebDriverAgentRunner-Runner[1371:144542] Creating future for 'checking for continuity enablement' with timeout 30.00
23:27:55.483 WebDriverAgentRunner-Runner[1371:144542] <XCTWaiter: 0x112d99d10> entering wait loop for 30.00s with expectations: `checking for continuity enablement`
23:27:55.483 WebDriverAgentRunner-Runner[1371:144542] Returning result XCTWaiterResultCompleted for synchronous waiter <XCTWaiter: 0x112d99d10>
23:27:55.483 WebDriverAgentRunner-Runner[1371:144542] Wait <XCTWaiterWait: 0x1047fedc0> completed after 0.001s
23:27:55.484 WebDriverAgentRunner-Runner[1371:144542] cleaning up checking for continuity enablement
23:27:55.484 WebDriverAgentRunner-Runner[1371:144542] Creating future for 'fetching attributes 'XC_kAXXCAttributeFrame', 'XC_kAXXCAttributeWindowDisplayId', 'XC_kAXXCAttributeWindowContextId' for App element pid: 303' with timeout 30.00
23:27:55.484 WebDriverAgentRunner-Runner[1371:144542] <XCTWaiter: 0x112d99980> entering wait loop for 30.00s with expectations: `fetching attributes 'XC_kAXXCAttributeFrame', 'XC_kAXXCAttributeWindowDisplayId', 'XC_kAXXCAttributeWindowContextId' for App element pid: 303`
23:27:55.486 WebDriverAgentRunner-Runner[1371:144542] Returning result XCTWaiterResultCompleted for synchronous waiter <XCTWaiter: 0x112d99980>
23:27:55.486 WebDriverAgentRunner-Runner[1371:144542] Wait <XCTWaiterWait: 0x1047fe240> completed after 0.002s
23:27:55.486 WebDriverAgentRunner-Runner[1371:144542] cleaning up fetching attributes 'XC_kAXXCAttributeFrame', 'XC_kAXXCAttributeWindowDisplayId', 'XC_kAXXCAttributeWindowContextId' for App element pid: 303
23:27:55.486 WebDriverAgentRunner-Runner[1371:144542] App element pid: 303 (App element pid: 303) faulted in {
    "XC_kAXXCAttributeFrame" =     {
        Height = 1366;
        Width = 1024;
        X = 0;
        Y = 0;
    };
    "XC_kAXXCAttributeWindowContextId" = 1010993286;
    "XC_kAXXCAttributeWindowDisplayId" = 0;
}: (no error) for frame using XC_kAXXCAttributeFrame, XC_kAXXCAttributeWindowDisplayId, XC_kAXXCAttributeWindowContextId
23:27:55.486 WebDriverAgentRunner-Runner[1371:144542] Creating future for 'checking for continuity enablement' with timeout 30.00
23:27:55.486 WebDriverAgentRunner-Runner[1371:144542] <XCTWaiter: 0x112d9ab20> entering wait loop for 30.00s with expectations: `checking for continuity enablement`
23:27:55.487 WebDriverAgentRunner-Runner[1371:144542] Returning result XCTWaiterResultCompleted for synchronous waiter <XCTWaiter: 0x112d9ab20>
23:27:55.487 WebDriverAgentRunner-Runner[1371:144542] Wait <XCTWaiterWait: 0x1047fc7c0> completed after 0.001s
23:27:55.487 WebDriverAgentRunner-Runner[1371:144542] cleaning up checking for continuity enablement
23:27:55.487 WebDriverAgentRunner-Runner[1371:144542] Creating future for 'fetching attributes 'XC_kAXXCAttributeElementType', 'XC_kAXXCAttributeElementBaseType', 'XC_kAXXCAttributeTraits', 'XC_kAXXCAttributeAutomationType' for App element pid: 303' with timeout 30.00
23:27:55.488 WebDriverAgentRunner-Runner[1371:144542] <XCTWaiter: 0x112d99ef0> entering wait loop for 30.00s with expectations: `fetching attributes 'XC_kAXXCAttributeElementType', 'XC_kAXXCAttributeElementBaseType', 'XC_kAXXCAttributeTraits', 'XC_kAXXCAttributeAutomationType' for App element pid: 303`
23:27:55.489 WebDriverAgentRunner-Runner[1371:144542] Returning result XCTWaiterResultCompleted for synchronous waiter <XCTWaiter: 0x112d99ef0>
23:27:55.489 WebDriverAgentRunner-Runner[1371:144542] Wait <XCTWaiterWait: 0x1047ffb00> completed after 0.001s
23:27:55.489 WebDriverAgentRunner-Runner[1371:144542] cleaning up fetching attributes 'XC_kAXXCAttributeElementType', 'XC_kAXXCAttributeElementBaseType', 'XC_kAXXCAttributeTraits', 'XC_kAXXCAttributeAutomationType' for App element pid: 303
23:27:55.489 WebDriverAgentRunner-Runner[1371:144542] App element pid: 303 (App element pid: 303) faulted in {
    "XC_kAXXCAttributeAutomationType" = 1;
    "XC_kAXXCAttributeElementBaseType" = UIApplication;
    "XC_kAXXCAttributeElementType" = "DockFolderViewService.Application";
    "XC_kAXXCAttributeTraits" = 0;
}: (no error) for elementType using XC_kAXXCAttributeElementType, XC_kAXXCAttributeElementBaseType, XC_kAXXCAttributeTraits, XC_kAXXCAttributeAutomationType
23:27:55.489 WebDriverAgentRunner-Runner[1371:144542] Computed elementType Application.
23:27:55.489 WebDriverAgentRunner-Runner[1371:144542] Creating future for 'getting interface orientation' with timeout 65.00
23:27:55.490 WebDriverAgentRunner-Runner[1371:144542] <XCTWaiter: 0x112d9a340> entering wait loop for 65.00s with expectations: `getting interface orientation`
23:27:55.490 WebDriverAgentRunner-Runner[1371:144542] Returning result XCTWaiterResultCompleted for synchronous waiter <XCTWaiter: 0x112d9a340>
23:27:55.491 WebDriverAgentRunner-Runner[1371:144542] Wait <XCTWaiterWait: 0x1047ff4c0> completed after 0.001s
23:27:55.491 WebDriverAgentRunner-Runner[1371:144542] cleaning up getting interface orientation
23:27:55.491 WebDriverAgentRunner-Runner[1371:144542] Creating future for 'checking for continuity enablement' with timeout 30.00
23:27:55.491 WebDriverAgentRunner-Runner[1371:144542] <XCTWaiter: 0x112d9a2b0> entering wait loop for 30.00s with expectations: `checking for continuity enablement`
23:27:55.492 WebDriverAgentRunner-Runner[1371:144542] Returning result XCTWaiterResultCompleted for synchronous waiter <XCTWaiter: 0x112d9a2b0>
23:27:55.492 WebDriverAgentRunner-Runner[1371:144542] Wait <XCTWaiterWait: 0x1047ffd00> completed after 0.001s
23:27:55.492 WebDriverAgentRunner-Runner[1371:144542] cleaning up checking for continuity enablement
23:27:55.492 WebDriverAgentRunner-Runner[1371:144542] Creating future for 'fetching attributes 'XC_kAXXCAttributeWindowDisplayId' for App element pid: 303' with timeout 30.00
23:27:55.492 WebDriverAgentRunner-Runner[1371:144542] <XCTWaiter: 0x112d9aaf0> entering wait loop for 30.00s with expectations: `fetching attributes 'XC_kAXXCAttributeWindowDisplayId' for App element pid: 303`
23:27:55.493 WebDriverAgentRunner-Runner[1371:144542] Returning result XCTWaiterResultCompleted for synchronous waiter <XCTWaiter: 0x112d9aaf0>
23:27:55.493 WebDriverAgentRunner-Runner[1371:144542] Wait <XCTWaiterWait: 0x1047ff1c0> completed after 0.001s
23:27:55.494 WebDriverAgentRunner-Runner[1371:144542] cleaning up fetching attributes 'XC_kAXXCAttributeWindowDisplayId' for App element pid: 303
23:27:55.494 WebDriverAgentRunner-Runner[1371:144542] Application, pid: 303 (App element pid: 303) faulted in {
    "XC_kAXXCAttributeWindowDisplayId" = 0;
}: (no error) for displayID using XC_kAXXCAttributeWindowDisplayId
23:27:55.494 WebDriverAgentRunner-Runner[1371:144542] Fetched display ID for Application, pid: 303 was 0, checked nearest remote ancestor (null), got (null)
23:27:55.494 WebDriverAgentRunner-Runner[1371:144542] Creating future for 'getting screen identifiers' with timeout 30.00
23:27:55.494 WebDriverAgentRunner-Runner[1371:144542] <XCTWaiter: 0x112d9b4b0> entering wait loop for 30.00s with expectations: `getting screen identifiers`
23:27:55.494 WebDriverAgentRunner-Runner[1371:144542] Returning result XCTWaiterResultCompleted for synchronous waiter <XCTWaiter: 0x112d9b4b0>
23:27:55.494 WebDriverAgentRunner-Runner[1371:144542] Wait <XCTWaiterWait: 0x107f79880> completed after 0.000s
23:27:55.494 WebDriverAgentRunner-Runner[1371:144542] cleaning up getting screen identifiers
23:27:55.494 WebDriverAgentRunner-Runner[1371:144542] Creating future for 'getting screen bounds' with timeout 30.00
23:27:55.495 WebDriverAgentRunner-Runner[1371:144542] <XCTWaiter: 0x112d9ba20> entering wait loop for 30.00s with expectations: `getting screen bounds`
23:27:55.495 WebDriverAgentRunner-Runner[1371:144542] Returning result XCTWaiterResultCompleted for synchronous waiter <XCTWaiter: 0x112d9ba20>
23:27:55.495 WebDriverAgentRunner-Runner[1371:144542] Wait <XCTWaiterWait: 0x107f7a8c0> completed after 0.000s
23:27:55.495 WebDriverAgentRunner-Runner[1371:144542] cleaning up getting screen bounds
23:27:55.495 WebDriverAgentRunner-Runner[1371:144542] Creating future for 'getting screen scale' with timeout 30.00
23:27:55.495 WebDriverAgentRunner-Runner[1371:144542] <XCTWaiter: 0x112d9bf00> entering wait loop for 30.00s with expectations: `getting screen scale`
23:27:55.495 WebDriverAgentRunner-Runner[1371:144542] Returning result XCTWaiterResultCompleted for synchronous waiter <XCTWaiter: 0x112d9bf00>
23:27:55.495 WebDriverAgentRunner-Runner[1371:144542] Wait <XCTWaiterWait: 0x107f7a8c0> completed after 0.000s
23:27:55.495 WebDriverAgentRunner-Runner[1371:144542] cleaning up getting screen scale
23:27:55.495 WebDriverAgentRunner-Runner[1371:144542] Creating future for 'checking for continuity enablement' with timeout 30.00
23:27:55.495 WebDriverAgentRunner-Runner[1371:144542] <XCTWaiter: 0x112de0120> entering wait loop for 30.00s with expectations: `checking for continuity enablement`
23:27:55.496 WebDriverAgentRunner-Runner[1371:144542] Returning result XCTWaiterResultCompleted for synchronous waiter <XCTWaiter: 0x112de0120>
23:27:55.496 WebDriverAgentRunner-Runner[1371:144542] Wait <XCTWaiterWait: 0x107f782c0> completed after 0.001s
23:27:55.497 WebDriverAgentRunner-Runner[1371:144542] cleaning up checking for continuity enablement
23:27:55.497 WebDriverAgentRunner-Runner[1371:144542] Creating future for 'fetching attributes 'XC_kAXXCAttributeWindowDisplayId' for App element pid: 303' with timeout 30.00
23:27:55.497 WebDriverAgentRunner-Runner[1371:144542] <XCTWaiter: 0x112de0090> entering wait loop for 30.00s with expectations: `fetching attributes 'XC_kAXXCAttributeWindowDisplayId' for App element pid: 303`
23:27:55.498 WebDriverAgentRunner-Runner[1371:144542] Returning result XCTWaiterResultCompleted for synchronous waiter <XCTWaiter: 0x112de0090>
23:27:55.498 WebDriverAgentRunner-Runner[1371:144542] Wait <XCTWaiterWait: 0x104457940> completed after 0.001s
23:27:55.498 WebDriverAgentRunner-Runner[1371:144542] cleaning up fetching attributes 'XC_kAXXCAttributeWindowDisplayId' for App element pid: 303
23:27:55.498 WebDriverAgentRunner-Runner[1371:144542] Application, pid: 303 (App element pid: 303) faulted in {
    "XC_kAXXCAttributeWindowDisplayId" = 0;
}: (no error) for displayID using XC_kAXXCAttributeWindowDisplayId
23:27:55.499 WebDriverAgentRunner-Runner[1371:144542] Fetched display ID for Application, pid: 303 was 0, checked nearest remote ancestor (null), got (null)
23:27:55.499 WebDriverAgentRunner-Runner[1371:144542] Creating future for 'getting interface orientation' with timeout 65.00
23:27:55.499 WebDriverAgentRunner-Runner[1371:144542] <XCTWaiter: 0x112de04b0> entering wait loop for 65.00s with expectations: `getting interface orientation`
23:27:55.499 WebDriverAgentRunner-Runner[1371:144542] Returning result XCTWaiterResultCompleted for synchronous waiter <XCTWaiter: 0x112de04b0>
23:27:55.500 WebDriverAgentRunner-Runner[1371:144542] Wait <XCTWaiterWait: 0x1047f7480> completed after 0.001s
23:27:55.500 WebDriverAgentRunner-Runner[1371:144542] cleaning up getting interface orientation
23:27:55.500 WebDriverAgentRunner-Runner[1371:144542] <XCTContext: 0x104595720> started activity <XCActivityRecord: 0x10752f100> 2026-07-19 16:27:55 +0000: Find the Application 'com.apple.DocumentManager.DockFolderViewService'
    t =   159.48s         Find the Application 'com.apple.DocumentManager.DockFolderViewService'
23:27:55.500 WebDriverAgentRunner-Runner[1371:144542] Executing query:

23:27:55.500 WebDriverAgentRunner-Runner[1371:144542] Creating future for 'checking for continuity enablement' with timeout 30.00
23:27:55.501 WebDriverAgentRunner-Runner[1371:144542] <XCTWaiter: 0x112de0300> entering wait loop for 30.00s with expectations: `checking for continuity enablement`
23:27:55.502 WebDriverAgentRunner-Runner[1371:144542] Returning result XCTWaiterResultCompleted for synchronous waiter <XCTWaiter: 0x112de0300>
23:27:55.502 WebDriverAgentRunner-Runner[1371:144542] Wait <XCTWaiterWait: 0x1047f4780> completed after 0.001s
23:27:55.502 WebDriverAgentRunner-Runner[1371:144542] cleaning up checking for continuity enablement
23:27:55.502 WebDriverAgentRunner-Runner[1371:144542] Should evaluate query remotely? XCTDisableRemoteQueryEvaluation(d-write): YES, hasAutomationSession: YES, supportsRemoteEvaluation: YES
23:27:55.502 WebDriverAgentRunner-Runner[1371:144542] Getting matching snapshots for locally evaluated query
23:27:55.502 WebDriverAgentRunner-Runner[1371:144542] Evaluating query:
 
23:27:55.502 WebDriverAgentRunner-Runner[1371:144542] Getting root element snapshot
23:27:55.503 WebDriverAgentRunner-Runner[1371:144542] Getting snapshot for App element pid: 303 for query 
23:27:55.503 WebDriverAgentRunner-Runner[1371:144542] <XCTContext: 0x104595720> started activity <XCActivityRecord: 0x10752f170> 2026-07-19 16:27:55 +0000: Requesting snapshot of accessibility hierarchy for app with pid 303
    t =   159.48s             Requesting snapshot of accessibility hierarchy for app with pid 303
23:27:55.503 WebDriverAgentRunner-Runner[1371:144542] Query requires iOS snapshot attributes .
23:27:55.503 WebDriverAgentRunner-Runner[1371:144542] XCUIElementQuery <XCTElementSnapshotProvider> getting snapshot
23:27:55.503 WebDriverAgentRunner-Runner[1371:144542] Snapshot request has custom attributes 
23:27:55.503 WebDriverAgentRunner-Runner[1371:144542] Snapshot request has custom parameters {
    snapshotKeyHonorModalViews = 0;
}
23:27:55.504 WebDriverAgentRunner-Runner[1371:144542] Current snapshot generation is 838
23:27:55.504 WebDriverAgentRunner-Runner[1371:144542] Query rootElementSnapshot is non-null with generation count 827
23:27:55.504 WebDriverAgentRunner-Runner[1371:144542] Capturing a new snapshot
23:27:55.504 WebDriverAgentRunner-Runner[1371:144542] Fetching snapshot for App element pid: 303 from testmanagerd with attributes XC_kAXXCAttributeElementType, XC_kAXXCAttributeElementBaseType, XC_kAXXCAttributeParent, XC_kAXXCAttributeIdentifier, XC_kAXXCAttributeAutomationType, XC_kAXXCAttributeTraits and parameters {
    maxArrayCount = 2147483647;
    maxChildren = 2147483647;
    maxDepth = 50;
    snapshotKeyHonorModalViews = 0;
    traverseFromParentsToChildren = 1;
}.
23:27:55.504 WebDriverAgentRunner-Runner[1371:144542] Creating future for 'fetching snapshot from testmanagerd.' with timeout 65.00
23:27:55.505 WebDriverAgentRunner-Runner[1371:144542] <XCTWaiter: 0x112de05d0> entering wait loop for 65.00s with expectations: `fetching snapshot from testmanagerd.`
23:27:55.516 WebDriverAgentRunner-Runner[1371:145195] Got snapshot response with runtime issue support from testmanagerd.
23:27:55.517 WebDriverAgentRunner-Runner[1371:144542] Returning result XCTWaiterResultCompleted for synchronous waiter <XCTWaiter: 0x112de05d0>
23:27:55.517 WebDriverAgentRunner-Runner[1371:144542] Wait <XCTWaiterWait: 0x1047f63c0> completed after 0.012s
23:27:55.517 WebDriverAgentRunner-Runner[1371:144542] cleaning up fetching snapshot from testmanagerd.
23:27:55.517 WebDriverAgentRunner-Runner[1371:144542] <XCTContext: 0x104595720> finished activity <XCActivityRecord: 0x10752f170> 2026-07-19 16:27:55 +0000: Requesting snapshot of accessibility hierarchy for app with pid 303 (0.014141s)
23:27:55.517 WebDriverAgentRunner-Runner[1371:144542] Found matches {(
    App element pid: 303
)} with root App element pid: 303
23:27:55.517 WebDriverAgentRunner-Runner[1371:144542] <XCTContext: 0x104595720> finished activity <XCActivityRecord: 0x10752f100> 2026-07-19 16:27:55 +0000: Find the Application 'com.apple.DocumentManager.DockFolderViewService' (0.0175431s)
23:27:55.518 WebDriverAgentRunner-Runner[1371:144542] Creating future for 'checking for continuity enablement' with timeout 30.00
23:27:55.518 WebDriverAgentRunner-Runner[1371:144542] <XCTWaiter: 0x112de1680> entering wait loop for 30.00s with expectations: `checking for continuity enablement`
23:27:55.519 WebDriverAgentRunner-Runner[1371:144542] Returning result XCTWaiterResultCompleted for synchronous waiter <XCTWaiter: 0x112de1680>
23:27:55.519 WebDriverAgentRunner-Runner[1371:144542] Wait <XCTWaiterWait: 0x107403f80> completed after 0.001s
23:27:55.519 WebDriverAgentRunner-Runner[1371:144542] cleaning up checking for continuity enablement
23:27:55.519 WebDriverAgentRunner-Runner[1371:144542] Creating future for 'fetching attributes 'XC_kAXXCAttributeFrame', 'XC_kAXXCAttributeWindowDisplayId', 'XC_kAXXCAttributeWindowContextId' for App element pid: 303' with timeout 30.00
23:27:55.519 WebDriverAgentRunner-Runner[1371:144542] <XCTWaiter: 0x112de1950> entering wait loop for 30.00s with expectations: `fetching attributes 'XC_kAXXCAttributeFrame', 'XC_kAXXCAttributeWindowDisplayId', 'XC_kAXXCAttributeWindowContextId' for App element pid: 303`
23:27:55.521 WebDriverAgentRunner-Runner[1371:144542] Returning result XCTWaiterResultCompleted for synchronous waiter <XCTWaiter: 0x112de1950>
23:27:55.521 WebDriverAgentRunner-Runner[1371:144542] Wait <XCTWaiterWait: 0x107403cc0> completed after 0.002s
23:27:55.521 WebDriverAgentRunner-Runner[1371:144542] cleaning up fetching attributes 'XC_kAXXCAttributeFrame', 'XC_kAXXCAttributeWindowDisplayId', 'XC_kAXXCAttributeWindowContextId' for App element pid: 303
23:27:55.521 WebDriverAgentRunner-Runner[1371:144542] App element pid: 303 (App element pid: 303) faulted in {
    "XC_kAXXCAttributeFrame" =     {
        Height = 1366;
        Width = 1024;
        X = 0;
        Y = 0;
    };
    "XC_kAXXCAttributeWindowContextId" = 1010993286;
    "XC_kAXXCAttributeWindowDisplayId" = 0;
}: (no error) for frame using XC_kAXXCAttributeFrame, XC_kAXXCAttributeWindowDisplayId, XC_kAXXCAttributeWindowContextId
23:27:55.522 WebDriverAgentRunner-Runner[1371:144542] Creating future for 'checking for continuity enablement' with timeout 30.00
23:27:55.522 WebDriverAgentRunner-Runner[1371:144542] <XCTWaiter: 0x112de04b0> entering wait loop for 30.00s with expectations: `checking for continuity enablement`
23:27:55.523 WebDriverAgentRunner-Runner[1371:144542] Returning result XCTWaiterResultCompleted for synchronous waiter <XCTWaiter: 0x112de04b0>
23:27:55.523 WebDriverAgentRunner-Runner[1371:144542] Wait <XCTWaiterWait: 0x1047fdd40> completed after 0.001s
23:27:55.523 WebDriverAgentRunner-Runner[1371:144542] cleaning up checking for continuity enablement
23:27:55.523 WebDriverAgentRunner-Runner[1371:144542] Creating future for 'fetching attributes 'XC_kAXXCAttributeElementType', 'XC_kAXXCAttributeElementBaseType', 'XC_kAXXCAttributeTraits', 'XC_kAXXCAttributeAutomationType' for App element pid: 303' with timeout 30.00
23:27:55.523 WebDriverAgentRunner-Runner[1371:144542] <XCTWaiter: 0x112de0bd0> entering wait loop for 30.00s with expectations: `fetching attributes 'XC_kAXXCAttributeElementType', 'XC_kAXXCAttributeElementBaseType', 'XC_kAXXCAttributeTraits', 'XC_kAXXCAttributeAutomationType' for App element pid: 303`
23:27:55.525 WebDriverAgentRunner-Runner[1371:144542] Returning result XCTWaiterResultCompleted for synchronous waiter <XCTWaiter: 0x112de0bd0>
23:27:55.525 WebDriverAgentRunner-Runner[1371:144542] Wait <XCTWaiterWait: 0x1047ff5c0> completed after 0.002s
23:27:55.525 WebDriverAgentRunner-Runner[1371:144542] cleaning up fetching attributes 'XC_kAXXCAttributeElementType', 'XC_kAXXCAttributeElementBaseType', 'XC_kAXXCAttributeTraits', 'XC_kAXXCAttributeAutomationType' for App element pid: 303
23:27:55.525 WebDriverAgentRunner-Runner[1371:144542] App element pid: 303 (App element pid: 303) faulted in {
    "XC_kAXXCAttributeAutomationType" = 1;
    "XC_kAXXCAttributeElementBaseType" = UIApplication;
    "XC_kAXXCAttributeElementType" = "DockFolderViewService.Application";
    "XC_kAXXCAttributeTraits" = 0;
}: (no error) for elementType using XC_kAXXCAttributeElementType, XC_kAXXCAttributeElementBaseType, XC_kAXXCAttributeTraits, XC_kAXXCAttributeAutomationType
23:27:55.525 WebDriverAgentRunner-Runner[1371:144542] Computed elementType Application.
23:27:55.525 WebDriverAgentRunner-Runner[1371:144542] Creating future for 'checking for continuity enablement' with timeout 30.00
23:27:55.525 WebDriverAgentRunner-Runner[1371:144542] <XCTWaiter: 0x112de13b0> entering wait loop for 30.00s with expectations: `checking for continuity enablement`
23:27:55.526 WebDriverAgentRunner-Runner[1371:144542] Returning result XCTWaiterResultCompleted for synchronous waiter <XCTWaiter: 0x112de13b0>
23:27:55.528 WebDriverAgentRunner-Runner[1371:144542] Wait <XCTWaiterWait: 0x107f7a8c0> completed after 0.002s
23:27:55.528 WebDriverAgentRunner-Runner[1371:144542] cleaning up checking for continuity enablement
23:27:55.528 WebDriverAgentRunner-Runner[1371:144542] Creating future for 'fetching attributes 'XC_kAXXCAttributeSystemAutomationProperties' for App element pid: 303' with timeout 30.00
23:27:55.528 WebDriverAgentRunner-Runner[1371:144542] <XCTWaiter: 0x112de1b60> entering wait loop for 30.00s with expectations: `fetching attributes 'XC_kAXXCAttributeSystemAutomationProperties' for App element pid: 303`
23:27:55.529 WebDriverAgentRunner-Runner[1371:144542] Returning result XCTWaiterResultCompleted for synchronous waiter <XCTWaiter: 0x112de1b60>
23:27:55.530 WebDriverAgentRunner-Runner[1371:144542] Wait <XCTWaiterWait: 0x1047f4780> completed after 0.001s
23:27:55.530 WebDriverAgentRunner-Runner[1371:144542] cleaning up fetching attributes 'XC_kAXXCAttributeSystemAutomationProperties' for App element pid: 303
23:27:55.530 WebDriverAgentRunner-Runner[1371:144542] Application, pid: 303 (App element pid: 303) faulted in {
}: (no error) for systemAutomationProperties using XC_kAXXCAttributeSystemAutomationProperties
23:27:55.530 WebDriverAgentRunner-Runner[1371:144542] Requesting local synthesis of event: 
<XCSynthesizedEventRecord 'tap display 0'>
Path 1:
	Touch down at 811.0, 828.0, offset=0.00s
	Touch up at 811.0, 828.0, offset=0.05s
23:27:55.530 WebDriverAgentRunner-Runner[1371:144542] Event upper bound on duration 30.05
23:27:55.531 WebDriverAgentRunner-Runner[1371:144542] Computed timeout 30.05 for future for 'synthesizing event'
23:27:55.531 WebDriverAgentRunner-Runner[1371:144542] <XCTWaiter: 0x112de2040> entering wait loop for 30.05s with expectations: `synthesizing event`
23:27:55.615 WebDriverAgentRunner-Runner[1371:145817] Handling kAXUserTestingNotification
23:27:55.615 WebDriverAgentRunner-Runner[1371:145817] Received kAXUserTestingNotification from AX element pid: 174, elementOrHash.elementID: 0.1: {
    event = TouchEventsCompleted;
}
23:27:55.616 WebDriverAgentRunner-Runner[1371:145817] Handling kAXUserTestingNotification
23:27:55.616 WebDriverAgentRunner-Runner[1371:145817] Received kAXUserTestingNotification from AX element pid: 174, elementOrHash.elementID: 0.1: {
    event = TouchEventsCompleted;
}
23:27:55.802 WebDriverAgentRunner-Runner[1371:145831] Got event completion callback
23:27:55.802 WebDriverAgentRunner-Runner[1371:144542] Returning result XCTWaiterResultCompleted for synchronous waiter <XCTWaiter: 0x112de2040>
23:27:55.802 WebDriverAgentRunner-Runner[1371:144542] Wait <XCTWaiterWait: 0x1047f6a40> completed after 0.271s
23:27:55.802 WebDriverAgentRunner-Runner[1371:144542] cleaning up synthesizing event
23:27:55.802 WebDriverAgentRunner-Runner[1371:144542] Cancelation not currently supported for daemon event requests - this is a no-op.
23:27:55.802 WebDriverAgentRunner-Runner[1371:144542] Creating future for 'getting screen scale' with timeout 30.00
23:27:55.802 WebDriverAgentRunner-Runner[1371:144542] <XCTWaiter: 0x112de1dd0> entering wait loop for 30.00s with expectations: `getting screen scale`
23:27:55.803 WebDriverAgentRunner-Runner[1371:144542] Returning result XCTWaiterResultCompleted for synchronous waiter <XCTWaiter: 0x112de1dd0>
23:27:55.803 WebDriverAgentRunner-Runner[1371:144542] Wait <XCTWaiterWait: 0x1047f7440> completed after 0.000s
23:27:55.803 WebDriverAgentRunner-Runner[1371:144542] cleaning up getting screen scale
23:27:55.803 WebDriverAgentRunner-Runner[1371:144542] Event synthesis future completed in 0.27s
23:27:55.803 WebDriverAgentRunner-Runner[1371:144542] <XCTContext: 0x104595720> finished activity <XCActivityRecord: 0x10752eae0> 2026-07-19 16:27:55 +0000: Synthesize event (0.367599s)
23:27:55.803 WebDriverAgentRunner-Runner[1371:144542] Overriding application state timeout, 60.0 -> 10.0
23:27:55.803 WebDriverAgentRunner-Runner[1371:144542] <XCTContext: 0x104595720> started activity <XCActivityRecord: 0x10752ebc0> 2026-07-19 16:27:55 +0000: Wait for com.apple.DocumentManager.DockFolderViewService to idle
    t =   159.78s     Wait for com.apple.DocumentManager.DockFolderViewService to idle
23:27:55.804 WebDriverAgentRunner-Runner[1371:144542] Creating future for 'getting screen identifiers' with timeout 30.00
23:27:55.804 WebDriverAgentRunner-Runner[1371:144542] <XCTWaiter: 0x112de1c80> entering wait loop for 30.00s with expectations: `getting screen identifiers`
23:27:55.804 WebDriverAgentRunner-Runner[1371:144542] Returning result XCTWaiterResultCompleted for synchronous waiter <XCTWaiter: 0x112de1c80>
23:27:55.804 WebDriverAgentRunner-Runner[1371:144542] Wait <XCTWaiterWait: 0x1047f6500> completed after 0.000s
23:27:55.804 WebDriverAgentRunner-Runner[1371:144542] cleaning up getting screen identifiers
23:27:55.804 WebDriverAgentRunner-Runner[1371:144542] Waiting for com.apple.DocumentManager.DockFolderViewService (PID 303) quiescence...
23:27:55.804 WebDriverAgentRunner-Runner[1371:145575] com.apple.DocumentManager.DockFolderViewService (pid:303) eventLoopHasIdled YES -> NO
23:27:55.804 WebDriverAgentRunner-Runner[1371:145818] Posting KVO notifications for eventLoopHasIdled
23:27:55.804 WebDriverAgentRunner-Runner[1371:144542] Requesting main run loop idle notification using automation session for com.apple.DocumentManager.DockFolderViewService (pid:303)
23:27:55.805 WebDriverAgentRunner-Runner[1371:145818] com.apple.DocumentManager.DockFolderViewService (pid:303) animationsHaveFinished YES -> NO
23:27:55.805 WebDriverAgentRunner-Runner[1371:145575] Posting KVO notifications for animationsHaveFinished
23:27:55.805 WebDriverAgentRunner-Runner[1371:144542] Requesting animations idle notification using automation session for com.apple.DocumentManager.DockFolderViewService (pid:303)
23:27:55.805 WebDriverAgentRunner-Runner[1371:144542] Waiting on quiescence state variables
23:27:55.805 WebDriverAgentRunner-Runner[1371:145575] Got event loop idle reply for com.apple.DocumentManager.DockFolderViewService (PID 303)
23:27:55.805 WebDriverAgentRunner-Runner[1371:144542] KVO change: checked status of Expect value of 'foreground' of com.apple.DocumentManager.DockFolderViewService (pid:303) to be '0': fulfill=NO
23:27:55.805 WebDriverAgentRunner-Runner[1371:145575] Event loop is idle.
23:27:55.805 WebDriverAgentRunner-Runner[1371:144542] KVO change: checked status of Expect value of 'foreground' of com.apple.DocumentManager.DockFolderViewService (pid:303) to be '0': fulfill=NO
23:27:55.806 WebDriverAgentRunner-Runner[1371:145816] com.apple.DocumentManager.DockFolderViewService (pid:303) eventLoopHasIdled NO -> YES
23:27:55.806 WebDriverAgentRunner-Runner[1371:144542] isQuiescent: self.eventLoopHasIdled: NO && self.animationsHaveFinished: NO
23:27:55.806 WebDriverAgentRunner-Runner[1371:145831] Posting KVO notifications for eventLoopHasIdled
23:27:55.806 WebDriverAgentRunner-Runner[1371:145575] Got animations reply for com.apple.DocumentManager.DockFolderViewService (PID 303)
23:27:55.806 WebDriverAgentRunner-Runner[1371:144542] KVO change: checked status of Expect value of 'isQuiescent' of com.apple.DocumentManager.DockFolderViewService (pid:303) to be '1': fulfill=NO
23:27:55.806 WebDriverAgentRunner-Runner[1371:145575] Animations are not active.
23:27:55.806 WebDriverAgentRunner-Runner[1371:144542] isQuiescent: self.eventLoopHasIdled: YES && self.animationsHaveFinished: NO
23:27:55.806 WebDriverAgentRunner-Runner[1371:145818] com.apple.DocumentManager.DockFolderViewService (pid:303) animationsHaveFinished NO -> YES
23:27:55.806 WebDriverAgentRunner-Runner[1371:145818] Posting KVO notifications for animationsHaveFinished
23:27:55.807 WebDriverAgentRunner-Runner[1371:144542] KVO change: checked status of Expect value of 'isQuiescent' of com.apple.DocumentManager.DockFolderViewService (pid:303) to be '1': fulfill=YES
23:27:55.807 WebDriverAgentRunner-Runner[1371:145818] isQuiescent: self.eventLoopHasIdled: YES && self.animationsHaveFinished: YES
23:27:55.807 WebDriverAgentRunner-Runner[1371:144542] Fulfilling (Expect value of 'foreground' of com.apple.DocumentManager.DockFolderViewService (pid:303) to be '0' OR Expect value of 'isQuiescent' of com.apple.DocumentManager.DockFolderViewService (pid:303) to be '1') because Expect value of 'isQuiescent' of com.apple.DocumentManager.DockFolderViewService (pid:303) to be '1' is fulfilled
23:27:55.807 WebDriverAgentRunner-Runner[1371:145818] isQuiescent: self.eventLoopHasIdled: YES && self.animationsHaveFinished: YES
23:27:55.807 WebDriverAgentRunner-Runner[1371:144542] <XCTWaiter: 0x112de17a0> entering wait loop for 10.00s with expectations: `(Expect value of 'foreground' of com.apple.DocumentManager.DockFolderViewService (pid:303) to be '0' OR Expect value of 'isQuiescent' of com.apple.DocumentManager.DockFolderViewService (pid:303) to be '1')`
23:27:55.807 WebDriverAgentRunner-Runner[1371:145818] KVO change: checked status of Expect value of 'isQuiescent' of com.apple.DocumentManager.DockFolderViewService (pid:303) to be '1': fulfill=YES
23:27:55.807 WebDriverAgentRunner-Runner[1371:144542] Returning result XCTWaiterResultCompleted for synchronous waiter <XCTWaiter: 0x112de17a0>
23:27:55.807 WebDriverAgentRunner-Runner[1371:144542] Wait <XCTWaiterWait: 0x1047f4780> completed after 0.000s
23:27:55.807 WebDriverAgentRunner-Runner[1371:144542] cleaning up (Expect value of 'foreground' of com.apple.DocumentManager.DockFolderViewService (pid:303) to be '0' OR Expect value of 'isQuiescent' of com.apple.DocumentManager.DockFolderViewService (pid:303) to be '1')
23:27:55.808 WebDriverAgentRunner-Runner[1371:144542] cleaning up Expect value of 'foreground' of com.apple.DocumentManager.DockFolderViewService (pid:303) to be '0'
23:27:55.808 WebDriverAgentRunner-Runner[1371:144542] cleaning up Expect value of 'foreground' of com.apple.DocumentManager.DockFolderViewService (pid:303) to be '0'
23:27:55.808 WebDriverAgentRunner-Runner[1371:144542] cleaning up Expect value of 'isQuiescent' of com.apple.DocumentManager.DockFolderViewService (pid:303) to be '1'
23:27:55.808 WebDriverAgentRunner-Runner[1371:144542] cleaning up Expect value of 'isQuiescent' of com.apple.DocumentManager.DockFolderViewService (pid:303) to be '1'
23:27:55.808 WebDriverAgentRunner-Runner[1371:144542] com.apple.DocumentManager.DockFolderViewService has quiesced or quiescence timeout has elapsed.
23:27:55.808 WebDriverAgentRunner-Runner[1371:144542] <XCTContext: 0x104595720> finished activity <XCActivityRecord: 0x10752ebc0> 2026-07-19 16:27:55 +0000: Wait for com.apple.DocumentManager.DockFolderViewService to idle (0.00456202s)
23:27:55.808 WebDriverAgentRunner-Runner[1371:144542] Overriding application state timeout, 10.0 -> 60.0
23:27:55.808 WebDriverAgentRunner-Runner[1371:144542] <XCTContext: 0x104595720> finished activity <XCActivityRecord: 0x10752e840> 2026-07-19 16:27:55 +0000: Tap Application 'com.apple.DocumentManager.DockFolderViewService'[0.00, 0.00] -> (811.0, 828.0) (0.402448s)
23:27:58.495 WebDriverAgentRunner-Runner[1371:144542] Creating future for 'fetching attributes 'XC_kAXXCAttributeSystemAppApplication' for Device system-wide element' with timeout 65.00
23:27:58.495 WebDriverAgentRunner-Runner[1371:144542] <XCTWaiter: 0x112de0c60> entering wait loop for 65.00s with expectations: `fetching attributes 'XC_kAXXCAttributeSystemAppApplication' for Device system-wide element`
23:27:58.496 WebDriverAgentRunner-Runner[1371:145818] Got attribute fetch response with values {
    "XC_kAXXCAttributeSystemAppApplication" = "AX element pid: 174, elementOrHash.elementID: 0.1";
}, error: (null)
23:27:58.496 WebDriverAgentRunner-Runner[1371:144542] Returning result XCTWaiterResultCompleted for synchronous waiter <XCTWaiter: 0x112de0c60>
23:27:58.496 WebDriverAgentRunner-Runner[1371:144542] Wait <XCTWaiterWait: 0x1047f5580> completed after 0.001s
23:27:58.496 WebDriverAgentRunner-Runner[1371:144542] cleaning up fetching attributes 'XC_kAXXCAttributeSystemAppApplication' for Device system-wide element
23:27:58.496 WebDriverAgentRunner-Runner[1371:144542] Creating future for 'fetching attributes 'XC_kAXXCAttributeFocusedApplications' for AX element pid: 174, elementOrHash.elementID: 0.1' with timeout 65.00
23:27:58.496 WebDriverAgentRunner-Runner[1371:144542] <XCTWaiter: 0x112de0ed0> entering wait loop for 65.00s with expectations: `fetching attributes 'XC_kAXXCAttributeFocusedApplications' for AX element pid: 174, elementOrHash.elementID: 0.1`
23:27:58.500 WebDriverAgentRunner-Runner[1371:145817] Got attribute fetch response with values {
    "XC_kAXXCAttributeFocusedApplications" =     (
        "AX element pid: 303, elementOrHash.elementID: 0.1",
        "AX element pid: 174, elementOrHash.elementID: 0.1"
    );
}, error: (null)
23:27:58.500 WebDriverAgentRunner-Runner[1371:144542] Returning result XCTWaiterResultCompleted for synchronous waiter <XCTWaiter: 0x112de0ed0>
23:27:58.500 WebDriverAgentRunner-Runner[1371:144542] Wait <XCTWaiterWait: 0x107403840> completed after 0.004s
23:27:58.500 WebDriverAgentRunner-Runner[1371:144542] cleaning up fetching attributes 'XC_kAXXCAttributeFocusedApplications' for AX element pid: 174, elementOrHash.elementID: 0.1
23:27:58.500 WebDriverAgentRunner-Runner[1371:144542] Active application elements: (
    "AX element pid: 303, elementOrHash.elementID: 0.1",
    "AX element pid: 174, elementOrHash.elementID: 0.1"
)
    t =   162.48s Tap Application 'com.apple.DocumentManager.DockFolderViewService'[0.00, 0.00] -> (815.0, 826.0)
23:27:58.504 WebDriverAgentRunner-Runner[1371:144542] <XCTContext: 0x104595720> started activity <XCActivityRecord: 0x10752e370> 2026-07-19 16:27:58 +0000: Tap Application 'com.apple.DocumentManager.DockFolderViewService'[0.00, 0.00] -> (815.0, 826.0)
23:27:58.505 WebDriverAgentRunner-Runner[1371:144542] Overriding application state timeout, 60.0 -> 10.0
23:27:58.505 WebDriverAgentRunner-Runner[1371:144542] <XCTContext: 0x104595720> started activity <XCActivityRecord: 0x10752e840> 2026-07-19 16:27:58 +0000: Wait for com.apple.DocumentManager.DockFolderViewService to idle
23:27:58.505 WebDriverAgentRunner-Runner[1371:144542] Creating future for 'getting screen identifiers' with timeout 30.00
23:27:58.505 WebDriverAgentRunner-Runner[1371:144542] <XCTWaiter: 0x112de18c0> entering wait loop for 30.00s with expectations: `getting screen identifiers`
23:27:58.505 WebDriverAgentRunner-Runner[1371:144542] Returning result XCTWaiterResultCompleted for synchronous waiter <XCTWaiter: 0x112de18c0>
23:27:58.505 WebDriverAgentRunner-Runner[1371:144542] Wait <XCTWaiterWait: 0x1047ff840> completed after 0.000s
23:27:58.505 WebDriverAgentRunner-Runner[1371:144542] cleaning up getting screen identifiers
23:27:58.505 WebDriverAgentRunner-Runner[1371:144542] Waiting for com.apple.DocumentManager.DockFolderViewService (PID 303) quiescence...
23:27:58.506 WebDriverAgentRunner-Runner[1371:145195] com.apple.DocumentManager.DockFolderViewService (pid:303) eventLoopHasIdled YES -> NO
    t =   162.48s     Wait for com.apple.DocumentManager.DockFolderViewService to idle
23:27:58.506 WebDriverAgentRunner-Runner[1371:145818] Posting KVO notifications for eventLoopHasIdled
23:27:58.506 WebDriverAgentRunner-Runner[1371:144542] Requesting main run loop idle notification using automation session for com.apple.DocumentManager.DockFolderViewService (pid:303)
23:27:58.506 WebDriverAgentRunner-Runner[1371:145818] com.apple.DocumentManager.DockFolderViewService (pid:303) animationsHaveFinished YES -> NO
23:27:58.506 WebDriverAgentRunner-Runner[1371:145195] Posting KVO notifications for animationsHaveFinished
23:27:58.506 WebDriverAgentRunner-Runner[1371:144542] Requesting animations idle notification using automation session for com.apple.DocumentManager.DockFolderViewService (pid:303)
23:27:58.506 WebDriverAgentRunner-Runner[1371:144542] Waiting on quiescence state variables
23:27:58.507 WebDriverAgentRunner-Runner[1371:144542] KVO change: checked status of Expect value of 'foreground' of com.apple.DocumentManager.DockFolderViewService (pid:303) to be '0': fulfill=NO
23:27:58.507 WebDriverAgentRunner-Runner[1371:145195] Got event loop idle reply for com.apple.DocumentManager.DockFolderViewService (PID 303)
23:27:58.507 WebDriverAgentRunner-Runner[1371:145195] Event loop is idle.
23:27:58.507 WebDriverAgentRunner-Runner[1371:144542] KVO change: checked status of Expect value of 'foreground' of com.apple.DocumentManager.DockFolderViewService (pid:303) to be '0': fulfill=NO
23:27:58.507 WebDriverAgentRunner-Runner[1371:145832] com.apple.DocumentManager.DockFolderViewService (pid:303) eventLoopHasIdled NO -> YES
23:27:58.507 WebDriverAgentRunner-Runner[1371:144542] isQuiescent: self.eventLoopHasIdled: NO && self.animationsHaveFinished: NO
23:27:58.507 WebDriverAgentRunner-Runner[1371:145818] Posting KVO notifications for eventLoopHasIdled
23:27:58.507 WebDriverAgentRunner-Runner[1371:145195] Got animations reply for com.apple.DocumentManager.DockFolderViewService (PID 303)
    t =   162.49s     Find the Application 'com.apple.DocumentManager.DockFolderViewService'
23:27:58.507 WebDriverAgentRunner-Runner[1371:144542] KVO change: checked status of Expect value of 'isQuiescent' of com.apple.DocumentManager.DockFolderViewService (pid:303) to be '1': fulfill=NO
23:27:58.507 WebDriverAgentRunner-Runner[1371:145195] Animations are not active.
23:27:58.508 WebDriverAgentRunner-Runner[1371:144542] isQuiescent: self.eventLoopHasIdled: YES && self.animationsHaveFinished: NO
23:27:58.508 WebDriverAgentRunner-Runner[1371:145818] com.apple.DocumentManager.DockFolderViewService (pid:303) animationsHaveFinished NO -> YES
23:27:58.508 WebDriverAgentRunner-Runner[1371:145195] Posting KVO notifications for animationsHaveFinished
23:27:58.508 WebDriverAgentRunner-Runner[1371:144542] KVO change: checked status of Expect value of 'isQuiescent' of com.apple.DocumentManager.DockFolderViewService (pid:303) to be '1': fulfill=YES
23:27:58.508 WebDriverAgentRunner-Runner[1371:145195] isQuiescent: self.eventLoopHasIdled: YES && self.animationsHaveFinished: YES
23:27:58.508 WebDriverAgentRunner-Runner[1371:144542] Fulfilling (Expect value of 'foreground' of com.apple.DocumentManager.DockFolderViewService (pid:303) to be '0' OR Expect value of 'isQuiescent' of com.apple.DocumentManager.DockFolderViewService (pid:303) to be '1') because Expect value of 'isQuiescent' of com.apple.DocumentManager.DockFolderViewService (pid:303) to be '1' is fulfilled
23:27:58.508 WebDriverAgentRunner-Runner[1371:145195] isQuiescent: self.eventLoopHasIdled: YES && self.animationsHaveFinished: YES
23:27:58.508 WebDriverAgentRunner-Runner[1371:144542] <XCTWaiter: 0x112de1a40> entering wait loop for 10.00s with expectations: `(Expect value of 'foreground' of com.apple.DocumentManager.DockFolderViewService (pid:303) to be '0' OR Expect value of 'isQuiescent' of com.apple.DocumentManager.DockFolderViewService (pid:303) to be '1')`
23:27:58.508 WebDriverAgentRunner-Runner[1371:145195] KVO change: checked status of Expect value of 'isQuiescent' of com.apple.DocumentManager.DockFolderViewService (pid:303) to be '1': fulfill=YES
23:27:58.509 WebDriverAgentRunner-Runner[1371:144542] Returning result XCTWaiterResultCompleted for synchronous waiter <XCTWaiter: 0x112de1a40>
23:27:58.509 WebDriverAgentRunner-Runner[1371:144542] Wait <XCTWaiterWait: 0x1047fd8c0> completed after 0.000s
23:27:58.509 WebDriverAgentRunner-Runner[1371:144542] cleaning up (Expect value of 'foreground' of com.apple.DocumentManager.DockFolderViewService (pid:303) to be '0' OR Expect value of 'isQuiescent' of com.apple.DocumentManager.DockFolderViewService (pid:303) to be '1')
23:27:58.509 WebDriverAgentRunner-Runner[1371:144542] cleaning up Expect value of 'foreground' of com.apple.DocumentManager.DockFolderViewService (pid:303) to be '0'
23:27:58.509 WebDriverAgentRunner-Runner[1371:144542] cleaning up Expect value of 'foreground' of com.apple.DocumentManager.DockFolderViewService (pid:303) to be '0'
23:27:58.509 WebDriverAgentRunner-Runner[1371:144542] cleaning up Expect value of 'isQuiescent' of com.apple.DocumentManager.DockFolderViewService (pid:303) to be '1'
23:27:58.509 WebDriverAgentRunner-Runner[1371:144542] cleaning up Expect value of 'isQuiescent' of com.apple.DocumentManager.DockFolderViewService (pid:303) to be '1'
23:27:58.509 WebDriverAgentRunner-Runner[1371:144542] com.apple.DocumentManager.DockFolderViewService has quiesced or quiescence timeout has elapsed.
23:27:58.509 WebDriverAgentRunner-Runner[1371:144542] <XCTContext: 0x104595720> finished activity <XCActivityRecord: 0x10752e840> 2026-07-19 16:27:58 +0000: Wait for com.apple.DocumentManager.DockFolderViewService to idle (0.00458491s)
23:27:58.510 WebDriverAgentRunner-Runner[1371:144542] Overriding application state timeout, 10.0 -> 60.0
23:27:58.510 WebDriverAgentRunner-Runner[1371:144542] <XCTContext: 0x104595720> started activity <XCActivityRecord: 0x10752e840> 2026-07-19 16:27:58 +0000: Find the Application 'com.apple.DocumentManager.DockFolderViewService'
23:27:58.510 WebDriverAgentRunner-Runner[1371:144542] Executing query:

23:27:58.510 WebDriverAgentRunner-Runner[1371:144542] Creating future for 'checking for continuity enablement' with timeout 30.00
23:27:58.510 WebDriverAgentRunner-Runner[1371:144542] <XCTWaiter: 0x112de0090> entering wait loop for 30.00s with expectations: `checking for continuity enablement`
23:27:58.511 WebDriverAgentRunner-Runner[1371:144542] Returning result XCTWaiterResultCompleted for synchronous waiter <XCTWaiter: 0x112de0090>
23:27:58.511 WebDriverAgentRunner-Runner[1371:144542] Wait <XCTWaiterWait: 0x1047fd1c0> completed after 0.001s
23:27:58.511 WebDriverAgentRunner-Runner[1371:144542] cleaning up checking for continuity enablement
23:27:58.511 WebDriverAgentRunner-Runner[1371:144542] Should evaluate query remotely? XCTDisableRemoteQueryEvaluation(d-write): YES, hasAutomationSession: YES, supportsRemoteEvaluation: YES
23:27:58.511 WebDriverAgentRunner-Runner[1371:144542] Getting matching snapshots for locally evaluated query
23:27:58.511 WebDriverAgentRunner-Runner[1371:144542] Evaluating query:
 
23:27:58.511 WebDriverAgentRunner-Runner[1371:144542] Getting root element snapshot
23:27:58.511 WebDriverAgentRunner-Runner[1371:144542] Getting snapshot for App element pid: 303 for query 
23:27:58.512 WebDriverAgentRunner-Runner[1371:144542] <XCTContext: 0x104595720> started activity <XCActivityRecord: 0x10752ebc0> 2026-07-19 16:27:58 +0000: Requesting snapshot of accessibility hierarchy for app with pid 303
23:27:58.512 WebDriverAgentRunner-Runner[1371:144542] Query requires iOS snapshot attributes .
23:27:58.512 WebDriverAgentRunner-Runner[1371:144542] XCUIElementQuery <XCTElementSnapshotProvider> getting snapshot
23:27:58.512 WebDriverAgentRunner-Runner[1371:144542] Snapshot request has custom attributes 
23:27:58.512 WebDriverAgentRunner-Runner[1371:144542] Snapshot request has custom parameters {
    snapshotKeyHonorModalViews = 0;
}
23:27:58.512 WebDriverAgentRunner-Runner[1371:144542] Current snapshot generation is 909
23:27:58.512 WebDriverAgentRunner-Runner[1371:144542] Query rootElementSnapshot is non-null with generation count 839
23:27:58.512 WebDriverAgentRunner-Runner[1371:144542] Capturing a new snapshot
23:27:58.512 WebDriverAgentRunner-Runner[1371:144542] Fetching snapshot for App element pid: 303 from testmanagerd with attributes XC_kAXXCAttributeElementType, XC_kAXXCAttributeElementBaseType, XC_kAXXCAttributeParent, XC_kAXXCAttributeIdentifier, XC_kAXXCAttributeAutomationType, XC_kAXXCAttributeTraits and parameters {
    maxArrayCount = 2147483647;
    maxChildren = 2147483647;
    maxDepth = 50;
    snapshotKeyHonorModalViews = 0;
    traverseFromParentsToChildren = 1;
}.
23:27:58.513 WebDriverAgentRunner-Runner[1371:144542] Creating future for 'fetching snapshot from testmanagerd.' with timeout 65.00
23:27:58.513 WebDriverAgentRunner-Runner[1371:144542] <XCTWaiter: 0x112de1fe0> entering wait loop for 65.00s with expectations: `fetching snapshot from testmanagerd.`
    t =   162.49s         Requesting snapshot of accessibility hierarchy for app with pid 303
23:27:58.526 WebDriverAgentRunner-Runner[1371:145838] Got snapshot response with runtime issue support from testmanagerd.
23:27:58.526 WebDriverAgentRunner-Runner[1371:144542] Returning result XCTWaiterResultCompleted for synchronous waiter <XCTWaiter: 0x112de1fe0>
23:27:58.527 WebDriverAgentRunner-Runner[1371:144542] Wait <XCTWaiterWait: 0x1047fc700> completed after 0.014s
23:27:58.527 WebDriverAgentRunner-Runner[1371:144542] cleaning up fetching snapshot from testmanagerd.
23:27:58.527 WebDriverAgentRunner-Runner[1371:144542] <XCTContext: 0x104595720> finished activity <XCActivityRecord: 0x10752ebc0> 2026-07-19 16:27:58 +0000: Requesting snapshot of accessibility hierarchy for app with pid 303 (0.0152349s)
23:27:58.527 WebDriverAgentRunner-Runner[1371:144542] Found matches {(
    App element pid: 303
)} with root App element pid: 303
23:27:58.527 WebDriverAgentRunner-Runner[1371:144542] <XCTContext: 0x104595720> finished activity <XCActivityRecord: 0x10752e840> 2026-07-19 16:27:58 +0000: Find the Application 'com.apple.DocumentManager.DockFolderViewService' (0.0175531s)
23:27:58.528 WebDriverAgentRunner-Runner[1371:144542] <XCTContext: 0x104775f90> started activity <XCActivityRecord: 0x10752e840> 2026-07-19 16:27:58 +0000: Application is configured to skip UI interruption handling
    t =   162.50s Application is configured to skip UI interruption handling
23:27:58.528 WebDriverAgentRunner-Runner[1371:144542] <XCTContext: 0x104775f90> finished activity <XCActivityRecord: 0x10752e840> 2026-07-19 16:27:58 +0000: Application is configured to skip UI interruption handling (0.000305057s)
23:27:58.528 WebDriverAgentRunner-Runner[1371:144542] Creating future for 'checking for continuity enablement' with timeout 30.00
23:27:58.528 WebDriverAgentRunner-Runner[1371:144542] <XCTWaiter: 0x112de0810> entering wait loop for 30.00s with expectations: `checking for continuity enablement`
23:27:58.529 WebDriverAgentRunner-Runner[1371:144542] Returning result XCTWaiterResultCompleted for synchronous waiter <XCTWaiter: 0x112de0810>
23:27:58.530 WebDriverAgentRunner-Runner[1371:144542] Wait <XCTWaiterWait: 0x1047ff840> completed after 0.002s
23:27:58.531 WebDriverAgentRunner-Runner[1371:144542] cleaning up checking for continuity enablement
23:27:58.531 WebDriverAgentRunner-Runner[1371:144542] Creating future for 'fetching attributes 'XC_kAXXCAttributeElementType', 'XC_kAXXCAttributeElementBaseType', 'XC_kAXXCAttributeTraits', 'XC_kAXXCAttributeAutomationType' for App element pid: 303' with timeout 30.00
23:27:58.531 WebDriverAgentRunner-Runner[1371:144542] <XCTWaiter: 0x112de0ab0> entering wait loop for 30.00s with expectations: `fetching attributes 'XC_kAXXCAttributeElementType', 'XC_kAXXCAttributeElementBaseType', 'XC_kAXXCAttributeTraits', 'XC_kAXXCAttributeAutomationType' for App element pid: 303`
23:27:58.532 WebDriverAgentRunner-Runner[1371:144542] Returning result XCTWaiterResultCompleted for synchronous waiter <XCTWaiter: 0x112de0ab0>
23:27:58.532 WebDriverAgentRunner-Runner[1371:144542] Wait <XCTWaiterWait: 0x1047fd1c0> completed after 0.001s
23:27:58.532 WebDriverAgentRunner-Runner[1371:144542] cleaning up fetching attributes 'XC_kAXXCAttributeElementType', 'XC_kAXXCAttributeElementBaseType', 'XC_kAXXCAttributeTraits', 'XC_kAXXCAttributeAutomationType' for App element pid: 303
23:27:58.533 WebDriverAgentRunner-Runner[1371:144542] App element pid: 303 (App element pid: 303) faulted in {
    "XC_kAXXCAttributeAutomationType" = 1;
    "XC_kAXXCAttributeElementBaseType" = UIApplication;
    "XC_kAXXCAttributeElementType" = "DockFolderViewService.Application";
    "XC_kAXXCAttributeTraits" = 0;
}: (no error) for elementType using XC_kAXXCAttributeElementType, XC_kAXXCAttributeElementBaseType, XC_kAXXCAttributeTraits, XC_kAXXCAttributeAutomationType
23:27:58.533 WebDriverAgentRunner-Runner[1371:144542] Computed elementType Application.
23:27:58.533 WebDriverAgentRunner-Runner[1371:144542] <XCTContext: 0x104595720> started activity <XCActivityRecord: 0x10752ebc0> 2026-07-19 16:27:58 +0000: Synthesize event
    t =   162.51s     Synthesize event
23:27:58.533 WebDriverAgentRunner-Runner[1371:144542] Creating future for 'checking for continuity enablement' with timeout 30.00
23:27:58.534 WebDriverAgentRunner-Runner[1371:144542] <XCTWaiter: 0x112de0630> entering wait loop for 30.00s with expectations: `checking for continuity enablement`
23:27:58.534 WebDriverAgentRunner-Runner[1371:144542] Returning result XCTWaiterResultCompleted for synchronous waiter <XCTWaiter: 0x112de0630>
23:27:58.534 WebDriverAgentRunner-Runner[1371:144542] Wait <XCTWaiterWait: 0x1047fe000> completed after 0.001s
23:27:58.535 WebDriverAgentRunner-Runner[1371:144542] cleaning up checking for continuity enablement
23:27:58.535 WebDriverAgentRunner-Runner[1371:144542] Creating future for 'fetching attributes 'XC_kAXXCAttributeWindowDisplayId' for App element pid: 303' with timeout 30.00
23:27:58.535 WebDriverAgentRunner-Runner[1371:144542] <XCTWaiter: 0x112de1260> entering wait loop for 30.00s with expectations: `fetching attributes 'XC_kAXXCAttributeWindowDisplayId' for App element pid: 303`
23:27:58.536 WebDriverAgentRunner-Runner[1371:144542] Returning result XCTWaiterResultCompleted for synchronous waiter <XCTWaiter: 0x112de1260>
23:27:58.536 WebDriverAgentRunner-Runner[1371:144542] Wait <XCTWaiterWait: 0x1047fd280> completed after 0.001s
23:27:58.536 WebDriverAgentRunner-Runner[1371:144542] cleaning up fetching attributes 'XC_kAXXCAttributeWindowDisplayId' for App element pid: 303
23:27:58.536 WebDriverAgentRunner-Runner[1371:144542] Application, pid: 303 (App element pid: 303) faulted in {
    "XC_kAXXCAttributeWindowDisplayId" = 0;
}: (no error) for displayID using XC_kAXXCAttributeWindowDisplayId
23:27:58.536 WebDriverAgentRunner-Runner[1371:144542] Fetched display ID for Application, pid: 303 was 0, checked nearest remote ancestor (null), got (null)
23:27:58.537 WebDriverAgentRunner-Runner[1371:144542] Creating future for 'getting screen identifiers' with timeout 30.00
23:27:58.537 WebDriverAgentRunner-Runner[1371:144542] <XCTWaiter: 0x112de0990> entering wait loop for 30.00s with expectations: `getting screen identifiers`
23:27:58.537 WebDriverAgentRunner-Runner[1371:144542] Returning result XCTWaiterResultCompleted for synchronous waiter <XCTWaiter: 0x112de0990>
23:27:58.537 WebDriverAgentRunner-Runner[1371:144542] Wait <XCTWaiterWait: 0x1047fc700> completed after 0.000s
23:27:58.537 WebDriverAgentRunner-Runner[1371:144542] cleaning up getting screen identifiers
23:27:58.537 WebDriverAgentRunner-Runner[1371:144542] Creating future for 'synthesizing event' with timeout TBD
23:27:58.537 WebDriverAgentRunner-Runner[1371:144542] <XCTContext: 0x104595720> started activity <XCActivityRecord: 0x10752ee60> 2026-07-19 16:27:58 +0000: Find the Application 'com.apple.DocumentManager.DockFolderViewService'
23:27:58.537 WebDriverAgentRunner-Runner[1371:144542] Executing query:

23:27:58.538 WebDriverAgentRunner-Runner[1371:144542] Creating future for 'checking for continuity enablement' with timeout 30.00
    t =   162.51s         Find the Application 'com.apple.DocumentManager.DockFolderViewService'
23:27:58.538 WebDriverAgentRunner-Runner[1371:144542] <XCTWaiter: 0x112de2130> entering wait loop for 30.00s with expectations: `checking for continuity enablement`
23:27:58.539 WebDriverAgentRunner-Runner[1371:144542] Returning result XCTWaiterResultCompleted for synchronous waiter <XCTWaiter: 0x112de2130>
23:27:58.539 WebDriverAgentRunner-Runner[1371:144542] Wait <XCTWaiterWait: 0x1047fd7c0> completed after 0.001s
23:27:58.539 WebDriverAgentRunner-Runner[1371:144542] cleaning up checking for continuity enablement
23:27:58.539 WebDriverAgentRunner-Runner[1371:144542] Should evaluate query remotely? XCTDisableRemoteQueryEvaluation(d-write): YES, hasAutomationSession: YES, supportsRemoteEvaluation: YES
23:27:58.539 WebDriverAgentRunner-Runner[1371:144542] Getting matching snapshots for locally evaluated query
23:27:58.540 WebDriverAgentRunner-Runner[1371:144542] Evaluating query:
 
23:27:58.540 WebDriverAgentRunner-Runner[1371:144542] Getting root element snapshot
23:27:58.540 WebDriverAgentRunner-Runner[1371:144542] Getting snapshot for App element pid: 303 for query 
23:27:58.540 WebDriverAgentRunner-Runner[1371:144542] <XCTContext: 0x104595720> started activity <XCActivityRecord: 0x10752efb0> 2026-07-19 16:27:58 +0000: Requesting snapshot of accessibility hierarchy for app with pid 303
    t =   162.52s             Requesting snapshot of accessibility hierarchy for app with pid 303
23:27:58.540 WebDriverAgentRunner-Runner[1371:144542] Query requires iOS snapshot attributes .
23:27:58.540 WebDriverAgentRunner-Runner[1371:144542] XCUIElementQuery <XCTElementSnapshotProvider> getting snapshot
23:27:58.540 WebDriverAgentRunner-Runner[1371:144542] Snapshot request has custom attributes 
23:27:58.541 WebDriverAgentRunner-Runner[1371:144542] Snapshot request has custom parameters {
    snapshotKeyHonorModalViews = 0;
}
23:27:58.541 WebDriverAgentRunner-Runner[1371:144542] Current snapshot generation is 915
23:27:58.541 WebDriverAgentRunner-Runner[1371:144542] Query rootElementSnapshot is non-null with generation count 910
23:27:58.541 WebDriverAgentRunner-Runner[1371:144542] Capturing a new snapshot
23:27:58.541 WebDriverAgentRunner-Runner[1371:144542] Fetching snapshot for App element pid: 303 from testmanagerd with attributes XC_kAXXCAttributeElementType, XC_kAXXCAttributeElementBaseType, XC_kAXXCAttributeParent, XC_kAXXCAttributeIdentifier, XC_kAXXCAttributeAutomationType, XC_kAXXCAttributeTraits and parameters {
    maxArrayCount = 2147483647;
    maxChildren = 2147483647;
    maxDepth = 50;
    snapshotKeyHonorModalViews = 0;
    traverseFromParentsToChildren = 1;
}.
23:27:58.541 WebDriverAgentRunner-Runner[1371:144542] Creating future for 'fetching snapshot from testmanagerd.' with timeout 65.00
23:27:58.541 WebDriverAgentRunner-Runner[1371:144542] <XCTWaiter: 0x112de1dd0> entering wait loop for 65.00s with expectations: `fetching snapshot from testmanagerd.`
23:27:58.553 WebDriverAgentRunner-Runner[1371:145197] Got snapshot response with runtime issue support from testmanagerd.
23:27:58.553 WebDriverAgentRunner-Runner[1371:144542] Returning result XCTWaiterResultCompleted for synchronous waiter <XCTWaiter: 0x112de1dd0>
23:27:58.553 WebDriverAgentRunner-Runner[1371:144542] Wait <XCTWaiterWait: 0x1047fd740> completed after 0.012s
23:27:58.553 WebDriverAgentRunner-Runner[1371:144542] cleaning up fetching snapshot from testmanagerd.
23:27:58.554 WebDriverAgentRunner-Runner[1371:144542] <XCTContext: 0x104595720> finished activity <XCActivityRecord: 0x10752efb0> 2026-07-19 16:27:58 +0000: Requesting snapshot of accessibility hierarchy for app with pid 303 (0.013713s)
23:27:58.554 WebDriverAgentRunner-Runner[1371:144542] Found matches {(
    App element pid: 303
)} with root App element pid: 303
23:27:58.554 WebDriverAgentRunner-Runner[1371:144542] <XCTContext: 0x104595720> finished activity <XCActivityRecord: 0x10752ee60> 2026-07-19 16:27:58 +0000: Find the Application 'com.apple.DocumentManager.DockFolderViewService' (0.016964s)
23:27:58.554 WebDriverAgentRunner-Runner[1371:144542] Creating future for 'checking for continuity enablement' with timeout 30.00
23:27:58.555 WebDriverAgentRunner-Runner[1371:144542] <XCTWaiter: 0x112de13b0> entering wait loop for 30.00s with expectations: `checking for continuity enablement`
23:27:58.556 WebDriverAgentRunner-Runner[1371:144542] Returning result XCTWaiterResultCompleted for synchronous waiter <XCTWaiter: 0x112de13b0>
23:27:58.556 WebDriverAgentRunner-Runner[1371:144542] Wait <XCTWaiterWait: 0x1047fdb80> completed after 0.001s
23:27:58.556 WebDriverAgentRunner-Runner[1371:144542] cleaning up checking for continuity enablement
23:27:58.556 WebDriverAgentRunner-Runner[1371:144542] Creating future for 'fetching attributes 'XC_kAXXCAttributeFrame', 'XC_kAXXCAttributeWindowDisplayId', 'XC_kAXXCAttributeWindowContextId' for App element pid: 303' with timeout 30.00
23:27:58.556 WebDriverAgentRunner-Runner[1371:144542] <XCTWaiter: 0x112de25e0> entering wait loop for 30.00s with expectations: `fetching attributes 'XC_kAXXCAttributeFrame', 'XC_kAXXCAttributeWindowDisplayId', 'XC_kAXXCAttributeWindowContextId' for App element pid: 303`
23:27:58.558 WebDriverAgentRunner-Runner[1371:144542] Returning result XCTWaiterResultCompleted for synchronous waiter <XCTWaiter: 0x112de25e0>
23:27:58.558 WebDriverAgentRunner-Runner[1371:144542] Wait <XCTWaiterWait: 0x1047fd2c0> completed after 0.002s
23:27:58.558 WebDriverAgentRunner-Runner[1371:144542] cleaning up fetching attributes 'XC_kAXXCAttributeFrame', 'XC_kAXXCAttributeWindowDisplayId', 'XC_kAXXCAttributeWindowContextId' for App element pid: 303
23:27:58.558 WebDriverAgentRunner-Runner[1371:144542] App element pid: 303 (App element pid: 303) faulted in {
    "XC_kAXXCAttributeFrame" =     {
        Height = 1366;
        Width = 1024;
        X = 0;
        Y = 0;
    };
    "XC_kAXXCAttributeWindowContextId" = 1010993286;
    "XC_kAXXCAttributeWindowDisplayId" = 0;
}: (no error) for frame using XC_kAXXCAttributeFrame, XC_kAXXCAttributeWindowDisplayId, XC_kAXXCAttributeWindowContextId
23:27:58.558 WebDriverAgentRunner-Runner[1371:144542] Creating future for 'checking for continuity enablement' with timeout 30.00
23:27:58.558 WebDriverAgentRunner-Runner[1371:144542] <XCTWaiter: 0x112de1560> entering wait loop for 30.00s with expectations: `checking for continuity enablement`
23:27:58.559 WebDriverAgentRunner-Runner[1371:144542] Returning result XCTWaiterResultCompleted for synchronous waiter <XCTWaiter: 0x112de1560>
23:27:58.559 WebDriverAgentRunner-Runner[1371:144542] Wait <XCTWaiterWait: 0x1047fc8c0> completed after 0.001s
23:27:58.559 WebDriverAgentRunner-Runner[1371:144542] cleaning up checking for continuity enablement
23:27:58.559 WebDriverAgentRunner-Runner[1371:144542] Creating future for 'fetching attributes 'XC_kAXXCAttributeElementType', 'XC_kAXXCAttributeElementBaseType', 'XC_kAXXCAttributeTraits', 'XC_kAXXCAttributeAutomationType' for App element pid: 303' with timeout 30.00
23:27:58.560 WebDriverAgentRunner-Runner[1371:144542] <XCTWaiter: 0x112de1ad0> entering wait loop for 30.00s with expectations: `fetching attributes 'XC_kAXXCAttributeElementType', 'XC_kAXXCAttributeElementBaseType', 'XC_kAXXCAttributeTraits', 'XC_kAXXCAttributeAutomationType' for App element pid: 303`
23:27:58.561 WebDriverAgentRunner-Runner[1371:144542] Returning result XCTWaiterResultCompleted for synchronous waiter <XCTWaiter: 0x112de1ad0>
23:27:58.561 WebDriverAgentRunner-Runner[1371:144542] Wait <XCTWaiterWait: 0x1047fe0c0> completed after 0.002s
23:27:58.561 WebDriverAgentRunner-Runner[1371:144542] cleaning up fetching attributes 'XC_kAXXCAttributeElementType', 'XC_kAXXCAttributeElementBaseType', 'XC_kAXXCAttributeTraits', 'XC_kAXXCAttributeAutomationType' for App element pid: 303
23:27:58.562 WebDriverAgentRunner-Runner[1371:144542] App element pid: 303 (App element pid: 303) faulted in {
    "XC_kAXXCAttributeAutomationType" = 1;
    "XC_kAXXCAttributeElementBaseType" = UIApplication;
    "XC_kAXXCAttributeElementType" = "DockFolderViewService.Application";
    "XC_kAXXCAttributeTraits" = 0;
}: (no error) for elementType using XC_kAXXCAttributeElementType, XC_kAXXCAttributeElementBaseType, XC_kAXXCAttributeTraits, XC_kAXXCAttributeAutomationType
23:27:58.562 WebDriverAgentRunner-Runner[1371:144542] Computed elementType Application.
23:27:58.562 WebDriverAgentRunner-Runner[1371:144542] <XCTContext: 0x104595720> started activity <XCActivityRecord: 0x10752e7d0> 2026-07-19 16:27:58 +0000: Find the Application 'com.apple.DocumentManager.DockFolderViewService'
    t =   162.54s         Find the Application 'com.apple.DocumentManager.DockFolderViewService'
23:27:58.562 WebDriverAgentRunner-Runner[1371:144542] Executing query:

23:27:58.562 WebDriverAgentRunner-Runner[1371:144542] Creating future for 'checking for continuity enablement' with timeout 30.00
23:27:58.563 WebDriverAgentRunner-Runner[1371:144542] <XCTWaiter: 0x112de2790> entering wait loop for 30.00s with expectations: `checking for continuity enablement`
23:27:58.563 WebDriverAgentRunner-Runner[1371:144542] Returning result XCTWaiterResultCompleted for synchronous waiter <XCTWaiter: 0x112de2790>
23:27:58.563 WebDriverAgentRunner-Runner[1371:144542] Wait <XCTWaiterWait: 0x1047fee80> completed after 0.001s
23:27:58.564 WebDriverAgentRunner-Runner[1371:144542] cleaning up checking for continuity enablement
23:27:58.564 WebDriverAgentRunner-Runner[1371:144542] Should evaluate query remotely? XCTDisableRemoteQueryEvaluation(d-write): YES, hasAutomationSession: YES, supportsRemoteEvaluation: YES
23:27:58.564 WebDriverAgentRunner-Runner[1371:144542] Getting matching snapshots for locally evaluated query
23:27:58.564 WebDriverAgentRunner-Runner[1371:144542] Evaluating query:
 
23:27:58.564 WebDriverAgentRunner-Runner[1371:144542] Getting root element snapshot
23:27:58.564 WebDriverAgentRunner-Runner[1371:144542] Getting snapshot for App element pid: 303 for query 
23:27:58.564 WebDriverAgentRunner-Runner[1371:144542] <XCTContext: 0x104595720> started activity <XCActivityRecord: 0x10752e8b0> 2026-07-19 16:27:58 +0000: Requesting snapshot of accessibility hierarchy for app with pid 303
    t =   162.54s             Requesting snapshot of accessibility hierarchy for app with pid 303
23:27:58.564 WebDriverAgentRunner-Runner[1371:144542] Query requires iOS snapshot attributes .
23:27:58.565 WebDriverAgentRunner-Runner[1371:144542] XCUIElementQuery <XCTElementSnapshotProvider> getting snapshot
23:27:58.565 WebDriverAgentRunner-Runner[1371:144542] Snapshot request has custom attributes 
23:27:58.565 WebDriverAgentRunner-Runner[1371:144542] Snapshot request has custom parameters {
    snapshotKeyHonorModalViews = 0;
}
23:27:58.565 WebDriverAgentRunner-Runner[1371:144542] Current snapshot generation is 921
23:27:58.565 WebDriverAgentRunner-Runner[1371:144542] Query rootElementSnapshot is non-null with generation count 916
23:27:58.565 WebDriverAgentRunner-Runner[1371:144542] Capturing a new snapshot
23:27:58.565 WebDriverAgentRunner-Runner[1371:144542] Fetching snapshot for App element pid: 303 from testmanagerd with attributes XC_kAXXCAttributeElementType, XC_kAXXCAttributeElementBaseType, XC_kAXXCAttributeParent, XC_kAXXCAttributeIdentifier, XC_kAXXCAttributeAutomationType, XC_kAXXCAttributeTraits and parameters {
    maxArrayCount = 2147483647;
    maxChildren = 2147483647;
    maxDepth = 50;
    snapshotKeyHonorModalViews = 0;
    traverseFromParentsToChildren = 1;
}.
23:27:58.565 WebDriverAgentRunner-Runner[1371:144542] Creating future for 'fetching snapshot from testmanagerd.' with timeout 65.00
23:27:58.566 WebDriverAgentRunner-Runner[1371:144542] <XCTWaiter: 0x112de2d30> entering wait loop for 65.00s with expectations: `fetching snapshot from testmanagerd.`
23:27:58.578 WebDriverAgentRunner-Runner[1371:145575] Got snapshot response with runtime issue support from testmanagerd.
23:27:58.578 WebDriverAgentRunner-Runner[1371:144542] Returning result XCTWaiterResultCompleted for synchronous waiter <XCTWaiter: 0x112de2d30>
23:27:58.578 WebDriverAgentRunner-Runner[1371:144542] Wait <XCTWaiterWait: 0x1047fdd40> completed after 0.012s
23:27:58.578 WebDriverAgentRunner-Runner[1371:144542] cleaning up fetching snapshot from testmanagerd.
23:27:58.578 WebDriverAgentRunner-Runner[1371:144542] <XCTContext: 0x104595720> finished activity <XCActivityRecord: 0x10752e8b0> 2026-07-19 16:27:58 +0000: Requesting snapshot of accessibility hierarchy for app with pid 303 (0.0141309s)
23:27:58.579 WebDriverAgentRunner-Runner[1371:144542] Found matches {(
    App element pid: 303
)} with root App element pid: 303
23:27:58.579 WebDriverAgentRunner-Runner[1371:144542] <XCTContext: 0x104595720> finished activity <XCActivityRecord: 0x10752e7d0> 2026-07-19 16:27:58 +0000: Find the Application 'com.apple.DocumentManager.DockFolderViewService' (0.016984s)
23:27:58.579 WebDriverAgentRunner-Runner[1371:144542] Creating future for 'checking for continuity enablement' with timeout 30.00
23:27:58.579 WebDriverAgentRunner-Runner[1371:144542] <XCTWaiter: 0x112de2730> entering wait loop for 30.00s with expectations: `checking for continuity enablement`
23:27:58.580 WebDriverAgentRunner-Runner[1371:144542] Returning result XCTWaiterResultCompleted for synchronous waiter <XCTWaiter: 0x112de2730>
23:27:58.580 WebDriverAgentRunner-Runner[1371:144542] Wait <XCTWaiterWait: 0x107f79c40> completed after 0.001s
23:27:58.580 WebDriverAgentRunner-Runner[1371:144542] cleaning up checking for continuity enablement
23:27:58.580 WebDriverAgentRunner-Runner[1371:144542] Creating future for 'fetching attributes 'XC_kAXXCAttributeFrame', 'XC_kAXXCAttributeWindowDisplayId', 'XC_kAXXCAttributeWindowContextId' for App element pid: 303' with timeout 30.00
23:27:58.581 WebDriverAgentRunner-Runner[1371:144542] <XCTWaiter: 0x112de2730> entering wait loop for 30.00s with expectations: `fetching attributes 'XC_kAXXCAttributeFrame', 'XC_kAXXCAttributeWindowDisplayId', 'XC_kAXXCAttributeWindowContextId' for App element pid: 303`
23:27:58.582 WebDriverAgentRunner-Runner[1371:144542] Returning result XCTWaiterResultCompleted for synchronous waiter <XCTWaiter: 0x112de2730>
23:27:58.582 WebDriverAgentRunner-Runner[1371:144542] Wait <XCTWaiterWait: 0x107f79040> completed after 0.002s
23:27:58.583 WebDriverAgentRunner-Runner[1371:144542] cleaning up fetching attributes 'XC_kAXXCAttributeFrame', 'XC_kAXXCAttributeWindowDisplayId', 'XC_kAXXCAttributeWindowContextId' for App element pid: 303
23:27:58.583 WebDriverAgentRunner-Runner[1371:144542] App element pid: 303 (App element pid: 303) faulted in {
    "XC_kAXXCAttributeFrame" =     {
        Height = 1366;
        Width = 1024;
        X = 0;
        Y = 0;
    };
    "XC_kAXXCAttributeWindowContextId" = 1010993286;
    "XC_kAXXCAttributeWindowDisplayId" = 0;
}: (no error) for frame using XC_kAXXCAttributeFrame, XC_kAXXCAttributeWindowDisplayId, XC_kAXXCAttributeWindowContextId
23:27:58.583 WebDriverAgentRunner-Runner[1371:144542] Creating future for 'checking for continuity enablement' with timeout 30.00
23:27:58.583 WebDriverAgentRunner-Runner[1371:144542] <XCTWaiter: 0x112de2ac0> entering wait loop for 30.00s with expectations: `checking for continuity enablement`
23:27:58.584 WebDriverAgentRunner-Runner[1371:144542] Returning result XCTWaiterResultCompleted for synchronous waiter <XCTWaiter: 0x112de2ac0>
23:27:58.584 WebDriverAgentRunner-Runner[1371:144542] Wait <XCTWaiterWait: 0x107f78f80> completed after 0.001s
23:27:58.584 WebDriverAgentRunner-Runner[1371:144542] cleaning up checking for continuity enablement
23:27:58.584 WebDriverAgentRunner-Runner[1371:144542] Creating future for 'fetching attributes 'XC_kAXXCAttributeElementType', 'XC_kAXXCAttributeElementBaseType', 'XC_kAXXCAttributeTraits', 'XC_kAXXCAttributeAutomationType' for App element pid: 303' with timeout 30.00
23:27:58.584 WebDriverAgentRunner-Runner[1371:144542] <XCTWaiter: 0x112de2610> entering wait loop for 30.00s with expectations: `fetching attributes 'XC_kAXXCAttributeElementType', 'XC_kAXXCAttributeElementBaseType', 'XC_kAXXCAttributeTraits', 'XC_kAXXCAttributeAutomationType' for App element pid: 303`
23:27:58.586 WebDriverAgentRunner-Runner[1371:144542] Returning result XCTWaiterResultCompleted for synchronous waiter <XCTWaiter: 0x112de2610>
23:27:58.586 WebDriverAgentRunner-Runner[1371:144542] Wait <XCTWaiterWait: 0x107f7a980> completed after 0.002s
23:27:58.586 WebDriverAgentRunner-Runner[1371:144542] cleaning up fetching attributes 'XC_kAXXCAttributeElementType', 'XC_kAXXCAttributeElementBaseType', 'XC_kAXXCAttributeTraits', 'XC_kAXXCAttributeAutomationType' for App element pid: 303
23:27:58.586 WebDriverAgentRunner-Runner[1371:144542] App element pid: 303 (App element pid: 303) faulted in {
    "XC_kAXXCAttributeAutomationType" = 1;
    "XC_kAXXCAttributeElementBaseType" = UIApplication;
    "XC_kAXXCAttributeElementType" = "DockFolderViewService.Application";
    "XC_kAXXCAttributeTraits" = 0;
}: (no error) for elementType using XC_kAXXCAttributeElementType, XC_kAXXCAttributeElementBaseType, XC_kAXXCAttributeTraits, XC_kAXXCAttributeAutomationType
23:27:58.586 WebDriverAgentRunner-Runner[1371:144542] Computed elementType Application.
23:27:58.587 WebDriverAgentRunner-Runner[1371:144542] Creating future for 'getting interface orientation' with timeout 65.00
23:27:58.587 WebDriverAgentRunner-Runner[1371:144542] <XCTWaiter: 0x112de2ee0> entering wait loop for 65.00s with expectations: `getting interface orientation`
23:27:58.587 WebDriverAgentRunner-Runner[1371:144542] Returning result XCTWaiterResultCompleted for synchronous waiter <XCTWaiter: 0x112de2ee0>
23:27:58.588 WebDriverAgentRunner-Runner[1371:144542] Wait <XCTWaiterWait: 0x107f7b280> completed after 0.001s
23:27:58.588 WebDriverAgentRunner-Runner[1371:144542] cleaning up getting interface orientation
23:27:58.588 WebDriverAgentRunner-Runner[1371:144542] Creating future for 'checking for continuity enablement' with timeout 30.00
23:27:58.588 WebDriverAgentRunner-Runner[1371:144542] <XCTWaiter: 0x112de32a0> entering wait loop for 30.00s with expectations: `checking for continuity enablement`
23:27:58.589 WebDriverAgentRunner-Runner[1371:144542] Returning result XCTWaiterResultCompleted for synchronous waiter <XCTWaiter: 0x112de32a0>
23:27:58.589 WebDriverAgentRunner-Runner[1371:144542] Wait <XCTWaiterWait: 0x107f7b880> completed after 0.001s
23:27:58.589 WebDriverAgentRunner-Runner[1371:144542] cleaning up checking for continuity enablement
23:27:58.590 WebDriverAgentRunner-Runner[1371:144542] Creating future for 'fetching attributes 'XC_kAXXCAttributeWindowDisplayId' for App element pid: 303' with timeout 30.00
23:27:58.590 WebDriverAgentRunner-Runner[1371:144542] <XCTWaiter: 0x112de3270> entering wait loop for 30.00s with expectations: `fetching attributes 'XC_kAXXCAttributeWindowDisplayId' for App element pid: 303`
23:27:58.591 WebDriverAgentRunner-Runner[1371:144542] Returning result XCTWaiterResultCompleted for synchronous waiter <XCTWaiter: 0x112de3270>
23:27:58.591 WebDriverAgentRunner-Runner[1371:144542] Wait <XCTWaiterWait: 0x107400180> completed after 0.001s
23:27:58.591 WebDriverAgentRunner-Runner[1371:144542] cleaning up fetching attributes 'XC_kAXXCAttributeWindowDisplayId' for App element pid: 303
23:27:58.592 WebDriverAgentRunner-Runner[1371:144542] Application, pid: 303 (App element pid: 303) faulted in {
    "XC_kAXXCAttributeWindowDisplayId" = 0;
}: (no error) for displayID using XC_kAXXCAttributeWindowDisplayId
23:27:58.592 WebDriverAgentRunner-Runner[1371:144542] Fetched display ID for Application, pid: 303 was 0, checked nearest remote ancestor (null), got (null)
23:27:58.592 WebDriverAgentRunner-Runner[1371:144542] Creating future for 'getting screen identifiers' with timeout 30.00
23:27:58.592 WebDriverAgentRunner-Runner[1371:144542] <XCTWaiter: 0x112de3810> entering wait loop for 30.00s with expectations: `getting screen identifiers`
23:27:58.592 WebDriverAgentRunner-Runner[1371:144542] Returning result XCTWaiterResultCompleted for synchronous waiter <XCTWaiter: 0x112de3810>
23:27:58.592 WebDriverAgentRunner-Runner[1371:144542] Wait <XCTWaiterWait: 0x1047f5e00> completed after 0.000s
23:27:58.592 WebDriverAgentRunner-Runner[1371:144542] cleaning up getting screen identifiers
23:27:58.592 WebDriverAgentRunner-Runner[1371:144542] Creating future for 'getting screen bounds' with timeout 30.00
23:27:58.592 WebDriverAgentRunner-Runner[1371:144542] <XCTWaiter: 0x112de3a50> entering wait loop for 30.00s with expectations: `getting screen bounds`
23:27:58.593 WebDriverAgentRunner-Runner[1371:144542] Returning result XCTWaiterResultCompleted for synchronous waiter <XCTWaiter: 0x112de3a50>
23:27:58.593 WebDriverAgentRunner-Runner[1371:144542] Wait <XCTWaiterWait: 0x1047ff240> completed after 0.000s
23:27:58.593 WebDriverAgentRunner-Runner[1371:144542] cleaning up getting screen bounds
23:27:58.593 WebDriverAgentRunner-Runner[1371:144542] Creating future for 'getting screen scale' with timeout 30.00
23:27:58.593 WebDriverAgentRunner-Runner[1371:144542] <XCTWaiter: 0x112de3cc0> entering wait loop for 30.00s with expectations: `getting screen scale`
23:27:58.593 WebDriverAgentRunner-Runner[1371:144542] Returning result XCTWaiterResultCompleted for synchronous waiter <XCTWaiter: 0x112de3cc0>
23:27:58.593 WebDriverAgentRunner-Runner[1371:144542] Wait <XCTWaiterWait: 0x1047ff240> completed after 0.000s
23:27:58.593 WebDriverAgentRunner-Runner[1371:144542] cleaning up getting screen scale
23:27:58.593 WebDriverAgentRunner-Runner[1371:144542] Creating future for 'checking for continuity enablement' with timeout 30.00
23:27:58.594 WebDriverAgentRunner-Runner[1371:144542] <XCTWaiter: 0x112de3f60> entering wait loop for 30.00s with expectations: `checking for continuity enablement`
23:27:58.595 WebDriverAgentRunner-Runner[1371:144542] Returning result XCTWaiterResultCompleted for synchronous waiter <XCTWaiter: 0x112de3f60>
23:27:58.595 WebDriverAgentRunner-Runner[1371:144542] Wait <XCTWaiterWait: 0x1047ff1c0> completed after 0.001s
23:27:58.595 WebDriverAgentRunner-Runner[1371:144542] cleaning up checking for continuity enablement
23:27:58.595 WebDriverAgentRunner-Runner[1371:144542] Creating future for 'fetching attributes 'XC_kAXXCAttributeWindowDisplayId' for App element pid: 303' with timeout 30.00
23:27:58.595 WebDriverAgentRunner-Runner[1371:144542] <XCTWaiter: 0x112d98540> entering wait loop for 30.00s with expectations: `fetching attributes 'XC_kAXXCAttributeWindowDisplayId' for App element pid: 303`
23:27:58.596 WebDriverAgentRunner-Runner[1371:144542] Returning result XCTWaiterResultCompleted for synchronous waiter <XCTWaiter: 0x112d98540>
23:27:58.597 WebDriverAgentRunner-Runner[1371:144542] Wait <XCTWaiterWait: 0x1047fd800> completed after 0.001s
23:27:58.597 WebDriverAgentRunner-Runner[1371:144542] cleaning up fetching attributes 'XC_kAXXCAttributeWindowDisplayId' for App element pid: 303
23:27:58.597 WebDriverAgentRunner-Runner[1371:144542] Application, pid: 303 (App element pid: 303) faulted in {
    "XC_kAXXCAttributeWindowDisplayId" = 0;
}: (no error) for displayID using XC_kAXXCAttributeWindowDisplayId
23:27:58.597 WebDriverAgentRunner-Runner[1371:144542] Fetched display ID for Application, pid: 303 was 0, checked nearest remote ancestor (null), got (null)
23:27:58.597 WebDriverAgentRunner-Runner[1371:144542] Creating future for 'getting interface orientation' with timeout 65.00
23:27:58.598 WebDriverAgentRunner-Runner[1371:144542] <XCTWaiter: 0x112d98660> entering wait loop for 65.00s with expectations: `getting interface orientation`
23:27:58.598 WebDriverAgentRunner-Runner[1371:144542] Returning result XCTWaiterResultCompleted for synchronous waiter <XCTWaiter: 0x112d98660>
23:27:58.598 WebDriverAgentRunner-Runner[1371:144542] Wait <XCTWaiterWait: 0x1047fc240> completed after 0.001s
23:27:58.598 WebDriverAgentRunner-Runner[1371:144542] cleaning up getting interface orientation
23:27:58.599 WebDriverAgentRunner-Runner[1371:144542] <XCTContext: 0x104595720> started activity <XCActivityRecord: 0x10752ea70> 2026-07-19 16:27:58 +0000: Find the Application 'com.apple.DocumentManager.DockFolderViewService'
    t =   162.57s         Find the Application 'com.apple.DocumentManager.DockFolderViewService'
23:27:58.599 WebDriverAgentRunner-Runner[1371:144542] Executing query:

23:27:58.599 WebDriverAgentRunner-Runner[1371:144542] Creating future for 'checking for continuity enablement' with timeout 30.00
23:27:58.600 WebDriverAgentRunner-Runner[1371:144542] <XCTWaiter: 0x112d98990> entering wait loop for 30.00s with expectations: `checking for continuity enablement`
23:27:58.600 WebDriverAgentRunner-Runner[1371:144542] Returning result XCTWaiterResultCompleted for synchronous waiter <XCTWaiter: 0x112d98990>
23:27:58.601 WebDriverAgentRunner-Runner[1371:144542] Wait <XCTWaiterWait: 0x1047fe180> completed after 0.001s
23:27:58.601 WebDriverAgentRunner-Runner[1371:144542] cleaning up checking for continuity enablement
23:27:58.601 WebDriverAgentRunner-Runner[1371:144542] Should evaluate query remotely? XCTDisableRemoteQueryEvaluation(d-write): YES, hasAutomationSession: YES, supportsRemoteEvaluation: YES
23:27:58.601 WebDriverAgentRunner-Runner[1371:144542] Getting matching snapshots for locally evaluated query
23:27:58.601 WebDriverAgentRunner-Runner[1371:144542] Evaluating query:
 
23:27:58.601 WebDriverAgentRunner-Runner[1371:144542] Getting root element snapshot
23:27:58.601 WebDriverAgentRunner-Runner[1371:144542] Getting snapshot for App element pid: 303 for query 
23:27:58.601 WebDriverAgentRunner-Runner[1371:144542] <XCTContext: 0x104595720> started activity <XCActivityRecord: 0x10752eb50> 2026-07-19 16:27:58 +0000: Requesting snapshot of accessibility hierarchy for app with pid 303
    t =   162.58s             Requesting snapshot of accessibility hierarchy for app with pid 303
23:27:58.602 WebDriverAgentRunner-Runner[1371:144542] Query requires iOS snapshot attributes .
23:27:58.602 WebDriverAgentRunner-Runner[1371:144542] XCUIElementQuery <XCTElementSnapshotProvider> getting snapshot
23:27:58.602 WebDriverAgentRunner-Runner[1371:144542] Snapshot request has custom attributes 
23:27:58.602 WebDriverAgentRunner-Runner[1371:144542] Snapshot request has custom parameters {
    snapshotKeyHonorModalViews = 0;
}
23:27:58.603 WebDriverAgentRunner-Runner[1371:144542] Current snapshot generation is 933
23:27:58.603 WebDriverAgentRunner-Runner[1371:144542] Query rootElementSnapshot is non-null with generation count 922
23:27:58.603 WebDriverAgentRunner-Runner[1371:144542] Capturing a new snapshot
23:27:58.603 WebDriverAgentRunner-Runner[1371:144542] Fetching snapshot for App element pid: 303 from testmanagerd with attributes XC_kAXXCAttributeElementType, XC_kAXXCAttributeElementBaseType, XC_kAXXCAttributeParent, XC_kAXXCAttributeIdentifier, XC_kAXXCAttributeAutomationType, XC_kAXXCAttributeTraits and parameters {
    maxArrayCount = 2147483647;
    maxChildren = 2147483647;
    maxDepth = 50;
    snapshotKeyHonorModalViews = 0;
    traverseFromParentsToChildren = 1;
}.
23:27:58.603 WebDriverAgentRunner-Runner[1371:144542] Creating future for 'fetching snapshot from testmanagerd.' with timeout 65.00
23:27:58.603 WebDriverAgentRunner-Runner[1371:144542] <XCTWaiter: 0x112d98570> entering wait loop for 65.00s with expectations: `fetching snapshot from testmanagerd.`
23:27:58.615 WebDriverAgentRunner-Runner[1371:145818] Got snapshot response with runtime issue support from testmanagerd.
23:27:58.615 WebDriverAgentRunner-Runner[1371:144542] Returning result XCTWaiterResultCompleted for synchronous waiter <XCTWaiter: 0x112d98570>
23:27:58.615 WebDriverAgentRunner-Runner[1371:144542] Wait <XCTWaiterWait: 0x104454900> completed after 0.012s
23:27:58.615 WebDriverAgentRunner-Runner[1371:144542] cleaning up fetching snapshot from testmanagerd.
23:27:58.615 WebDriverAgentRunner-Runner[1371:144542] <XCTContext: 0x104595720> finished activity <XCActivityRecord: 0x10752eb50> 2026-07-19 16:27:58 +0000: Requesting snapshot of accessibility hierarchy for app with pid 303 (0.014138s)
23:27:58.616 WebDriverAgentRunner-Runner[1371:144542] Found matches {(
    App element pid: 303
)} with root App element pid: 303
23:27:58.616 WebDriverAgentRunner-Runner[1371:144542] <XCTContext: 0x104595720> finished activity <XCActivityRecord: 0x10752ea70> 2026-07-19 16:27:58 +0000: Find the Application 'com.apple.DocumentManager.DockFolderViewService' (0.017414s)
23:27:58.616 WebDriverAgentRunner-Runner[1371:144542] Creating future for 'checking for continuity enablement' with timeout 30.00
23:27:58.616 WebDriverAgentRunner-Runner[1371:144542] <XCTWaiter: 0x112d99d40> entering wait loop for 30.00s with expectations: `checking for continuity enablement`
23:27:58.617 WebDriverAgentRunner-Runner[1371:144542] Returning result XCTWaiterResultCompleted for synchronous waiter <XCTWaiter: 0x112d99d40>
23:27:58.618 WebDriverAgentRunner-Runner[1371:144542] Wait <XCTWaiterWait: 0x107fb2e00> completed after 0.001s
23:27:58.618 WebDriverAgentRunner-Runner[1371:144542] cleaning up checking for continuity enablement
23:27:58.618 WebDriverAgentRunner-Runner[1371:144542] Creating future for 'fetching attributes 'XC_kAXXCAttributeFrame', 'XC_kAXXCAttributeWindowDisplayId', 'XC_kAXXCAttributeWindowContextId' for App element pid: 303' with timeout 30.00
23:27:58.618 WebDriverAgentRunner-Runner[1371:144542] <XCTWaiter: 0x112d9bbd0> entering wait loop for 30.00s with expectations: `fetching attributes 'XC_kAXXCAttributeFrame', 'XC_kAXXCAttributeWindowDisplayId', 'XC_kAXXCAttributeWindowContextId' for App element pid: 303`
23:27:58.619 WebDriverAgentRunner-Runner[1371:144542] Returning result XCTWaiterResultCompleted for synchronous waiter <XCTWaiter: 0x112d9bbd0>
23:27:58.619 WebDriverAgentRunner-Runner[1371:144542] Wait <XCTWaiterWait: 0x107fb3000> completed after 0.002s
23:27:58.620 WebDriverAgentRunner-Runner[1371:144542] cleaning up fetching attributes 'XC_kAXXCAttributeFrame', 'XC_kAXXCAttributeWindowDisplayId', 'XC_kAXXCAttributeWindowContextId' for App element pid: 303
23:27:58.620 WebDriverAgentRunner-Runner[1371:144542] App element pid: 303 (App element pid: 303) faulted in {
    "XC_kAXXCAttributeFrame" =     {
        Height = 1366;
        Width = 1024;
        X = 0;
        Y = 0;
    };
    "XC_kAXXCAttributeWindowContextId" = 1010993286;
    "XC_kAXXCAttributeWindowDisplayId" = 0;
}: (no error) for frame using XC_kAXXCAttributeFrame, XC_kAXXCAttributeWindowDisplayId, XC_kAXXCAttributeWindowContextId
23:27:58.620 WebDriverAgentRunner-Runner[1371:144542] Creating future for 'checking for continuity enablement' with timeout 30.00
23:27:58.620 WebDriverAgentRunner-Runner[1371:144542] <XCTWaiter: 0x112d98de0> entering wait loop for 30.00s with expectations: `checking for continuity enablement`
23:27:58.621 WebDriverAgentRunner-Runner[1371:144542] Returning result XCTWaiterResultCompleted for synchronous waiter <XCTWaiter: 0x112d98de0>
23:27:58.621 WebDriverAgentRunner-Runner[1371:144542] Wait <XCTWaiterWait: 0x107fb1840> completed after 0.001s
23:27:58.622 WebDriverAgentRunner-Runner[1371:144542] cleaning up checking for continuity enablement
23:27:58.622 WebDriverAgentRunner-Runner[1371:144542] Creating future for 'fetching attributes 'XC_kAXXCAttributeElementType', 'XC_kAXXCAttributeElementBaseType', 'XC_kAXXCAttributeTraits', 'XC_kAXXCAttributeAutomationType' for App element pid: 303' with timeout 30.00
23:27:58.622 WebDriverAgentRunner-Runner[1371:144542] <XCTWaiter: 0x112d98270> entering wait loop for 30.00s with expectations: `fetching attributes 'XC_kAXXCAttributeElementType', 'XC_kAXXCAttributeElementBaseType', 'XC_kAXXCAttributeTraits', 'XC_kAXXCAttributeAutomationType' for App element pid: 303`
23:27:58.623 WebDriverAgentRunner-Runner[1371:144542] Returning result XCTWaiterResultCompleted for synchronous waiter <XCTWaiter: 0x112d98270>
23:27:58.624 WebDriverAgentRunner-Runner[1371:144542] Wait <XCTWaiterWait: 0x107fb1f80> completed after 0.002s
23:27:58.624 WebDriverAgentRunner-Runner[1371:144542] cleaning up fetching attributes 'XC_kAXXCAttributeElementType', 'XC_kAXXCAttributeElementBaseType', 'XC_kAXXCAttributeTraits', 'XC_kAXXCAttributeAutomationType' for App element pid: 303
23:27:58.624 WebDriverAgentRunner-Runner[1371:144542] App element pid: 303 (App element pid: 303) faulted in {
    "XC_kAXXCAttributeAutomationType" = 1;
    "XC_kAXXCAttributeElementBaseType" = UIApplication;
    "XC_kAXXCAttributeElementType" = "DockFolderViewService.Application";
    "XC_kAXXCAttributeTraits" = 0;
}: (no error) for elementType using XC_kAXXCAttributeElementType, XC_kAXXCAttributeElementBaseType, XC_kAXXCAttributeTraits, XC_kAXXCAttributeAutomationType
23:27:58.624 WebDriverAgentRunner-Runner[1371:144542] Computed elementType Application.
23:27:58.624 WebDriverAgentRunner-Runner[1371:144542] Creating future for 'checking for continuity enablement' with timeout 30.00
23:27:58.624 WebDriverAgentRunner-Runner[1371:144542] <XCTWaiter: 0x112d99920> entering wait loop for 30.00s with expectations: `checking for continuity enablement`
23:27:58.625 WebDriverAgentRunner-Runner[1371:144542] Returning result XCTWaiterResultCompleted for synchronous waiter <XCTWaiter: 0x112d99920>
23:27:58.625 WebDriverAgentRunner-Runner[1371:144542] Wait <XCTWaiterWait: 0x107fb1980> completed after 0.001s
23:27:58.626 WebDriverAgentRunner-Runner[1371:144542] cleaning up checking for continuity enablement
23:27:58.626 WebDriverAgentRunner-Runner[1371:144542] Creating future for 'fetching attributes 'XC_kAXXCAttributeSystemAutomationProperties' for App element pid: 303' with timeout 30.00
23:27:58.626 WebDriverAgentRunner-Runner[1371:144542] <XCTWaiter: 0x112d98090> entering wait loop for 30.00s with expectations: `fetching attributes 'XC_kAXXCAttributeSystemAutomationProperties' for App element pid: 303`
23:27:58.627 WebDriverAgentRunner-Runner[1371:144542] Returning result XCTWaiterResultCompleted for synchronous waiter <XCTWaiter: 0x112d98090>
23:27:58.627 WebDriverAgentRunner-Runner[1371:144542] Wait <XCTWaiterWait: 0x107fb01c0> completed after 0.001s
23:27:58.627 WebDriverAgentRunner-Runner[1371:144542] cleaning up fetching attributes 'XC_kAXXCAttributeSystemAutomationProperties' for App element pid: 303
23:27:58.627 WebDriverAgentRunner-Runner[1371:144542] Application, pid: 303 (App element pid: 303) faulted in {
}: (no error) for systemAutomationProperties using XC_kAXXCAttributeSystemAutomationProperties
23:27:58.628 WebDriverAgentRunner-Runner[1371:144542] Requesting local synthesis of event: 
<XCSynthesizedEventRecord 'tap display 0'>
Path 1:
	Touch down at 815.0, 826.0, offset=0.00s
	Touch up at 815.0, 826.0, offset=0.05s
23:27:58.628 WebDriverAgentRunner-Runner[1371:144542] Event upper bound on duration 30.05
23:27:58.628 WebDriverAgentRunner-Runner[1371:144542] Computed timeout 30.05 for future for 'synthesizing event'
23:27:58.628 WebDriverAgentRunner-Runner[1371:144542] <XCTWaiter: 0x112d99860> entering wait loop for 30.05s with expectations: `synthesizing event`
23:27:58.708 WebDriverAgentRunner-Runner[1371:145832] Handling kAXUserTestingNotification
23:27:58.709 WebDriverAgentRunner-Runner[1371:145832] Received kAXUserTestingNotification from AX element pid: 174, elementOrHash.elementID: 0.1: {
    event = TouchEventsCompleted;
}
23:27:58.709 WebDriverAgentRunner-Runner[1371:145832] Handling kAXUserTestingNotification
23:27:58.709 WebDriverAgentRunner-Runner[1371:145832] Received kAXUserTestingNotification from AX element pid: 174, elementOrHash.elementID: 0.1: {
    event = TouchEventsCompleted;
}
23:27:58.907 WebDriverAgentRunner-Runner[1371:145197] Got event completion callback
23:27:58.908 WebDriverAgentRunner-Runner[1371:144542] Returning result XCTWaiterResultCompleted for synchronous waiter <XCTWaiter: 0x112d99860>
23:27:58.908 WebDriverAgentRunner-Runner[1371:144542] Wait <XCTWaiterWait: 0x107fb32c0> completed after 0.280s
23:27:58.908 WebDriverAgentRunner-Runner[1371:144542] cleaning up synthesizing event
23:27:58.908 WebDriverAgentRunner-Runner[1371:144542] Cancelation not currently supported for daemon event requests - this is a no-op.
23:27:58.908 WebDriverAgentRunner-Runner[1371:144542] Creating future for 'getting screen scale' with timeout 30.00
23:27:58.908 WebDriverAgentRunner-Runner[1371:144542] <XCTWaiter: 0x112d9a970> entering wait loop for 30.00s with expectations: `getting screen scale`
23:27:58.908 WebDriverAgentRunner-Runner[1371:144542] Returning result XCTWaiterResultCompleted for synchronous waiter <XCTWaiter: 0x112d9a970>
23:27:58.908 WebDriverAgentRunner-Runner[1371:144542] Wait <XCTWaiterWait: 0x107f78d40> completed after 0.000s
23:27:58.909 WebDriverAgentRunner-Runner[1371:144542] cleaning up getting screen scale
23:27:58.909 WebDriverAgentRunner-Runner[1371:144542] Event synthesis future completed in 0.28s
23:27:58.909 WebDriverAgentRunner-Runner[1371:144542] <XCTContext: 0x104595720> finished activity <XCActivityRecord: 0x10752ebc0> 2026-07-19 16:27:58 +0000: Synthesize event (0.375924s)
23:27:58.909 WebDriverAgentRunner-Runner[1371:144542] Overriding application state timeout, 60.0 -> 10.0
23:27:58.909 WebDriverAgentRunner-Runner[1371:144542] <XCTContext: 0x104595720> started activity <XCActivityRecord: 0x10752eca0> 2026-07-19 16:27:58 +0000: Wait for com.apple.DocumentManager.DockFolderViewService to idle
23:27:58.910 WebDriverAgentRunner-Runner[1371:144542] Creating future for 'getting screen identifiers' with timeout 30.00
23:27:58.910 WebDriverAgentRunner-Runner[1371:144542] <XCTWaiter: 0x112d98f60> entering wait loop for 30.00s with expectations: `getting screen identifiers`
23:27:58.910 WebDriverAgentRunner-Runner[1371:144542] Returning result XCTWaiterResultCompleted for synchronous waiter <XCTWaiter: 0x112d98f60>
23:27:58.910 WebDriverAgentRunner-Runner[1371:144542] Wait <XCTWaiterWait: 0x1047fdc80> completed after 0.000s
23:27:58.910 WebDriverAgentRunner-Runner[1371:144542] cleaning up getting screen identifiers
23:27:58.910 WebDriverAgentRunner-Runner[1371:144542] Waiting for com.apple.DocumentManager.DockFolderViewService (PID 303) quiescence...
23:27:58.910 WebDriverAgentRunner-Runner[1371:145831] com.apple.DocumentManager.DockFolderViewService (pid:303) eventLoopHasIdled YES -> NO
    t =   162.89s     Wait for com.apple.DocumentManager.DockFolderViewService to idle
23:27:58.910 WebDriverAgentRunner-Runner[1371:145575] Posting KVO notifications for eventLoopHasIdled
23:27:58.910 WebDriverAgentRunner-Runner[1371:144542] Requesting main run loop idle notification using automation session for com.apple.DocumentManager.DockFolderViewService (pid:303)
23:27:58.911 WebDriverAgentRunner-Runner[1371:145575] com.apple.DocumentManager.DockFolderViewService (pid:303) animationsHaveFinished YES -> NO
23:27:58.911 WebDriverAgentRunner-Runner[1371:145831] Posting KVO notifications for animationsHaveFinished
23:27:58.911 WebDriverAgentRunner-Runner[1371:144542] Requesting animations idle notification using automation session for com.apple.DocumentManager.DockFolderViewService (pid:303)
23:27:58.911 WebDriverAgentRunner-Runner[1371:144542] Waiting on quiescence state variables
23:27:58.911 WebDriverAgentRunner-Runner[1371:145831] Got event loop idle reply for com.apple.DocumentManager.DockFolderViewService (PID 303)
23:27:58.911 WebDriverAgentRunner-Runner[1371:145831] Event loop is idle.
23:27:58.911 WebDriverAgentRunner-Runner[1371:144542] KVO change: checked status of Expect value of 'foreground' of com.apple.DocumentManager.DockFolderViewService (pid:303) to be '0': fulfill=NO
23:27:58.911 WebDriverAgentRunner-Runner[1371:145831] com.apple.DocumentManager.DockFolderViewService (pid:303) eventLoopHasIdled NO -> YES
23:27:58.911 WebDriverAgentRunner-Runner[1371:145831] Posting KVO notifications for eventLoopHasIdled
23:27:58.912 WebDriverAgentRunner-Runner[1371:144542] KVO change: checked status of Expect value of 'foreground' of com.apple.DocumentManager.DockFolderViewService (pid:303) to be '0': fulfill=NO
23:27:58.911 WebDriverAgentRunner-Runner[1371:145575] Got animations reply for com.apple.DocumentManager.DockFolderViewService (PID 303)
23:27:58.912 WebDriverAgentRunner-Runner[1371:144542] isQuiescent: self.eventLoopHasIdled: YES && self.animationsHaveFinished: NO
23:27:58.912 WebDriverAgentRunner-Runner[1371:145575] Animations are not active.
23:27:58.912 WebDriverAgentRunner-Runner[1371:144542] KVO change: checked status of Expect value of 'isQuiescent' of com.apple.DocumentManager.DockFolderViewService (pid:303) to be '1': fulfill=NO
23:27:58.912 WebDriverAgentRunner-Runner[1371:145575] com.apple.DocumentManager.DockFolderViewService (pid:303) animationsHaveFinished NO -> YES
23:27:58.912 WebDriverAgentRunner-Runner[1371:144542] isQuiescent: self.eventLoopHasIdled: YES && self.animationsHaveFinished: NO
23:27:58.912 WebDriverAgentRunner-Runner[1371:145837] Posting KVO notifications for animationsHaveFinished
23:27:58.912 WebDriverAgentRunner-Runner[1371:144542] KVO change: checked status of Expect value of 'isQuiescent' of com.apple.DocumentManager.DockFolderViewService (pid:303) to be '1': fulfill=YES
23:27:58.912 WebDriverAgentRunner-Runner[1371:145837] isQuiescent: self.eventLoopHasIdled: YES && self.animationsHaveFinished: YES
23:27:58.913 WebDriverAgentRunner-Runner[1371:144542] Fulfilling (Expect value of 'foreground' of com.apple.DocumentManager.DockFolderViewService (pid:303) to be '0' OR Expect value of 'isQuiescent' of com.apple.DocumentManager.DockFolderViewService (pid:303) to be '1') because Expect value of 'isQuiescent' of com.apple.DocumentManager.DockFolderViewService (pid:303) to be '1' is fulfilled
23:27:58.913 WebDriverAgentRunner-Runner[1371:145837] isQuiescent: self.eventLoopHasIdled: YES && self.animationsHaveFinished: YES
23:27:58.913 WebDriverAgentRunner-Runner[1371:144542] <XCTWaiter: 0x112d9b8a0> entering wait loop for 10.00s with expectations: `(Expect value of 'foreground' of com.apple.DocumentManager.DockFolderViewService (pid:303) to be '0' OR Expect value of 'isQuiescent' of com.apple.DocumentManager.DockFolderViewService (pid:303) to be '1')`
23:27:58.913 WebDriverAgentRunner-Runner[1371:145837] KVO change: checked status of Expect value of 'isQuiescent' of com.apple.DocumentManager.DockFolderViewService (pid:303) to be '1': fulfill=YES
23:27:58.913 WebDriverAgentRunner-Runner[1371:144542] Returning result XCTWaiterResultCompleted for synchronous waiter <XCTWaiter: 0x112d9b8a0>
23:27:58.913 WebDriverAgentRunner-Runner[1371:144542] Wait <XCTWaiterWait: 0x1047fea40> completed after 0.000s
23:27:58.913 WebDriverAgentRunner-Runner[1371:144542] cleaning up (Expect value of 'foreground' of com.apple.DocumentManager.DockFolderViewService (pid:303) to be '0' OR Expect value of 'isQuiescent' of com.apple.DocumentManager.DockFolderViewService (pid:303) to be '1')
23:27:58.913 WebDriverAgentRunner-Runner[1371:144542] cleaning up Expect value of 'foreground' of com.apple.DocumentManager.DockFolderViewService (pid:303) to be '0'
23:27:58.914 WebDriverAgentRunner-Runner[1371:144542] cleaning up Expect value of 'foreground' of com.apple.DocumentManager.DockFolderViewService (pid:303) to be '0'
23:27:58.914 WebDriverAgentRunner-Runner[1371:144542] cleaning up Expect value of 'isQuiescent' of com.apple.DocumentManager.DockFolderViewService (pid:303) to be '1'
23:27:58.914 WebDriverAgentRunner-Runner[1371:144542] cleaning up Expect value of 'isQuiescent' of com.apple.DocumentManager.DockFolderViewService (pid:303) to be '1'
23:27:58.914 WebDriverAgentRunner-Runner[1371:144542] com.apple.DocumentManager.DockFolderViewService has quiesced or quiescence timeout has elapsed.
23:27:58.914 WebDriverAgentRunner-Runner[1371:144542] <XCTContext: 0x104595720> finished activity <XCActivityRecord: 0x10752eca0> 2026-07-19 16:27:58 +0000: Wait for com.apple.DocumentManager.DockFolderViewService to idle (0.00466406s)
23:27:58.914 WebDriverAgentRunner-Runner[1371:144542] Overriding application state timeout, 10.0 -> 60.0
23:27:58.914 WebDriverAgentRunner-Runner[1371:144542] <XCTContext: 0x104595720> finished activity <XCActivityRecord: 0x10752e370> 2026-07-19 16:27:58 +0000: Tap Application 'com.apple.DocumentManager.DockFolderViewService'[0.00, 0.00] -> (815.0, 826.0) (0.41006s)
{"time":"2026-07-19T23:28:00.548846+07:00","level":"ERROR","msg":"conn1 closed unexpectedly","module":"go-ios/testmanagerd","udid":"00008027-000404D13439002E","error":"EOF"}
{"time":"2026-07-19T23:28:00.549108+07:00","level":"INFO","msg":"Killing test runner","module":"go-ios/testmanagerd","udid":"00008027-000404D13439002E","pid":1371}
{"time":"2026-07-19T23:28:00.549148+07:00","level":"INFO","msg":"Killing test runner","module":"go-ios/testmanagerd","pid":1371}
{"time":"2026-07-19T23:28:00.553933+07:00","level":"INFO","msg":"Nothing to kill, process is already dead","module":"go-ios/testmanagerd","udid":"00008027-000404D13439002E","pid":1371}
{"time":"2026-07-19T23:28:00.554235+07:00","level":"ERROR","msg":"Failed running WDA","error":"lost connection to testmanagerd. the test-runner may have been killed"}
