{"time":"2026-07-19T22:50:05.117031+07:00","level":"INFO","msg":"Running wda","bundleid":"solumate.xxx","testbundleid":"solumate.xxx","xctestconfig":"WebDriverAgentRunner.xctest"}
{"time":"2026-07-19T22:50:05.292875+07:00","level":"INFO","msg":"got capabilities","module":"go-ios/testmanagerd","udid":"00008027-000404D13439002E","receivedCaps":{"CapabilitiesDictionary":{"authorize test session capability":1,"automation mode":1,"daemon container sandbox extension":1,"initiate daemon control session capability":4,"initiate test runner session capability":2,"record UI interaction capability":2,"recording events as source code":1,"report crashes capability":1,"request log archive capability":1,"request spindump capability":2,"request tailspin capability":1,"supports delayed attachment transfers":1}}}
{"time":"2026-07-19T22:50:05.519618+07:00","level":"INFO","msg":"got capabilities","module":"go-ios/testmanagerd","udid":"00008027-000404D13439002E","caps":{"CapabilitiesDictionary":{"authorize test session capability":1,"automation mode":1,"daemon container sandbox extension":1,"initiate daemon control session capability":4,"initiate test runner session capability":2,"record UI interaction capability":2,"recording events as source code":1,"report crashes capability":1,"request log archive capability":1,"request spindump capability":2,"request tailspin capability":1,"supports delayed attachment transfers":1}}}
{"time":"2026-07-19T22:50:05.524122+07:00","level":"INFO","msg":"authorized","module":"go-ios/testmanagerd","udid":"00008027-000404D13439002E","pid":1324,"authorized":true}
22:50:06.073 WebDriverAgentRunner-Runner[1324:114132] Creating future for 'requesting test configuration' with timeout 600.00
22:50:06.073 WebDriverAgentRunner-Runner[1324:114132] Notifying test runner ready
22:50:06.073 WebDriverAgentRunner-Runner[1324:114132] <XCTWaiter: 0x1102355f0> entering wait loop for 600.00s with expectations: `requesting test configuration`
22:50:06.080 WebDriverAgentRunner-Runner[1324:114154] Received test runner ready reply. Waiting for request to start running tests.
22:50:06.080 WebDriverAgentRunner-Runner[1324:114132] Returning result XCTWaiterResultCompleted for synchronous waiter <XCTWaiter: 0x1102355f0>
22:50:06.080 WebDriverAgentRunner-Runner[1324:114132] Wait <XCTWaiterWait: 0x11023d3c0> completed after 0.007s
22:50:06.080 WebDriverAgentRunner-Runner[1324:114132] cleaning up requesting test configuration
22:50:06.080 WebDriverAgentRunner-Runner[1324:114132] Loading test bundle at: file:///private/var/containers/Bundle/Application/D434BAB2-E4F1-4552-9CEA-95EC14E6DD6D/WebDriverAgentRunner-Runner.app/PlugIns/WebDriverAgentRunner.xctest/
22:50:06.150 WebDriverAgentRunner-Runner[1324:114132] Finished loading test bundle
22:50:06.151 WebDriverAgentRunner-Runner[1324:114132] Interop: not enabled, so skipping install
22:50:06.151 WebDriverAgentRunner-Runner[1324:114132] Registering in-process symbolication service with image names: WebDriverAgentRunner
22:50:06.152 WebDriverAgentRunner-Runner[1324:114132] Running tests with active test configuration: <XCTestConfiguration: 0x1102e0000>
	                  testBundleURL:file://PlugIns/WebDriverAgentRunner.xctest
	         testBundleRelativePath:(null)
	              productModuleName:WebDriverAgentRunner
	                  testSelection:<XCTTestSelection: 0x110236a00>
	            identifiersToRun:(null)
	            identifiersToSkip:
	            tagsToRun:(null)
	            tagsToSkip:<XCTTagSelection: 0x1100db9a0>
	            mode:and
	            tags:{(
)}
	  includeXCTests:NO


	             reportResultsToIDE:YES
	               testsDrivenByIDE:NO
	inProcessParallelizationEnabled:YES
	              sessionIdentifier:C6AC247B-A212-4F4C-9677-ADCB86731502
	      disablePerformanceMetrics:NO
	treatMissingBaselinesAsFailures:NO
	                baselineFileURL:(null)
	       baselineFileRelativePath:(null)
	          targetApplicationPath:/private/var/containers/Bundle/Application/D434BAB2-E4F1-4552-9CEA-95EC14E6DD6D/WebDriverAgentRunner-Runner.app
	      targetApplicationBundleID:solumate.xxx
	 testApplicationDependencies:(null)
	 bundleIDsForCrashReportEmphasis:(null)
	 testApplicationUserOverrides:(null)
	     targetApplicationArguments:(null)
	   targetApplicationEnvironment:(null)
	                  reportActivities:YES
	          testsMustRunOnMainThread:YES
	            initializeForUITesting:YES
	            traceCollectionEnabled:(null)
	 enablePerformanceTestsDiagnostics:(null)
	 aggregateStatisticsBeforeCrash:
{
    XCSuiteRecordsKey =     {
    };
}
	        automationFrameworkPath:/System/Developer/Library/PrivateFrameworks/XCTAutomationSupport.framework
	                     emitOSLogs:NO
	       systemAttachmentLifetime:keepNever
	         userAttachmentLifetime:keepAlways
	   preferredScreenCaptureFormat:screenshots
	   gatherLocalizableStringsData:NO
	          testExecutionOrdering:alphabetical
	    randomExecutionOrderingSeed:(null)
	               repetitionPolicy:<XCTRepetitionPolicy: 0x1100d96a0>
	            mode:None
	            maximumIterations:1
	            repeatInNewRunnerProcess:NO

	       runtimeDiagnosticsPolicy:<XCTRuntimeDiagnosticsPolicy: 0x110235560>
	            otherRuntimeIssuesDetectionPolicy:<XCTRuntimeIssueDetectionPolicy: 0x1100da3e0>
	            detectionEnabled:YES
	            severity:warning

	            threadPerformanceCheckerRuntimeIssueDetectionPolicy:<XCTRuntimeIssueDetectionPolicy: 0x1100da3e0>
	            detectionEnabled:YES
	            severity:warning

	            mainThreadCheckerDetectionPolicy:<XCTRuntimeIssueDetectionPolicy: 0x1100da3e0>
	            detectionEnabled:YES
	            severity:warning

	            checkedAllocations:disabled

	            testTimeoutsEnabled:NO
	              leaksCheckingMode:off
	 defaultTestExecutionTimeAllowance:600
	 maximumTestExecutionTimeAllowance:0
	                IDECapabilities:<XCTCapabilities: 0x11021c640>: {
    "XCTIssue capability" = 1;
    "daemon container sandbox extension" = 1;
    "delayed attachment transfer" = 1;
    "expected failure test capability" = 1;
    "request diagnostics for specific devices" = 1;
    "skipped test capability" = 1;
    "test case run configurations" = 1;
    "test iterations" = 1;
    "test timeout capability" = 1;
    "ubiquitous test identifiers" = 1;
}
	        symbolicationImageNames:(null)
	         applicationBundleInfos:(null)

22:50:06.153 WebDriverAgentRunner-Runner[1324:114132] <XCTWaiter: 0x110236d00> entering wait loop for 600.00s with expectations: `requesting ready for testing`
22:50:06.153 WebDriverAgentRunner-Runner[1324:114132] Returning result XCTWaiterResultCompleted for synchronous waiter <XCTWaiter: 0x110236d00>
22:50:06.153 WebDriverAgentRunner-Runner[1324:114132] Wait <XCTWaiterWait: 0x11023d780> completed after 0.000s
22:50:06.153 WebDriverAgentRunner-Runner[1324:114132] cleaning up requesting ready for testing
22:50:06.153 WebDriverAgentRunner-Runner[1324:114132] <XCTWaiter: 0x1102361f0> entering wait loop for 600.00s with expectations: `IDE proxy`
22:50:06.153 WebDriverAgentRunner-Runner[1324:114132] Returning result XCTWaiterResultCompleted for synchronous waiter <XCTWaiter: 0x1102361f0>
22:50:06.153 WebDriverAgentRunner-Runner[1324:114132] Wait <XCTWaiterWait: 0x11023d8c0> completed after 0.000s
22:50:06.153 WebDriverAgentRunner-Runner[1324:114132] cleaning up IDE proxy
22:50:06.153 WebDriverAgentRunner-Runner[1324:114132] Initializing for UI testing.
22:50:06.154 WebDriverAgentRunner-Runner[1324:114132] Linked XCTAutomationSupport.framework from /System/Developer/Library/PrivateFrameworks/XCTAutomationSupport.framework/XCTAutomationSupport, built with Xcode 2650(17F41), modified on lúc 12:04:18 Giờ Đông Dương Thứ Năm, ngày 30 tháng 4, 2026, bundle version: 24904
22:50:06.155 WebDriverAgentRunner-Runner[1324:114132] <XCTWaiter: 0x110236df0> entering wait loop for 60.00s with expectations: `initiating daemon session`
22:50:06.155 WebDriverAgentRunner-Runner[1324:114132] Returning result XCTWaiterResultCompleted for synchronous waiter <XCTWaiter: 0x110236df0>
22:50:06.155 WebDriverAgentRunner-Runner[1324:114132] Wait <XCTWaiterWait: 0x11023dac0> completed after 0.000s
22:50:06.155 WebDriverAgentRunner-Runner[1324:114132] cleaning up initiating daemon session
22:50:06.155 WebDriverAgentRunner-Runner[1324:114132] Creating future for 'enabling automation mode' with timeout 60.00
22:50:06.156 WebDriverAgentRunner-Runner[1324:114132] <XCTWaiter: 0x1102371e0> entering wait loop for 60.00s with expectations: `enabling automation mode`
22:50:06.186 WebDriverAgentRunner-Runner[1324:114132] Returning result XCTWaiterResultCompleted for synchronous waiter <XCTWaiter: 0x1102371e0>
22:50:06.186 WebDriverAgentRunner-Runner[1324:114132] Wait <XCTWaiterWait: 0x11023dc80> completed after 0.031s
22:50:06.186 WebDriverAgentRunner-Runner[1324:114132] cleaning up enabling automation mode
22:50:06.186 WebDriverAgentRunner-Runner[1324:114132] Creating future for 'loading Accessibility' with timeout 70.00
22:50:06.186 WebDriverAgentRunner-Runner[1324:114132] <XCTWaiter: 0x110237420> entering wait loop for 70.00s with expectations: `loading Accessibility`
    t =      nans Interface orientation changed to Landscape Left
22:50:07.137 WebDriverAgentRunner-Runner[1324:114132] Returning result XCTWaiterResultCompleted for synchronous waiter <XCTWaiter: 0x110237420>
22:50:07.137 WebDriverAgentRunner-Runner[1324:114132] Wait <XCTWaiterWait: 0x11023ddc0> completed after 0.950s
22:50:07.137 WebDriverAgentRunner-Runner[1324:114132] cleaning up loading Accessibility
22:50:07.137 WebDriverAgentRunner-Runner[1324:114132] Creating future for 'enabling localized string gathering' with timeout 70.00
22:50:07.137 WebDriverAgentRunner-Runner[1324:114132] <XCTWaiter: 0x110052bb0> entering wait loop for 70.00s with expectations: `enabling localized string gathering`
22:50:07.144 WebDriverAgentRunner-Runner[1324:114132] Returning result XCTWaiterResultCompleted for synchronous waiter <XCTWaiter: 0x110052bb0>
22:50:07.144 WebDriverAgentRunner-Runner[1324:114132] Wait <XCTWaiterWait: 0x1103e2080> completed after 0.007s
22:50:07.144 WebDriverAgentRunner-Runner[1324:114132] cleaning up enabling localized string gathering
22:50:07.144 WebDriverAgentRunner-Runner[1324:114132] Creating future for 'setting AX timeout to 60.00s' with timeout 65.00
22:50:07.144 WebDriverAgentRunner-Runner[1324:114132] <XCTWaiter: 0x1103ec2a0> entering wait loop for 65.00s with expectations: `setting AX timeout to 60.00s`
22:50:07.144 WebDriverAgentRunner-Runner[1324:114132] Returning result XCTWaiterResultCompleted for synchronous waiter <XCTWaiter: 0x1103ec2a0>
22:50:07.144 WebDriverAgentRunner-Runner[1324:114132] Wait <XCTWaiterWait: 0x1103dfe80> completed after 0.000s
22:50:07.145 WebDriverAgentRunner-Runner[1324:114132] cleaning up setting AX timeout to 60.00s
22:50:07.145 WebDriverAgentRunner-Runner[1324:114132] Creating future for 'registering for kAXUserTestingNotification' with timeout 65.00
22:50:07.145 WebDriverAgentRunner-Runner[1324:114132] <XCTWaiter: 0x1103ec4b0> entering wait loop for 65.00s with expectations: `registering for kAXUserTestingNotification`
22:50:07.145 WebDriverAgentRunner-Runner[1324:114132] Returning result XCTWaiterResultCompleted for synchronous waiter <XCTWaiter: 0x1103ec4b0>
22:50:07.145 WebDriverAgentRunner-Runner[1324:114132] Wait <XCTWaiterWait: 0x1103dfd40> completed after 0.001s
22:50:07.145 WebDriverAgentRunner-Runner[1324:114132] cleaning up registering for kAXUserTestingNotification
22:50:07.146 WebDriverAgentRunner-Runner[1324:114132] Creating future for 'registering for kAXAlertNotification' with timeout 65.00
22:50:07.146 WebDriverAgentRunner-Runner[1324:114132] <XCTWaiter: 0x1103ec6f0> entering wait loop for 65.00s with expectations: `registering for kAXAlertNotification`
22:50:07.146 WebDriverAgentRunner-Runner[1324:114132] Returning result XCTWaiterResultCompleted for synchronous waiter <XCTWaiter: 0x1103ec6f0>
22:50:07.146 WebDriverAgentRunner-Runner[1324:114132] Wait <XCTWaiterWait: 0x1103dfc00> completed after 0.000s
22:50:07.146 WebDriverAgentRunner-Runner[1324:114132] cleaning up registering for kAXAlertNotification
22:50:07.146 WebDriverAgentRunner-Runner[1324:114132] Creating future for 'registering for kAXPidStatusChangedNotification' with timeout 65.00
22:50:07.146 WebDriverAgentRunner-Runner[1324:114132] <XCTWaiter: 0x1103ec930> entering wait loop for 65.00s with expectations: `registering for kAXPidStatusChangedNotification`
22:50:07.147 WebDriverAgentRunner-Runner[1324:114132] Returning result XCTWaiterResultCompleted for synchronous waiter <XCTWaiter: 0x1103ec930>
22:50:07.147 WebDriverAgentRunner-Runner[1324:114132] Wait <XCTWaiterWait: 0x1103dfac0> completed after 0.000s
22:50:07.147 WebDriverAgentRunner-Runner[1324:114132] cleaning up registering for kAXPidStatusChangedNotification
22:50:07.147 WebDriverAgentRunner-Runner[1324:114132] Creating future for 'registering for AXNotification 3031' with timeout 65.00
22:50:07.147 WebDriverAgentRunner-Runner[1324:114132] <XCTWaiter: 0x1103ecb70> entering wait loop for 65.00s with expectations: `registering for AXNotification 3031`
22:50:07.147 WebDriverAgentRunner-Runner[1324:114132] Returning result XCTWaiterResultCompleted for synchronous waiter <XCTWaiter: 0x1103ecb70>
22:50:07.147 WebDriverAgentRunner-Runner[1324:114132] Wait <XCTWaiterWait: 0x1103df980> completed after 0.001s
22:50:07.148 WebDriverAgentRunner-Runner[1324:114132] cleaning up registering for AXNotification 3031
22:50:07.148 WebDriverAgentRunner-Runner[1324:114132] Creating future for 'requesting background assertion for test process' with timeout 30.00
22:50:07.148 WebDriverAgentRunner-Runner[1324:114132] <XCTWaiter: 0x1103ecdb0> entering wait loop for 30.00s with expectations: `requesting background assertion for test process`
22:50:07.148 WebDriverAgentRunner-Runner[1324:114152] Got reply for background assertion for 1324, acquired: YES.
22:50:07.149 WebDriverAgentRunner-Runner[1324:114132] Returning result XCTWaiterResultCompleted for synchronous waiter <XCTWaiter: 0x1103ecdb0>
22:50:07.149 WebDriverAgentRunner-Runner[1324:114132] Wait <XCTWaiterWait: 0x1103df840> completed after 0.001s
22:50:07.149 WebDriverAgentRunner-Runner[1324:114132] cleaning up requesting background assertion for test process
22:50:07.149 WebDriverAgentRunner-Runner[1324:114132] Test runner is already executing in the background.
22:50:07.149 WebDriverAgentRunner-Runner[1324:114132] Done initializing for UI testing.
22:50:07.150 WebDriverAgentRunner-Runner[1324:114132] Loading test suite...
22:50:07.442 WebDriverAgentRunner-Runner[1324:114154] Handling AXNotification 3031
22:50:08.900 WebDriverAgentRunner-Runner[1324:114132] Finished loading test suite, took 1.750s
22:50:08.900 WebDriverAgentRunner-Runner[1324:114132] <XCTWaiter: 0x110051890> entering wait loop for 597.13s with expectations: `preparing execution worker`
{"time":"2026-07-19T22:50:08.656949+07:00","level":"INFO","msg":"device called local method","module":"go-ios/testmanagerd","id":"","sel":"_XCT_didFormPlanWithData:"}
22:50:08.924 WebDriverAgentRunner-Runner[1324:114132] Returning result XCTWaiterResultCompleted for synchronous waiter <XCTWaiter: 0x110051890>
22:50:08.924 WebDriverAgentRunner-Runner[1324:114132] Wait <XCTWaiterWait: 0x110055e80> completed after 0.024s
22:50:08.924 WebDriverAgentRunner-Runner[1324:114132] cleaning up preparing execution worker
22:50:08.924 WebDriverAgentRunner-Runner[1324:114132] Entering test execution event loop
22:50:08.924 WebDriverAgentRunner-Runner[1324:114132] Setting a new interop record handler: Optional(XCTestCore.XCTestInteropRecordHandler())
22:50:08.924 WebDriverAgentRunner-Runner[1324:114132] -[XCTRunnerIDESession(_XCTestObservationInternal) testBundleWillStart:]
22:50:08.925 WebDriverAgentRunner-Runner[1324:114132] Running suite...
22:50:08.925 WebDriverAgentRunner-Runner[1324:114132] -[XCTRunnerIDESession(_XCTestObservationInternal) testSuiteWillStart:]
22:50:08.925 WebDriverAgentRunner-Runner[1324:114132] -[XCTRunnerIDESession(_XCTestObservationInternal) testSuiteWillStart:]
22:50:08.925 WebDriverAgentRunner-Runner[1324:114132] -[XCTRunnerIDESession(_XCTestObservationInternal) testSuiteWillStart:]
Test Suite 'All tests' started at 2026-07-19 22:50:08.925.
XCTestOutputBarrier22:50:08.926 WebDriverAgentRunner-Runner[1324:114132] <XCTContext: 0x110d44780> started activity <XCActivityRecord: 0x110d5f020> 2026-07-19 15:50:08 +0000: Suite Set Up(Not reporting due to no test case running)
Test Suite 'WebDriverAgentRunner.xctest' started at 2026-07-19 22:50:08.925.
XCTestOutputBarrierTest Suite 'UITestingUITests' started at 2026-07-19 22:50:08.925.
XCTestOutputBarrier    t =      nans Suite Set Up
22:50:09.084 WebDriverAgentRunner-Runner[1324:114132] <XCTContext: 0x110d44780> finished activity <XCActivityRecord: 0x110d5f020> 2026-07-19 15:50:08 +0000: Suite Set Up (0.158666s)(Not reporting due to no test case running)
22:50:09.085 WebDriverAgentRunner-Runner[1324:114132] -[XCTRuntimeIssueDetectionManager runtimeIssueDetectionEnabled] runtimeIssueDetectionEnabled based on XCTDisableRuntimeIssues and runtime diagnostics policies: YES
22:50:09.087 WebDriverAgentRunner-Runner[1324:114132] -[XCTRunnerIDESession(_XCTestObservationInternal) testCaseWillStart:] UITestingUITests testRunner
Test Case '-[UITestingUITests testRunner]' started.
XCTestOutputBarrier22:50:09.088 WebDriverAgentRunner-Runner[1324:114132] <XCTContext: 0x11158c410> started activity <XCActivityRecord: 0x110d5f020> 2026-07-19 15:50:09 +0000: Start Test at 2026-07-19 22:50:09.088
22:50:09.088 WebDriverAgentRunner-Runner[1324:114132] Creating future for 'requesting to start screen recording' with timeout 30.00
22:50:09.089 WebDriverAgentRunner-Runner[1324:114132] Failed to start diagnostic screen recording - configuration prefers screenshots.
22:50:09.089 WebDriverAgentRunner-Runner[1324:114132] Error (com.apple.dt.xctest.ui-testing.error) 10005, userInfo keys: (null): Unknown error starting diagnostic screen recording.
22:50:09.089 WebDriverAgentRunner-Runner[1324:114132] <XCTWaiter: 0x1103ef000> entering wait loop for 30.00s with expectations: `requesting to start screen recording`
22:50:09.090 WebDriverAgentRunner-Runner[1324:114132] Returning result XCTWaiterResultCompleted for synchronous waiter <XCTWaiter: 0x1103ef000>
22:50:09.090 WebDriverAgentRunner-Runner[1324:114132] Wait <XCTWaiterWait: 0x110054b80> completed after 0.000s
22:50:09.090 WebDriverAgentRunner-Runner[1324:114132] cleaning up requesting to start screen recording
22:50:09.090 WebDriverAgentRunner-Runner[1324:114132] Creating future for 'getting screen identifiers' with timeout 30.00
22:50:09.090 WebDriverAgentRunner-Runner[1324:114132] <XCTWaiter: 0x1103eedf0> entering wait loop for 30.00s with expectations: `getting screen identifiers`
22:50:09.090 WebDriverAgentRunner-Runner[1324:114132] Returning result XCTWaiterResultCompleted for synchronous waiter <XCTWaiter: 0x1103eedf0>
22:50:09.090 WebDriverAgentRunner-Runner[1324:114132] Wait <XCTWaiterWait: 0x110054c80> completed after 0.000s
22:50:09.090 WebDriverAgentRunner-Runner[1324:114132] cleaning up getting screen identifiers
22:50:09.090 WebDriverAgentRunner-Runner[1324:114132] <XCTContext: 0x11158c410> finished activity <XCActivityRecord: 0x110d5f020> 2026-07-19 15:50:09 +0000: Start Test at 2026-07-19 22:50:09.088 (0.00244308s)
22:50:09.091 WebDriverAgentRunner-Runner[1324:114132] <XCTContext: 0x11158c410> started activity <XCActivityRecord: 0x110d5e5a0> 2026-07-19 15:50:09 +0000: Set Up
22:50:09.092 WebDriverAgentRunner-Runner[1324:114132] <XCTWaiter: 0x1103ed2f0> entering indefinite wait loop for expectations: `failable invocation block completion`
22:50:09.092 WebDriverAgentRunner-Runner[1324:114132] Returning result XCTWaiterResultCompleted for synchronous waiter <XCTWaiter: 0x1103ed2f0>
22:50:09.092 WebDriverAgentRunner-Runner[1324:114132] Wait <XCTWaiterWait: 0x1100573c0> completed after 0.000s
    t =     0.00s Start Test at 2026-07-19 22:50:09.088
    t =     0.01s Set Up
22:50:09.092 WebDriverAgentRunner-Runner[1324:114132] cleaning up failable invocation block completion
22:50:09.092 WebDriverAgentRunner-Runner[1324:114132] <XCTContext: 0x11158c410> finished activity <XCActivityRecord: 0x110d5e5a0> 2026-07-19 15:50:09 +0000: Set Up (0.00104189s)
22:50:09.093 WebDriverAgentRunner-Runner[1324:114132] _assertObjectsInvalidAfterScope
22:50:09.415 WebDriverAgentRunner-Runner[1324:114132] Creating future for 'getting screen identifiers' with timeout 30.00
22:50:09.415 WebDriverAgentRunner-Runner[1324:114132] <XCTWaiter: 0x1116ae0a0> entering wait loop for 30.00s with expectations: `getting screen identifiers`
22:50:09.415 WebDriverAgentRunner-Runner[1324:114132] Returning result XCTWaiterResultCompleted for synchronous waiter <XCTWaiter: 0x1116ae0a0>
22:50:09.415 WebDriverAgentRunner-Runner[1324:114132] Wait <XCTWaiterWait: 0x110057640> completed after 0.000s
22:50:09.415 WebDriverAgentRunner-Runner[1324:114132] cleaning up getting screen identifiers
22:50:35.255 WebDriverAgentRunner-Runner[1324:114132] Creating future for 'fetching attributes 'XC_kAXXCAttributeSystemAppApplication' for Device system-wide element' with timeout 65.00
22:50:35.258 WebDriverAgentRunner-Runner[1324:114132] <XCTWaiter: 0x1116af7e0> entering wait loop for 65.00s with expectations: `fetching attributes 'XC_kAXXCAttributeSystemAppApplication' for Device system-wide element`
22:50:35.262 WebDriverAgentRunner-Runner[1324:114154] Got attribute fetch response with values {
    "XC_kAXXCAttributeSystemAppApplication" = "AX element pid: 174, elementOrHash.elementID: 0.1";
}, error: (null)
22:50:35.263 WebDriverAgentRunner-Runner[1324:114132] Returning result XCTWaiterResultCompleted for synchronous waiter <XCTWaiter: 0x1116af7e0>
22:50:35.264 WebDriverAgentRunner-Runner[1324:114132] Wait <XCTWaiterWait: 0x110057ac0> completed after 0.006s
22:50:35.265 WebDriverAgentRunner-Runner[1324:114132] cleaning up fetching attributes 'XC_kAXXCAttributeSystemAppApplication' for Device system-wide element
22:50:35.266 WebDriverAgentRunner-Runner[1324:114132] Creating future for 'fetching attributes 'XC_kAXXCAttributeFocusedApplications' for AX element pid: 174, elementOrHash.elementID: 0.1' with timeout 65.00
22:50:35.268 WebDriverAgentRunner-Runner[1324:114132] <XCTWaiter: 0x1116afa50> entering wait loop for 65.00s with expectations: `fetching attributes 'XC_kAXXCAttributeFocusedApplications' for AX element pid: 174, elementOrHash.elementID: 0.1`
22:50:35.272 WebDriverAgentRunner-Runner[1324:114155] Got attribute fetch response with values {
    "XC_kAXXCAttributeFocusedApplications" =     (
        "AX element pid: 303, elementOrHash.elementID: 0.1",
        "AX element pid: 174, elementOrHash.elementID: 0.1"
    );
}, error: (null)
22:50:35.273 WebDriverAgentRunner-Runner[1324:114132] Returning result XCTWaiterResultCompleted for synchronous waiter <XCTWaiter: 0x1116afa50>
22:50:35.273 WebDriverAgentRunner-Runner[1324:114132] Wait <XCTWaiterWait: 0x110057b80> completed after 0.006s
22:50:35.274 WebDriverAgentRunner-Runner[1324:114132] cleaning up fetching attributes 'XC_kAXXCAttributeFocusedApplications' for AX element pid: 174, elementOrHash.elementID: 0.1
22:50:35.275 WebDriverAgentRunner-Runner[1324:114132] Active application elements: (
    "AX element pid: 303, elementOrHash.elementID: 0.1",
    "AX element pid: 174, elementOrHash.elementID: 0.1"
)
22:50:35.306 WebDriverAgentRunner-Runner[1324:114132] Creating future for 'looking up application specifier for pid 174' with timeout 30.00
22:50:35.306 WebDriverAgentRunner-Runner[1324:114132] Requesting application specifier for pid 174
22:50:35.307 WebDriverAgentRunner-Runner[1324:114132] <XCTWaiter: 0x1116afcc0> entering wait loop for 30.00s with expectations: `looking up application specifier for pid 174`
22:50:35.309 WebDriverAgentRunner-Runner[1324:114132] Returning result XCTWaiterResultCompleted for synchronous waiter <XCTWaiter: 0x1116afcc0>
22:50:35.310 WebDriverAgentRunner-Runner[1324:114132] Wait <XCTWaiterWait: 0x110057240> completed after 0.003s
22:50:35.310 WebDriverAgentRunner-Runner[1324:114132] cleaning up looking up application specifier for pid 174
22:50:35.311 WebDriverAgentRunner-Runner[1324:114132] App specifier for pid 174: <XCUIApplicationSpecifier: 0x110d59660> { com.apple.springboard }
22:50:35.311 WebDriverAgentRunner-Runner[1324:114132] Error (com.apple.dt.xctest.ui-testing.error) 10100, userInfo keys: (null): Unknown application: 'com.apple.springboard'
22:50:35.312 WebDriverAgentRunner-Runner[1324:114132] Error (com.apple.dt.xctest.ui-testing.error) 10100, userInfo keys: (null): Unknown application: 'com.apple.springboard'
22:50:35.313 WebDriverAgentRunner-Runner[1324:114132] XCUIApplicationImplDepot: Creating XCUIApplicationImpl for identifier: com.apple.springboard
22:50:35.315 WebDriverAgentRunner-Runner[1324:114132] updating com.apple.springboard crashBehavior to 1
22:50:35.317 WebDriverAgentRunner-Runner[1324:114132] KVO change: checked status of Expect value of 'isApplicationStateKnown' of Application 'com.apple.springboard' to be '1': fulfill=NO
22:50:35.320 WebDriverAgentRunner-Runner[1324:114157] -[XCTRunnerDaemonSession(XCTMessagingRole_UIApplicationStateUpdating) _XCT_applicationDidUpdateState:] com.apple.springboard@/System/Library/CoreServices/SpringBoard.app processName: SpringBoard pid: 174 state: running foreground
22:50:35.321 WebDriverAgentRunner-Runner[1324:114157] -[XCTRunnerDaemonSession(XCTMessagingRole_UIApplicationStateUpdating) _XCT_applicationDidUpdateState:] com.apple.springboard@/System/Library/CoreServices/SpringBoard.app processName: SpringBoard pid: 174 state: running foreground
22:50:35.323 WebDriverAgentRunner-Runner[1324:114132] KVO change: checked status of Expect value of 'isApplicationStateKnown' of Application 'com.apple.springboard' to be '1': fulfill=NO
22:50:35.323 WebDriverAgentRunner-Runner[1324:114132] <XCTWaiter: 0x11175c4b0> entering wait loop for 60.00s with expectations: `Expect value of 'isApplicationStateKnown' of Application 'com.apple.springboard' to be '1'`
22:50:35.324 WebDriverAgentRunner-Runner[1324:114132] [AM:0] Processing state snapshot com.apple.springboard@/System/Library/CoreServices/SpringBoard.app processName: SpringBoard pid: 174 state: running foreground
22:50:35.325 WebDriverAgentRunner-Runner[1324:114132] <XCUIApplicationImpl: 0x1103dc0c0 com.apple.springboard> changing currentProcess from (null) to com.apple.springboard (pid:0)
22:50:35.326 WebDriverAgentRunner-Runner[1324:114132] KVO change: checked status of Expect value of 'isApplicationStateKnown' of Application 'com.apple.springboard' to be '1': fulfill=NO
22:50:35.326 WebDriverAgentRunner-Runner[1324:114132] Setting pid for 0x110c1af80 0 -> 174
22:50:35.326 WebDriverAgentRunner-Runner[1324:114132] Done setting pid for <XCUIApplicationImpl: 0x1103dc0c0 com.apple.springboard> to 174
22:50:35.326 WebDriverAgentRunner-Runner[1324:114157] com.apple.springboard (pid:0) pid 0 -> 174
22:50:35.327 WebDriverAgentRunner-Runner[1324:114155] -[XCTRunnerDaemonSession(XCTMessagingRole_UIApplicationStateUpdating) _XCT_applicationDidUpdateState:] com.apple.springboard@/System/Library/CoreServices/SpringBoard.app processName: SpringBoard pid: 174 state: running foreground
22:50:35.327 WebDriverAgentRunner-Runner[1324:114157] com.apple.springboard (pid:0) checking for cached AX loaded value using pid 174
22:50:35.327 WebDriverAgentRunner-Runner[1324:114433] Monitor: set com.apple.springboard (pid:174) for pid 174
22:50:35.327 WebDriverAgentRunner-Runner[1324:114154] com.apple.springboard (pid:174) application state Unknown (0) -> Running Foreground (4)
22:50:35.328 WebDriverAgentRunner-Runner[1324:114132] KVO change: checked status of Expect value of 'isApplicationStateKnown' of Application 'com.apple.springboard' to be '1': fulfill=YES
22:50:35.329 WebDriverAgentRunner-Runner[1324:114132] KVO change: checked status of Expect value of 'isApplicationStateKnown' of Application 'com.apple.springboard' to be '1': fulfill=YES
22:50:35.329 WebDriverAgentRunner-Runner[1324:114132] App state updated for <XCUIApplicationImpl: 0x1103dc0c0 com.apple.springboard>: Running Foreground (4)
22:50:35.329 WebDriverAgentRunner-Runner[1324:114132] KVO change: checked status of Expect value of 'isApplicationStateKnown' of Application 'com.apple.springboard' to be '1': fulfill=YES
22:50:35.330 WebDriverAgentRunner-Runner[1324:114132] [AM:0] Processing state snapshot com.apple.springboard@/System/Library/CoreServices/SpringBoard.app processName: SpringBoard pid: 174 state: running foreground
22:50:35.330 WebDriverAgentRunner-Runner[1324:114132] Done setting pid for <XCUIApplicationImpl: 0x1103dc0c0 com.apple.springboard> to 174
22:50:35.330 WebDriverAgentRunner-Runner[1324:114132] KVO change: checked status of Expect value of 'isApplicationStateKnown' of Application 'com.apple.springboard' to be '1': fulfill=YES
22:50:35.331 WebDriverAgentRunner-Runner[1324:114132] KVO change: checked status of Expect value of 'isApplicationStateKnown' of Application 'com.apple.springboard' to be '1': fulfill=YES
22:50:35.331 WebDriverAgentRunner-Runner[1324:114132] App state updated for <XCUIApplicationImpl: 0x1103dc0c0 com.apple.springboard>: Running Foreground (4)
22:50:35.332 WebDriverAgentRunner-Runner[1324:114132] KVO change: checked status of Expect value of 'isApplicationStateKnown' of Application 'com.apple.springboard' to be '1': fulfill=YES
22:50:35.332 WebDriverAgentRunner-Runner[1324:114132] [AM:0] Processing state snapshot com.apple.springboard@/System/Library/CoreServices/SpringBoard.app processName: SpringBoard pid: 174 state: running foreground
22:50:35.332 WebDriverAgentRunner-Runner[1324:114132] Done setting pid for <XCUIApplicationImpl: 0x1103dc0c0 com.apple.springboard> to 174
22:50:35.333 WebDriverAgentRunner-Runner[1324:114132] KVO change: checked status of Expect value of 'isApplicationStateKnown' of Application 'com.apple.springboard' to be '1': fulfill=YES
22:50:35.333 WebDriverAgentRunner-Runner[1324:114132] KVO change: checked status of Expect value of 'isApplicationStateKnown' of Application 'com.apple.springboard' to be '1': fulfill=YES
22:50:35.334 WebDriverAgentRunner-Runner[1324:114132] App state updated for <XCUIApplicationImpl: 0x1103dc0c0 com.apple.springboard>: Running Foreground (4)
22:50:35.334 WebDriverAgentRunner-Runner[1324:114132] KVO change: checked status of Expect value of 'isApplicationStateKnown' of Application 'com.apple.springboard' to be '1': fulfill=YES
22:50:35.334 WebDriverAgentRunner-Runner[1324:114132] Returning result XCTWaiterResultCompleted for synchronous waiter <XCTWaiter: 0x11175c4b0>
22:50:35.335 WebDriverAgentRunner-Runner[1324:114132] Wait <XCTWaiterWait: 0x1103dc240> completed after 0.011s
22:50:35.335 WebDriverAgentRunner-Runner[1324:114132] cleaning up Expect value of 'isApplicationStateKnown' of Application 'com.apple.springboard' to be '1'
22:50:35.335 WebDriverAgentRunner-Runner[1324:114132] cleaning up Expect value of 'isApplicationStateKnown' of Application 'com.apple.springboard' to be '1'
22:50:35.336 WebDriverAgentRunner-Runner[1324:114132] Creating future for 'getting interface orientation' with timeout 65.00
22:50:35.337 WebDriverAgentRunner-Runner[1324:114132] <XCTWaiter: 0x11175c300> entering wait loop for 65.00s with expectations: `getting interface orientation`
22:50:35.337 WebDriverAgentRunner-Runner[1324:114132] Returning result XCTWaiterResultCompleted for synchronous waiter <XCTWaiter: 0x11175c300>
22:50:35.338 WebDriverAgentRunner-Runner[1324:114132] Wait <XCTWaiterWait: 0x1103dc2c0> completed after 0.001s
22:50:35.338 WebDriverAgentRunner-Runner[1324:114132] cleaning up getting interface orientation
22:50:35.339 WebDriverAgentRunner-Runner[1324:114132] Creating future for 'fetching attributes 'XC_kAXXCAttributeSystemAppApplication' for Device system-wide element' with timeout 65.00
22:50:35.340 WebDriverAgentRunner-Runner[1324:114132] <XCTWaiter: 0x11175c0c0> entering wait loop for 65.00s with expectations: `fetching attributes 'XC_kAXXCAttributeSystemAppApplication' for Device system-wide element`
22:50:35.341 WebDriverAgentRunner-Runner[1324:114433] Got attribute fetch response with values {
    "XC_kAXXCAttributeSystemAppApplication" = "AX element pid: 174, elementOrHash.elementID: 0.1";
}, error: (null)
22:50:35.341 WebDriverAgentRunner-Runner[1324:114132] Returning result XCTWaiterResultCompleted for synchronous waiter <XCTWaiter: 0x11175c0c0>
22:50:35.342 WebDriverAgentRunner-Runner[1324:114132] Wait <XCTWaiterWait: 0x1103dc140> completed after 0.002s
22:50:35.342 WebDriverAgentRunner-Runner[1324:114132] cleaning up fetching attributes 'XC_kAXXCAttributeSystemAppApplication' for Device system-wide element
22:50:35.343 WebDriverAgentRunner-Runner[1324:114132] <XCTContext: 0x1101c8ff0> started activity <XCActivityRecord: 0x110d5ddc0> 2026-07-19 15:50:35 +0000: Get all elements bound by index for: Descendants matching type StatusBar
    t =    26.26s Get all elements bound by index for: Descendants matching type StatusBar
22:50:35.344 WebDriverAgentRunner-Runner[1324:114132] Creating future for 'getting screen identifiers' with timeout 30.00
22:50:35.344 WebDriverAgentRunner-Runner[1324:114132] <XCTWaiter: 0x11175c750> entering wait loop for 30.00s with expectations: `getting screen identifiers`
22:50:35.344 WebDriverAgentRunner-Runner[1324:114132] Returning result XCTWaiterResultCompleted for synchronous waiter <XCTWaiter: 0x11175c750>
22:50:35.344 WebDriverAgentRunner-Runner[1324:114132] Wait <XCTWaiterWait: 0x1103dc200> completed after 0.000s
22:50:35.344 WebDriverAgentRunner-Runner[1324:114132] cleaning up getting screen identifiers
22:50:35.345 WebDriverAgentRunner-Runner[1324:114132] Executing query:
↪︎ Descendants matching type StatusBar
22:50:35.345 WebDriverAgentRunner-Runner[1324:114132] Creating future for 'getting unsupported bundle IDs for automation sessions' with timeout 30.00
22:50:35.345 WebDriverAgentRunner-Runner[1324:114132] Requesting unsupported bundle IDs for automation sessions
22:50:35.346 WebDriverAgentRunner-Runner[1324:114132] <XCTWaiter: 0x11175cc60> entering wait loop for 30.00s with expectations: `getting unsupported bundle IDs for automation sessions`
22:50:35.346 WebDriverAgentRunner-Runner[1324:114132] Returning result XCTWaiterResultCompleted for synchronous waiter <XCTWaiter: 0x11175cc60>
22:50:35.346 WebDriverAgentRunner-Runner[1324:114132] Wait <XCTWaiterWait: 0x1103dc480> completed after 0.001s
22:50:35.346 WebDriverAgentRunner-Runner[1324:114132] cleaning up getting unsupported bundle IDs for automation sessions
22:50:35.347 WebDriverAgentRunner-Runner[1324:114132] Creating future for 'requesting automation session for com.apple.springboard (pid:174)' with timeout 60.00
22:50:35.347 WebDriverAgentRunner-Runner[1324:114132] Requesting automation session for pid 174, automation framework path: /System/Developer/Library/PrivateFrameworks/XCTAutomationSupport.framework
22:50:35.347 WebDriverAgentRunner-Runner[1324:114132] <XCTWaiter: 0x11175cea0> entering wait loop for 60.00s with expectations: `requesting automation session for com.apple.springboard (pid:174)`
22:50:35.348 WebDriverAgentRunner-Runner[1324:114154] Got endpoint for automation session with pid 174
22:50:35.349 WebDriverAgentRunner-Runner[1324:114154] Exchanging capabilities for automation session connection to pid 174
22:50:35.351 WebDriverAgentRunner-Runner[1324:114433] Got remote interface capabilities for automation session connection to pid 174: <XCTCapabilities: 0x11021cf00>: {
    "accept remote connection capability" = 1;
    "containing transformer capability" = 1;
    "disclosed child rows transformer capability" = 2;
    "element sorting transformer capability" = 1;
    "evaluate query capability" = 1;
    "fetch element attributes capability" = 2;
    "indexing transformer capability" = 4;
    "main thread checker runtime issues" = 1;
    "malloc stack logging" = 1;
    "notify animations idle capability" = 1;
    "notify main run loop idle capability" = 1;
    "query runtime issue reporting" = 1;
    "query runtime issue reporting/automation type mismatch" = 1;
    "system provides kAXXCAttributeBannerIsStickyAttribute" = 1;
}
22:50:35.351 WebDriverAgentRunner-Runner[1324:114132] Returning result XCTWaiterResultCompleted for synchronous waiter <XCTWaiter: 0x11175cea0>
22:50:35.351 WebDriverAgentRunner-Runner[1324:114132] Wait <XCTWaiterWait: 0x1103dc640> completed after 0.004s
22:50:35.352 WebDriverAgentRunner-Runner[1324:114132] cleaning up requesting automation session for com.apple.springboard (pid:174)
22:50:35.352 WebDriverAgentRunner-Runner[1324:114132] Creating future for 'checking for continuity enablement' with timeout 30.00
22:50:35.352 WebDriverAgentRunner-Runner[1324:114132] <XCTWaiter: 0x11175d380> entering wait loop for 30.00s with expectations: `checking for continuity enablement`
22:50:35.353 WebDriverAgentRunner-Runner[1324:114132] Returning result XCTWaiterResultCompleted for synchronous waiter <XCTWaiter: 0x11175d380>
22:50:35.354 WebDriverAgentRunner-Runner[1324:114132] Wait <XCTWaiterWait: 0x1103dc800> completed after 0.002s
22:50:35.354 WebDriverAgentRunner-Runner[1324:114132] cleaning up checking for continuity enablement
22:50:35.355 WebDriverAgentRunner-Runner[1324:114132] Should evaluate query remotely? XCTDisableRemoteQueryEvaluation(d-write): YES, hasAutomationSession: YES, supportsRemoteEvaluation: YES
22:50:35.355 WebDriverAgentRunner-Runner[1324:114132] Getting matching snapshots for locally evaluated query
22:50:35.355 WebDriverAgentRunner-Runner[1324:114132] Evaluating query:
 ↪︎ Descendants matching type StatusBar
22:50:35.355 WebDriverAgentRunner-Runner[1324:114132] Getting root element snapshot
22:50:35.356 WebDriverAgentRunner-Runner[1324:114132] Getting snapshot for App element pid: 174 for query ↪︎ Descendants matching type StatusBar
22:50:35.356 WebDriverAgentRunner-Runner[1324:114132] <XCTContext: 0x1101c8ff0> started activity <XCActivityRecord: 0x110d5d180> 2026-07-19 15:50:35 +0000: Requesting snapshot of accessibility hierarchy for app with pid 174
    t =    26.27s     Requesting snapshot of accessibility hierarchy for app with pid 174
22:50:35.357 WebDriverAgentRunner-Runner[1324:114132] Query requires iOS snapshot attributes XC_kAXXCAttributeElementType, XC_kAXXCAttributeElementBaseType, XC_kAXXCAttributeAutomationType, XC_kAXXCAttributeTraits.
22:50:35.357 WebDriverAgentRunner-Runner[1324:114132] XCUIElementQuery <XCTElementSnapshotProvider> getting snapshot
22:50:35.357 WebDriverAgentRunner-Runner[1324:114132] Snapshot request has custom attributes XC_kAXXCAttributeElementType, XC_kAXXCAttributeElementBaseType, XC_kAXXCAttributeAutomationType, XC_kAXXCAttributeTraits
22:50:35.357 WebDriverAgentRunner-Runner[1324:114132] Snapshot request has custom parameters {
    snapshotKeyHonorModalViews = 0;
}
22:50:35.358 WebDriverAgentRunner-Runner[1324:114132] Current snapshot generation is 0
22:50:35.358 WebDriverAgentRunner-Runner[1324:114132] Capturing a new snapshot
22:50:35.360 WebDriverAgentRunner-Runner[1324:114132] Fetching snapshot for App element pid: 174 from testmanagerd with attributes XC_kAXXCAttributeElementType, XC_kAXXCAttributeElementBaseType, XC_kAXXCAttributeParent, XC_kAXXCAttributeIdentifier, XC_kAXXCAttributeAutomationType, XC_kAXXCAttributeTraits and parameters {
    maxArrayCount = 2147483647;
    maxChildren = 2147483647;
    maxDepth = 50;
    snapshotKeyHonorModalViews = 0;
    traverseFromParentsToChildren = 1;
}.
22:50:35.360 WebDriverAgentRunner-Runner[1324:114132] Creating future for 'fetching snapshot from testmanagerd.' with timeout 65.00
22:50:35.360 WebDriverAgentRunner-Runner[1324:114132] <XCTWaiter: 0x11175dc50> entering wait loop for 65.00s with expectations: `fetching snapshot from testmanagerd.`
22:50:35.644 WebDriverAgentRunner-Runner[1324:114154] Got snapshot response with runtime issue support from testmanagerd.
22:50:35.644 WebDriverAgentRunner-Runner[1324:114132] Returning result XCTWaiterResultCompleted for synchronous waiter <XCTWaiter: 0x11175dc50>
22:50:35.644 WebDriverAgentRunner-Runner[1324:114132] Wait <XCTWaiterWait: 0x1103dcbc0> completed after 0.284s
22:50:35.644 WebDriverAgentRunner-Runner[1324:114132] cleaning up fetching snapshot from testmanagerd.
22:50:35.645 WebDriverAgentRunner-Runner[1324:114132] <XCTContext: 0x1101c8ff0> finished activity <XCActivityRecord: 0x110d5d180> 2026-07-19 15:50:35 +0000: Requesting snapshot of accessibility hierarchy for app with pid 174 (0.288789s)
22:50:35.645 WebDriverAgentRunner-Runner[1324:114132] XCTPerformOnMainRunLoop[MT]: already on MT; performing block without run loop dispatch - timeouts will not be enforced.
22:50:35.645 WebDriverAgentRunner-Runner[1324:114132] XCTElementQuery: set data source for rootElementSnapshot to (null)
22:50:35.645 WebDriverAgentRunner-Runner[1324:114132] Finding all matches with input Application, pid: 174 using transformers 
↪︎ Descendants matching type StatusBar
22:50:35.645 WebDriverAgentRunner-Runner[1324:114132] <XCTContext: 0x1101c8ff0> started activity <XCActivityRecord: 0x110d5d180> 2026-07-19 15:50:35 +0000: Find: Descendants matching type StatusBar
    t =    26.56s     Find: Descendants matching type StatusBar
22:50:35.648 WebDriverAgentRunner-Runner[1324:114132] <XCTContext: 0x1101c8ff0> finished activity <XCActivityRecord: 0x110d5d180> 2026-07-19 15:50:35 +0000: Find: Descendants matching type StatusBar (0.00274301s)
22:50:35.648 WebDriverAgentRunner-Runner[1324:114132] [Match All] applied transformer `Descendants matching type StatusBar` to input {(
    Application, pid: 174
)}, found {(
    StatusBar
)}
22:50:35.648 WebDriverAgentRunner-Runner[1324:114132] [Match All] setting out related elements {(
)}
22:50:35.654 WebDriverAgentRunner-Runner[1324:114132] Current tree:
Application, 0x111778000, pid: 174 <App element pid: 174>
  Window, 0x111778140 <AX element pid: 174, elementOrHash.elementID: 36032084992.10>
    Other, 0x111778280 <AX element pid: 174, elementOrHash.elementID: 35948119808.19>
      Other, 0x1117783c0 <AX element pid: 174, elementOrHash.elementID: 35948120256.30>
        Image, 0x111778500 <AX element pid: 174, elementOrHash.elementID: 36036531200.42>
        Image, 0x111778640 <AX element pid: 174, elementOrHash.elementID: 36036531712.43>
      Other, 0x111778780 <AX element pid: 174, elementOrHash.elementID: 35948119360.31>
        Other, 0x1117788c0 <AX element pid: 174, elementOrHash.elementID: 35948131904.44>
          Other, 0x111778a00 <AX element pid: 174, elementOrHash.elementID: 35941697024.53>
            Other, 0x111778b40 <AX element pid: 174, elementOrHash.elementID: 35948131456.62>
              Other, 0x111778c80 <AX element pid: 174, elementOrHash.elementID: 35948131008.97>
            Icon, 0x111778dc0 <AX element pid: 174, elementOrHash.elementID: 36035587328.63>
              Icon, 0x111778f00 <AX element pid: 174, elementOrHash.elementID: 36035839104.98>
              Icon, 0x111779040 <AX element pid: 174, elementOrHash.elementID: 36035839296.99>
              Icon, 0x111779180 <AX element pid: 174, elementOrHash.elementID: 36035839488.100>
              Icon, 0x1117792c0 <AX element pid: 174, elementOrHash.elementID: 36035839872.101>
              Icon, 0x111779400 <AX element pid: 174, elementOrHash.elementID: 36035840064.102>
              Icon, 0x111779540 <AX element pid: 174, elementOrHash.elementID: 36024175808.103>
              Icon, 0x111779680 <AX element pid: 174, elementOrHash.elementID: 36023792960.104>
              Icon, 0x1117797c0 <AX element pid: 174, elementOrHash.elementID: 36024840576.105>
              Icon, 0x111779900 <AX element pid: 174, elementOrHash.elementID: 36024206656.106>
              Icon, 0x111779a40 <AX element pid: 174, elementOrHash.elementID: 36023793344.107>
              Icon, 0x111779b80 <AX element pid: 174, elementOrHash.elementID: 36024183296.108>
              Icon, 0x111779cc0 <AX element pid: 174, elementOrHash.elementID: 36024259456.109>
              Icon, 0x111779e00 <AX element pid: 174, elementOrHash.elementID: 36024838464.110>
              Icon, 0x111779f40 <AX element pid: 174, elementOrHash.elementID: 36024596928.111>
              Icon, 0x11177a080 <AX element pid: 174, elementOrHash.elementID: 36024207040.112>
              Icon, 0x11177a1c0 <AX element pid: 174, elementOrHash.elementID: 36024209536.113>
              Icon, 0x11177a300 <AX element pid: 174, elementOrHash.elementID: 36024186176.114>
            Icon, 0x11177a440 <AX element pid: 174, elementOrHash.elementID: 36035588864.64>
              Icon, 0x11177a580 <AX element pid: 174, elementOrHash.elementID: 35904843776.1376>
                Other, 0x11177a6c0 <AX element pid: 174, elementOrHash.elementID: 35889589184.1392>
                  Other, 0x11177a800 <AX element pid: 174, elementOrHash.elementID: 35889590080.1413>
                    Other, 0x11177a940 <AX element pid: 174, elementOrHash.elementID: 36042307072.1621>
                      Other, 0x11177aa80 <AX element pid: 174, elementOrHash.elementID: 35875789696.2048>
                  Other, 0x11177abc0 <AX element pid: 174, elementOrHash.elementID: 35888248576.1414>
                    Other, 0x11177ad00 <AX element pid: 174, elementOrHash.elementID: 35889591872.1439>
                      Image, 0x11177ae40 <AX element pid: 174, elementOrHash.elementID: 36055018496.1472>
                      Image, 0x11177af80 <AX element pid: 174, elementOrHash.elementID: 36055013376.1473>
              Icon, 0x11177b0c0 <AX element pid: 174, elementOrHash.elementID: 35943727104.116>
                Other, 0x11177b200 <AX element pid: 174, elementOrHash.elementID: 35943609472.158>
                  Other, 0x11177b340 <AX element pid: 174, elementOrHash.elementID: 35923107712.197>
                    Other, 0x11177b480 <AX element pid: 174, elementOrHash.elementID: 35889717376.1637>
                      Other, 0x11177b5c0 <AX element pid: 174, elementOrHash.elementID: 35875796736.2049>
                  Other, 0x11177b700 <AX element pid: 174, elementOrHash.elementID: 35904820864.198>
                    Other, 0x11177b840 <AX element pid: 174, elementOrHash.elementID: 35923099648.265>
                      Image, 0x11177b980 <AX element pid: 174, elementOrHash.elementID: 36044152320.334>
                      Image, 0x11177bac0 <AX element pid: 174, elementOrHash.elementID: 36044151808.335>
              Icon, 0x11177bc00 <AX element pid: 174, elementOrHash.elementID: 35943579648.129>
                Other, 0x11177bd40 <AX element pid: 174, elementOrHash.elementID: 35943596032.171>
                  Other, 0x11177be80 <AX element pid: 174, elementOrHash.elementID: 35909462080.223>
                    Other, 0x11177c000 <AX element pid: 174, elementOrHash.elementID: 35904822144.264>
                      Other, 0x11177c140 <AX element pid: 174, elementOrHash.elementID: 35875790976.2050>
                  Other, 0x11177c280 <AX element pid: 174, elementOrHash.elementID: 35903662080.224>
                    Other, 0x11177c3c0 <AX element pid: 174, elementOrHash.elementID: 35909456704.291>
                      Image, 0x11177c500 <AX element pid: 174, elementOrHash.elementID: 36045230080.373>
                      Image, 0x11177c640 <AX element pid: 174, elementOrHash.elementID: 36045229568.374>
              Icon, 0x11177c780 <AX element pid: 174, elementOrHash.elementID: 35905393152.1552>
                Other, 0x11177c8c0 <AX element pid: 174, elementOrHash.elementID: 35889623744.1571>
                  Other, 0x11177ca00 <AX element pid: 174, elementOrHash.elementID: 35889624192.1597>
                    Other, 0x11177cb40 <AX element pid: 174, elementOrHash.elementID: 35943798400.306>
                      Other, 0x11177cc80 <AX element pid: 174, elementOrHash.elementID: 35875797376.2051>
                  Other, 0x11177cdc0 <AX element pid: 174, elementOrHash.elementID: 35889769088.1598>
                    Other, 0x11177cf00 <AX element pid: 174, elementOrHash.elementID: 35889624640.1636>
                      Image, 0x11177d040 <AX element pid: 174, elementOrHash.elementID: 36055533056.1687>
                      Image, 0x11177d180 <AX element pid: 174, elementOrHash.elementID: 36055532544.1688>
              Icon, 0x11177d2c0 <AX element pid: 174, elementOrHash.elementID: 35943706624.1143>
                Other, 0x11177d400 <AX element pid: 174, elementOrHash.elementID: 35943608576.1567>
                  Other, 0x11177d540 <AX element pid: 174, elementOrHash.elementID: 35921976768.1589>
                    Other, 0x11177d680 <AX element pid: 174, elementOrHash.elementID: 35887330432.2047>
                      Other, 0x11177d7c0 <AX element pid: 174, elementOrHash.elementID: 35891044480.2052>
                  Other, 0x11177d900 <AX element pid: 174, elementOrHash.elementID: 35903654400.1590>
                    Other, 0x11177da40 <AX element pid: 174, elementOrHash.elementID: 35887731968.1628>
                      Image, 0x11177db80 <AX element pid: 174, elementOrHash.elementID: 36053854208.1672>
                      Image, 0x11177dcc0 <AX element pid: 174, elementOrHash.elementID: 36053856768.1673>
              Icon, 0x11177de00 <AX element pid: 174, elementOrHash.elementID: 35956191232.134>
                Other, 0x11177df40 <AX element pid: 174, elementOrHash.elementID: 35948133248.176>
                  Other, 0x11177e080 <AX element pid: 174, elementOrHash.elementID: 35909465216.233>
                    Other, 0x11177e1c0 <AX element pid: 174, elementOrHash.elementID: 35976178944.300>
                      Other, 0x11177e300 <AX element pid: 174, elementOrHash.elementID: 35887331712.2053>
                  Other, 0x11177e440 <AX element pid: 174, elementOrHash.elementID: 35976173824.234>
                    Other, 0x11177e580 <AX element pid: 174, elementOrHash.elementID: 35909466112.301>
                      Image, 0x11177e6c0 <AX element pid: 174, elementOrHash.elementID: 36039490560.388>
                      Image, 0x11177e800 <AX element pid: 174, elementOrHash.elementID: 36039488512.389>
              Icon, 0x11177e940 <AX element pid: 174, elementOrHash.elementID: 35943679488.1563>
                Other, 0x11177ea80 <AX element pid: 174, elementOrHash.elementID: 35943600960.1582>
                  Other, 0x11177ebc0 <AX element pid: 174, elementOrHash.elementID: 35887739584.1619>
                    Other, 0x11177ed00 <AX element pid: 174, elementOrHash.elementID: 36017871744.288>
                      Other, 0x11177ee40 <AX element pid: 174, elementOrHash.elementID: 35875785856.2054>
                  Other, 0x11177ef80 <AX element pid: 174, elementOrHash.elementID: 35888281984.1620>
                    Other, 0x11177f0c0 <AX element pid: 174, elementOrHash.elementID: 35887734208.1658>
                      Image, 0x11177f200 <AX element pid: 174, elementOrHash.elementID: 36053844480.1724>
                      Image, 0x11177f340 <AX element pid: 174, elementOrHash.elementID: 36053843968.1725>
              Icon, 0x11177f480 <AX element pid: 174, elementOrHash.elementID: 35904517632.1550>
                Other, 0x11177f5c0 <AX element pid: 174, elementOrHash.elementID: 35892693632.1569>
                  Other, 0x11177f700 <AX element pid: 174, elementOrHash.elementID: 35892704384.1593>
                    Other, 0x11177f840 <AX element pid: 174, elementOrHash.elementID: 35887504896.1631>
                      Other, 0x11177f980 <AX element pid: 174, elementOrHash.elementID: 35875790336.2055>
                  Other, 0x11177fac0 <AX element pid: 174, elementOrHash.elementID: 35888235136.1594>
                    Other, 0x11177fc00 <AX element pid: 174, elementOrHash.elementID: 35892692288.1632>
                      Image, 0x11177fd40 <AX element pid: 174, elementOrHash.elementID: 36053856256.1679>
                      Image, 0x11177fe80 <AX element pid: 174, elementOrHash.elementID: 36053851136.1680>
              Icon, 0x111784000 <AX element pid: 174, elementOrHash.elementID: 35905394688.1556>
                Other, 0x111784140 <AX element pid: 174, elementOrHash.elementID: 35889625088.1575>
                  Other, 0x111784280 <AX element pid: 174, elementOrHash.elementID: 35889625536.1605>
                    Other, 0x1117843c0 <AX element pid: 174, elementOrHash.elementID: 35889827584.1643>
                      Other, 0x111784500 <AX element pid: 174, elementOrHash.elementID: 35875795456.2056>
                  Other, 0x111784640 <AX element pid: 174, elementOrHash.elementID: 35889771008.1606>
                    Other, 0x111784780 <AX element pid: 174, elementOrHash.elementID: 35889625984.1644>
                      Image, 0x1117848c0 <AX element pid: 174, elementOrHash.elementID: 36055534080.1702>
                      Image, 0x111784a00 <AX element pid: 174, elementOrHash.elementID: 36055533568.1703>
              Icon, 0x111784b40 <AX element pid: 174, elementOrHash.elementID: 35904840704.1561>
                Other, 0x111784c80 <AX element pid: 174, elementOrHash.elementID: 35889589632.1580>
                  Other, 0x111784dc0 <AX element pid: 174, elementOrHash.elementID: 35889588288.1615>
                    Other, 0x111784f00 <AX element pid: 174, elementOrHash.elementID: 35888230272.1654>
                      Other, 0x111785040 <AX element pid: 174, elementOrHash.elementID: 35875798016.2057>
                  Other, 0x111785180 <AX element pid: 174, elementOrHash.elementID: 35888242816.1616>
                    Other, 0x1117852c0 <AX element pid: 174, elementOrHash.elementID: 35889588736.1655>
                      Image, 0x111785400 <AX element pid: 174, elementOrHash.elementID: 36055023104.1718>
                      Image, 0x111785540 <AX element pid: 174, elementOrHash.elementID: 36055020544.1719>
              Icon, 0x111785680 <AX element pid: 174, elementOrHash.elementID: 35905489920.1560>
                Other, 0x1117857c0 <AX element pid: 174, elementOrHash.elementID: 35887708160.1579>
                  Other, 0x111785900 <AX element pid: 174, elementOrHash.elementID: 35887694272.1613>
                    Other, 0x111785a40 <AX element pid: 174, elementOrHash.elementID: 35893129728.1640>
                      Other, 0x111785b80 <AX element pid: 174, elementOrHash.elementID: 35891051520.2058>
                  Other, 0x111785cc0 <AX element pid: 174, elementOrHash.elementID: 35889714816.1614>
                    Other, 0x111785e00 <AX element pid: 174, elementOrHash.elementID: 35887695168.1653>
                      Image, 0x111785f40 <AX element pid: 174, elementOrHash.elementID: 36055469568.1715>
                      Image, 0x111786080 <AX element pid: 174, elementOrHash.elementID: 36055469056.1716>
              Icon, 0x1117861c0 <AX element pid: 174, elementOrHash.elementID: 35904839168.1377>
                Other, 0x111786300 <AX element pid: 174, elementOrHash.elementID: 35887797504.1393>
                  Other, 0x111786440 <AX element pid: 174, elementOrHash.elementID: 35887807808.1415>
                    Other, 0x111786580 <AX element pid: 174, elementOrHash.elementID: 35889721216.1440>
                      Other, 0x1117866c0 <AX element pid: 174, elementOrHash.elementID: 35887332352.2059>
                  Other, 0x111786800 <AX element pid: 174, elementOrHash.elementID: 35888221952.1416>
                    Other, 0x111786940 <AX element pid: 174, elementOrHash.elementID: 35887797952.1442>
                      Image, 0x111786a80 <AX element pid: 174, elementOrHash.elementID: 36055015424.1476>
                      Image, 0x111786bc0 <AX element pid: 174, elementOrHash.elementID: 36055019520.1477>
              Icon, 0x111786d00 <AX element pid: 174, elementOrHash.elementID: 35943695872.140>
                Other, 0x111786e40 <AX element pid: 174, elementOrHash.elementID: 35943605440.182>
                  Other, 0x111786f80 <AX element pid: 174, elementOrHash.elementID: 35909463872.245>
                    Other, 0x1117870c0 <AX element pid: 174, elementOrHash.elementID: 35976178304.313>
                      Other, 0x111787200 <AX element pid: 174, elementOrHash.elementID: 35875787776.2060>
                  Other, 0x111787340 <AX element pid: 174, elementOrHash.elementID: 35908194688.246>
                    Other, 0x111787480 <AX element pid: 174, elementOrHash.elementID: 35909454912.314>
                      Image, 0x1117875c0 <AX element pid: 174, elementOrHash.elementID: 36039489024.407>
                      Image, 0x111787700 <AX element pid: 174, elementOrHash.elementID: 36039489536.408>
              Icon, 0x111787840 <AX element pid: 174, elementOrHash.elementID: 35905492992.1548>
                Other, 0x111787980 <AX element pid: 174, elementOrHash.elementID: 35889611648.1566>
                  Other, 0x111787ac0 <AX element pid: 174, elementOrHash.elementID: 35889612096.1587>
                    Other, 0x111787c00 <AX element pid: 174, elementOrHash.elementID: 35888216448.1626>
                      Other, 0x111787d40 <AX element pid: 174, elementOrHash.elementID: 35875783296.2061>
                  Other, 0x111787e80 <AX element pid: 174, elementOrHash.elementID: 35889718656.1588>
                    Other, 0x11178c000 <AX element pid: 174, elementOrHash.elementID: 35889612544.1627>
                      Image, 0x11178c140 <AX element pid: 174, elementOrHash.elementID: 36055472128.1667>
                      Image, 0x11178c280 <AX element pid: 174, elementOrHash.elementID: 36055471616.1668>
              Icon, 0x11178c3c0 <AX element pid: 174, elementOrHash.elementID: 35904842240.1562>
                Other, 0x11178c500 <AX element pid: 174, elementOrHash.elementID: 35889590528.1581>
                  Other, 0x11178c640 <AX element pid: 174, elementOrHash.elementID: 35889590976.1617>
                    Other, 0x11178c780 <AX element pid: 174, elementOrHash.elementID: 35888220672.1656>
                      Other, 0x11178c8c0 <AX element pid: 174, elementOrHash.elementID: 35875792256.2062>
                  Other, 0x11178ca00 <AX element pid: 174, elementOrHash.elementID: 35888227712.1618>
                    Other, 0x11178cb40 <AX element pid: 174, elementOrHash.elementID: 35889593664.1657>
                      Image, 0x11178cc80 <AX element pid: 174, elementOrHash.elementID: 36055022592.1721>
                      Image, 0x11178cdc0 <AX element pid: 174, elementOrHash.elementID: 36055012864.1722>
              Icon, 0x11178cf00 <AX element pid: 174, elementOrHash.elementID: 35941709312.1555>
                Other, 0x11178d040 <AX element pid: 174, elementOrHash.elementID: 35942350144.1574>
                  Other, 0x11178d180 <AX element pid: 174, elementOrHash.elementID: 35887740480.1603>
                    Other, 0x11178d2c0 <AX element pid: 174, elementOrHash.elementID: 35903660800.290>
                      Other, 0x11178d400 <AX element pid: 174, elementOrHash.elementID: 35875793536.2063>
                  Other, 0x11178d540 <AX element pid: 174, elementOrHash.elementID: 35888278784.1604>
                    Other, 0x11178d680 <AX element pid: 174, elementOrHash.elementID: 35887736896.1642>
                      Image, 0x11178d7c0 <AX element pid: 174, elementOrHash.elementID: 36052131328.1699>
                      Image, 0x11178d900 <AX element pid: 174, elementOrHash.elementID: 36052126720.1700>
              Icon, 0x11178da40 <AX element pid: 174, elementOrHash.elementID: 35943691776.1546>
                Other, 0x11178db80 <AX element pid: 174, elementOrHash.elementID: 35943604544.1564>
                  Other, 0x11178dcc0 <AX element pid: 174, elementOrHash.elementID: 35957582336.1583>
                    Other, 0x11178de00 <AX element pid: 174, elementOrHash.elementID: 35888280704.1622>
                      Other, 0x11178df40 <AX element pid: 174, elementOrHash.elementID: 35904819584.2064>
                  Other, 0x11178e080 <AX element pid: 174, elementOrHash.elementID: 35888275584.1584>
                    Other, 0x11178e1c0 <AX element pid: 174, elementOrHash.elementID: 36004838272.1623>
                      Image, 0x11178e300 <AX element pid: 174, elementOrHash.elementID: 36052134400.1661>
                      Image, 0x11178e440 <AX element pid: 174, elementOrHash.elementID: 36052130304.1662>
              Icon, 0x11178e580 <AX element pid: 174, elementOrHash.elementID: 35941707776.137>
                Other, 0x11178e6c0 <AX element pid: 174, elementOrHash.elementID: 35942349696.179>
                  Other, 0x11178e800 <AX element pid: 174, elementOrHash.elementID: 35921984384.239>
                    Other, 0x11178e940 <AX element pid: 174, elementOrHash.elementID: 35903663360.302>
                      Other, 0x11178ea80 <AX element pid: 174, elementOrHash.elementID: 35943796480.2065>
                  Other, 0x11178ebc0 <AX element pid: 174, elementOrHash.elementID: 35922153216.240>
                    Other, 0x11178ed00 <AX element pid: 174, elementOrHash.elementID: 35921984832.307>
                      Image, 0x11178ee40 <AX element pid: 174, elementOrHash.elementID: 36039383040.397>
                      Image, 0x11178ef80 <AX element pid: 174, elementOrHash.elementID: 36039382528.398>
              Icon, 0x11178f0c0 <AX element pid: 174, elementOrHash.elementID: 35905494528.1551>
                Other, 0x11178f200 <AX element pid: 174, elementOrHash.elementID: 35889612992.1570>
                  Other, 0x11178f340 <AX element pid: 174, elementOrHash.elementID: 35889613440.1595>
                    Other, 0x11178f480 <AX element pid: 174, elementOrHash.elementID: 35889719296.1633>
                      Other, 0x11178f5c0 <AX element pid: 174, elementOrHash.elementID: 35875786496.2066>
                  Other, 0x11178f700 <AX element pid: 174, elementOrHash.elementID: 35889720576.1596>
                    Other, 0x11178f840 <AX element pid: 174, elementOrHash.elementID: 35889613888.1634>
                      Image, 0x11178f980 <AX element pid: 174, elementOrHash.elementID: 36055473152.1682>
                      Image, 0x11178fac0 <AX element pid: 174, elementOrHash.elementID: 36055472640.1683>
              Icon, 0x11178fc00 <AX element pid: 174, elementOrHash.elementID: 35943581184.1557>
                Other, 0x11178fd40 <AX element pid: 174, elementOrHash.elementID: 35943596480.1576>
                  Other, 0x11178fe80 <AX element pid: 174, elementOrHash.elementID: 35922182144.1607>
                    Other, 0x1117a0000 <AX element pid: 174, elementOrHash.elementID: 35943793280.1645>
                      Other, 0x1117a0140 <AX element pid: 174, elementOrHash.elementID: 35875782656.2067>
                  Other, 0x1117a0280 <AX element pid: 174, elementOrHash.elementID: 35922155776.1608>
                    Other, 0x1117a03c0 <AX element pid: 174, elementOrHash.elementID: 35922182592.1646>
                      Image, 0x1117a0500 <AX element pid: 174, elementOrHash.elementID: 36039388160.1705>
                      Image, 0x1117a0640 <AX element pid: 174, elementOrHash.elementID: 36039387648.1706>
              Icon, 0x1117a0780 <AX element pid: 174, elementOrHash.elementID: 35943677952.1368>
                Other, 0x1117a08c0 <AX element pid: 174, elementOrHash.elementID: 35943600512.1383>
                  Other, 0x1117a0a00 <AX element pid: 174, elementOrHash.elementID: 35921982592.1398>
                    Other, 0x1117a0b40 <AX element pid: 174, elementOrHash.elementID: 35887301888.1431>
                      Other, 0x1117a0c80 <AX element pid: 174, elementOrHash.elementID: 35875794816.2068>
                  Other, 0x1117a0dc0 <AX element pid: 174, elementOrHash.elementID: 35922150656.1740>
                    Other, 0x1117a0f00 <AX element pid: 174, elementOrHash.elementID: 35921983040.1751>
                      Image, 0x1117a1040 <AX element pid: 174, elementOrHash.elementID: 36039377920.1773>
                      Image, 0x1117a1180 <AX element pid: 174, elementOrHash.elementID: 36039377408.1774>
              Icon, 0x1117a12c0 <AX element pid: 174, elementOrHash.elementID: 35905491456.1547>
                Other, 0x1117a1400 <AX element pid: 174, elementOrHash.elementID: 35887693824.1565>
                  Other, 0x1117a1540 <AX element pid: 174, elementOrHash.elementID: 35889610752.1585>
                    Other, 0x1117a1680 <AX element pid: 174, elementOrHash.elementID: 35889715456.1624>
                      Other, 0x1117a17c0 <AX element pid: 174, elementOrHash.elementID: 35875791616.2069>
                  Other, 0x1117a1900 <AX element pid: 174, elementOrHash.elementID: 35889716736.1586>
                    Other, 0x1117a1a40 <AX element pid: 174, elementOrHash.elementID: 35889611200.1625>
                      Image, 0x1117a1b80 <AX element pid: 174, elementOrHash.elementID: 36055470592.1664>
                      Image, 0x1117a1cc0 <AX element pid: 174, elementOrHash.elementID: 36055470080.1665>
              Icon, 0x1117a1e00 <AX element pid: 174, elementOrHash.elementID: 35943708160.135>
                Other, 0x1117a1f40 <AX element pid: 174, elementOrHash.elementID: 35943609024.177>
                  Other, 0x1117a2080 <AX element pid: 174, elementOrHash.elementID: 35909462528.235>
                    Other, 0x1117a21c0 <AX element pid: 174, elementOrHash.elementID: 35889713536.1652>
                      Other, 0x1117a2300 <AX element pid: 174, elementOrHash.elementID: 35941852544.2070>
                  Other, 0x1117a2440 <AX element pid: 174, elementOrHash.elementID: 35903660160.236>
                    Other, 0x1117a2580 <AX element pid: 174, elementOrHash.elementID: 35909461632.303>
                      Image, 0x1117a26c0 <AX element pid: 174, elementOrHash.elementID: 36021239808.391>
                      Image, 0x1117a2800 <AX element pid: 174, elementOrHash.elementID: 36045234176.392>
              Icon, 0x1117a2940 <AX element pid: 174, elementOrHash.elementID: 35943593472.1554>
                Other, 0x1117a2a80 <AX element pid: 174, elementOrHash.elementID: 35943600064.1573>
                  Other, 0x1117a2bc0 <AX element pid: 174, elementOrHash.elementID: 35922183040.1601>
                    Other, 0x1117a2d00 <AX element pid: 174, elementOrHash.elementID: 35889767808.1635>
                      Other, 0x1117a2e40 <AX element pid: 174, elementOrHash.elementID: 35944980608.2071>
                    Other, 0x1117a2f80 <AX element pid: 174, elementOrHash.elementID: 35889825024.1441>
                      Other, 0x1117a30c0 <AX element pid: 174, elementOrHash.elementID: 35889810048.1475>
                        Image, 0x1117a3200 <AX element pid: 174, elementOrHash.elementID: 36055537152.1486>
                  Other, 0x1117a3340 <AX element pid: 174, elementOrHash.elementID: 35922157056.1602>
                    Other, 0x1117a3480 <AX element pid: 174, elementOrHash.elementID: 35922183488.1641>
                      Image, 0x1117a35c0 <AX element pid: 174, elementOrHash.elementID: 36039390720.1696>
                      Image, 0x1117a3700 <AX element pid: 174, elementOrHash.elementID: 36039390208.1697>
              Icon, 0x1117a3840 <AX element pid: 174, elementOrHash.elementID: 35943728640.126>
                Other, 0x1117a3980 <AX element pid: 174, elementOrHash.elementID: 35943609920.168>
                  Other, 0x1117a3ac0 <AX element pid: 174, elementOrHash.elementID: 35921979456.217>
                    Other, 0x1117a3c00 <AX element pid: 174, elementOrHash.elementID: 35943797120.284>
                      Other, 0x1117a3d40 <AX element pid: 174, elementOrHash.elementID: 35875787136.2072>
                  Other, 0x1117a3e80 <AX element pid: 174, elementOrHash.elementID: 35921998976.218>
                    Other, 0x1117ac000 <AX element pid: 174, elementOrHash.elementID: 35921979904.285>
                      Image, 0x1117ac140 <AX element pid: 174, elementOrHash.elementID: 36039288320.364>
                      Image, 0x1117ac280 <AX element pid: 174, elementOrHash.elementID: 36039287808.365>
              Icon, 0x1117ac3c0 <AX element pid: 174, elementOrHash.elementID: 35905396224.1354>
                Other, 0x1117ac500 <AX element pid: 174, elementOrHash.elementID: 35889626432.1385>
                  Other, 0x1117ac640 <AX element pid: 174, elementOrHash.elementID: 35889807360.1400>
                    Other, 0x1117ac780 <AX element pid: 174, elementOrHash.elementID: 35889825664.1749>
                      Other, 0x1117ac8c0 <AX element pid: 174, elementOrHash.elementID: 35875785216.2073>
                  Other, 0x1117aca00 <AX element pid: 174, elementOrHash.elementID: 35889772928.1739>
                    Other, 0x1117acb40 <AX element pid: 174, elementOrHash.elementID: 35889807808.1750>
                      Image, 0x1117acc80 <AX element pid: 174, elementOrHash.elementID: 36055535616.1770>
                      Image, 0x1117acdc0 <AX element pid: 174, elementOrHash.elementID: 36055535104.1771>
              Icon, 0x1117acf00 <AX element pid: 174, elementOrHash.elementID: 35943694336.119>
                Other, 0x1117ad040 <AX element pid: 174, elementOrHash.elementID: 35943604992.161>
                  Other, 0x1117ad180 <AX element pid: 174, elementOrHash.elementID: 35920557184.203>
                    Other, 0x1117ad2c0 <AX element pid: 174, elementOrHash.elementID: 35889771648.1430>
                      Other, 0x1117ad400 <AX element pid: 174, elementOrHash.elementID: 35875796096.2074>
                  Other, 0x1117ad540 <AX element pid: 174, elementOrHash.elementID: 35944979968.204>
                    Other, 0x1117ad680 <AX element pid: 174, elementOrHash.elementID: 35910755968.271>
                      Image, 0x1117ad7c0 <AX element pid: 174, elementOrHash.elementID: 36046516224.343>
                      Image, 0x1117ad900 <AX element pid: 174, elementOrHash.elementID: 36046515712.344>
              Icon, 0x1117ada40 <AX element pid: 174, elementOrHash.elementID: 35904516096.1549>
                Other, 0x1117adb80 <AX element pid: 174, elementOrHash.elementID: 35907066880.1568>
                  Other, 0x1117adcc0 <AX element pid: 174, elementOrHash.elementID: 35891482560.1591>
                    Other, 0x1117ade00 <AX element pid: 174, elementOrHash.elementID: 35889769728.1629>
                      Other, 0x1117adf40 <AX element pid: 174, elementOrHash.elementID: 35875789056.2075>
                  Other, 0x1117ae080 <AX element pid: 174, elementOrHash.elementID: 35887504256.1592>
                    Other, 0x1117ae1c0 <AX element pid: 174, elementOrHash.elementID: 35887807360.1630>
                      Image, 0x1117ae300 <AX element pid: 174, elementOrHash.elementID: 36055015936.1676>
                      Image, 0x1117ae440 <AX element pid: 174, elementOrHash.elementID: 36055014912.1677>
            Icon, 0x1117ae580 <AX element pid: 174, elementOrHash.elementID: 36035589376.65>
              Icon, 0x1117ae6c0 <AX element pid: 174, elementOrHash.elementID: 36023791424.143>
            PageIndicator, 0x1117ae800 <AX element pid: 174, elementOrHash.elementID: 35941843584.66>
        Other, 0x1117ae940 <AX element pid: 174, elementOrHash.elementID: 36034925568.45>
      Other, 0x1117aea80 <AX element pid: 174, elementOrHash.elementID: 36034935808.32>
  Window, 0x1117aebc0 <AX element pid: 174, elementOrHash.elementID: 36032077824.11>
    Other, 0x1117aed00 <AX element pid: 174, elementOrHash.elementID: 35953538624.20>
      Other, 0x1117aee40 <AX element pid: 174, elementOrHash.elementID: 35953538176.33>
  Window, 0x1117aef80 <AX element pid: 174, elementOrHash.elementID: 36018690304.12>
    Other, 0x1117af0c0 <AX element pid: 174, elementOrHash.elementID: 36017882432.21>
      Other, 0x1117af200 <AX element pid: 174, elementOrHash.elementID: 36038462464.34>
        Other, 0x1117af340 <AX element pid: 174, elementOrHash.elementID: 35920632704.46>
          Other, 0x1117af480 <AX element pid: 174, elementOrHash.elementID: 35920548672.54>
            Other, 0x1117af5c0 <AX element pid: 174, elementOrHash.elementID: 35887737344.1088>
            Other, 0x1117af700 <AX element pid: 174, elementOrHash.elementID: 35943852544.1089>
            Other, 0x1117af840 <AX element pid: 174, elementOrHash.elementID: 35920551360.69>
            Other, 0x1117af980 <AX element pid: 174, elementOrHash.elementID: 35920551808.70>
            Other, 0x1117afac0 <AX element pid: 174, elementOrHash.elementID: 35890596928.1361>
            Other, 0x1117afc00 <AX element pid: 174, elementOrHash.elementID: 35887703232.1093>
            Other, 0x1117afd40 <AX element pid: 174, elementOrHash.elementID: 35920553152.73>
            Other, 0x1117afe80 <AX element pid: 174, elementOrHash.elementID: 35920549120.74>
      Other, 0x1117b8000 <AX element pid: 174, elementOrHash.elementID: 36056067584.1084>
        Other, 0x1117b8140 <AX element pid: 174, elementOrHash.elementID: 11494289431044805875.9999>
          Other, 0x1117b8280 <AX element pid: 333, elementOrHash.elementID: 4309013472.4>
            Other, 0x1117b83c0 <AX element pid: 333, elementOrHash.elementID: 4309041312.5>
              Other, 0x1117b8500 <AX element pid: 333, elementOrHash.elementID: 4308983520.6>
                Other, 0x1117b8640 <AX element pid: 333, elementOrHash.elementID: 4309005120.7>
      Other, 0x1117b8780 <AX element pid: 174, elementOrHash.elementID: 36046696960.36>
        Other, 0x1117b88c0 <AX element pid: 174, elementOrHash.elementID: 35906212864.47>
          Other, 0x1117b8a00 <AX element pid: 174, elementOrHash.elementID: 35922778688.55>
  Window, 0x1117b8b40 <AX element pid: 174, elementOrHash.elementID: 36018691584.13>
    Other, 0x1117b8c80 <AX element pid: 174, elementOrHash.elementID: 36017885568.22>
  Window, 0x1117b8dc0 <AX element pid: 174, elementOrHash.elementID: 36018685184.1812>
    Other, 0x1117b8f00 <AX element pid: 174, elementOrHash.elementID: 35889648896.1813>
      Other, 0x1117b9040 <AX element pid: 174, elementOrHash.elementID: 35887702784.1815>
  Window, 0x1117b9180 <AX element pid: 174, elementOrHash.elementID: 35951108864.14>
    Other, 0x1117b92c0 <AX element pid: 174, elementOrHash.elementID: 35953539072.23>
      Other, 0x1117b9400 <AX element pid: 174, elementOrHash.elementID: 35953539968.37>
  Window, 0x1117b9540 <AX element pid: 174, elementOrHash.elementID: 35920354816.15>
    Other, 0x1117b9680 <AX element pid: 174, elementOrHash.elementID: 35923110400.24>
      Other, 0x1117b97c0 <AX element pid: 174, elementOrHash.elementID: 35923112192.38>
  Window, 0x1117b9900 <AX element pid: 174, elementOrHash.elementID: 36036372480.9>
    Other, 0x1117b9a40 <AX element pid: 174, elementOrHash.elementID: 35942339840.25>
      Other, 0x1117b9b80 <AX element pid: 174, elementOrHash.elementID: 35942340288.39>
        Other, 0x1117b9cc0 <AX element pid: 174, elementOrHash.elementID: 35942345216.48>
        Other, 0x1117b9e00 <AX element pid: 174, elementOrHash.elementID: 35942345664.49>
        Other, 0x1117b9f40 <AX element pid: 174, elementOrHash.elementID: 35941851264.50>
          Other, 0x1117ba080 <AX element pid: 174, elementOrHash.elementID: 36036367360.56>
            Icon, 0x1117ba1c0 <AX element pid: 174, elementOrHash.elementID: 35943737856.6>
              Other, 0x1117ba300 <AX element pid: 174, elementOrHash.elementID: 35943844928.145>
                Other, 0x1117ba440 <AX element pid: 174, elementOrHash.elementID: 35943845376.185>
                  Other, 0x1117ba580 <AX element pid: 174, elementOrHash.elementID: 35943797760.251>
                    Other, 0x1117ba6c0 <AX element pid: 174, elementOrHash.elementID: 35943806720.319>
            Icon, 0x1117ba800 <AX element pid: 174, elementOrHash.elementID: 35943739392.75>
              Other, 0x1117ba940 <AX element pid: 174, elementOrHash.elementID: 35943845824.146>
                Other, 0x1117baa80 <AX element pid: 174, elementOrHash.elementID: 35943846272.186>
                  Other, 0x1117babc0 <AX element pid: 174, elementOrHash.elementID: 35943792640.252>
                    Other, 0x1117bad00 <AX element pid: 174, elementOrHash.elementID: 35943808000.320>
            Icon, 0x1117bae40 <AX element pid: 174, elementOrHash.elementID: 35943740928.76>
              Other, 0x1117baf80 <AX element pid: 174, elementOrHash.elementID: 35943846720.147>
                Other, 0x1117bb0c0 <AX element pid: 174, elementOrHash.elementID: 35943847168.187>
                  Other, 0x1117bb200 <AX element pid: 174, elementOrHash.elementID: 35941855104.253>
                    Other, 0x1117bb340 <AX element pid: 174, elementOrHash.elementID: 35944039040.321>
            Icon, 0x1117bb480 <AX element pid: 174, elementOrHash.elementID: 35944136704.77>
              Other, 0x1117bb5c0 <AX element pid: 174, elementOrHash.elementID: 35943847616.148>
                Other, 0x1117bb700 <AX element pid: 174, elementOrHash.elementID: 35943848064.188>
                  Other, 0x1117bb840 <AX element pid: 174, elementOrHash.elementID: 35943795840.254>
                    Other, 0x1117bb980 <AX element pid: 174, elementOrHash.elementID: 35944040320.322>
            Icon, 0x1117bbac0 <AX element pid: 174, elementOrHash.elementID: 35944138240.78>
              Other, 0x1117bbc00 <AX element pid: 174, elementOrHash.elementID: 35943848512.149>
                Other, 0x1117bbd40 <AX element pid: 174, elementOrHash.elementID: 35943848960.189>
                  Other, 0x1117bbe80 <AX element pid: 174, elementOrHash.elementID: 35941858304.255>
                    Other, 0x1117c0000 <AX element pid: 174, elementOrHash.elementID: 36017864704.1165>
            Icon, 0x1117c0140 <AX element pid: 174, elementOrHash.elementID: 35944139776.79>
              Other, 0x1117c0280 <AX element pid: 174, elementOrHash.elementID: 35943849856.150>
                Other, 0x1117c03c0 <AX element pid: 174, elementOrHash.elementID: 35943850304.190>
                  Other, 0x1117c0500 <AX element pid: 174, elementOrHash.elementID: 35943799040.256>
                    Other, 0x1117c0640 <AX element pid: 174, elementOrHash.elementID: 35944043520.324>
            Icon, 0x1117c0780 <AX element pid: 174, elementOrHash.elementID: 35944141312.80>
              Other, 0x1117c08c0 <AX element pid: 174, elementOrHash.elementID: 35943850752.151>
                Other, 0x1117c0a00 <AX element pid: 174, elementOrHash.elementID: 35943851200.191>
                  Other, 0x1117c0b40 <AX element pid: 174, elementOrHash.elementID: 35941853184.257>
                    Other, 0x1117c0c80 <AX element pid: 174, elementOrHash.elementID: 35944044800.325>
          Other, 0x1117c0dc0 <AX element pid: 174, elementOrHash.elementID: 36036369408.57>
            Icon, 0x1117c0f00 <AX element pid: 174, elementOrHash.elementID: 35941698560.81>
              Other, 0x1117c1040 <AX element pid: 174, elementOrHash.elementID: 35942346112.152>
                Other, 0x1117c1180 <AX element pid: 174, elementOrHash.elementID: 35943611712.192>
                  Other, 0x1117c12c0 <AX element pid: 174, elementOrHash.elementID: 35941853824.258>
                    Other, 0x1117c1400 <AX element pid: 174, elementOrHash.elementID: 35943800960.326>
            Icon, 0x1117c1540 <AX element pid: 174, elementOrHash.elementID: 35943734784.82>
              Other, 0x1117c1680 <AX element pid: 174, elementOrHash.elementID: 35943841792.153>
                Other, 0x1117c17c0 <AX element pid: 174, elementOrHash.elementID: 35943842240.193>
                  Other, 0x1117c1900 <AX element pid: 174, elementOrHash.elementID: 35943794560.259>
                    Other, 0x1117c1a40 <AX element pid: 174, elementOrHash.elementID: 35943802240.327>
                  Other, 0x1117c1b80 <AX element pid: 174, elementOrHash.elementID: 35943802880.260>
                    Other, 0x1117c1cc0 <AX element pid: 174, elementOrHash.elementID: 35943844032.328>
                      Image, 0x1117c1e00 <AX element pid: 174, elementOrHash.elementID: 36036537344.415>
          Other, 0x1117c1f40 <AX element pid: 174, elementOrHash.elementID: 36036368384.58>
          Icon, 0x1117c2080 <AX element pid: 174, elementOrHash.elementID: 35944142848.59>
            Other, 0x1117c21c0 <AX element pid: 174, elementOrHash.elementID: 35887479808.1147>
            Other, 0x1117c2300 <AX element pid: 174, elementOrHash.elementID: 35887469568.1148>
            Other, 0x1117c2440 <AX element pid: 174, elementOrHash.elementID: 35891053184.513>
            Other, 0x1117c2580 <AX element pid: 174, elementOrHash.elementID: 35887477248.1149>
      Other, 0x1117c26c0 <AX element pid: 174, elementOrHash.elementID: 35944048000.40>
        Other, 0x1117c2800 <AX element pid: 174, elementOrHash.elementID: 36037143040.51>
          Other, 0x1117c2940 <AX element pid: 174, elementOrHash.elementID: 13117757763611807880.9999>
            Other, 0x1117c2a80 <AX element pid: 303, elementOrHash.elementID: 4312005392.4>
              Other, 0x1117c2bc0 <AX element pid: 303, elementOrHash.elementID: 33807598848.5>
                Other, 0x1117c2d00 <AX element pid: 303, elementOrHash.elementID: 33807631232.6>
                  Other, 0x1117c2e40 <AX element pid: 303, elementOrHash.elementID: 33807630336.7>
          Other, 0x1117c2f80 <AX element pid: 174, elementOrHash.elementID: 2167965937006497152.9999>
            Other, 0x1117c30c0 <AX element pid: 303, elementOrHash.elementID: 33807632128.8>
              Other, 0x1117c3200 <AX element pid: 303, elementOrHash.elementID: 33807633920.9>
          Other, 0x1117c3340 <AX element pid: 174, elementOrHash.elementID: 6852408606350722696.9999>
  Window, 0x1117c3480 <AX element pid: 174, elementOrHash.elementID: 36022010880.16>
    StatusBar, 0x1117c35c0 <AX element pid: 174, elementOrHash.elementID: 36017866624.26>
      Other, 0x1117c3700 <AX element pid: 174, elementOrHash.elementID: 36021977088.41>
        Other, 0x1117c3840 <AX element pid: 174, elementOrHash.elementID: 35873917120.1827>
          Other, 0x1117c3980 <AX element pid: 174, elementOrHash.elementID: 35873915328.1830>
            StaticText, 0x1117c3ac0 <AX element pid: 174, elementOrHash.elementID: 35891539328.1833>
            StaticText, 0x1117c3c00 <AX element pid: 174, elementOrHash.elementID: 35891529472.1834>
          Other, 0x1117c3d40 <AX element pid: 174, elementOrHash.elementID: 35873922496.1831>
            Other, 0x1117c3e80 <AX element pid: 174, elementOrHash.elementID: 36057365504.1835>
            Image, 0x1117cc000 <AX element pid: 174, elementOrHash.elementID: 35905546880.1836>
            StaticText, 0x1117cc140 <AX element pid: 174, elementOrHash.elementID: 35891533952.1837>
            Other, 0x1117cc280 <AX element pid: 174, elementOrHash.elementID: 35888280064.1838>
    Other, 0x1117cc3c0 <AX element pid: 174, elementOrHash.elementID: 36017881984.27>
  Window, 0x1117cc500 <AX element pid: 174, elementOrHash.elementID: 36032072704.17>
    Other, 0x1117cc640 <AX element pid: 174, elementOrHash.elementID: 35953535488.28>
  Window, 0x1117cc780 <AX element pid: 174, elementOrHash.elementID: 36032076800.18>
    Other, 0x1117cc8c0 <AX element pid: 174, elementOrHash.elementID: 35953537728.29>
22:50:35.654 WebDriverAgentRunner-Runner[1324:114132] Found matches {(
    StatusBar
)} with root Application, pid: 174
22:50:35.654 WebDriverAgentRunner-Runner[1324:114132] <XCTContext: 0x1101c8ff0> finished activity <XCActivityRecord: 0x110d5ddc0> 2026-07-19 15:50:35 +0000: Get all elements bound by index for: Descendants matching type StatusBar (0.311554s)
22:50:35.655 WebDriverAgentRunner-Runner[1324:114132] <XCTContext: 0x1101c8ff0> started activity <XCActivityRecord: 0x110d5ddc0> 2026-07-19 15:50:35 +0000: Find the StatusBar (Element at index 0)
22:50:35.655 WebDriverAgentRunner-Runner[1324:114132] Executing query:
↪︎ Descendants matching type StatusBar
    ↪︎ Element at index 0
22:50:35.655 WebDriverAgentRunner-Runner[1324:114132] Creating future for 'checking for continuity enablement' with timeout 30.00
22:50:35.656 WebDriverAgentRunner-Runner[1324:114132] <XCTWaiter: 0x11175c6f0> entering wait loop for 30.00s with expectations: `checking for continuity enablement`
22:50:35.657 WebDriverAgentRunner-Runner[1324:114132] Returning result XCTWaiterResultCompleted for synchronous waiter <XCTWaiter: 0x11175c6f0>
22:50:35.657 WebDriverAgentRunner-Runner[1324:114132] Wait <XCTWaiterWait: 0x1117d0600> completed after 0.001s
22:50:35.657 WebDriverAgentRunner-Runner[1324:114132] cleaning up checking for continuity enablement
    t =    26.57s Find the StatusBar (Element at index 0)
22:50:35.657 WebDriverAgentRunner-Runner[1324:114132] Should evaluate query remotely? XCTDisableRemoteQueryEvaluation(d-write): YES, hasAutomationSession: YES, supportsRemoteEvaluation: YES
22:50:35.658 WebDriverAgentRunner-Runner[1324:114132] Getting matching snapshots for locally evaluated query
22:50:35.658 WebDriverAgentRunner-Runner[1324:114132] Evaluating query:
 ↪︎ Descendants matching type StatusBar
    ↪︎ Element at index 0
22:50:35.658 WebDriverAgentRunner-Runner[1324:114132] Getting root element snapshot
22:50:35.658 WebDriverAgentRunner-Runner[1324:114132] Getting snapshot for App element pid: 174 for query ↪︎ Descendants matching type StatusBar
    ↪︎ Element at index 0
22:50:35.658 WebDriverAgentRunner-Runner[1324:114132] <XCTContext: 0x1101c8ff0> started activity <XCActivityRecord: 0x110d5d180> 2026-07-19 15:50:35 +0000: Requesting snapshot of accessibility hierarchy for app with pid 174
22:50:35.658 WebDriverAgentRunner-Runner[1324:114132] Query requires iOS snapshot attributes XC_kAXXCAttributeElementType, XC_kAXXCAttributeElementBaseType, XC_kAXXCAttributeAutomationType, XC_kAXXCAttributeTraits.
22:50:35.658 WebDriverAgentRunner-Runner[1324:114132] XCUIElementQuery <XCTElementSnapshotProvider> getting snapshot
22:50:35.659 WebDriverAgentRunner-Runner[1324:114132] Snapshot request has custom attributes XC_kAXXCAttributeElementType, XC_kAXXCAttributeElementBaseType, XC_kAXXCAttributeAutomationType, XC_kAXXCAttributeTraits
22:50:35.659 WebDriverAgentRunner-Runner[1324:114132] Snapshot request has custom parameters {
    snapshotKeyHonorModalViews = 0;
}
22:50:35.659 WebDriverAgentRunner-Runner[1324:114132] Current snapshot generation is 4
22:50:35.659 WebDriverAgentRunner-Runner[1324:114132] Capturing a new snapshot
22:50:35.659 WebDriverAgentRunner-Runner[1324:114132] Fetching snapshot for App element pid: 174 from testmanagerd with attributes XC_kAXXCAttributeElementType, XC_kAXXCAttributeElementBaseType, XC_kAXXCAttributeParent, XC_kAXXCAttributeIdentifier, XC_kAXXCAttributeAutomationType, XC_kAXXCAttributeTraits and parameters {
    maxArrayCount = 2147483647;
    maxChildren = 2147483647;
    maxDepth = 50;
    snapshotKeyHonorModalViews = 0;
    traverseFromParentsToChildren = 1;
}.
22:50:35.659 WebDriverAgentRunner-Runner[1324:114132] Creating future for 'fetching snapshot from testmanagerd.' with timeout 65.00
22:50:35.659 WebDriverAgentRunner-Runner[1324:114132] <XCTWaiter: 0x11175d080> entering wait loop for 65.00s with expectations: `fetching snapshot from testmanagerd.`
    t =    26.57s     Requesting snapshot of accessibility hierarchy for app with pid 174
22:50:35.912 WebDriverAgentRunner-Runner[1324:114157] Got snapshot response with runtime issue support from testmanagerd.
22:50:35.912 WebDriverAgentRunner-Runner[1324:114132] Returning result XCTWaiterResultCompleted for synchronous waiter <XCTWaiter: 0x11175d080>
22:50:35.912 WebDriverAgentRunner-Runner[1324:114132] Wait <XCTWaiterWait: 0x1117d0900> completed after 0.253s
22:50:35.913 WebDriverAgentRunner-Runner[1324:114132] cleaning up fetching snapshot from testmanagerd.
22:50:35.913 WebDriverAgentRunner-Runner[1324:114132] <XCTContext: 0x1101c8ff0> finished activity <XCActivityRecord: 0x110d5d180> 2026-07-19 15:50:35 +0000: Requesting snapshot of accessibility hierarchy for app with pid 174 (0.254907s)
22:50:35.913 WebDriverAgentRunner-Runner[1324:114132] XCTPerformOnMainRunLoop[MT]: already on MT; performing block without run loop dispatch - timeouts will not be enforced.
22:50:35.913 WebDriverAgentRunner-Runner[1324:114132] XCTElementQuery: set data source for rootElementSnapshot to (null)
22:50:35.914 WebDriverAgentRunner-Runner[1324:114132] Finding all matches with input Application, pid: 174 using transformers 
↪︎ Descendants matching type StatusBar
    ↪︎ Element at index 0
22:50:35.914 WebDriverAgentRunner-Runner[1324:114132] <XCTContext: 0x1101c8ff0> started activity <XCActivityRecord: 0x110d5d180> 2026-07-19 15:50:35 +0000: Find: Descendants matching type StatusBar
    t =    26.83s     Find: Descendants matching type StatusBar
22:50:35.917 WebDriverAgentRunner-Runner[1324:114132] <XCTContext: 0x1101c8ff0> finished activity <XCActivityRecord: 0x110d5d180> 2026-07-19 15:50:35 +0000: Find: Descendants matching type StatusBar (0.00336599s)
22:50:35.917 WebDriverAgentRunner-Runner[1324:114132] [Match All] applied transformer `Descendants matching type StatusBar` to input {(
    Application, pid: 174
)}, found {(
    StatusBar
)}
22:50:35.917 WebDriverAgentRunner-Runner[1324:114132] <XCTContext: 0x1101c8ff0> started activity <XCActivityRecord: 0x110d5d180> 2026-07-19 15:50:35 +0000: Find: Element at index 0
    t =    26.83s     Find: Element at index 0
22:50:35.918 WebDriverAgentRunner-Runner[1324:114132] <XCTContext: 0x1101c8ff0> finished activity <XCActivityRecord: 0x110d5d180> 2026-07-19 15:50:35 +0000: Find: Element at index 0 (0.000314951s)
22:50:35.918 WebDriverAgentRunner-Runner[1324:114132] [Match All] applied transformer `Element at index 0` to input {(
    StatusBar
)}, found {(
    StatusBar
)}
22:50:35.918 WebDriverAgentRunner-Runner[1324:114132] [Match All] setting out related elements {(
)}
22:50:35.924 WebDriverAgentRunner-Runner[1324:114132] Current tree:
Application, 0x1117cca00, pid: 174 <App element pid: 174>
  Window, 0x1117ccb40 <AX element pid: 174, elementOrHash.elementID: 36032084992.10>
    Other, 0x1117ccc80 <AX element pid: 174, elementOrHash.elementID: 35948119808.19>
      Other, 0x1117ccdc0 <AX element pid: 174, elementOrHash.elementID: 35948120256.30>
        Image, 0x1117ccf00 <AX element pid: 174, elementOrHash.elementID: 36036531200.42>
        Image, 0x1117cd040 <AX element pid: 174, elementOrHash.elementID: 36036531712.43>
      Other, 0x1117cd180 <AX element pid: 174, elementOrHash.elementID: 35948119360.31>
        Other, 0x1117cd2c0 <AX element pid: 174, elementOrHash.elementID: 35948131904.44>
          Other, 0x1117cd400 <AX element pid: 174, elementOrHash.elementID: 35941697024.53>
            Other, 0x1117cd540 <AX element pid: 174, elementOrHash.elementID: 35948131456.62>
              Other, 0x1117cd680 <AX element pid: 174, elementOrHash.elementID: 35948131008.97>
            Icon, 0x1117cd7c0 <AX element pid: 174, elementOrHash.elementID: 36035587328.63>
              Icon, 0x1117cd900 <AX element pid: 174, elementOrHash.elementID: 36035839104.98>
              Icon, 0x1117cda40 <AX element pid: 174, elementOrHash.elementID: 36035839296.99>
              Icon, 0x1117cdb80 <AX element pid: 174, elementOrHash.elementID: 36035839488.100>
              Icon, 0x1117cdcc0 <AX element pid: 174, elementOrHash.elementID: 36035839872.101>
              Icon, 0x1117cde00 <AX element pid: 174, elementOrHash.elementID: 36035840064.102>
              Icon, 0x1117cdf40 <AX element pid: 174, elementOrHash.elementID: 36024175808.103>
              Icon, 0x1117ce080 <AX element pid: 174, elementOrHash.elementID: 36023792960.104>
              Icon, 0x1117ce1c0 <AX element pid: 174, elementOrHash.elementID: 36024840576.105>
              Icon, 0x1117ce300 <AX element pid: 174, elementOrHash.elementID: 36024206656.106>
              Icon, 0x1117ce440 <AX element pid: 174, elementOrHash.elementID: 36023793344.107>
              Icon, 0x1117ce580 <AX element pid: 174, elementOrHash.elementID: 36024183296.108>
              Icon, 0x1117ce6c0 <AX element pid: 174, elementOrHash.elementID: 36024259456.109>
              Icon, 0x1117ce800 <AX element pid: 174, elementOrHash.elementID: 36024838464.110>
              Icon, 0x1117ce940 <AX element pid: 174, elementOrHash.elementID: 36024596928.111>
              Icon, 0x1117cea80 <AX element pid: 174, elementOrHash.elementID: 36024207040.112>
              Icon, 0x1117cebc0 <AX element pid: 174, elementOrHash.elementID: 36024209536.113>
              Icon, 0x1117ced00 <AX element pid: 174, elementOrHash.elementID: 36024186176.114>
            Icon, 0x1117cee40 <AX element pid: 174, elementOrHash.elementID: 36035588864.64>
              Icon, 0x1117cef80 <AX element pid: 174, elementOrHash.elementID: 35904843776.1376>
                Other, 0x1117cf0c0 <AX element pid: 174, elementOrHash.elementID: 35889589184.1392>
                  Other, 0x1117cf200 <AX element pid: 174, elementOrHash.elementID: 35889590080.1413>
                    Other, 0x1117cf340 <AX element pid: 174, elementOrHash.elementID: 36042307072.1621>
                      Other, 0x1117cf480 <AX element pid: 174, elementOrHash.elementID: 35875789696.2048>
                  Other, 0x1117cf5c0 <AX element pid: 174, elementOrHash.elementID: 35888248576.1414>
                    Other, 0x1117cf700 <AX element pid: 174, elementOrHash.elementID: 35889591872.1439>
                      Image, 0x1117cf840 <AX element pid: 174, elementOrHash.elementID: 36055018496.1472>
                      Image, 0x1117cf980 <AX element pid: 174, elementOrHash.elementID: 36055013376.1473>
              Icon, 0x1117cfac0 <AX element pid: 174, elementOrHash.elementID: 35943727104.116>
                Other, 0x1117cfc00 <AX element pid: 174, elementOrHash.elementID: 35943609472.158>
                  Other, 0x1117cfd40 <AX element pid: 174, elementOrHash.elementID: 35923107712.197>
                    Other, 0x1117cfe80 <AX element pid: 174, elementOrHash.elementID: 35889717376.1637>
                      Other, 0x1117e8000 <AX element pid: 174, elementOrHash.elementID: 35875796736.2049>
                  Other, 0x1117e8140 <AX element pid: 174, elementOrHash.elementID: 35904820864.198>
                    Other, 0x1117e8280 <AX element pid: 174, elementOrHash.elementID: 35923099648.265>
                      Image, 0x1117e83c0 <AX element pid: 174, elementOrHash.elementID: 36044152320.334>
                      Image, 0x1117e8500 <AX element pid: 174, elementOrHash.elementID: 36044151808.335>
              Icon, 0x1117e8640 <AX element pid: 174, elementOrHash.elementID: 35943579648.129>
                Other, 0x1117e8780 <AX element pid: 174, elementOrHash.elementID: 35943596032.171>
                  Other, 0x1117e88c0 <AX element pid: 174, elementOrHash.elementID: 35909462080.223>
                    Other, 0x1117e8a00 <AX element pid: 174, elementOrHash.elementID: 35904822144.264>
                      Other, 0x1117e8b40 <AX element pid: 174, elementOrHash.elementID: 35875790976.2050>
                  Other, 0x1117e8c80 <AX element pid: 174, elementOrHash.elementID: 35903662080.224>
                    Other, 0x1117e8dc0 <AX element pid: 174, elementOrHash.elementID: 35909456704.291>
                      Image, 0x1117e8f00 <AX element pid: 174, elementOrHash.elementID: 36045230080.373>
                      Image, 0x1117e9040 <AX element pid: 174, elementOrHash.elementID: 36045229568.374>
              Icon, 0x1117e9180 <AX element pid: 174, elementOrHash.elementID: 35905393152.1552>
                Other, 0x1117e92c0 <AX element pid: 174, elementOrHash.elementID: 35889623744.1571>
                  Other, 0x1117e9400 <AX element pid: 174, elementOrHash.elementID: 35889624192.1597>
                    Other, 0x1117e9540 <AX element pid: 174, elementOrHash.elementID: 35943798400.306>
                      Other, 0x1117e9680 <AX element pid: 174, elementOrHash.elementID: 35875797376.2051>
                  Other, 0x1117e97c0 <AX element pid: 174, elementOrHash.elementID: 35889769088.1598>
                    Other, 0x1117e9900 <AX element pid: 174, elementOrHash.elementID: 35889624640.1636>
                      Image, 0x1117e9a40 <AX element pid: 174, elementOrHash.elementID: 36055533056.1687>
                      Image, 0x1117e9b80 <AX element pid: 174, elementOrHash.elementID: 36055532544.1688>
              Icon, 0x1117e9cc0 <AX element pid: 174, elementOrHash.elementID: 35943706624.1143>
                Other, 0x1117e9e00 <AX element pid: 174, elementOrHash.elementID: 35943608576.1567>
                  Other, 0x1117e9f40 <AX element pid: 174, elementOrHash.elementID: 35921976768.1589>
                    Other, 0x1117ea080 <AX element pid: 174, elementOrHash.elementID: 35887330432.2047>
                      Other, 0x1117ea1c0 <AX element pid: 174, elementOrHash.elementID: 35891044480.2052>
                  Other, 0x1117ea300 <AX element pid: 174, elementOrHash.elementID: 35903654400.1590>
                    Other, 0x1117ea440 <AX element pid: 174, elementOrHash.elementID: 35887731968.1628>
                      Image, 0x1117ea580 <AX element pid: 174, elementOrHash.elementID: 36053854208.1672>
                      Image, 0x1117ea6c0 <AX element pid: 174, elementOrHash.elementID: 36053856768.1673>
              Icon, 0x1117ea800 <AX element pid: 174, elementOrHash.elementID: 35956191232.134>
                Other, 0x1117ea940 <AX element pid: 174, elementOrHash.elementID: 35948133248.176>
                  Other, 0x1117eaa80 <AX element pid: 174, elementOrHash.elementID: 35909465216.233>
                    Other, 0x1117eabc0 <AX element pid: 174, elementOrHash.elementID: 35976178944.300>
                      Other, 0x1117ead00 <AX element pid: 174, elementOrHash.elementID: 35887331712.2053>
                  Other, 0x1117eae40 <AX element pid: 174, elementOrHash.elementID: 35976173824.234>
                    Other, 0x1117eaf80 <AX element pid: 174, elementOrHash.elementID: 35909466112.301>
                      Image, 0x1117eb0c0 <AX element pid: 174, elementOrHash.elementID: 36039490560.388>
                      Image, 0x1117eb200 <AX element pid: 174, elementOrHash.elementID: 36039488512.389>
              Icon, 0x1117eb340 <AX element pid: 174, elementOrHash.elementID: 35943679488.1563>
                Other, 0x1117eb480 <AX element pid: 174, elementOrHash.elementID: 35943600960.1582>
                  Other, 0x1117eb5c0 <AX element pid: 174, elementOrHash.elementID: 35887739584.1619>
                    Other, 0x1117eb700 <AX element pid: 174, elementOrHash.elementID: 36017871744.288>
                      Other, 0x1117eb840 <AX element pid: 174, elementOrHash.elementID: 35875785856.2054>
                  Other, 0x1117eb980 <AX element pid: 174, elementOrHash.elementID: 35888281984.1620>
                    Other, 0x1117ebac0 <AX element pid: 174, elementOrHash.elementID: 35887734208.1658>
                      Image, 0x1117ebc00 <AX element pid: 174, elementOrHash.elementID: 36053844480.1724>
                      Image, 0x1117ebd40 <AX element pid: 174, elementOrHash.elementID: 36053843968.1725>
              Icon, 0x1117ebe80 <AX element pid: 174, elementOrHash.elementID: 35904517632.1550>
                Other, 0x1117ec000 <AX element pid: 174, elementOrHash.elementID: 35892693632.1569>
                  Other, 0x1117ec140 <AX element pid: 174, elementOrHash.elementID: 35892704384.1593>
                    Other, 0x1117ec280 <AX element pid: 174, elementOrHash.elementID: 35887504896.1631>
                      Other, 0x1117ec3c0 <AX element pid: 174, elementOrHash.elementID: 35875790336.2055>
                  Other, 0x1117ec500 <AX element pid: 174, elementOrHash.elementID: 35888235136.1594>
                    Other, 0x1117ec640 <AX element pid: 174, elementOrHash.elementID: 35892692288.1632>
                      Image, 0x1117ec780 <AX element pid: 174, elementOrHash.elementID: 36053856256.1679>
                      Image, 0x1117ec8c0 <AX element pid: 174, elementOrHash.elementID: 36053851136.1680>
              Icon, 0x1117eca00 <AX element pid: 174, elementOrHash.elementID: 35905394688.1556>
                Other, 0x1117ecb40 <AX element pid: 174, elementOrHash.elementID: 35889625088.1575>
                  Other, 0x1117ecc80 <AX element pid: 174, elementOrHash.elementID: 35889625536.1605>
                    Other, 0x1117ecdc0 <AX element pid: 174, elementOrHash.elementID: 35889827584.1643>
                      Other, 0x1117ecf00 <AX element pid: 174, elementOrHash.elementID: 35875795456.2056>
                  Other, 0x1117ed040 <AX element pid: 174, elementOrHash.elementID: 35889771008.1606>
                    Other, 0x1117ed180 <AX element pid: 174, elementOrHash.elementID: 35889625984.1644>
                      Image, 0x1117ed2c0 <AX element pid: 174, elementOrHash.elementID: 36055534080.1702>
                      Image, 0x1117ed400 <AX element pid: 174, elementOrHash.elementID: 36055533568.1703>
              Icon, 0x1117ed540 <AX element pid: 174, elementOrHash.elementID: 35904840704.1561>
                Other, 0x1117ed680 <AX element pid: 174, elementOrHash.elementID: 35889589632.1580>
                  Other, 0x1117ed7c0 <AX element pid: 174, elementOrHash.elementID: 35889588288.1615>
                    Other, 0x1117ed900 <AX element pid: 174, elementOrHash.elementID: 35888230272.1654>
                      Other, 0x1117eda40 <AX element pid: 174, elementOrHash.elementID: 35875798016.2057>
                  Other, 0x1117edb80 <AX element pid: 174, elementOrHash.elementID: 35888242816.1616>
                    Other, 0x1117edcc0 <AX element pid: 174, elementOrHash.elementID: 35889588736.1655>
                      Image, 0x1117ede00 <AX element pid: 174, elementOrHash.elementID: 36055023104.1718>
                      Image, 0x1117edf40 <AX element pid: 174, elementOrHash.elementID: 36055020544.1719>
              Icon, 0x1117ee080 <AX element pid: 174, elementOrHash.elementID: 35905489920.1560>
                Other, 0x1117ee1c0 <AX element pid: 174, elementOrHash.elementID: 35887708160.1579>
                  Other, 0x1117ee300 <AX element pid: 174, elementOrHash.elementID: 35887694272.1613>
                    Other, 0x1117ee440 <AX element pid: 174, elementOrHash.elementID: 35893129728.1640>
                      Other, 0x1117ee580 <AX element pid: 174, elementOrHash.elementID: 35891051520.2058>
                  Other, 0x1117ee6c0 <AX element pid: 174, elementOrHash.elementID: 35889714816.1614>
                    Other, 0x1117ee800 <AX element pid: 174, elementOrHash.elementID: 35887695168.1653>
                      Image, 0x1117ee940 <AX element pid: 174, elementOrHash.elementID: 36055469568.1715>
                      Image, 0x1117eea80 <AX element pid: 174, elementOrHash.elementID: 36055469056.1716>
              Icon, 0x1117eebc0 <AX element pid: 174, elementOrHash.elementID: 35904839168.1377>
                Other, 0x1117eed00 <AX element pid: 174, elementOrHash.elementID: 35887797504.1393>
                  Other, 0x1117eee40 <AX element pid: 174, elementOrHash.elementID: 35887807808.1415>
                    Other, 0x1117eef80 <AX element pid: 174, elementOrHash.elementID: 35889721216.1440>
                      Other, 0x1117ef0c0 <AX element pid: 174, elementOrHash.elementID: 35887332352.2059>
                  Other, 0x1117ef200 <AX element pid: 174, elementOrHash.elementID: 35888221952.1416>
                    Other, 0x1117ef340 <AX element pid: 174, elementOrHash.elementID: 35887797952.1442>
                      Image, 0x1117ef480 <AX element pid: 174, elementOrHash.elementID: 36055015424.1476>
                      Image, 0x1117ef5c0 <AX element pid: 174, elementOrHash.elementID: 36055019520.1477>
              Icon, 0x1117ef700 <AX element pid: 174, elementOrHash.elementID: 35943695872.140>
                Other, 0x1117ef840 <AX element pid: 174, elementOrHash.elementID: 35943605440.182>
                  Other, 0x1117ef980 <AX element pid: 174, elementOrHash.elementID: 35909463872.245>
                    Other, 0x1117efac0 <AX element pid: 174, elementOrHash.elementID: 35976178304.313>
                      Other, 0x1117efc00 <AX element pid: 174, elementOrHash.elementID: 35875787776.2060>
                  Other, 0x1117efd40 <AX element pid: 174, elementOrHash.elementID: 35908194688.246>
                    Other, 0x1117efe80 <AX element pid: 174, elementOrHash.elementID: 35909454912.314>
                      Image, 0x1117f0000 <AX element pid: 174, elementOrHash.elementID: 36039489024.407>
                      Image, 0x1117f0140 <AX element pid: 174, elementOrHash.elementID: 36039489536.408>
              Icon, 0x1117f0280 <AX element pid: 174, elementOrHash.elementID: 35905492992.1548>
                Other, 0x1117f03c0 <AX element pid: 174, elementOrHash.elementID: 35889611648.1566>
                  Other, 0x1117f0500 <AX element pid: 174, elementOrHash.elementID: 35889612096.1587>
                    Other, 0x1117f0640 <AX element pid: 174, elementOrHash.elementID: 35888216448.1626>
                      Other, 0x1117f0780 <AX element pid: 174, elementOrHash.elementID: 35875783296.2061>
                  Other, 0x1117f08c0 <AX element pid: 174, elementOrHash.elementID: 35889718656.1588>
                    Other, 0x1117f0a00 <AX element pid: 174, elementOrHash.elementID: 35889612544.1627>
                      Image, 0x1117f0b40 <AX element pid: 174, elementOrHash.elementID: 36055472128.1667>
                      Image, 0x1117f0c80 <AX element pid: 174, elementOrHash.elementID: 36055471616.1668>
              Icon, 0x1117f0dc0 <AX element pid: 174, elementOrHash.elementID: 35904842240.1562>
                Other, 0x1117f0f00 <AX element pid: 174, elementOrHash.elementID: 35889590528.1581>
                  Other, 0x1117f1040 <AX element pid: 174, elementOrHash.elementID: 35889590976.1617>
                    Other, 0x1117f1180 <AX element pid: 174, elementOrHash.elementID: 35888220672.1656>
                      Other, 0x1117f12c0 <AX element pid: 174, elementOrHash.elementID: 35875792256.2062>
                  Other, 0x1117f1400 <AX element pid: 174, elementOrHash.elementID: 35888227712.1618>
                    Other, 0x1117f1540 <AX element pid: 174, elementOrHash.elementID: 35889593664.1657>
                      Image, 0x1117f1680 <AX element pid: 174, elementOrHash.elementID: 36055022592.1721>
                      Image, 0x1117f17c0 <AX element pid: 174, elementOrHash.elementID: 36055012864.1722>
              Icon, 0x1117f1900 <AX element pid: 174, elementOrHash.elementID: 35941709312.1555>
                Other, 0x1117f1a40 <AX element pid: 174, elementOrHash.elementID: 35942350144.1574>
                  Other, 0x1117f1b80 <AX element pid: 174, elementOrHash.elementID: 35887740480.1603>
                    Other, 0x1117f1cc0 <AX element pid: 174, elementOrHash.elementID: 35903660800.290>
                      Other, 0x1117f1e00 <AX element pid: 174, elementOrHash.elementID: 35875793536.2063>
                  Other, 0x1117f1f40 <AX element pid: 174, elementOrHash.elementID: 35888278784.1604>
                    Other, 0x1117f2080 <AX element pid: 174, elementOrHash.elementID: 35887736896.1642>
                      Image, 0x1117f21c0 <AX element pid: 174, elementOrHash.elementID: 36052131328.1699>
                      Image, 0x1117f2300 <AX element pid: 174, elementOrHash.elementID: 36052126720.1700>
              Icon, 0x1117f2440 <AX element pid: 174, elementOrHash.elementID: 35943691776.1546>
                Other, 0x1117f2580 <AX element pid: 174, elementOrHash.elementID: 35943604544.1564>
                  Other, 0x1117f26c0 <AX element pid: 174, elementOrHash.elementID: 35957582336.1583>
                    Other, 0x1117f2800 <AX element pid: 174, elementOrHash.elementID: 35888280704.1622>
                      Other, 0x1117f2940 <AX element pid: 174, elementOrHash.elementID: 35904819584.2064>
                  Other, 0x1117f2a80 <AX element pid: 174, elementOrHash.elementID: 35888275584.1584>
                    Other, 0x1117f2bc0 <AX element pid: 174, elementOrHash.elementID: 36004838272.1623>
                      Image, 0x1117f2d00 <AX element pid: 174, elementOrHash.elementID: 36052134400.1661>
                      Image, 0x1117f2e40 <AX element pid: 174, elementOrHash.elementID: 36052130304.1662>
              Icon, 0x1117f2f80 <AX element pid: 174, elementOrHash.elementID: 35941707776.137>
                Other, 0x1117f30c0 <AX element pid: 174, elementOrHash.elementID: 35942349696.179>
                  Other, 0x1117f3200 <AX element pid: 174, elementOrHash.elementID: 35921984384.239>
                    Other, 0x1117f3340 <AX element pid: 174, elementOrHash.elementID: 35903663360.302>
                      Other, 0x1117f3480 <AX element pid: 174, elementOrHash.elementID: 35943796480.2065>
                  Other, 0x1117f35c0 <AX element pid: 174, elementOrHash.elementID: 35922153216.240>
                    Other, 0x1117f3700 <AX element pid: 174, elementOrHash.elementID: 35921984832.307>
                      Image, 0x1117f3840 <AX element pid: 174, elementOrHash.elementID: 36039383040.397>
                      Image, 0x1117f3980 <AX element pid: 174, elementOrHash.elementID: 36039382528.398>
              Icon, 0x1117f3ac0 <AX element pid: 174, elementOrHash.elementID: 35905494528.1551>
                Other, 0x1117f3c00 <AX element pid: 174, elementOrHash.elementID: 35889612992.1570>
                  Other, 0x1117f3d40 <AX element pid: 174, elementOrHash.elementID: 35889613440.1595>
                    Other, 0x1117f3e80 <AX element pid: 174, elementOrHash.elementID: 35889719296.1633>
                      Other, 0x1117f4000 <AX element pid: 174, elementOrHash.elementID: 35875786496.2066>
                  Other, 0x1117f4140 <AX element pid: 174, elementOrHash.elementID: 35889720576.1596>
                    Other, 0x1117f4280 <AX element pid: 174, elementOrHash.elementID: 35889613888.1634>
                      Image, 0x1117f43c0 <AX element pid: 174, elementOrHash.elementID: 36055473152.1682>
                      Image, 0x1117f4500 <AX element pid: 174, elementOrHash.elementID: 36055472640.1683>
              Icon, 0x1117f4640 <AX element pid: 174, elementOrHash.elementID: 35943581184.1557>
                Other, 0x1117f4780 <AX element pid: 174, elementOrHash.elementID: 35943596480.1576>
                  Other, 0x1117f48c0 <AX element pid: 174, elementOrHash.elementID: 35922182144.1607>
                    Other, 0x1117f4a00 <AX element pid: 174, elementOrHash.elementID: 35943793280.1645>
                      Other, 0x1117f4b40 <AX element pid: 174, elementOrHash.elementID: 35875782656.2067>
                  Other, 0x1117f4c80 <AX element pid: 174, elementOrHash.elementID: 35922155776.1608>
                    Other, 0x1117f4dc0 <AX element pid: 174, elementOrHash.elementID: 35922182592.1646>
                      Image, 0x1117f4f00 <AX element pid: 174, elementOrHash.elementID: 36039388160.1705>
                      Image, 0x1117f5040 <AX element pid: 174, elementOrHash.elementID: 36039387648.1706>
              Icon, 0x1117f5180 <AX element pid: 174, elementOrHash.elementID: 35943677952.1368>
                Other, 0x1117f52c0 <AX element pid: 174, elementOrHash.elementID: 35943600512.1383>
                  Other, 0x1117f5400 <AX element pid: 174, elementOrHash.elementID: 35921982592.1398>
                    Other, 0x1117f5540 <AX element pid: 174, elementOrHash.elementID: 35887301888.1431>
                      Other, 0x1117f5680 <AX element pid: 174, elementOrHash.elementID: 35875794816.2068>
                  Other, 0x1117f57c0 <AX element pid: 174, elementOrHash.elementID: 35922150656.1740>
                    Other, 0x1117f5900 <AX element pid: 174, elementOrHash.elementID: 35921983040.1751>
                      Image, 0x1117f5a40 <AX element pid: 174, elementOrHash.elementID: 36039377920.1773>
                      Image, 0x1117f5b80 <AX element pid: 174, elementOrHash.elementID: 36039377408.1774>
              Icon, 0x1117f5cc0 <AX element pid: 174, elementOrHash.elementID: 35905491456.1547>
                Other, 0x1117f5e00 <AX element pid: 174, elementOrHash.elementID: 35887693824.1565>
                  Other, 0x1117f5f40 <AX element pid: 174, elementOrHash.elementID: 35889610752.1585>
                    Other, 0x1117f6080 <AX element pid: 174, elementOrHash.elementID: 35889715456.1624>
                      Other, 0x1117f61c0 <AX element pid: 174, elementOrHash.elementID: 35875791616.2069>
                  Other, 0x1117f6300 <AX element pid: 174, elementOrHash.elementID: 35889716736.1586>
                    Other, 0x1117f6440 <AX element pid: 174, elementOrHash.elementID: 35889611200.1625>
                      Image, 0x1117f6580 <AX element pid: 174, elementOrHash.elementID: 36055470592.1664>
                      Image, 0x1117f66c0 <AX element pid: 174, elementOrHash.elementID: 36055470080.1665>
              Icon, 0x1117f6800 <AX element pid: 174, elementOrHash.elementID: 35943708160.135>
                Other, 0x1117f6940 <AX element pid: 174, elementOrHash.elementID: 35943609024.177>
                  Other, 0x1117f6a80 <AX element pid: 174, elementOrHash.elementID: 35909462528.235>
                    Other, 0x1117f6bc0 <AX element pid: 174, elementOrHash.elementID: 35889713536.1652>
                      Other, 0x1117f6d00 <AX element pid: 174, elementOrHash.elementID: 35941852544.2070>
                  Other, 0x1117f6e40 <AX element pid: 174, elementOrHash.elementID: 35903660160.236>
                    Other, 0x1117f6f80 <AX element pid: 174, elementOrHash.elementID: 35909461632.303>
                      Image, 0x1117f70c0 <AX element pid: 174, elementOrHash.elementID: 36021239808.391>
                      Image, 0x1117f7200 <AX element pid: 174, elementOrHash.elementID: 36045234176.392>
              Icon, 0x1117f7340 <AX element pid: 174, elementOrHash.elementID: 35943593472.1554>
                Other, 0x1117f7480 <AX element pid: 174, elementOrHash.elementID: 35943600064.1573>
                  Other, 0x1117f75c0 <AX element pid: 174, elementOrHash.elementID: 35922183040.1601>
                    Other, 0x1117f7700 <AX element pid: 174, elementOrHash.elementID: 35889767808.1635>
                      Other, 0x1117f7840 <AX element pid: 174, elementOrHash.elementID: 35944980608.2071>
                    Other, 0x1117f7980 <AX element pid: 174, elementOrHash.elementID: 35889825024.1441>
                      Other, 0x1117f7ac0 <AX element pid: 174, elementOrHash.elementID: 35889810048.1475>
                        Image, 0x1117f7c00 <AX element pid: 174, elementOrHash.elementID: 36055537152.1486>
                  Other, 0x1117f7d40 <AX element pid: 174, elementOrHash.elementID: 35922157056.1602>
                    Other, 0x1117f7e80 <AX element pid: 174, elementOrHash.elementID: 35922183488.1641>
                      Image, 0x1117f8000 <AX element pid: 174, elementOrHash.elementID: 36039390720.1696>
                      Image, 0x1117f8140 <AX element pid: 174, elementOrHash.elementID: 36039390208.1697>
              Icon, 0x1117f8280 <AX element pid: 174, elementOrHash.elementID: 35943728640.126>
                Other, 0x1117f83c0 <AX element pid: 174, elementOrHash.elementID: 35943609920.168>
                  Other, 0x1117f8500 <AX element pid: 174, elementOrHash.elementID: 35921979456.217>
                    Other, 0x1117f8640 <AX element pid: 174, elementOrHash.elementID: 35943797120.284>
                      Other, 0x1117f8780 <AX element pid: 174, elementOrHash.elementID: 35875787136.2072>
                  Other, 0x1117f88c0 <AX element pid: 174, elementOrHash.elementID: 35921998976.218>
                    Other, 0x1117f8a00 <AX element pid: 174, elementOrHash.elementID: 35921979904.285>
                      Image, 0x1117f8b40 <AX element pid: 174, elementOrHash.elementID: 36039288320.364>
                      Image, 0x1117f8c80 <AX element pid: 174, elementOrHash.elementID: 36039287808.365>
              Icon, 0x1117f8dc0 <AX element pid: 174, elementOrHash.elementID: 35905396224.1354>
                Other, 0x1117f8f00 <AX element pid: 174, elementOrHash.elementID: 35889626432.1385>
                  Other, 0x1117f9040 <AX element pid: 174, elementOrHash.elementID: 35889807360.1400>
                    Other, 0x1117f9180 <AX element pid: 174, elementOrHash.elementID: 35889825664.1749>
                      Other, 0x1117f92c0 <AX element pid: 174, elementOrHash.elementID: 35875785216.2073>
                  Other, 0x1117f9400 <AX element pid: 174, elementOrHash.elementID: 35889772928.1739>
                    Other, 0x1117f9540 <AX element pid: 174, elementOrHash.elementID: 35889807808.1750>
                      Image, 0x1117f9680 <AX element pid: 174, elementOrHash.elementID: 36055535616.1770>
                      Image, 0x1117f97c0 <AX element pid: 174, elementOrHash.elementID: 36055535104.1771>
              Icon, 0x1117f9900 <AX element pid: 174, elementOrHash.elementID: 35943694336.119>
                Other, 0x1117f9a40 <AX element pid: 174, elementOrHash.elementID: 35943604992.161>
                  Other, 0x1117f9b80 <AX element pid: 174, elementOrHash.elementID: 35920557184.203>
                    Other, 0x1117f9cc0 <AX element pid: 174, elementOrHash.elementID: 35889771648.1430>
                      Other, 0x1117f9e00 <AX element pid: 174, elementOrHash.elementID: 35875796096.2074>
                  Other, 0x1117f9f40 <AX element pid: 174, elementOrHash.elementID: 35944979968.204>
                    Other, 0x1117fa080 <AX element pid: 174, elementOrHash.elementID: 35910755968.271>
                      Image, 0x1117fa1c0 <AX element pid: 174, elementOrHash.elementID: 36046516224.343>
                      Image, 0x1117fa300 <AX element pid: 174, elementOrHash.elementID: 36046515712.344>
              Icon, 0x1117fa440 <AX element pid: 174, elementOrHash.elementID: 35904516096.1549>
                Other, 0x1117fa580 <AX element pid: 174, elementOrHash.elementID: 35907066880.1568>
                  Other, 0x1117fa6c0 <AX element pid: 174, elementOrHash.elementID: 35891482560.1591>
                    Other, 0x1117fa800 <AX element pid: 174, elementOrHash.elementID: 35889769728.1629>
                      Other, 0x1117fa940 <AX element pid: 174, elementOrHash.elementID: 35875789056.2075>
                  Other, 0x1117faa80 <AX element pid: 174, elementOrHash.elementID: 35887504256.1592>
                    Other, 0x1117fabc0 <AX element pid: 174, elementOrHash.elementID: 35887807360.1630>
                      Image, 0x1117fad00 <AX element pid: 174, elementOrHash.elementID: 36055015936.1676>
                      Image, 0x1117fae40 <AX element pid: 174, elementOrHash.elementID: 36055014912.1677>
            Icon, 0x1117faf80 <AX element pid: 174, elementOrHash.elementID: 36035589376.65>
              Icon, 0x1117fb0c0 <AX element pid: 174, elementOrHash.elementID: 36023791424.143>
            PageIndicator, 0x1117fb200 <AX element pid: 174, elementOrHash.elementID: 35941843584.66>
        Other, 0x1117fb340 <AX element pid: 174, elementOrHash.elementID: 36034925568.45>
      Other, 0x1117fb480 <AX element pid: 174, elementOrHash.elementID: 36034935808.32>
  Window, 0x1117fb5c0 <AX element pid: 174, elementOrHash.elementID: 36032077824.11>
    Other, 0x1117fb700 <AX element pid: 174, elementOrHash.elementID: 35953538624.20>
      Other, 0x1117fb840 <AX element pid: 174, elementOrHash.elementID: 35953538176.33>
  Window, 0x1117fb980 <AX element pid: 174, elementOrHash.elementID: 36018690304.12>
    Other, 0x1117fbac0 <AX element pid: 174, elementOrHash.elementID: 36017882432.21>
      Other, 0x1117fbc00 <AX element pid: 174, elementOrHash.elementID: 36038462464.34>
        Other, 0x1117fbd40 <AX element pid: 174, elementOrHash.elementID: 35920632704.46>
          Other, 0x1117fbe80 <AX element pid: 174, elementOrHash.elementID: 35920548672.54>
            Other, 0x11ac04000 <AX element pid: 174, elementOrHash.elementID: 35887737344.1088>
            Other, 0x11ac04140 <AX element pid: 174, elementOrHash.elementID: 35943852544.1089>
            Other, 0x11ac04280 <AX element pid: 174, elementOrHash.elementID: 35920551360.69>
            Other, 0x11ac043c0 <AX element pid: 174, elementOrHash.elementID: 35920551808.70>
            Other, 0x11ac04500 <AX element pid: 174, elementOrHash.elementID: 35890596928.1361>
            Other, 0x11ac04640 <AX element pid: 174, elementOrHash.elementID: 35887703232.1093>
            Other, 0x11ac04780 <AX element pid: 174, elementOrHash.elementID: 35920553152.73>
            Other, 0x11ac048c0 <AX element pid: 174, elementOrHash.elementID: 35920549120.74>
      Other, 0x11ac04a00 <AX element pid: 174, elementOrHash.elementID: 36056067584.1084>
        Other, 0x11ac04b40 <AX element pid: 174, elementOrHash.elementID: 11494289431044805875.9999>
          Other, 0x11ac04c80 <AX element pid: 333, elementOrHash.elementID: 4309013472.4>
            Other, 0x11ac04dc0 <AX element pid: 333, elementOrHash.elementID: 4309041312.5>
              Other, 0x11ac04f00 <AX element pid: 333, elementOrHash.elementID: 4308983520.6>
                Other, 0x11ac05040 <AX element pid: 333, elementOrHash.elementID: 4309005120.7>
      Other, 0x11ac05180 <AX element pid: 174, elementOrHash.elementID: 36046696960.36>
        Other, 0x11ac052c0 <AX element pid: 174, elementOrHash.elementID: 35906212864.47>
          Other, 0x11ac05400 <AX element pid: 174, elementOrHash.elementID: 35922778688.55>
  Window, 0x11ac05540 <AX element pid: 174, elementOrHash.elementID: 36018691584.13>
    Other, 0x11ac05680 <AX element pid: 174, elementOrHash.elementID: 36017885568.22>
  Window, 0x11ac057c0 <AX element pid: 174, elementOrHash.elementID: 36018685184.1812>
    Other, 0x11ac05900 <AX element pid: 174, elementOrHash.elementID: 35889648896.1813>
      Other, 0x11ac05a40 <AX element pid: 174, elementOrHash.elementID: 35887702784.1815>
  Window, 0x11ac05b80 <AX element pid: 174, elementOrHash.elementID: 35951108864.14>
    Other, 0x11ac05cc0 <AX element pid: 174, elementOrHash.elementID: 35953539072.23>
      Other, 0x11ac05e00 <AX element pid: 174, elementOrHash.elementID: 35953539968.37>
  Window, 0x11ac05f40 <AX element pid: 174, elementOrHash.elementID: 35920354816.15>
    Other, 0x11ac06080 <AX element pid: 174, elementOrHash.elementID: 35923110400.24>
      Other, 0x11ac061c0 <AX element pid: 174, elementOrHash.elementID: 35923112192.38>
  Window, 0x11ac06300 <AX element pid: 174, elementOrHash.elementID: 36036372480.9>
    Other, 0x11ac06440 <AX element pid: 174, elementOrHash.elementID: 35942339840.25>
      Other, 0x11ac06580 <AX element pid: 174, elementOrHash.elementID: 35942340288.39>
        Other, 0x11ac066c0 <AX element pid: 174, elementOrHash.elementID: 35942345216.48>
        Other, 0x11ac06800 <AX element pid: 174, elementOrHash.elementID: 35942345664.49>
        Other, 0x11ac06940 <AX element pid: 174, elementOrHash.elementID: 35941851264.50>
          Other, 0x11ac06a80 <AX element pid: 174, elementOrHash.elementID: 36036367360.56>
            Icon, 0x11ac06bc0 <AX element pid: 174, elementOrHash.elementID: 35943737856.6>
              Other, 0x11ac06d00 <AX element pid: 174, elementOrHash.elementID: 35943844928.145>
                Other, 0x11ac06e40 <AX element pid: 174, elementOrHash.elementID: 35943845376.185>
                  Other, 0x11ac06f80 <AX element pid: 174, elementOrHash.elementID: 35943797760.251>
                    Other, 0x11ac070c0 <AX element pid: 174, elementOrHash.elementID: 35943806720.319>
            Icon, 0x11ac07200 <AX element pid: 174, elementOrHash.elementID: 35943739392.75>
              Other, 0x11ac07340 <AX element pid: 174, elementOrHash.elementID: 35943845824.146>
                Other, 0x11ac07480 <AX element pid: 174, elementOrHash.elementID: 35943846272.186>
                  Other, 0x11ac075c0 <AX element pid: 174, elementOrHash.elementID: 35943792640.252>
                    Other, 0x11ac07700 <AX element pid: 174, elementOrHash.elementID: 35943808000.320>
            Icon, 0x11ac07840 <AX element pid: 174, elementOrHash.elementID: 35943740928.76>
              Other, 0x11ac07980 <AX element pid: 174, elementOrHash.elementID: 35943846720.147>
                Other, 0x11ac07ac0 <AX element pid: 174, elementOrHash.elementID: 35943847168.187>
                  Other, 0x11ac07c00 <AX element pid: 174, elementOrHash.elementID: 35941855104.253>
                    Other, 0x11ac07d40 <AX element pid: 174, elementOrHash.elementID: 35944039040.321>
            Icon, 0x11ac07e80 <AX element pid: 174, elementOrHash.elementID: 35944136704.77>
              Other, 0x11ac10000 <AX element pid: 174, elementOrHash.elementID: 35943847616.148>
                Other, 0x11ac10140 <AX element pid: 174, elementOrHash.elementID: 35943848064.188>
                  Other, 0x11ac10280 <AX element pid: 174, elementOrHash.elementID: 35943795840.254>
                    Other, 0x11ac103c0 <AX element pid: 174, elementOrHash.elementID: 35944040320.322>
            Icon, 0x11ac10500 <AX element pid: 174, elementOrHash.elementID: 35944138240.78>
              Other, 0x11ac10640 <AX element pid: 174, elementOrHash.elementID: 35943848512.149>
                Other, 0x11ac10780 <AX element pid: 174, elementOrHash.elementID: 35943848960.189>
                  Other, 0x11ac108c0 <AX element pid: 174, elementOrHash.elementID: 35941858304.255>
                    Other, 0x11ac10a00 <AX element pid: 174, elementOrHash.elementID: 36017864704.1165>
            Icon, 0x11ac10b40 <AX element pid: 174, elementOrHash.elementID: 35944139776.79>
              Other, 0x11ac10c80 <AX element pid: 174, elementOrHash.elementID: 35943849856.150>
                Other, 0x11ac10dc0 <AX element pid: 174, elementOrHash.elementID: 35943850304.190>
                  Other, 0x11ac10f00 <AX element pid: 174, elementOrHash.elementID: 35943799040.256>
                    Other, 0x11ac11040 <AX element pid: 174, elementOrHash.elementID: 35944043520.324>
            Icon, 0x11ac11180 <AX element pid: 174, elementOrHash.elementID: 35944141312.80>
              Other, 0x11ac112c0 <AX element pid: 174, elementOrHash.elementID: 35943850752.151>
                Other, 0x11ac11400 <AX element pid: 174, elementOrHash.elementID: 35943851200.191>
                  Other, 0x11ac11540 <AX element pid: 174, elementOrHash.elementID: 35941853184.257>
                    Other, 0x11ac11680 <AX element pid: 174, elementOrHash.elementID: 35944044800.325>
          Other, 0x11ac117c0 <AX element pid: 174, elementOrHash.elementID: 36036369408.57>
            Icon, 0x11ac11900 <AX element pid: 174, elementOrHash.elementID: 35941698560.81>
              Other, 0x11ac11a40 <AX element pid: 174, elementOrHash.elementID: 35942346112.152>
                Other, 0x11ac11b80 <AX element pid: 174, elementOrHash.elementID: 35943611712.192>
                  Other, 0x11ac11cc0 <AX element pid: 174, elementOrHash.elementID: 35941853824.258>
                    Other, 0x11ac11e00 <AX element pid: 174, elementOrHash.elementID: 35943800960.326>
            Icon, 0x11ac11f40 <AX element pid: 174, elementOrHash.elementID: 35943734784.82>
              Other, 0x11ac12080 <AX element pid: 174, elementOrHash.elementID: 35943841792.153>
                Other, 0x11ac121c0 <AX element pid: 174, elementOrHash.elementID: 35943842240.193>
                  Other, 0x11ac12300 <AX element pid: 174, elementOrHash.elementID: 35943794560.259>
                    Other, 0x11ac12440 <AX element pid: 174, elementOrHash.elementID: 35943802240.327>
                  Other, 0x11ac12580 <AX element pid: 174, elementOrHash.elementID: 35943802880.260>
                    Other, 0x11ac126c0 <AX element pid: 174, elementOrHash.elementID: 35943844032.328>
                      Image, 0x11ac12800 <AX element pid: 174, elementOrHash.elementID: 36036537344.415>
          Other, 0x11ac12940 <AX element pid: 174, elementOrHash.elementID: 36036368384.58>
          Icon, 0x11ac12a80 <AX element pid: 174, elementOrHash.elementID: 35944142848.59>
            Other, 0x11ac12bc0 <AX element pid: 174, elementOrHash.elementID: 35887479808.1147>
            Other, 0x11ac12d00 <AX element pid: 174, elementOrHash.elementID: 35887469568.1148>
            Other, 0x11ac12e40 <AX element pid: 174, elementOrHash.elementID: 35891053184.513>
            Other, 0x11ac12f80 <AX element pid: 174, elementOrHash.elementID: 35887477248.1149>
      Other, 0x11ac130c0 <AX element pid: 174, elementOrHash.elementID: 35944048000.40>
        Other, 0x11ac13200 <AX element pid: 174, elementOrHash.elementID: 36037143040.51>
          Other, 0x11ac13340 <AX element pid: 174, elementOrHash.elementID: 13117757763611807880.9999>
            Other, 0x11ac13480 <AX element pid: 303, elementOrHash.elementID: 4312005392.4>
              Other, 0x11ac135c0 <AX element pid: 303, elementOrHash.elementID: 33807598848.5>
                Other, 0x11ac13700 <AX element pid: 303, elementOrHash.elementID: 33807631232.6>
                  Other, 0x11ac13840 <AX element pid: 303, elementOrHash.elementID: 33807630336.7>
          Other, 0x11ac13980 <AX element pid: 174, elementOrHash.elementID: 2167965937006497152.9999>
            Other, 0x11ac13ac0 <AX element pid: 303, elementOrHash.elementID: 33807632128.8>
              Other, 0x11ac13c00 <AX element pid: 303, elementOrHash.elementID: 33807633920.9>
          Other, 0x11ac13d40 <AX element pid: 174, elementOrHash.elementID: 6852408606350722696.9999>
  Window, 0x11ac13e80 <AX element pid: 174, elementOrHash.elementID: 36022010880.16>
    StatusBar, 0x11ac14000 <AX element pid: 174, elementOrHash.elementID: 36017866624.26>
      Other, 0x11ac14140 <AX element pid: 174, elementOrHash.elementID: 36021977088.41>
        Other, 0x11ac14280 <AX element pid: 174, elementOrHash.elementID: 35873917120.1827>
          Other, 0x11ac143c0 <AX element pid: 174, elementOrHash.elementID: 35873915328.1830>
            StaticText, 0x11ac14500 <AX element pid: 174, elementOrHash.elementID: 35891539328.1833>
            StaticText, 0x11ac14640 <AX element pid: 174, elementOrHash.elementID: 35891529472.1834>
          Other, 0x11ac14780 <AX element pid: 174, elementOrHash.elementID: 35873922496.1831>
            Other, 0x11ac148c0 <AX element pid: 174, elementOrHash.elementID: 36057365504.1835>
            Image, 0x11ac14a00 <AX element pid: 174, elementOrHash.elementID: 35905546880.1836>
            StaticText, 0x11ac14b40 <AX element pid: 174, elementOrHash.elementID: 35891533952.1837>
            Other, 0x11ac14c80 <AX element pid: 174, elementOrHash.elementID: 35888280064.1838>
    Other, 0x11ac14dc0 <AX element pid: 174, elementOrHash.elementID: 36017881984.27>
  Window, 0x11ac14f00 <AX element pid: 174, elementOrHash.elementID: 36032072704.17>
    Other, 0x11ac15040 <AX element pid: 174, elementOrHash.elementID: 35953535488.28>
  Window, 0x11ac15180 <AX element pid: 174, elementOrHash.elementID: 36032076800.18>
    Other, 0x11ac152c0 <AX element pid: 174, elementOrHash.elementID: 35953537728.29>
22:50:35.924 WebDriverAgentRunner-Runner[1324:114132] Found matches {(
    StatusBar
)} with root Application, pid: 174
22:50:35.924 WebDriverAgentRunner-Runner[1324:114132] <XCTContext: 0x1101c8ff0> finished activity <XCActivityRecord: 0x110d5ddc0> 2026-07-19 15:50:35 +0000: Find the StatusBar (Element at index 0) (0.268946s)
22:50:35.924 WebDriverAgentRunner-Runner[1324:114132] Creating future for 'checking for continuity enablement' with timeout 30.00
22:50:35.925 WebDriverAgentRunner-Runner[1324:114132] <XCTWaiter: 0x11175cab0> entering wait loop for 30.00s with expectations: `checking for continuity enablement`
22:50:35.926 WebDriverAgentRunner-Runner[1324:114132] Returning result XCTWaiterResultCompleted for synchronous waiter <XCTWaiter: 0x11175cab0>
22:50:35.926 WebDriverAgentRunner-Runner[1324:114132] Wait <XCTWaiterWait: 0x11ac18e00> completed after 0.001s
22:50:35.926 WebDriverAgentRunner-Runner[1324:114132] cleaning up checking for continuity enablement
22:50:35.926 WebDriverAgentRunner-Runner[1324:114132] Creating future for 'fetching attributes 'XC_kAXXCAttributeFrame', 'XC_kAXXCAttributeWindowDisplayId', 'XC_kAXXCAttributeWindowContextId' for AX element pid: 174, elementOrHash.elementID: 36017866624.26' with timeout 30.00
22:50:35.926 WebDriverAgentRunner-Runner[1324:114132] <XCTWaiter: 0x11175cb10> entering wait loop for 30.00s with expectations: `fetching attributes 'XC_kAXXCAttributeFrame', 'XC_kAXXCAttributeWindowDisplayId', 'XC_kAXXCAttributeWindowContextId' for AX element pid: 174, elementOrHash.elementID: 36017866624.26`
22:50:35.927 WebDriverAgentRunner-Runner[1324:114132] Returning result XCTWaiterResultCompleted for synchronous waiter <XCTWaiter: 0x11175cb10>
22:50:35.927 WebDriverAgentRunner-Runner[1324:114132] Wait <XCTWaiterWait: 0x11ac18b00> completed after 0.001s
22:50:35.927 WebDriverAgentRunner-Runner[1324:114132] cleaning up fetching attributes 'XC_kAXXCAttributeFrame', 'XC_kAXXCAttributeWindowDisplayId', 'XC_kAXXCAttributeWindowContextId' for AX element pid: 174, elementOrHash.elementID: 36017866624.26
22:50:35.928 WebDriverAgentRunner-Runner[1324:114132] StatusBar (AX element pid: 174, elementOrHash.elementID: 36017866624.26) faulted in {
    "XC_kAXXCAttributeFrame" =     {
        Height = 1366;
        Width = 32;
        X = 0;
        Y = 0;
    };
    "XC_kAXXCAttributeWindowContextId" = 2087488016;
    "XC_kAXXCAttributeWindowDisplayId" = 1;
}: (no error) for frame using XC_kAXXCAttributeFrame, XC_kAXXCAttributeWindowDisplayId, XC_kAXXCAttributeWindowContextId
22:50:35.928 WebDriverAgentRunner-Runner[1324:114132] getting parameterized attribute XC_kAXXCParameterizedAttributeConvertHostedViewFrame with parameter (
        {
        Height = 1366;
        Width = 32;
        X = 0;
        Y = 0;
    },
    2087488016,
    1
)
22:50:35.928 WebDriverAgentRunner-Runner[1324:114132] Creating future for 'getting parameterized attribute XC_kAXXCParameterizedAttributeConvertHostedViewFrame' with timeout 65.00
22:50:35.928 WebDriverAgentRunner-Runner[1324:114132] <XCTWaiter: 0x11175cf00> entering wait loop for 65.00s with expectations: `getting parameterized attribute XC_kAXXCParameterizedAttributeConvertHostedViewFrame`
22:50:35.929 WebDriverAgentRunner-Runner[1324:114157] Got parameterized attribute fetch for XC_kAXXCParameterizedAttributeConvertHostedViewFrame response with values {
    Height = 1366;
    Width = 32;
    X = 0;
    Y = 0;
}, error: (null)
22:50:35.929 WebDriverAgentRunner-Runner[1324:114132] Returning result XCTWaiterResultCompleted for synchronous waiter <XCTWaiter: 0x11175cf00>
22:50:35.929 WebDriverAgentRunner-Runner[1324:114132] Wait <XCTWaiterWait: 0x11ac18700> completed after 0.001s
22:50:35.929 WebDriverAgentRunner-Runner[1324:114132] cleaning up getting parameterized attribute XC_kAXXCParameterizedAttributeConvertHostedViewFrame
22:50:35.930 WebDriverAgentRunner-Runner[1324:114132] No change when transforming rect {{0, 0}, {32, 1366}}, either portrait orientation or non-standard app configuration such as springboard
22:50:35.930 WebDriverAgentRunner-Runner[1324:114132] Fetching application interface orientation
22:50:35.930 WebDriverAgentRunner-Runner[1324:114132] Creating future for 'getting interface orientation' with timeout 65.00
22:50:35.930 WebDriverAgentRunner-Runner[1324:114132] <XCTWaiter: 0x11175d2f0> entering wait loop for 65.00s with expectations: `getting interface orientation`
22:50:35.930 WebDriverAgentRunner-Runner[1324:114132] Returning result XCTWaiterResultCompleted for synchronous waiter <XCTWaiter: 0x11175d2f0>
22:50:35.930 WebDriverAgentRunner-Runner[1324:114132] Wait <XCTWaiterWait: 0x11ac18400> completed after 0.001s
22:50:35.931 WebDriverAgentRunner-Runner[1324:114132] cleaning up getting interface orientation
22:50:35.931 WebDriverAgentRunner-Runner[1324:114132] Creating future for 'getting screen identifiers' with timeout 30.00
22:50:35.931 WebDriverAgentRunner-Runner[1324:114132] <XCTWaiter: 0x11175d470> entering wait loop for 30.00s with expectations: `getting screen identifiers`
22:50:35.931 WebDriverAgentRunner-Runner[1324:114132] Returning result XCTWaiterResultCompleted for synchronous waiter <XCTWaiter: 0x11175d470>
22:50:35.931 WebDriverAgentRunner-Runner[1324:114132] Wait <XCTWaiterWait: 0x11ac18100> completed after 0.000s
22:50:35.932 WebDriverAgentRunner-Runner[1324:114132] cleaning up getting screen identifiers
22:50:35.932 WebDriverAgentRunner-Runner[1324:114132] Creating future for 'getting screen bounds' with timeout 30.00
22:50:35.932 WebDriverAgentRunner-Runner[1324:114132] <XCTWaiter: 0x11175d6e0> entering wait loop for 30.00s with expectations: `getting screen bounds`
22:50:35.932 WebDriverAgentRunner-Runner[1324:114132] Returning result XCTWaiterResultCompleted for synchronous waiter <XCTWaiter: 0x11175d6e0>
22:50:35.932 WebDriverAgentRunner-Runner[1324:114132] Wait <XCTWaiterWait: 0x11ac18f00> completed after 0.000s
22:50:35.932 WebDriverAgentRunner-Runner[1324:114132] cleaning up getting screen bounds
22:50:35.932 WebDriverAgentRunner-Runner[1324:114132] Creating future for 'getting screen scale' with timeout 30.00
22:50:35.932 WebDriverAgentRunner-Runner[1324:114132] <XCTWaiter: 0x11175db00> entering wait loop for 30.00s with expectations: `getting screen scale`
22:50:35.932 WebDriverAgentRunner-Runner[1324:114132] Returning result XCTWaiterResultCompleted for synchronous waiter <XCTWaiter: 0x11175db00>
22:50:35.933 WebDriverAgentRunner-Runner[1324:114132] Wait <XCTWaiterWait: 0x11ac18f00> completed after 0.000s
22:50:35.933 WebDriverAgentRunner-Runner[1324:114132] cleaning up getting screen scale
22:50:35.933 WebDriverAgentRunner-Runner[1324:114132] <XCTContext: 0x1101c8ff0> started activity <XCActivityRecord: 0x110d5d180> 2026-07-19 15:50:35 +0000: Find the Application 'com.apple.springboard'
    t =    26.85s Find the Application 'com.apple.springboard'
22:50:35.933 WebDriverAgentRunner-Runner[1324:114132] Executing query:

22:50:35.933 WebDriverAgentRunner-Runner[1324:114132] Creating future for 'checking for continuity enablement' with timeout 30.00
22:50:35.934 WebDriverAgentRunner-Runner[1324:114132] <XCTWaiter: 0x11175e280> entering wait loop for 30.00s with expectations: `checking for continuity enablement`
22:50:35.935 WebDriverAgentRunner-Runner[1324:114132] Returning result XCTWaiterResultCompleted for synchronous waiter <XCTWaiter: 0x11175e280>
22:50:35.935 WebDriverAgentRunner-Runner[1324:114132] Wait <XCTWaiterWait: 0x11ac191c0> completed after 0.001s
22:50:35.935 WebDriverAgentRunner-Runner[1324:114132] cleaning up checking for continuity enablement
22:50:35.935 WebDriverAgentRunner-Runner[1324:114132] Should evaluate query remotely? XCTDisableRemoteQueryEvaluation(d-write): YES, hasAutomationSession: YES, supportsRemoteEvaluation: YES
22:50:35.936 WebDriverAgentRunner-Runner[1324:114132] Getting matching snapshots for locally evaluated query
22:50:35.936 WebDriverAgentRunner-Runner[1324:114132] Evaluating query:
 
22:50:35.936 WebDriverAgentRunner-Runner[1324:114132] Getting root element snapshot
22:50:35.936 WebDriverAgentRunner-Runner[1324:114132] Getting snapshot for App element pid: 174 for query 
22:50:35.936 WebDriverAgentRunner-Runner[1324:114132] <XCTContext: 0x1101c8ff0> started activity <XCActivityRecord: 0x110d5d110> 2026-07-19 15:50:35 +0000: Requesting snapshot of accessibility hierarchy for app with pid 174
22:50:35.936 WebDriverAgentRunner-Runner[1324:114132] Query requires iOS snapshot attributes .
22:50:35.936 WebDriverAgentRunner-Runner[1324:114132] XCUIElementQuery <XCTElementSnapshotProvider> getting snapshot
22:50:35.936 WebDriverAgentRunner-Runner[1324:114132] Snapshot request has custom attributes 
22:50:35.937 WebDriverAgentRunner-Runner[1324:114132] Snapshot request has custom parameters {
    snapshotKeyHonorModalViews = 0;
}
22:50:35.937 WebDriverAgentRunner-Runner[1324:114132] Current snapshot generation is 12
22:50:35.937 WebDriverAgentRunner-Runner[1324:114132] Capturing a new snapshot
22:50:35.937 WebDriverAgentRunner-Runner[1324:114132] Fetching snapshot for App element pid: 174 from testmanagerd with attributes XC_kAXXCAttributeElementType, XC_kAXXCAttributeElementBaseType, XC_kAXXCAttributeParent, XC_kAXXCAttributeIdentifier, XC_kAXXCAttributeAutomationType, XC_kAXXCAttributeTraits and parameters {
    maxArrayCount = 2147483647;
    maxChildren = 2147483647;
    maxDepth = 50;
    snapshotKeyHonorModalViews = 0;
    traverseFromParentsToChildren = 1;
}.
22:50:35.937 WebDriverAgentRunner-Runner[1324:114132] Creating future for 'fetching snapshot from testmanagerd.' with timeout 65.00
22:50:35.937 WebDriverAgentRunner-Runner[1324:114132] <XCTWaiter: 0x11175ebe0> entering wait loop for 65.00s with expectations: `fetching snapshot from testmanagerd.`
    t =    26.85s     Requesting snapshot of accessibility hierarchy for app with pid 174
22:50:36.190 WebDriverAgentRunner-Runner[1324:114433] Got snapshot response with runtime issue support from testmanagerd.
22:50:36.190 WebDriverAgentRunner-Runner[1324:114132] Returning result XCTWaiterResultCompleted for synchronous waiter <XCTWaiter: 0x11175ebe0>
22:50:36.190 WebDriverAgentRunner-Runner[1324:114132] Wait <XCTWaiterWait: 0x11ac19600> completed after 0.253s
22:50:36.190 WebDriverAgentRunner-Runner[1324:114132] cleaning up fetching snapshot from testmanagerd.
22:50:36.191 WebDriverAgentRunner-Runner[1324:114132] <XCTContext: 0x1101c8ff0> finished activity <XCActivityRecord: 0x110d5d110> 2026-07-19 15:50:35 +0000: Requesting snapshot of accessibility hierarchy for app with pid 174 (0.254616s)
22:50:36.191 WebDriverAgentRunner-Runner[1324:114132] Found matches {(
    App element pid: 174
)} with root App element pid: 174
22:50:36.191 WebDriverAgentRunner-Runner[1324:114132] <XCTContext: 0x1101c8ff0> finished activity <XCActivityRecord: 0x110d5d180> 2026-07-19 15:50:35 +0000: Find the Application 'com.apple.springboard' (0.25818s)
22:50:36.191 WebDriverAgentRunner-Runner[1324:114132] XCUIElementQuery <XCTElementSnapshotProvider> getting snapshot
22:50:36.192 WebDriverAgentRunner-Runner[1324:114132] Snapshot request has custom attributes XC_kAXXCAttributeElementBaseType, XC_kAXXCAttributeValue, XC_kAXXCAttributeAutomationType, XC_kAXXCAttributeIdentifier, XC_kAXXCAttributeTraits, XC_kAXXCAttributeVerticalSizeClass, XC_kAXXCAttributeFrame, XC_kAXXCAttributeWindowDisplayId, XC_kAXXCAttributeWindowContextId, XC_kAXXCAttributeLabel, XC_kAXXCAttributeHorizontalSizeClass, XC_kAXXCAttributeHasNativeFocus, XC_kAXXCAttributePlaceholderValue, XC_kAXXCAttributeElementType
22:50:36.192 WebDriverAgentRunner-Runner[1324:114132] Current snapshot generation is 15
22:50:36.192 WebDriverAgentRunner-Runner[1324:114132] Query rootElementSnapshot is non-null with generation count 15
22:50:36.192 WebDriverAgentRunner-Runner[1324:114132] Capturing a new snapshot
22:50:36.192 WebDriverAgentRunner-Runner[1324:114132] Fetching snapshot for App element pid: 174 from testmanagerd with attributes XC_kAXXCAttributeElementBaseType, XC_kAXXCAttributeParent, XC_kAXXCAttributeAutomationType, XC_kAXXCAttributeIdentifier, XC_kAXXCAttributeTraits, XC_kAXXCAttributeVerticalSizeClass, XC_kAXXCAttributeFrame, XC_kAXXCAttributeWindowDisplayId, XC_kAXXCAttributeWindowContextId, XC_kAXXCAttributeLabel, XC_kAXXCAttributeHorizontalSizeClass, XC_kAXXCAttributeHasNativeFocus, XC_kAXXCAttributePlaceholderValue, XC_kAXXCAttributeTruncatedValue, XC_kAXXCAttributeElementType and parameters {
    maxArrayCount = 2147483647;
    maxChildren = 2147483647;
    maxDepth = 50;
    snapshotKeyHonorModalViews = 0;
    traverseFromParentsToChildren = 1;
}.
22:50:36.192 WebDriverAgentRunner-Runner[1324:114132] Creating future for 'fetching snapshot from testmanagerd.' with timeout 65.00
22:50:36.192 WebDriverAgentRunner-Runner[1324:114132] <XCTWaiter: 0x11175e340> entering wait loop for 65.00s with expectations: `fetching snapshot from testmanagerd.`
22:50:36.535 WebDriverAgentRunner-Runner[1324:114157] Got snapshot response with runtime issue support from testmanagerd.
22:50:36.535 WebDriverAgentRunner-Runner[1324:114132] Returning result XCTWaiterResultCompleted for synchronous waiter <XCTWaiter: 0x11175e340>
22:50:36.536 WebDriverAgentRunner-Runner[1324:114132] Wait <XCTWaiterWait: 0x11ac82180> completed after 0.343s
22:50:36.536 WebDriverAgentRunner-Runner[1324:114132] cleaning up fetching snapshot from testmanagerd.
22:50:36.536 WebDriverAgentRunner-Runner[1324:114132] Creating future for 'getting interface orientation' with timeout 65.00
22:50:36.536 WebDriverAgentRunner-Runner[1324:114132] <XCTWaiter: 0x11175e250> entering wait loop for 65.00s with expectations: `getting interface orientation`
22:50:36.537 WebDriverAgentRunner-Runner[1324:114132] Returning result XCTWaiterResultCompleted for synchronous waiter <XCTWaiter: 0x11175e250>
22:50:36.538 WebDriverAgentRunner-Runner[1324:114132] Wait <XCTWaiterWait: 0x11accc1c0> completed after 0.001s
22:50:36.538 WebDriverAgentRunner-Runner[1324:114132] cleaning up getting interface orientation
22:50:36.538 WebDriverAgentRunner-Runner[1324:114132] Creating future for 'getting screen identifiers' with timeout 30.00
22:50:36.538 WebDriverAgentRunner-Runner[1324:114132] <XCTWaiter: 0x11175e5b0> entering wait loop for 30.00s with expectations: `getting screen identifiers`
22:50:36.538 WebDriverAgentRunner-Runner[1324:114132] Returning result XCTWaiterResultCompleted for synchronous waiter <XCTWaiter: 0x11175e5b0>
22:50:36.538 WebDriverAgentRunner-Runner[1324:114132] Wait <XCTWaiterWait: 0x11accd0c0> completed after 0.000s
22:50:36.538 WebDriverAgentRunner-Runner[1324:114132] cleaning up getting screen identifiers
22:50:36.539 WebDriverAgentRunner-Runner[1324:114132] Creating future for 'getting screen scale' with timeout 30.00
22:50:36.539 WebDriverAgentRunner-Runner[1324:114132] <XCTWaiter: 0x11175ea00> entering wait loop for 30.00s with expectations: `getting screen scale`
22:50:36.539 WebDriverAgentRunner-Runner[1324:114132] Returning result XCTWaiterResultCompleted for synchronous waiter <XCTWaiter: 0x11175ea00>
22:50:36.539 WebDriverAgentRunner-Runner[1324:114132] Wait <XCTWaiterWait: 0x11acccec0> completed after 0.000s
22:50:36.539 WebDriverAgentRunner-Runner[1324:114132] cleaning up getting screen scale
22:50:36.561 WebDriverAgentRunner-Runner[1324:114132] Creating future for 'fetching attributes 'XC_kAXXCAttributeSystemAppApplication' for Device system-wide element' with timeout 65.00
22:50:36.561 WebDriverAgentRunner-Runner[1324:114132] <XCTWaiter: 0x11175ebe0> entering wait loop for 65.00s with expectations: `fetching attributes 'XC_kAXXCAttributeSystemAppApplication' for Device system-wide element`
22:50:36.561 WebDriverAgentRunner-Runner[1324:114157] Got attribute fetch response with values {
    "XC_kAXXCAttributeSystemAppApplication" = "AX element pid: 174, elementOrHash.elementID: 0.1";
}, error: (null)
22:50:36.562 WebDriverAgentRunner-Runner[1324:114132] Returning result XCTWaiterResultCompleted for synchronous waiter <XCTWaiter: 0x11175ebe0>
22:50:36.562 WebDriverAgentRunner-Runner[1324:114132] Wait <XCTWaiterWait: 0x11accc080> completed after 0.001s
22:50:36.562 WebDriverAgentRunner-Runner[1324:114132] cleaning up fetching attributes 'XC_kAXXCAttributeSystemAppApplication' for Device system-wide element
22:50:36.562 WebDriverAgentRunner-Runner[1324:114132] Creating future for 'fetching attributes 'XC_kAXXCAttributeFocusedApplications' for AX element pid: 174, elementOrHash.elementID: 0.1' with timeout 65.00
22:50:36.562 WebDriverAgentRunner-Runner[1324:114132] <XCTWaiter: 0x11175c7e0> entering wait loop for 65.00s with expectations: `fetching attributes 'XC_kAXXCAttributeFocusedApplications' for AX element pid: 174, elementOrHash.elementID: 0.1`
22:50:36.568 WebDriverAgentRunner-Runner[1324:114433] Got attribute fetch response with values {
    "XC_kAXXCAttributeFocusedApplications" =     (
        "AX element pid: 303, elementOrHash.elementID: 0.1",
        "AX element pid: 174, elementOrHash.elementID: 0.1"
    );
}, error: (null)
22:50:36.568 WebDriverAgentRunner-Runner[1324:114132] Returning result XCTWaiterResultCompleted for synchronous waiter <XCTWaiter: 0x11175c7e0>
22:50:36.568 WebDriverAgentRunner-Runner[1324:114132] Wait <XCTWaiterWait: 0x11accd000> completed after 0.006s
22:50:36.568 WebDriverAgentRunner-Runner[1324:114132] cleaning up fetching attributes 'XC_kAXXCAttributeFocusedApplications' for AX element pid: 174, elementOrHash.elementID: 0.1
22:50:36.568 WebDriverAgentRunner-Runner[1324:114132] Active application elements: (
    "AX element pid: 303, elementOrHash.elementID: 0.1",
    "AX element pid: 174, elementOrHash.elementID: 0.1"
)
22:50:36.592 WebDriverAgentRunner-Runner[1324:114132] Creating future for 'getting interface orientation' with timeout 65.00
22:50:36.592 WebDriverAgentRunner-Runner[1324:114132] <XCTWaiter: 0x11175c4b0> entering wait loop for 65.00s with expectations: `getting interface orientation`
22:50:36.592 WebDriverAgentRunner-Runner[1324:114132] Returning result XCTWaiterResultCompleted for synchronous waiter <XCTWaiter: 0x11175c4b0>
22:50:36.592 WebDriverAgentRunner-Runner[1324:114132] Wait <XCTWaiterWait: 0x11acccc40> completed after 0.001s
22:50:36.593 WebDriverAgentRunner-Runner[1324:114132] cleaning up getting interface orientation
22:50:36.593 WebDriverAgentRunner-Runner[1324:114132] Requesting local synthesis of event: 
<XCSynthesizedEventRecord 'Swipe Point Array display 0'>
Path 1:
	Touch down at 683.0, 512.0, offset=0.00s
	Move to 820.0, 512.0, offset=0.08s
	Move to 957.0, 512.0, offset=0.16s
	Touch up at 957.0, 512.0, offset=0.17s
22:50:36.647 WebDriverAgentRunner-Runner[1324:114157] Handling kAXPidStatusChangedNotification
22:50:36.648 WebDriverAgentRunner-Runner[1324:114157] Got kAXPidStatusChangedNotification for pid 1212: active
22:50:36.648 WebDriverAgentRunner-Runner[1324:114433] Handling kAXPidStatusChangedNotification
22:50:36.648 WebDriverAgentRunner-Runner[1324:114433] Got kAXPidStatusChangedNotification for pid 305: active
22:50:36.696 WebDriverAgentRunner-Runner[1324:114132] No application process found matching pid 1212, caching
22:50:36.697 WebDriverAgentRunner-Runner[1324:114132] No application process found matching pid 305, caching
22:50:36.804 WebDriverAgentRunner-Runner[1324:114433] Handling kAXUserTestingNotification
22:50:36.804 WebDriverAgentRunner-Runner[1324:114433] Received kAXUserTestingNotification from AX element pid: 174, elementOrHash.elementID: 0.1: {
    event = TouchEventsCompleted;
}
22:50:36.805 WebDriverAgentRunner-Runner[1324:114433] Handling kAXUserTestingNotification
22:50:36.805 WebDriverAgentRunner-Runner[1324:114433] Received kAXUserTestingNotification from AX element pid: 174, elementOrHash.elementID: 0.1: {
    controllerClass = SBSpotlightTransientOverlayViewController;
    event = ViewDidAppear;
}
22:50:36.806 WebDriverAgentRunner-Runner[1324:114433] Handling kAXUserTestingNotification
22:50:36.806 WebDriverAgentRunner-Runner[1324:114433] Received kAXUserTestingNotification from AX element pid: 174, elementOrHash.elementID: 0.1: {
    controllerClass = SBSpotlightTransientOverlaySpotlightViewController;
    event = ViewDidAppear;
}
22:50:36.806 WebDriverAgentRunner-Runner[1324:114433] Handling kAXUserTestingNotification
22:50:36.806 WebDriverAgentRunner-Runner[1324:114433] Received kAXUserTestingNotification from AX element pid: 174, elementOrHash.elementID: 0.1: {
    controllerClass = SPUIRemoteSearchViewController;
    event = ViewDidAppear;
}
22:50:36.807 WebDriverAgentRunner-Runner[1324:114433] Handling kAXUserTestingNotification
22:50:36.807 WebDriverAgentRunner-Runner[1324:114433] Received kAXUserTestingNotification from AX element pid: 174, elementOrHash.elementID: 0.1: {
    event = TouchEventsCompleted;
}
22:50:37.159 WebDriverAgentRunner-Runner[1324:114433] Handling kAXUserTestingNotification
22:50:37.160 WebDriverAgentRunner-Runner[1324:114433] Received kAXUserTestingNotification from AX element pid: 305, elementOrHash.elementID: 0.1: {
    controllerClass = SPUIResultsViewController;
    event = ViewDidAppear;
}
22:50:37.162 WebDriverAgentRunner-Runner[1324:114433] Handling kAXUserTestingNotification
22:50:37.163 WebDriverAgentRunner-Runner[1324:114433] Received kAXUserTestingNotification from AX element pid: 305, elementOrHash.elementID: 0.1: {
    controllerClass = SearchUIResultsCollectionViewController;
    event = ViewDidAppear;
}
22:50:37.165 WebDriverAgentRunner-Runner[1324:114433] Handling kAXUserTestingNotification
22:50:37.167 WebDriverAgentRunner-Runner[1324:114433] Received kAXUserTestingNotification from AX element pid: 305, elementOrHash.elementID: 0.1: {
    controllerClass = SPUIProactiveResultsViewController;
    event = ViewDidDisappear;
}
22:50:37.168 WebDriverAgentRunner-Runner[1324:114433] Handling kAXUserTestingNotification
22:50:37.170 WebDriverAgentRunner-Runner[1324:114433] Received kAXUserTestingNotification from AX element pid: 305, elementOrHash.elementID: 0.1: {
    controllerClass = SearchUIResultsCollectionViewController;
    event = ViewDidDisappear;
}
22:50:37.226 WebDriverAgentRunner-Runner[1324:114157] Handling kAXPidStatusChangedNotification
22:50:37.227 WebDriverAgentRunner-Runner[1324:114157] Got kAXPidStatusChangedNotification for pid 1313: active
22:50:37.228 WebDriverAgentRunner-Runner[1324:114157] Handling kAXUserTestingNotification
22:50:37.229 WebDriverAgentRunner-Runner[1324:114157] Received kAXUserTestingNotification from AX element pid: 174, elementOrHash.elementID: 0.1: {
    controllerClass = UICompatibilityInputViewController;
    event = ViewDidAppear;
}
22:50:37.253 WebDriverAgentRunner-Runner[1324:114155] Handling kAXUserTestingNotification
22:50:37.255 WebDriverAgentRunner-Runner[1324:114155] Received kAXUserTestingNotification from AX element pid: 305, elementOrHash.elementID: 0.1: {
    controllerClass = UICompatibilityInputViewController;
    event = ViewDidAppear;
}
22:50:37.257 WebDriverAgentRunner-Runner[1324:114155] Handling kAXUserTestingNotification
22:50:37.258 WebDriverAgentRunner-Runner[1324:114155] Received kAXUserTestingNotification from AX element pid: 305, elementOrHash.elementID: 0.1: {
    controllerClass = UISystemInputAssistantViewController;
    event = ViewDidAppear;
}
22:50:37.260 WebDriverAgentRunner-Runner[1324:114155] Handling kAXUserTestingNotification
22:50:37.261 WebDriverAgentRunner-Runner[1324:114155] Received kAXUserTestingNotification from AX element pid: 305, elementOrHash.elementID: 0.1: {
    controllerClass = UIPredictionViewController;
    event = ViewDidAppear;
}
22:50:37.264 WebDriverAgentRunner-Runner[1324:114155] Handling kAXUserTestingNotification
22:50:37.267 WebDriverAgentRunner-Runner[1324:114155] Received kAXUserTestingNotification from AX element pid: 305, elementOrHash.elementID: 0.1: {
    controllerClass = UICompatibilityInputViewController;
    event = ViewDidDisappear;
}
22:50:37.269 WebDriverAgentRunner-Runner[1324:114155] Handling kAXUserTestingNotification
22:50:37.270 WebDriverAgentRunner-Runner[1324:114155] Received kAXUserTestingNotification from AX element pid: 305, elementOrHash.elementID: 0.1: {
    controllerClass = UISystemInputAssistantViewController;
    event = ViewDidDisappear;
}
22:50:37.275 WebDriverAgentRunner-Runner[1324:114155] Handling kAXUserTestingNotification
22:50:37.277 WebDriverAgentRunner-Runner[1324:114155] Received kAXUserTestingNotification from AX element pid: 305, elementOrHash.elementID: 0.1: {
    controllerClass = UIPredictionViewController;
    event = ViewDidDisappear;
}
22:50:37.279 WebDriverAgentRunner-Runner[1324:114155] Handling kAXPidStatusChangedNotification
22:50:37.281 WebDriverAgentRunner-Runner[1324:114155] Got kAXPidStatusChangedNotification for pid 1313: active
22:50:37.282 WebDriverAgentRunner-Runner[1324:114155] Handling kAXUserTestingNotification
22:50:37.282 WebDriverAgentRunner-Runner[1324:114155] Received kAXUserTestingNotification from AX element pid: 305, elementOrHash.elementID: 0.1: {
    controllerClass = UICompatibilityInputViewController;
    event = ViewDidAppear;
}
22:50:37.282 WebDriverAgentRunner-Runner[1324:114155] Handling kAXUserTestingNotification
22:50:37.282 WebDriverAgentRunner-Runner[1324:114155] Received kAXUserTestingNotification from AX element pid: 305, elementOrHash.elementID: 0.1: {
    controllerClass = UICompatibilityInputViewController;
    event = ViewDidDisappear;
}
22:50:37.323 WebDriverAgentRunner-Runner[1324:114154] Handling kAXUserTestingNotification
22:50:37.326 WebDriverAgentRunner-Runner[1324:114154] Received kAXUserTestingNotification from AX element pid: 305, elementOrHash.elementID: 0.1: {
    controllerClass = UIInputWindowController;
    event = ViewDidAppear;
}
22:50:37.331 WebDriverAgentRunner-Runner[1324:114154] Handling kAXUserTestingNotification
22:50:37.333 WebDriverAgentRunner-Runner[1324:114154] Received kAXUserTestingNotification from AX element pid: 305, elementOrHash.elementID: 0.1: {
    controllerClass = UICompatibilityInputViewController;
    event = ViewDidAppear;
}
22:50:37.334 WebDriverAgentRunner-Runner[1324:114154] Handling kAXUserTestingNotification
22:50:37.335 WebDriverAgentRunner-Runner[1324:114154] Received kAXUserTestingNotification from AX element pid: 305, elementOrHash.elementID: 0.1: {
    controllerClass = UISystemInputAssistantViewController;
    event = ViewDidAppear;
}
22:50:37.336 WebDriverAgentRunner-Runner[1324:114154] Handling kAXUserTestingNotification
22:50:37.336 WebDriverAgentRunner-Runner[1324:114154] Received kAXUserTestingNotification from AX element pid: 305, elementOrHash.elementID: 0.1: {
    controllerClass = UIPredictionViewController;
    event = ViewDidAppear;
}
22:50:37.337 WebDriverAgentRunner-Runner[1324:114154] Handling kAXUserTestingNotification
22:50:37.337 WebDriverAgentRunner-Runner[1324:114154] Received kAXUserTestingNotification from AX element pid: 1212, elementOrHash.elementID: 0.1: {
    controllerClass = "_UIViewServiceViewControllerOperator";
    event = ViewDidAppear;
}
22:50:37.368 WebDriverAgentRunner-Runner[1324:114154] Handling kAXPidStatusChangedNotification
22:50:37.369 WebDriverAgentRunner-Runner[1324:114154] Got kAXPidStatusChangedNotification for pid 1313: active
22:50:37.381 WebDriverAgentRunner-Runner[1324:114155] Handling kAXPidStatusChangedNotification
22:50:37.381 WebDriverAgentRunner-Runner[1324:114155] Got kAXPidStatusChangedNotification for pid 1313: active
22:50:37.409 WebDriverAgentRunner-Runner[1324:114155] Handling kAXUserTestingNotification
22:50:37.409 WebDriverAgentRunner-Runner[1324:114155] Received kAXUserTestingNotification from AX element pid: 1212, elementOrHash.elementID: 0.1: {
    controllerClass = UIViewController;
    event = ViewDidAppear;
}
22:50:37.412 WebDriverAgentRunner-Runner[1324:114155] Handling kAXUserTestingNotification
22:50:37.412 WebDriverAgentRunner-Runner[1324:114155] Received kAXUserTestingNotification from AX element pid: 1212, elementOrHash.elementID: 0.1: {
    controllerClass = KVKeyboardViewController;
    event = ViewDidAppear;
}
22:50:37.413 WebDriverAgentRunner-Runner[1324:114155] Handling kAXUserTestingNotification
22:50:37.414 WebDriverAgentRunner-Runner[1324:114155] Received kAXUserTestingNotification from AX element pid: 1212, elementOrHash.elementID: 0.1: {
    controllerClass = KVEffectViewController;
    event = ViewDidAppear;
}
22:50:37.470 WebDriverAgentRunner-Runner[1324:114157] Handling kAXUserTestingNotification
22:50:37.472 WebDriverAgentRunner-Runner[1324:114157] Received kAXUserTestingNotification from AX element pid: 305, elementOrHash.elementID: 0.1: {
    controllerClass = "_UIRemoteInputViewController";
    event = ViewDidAppear;
}
22:50:37.479 WebDriverAgentRunner-Runner[1324:114157] Handling kAXUserTestingNotification
22:50:37.480 WebDriverAgentRunner-Runner[1324:114157] Received kAXUserTestingNotification from AX element pid: 1212, elementOrHash.elementID: 0.1: {
    controllerClass = KeyboardViewController;
    event = ViewDidAppear;
}
22:50:37.481 WebDriverAgentRunner-Runner[1324:114157] Handling kAXUserTestingNotification
22:50:37.483 WebDriverAgentRunner-Runner[1324:114157] Received kAXUserTestingNotification from AX element pid: 1212, elementOrHash.elementID: 0.1: {
    controllerClass = KVBackgroundViewController;
    event = ViewDidAppear;
}
22:50:37.485 WebDriverAgentRunner-Runner[1324:114157] Handling kAXUserTestingNotification
22:50:37.486 WebDriverAgentRunner-Runner[1324:114157] Received kAXUserTestingNotification from AX element pid: 1212, elementOrHash.elementID: 0.1: {
    controllerClass = UIViewController;
    event = ViewDidAppear;
}
22:50:37.487 WebDriverAgentRunner-Runner[1324:114157] Handling kAXUserTestingNotification
22:50:37.488 WebDriverAgentRunner-Runner[1324:114157] Received kAXUserTestingNotification from AX element pid: 1212, elementOrHash.elementID: 0.1: {
    controllerClass = KVKeyboardViewController;
    event = ViewDidAppear;
}
22:50:37.489 WebDriverAgentRunner-Runner[1324:114157] Handling kAXUserTestingNotification
22:50:37.491 WebDriverAgentRunner-Runner[1324:114157] Received kAXUserTestingNotification from AX element pid: 1212, elementOrHash.elementID: 0.1: {
    controllerClass = KVEffectViewController;
    event = ViewDidAppear;
}
22:50:37.735 WebDriverAgentRunner-Runner[1324:114433] Handling kAXPidStatusChangedNotification
22:50:37.735 WebDriverAgentRunner-Runner[1324:114433] Got kAXPidStatusChangedNotification for pid 879: active
22:50:37.737 WebDriverAgentRunner-Runner[1324:114155] Handling kAXUserTestingNotification
22:50:37.738 WebDriverAgentRunner-Runner[1324:114155] Received kAXUserTestingNotification from AX element pid: 305, elementOrHash.elementID: 0.1: {
    controllerClass = UICompatibilityInputViewController;
    event = ViewDidAppear;
}
22:50:39.237 WebDriverAgentRunner-Runner[1324:114154] Handling kAXPidStatusChangedNotification
22:50:39.238 WebDriverAgentRunner-Runner[1324:114154] Got kAXPidStatusChangedNotification for pid 1316: active
22:50:39.349 WebDriverAgentRunner-Runner[1324:114155] Handling kAXPidStatusChangedNotification
22:50:39.350 WebDriverAgentRunner-Runner[1324:114155] Got kAXPidStatusChangedNotification for pid 1316: active
22:50:39.407 WebDriverAgentRunner-Runner[1324:114154] Handling kAXPidStatusChangedNotification
22:50:39.408 WebDriverAgentRunner-Runner[1324:114154] Got kAXPidStatusChangedNotification for pid 1316: active
22:50:39.513 WebDriverAgentRunner-Runner[1324:114155] Handling kAXPidStatusChangedNotification
22:50:39.514 WebDriverAgentRunner-Runner[1324:114155] Got kAXPidStatusChangedNotification for pid 1316: active
22:51:28.355 WebDriverAgentRunner-Runner[1324:114154] Handling kAXUserTestingNotification
22:51:28.356 WebDriverAgentRunner-Runner[1324:114154] Received kAXUserTestingNotification from AX element pid: 174, elementOrHash.elementID: 0.1: {
    event = TouchEventsCompleted;
}
22:51:28.356 WebDriverAgentRunner-Runner[1324:114154] Handling kAXUserTestingNotification
22:51:28.357 WebDriverAgentRunner-Runner[1324:114154] Received kAXUserTestingNotification from AX element pid: 174, elementOrHash.elementID: 0.1: {
    event = TouchEventsCompleted;
}
22:51:28.365 WebDriverAgentRunner-Runner[1324:114154] Handling kAXPidStatusChangedNotification
22:51:28.365 WebDriverAgentRunner-Runner[1324:114154] Got kAXPidStatusChangedNotification for pid 1313: active
22:51:28.383 WebDriverAgentRunner-Runner[1324:114154] Handling kAXUserTestingNotification
22:51:28.385 WebDriverAgentRunner-Runner[1324:114154] Received kAXUserTestingNotification from AX element pid: 174, elementOrHash.elementID: 0.1: {
    controllerClass = UICompatibilityInputViewController;
    event = ViewDidDisappear;
}
22:51:28.396 WebDriverAgentRunner-Runner[1324:114190] Handling kAXUserTestingNotification
22:51:28.397 WebDriverAgentRunner-Runner[1324:114190] Received kAXUserTestingNotification from AX element pid: 174, elementOrHash.elementID: 0.1: {
    controllerClass = UICompatibilityInputViewController;
    event = ViewDidDisappear;
}
22:51:28.476 WebDriverAgentRunner-Runner[1324:114435] Handling kAXPidStatusChangedNotification
22:51:28.477 WebDriverAgentRunner-Runner[1324:114435] Got kAXPidStatusChangedNotification for pid 1313: active
22:51:28.823 WebDriverAgentRunner-Runner[1324:114435] Handling kAXUserTestingNotification
22:51:28.825 WebDriverAgentRunner-Runner[1324:114435] Received kAXUserTestingNotification from AX element pid: 1212, elementOrHash.elementID: 0.1: {
    controllerClass = KeyboardViewController;
    event = ViewDidDisappear;
}
22:51:28.828 WebDriverAgentRunner-Runner[1324:114435] Handling kAXUserTestingNotification
22:51:28.829 WebDriverAgentRunner-Runner[1324:114435] Received kAXUserTestingNotification from AX element pid: 1212, elementOrHash.elementID: 0.1: {
    controllerClass = KVBackgroundViewController;
    event = ViewDidDisappear;
}
22:51:28.830 WebDriverAgentRunner-Runner[1324:114435] Handling kAXUserTestingNotification
22:51:28.832 WebDriverAgentRunner-Runner[1324:114435] Received kAXUserTestingNotification from AX element pid: 1212, elementOrHash.elementID: 0.1: {
    controllerClass = UIViewController;
    event = ViewDidDisappear;
}
22:51:28.833 WebDriverAgentRunner-Runner[1324:114435] Handling kAXUserTestingNotification
22:51:28.834 WebDriverAgentRunner-Runner[1324:114435] Received kAXUserTestingNotification from AX element pid: 305, elementOrHash.elementID: 0.1: {
    controllerClass = UICompatibilityInputViewController;
    event = ViewDidDisappear;
}
22:51:28.836 WebDriverAgentRunner-Runner[1324:114435] Handling kAXUserTestingNotification
22:51:28.836 WebDriverAgentRunner-Runner[1324:114435] Received kAXUserTestingNotification from AX element pid: 1212, elementOrHash.elementID: 0.1: {
    controllerClass = KVKeyboardViewController;
    event = ViewDidDisappear;
}
22:51:28.837 WebDriverAgentRunner-Runner[1324:114435] Handling kAXUserTestingNotification
22:51:28.838 WebDriverAgentRunner-Runner[1324:114435] Received kAXUserTestingNotification from AX element pid: 1212, elementOrHash.elementID: 0.1: {
    controllerClass = KVEffectViewController;
    event = ViewDidDisappear;
}
22:51:28.840 WebDriverAgentRunner-Runner[1324:114435] Handling kAXUserTestingNotification
22:51:28.841 WebDriverAgentRunner-Runner[1324:114435] Received kAXUserTestingNotification from AX element pid: 305, elementOrHash.elementID: 0.1: {
    controllerClass = UICompatibilityInputViewController;
    event = ViewDidDisappear;
}
22:51:28.842 WebDriverAgentRunner-Runner[1324:114435] Handling kAXUserTestingNotification
22:51:28.843 WebDriverAgentRunner-Runner[1324:114435] Received kAXUserTestingNotification from AX element pid: 305, elementOrHash.elementID: 0.1: {
    controllerClass = "_UIRemoteInputViewController";
    event = ViewDidDisappear;
}
22:51:28.844 WebDriverAgentRunner-Runner[1324:114435] Handling kAXUserTestingNotification
22:51:28.844 WebDriverAgentRunner-Runner[1324:114435] Received kAXUserTestingNotification from AX element pid: 305, elementOrHash.elementID: 0.1: {
    controllerClass = UISystemInputAssistantViewController;
    event = ViewDidDisappear;
}
22:51:28.845 WebDriverAgentRunner-Runner[1324:114435] Handling kAXUserTestingNotification
22:51:28.846 WebDriverAgentRunner-Runner[1324:114435] Received kAXUserTestingNotification from AX element pid: 305, elementOrHash.elementID: 0.1: {
    controllerClass = UIPredictionViewController;
    event = ViewDidDisappear;
}
22:51:28.846 WebDriverAgentRunner-Runner[1324:114435] Handling kAXUserTestingNotification
22:51:28.846 WebDriverAgentRunner-Runner[1324:114435] Received kAXUserTestingNotification from AX element pid: 305, elementOrHash.elementID: 0.1: {
    controllerClass = UICompatibilityInputViewController;
    event = ViewDidDisappear;
}
22:51:28.846 WebDriverAgentRunner-Runner[1324:114435] Handling kAXUserTestingNotification
22:51:28.846 WebDriverAgentRunner-Runner[1324:114435] Received kAXUserTestingNotification from AX element pid: 305, elementOrHash.elementID: 0.1: {
    controllerClass = UICompatibilityInputViewController;
    event = ViewDidDisappear;
}
22:51:29.431 WebDriverAgentRunner-Runner[1324:115069] Handling kAXUserTestingNotification
22:51:29.432 WebDriverAgentRunner-Runner[1324:115069] Received kAXUserTestingNotification from AX element pid: 174, elementOrHash.elementID: 0.1: {
    controllerClass = SBSpotlightTransientOverlayViewController;
    event = ViewDidDisappear;
}
22:51:29.434 WebDriverAgentRunner-Runner[1324:115069] Handling kAXUserTestingNotification
22:51:29.436 WebDriverAgentRunner-Runner[1324:115069] Received kAXUserTestingNotification from AX element pid: 174, elementOrHash.elementID: 0.1: {
    controllerClass = SBSpotlightTransientOverlaySpotlightViewController;
    event = ViewDidDisappear;
}
22:51:29.534 WebDriverAgentRunner-Runner[1324:114435] Handling kAXUserTestingNotification
22:51:29.535 WebDriverAgentRunner-Runner[1324:114435] Received kAXUserTestingNotification from AX element pid: 174, elementOrHash.elementID: 0.1: {
    controllerClass = SPUIRemoteSearchViewController;
    event = ViewDidDisappear;
}
22:51:29.536 WebDriverAgentRunner-Runner[1324:114435] Handling kAXUserTestingNotification
22:51:29.536 WebDriverAgentRunner-Runner[1324:114435] Received kAXUserTestingNotification from AX element pid: 305, elementOrHash.elementID: 0.1: {
    controllerClass = SPUIProactiveResultsViewController;
    event = ViewDidAppear;
}
22:51:29.537 WebDriverAgentRunner-Runner[1324:114435] Handling kAXUserTestingNotification
22:51:29.538 WebDriverAgentRunner-Runner[1324:114435] Received kAXUserTestingNotification from AX element pid: 305, elementOrHash.elementID: 0.1: {
    controllerClass = SearchUIResultsCollectionViewController;
    event = ViewDidAppear;
}
22:51:29.539 WebDriverAgentRunner-Runner[1324:114435] Handling kAXUserTestingNotification
22:51:29.540 WebDriverAgentRunner-Runner[1324:114435] Received kAXUserTestingNotification from AX element pid: 305, elementOrHash.elementID: 0.1: {
    controllerClass = SPUIResultsViewController;
    event = ViewDidDisappear;
}
22:51:29.542 WebDriverAgentRunner-Runner[1324:114435] Handling kAXUserTestingNotification
22:51:29.543 WebDriverAgentRunner-Runner[1324:114435] Received kAXUserTestingNotification from AX element pid: 305, elementOrHash.elementID: 0.1: {
    controllerClass = SearchUIResultsCollectionViewController;
    event = ViewDidDisappear;
}
22:51:31.236 WebDriverAgentRunner-Runner[1324:114132] Creating future for 'fetching attributes 'XC_kAXXCAttributeSystemAppApplication' for Device system-wide element' with timeout 65.00
22:51:31.237 WebDriverAgentRunner-Runner[1324:114132] <XCTWaiter: 0x11175c8d0> entering wait loop for 65.00s with expectations: `fetching attributes 'XC_kAXXCAttributeSystemAppApplication' for Device system-wide element`
22:51:31.237 WebDriverAgentRunner-Runner[1324:114132] No application process found matching pid 1313, caching
22:51:31.238 WebDriverAgentRunner-Runner[1324:114132] No application process found matching pid 1313, caching
22:51:31.238 WebDriverAgentRunner-Runner[1324:114190] Got attribute fetch response with values {
    "XC_kAXXCAttributeSystemAppApplication" = "AX element pid: 174, elementOrHash.elementID: 0.1";
}, error: (null)
22:51:31.239 WebDriverAgentRunner-Runner[1324:114132] No application process found matching pid 1313, caching
22:51:31.239 WebDriverAgentRunner-Runner[1324:114132] No application process found matching pid 1313, caching
22:51:31.240 WebDriverAgentRunner-Runner[1324:114132] No application process found matching pid 879, caching
22:51:31.240 WebDriverAgentRunner-Runner[1324:114132] No application process found matching pid 1316, caching
22:51:31.241 WebDriverAgentRunner-Runner[1324:114132] No application process found matching pid 1316, caching
22:51:31.242 WebDriverAgentRunner-Runner[1324:114132] No application process found matching pid 1316, caching
22:51:31.242 WebDriverAgentRunner-Runner[1324:114132] No application process found matching pid 1316, caching
22:51:31.243 WebDriverAgentRunner-Runner[1324:114132] No application process found matching pid 1313, caching
22:51:31.244 WebDriverAgentRunner-Runner[1324:114132] No application process found matching pid 1313, caching
22:51:31.244 WebDriverAgentRunner-Runner[1324:114132] Returning result XCTWaiterResultCompleted for synchronous waiter <XCTWaiter: 0x11175c8d0>
22:51:31.245 WebDriverAgentRunner-Runner[1324:114132] Wait <XCTWaiterWait: 0x11accd140> completed after 0.008s
22:51:31.246 WebDriverAgentRunner-Runner[1324:114132] cleaning up fetching attributes 'XC_kAXXCAttributeSystemAppApplication' for Device system-wide element
22:51:31.247 WebDriverAgentRunner-Runner[1324:114132] <XCTContext: 0x1101c8ff0> started activity <XCActivityRecord: 0x110d5ddc0> 2026-07-19 15:51:31 +0000: Get all elements bound by index for: Descendants matching type StatusBar
    t =    82.16s Get all elements bound by index for: Descendants matching type StatusBar
22:51:31.249 WebDriverAgentRunner-Runner[1324:114132] Creating future for 'getting screen identifiers' with timeout 30.00
22:51:31.250 WebDriverAgentRunner-Runner[1324:114132] <XCTWaiter: 0x11175cae0> entering wait loop for 30.00s with expectations: `getting screen identifiers`
22:51:31.251 WebDriverAgentRunner-Runner[1324:114132] Returning result XCTWaiterResultCompleted for synchronous waiter <XCTWaiter: 0x11175cae0>
22:51:31.251 WebDriverAgentRunner-Runner[1324:114132] Wait <XCTWaiterWait: 0x11accd0c0> completed after 0.002s
22:51:31.252 WebDriverAgentRunner-Runner[1324:114132] cleaning up getting screen identifiers
22:51:31.253 WebDriverAgentRunner-Runner[1324:114132] Executing query:
↪︎ Descendants matching type StatusBar
22:51:31.253 WebDriverAgentRunner-Runner[1324:114132] Creating future for 'checking for continuity enablement' with timeout 30.00
22:51:31.254 WebDriverAgentRunner-Runner[1324:114132] <XCTWaiter: 0x11175ca80> entering wait loop for 30.00s with expectations: `checking for continuity enablement`
22:51:31.256 WebDriverAgentRunner-Runner[1324:114132] Returning result XCTWaiterResultCompleted for synchronous waiter <XCTWaiter: 0x11175ca80>
22:51:31.257 WebDriverAgentRunner-Runner[1324:114132] Wait <XCTWaiterWait: 0x11accd000> completed after 0.003s
22:51:31.258 WebDriverAgentRunner-Runner[1324:114132] cleaning up checking for continuity enablement
22:51:31.259 WebDriverAgentRunner-Runner[1324:114132] Should evaluate query remotely? XCTDisableRemoteQueryEvaluation(d-write): YES, hasAutomationSession: YES, supportsRemoteEvaluation: YES
22:51:31.259 WebDriverAgentRunner-Runner[1324:114132] Getting matching snapshots for locally evaluated query
22:51:31.260 WebDriverAgentRunner-Runner[1324:114132] Evaluating query:
 ↪︎ Descendants matching type StatusBar
22:51:31.260 WebDriverAgentRunner-Runner[1324:114132] Getting root element snapshot
22:51:31.261 WebDriverAgentRunner-Runner[1324:114132] Getting snapshot for App element pid: 174 for query ↪︎ Descendants matching type StatusBar
22:51:31.261 WebDriverAgentRunner-Runner[1324:114132] <XCTContext: 0x1101c8ff0> started activity <XCActivityRecord: 0x110d5d180> 2026-07-19 15:51:31 +0000: Requesting snapshot of accessibility hierarchy for app with pid 174
    t =    82.18s     Requesting snapshot of accessibility hierarchy for app with pid 174
22:51:31.263 WebDriverAgentRunner-Runner[1324:114132] Query requires iOS snapshot attributes XC_kAXXCAttributeElementType, XC_kAXXCAttributeElementBaseType, XC_kAXXCAttributeAutomationType, XC_kAXXCAttributeTraits.
22:51:31.263 WebDriverAgentRunner-Runner[1324:114132] XCUIElementQuery <XCTElementSnapshotProvider> getting snapshot
22:51:31.263 WebDriverAgentRunner-Runner[1324:114132] Snapshot request has custom attributes XC_kAXXCAttributeElementType, XC_kAXXCAttributeElementBaseType, XC_kAXXCAttributeAutomationType, XC_kAXXCAttributeTraits
22:51:31.263 WebDriverAgentRunner-Runner[1324:114132] Snapshot request has custom parameters {
    snapshotKeyHonorModalViews = 0;
}
22:51:31.264 WebDriverAgentRunner-Runner[1324:114132] Current snapshot generation is 34
22:51:31.264 WebDriverAgentRunner-Runner[1324:114132] Capturing a new snapshot
22:51:31.264 WebDriverAgentRunner-Runner[1324:114132] Fetching snapshot for App element pid: 174 from testmanagerd with attributes XC_kAXXCAttributeElementType, XC_kAXXCAttributeElementBaseType, XC_kAXXCAttributeParent, XC_kAXXCAttributeIdentifier, XC_kAXXCAttributeAutomationType, XC_kAXXCAttributeTraits and parameters {
    maxArrayCount = 2147483647;
    maxChildren = 2147483647;
    maxDepth = 50;
    snapshotKeyHonorModalViews = 0;
    traverseFromParentsToChildren = 1;
}.
22:51:31.264 WebDriverAgentRunner-Runner[1324:114132] Creating future for 'fetching snapshot from testmanagerd.' with timeout 65.00
22:51:31.265 WebDriverAgentRunner-Runner[1324:114132] <XCTWaiter: 0x11175d4a0> entering wait loop for 65.00s with expectations: `fetching snapshot from testmanagerd.`
22:51:31.517 WebDriverAgentRunner-Runner[1324:115069] Got snapshot response with runtime issue support from testmanagerd.
22:51:31.518 WebDriverAgentRunner-Runner[1324:114132] Returning result XCTWaiterResultCompleted for synchronous waiter <XCTWaiter: 0x11175d4a0>
22:51:31.518 WebDriverAgentRunner-Runner[1324:114132] Wait <XCTWaiterWait: 0x11accc680> completed after 0.253s
22:51:31.518 WebDriverAgentRunner-Runner[1324:114132] cleaning up fetching snapshot from testmanagerd.
22:51:31.519 WebDriverAgentRunner-Runner[1324:114132] <XCTContext: 0x1101c8ff0> finished activity <XCActivityRecord: 0x110d5d180> 2026-07-19 15:51:31 +0000: Requesting snapshot of accessibility hierarchy for app with pid 174 (0.257612s)
22:51:31.519 WebDriverAgentRunner-Runner[1324:114132] XCTPerformOnMainRunLoop[MT]: already on MT; performing block without run loop dispatch - timeouts will not be enforced.
22:51:31.519 WebDriverAgentRunner-Runner[1324:114132] XCTElementQuery: set data source for rootElementSnapshot to (null)
22:51:31.519 WebDriverAgentRunner-Runner[1324:114132] Finding all matches with input Application, pid: 174 using transformers 
↪︎ Descendants matching type StatusBar
22:51:31.519 WebDriverAgentRunner-Runner[1324:114132] <XCTContext: 0x1101c8ff0> started activity <XCActivityRecord: 0x110d5d180> 2026-07-19 15:51:31 +0000: Find: Descendants matching type StatusBar
    t =    82.43s     Find: Descendants matching type StatusBar
22:51:31.523 WebDriverAgentRunner-Runner[1324:114132] <XCTContext: 0x1101c8ff0> finished activity <XCActivityRecord: 0x110d5d180> 2026-07-19 15:51:31 +0000: Find: Descendants matching type StatusBar (0.00340295s)
22:51:31.523 WebDriverAgentRunner-Runner[1324:114132] [Match All] applied transformer `Descendants matching type StatusBar` to input {(
    Application, pid: 174
)}, found {(
    StatusBar
)}
22:51:31.523 WebDriverAgentRunner-Runner[1324:114132] [Match All] setting out related elements {(
)}
22:51:31.529 WebDriverAgentRunner-Runner[1324:114132] Current tree:
Application, 0x11acca940, pid: 174 <App element pid: 174>
  Window, 0x11accaa80 <AX element pid: 174, elementOrHash.elementID: 36032084992.10>
    Other, 0x11accabc0 <AX element pid: 174, elementOrHash.elementID: 35948119808.19>
      Other, 0x11accad00 <AX element pid: 174, elementOrHash.elementID: 35948120256.30>
        Image, 0x11accae40 <AX element pid: 174, elementOrHash.elementID: 36036531200.42>
        Image, 0x11accaf80 <AX element pid: 174, elementOrHash.elementID: 36036531712.43>
      Other, 0x11accb0c0 <AX element pid: 174, elementOrHash.elementID: 35948119360.31>
        Other, 0x11accb200 <AX element pid: 174, elementOrHash.elementID: 35948131904.44>
          Other, 0x11accb340 <AX element pid: 174, elementOrHash.elementID: 35941697024.53>
            Other, 0x11accb480 <AX element pid: 174, elementOrHash.elementID: 35948131456.62>
              Other, 0x11accb5c0 <AX element pid: 174, elementOrHash.elementID: 35948131008.97>
            Icon, 0x11accb700 <AX element pid: 174, elementOrHash.elementID: 36035587328.63>
              Icon, 0x11accb840 <AX element pid: 174, elementOrHash.elementID: 36035839104.98>
              Icon, 0x11accb980 <AX element pid: 174, elementOrHash.elementID: 36035839296.99>
              Icon, 0x11accbac0 <AX element pid: 174, elementOrHash.elementID: 36035839488.100>
              Icon, 0x11accbc00 <AX element pid: 174, elementOrHash.elementID: 36035839872.101>
              Icon, 0x11accbd40 <AX element pid: 174, elementOrHash.elementID: 36035840064.102>
              Icon, 0x11accbe80 <AX element pid: 174, elementOrHash.elementID: 36024175808.103>
              Icon, 0x1100c7d40 <AX element pid: 174, elementOrHash.elementID: 36023792960.104>
              Icon, 0x1100c7c00 <AX element pid: 174, elementOrHash.elementID: 36024840576.105>
              Icon, 0x1100c6f80 <AX element pid: 174, elementOrHash.elementID: 36024206656.106>
              Icon, 0x11ac15180 <AX element pid: 174, elementOrHash.elementID: 36023793344.107>
              Icon, 0x11ac152c0 <AX element pid: 174, elementOrHash.elementID: 36024183296.108>
              Icon, 0x11ac14f00 <AX element pid: 174, elementOrHash.elementID: 36024259456.109>
              Icon, 0x11ac15040 <AX element pid: 174, elementOrHash.elementID: 36024838464.110>
              Icon, 0x11ac14dc0 <AX element pid: 174, elementOrHash.elementID: 36024596928.111>
              Icon, 0x11ac14000 <AX element pid: 174, elementOrHash.elementID: 36024207040.112>
              Icon, 0x11ac14140 <AX element pid: 174, elementOrHash.elementID: 36024209536.113>
              Icon, 0x11ac14280 <AX element pid: 174, elementOrHash.elementID: 36024186176.114>
            Icon, 0x11ac14780 <AX element pid: 174, elementOrHash.elementID: 36035588864.64>
              Icon, 0x11ac14c80 <AX element pid: 174, elementOrHash.elementID: 35904843776.1376>
                Other, 0x11ac14b40 <AX element pid: 174, elementOrHash.elementID: 35889589184.1392>
                  Other, 0x11ac14a00 <AX element pid: 174, elementOrHash.elementID: 35889590080.1413>
                    Other, 0x11ac148c0 <AX element pid: 174, elementOrHash.elementID: 36042307072.1621>
                      Other, 0x11ac143c0 <AX element pid: 174, elementOrHash.elementID: 35875789696.2048>
                  Other, 0x11ac14640 <AX element pid: 174, elementOrHash.elementID: 35888248576.1414>
                    Other, 0x11ac14500 <AX element pid: 174, elementOrHash.elementID: 35889591872.1439>
                      Image, 0x1117cc000 <AX element pid: 174, elementOrHash.elementID: 36055018496.1472>
                      Image, 0x1117cc140 <AX element pid: 174, elementOrHash.elementID: 36055013376.1473>
              Icon, 0x1117cc280 <AX element pid: 174, elementOrHash.elementID: 35943727104.116>
                Other, 0x1117cc3c0 <AX element pid: 174, elementOrHash.elementID: 35943609472.158>
                  Other, 0x1117cc500 <AX element pid: 174, elementOrHash.elementID: 35923107712.197>
                    Other, 0x1117cc640 <AX element pid: 174, elementOrHash.elementID: 35889717376.1637>
                      Other, 0x1117cc780 <AX element pid: 174, elementOrHash.elementID: 35875796736.2049>
                  Other, 0x1117cc8c0 <AX element pid: 174, elementOrHash.elementID: 35904820864.198>
                    Other, 0x1117cca00 <AX element pid: 174, elementOrHash.elementID: 35923099648.265>
                      Image, 0x1117ccb40 <AX element pid: 174, elementOrHash.elementID: 36044152320.334>
                      Image, 0x1117ccc80 <AX element pid: 174, elementOrHash.elementID: 36044151808.335>
              Icon, 0x1117ccdc0 <AX element pid: 174, elementOrHash.elementID: 35943579648.129>
                Other, 0x1117ccf00 <AX element pid: 174, elementOrHash.elementID: 35943596032.171>
                  Other, 0x1117cd040 <AX element pid: 174, elementOrHash.elementID: 35909462080.223>
                    Other, 0x1117cd180 <AX element pid: 174, elementOrHash.elementID: 35904822144.264>
                      Other, 0x1117cd2c0 <AX element pid: 174, elementOrHash.elementID: 35875790976.2050>
                  Other, 0x1117cd400 <AX element pid: 174, elementOrHash.elementID: 35903662080.224>
                    Other, 0x1117cd540 <AX element pid: 174, elementOrHash.elementID: 35909456704.291>
                      Image, 0x1117cd680 <AX element pid: 174, elementOrHash.elementID: 36045230080.373>
                      Image, 0x1117cd7c0 <AX element pid: 174, elementOrHash.elementID: 36045229568.374>
              Icon, 0x1117cd900 <AX element pid: 174, elementOrHash.elementID: 35905393152.1552>
                Other, 0x1117cda40 <AX element pid: 174, elementOrHash.elementID: 35889623744.1571>
                  Other, 0x1117cdb80 <AX element pid: 174, elementOrHash.elementID: 35889624192.1597>
                    Other, 0x1117cdcc0 <AX element pid: 174, elementOrHash.elementID: 35943798400.306>
                      Other, 0x1117cde00 <AX element pid: 174, elementOrHash.elementID: 35875797376.2051>
                  Other, 0x1117cdf40 <AX element pid: 174, elementOrHash.elementID: 35889769088.1598>
                    Other, 0x1117ce080 <AX element pid: 174, elementOrHash.elementID: 35889624640.1636>
                      Image, 0x1117ce1c0 <AX element pid: 174, elementOrHash.elementID: 36055533056.1687>
                      Image, 0x1117ce300 <AX element pid: 174, elementOrHash.elementID: 36055532544.1688>
              Icon, 0x1117ce440 <AX element pid: 174, elementOrHash.elementID: 35943706624.1143>
                Other, 0x1117ce580 <AX element pid: 174, elementOrHash.elementID: 35943608576.1567>
                  Other, 0x1117ce6c0 <AX element pid: 174, elementOrHash.elementID: 35921976768.1589>
                    Other, 0x1117ce800 <AX element pid: 174, elementOrHash.elementID: 35887330432.2047>
                      Other, 0x1117ce940 <AX element pid: 174, elementOrHash.elementID: 35891044480.2052>
                  Other, 0x1117cea80 <AX element pid: 174, elementOrHash.elementID: 35903654400.1590>
                    Other, 0x1117cebc0 <AX element pid: 174, elementOrHash.elementID: 35887731968.1628>
                      Image, 0x1117ced00 <AX element pid: 174, elementOrHash.elementID: 36053854208.1672>
                      Image, 0x1117cee40 <AX element pid: 174, elementOrHash.elementID: 36053856768.1673>
              Icon, 0x1117cef80 <AX element pid: 174, elementOrHash.elementID: 35956191232.134>
                Other, 0x1117cf0c0 <AX element pid: 174, elementOrHash.elementID: 35948133248.176>
                  Other, 0x1117cf200 <AX element pid: 174, elementOrHash.elementID: 35909465216.233>
                    Other, 0x1117cf340 <AX element pid: 174, elementOrHash.elementID: 35976178944.300>
                      Other, 0x1117cf480 <AX element pid: 174, elementOrHash.elementID: 35887331712.2053>
                  Other, 0x1117cf5c0 <AX element pid: 174, elementOrHash.elementID: 35976173824.234>
                    Other, 0x1117cf700 <AX element pid: 174, elementOrHash.elementID: 35909466112.301>
                      Image, 0x1117cf840 <AX element pid: 174, elementOrHash.elementID: 36039490560.388>
                      Image, 0x1117cf980 <AX element pid: 174, elementOrHash.elementID: 36039488512.389>
              Icon, 0x1117cfac0 <AX element pid: 174, elementOrHash.elementID: 35943679488.1563>
                Other, 0x1117cfc00 <AX element pid: 174, elementOrHash.elementID: 35943600960.1582>
                  Other, 0x1117cfd40 <AX element pid: 174, elementOrHash.elementID: 35887739584.1619>
                    Other, 0x1117cfe80 <AX element pid: 174, elementOrHash.elementID: 36017871744.288>
                      Other, 0x1117e8000 <AX element pid: 174, elementOrHash.elementID: 35875785856.2054>
                  Other, 0x1117e8140 <AX element pid: 174, elementOrHash.elementID: 35888281984.1620>
                    Other, 0x1117e8280 <AX element pid: 174, elementOrHash.elementID: 35887734208.1658>
                      Image, 0x1117e83c0 <AX element pid: 174, elementOrHash.elementID: 36053844480.1724>
                      Image, 0x1117e8500 <AX element pid: 174, elementOrHash.elementID: 36053843968.1725>
              Icon, 0x1117e8640 <AX element pid: 174, elementOrHash.elementID: 35904517632.1550>
                Other, 0x1117e8780 <AX element pid: 174, elementOrHash.elementID: 35892693632.1569>
                  Other, 0x1117e88c0 <AX element pid: 174, elementOrHash.elementID: 35892704384.1593>
                    Other, 0x1117e8a00 <AX element pid: 174, elementOrHash.elementID: 35887504896.1631>
                      Other, 0x1117e8b40 <AX element pid: 174, elementOrHash.elementID: 35875790336.2055>
                  Other, 0x1117e8c80 <AX element pid: 174, elementOrHash.elementID: 35888235136.1594>
                    Other, 0x1117e8dc0 <AX element pid: 174, elementOrHash.elementID: 35892692288.1632>
                      Image, 0x1117e8f00 <AX element pid: 174, elementOrHash.elementID: 36053856256.1679>
                      Image, 0x1117e9040 <AX element pid: 174, elementOrHash.elementID: 36053851136.1680>
              Icon, 0x1117e9180 <AX element pid: 174, elementOrHash.elementID: 35905394688.1556>
                Other, 0x1117e92c0 <AX element pid: 174, elementOrHash.elementID: 35889625088.1575>
                  Other, 0x1117e9400 <AX element pid: 174, elementOrHash.elementID: 35889625536.1605>
                    Other, 0x1117e9540 <AX element pid: 174, elementOrHash.elementID: 35889827584.1643>
                      Other, 0x1117e9680 <AX element pid: 174, elementOrHash.elementID: 35875795456.2056>
                  Other, 0x1117e97c0 <AX element pid: 174, elementOrHash.elementID: 35889771008.1606>
                    Other, 0x1117e9900 <AX element pid: 174, elementOrHash.elementID: 35889625984.1644>
                      Image, 0x1117e9a40 <AX element pid: 174, elementOrHash.elementID: 36055534080.1702>
                      Image, 0x1117e9b80 <AX element pid: 174, elementOrHash.elementID: 36055533568.1703>
              Icon, 0x1117e9cc0 <AX element pid: 174, elementOrHash.elementID: 35904840704.1561>
                Other, 0x1117e9e00 <AX element pid: 174, elementOrHash.elementID: 35889589632.1580>
                  Other, 0x1117e9f40 <AX element pid: 174, elementOrHash.elementID: 35889588288.1615>
                    Other, 0x1117ea080 <AX element pid: 174, elementOrHash.elementID: 35888230272.1654>
                      Other, 0x1117ea1c0 <AX element pid: 174, elementOrHash.elementID: 35875798016.2057>
                  Other, 0x1117ea300 <AX element pid: 174, elementOrHash.elementID: 35888242816.1616>
                    Other, 0x1117ea440 <AX element pid: 174, elementOrHash.elementID: 35889588736.1655>
                      Image, 0x1117ea580 <AX element pid: 174, elementOrHash.elementID: 36055023104.1718>
                      Image, 0x1117ea6c0 <AX element pid: 174, elementOrHash.elementID: 36055020544.1719>
              Icon, 0x1117ea800 <AX element pid: 174, elementOrHash.elementID: 35905489920.1560>
                Other, 0x1117ea940 <AX element pid: 174, elementOrHash.elementID: 35887708160.1579>
                  Other, 0x1117eaa80 <AX element pid: 174, elementOrHash.elementID: 35887694272.1613>
                    Other, 0x1117eabc0 <AX element pid: 174, elementOrHash.elementID: 35893129728.1640>
                      Other, 0x1117ead00 <AX element pid: 174, elementOrHash.elementID: 35891051520.2058>
                  Other, 0x1117eae40 <AX element pid: 174, elementOrHash.elementID: 35889714816.1614>
                    Other, 0x1117eaf80 <AX element pid: 174, elementOrHash.elementID: 35887695168.1653>
                      Image, 0x1117eb0c0 <AX element pid: 174, elementOrHash.elementID: 36055469568.1715>
                      Image, 0x1117eb200 <AX element pid: 174, elementOrHash.elementID: 36055469056.1716>
              Icon, 0x1117eb340 <AX element pid: 174, elementOrHash.elementID: 35904839168.1377>
                Other, 0x1117eb480 <AX element pid: 174, elementOrHash.elementID: 35887797504.1393>
                  Other, 0x1117eb5c0 <AX element pid: 174, elementOrHash.elementID: 35887807808.1415>
                    Other, 0x1117eb700 <AX element pid: 174, elementOrHash.elementID: 35889721216.1440>
                      Other, 0x1117eb840 <AX element pid: 174, elementOrHash.elementID: 35887332352.2059>
                  Other, 0x1117eb980 <AX element pid: 174, elementOrHash.elementID: 35888221952.1416>
                    Other, 0x1117ebac0 <AX element pid: 174, elementOrHash.elementID: 35887797952.1442>
                      Image, 0x1117ebc00 <AX element pid: 174, elementOrHash.elementID: 36055015424.1476>
                      Image, 0x1117ebd40 <AX element pid: 174, elementOrHash.elementID: 36055019520.1477>
              Icon, 0x1117ebe80 <AX element pid: 174, elementOrHash.elementID: 35943695872.140>
                Other, 0x1117ec000 <AX element pid: 174, elementOrHash.elementID: 35943605440.182>
                  Other, 0x1117ec140 <AX element pid: 174, elementOrHash.elementID: 35909463872.245>
                    Other, 0x1117ec280 <AX element pid: 174, elementOrHash.elementID: 35976178304.313>
                      Other, 0x1117ec3c0 <AX element pid: 174, elementOrHash.elementID: 35875787776.2060>
                  Other, 0x1117ec500 <AX element pid: 174, elementOrHash.elementID: 35908194688.246>
                    Other, 0x1117ec640 <AX element pid: 174, elementOrHash.elementID: 35909454912.314>
                      Image, 0x1117ec780 <AX element pid: 174, elementOrHash.elementID: 36039489024.407>
                      Image, 0x1117ec8c0 <AX element pid: 174, elementOrHash.elementID: 36039489536.408>
              Icon, 0x1117eca00 <AX element pid: 174, elementOrHash.elementID: 35905492992.1548>
                Other, 0x1117ecb40 <AX element pid: 174, elementOrHash.elementID: 35889611648.1566>
                  Other, 0x1117ecc80 <AX element pid: 174, elementOrHash.elementID: 35889612096.1587>
                    Other, 0x1117ecdc0 <AX element pid: 174, elementOrHash.elementID: 35888216448.1626>
                      Other, 0x1117ecf00 <AX element pid: 174, elementOrHash.elementID: 35875783296.2061>
                  Other, 0x1117ed040 <AX element pid: 174, elementOrHash.elementID: 35889718656.1588>
                    Other, 0x1117ed180 <AX element pid: 174, elementOrHash.elementID: 35889612544.1627>
                      Image, 0x1117ed2c0 <AX element pid: 174, elementOrHash.elementID: 36055472128.1667>
                      Image, 0x1117ed400 <AX element pid: 174, elementOrHash.elementID: 36055471616.1668>
              Icon, 0x1117ed540 <AX element pid: 174, elementOrHash.elementID: 35904842240.1562>
                Other, 0x1117ed680 <AX element pid: 174, elementOrHash.elementID: 35889590528.1581>
                  Other, 0x1117ed7c0 <AX element pid: 174, elementOrHash.elementID: 35889590976.1617>
                    Other, 0x1117ed900 <AX element pid: 174, elementOrHash.elementID: 35888220672.1656>
                      Other, 0x1117eda40 <AX element pid: 174, elementOrHash.elementID: 35875792256.2062>
                  Other, 0x1117edb80 <AX element pid: 174, elementOrHash.elementID: 35888227712.1618>
                    Other, 0x1117edcc0 <AX element pid: 174, elementOrHash.elementID: 35889593664.1657>
                      Image, 0x1117ede00 <AX element pid: 174, elementOrHash.elementID: 36055022592.1721>
                      Image, 0x1117edf40 <AX element pid: 174, elementOrHash.elementID: 36055012864.1722>
              Icon, 0x1117ee080 <AX element pid: 174, elementOrHash.elementID: 35941709312.1555>
                Other, 0x1117ee1c0 <AX element pid: 174, elementOrHash.elementID: 35942350144.1574>
                  Other, 0x1117ee300 <AX element pid: 174, elementOrHash.elementID: 35887740480.1603>
                    Other, 0x1117ee440 <AX element pid: 174, elementOrHash.elementID: 35903660800.290>
                      Other, 0x1117ee580 <AX element pid: 174, elementOrHash.elementID: 35875793536.2063>
                  Other, 0x1117ee6c0 <AX element pid: 174, elementOrHash.elementID: 35888278784.1604>
                    Other, 0x1117ee800 <AX element pid: 174, elementOrHash.elementID: 35887736896.1642>
                      Image, 0x1117ee940 <AX element pid: 174, elementOrHash.elementID: 36052131328.1699>
                      Image, 0x1117eea80 <AX element pid: 174, elementOrHash.elementID: 36052126720.1700>
              Icon, 0x1117eebc0 <AX element pid: 174, elementOrHash.elementID: 35943691776.1546>
                Other, 0x1117eed00 <AX element pid: 174, elementOrHash.elementID: 35943604544.1564>
                  Other, 0x1117eee40 <AX element pid: 174, elementOrHash.elementID: 35957582336.1583>
                    Other, 0x1117eef80 <AX element pid: 174, elementOrHash.elementID: 35888280704.1622>
                      Other, 0x1117ef0c0 <AX element pid: 174, elementOrHash.elementID: 35904819584.2064>
                  Other, 0x1117ef200 <AX element pid: 174, elementOrHash.elementID: 35888275584.1584>
                    Other, 0x1117ef340 <AX element pid: 174, elementOrHash.elementID: 36004838272.1623>
                      Image, 0x1117ef480 <AX element pid: 174, elementOrHash.elementID: 36052134400.1661>
                      Image, 0x1117ef5c0 <AX element pid: 174, elementOrHash.elementID: 36052130304.1662>
              Icon, 0x1117ef700 <AX element pid: 174, elementOrHash.elementID: 35941707776.137>
                Other, 0x1117ef840 <AX element pid: 174, elementOrHash.elementID: 35942349696.179>
                  Other, 0x1117ef980 <AX element pid: 174, elementOrHash.elementID: 35921984384.239>
                    Other, 0x1117efac0 <AX element pid: 174, elementOrHash.elementID: 35903663360.302>
                      Other, 0x1117efc00 <AX element pid: 174, elementOrHash.elementID: 35943796480.2065>
                  Other, 0x1117efd40 <AX element pid: 174, elementOrHash.elementID: 35922153216.240>
                    Other, 0x1117efe80 <AX element pid: 174, elementOrHash.elementID: 35921984832.307>
                      Image, 0x1117f0000 <AX element pid: 174, elementOrHash.elementID: 36039383040.397>
                      Image, 0x1117f0140 <AX element pid: 174, elementOrHash.elementID: 36039382528.398>
              Icon, 0x1117f0280 <AX element pid: 174, elementOrHash.elementID: 35905494528.1551>
                Other, 0x1117f03c0 <AX element pid: 174, elementOrHash.elementID: 35889612992.1570>
                  Other, 0x1117f0500 <AX element pid: 174, elementOrHash.elementID: 35889613440.1595>
                    Other, 0x1117f0640 <AX element pid: 174, elementOrHash.elementID: 35889719296.1633>
                      Other, 0x1117f0780 <AX element pid: 174, elementOrHash.elementID: 35875786496.2066>
                  Other, 0x1117f08c0 <AX element pid: 174, elementOrHash.elementID: 35889720576.1596>
                    Other, 0x1117f0a00 <AX element pid: 174, elementOrHash.elementID: 35889613888.1634>
                      Image, 0x1117f0b40 <AX element pid: 174, elementOrHash.elementID: 36055473152.1682>
                      Image, 0x1117f0c80 <AX element pid: 174, elementOrHash.elementID: 36055472640.1683>
              Icon, 0x1117f0dc0 <AX element pid: 174, elementOrHash.elementID: 35943581184.1557>
                Other, 0x1117f0f00 <AX element pid: 174, elementOrHash.elementID: 35943596480.1576>
                  Other, 0x1117f1040 <AX element pid: 174, elementOrHash.elementID: 35922182144.1607>
                    Other, 0x1117f1180 <AX element pid: 174, elementOrHash.elementID: 35943793280.1645>
                      Other, 0x1117f12c0 <AX element pid: 174, elementOrHash.elementID: 35875782656.2067>
                  Other, 0x1117f1400 <AX element pid: 174, elementOrHash.elementID: 35922155776.1608>
                    Other, 0x1117f1540 <AX element pid: 174, elementOrHash.elementID: 35922182592.1646>
                      Image, 0x1117f1680 <AX element pid: 174, elementOrHash.elementID: 36039388160.1705>
                      Image, 0x1117f17c0 <AX element pid: 174, elementOrHash.elementID: 36039387648.1706>
              Icon, 0x1117f1900 <AX element pid: 174, elementOrHash.elementID: 35943677952.1368>
                Other, 0x1117f1a40 <AX element pid: 174, elementOrHash.elementID: 35943600512.1383>
                  Other, 0x1117f1b80 <AX element pid: 174, elementOrHash.elementID: 35921982592.1398>
                    Other, 0x1117f1cc0 <AX element pid: 174, elementOrHash.elementID: 35887301888.1431>
                      Other, 0x1117f1e00 <AX element pid: 174, elementOrHash.elementID: 35875794816.2068>
                  Other, 0x1117f1f40 <AX element pid: 174, elementOrHash.elementID: 35922150656.1740>
                    Other, 0x1117f2080 <AX element pid: 174, elementOrHash.elementID: 35921983040.1751>
                      Image, 0x1117f21c0 <AX element pid: 174, elementOrHash.elementID: 36039377920.1773>
                      Image, 0x1117f2300 <AX element pid: 174, elementOrHash.elementID: 36039377408.1774>
              Icon, 0x1117f2440 <AX element pid: 174, elementOrHash.elementID: 35905491456.1547>
                Other, 0x1117f2580 <AX element pid: 174, elementOrHash.elementID: 35887693824.1565>
                  Other, 0x1117f26c0 <AX element pid: 174, elementOrHash.elementID: 35889610752.1585>
                    Other, 0x1117f2800 <AX element pid: 174, elementOrHash.elementID: 35889715456.1624>
                      Other, 0x1117f2940 <AX element pid: 174, elementOrHash.elementID: 35875791616.2069>
                  Other, 0x1117f2a80 <AX element pid: 174, elementOrHash.elementID: 35889716736.1586>
                    Other, 0x1117f2bc0 <AX element pid: 174, elementOrHash.elementID: 35889611200.1625>
                      Image, 0x1117f2d00 <AX element pid: 174, elementOrHash.elementID: 36055470592.1664>
                      Image, 0x1117f2e40 <AX element pid: 174, elementOrHash.elementID: 36055470080.1665>
              Icon, 0x1117f2f80 <AX element pid: 174, elementOrHash.elementID: 35943708160.135>
                Other, 0x1117f30c0 <AX element pid: 174, elementOrHash.elementID: 35943609024.177>
                  Other, 0x1117f3200 <AX element pid: 174, elementOrHash.elementID: 35909462528.235>
                    Other, 0x1117f3340 <AX element pid: 174, elementOrHash.elementID: 35889713536.1652>
                      Other, 0x1117f3480 <AX element pid: 174, elementOrHash.elementID: 35941852544.2070>
                  Other, 0x1117f35c0 <AX element pid: 174, elementOrHash.elementID: 35903660160.236>
                    Other, 0x1117f3700 <AX element pid: 174, elementOrHash.elementID: 35909461632.303>
                      Image, 0x1117f3840 <AX element pid: 174, elementOrHash.elementID: 36021239808.391>
                      Image, 0x1117f3980 <AX element pid: 174, elementOrHash.elementID: 36045234176.392>
              Icon, 0x1117f3ac0 <AX element pid: 174, elementOrHash.elementID: 35943593472.1554>
                Other, 0x1117f3c00 <AX element pid: 174, elementOrHash.elementID: 35943600064.1573>
                  Other, 0x1117f3d40 <AX element pid: 174, elementOrHash.elementID: 35922183040.1601>
                    Other, 0x1117f3e80 <AX element pid: 174, elementOrHash.elementID: 35889767808.1635>
                      Other, 0x1117f4000 <AX element pid: 174, elementOrHash.elementID: 35944980608.2071>
                    Other, 0x1117f4140 <AX element pid: 174, elementOrHash.elementID: 35889825024.1441>
                      Other, 0x1117f4280 <AX element pid: 174, elementOrHash.elementID: 35889810048.1475>
                        Image, 0x1117f43c0 <AX element pid: 174, elementOrHash.elementID: 36055537152.1486>
                  Other, 0x1117f4500 <AX element pid: 174, elementOrHash.elementID: 35922157056.1602>
                    Other, 0x1117f4640 <AX element pid: 174, elementOrHash.elementID: 35922183488.1641>
                      Image, 0x1117f4780 <AX element pid: 174, elementOrHash.elementID: 36039390720.1696>
                      Image, 0x1117f48c0 <AX element pid: 174, elementOrHash.elementID: 36039390208.1697>
              Icon, 0x1117f4a00 <AX element pid: 174, elementOrHash.elementID: 35943728640.126>
                Other, 0x1117f4b40 <AX element pid: 174, elementOrHash.elementID: 35943609920.168>
                  Other, 0x1117f4c80 <AX element pid: 174, elementOrHash.elementID: 35921979456.217>
                    Other, 0x1117f4dc0 <AX element pid: 174, elementOrHash.elementID: 35943797120.284>
                      Other, 0x1117f4f00 <AX element pid: 174, elementOrHash.elementID: 35875787136.2072>
                  Other, 0x1117f5040 <AX element pid: 174, elementOrHash.elementID: 35921998976.218>
                    Other, 0x1117f5180 <AX element pid: 174, elementOrHash.elementID: 35921979904.285>
                      Image, 0x1117f52c0 <AX element pid: 174, elementOrHash.elementID: 36039288320.364>
                      Image, 0x1117f5400 <AX element pid: 174, elementOrHash.elementID: 36039287808.365>
              Icon, 0x1117f5540 <AX element pid: 174, elementOrHash.elementID: 35905396224.1354>
                Other, 0x1117f5680 <AX element pid: 174, elementOrHash.elementID: 35889626432.1385>
                  Other, 0x1117f57c0 <AX element pid: 174, elementOrHash.elementID: 35889807360.1400>
                    Other, 0x1117f5900 <AX element pid: 174, elementOrHash.elementID: 35889825664.1749>
                      Other, 0x1117f5a40 <AX element pid: 174, elementOrHash.elementID: 35875785216.2073>
                  Other, 0x1117f5b80 <AX element pid: 174, elementOrHash.elementID: 35889772928.1739>
                    Other, 0x1117f5cc0 <AX element pid: 174, elementOrHash.elementID: 35889807808.1750>
                      Image, 0x1117f5e00 <AX element pid: 174, elementOrHash.elementID: 36055535616.1770>
                      Image, 0x1117f5f40 <AX element pid: 174, elementOrHash.elementID: 36055535104.1771>
              Icon, 0x1117f6080 <AX element pid: 174, elementOrHash.elementID: 35943694336.119>
                Other, 0x1117f61c0 <AX element pid: 174, elementOrHash.elementID: 35943604992.161>
                  Other, 0x1117f6300 <AX element pid: 174, elementOrHash.elementID: 35920557184.203>
                    Other, 0x1117f6440 <AX element pid: 174, elementOrHash.elementID: 35889771648.1430>
                      Other, 0x1117f6580 <AX element pid: 174, elementOrHash.elementID: 35875796096.2074>
                  Other, 0x1117f66c0 <AX element pid: 174, elementOrHash.elementID: 35944979968.204>
                    Other, 0x1117f6800 <AX element pid: 174, elementOrHash.elementID: 35910755968.271>
                      Image, 0x1117f6940 <AX element pid: 174, elementOrHash.elementID: 36046516224.343>
                      Image, 0x1117f6a80 <AX element pid: 174, elementOrHash.elementID: 36046515712.344>
              Icon, 0x1117f6bc0 <AX element pid: 174, elementOrHash.elementID: 35904516096.1549>
                Other, 0x1117f6d00 <AX element pid: 174, elementOrHash.elementID: 35907066880.1568>
                  Other, 0x1117f6e40 <AX element pid: 174, elementOrHash.elementID: 35891482560.1591>
                    Other, 0x1117f6f80 <AX element pid: 174, elementOrHash.elementID: 35889769728.1629>
                      Other, 0x1117f70c0 <AX element pid: 174, elementOrHash.elementID: 35875789056.2075>
                  Other, 0x1117f7200 <AX element pid: 174, elementOrHash.elementID: 35887504256.1592>
                    Other, 0x1117f7340 <AX element pid: 174, elementOrHash.elementID: 35887807360.1630>
                      Image, 0x1117f7480 <AX element pid: 174, elementOrHash.elementID: 36055015936.1676>
                      Image, 0x1117f75c0 <AX element pid: 174, elementOrHash.elementID: 36055014912.1677>
            Icon, 0x1117f7700 <AX element pid: 174, elementOrHash.elementID: 36035589376.65>
              Icon, 0x1117f7840 <AX element pid: 174, elementOrHash.elementID: 36023791424.143>
            PageIndicator, 0x1117f7980 <AX element pid: 174, elementOrHash.elementID: 35941843584.66>
        Other, 0x1117f7ac0 <AX element pid: 174, elementOrHash.elementID: 36034925568.45>
      Other, 0x1117f7c00 <AX element pid: 174, elementOrHash.elementID: 36034935808.32>
  Window, 0x1117f7d40 <AX element pid: 174, elementOrHash.elementID: 36032077824.11>
    Other, 0x1117f7e80 <AX element pid: 174, elementOrHash.elementID: 35953538624.20>
      Other, 0x1117f8000 <AX element pid: 174, elementOrHash.elementID: 35953538176.33>
  Window, 0x1117f8140 <AX element pid: 174, elementOrHash.elementID: 36018690304.12>
    Other, 0x1117f8280 <AX element pid: 174, elementOrHash.elementID: 36017882432.21>
      Other, 0x1117f83c0 <AX element pid: 174, elementOrHash.elementID: 36038462464.34>
        Other, 0x1117f8500 <AX element pid: 174, elementOrHash.elementID: 35920632704.46>
          Other, 0x1117f8640 <AX element pid: 174, elementOrHash.elementID: 35920548672.54>
            Other, 0x1117f8780 <AX element pid: 174, elementOrHash.elementID: 35887737344.1088>
            Other, 0x1117f88c0 <AX element pid: 174, elementOrHash.elementID: 35943852544.1089>
            Other, 0x1117f8a00 <AX element pid: 174, elementOrHash.elementID: 35920551360.69>
            Other, 0x1117f8b40 <AX element pid: 174, elementOrHash.elementID: 35920551808.70>
            Other, 0x1117f8c80 <AX element pid: 174, elementOrHash.elementID: 35890596928.1361>
            Other, 0x1117f8dc0 <AX element pid: 174, elementOrHash.elementID: 35887703232.1093>
            Other, 0x1117f8f00 <AX element pid: 174, elementOrHash.elementID: 35920553152.73>
            Other, 0x1117f9040 <AX element pid: 174, elementOrHash.elementID: 35920549120.74>
      Other, 0x1117f9180 <AX element pid: 174, elementOrHash.elementID: 36056067584.1084>
        Other, 0x1117f92c0 <AX element pid: 174, elementOrHash.elementID: 11494289431044805875.9999>
          Other, 0x1117f9400 <AX element pid: 333, elementOrHash.elementID: 4309013472.4>
            Other, 0x1117f9540 <AX element pid: 333, elementOrHash.elementID: 4309041312.5>
              Other, 0x1117f9680 <AX element pid: 333, elementOrHash.elementID: 4308983520.6>
                Other, 0x1117f97c0 <AX element pid: 333, elementOrHash.elementID: 4309005120.7>
      Other, 0x1117f9900 <AX element pid: 174, elementOrHash.elementID: 36046696960.36>
        Other, 0x1117f9a40 <AX element pid: 174, elementOrHash.elementID: 35906212864.47>
          Other, 0x1117f9b80 <AX element pid: 174, elementOrHash.elementID: 35922778688.55>
  Window, 0x1117f9cc0 <AX element pid: 174, elementOrHash.elementID: 36018691584.13>
    Other, 0x1117f9e00 <AX element pid: 174, elementOrHash.elementID: 36017885568.22>
  Window, 0x1117f9f40 <AX element pid: 174, elementOrHash.elementID: 36018685184.1812>
    Other, 0x1117fa080 <AX element pid: 174, elementOrHash.elementID: 35889648896.1813>
      Other, 0x1117fa1c0 <AX element pid: 174, elementOrHash.elementID: 35887702784.1815>
  Window, 0x1117fa300 <AX element pid: 174, elementOrHash.elementID: 35951108864.14>
    Other, 0x1117fa440 <AX element pid: 174, elementOrHash.elementID: 35953539072.23>
      Other, 0x1117fa580 <AX element pid: 174, elementOrHash.elementID: 35953539968.37>
  Window, 0x1117fa6c0 <AX element pid: 174, elementOrHash.elementID: 35920354816.15>
    Other, 0x1117fa800 <AX element pid: 174, elementOrHash.elementID: 35923110400.24>
      Other, 0x1117fa940 <AX element pid: 174, elementOrHash.elementID: 35923112192.38>
  Window, 0x1117faa80 <AX element pid: 174, elementOrHash.elementID: 36036372480.9>
    Other, 0x1117fabc0 <AX element pid: 174, elementOrHash.elementID: 35942339840.25>
      Other, 0x1117fad00 <AX element pid: 174, elementOrHash.elementID: 35942340288.39>
        Other, 0x1117fae40 <AX element pid: 174, elementOrHash.elementID: 35942345216.48>
        Other, 0x1117faf80 <AX element pid: 174, elementOrHash.elementID: 35942345664.49>
        Other, 0x1117fb0c0 <AX element pid: 174, elementOrHash.elementID: 35941851264.50>
          Other, 0x1117fb200 <AX element pid: 174, elementOrHash.elementID: 36036367360.56>
            Icon, 0x1117fb340 <AX element pid: 174, elementOrHash.elementID: 35943737856.6>
              Other, 0x1117fb480 <AX element pid: 174, elementOrHash.elementID: 35943844928.145>
                Other, 0x1117fb5c0 <AX element pid: 174, elementOrHash.elementID: 35943845376.185>
                  Other, 0x1117fb700 <AX element pid: 174, elementOrHash.elementID: 35943797760.251>
                    Other, 0x1117fb840 <AX element pid: 174, elementOrHash.elementID: 35943806720.319>
            Icon, 0x1117fb980 <AX element pid: 174, elementOrHash.elementID: 35943739392.75>
              Other, 0x1117fbac0 <AX element pid: 174, elementOrHash.elementID: 35943845824.146>
                Other, 0x1117fbc00 <AX element pid: 174, elementOrHash.elementID: 35943846272.186>
                  Other, 0x1117fbd40 <AX element pid: 174, elementOrHash.elementID: 35943792640.252>
                    Other, 0x1117fbe80 <AX element pid: 174, elementOrHash.elementID: 35943808000.320>
            Icon, 0x11ac04000 <AX element pid: 174, elementOrHash.elementID: 35943740928.76>
              Other, 0x11ac04140 <AX element pid: 174, elementOrHash.elementID: 35943846720.147>
                Other, 0x11ac04280 <AX element pid: 174, elementOrHash.elementID: 35943847168.187>
                  Other, 0x11ac043c0 <AX element pid: 174, elementOrHash.elementID: 35941855104.253>
                    Other, 0x11ac04500 <AX element pid: 174, elementOrHash.elementID: 35944039040.321>
            Icon, 0x11ac04640 <AX element pid: 174, elementOrHash.elementID: 35944136704.77>
              Other, 0x11ac04780 <AX element pid: 174, elementOrHash.elementID: 35943847616.148>
                Other, 0x11ac048c0 <AX element pid: 174, elementOrHash.elementID: 35943848064.188>
                  Other, 0x11ac04a00 <AX element pid: 174, elementOrHash.elementID: 35943795840.254>
                    Other, 0x11ac04b40 <AX element pid: 174, elementOrHash.elementID: 35944040320.322>
            Icon, 0x11ac04c80 <AX element pid: 174, elementOrHash.elementID: 35944138240.78>
              Other, 0x11ac04dc0 <AX element pid: 174, elementOrHash.elementID: 35943848512.149>
                Other, 0x11ac04f00 <AX element pid: 174, elementOrHash.elementID: 35943848960.189>
                  Other, 0x11ac05040 <AX element pid: 174, elementOrHash.elementID: 35941858304.255>
                    Other, 0x11ac05180 <AX element pid: 174, elementOrHash.elementID: 36017864704.1165>
            Icon, 0x11ac052c0 <AX element pid: 174, elementOrHash.elementID: 35944139776.79>
              Other, 0x11ac05400 <AX element pid: 174, elementOrHash.elementID: 35943849856.150>
                Other, 0x11ac05540 <AX element pid: 174, elementOrHash.elementID: 35943850304.190>
                  Other, 0x11ac05680 <AX element pid: 174, elementOrHash.elementID: 35943799040.256>
                    Other, 0x11ac057c0 <AX element pid: 174, elementOrHash.elementID: 35944043520.324>
            Icon, 0x11ac05900 <AX element pid: 174, elementOrHash.elementID: 35944141312.80>
              Other, 0x11ac05a40 <AX element pid: 174, elementOrHash.elementID: 35943850752.151>
                Other, 0x11ac05b80 <AX element pid: 174, elementOrHash.elementID: 35943851200.191>
                  Other, 0x11ac05cc0 <AX element pid: 174, elementOrHash.elementID: 35941853184.257>
                    Other, 0x11ac05e00 <AX element pid: 174, elementOrHash.elementID: 35944044800.325>
          Other, 0x11ac05f40 <AX element pid: 174, elementOrHash.elementID: 36036369408.57>
            Icon, 0x11ac06080 <AX element pid: 174, elementOrHash.elementID: 35941698560.81>
              Other, 0x11ac061c0 <AX element pid: 174, elementOrHash.elementID: 35942346112.152>
                Other, 0x11ac06300 <AX element pid: 174, elementOrHash.elementID: 35943611712.192>
                  Other, 0x11ac06440 <AX element pid: 174, elementOrHash.elementID: 35941853824.258>
                    Other, 0x11ac06580 <AX element pid: 174, elementOrHash.elementID: 35943800960.326>
            Icon, 0x11ac066c0 <AX element pid: 174, elementOrHash.elementID: 35943734784.82>
              Other, 0x11ac06800 <AX element pid: 174, elementOrHash.elementID: 35943841792.153>
                Other, 0x11ac06940 <AX element pid: 174, elementOrHash.elementID: 35943842240.193>
                  Other, 0x11ac06a80 <AX element pid: 174, elementOrHash.elementID: 35943794560.259>
                    Other, 0x11ac06bc0 <AX element pid: 174, elementOrHash.elementID: 35943802240.327>
                  Other, 0x11ac06d00 <AX element pid: 174, elementOrHash.elementID: 35943802880.260>
                    Other, 0x11ac06e40 <AX element pid: 174, elementOrHash.elementID: 35943844032.328>
                      Image, 0x11ac06f80 <AX element pid: 174, elementOrHash.elementID: 36036537344.415>
          Other, 0x11ac070c0 <AX element pid: 174, elementOrHash.elementID: 36036368384.58>
          Icon, 0x11ac07200 <AX element pid: 174, elementOrHash.elementID: 35944142848.59>
            Other, 0x11ac07340 <AX element pid: 174, elementOrHash.elementID: 35887479808.1147>
            Other, 0x11ac07480 <AX element pid: 174, elementOrHash.elementID: 35887469568.1148>
            Other, 0x11ac075c0 <AX element pid: 174, elementOrHash.elementID: 35891053184.513>
            Other, 0x11ac07700 <AX element pid: 174, elementOrHash.elementID: 35887477248.1149>
      Other, 0x11ac07840 <AX element pid: 174, elementOrHash.elementID: 35944048000.40>
        Other, 0x11ac07980 <AX element pid: 174, elementOrHash.elementID: 36037143040.51>
          Other, 0x11ac07ac0 <AX element pid: 174, elementOrHash.elementID: 13117757763611807880.9999>
            Other, 0x11ac07c00 <AX element pid: 303, elementOrHash.elementID: 4312005392.4>
              Other, 0x11ac07d40 <AX element pid: 303, elementOrHash.elementID: 33807598848.5>
                Other, 0x11ac07e80 <AX element pid: 303, elementOrHash.elementID: 33807631232.6>
                  Other, 0x11ac10000 <AX element pid: 303, elementOrHash.elementID: 33807630336.7>
          Other, 0x11ac10140 <AX element pid: 174, elementOrHash.elementID: 2167965937006497152.9999>
            Other, 0x11ac10280 <AX element pid: 303, elementOrHash.elementID: 33807632128.8>
              Other, 0x11ac103c0 <AX element pid: 303, elementOrHash.elementID: 33807633920.9>
          Other, 0x11ac10500 <AX element pid: 174, elementOrHash.elementID: 6852408606350722696.9999>
  Window, 0x11ac10640 <AX element pid: 174, elementOrHash.elementID: 36022010880.16>
    StatusBar, 0x11ac10780 <AX element pid: 174, elementOrHash.elementID: 36017866624.26>
      Other, 0x11ac108c0 <AX element pid: 174, elementOrHash.elementID: 36021977088.41>
        Other, 0x11ac10a00 <AX element pid: 174, elementOrHash.elementID: 35873917120.1827>
          Other, 0x11ac10b40 <AX element pid: 174, elementOrHash.elementID: 35873915328.1830>
            StaticText, 0x11ac10c80 <AX element pid: 174, elementOrHash.elementID: 35891539328.1833>
            StaticText, 0x11ac10dc0 <AX element pid: 174, elementOrHash.elementID: 35891529472.1834>
          Other, 0x11ac10f00 <AX element pid: 174, elementOrHash.elementID: 35873922496.1831>
            Other, 0x11ac11040 <AX element pid: 174, elementOrHash.elementID: 36057365504.1835>
            Image, 0x11ac11180 <AX element pid: 174, elementOrHash.elementID: 35905546880.1836>
            StaticText, 0x11ac112c0 <AX element pid: 174, elementOrHash.elementID: 35891533952.1837>
            Other, 0x11ac11400 <AX element pid: 174, elementOrHash.elementID: 35888280064.1838>
    Other, 0x11ac11540 <AX element pid: 174, elementOrHash.elementID: 36017881984.27>
  Window, 0x11ac11680 <AX element pid: 174, elementOrHash.elementID: 36032072704.17>
    Other, 0x11ac117c0 <AX element pid: 174, elementOrHash.elementID: 35953535488.28>
  Window, 0x11ac11900 <AX element pid: 174, elementOrHash.elementID: 36032076800.18>
    Other, 0x11ac11a40 <AX element pid: 174, elementOrHash.elementID: 35953537728.29>
22:51:31.530 WebDriverAgentRunner-Runner[1324:114132] Found matches {(
    StatusBar
)} with root Application, pid: 174
22:51:31.530 WebDriverAgentRunner-Runner[1324:114132] <XCTContext: 0x1101c8ff0> finished activity <XCActivityRecord: 0x110d5ddc0> 2026-07-19 15:51:31 +0000: Get all elements bound by index for: Descendants matching type StatusBar (0.283199s)
22:51:31.530 WebDriverAgentRunner-Runner[1324:114132] <XCTContext: 0x1101c8ff0> started activity <XCActivityRecord: 0x110d5ddc0> 2026-07-19 15:51:31 +0000: Find the StatusBar (Element at index 0)
22:51:31.531 WebDriverAgentRunner-Runner[1324:114132] Executing query:
↪︎ Descendants matching type StatusBar
    ↪︎ Element at index 0
22:51:31.531 WebDriverAgentRunner-Runner[1324:114132] Creating future for 'checking for continuity enablement' with timeout 30.00
22:51:31.531 WebDriverAgentRunner-Runner[1324:114132] <XCTWaiter: 0x11175ccf0> entering wait loop for 30.00s with expectations: `checking for continuity enablement`
22:51:31.532 WebDriverAgentRunner-Runner[1324:114132] Returning result XCTWaiterResultCompleted for synchronous waiter <XCTWaiter: 0x11175ccf0>
    t =    82.45s Find the StatusBar (Element at index 0)
22:51:31.532 WebDriverAgentRunner-Runner[1324:114132] Wait <XCTWaiterWait: 0x11ac09640> completed after 0.001s
22:51:31.532 WebDriverAgentRunner-Runner[1324:114132] cleaning up checking for continuity enablement
22:51:31.533 WebDriverAgentRunner-Runner[1324:114132] Should evaluate query remotely? XCTDisableRemoteQueryEvaluation(d-write): YES, hasAutomationSession: YES, supportsRemoteEvaluation: YES
22:51:31.533 WebDriverAgentRunner-Runner[1324:114132] Getting matching snapshots for locally evaluated query
22:51:31.533 WebDriverAgentRunner-Runner[1324:114132] Evaluating query:
 ↪︎ Descendants matching type StatusBar
    ↪︎ Element at index 0
22:51:31.533 WebDriverAgentRunner-Runner[1324:114132] Getting root element snapshot
22:51:31.533 WebDriverAgentRunner-Runner[1324:114132] Getting snapshot for App element pid: 174 for query ↪︎ Descendants matching type StatusBar
    ↪︎ Element at index 0
22:51:31.533 WebDriverAgentRunner-Runner[1324:114132] <XCTContext: 0x1101c8ff0> started activity <XCActivityRecord: 0x110d5d180> 2026-07-19 15:51:31 +0000: Requesting snapshot of accessibility hierarchy for app with pid 174
22:51:31.534 WebDriverAgentRunner-Runner[1324:114132] Query requires iOS snapshot attributes XC_kAXXCAttributeElementType, XC_kAXXCAttributeElementBaseType, XC_kAXXCAttributeAutomationType, XC_kAXXCAttributeTraits.
22:51:31.534 WebDriverAgentRunner-Runner[1324:114132] XCUIElementQuery <XCTElementSnapshotProvider> getting snapshot
22:51:31.534 WebDriverAgentRunner-Runner[1324:114132] Snapshot request has custom attributes XC_kAXXCAttributeElementType, XC_kAXXCAttributeElementBaseType, XC_kAXXCAttributeAutomationType, XC_kAXXCAttributeTraits
22:51:31.534 WebDriverAgentRunner-Runner[1324:114132] Snapshot request has custom parameters {
    snapshotKeyHonorModalViews = 0;
}
22:51:31.534 WebDriverAgentRunner-Runner[1324:114132] Current snapshot generation is 38
22:51:31.534 WebDriverAgentRunner-Runner[1324:114132] Capturing a new snapshot
22:51:31.534 WebDriverAgentRunner-Runner[1324:114132] Fetching snapshot for App element pid: 174 from testmanagerd with attributes XC_kAXXCAttributeElementType, XC_kAXXCAttributeElementBaseType, XC_kAXXCAttributeParent, XC_kAXXCAttributeIdentifier, XC_kAXXCAttributeAutomationType, XC_kAXXCAttributeTraits and parameters {
    maxArrayCount = 2147483647;
    maxChildren = 2147483647;
    maxDepth = 50;
    snapshotKeyHonorModalViews = 0;
    traverseFromParentsToChildren = 1;
}.
22:51:31.534 WebDriverAgentRunner-Runner[1324:114132] Creating future for 'fetching snapshot from testmanagerd.' with timeout 65.00
22:51:31.534 WebDriverAgentRunner-Runner[1324:114132] <XCTWaiter: 0x11175cf00> entering wait loop for 65.00s with expectations: `fetching snapshot from testmanagerd.`
    t =    82.45s     Requesting snapshot of accessibility hierarchy for app with pid 174
22:51:31.758 WebDriverAgentRunner-Runner[1324:114190] Got snapshot response with runtime issue support from testmanagerd.
22:51:31.759 WebDriverAgentRunner-Runner[1324:114132] Returning result XCTWaiterResultCompleted for synchronous waiter <XCTWaiter: 0x11175cf00>
22:51:31.759 WebDriverAgentRunner-Runner[1324:114132] Wait <XCTWaiterWait: 0x11ac09380> completed after 0.224s
22:51:31.759 WebDriverAgentRunner-Runner[1324:114132] cleaning up fetching snapshot from testmanagerd.
22:51:31.759 WebDriverAgentRunner-Runner[1324:114132] <XCTContext: 0x1101c8ff0> finished activity <XCActivityRecord: 0x110d5d180> 2026-07-19 15:51:31 +0000: Requesting snapshot of accessibility hierarchy for app with pid 174 (0.226001s)
22:51:31.760 WebDriverAgentRunner-Runner[1324:114132] XCTPerformOnMainRunLoop[MT]: already on MT; performing block without run loop dispatch - timeouts will not be enforced.
22:51:31.760 WebDriverAgentRunner-Runner[1324:114132] XCTElementQuery: set data source for rootElementSnapshot to (null)
22:51:31.760 WebDriverAgentRunner-Runner[1324:114132] Finding all matches with input Application, pid: 174 using transformers 
↪︎ Descendants matching type StatusBar
    ↪︎ Element at index 0
22:51:31.760 WebDriverAgentRunner-Runner[1324:114132] <XCTContext: 0x1101c8ff0> started activity <XCActivityRecord: 0x110d5d180> 2026-07-19 15:51:31 +0000: Find: Descendants matching type StatusBar
    t =    82.68s     Find: Descendants matching type StatusBar
22:51:31.763 WebDriverAgentRunner-Runner[1324:114132] <XCTContext: 0x1101c8ff0> finished activity <XCActivityRecord: 0x110d5d180> 2026-07-19 15:51:31 +0000: Find: Descendants matching type StatusBar (0.00336194s)
22:51:31.764 WebDriverAgentRunner-Runner[1324:114132] [Match All] applied transformer `Descendants matching type StatusBar` to input {(
    Application, pid: 174
)}, found {(
    StatusBar
)}
22:51:31.764 WebDriverAgentRunner-Runner[1324:114132] <XCTContext: 0x1101c8ff0> started activity <XCActivityRecord: 0x110d5d180> 2026-07-19 15:51:31 +0000: Find: Element at index 0
22:51:31.764 WebDriverAgentRunner-Runner[1324:114132] <XCTContext: 0x1101c8ff0> finished activity <XCActivityRecord: 0x110d5d180> 2026-07-19 15:51:31 +0000: Find: Element at index 0 (0.000370979s)
22:51:31.764 WebDriverAgentRunner-Runner[1324:114132] [Match All] applied transformer `Element at index 0` to input {(
    StatusBar
)}, found {(
    StatusBar
)}
22:51:31.765 WebDriverAgentRunner-Runner[1324:114132] [Match All] setting out related elements {(
)}
    t =    82.68s     Find: Element at index 0
22:51:31.770 WebDriverAgentRunner-Runner[1324:114132] Current tree:
Application, 0x11ac11b80, pid: 174 <App element pid: 174>
  Window, 0x11ac11cc0 <AX element pid: 174, elementOrHash.elementID: 36032084992.10>
    Other, 0x11ac11e00 <AX element pid: 174, elementOrHash.elementID: 35948119808.19>
      Other, 0x11ac11f40 <AX element pid: 174, elementOrHash.elementID: 35948120256.30>
        Image, 0x11ac12080 <AX element pid: 174, elementOrHash.elementID: 36036531200.42>
        Image, 0x11ac121c0 <AX element pid: 174, elementOrHash.elementID: 36036531712.43>
      Other, 0x11ac12300 <AX element pid: 174, elementOrHash.elementID: 35948119360.31>
        Other, 0x11ac12440 <AX element pid: 174, elementOrHash.elementID: 35948131904.44>
          Other, 0x11ac12580 <AX element pid: 174, elementOrHash.elementID: 35941697024.53>
            Other, 0x11ac126c0 <AX element pid: 174, elementOrHash.elementID: 35948131456.62>
              Other, 0x11ac12800 <AX element pid: 174, elementOrHash.elementID: 35948131008.97>
            Icon, 0x11ac12940 <AX element pid: 174, elementOrHash.elementID: 36035587328.63>
              Icon, 0x11ac12a80 <AX element pid: 174, elementOrHash.elementID: 36035839104.98>
              Icon, 0x11ac12bc0 <AX element pid: 174, elementOrHash.elementID: 36035839296.99>
              Icon, 0x11ac12d00 <AX element pid: 174, elementOrHash.elementID: 36035839488.100>
              Icon, 0x11ac12e40 <AX element pid: 174, elementOrHash.elementID: 36035839872.101>
              Icon, 0x11ac12f80 <AX element pid: 174, elementOrHash.elementID: 36035840064.102>
              Icon, 0x11ac130c0 <AX element pid: 174, elementOrHash.elementID: 36024175808.103>
              Icon, 0x11ac13200 <AX element pid: 174, elementOrHash.elementID: 36023792960.104>
              Icon, 0x11ac13340 <AX element pid: 174, elementOrHash.elementID: 36024840576.105>
              Icon, 0x11ac13480 <AX element pid: 174, elementOrHash.elementID: 36024206656.106>
              Icon, 0x11ac135c0 <AX element pid: 174, elementOrHash.elementID: 36023793344.107>
              Icon, 0x11ac13700 <AX element pid: 174, elementOrHash.elementID: 36024183296.108>
              Icon, 0x11ac13840 <AX element pid: 174, elementOrHash.elementID: 36024259456.109>
              Icon, 0x11ac13980 <AX element pid: 174, elementOrHash.elementID: 36024838464.110>
              Icon, 0x11ac13ac0 <AX element pid: 174, elementOrHash.elementID: 36024596928.111>
              Icon, 0x11ac13c00 <AX element pid: 174, elementOrHash.elementID: 36024207040.112>
              Icon, 0x11ac13d40 <AX element pid: 174, elementOrHash.elementID: 36024209536.113>
              Icon, 0x11ac13e80 <AX element pid: 174, elementOrHash.elementID: 36024186176.114>
            Icon, 0x111778000 <AX element pid: 174, elementOrHash.elementID: 36035588864.64>
              Icon, 0x111778140 <AX element pid: 174, elementOrHash.elementID: 35904843776.1376>
                Other, 0x111778280 <AX element pid: 174, elementOrHash.elementID: 35889589184.1392>
                  Other, 0x1117783c0 <AX element pid: 174, elementOrHash.elementID: 35889590080.1413>
                    Other, 0x111778500 <AX element pid: 174, elementOrHash.elementID: 36042307072.1621>
                      Other, 0x111778640 <AX element pid: 174, elementOrHash.elementID: 35875789696.2048>
                  Other, 0x111778780 <AX element pid: 174, elementOrHash.elementID: 35888248576.1414>
                    Other, 0x1117788c0 <AX element pid: 174, elementOrHash.elementID: 35889591872.1439>
                      Image, 0x111778a00 <AX element pid: 174, elementOrHash.elementID: 36055018496.1472>
                      Image, 0x111778b40 <AX element pid: 174, elementOrHash.elementID: 36055013376.1473>
              Icon, 0x111778c80 <AX element pid: 174, elementOrHash.elementID: 35943727104.116>
                Other, 0x111778dc0 <AX element pid: 174, elementOrHash.elementID: 35943609472.158>
                  Other, 0x111778f00 <AX element pid: 174, elementOrHash.elementID: 35923107712.197>
                    Other, 0x111779040 <AX element pid: 174, elementOrHash.elementID: 35889717376.1637>
                      Other, 0x111779180 <AX element pid: 174, elementOrHash.elementID: 35875796736.2049>
                  Other, 0x1117792c0 <AX element pid: 174, elementOrHash.elementID: 35904820864.198>
                    Other, 0x111779400 <AX element pid: 174, elementOrHash.elementID: 35923099648.265>
                      Image, 0x111779540 <AX element pid: 174, elementOrHash.elementID: 36044152320.334>
                      Image, 0x111779680 <AX element pid: 174, elementOrHash.elementID: 36044151808.335>
              Icon, 0x1117797c0 <AX element pid: 174, elementOrHash.elementID: 35943579648.129>
                Other, 0x111779900 <AX element pid: 174, elementOrHash.elementID: 35943596032.171>
                  Other, 0x111779a40 <AX element pid: 174, elementOrHash.elementID: 35909462080.223>
                    Other, 0x111779b80 <AX element pid: 174, elementOrHash.elementID: 35904822144.264>
                      Other, 0x111779cc0 <AX element pid: 174, elementOrHash.elementID: 35875790976.2050>
                  Other, 0x111779e00 <AX element pid: 174, elementOrHash.elementID: 35903662080.224>
                    Other, 0x111779f40 <AX element pid: 174, elementOrHash.elementID: 35909456704.291>
                      Image, 0x11177a080 <AX element pid: 174, elementOrHash.elementID: 36045230080.373>
                      Image, 0x11177a1c0 <AX element pid: 174, elementOrHash.elementID: 36045229568.374>
              Icon, 0x11177a300 <AX element pid: 174, elementOrHash.elementID: 35905393152.1552>
                Other, 0x11177a440 <AX element pid: 174, elementOrHash.elementID: 35889623744.1571>
                  Other, 0x11177a580 <AX element pid: 174, elementOrHash.elementID: 35889624192.1597>
                    Other, 0x11177a6c0 <AX element pid: 174, elementOrHash.elementID: 35943798400.306>
                      Other, 0x11177a800 <AX element pid: 174, elementOrHash.elementID: 35875797376.2051>
                  Other, 0x11177a940 <AX element pid: 174, elementOrHash.elementID: 35889769088.1598>
                    Other, 0x11177aa80 <AX element pid: 174, elementOrHash.elementID: 35889624640.1636>
                      Image, 0x11177abc0 <AX element pid: 174, elementOrHash.elementID: 36055533056.1687>
                      Image, 0x11177ad00 <AX element pid: 174, elementOrHash.elementID: 36055532544.1688>
              Icon, 0x11177ae40 <AX element pid: 174, elementOrHash.elementID: 35943706624.1143>
                Other, 0x11177af80 <AX element pid: 174, elementOrHash.elementID: 35943608576.1567>
                  Other, 0x11177b0c0 <AX element pid: 174, elementOrHash.elementID: 35921976768.1589>
                    Other, 0x11177b200 <AX element pid: 174, elementOrHash.elementID: 35887330432.2047>
                      Other, 0x11177b340 <AX element pid: 174, elementOrHash.elementID: 35891044480.2052>
                  Other, 0x11177b480 <AX element pid: 174, elementOrHash.elementID: 35903654400.1590>
                    Other, 0x11177b5c0 <AX element pid: 174, elementOrHash.elementID: 35887731968.1628>
                      Image, 0x11177b700 <AX element pid: 174, elementOrHash.elementID: 36053854208.1672>
                      Image, 0x11177b840 <AX element pid: 174, elementOrHash.elementID: 36053856768.1673>
              Icon, 0x11177b980 <AX element pid: 174, elementOrHash.elementID: 35956191232.134>
                Other, 0x11177bac0 <AX element pid: 174, elementOrHash.elementID: 35948133248.176>
                  Other, 0x11177bc00 <AX element pid: 174, elementOrHash.elementID: 35909465216.233>
                    Other, 0x11177bd40 <AX element pid: 174, elementOrHash.elementID: 35976178944.300>
                      Other, 0x11177be80 <AX element pid: 174, elementOrHash.elementID: 35887331712.2053>
                  Other, 0x11177c000 <AX element pid: 174, elementOrHash.elementID: 35976173824.234>
                    Other, 0x11177c140 <AX element pid: 174, elementOrHash.elementID: 35909466112.301>
                      Image, 0x11177c280 <AX element pid: 174, elementOrHash.elementID: 36039490560.388>
                      Image, 0x11177c3c0 <AX element pid: 174, elementOrHash.elementID: 36039488512.389>
              Icon, 0x11177c500 <AX element pid: 174, elementOrHash.elementID: 35943679488.1563>
                Other, 0x11177c640 <AX element pid: 174, elementOrHash.elementID: 35943600960.1582>
                  Other, 0x11177c780 <AX element pid: 174, elementOrHash.elementID: 35887739584.1619>
                    Other, 0x11177c8c0 <AX element pid: 174, elementOrHash.elementID: 36017871744.288>
                      Other, 0x11177ca00 <AX element pid: 174, elementOrHash.elementID: 35875785856.2054>
                  Other, 0x11177cb40 <AX element pid: 174, elementOrHash.elementID: 35888281984.1620>
                    Other, 0x11177cc80 <AX element pid: 174, elementOrHash.elementID: 35887734208.1658>
                      Image, 0x11177cdc0 <AX element pid: 174, elementOrHash.elementID: 36053844480.1724>
                      Image, 0x11177cf00 <AX element pid: 174, elementOrHash.elementID: 36053843968.1725>
              Icon, 0x11177d040 <AX element pid: 174, elementOrHash.elementID: 35904517632.1550>
                Other, 0x11177d180 <AX element pid: 174, elementOrHash.elementID: 35892693632.1569>
                  Other, 0x11177d2c0 <AX element pid: 174, elementOrHash.elementID: 35892704384.1593>
                    Other, 0x11177d400 <AX element pid: 174, elementOrHash.elementID: 35887504896.1631>
                      Other, 0x11177d540 <AX element pid: 174, elementOrHash.elementID: 35875790336.2055>
                  Other, 0x11177d680 <AX element pid: 174, elementOrHash.elementID: 35888235136.1594>
                    Other, 0x11177d7c0 <AX element pid: 174, elementOrHash.elementID: 35892692288.1632>
                      Image, 0x11177d900 <AX element pid: 174, elementOrHash.elementID: 36053856256.1679>
                      Image, 0x11177da40 <AX element pid: 174, elementOrHash.elementID: 36053851136.1680>
              Icon, 0x11177db80 <AX element pid: 174, elementOrHash.elementID: 35905394688.1556>
                Other, 0x11177dcc0 <AX element pid: 174, elementOrHash.elementID: 35889625088.1575>
                  Other, 0x11177de00 <AX element pid: 174, elementOrHash.elementID: 35889625536.1605>
                    Other, 0x11177df40 <AX element pid: 174, elementOrHash.elementID: 35889827584.1643>
                      Other, 0x11177e080 <AX element pid: 174, elementOrHash.elementID: 35875795456.2056>
                  Other, 0x11177e1c0 <AX element pid: 174, elementOrHash.elementID: 35889771008.1606>
                    Other, 0x11177e300 <AX element pid: 174, elementOrHash.elementID: 35889625984.1644>
                      Image, 0x11177e440 <AX element pid: 174, elementOrHash.elementID: 36055534080.1702>
                      Image, 0x11177e580 <AX element pid: 174, elementOrHash.elementID: 36055533568.1703>
              Icon, 0x11177e6c0 <AX element pid: 174, elementOrHash.elementID: 35904840704.1561>
                Other, 0x11177e800 <AX element pid: 174, elementOrHash.elementID: 35889589632.1580>
                  Other, 0x11177e940 <AX element pid: 174, elementOrHash.elementID: 35889588288.1615>
                    Other, 0x11177ea80 <AX element pid: 174, elementOrHash.elementID: 35888230272.1654>
                      Other, 0x11177ebc0 <AX element pid: 174, elementOrHash.elementID: 35875798016.2057>
                  Other, 0x11177ed00 <AX element pid: 174, elementOrHash.elementID: 35888242816.1616>
                    Other, 0x11177ee40 <AX element pid: 174, elementOrHash.elementID: 35889588736.1655>
                      Image, 0x11177ef80 <AX element pid: 174, elementOrHash.elementID: 36055023104.1718>
                      Image, 0x11177f0c0 <AX element pid: 174, elementOrHash.elementID: 36055020544.1719>
              Icon, 0x11177f200 <AX element pid: 174, elementOrHash.elementID: 35905489920.1560>
                Other, 0x11177f340 <AX element pid: 174, elementOrHash.elementID: 35887708160.1579>
                  Other, 0x11177f480 <AX element pid: 174, elementOrHash.elementID: 35887694272.1613>
                    Other, 0x11177f5c0 <AX element pid: 174, elementOrHash.elementID: 35893129728.1640>
                      Other, 0x11177f700 <AX element pid: 174, elementOrHash.elementID: 35891051520.2058>
                  Other, 0x11177f840 <AX element pid: 174, elementOrHash.elementID: 35889714816.1614>
                    Other, 0x11177f980 <AX element pid: 174, elementOrHash.elementID: 35887695168.1653>
                      Image, 0x11177fac0 <AX element pid: 174, elementOrHash.elementID: 36055469568.1715>
                      Image, 0x11177fc00 <AX element pid: 174, elementOrHash.elementID: 36055469056.1716>
              Icon, 0x11177fd40 <AX element pid: 174, elementOrHash.elementID: 35904839168.1377>
                Other, 0x11177fe80 <AX element pid: 174, elementOrHash.elementID: 35887797504.1393>
                  Other, 0x111784000 <AX element pid: 174, elementOrHash.elementID: 35887807808.1415>
                    Other, 0x111784140 <AX element pid: 174, elementOrHash.elementID: 35889721216.1440>
                      Other, 0x111784280 <AX element pid: 174, elementOrHash.elementID: 35887332352.2059>
                  Other, 0x1117843c0 <AX element pid: 174, elementOrHash.elementID: 35888221952.1416>
                    Other, 0x111784500 <AX element pid: 174, elementOrHash.elementID: 35887797952.1442>
                      Image, 0x111784640 <AX element pid: 174, elementOrHash.elementID: 36055015424.1476>
                      Image, 0x111784780 <AX element pid: 174, elementOrHash.elementID: 36055019520.1477>
              Icon, 0x1117848c0 <AX element pid: 174, elementOrHash.elementID: 35943695872.140>
                Other, 0x111784a00 <AX element pid: 174, elementOrHash.elementID: 35943605440.182>
                  Other, 0x111784b40 <AX element pid: 174, elementOrHash.elementID: 35909463872.245>
                    Other, 0x111784c80 <AX element pid: 174, elementOrHash.elementID: 35976178304.313>
                      Other, 0x111784dc0 <AX element pid: 174, elementOrHash.elementID: 35875787776.2060>
                  Other, 0x111784f00 <AX element pid: 174, elementOrHash.elementID: 35908194688.246>
                    Other, 0x111785040 <AX element pid: 174, elementOrHash.elementID: 35909454912.314>
                      Image, 0x111785180 <AX element pid: 174, elementOrHash.elementID: 36039489024.407>
                      Image, 0x1117852c0 <AX element pid: 174, elementOrHash.elementID: 36039489536.408>
              Icon, 0x111785400 <AX element pid: 174, elementOrHash.elementID: 35905492992.1548>
                Other, 0x111785540 <AX element pid: 174, elementOrHash.elementID: 35889611648.1566>
                  Other, 0x111785680 <AX element pid: 174, elementOrHash.elementID: 35889612096.1587>
                    Other, 0x1117857c0 <AX element pid: 174, elementOrHash.elementID: 35888216448.1626>
                      Other, 0x111785900 <AX element pid: 174, elementOrHash.elementID: 35875783296.2061>
                  Other, 0x111785a40 <AX element pid: 174, elementOrHash.elementID: 35889718656.1588>
                    Other, 0x111785b80 <AX element pid: 174, elementOrHash.elementID: 35889612544.1627>
                      Image, 0x111785cc0 <AX element pid: 174, elementOrHash.elementID: 36055472128.1667>
                      Image, 0x111785e00 <AX element pid: 174, elementOrHash.elementID: 36055471616.1668>
              Icon, 0x111785f40 <AX element pid: 174, elementOrHash.elementID: 35904842240.1562>
                Other, 0x111786080 <AX element pid: 174, elementOrHash.elementID: 35889590528.1581>
                  Other, 0x1117861c0 <AX element pid: 174, elementOrHash.elementID: 35889590976.1617>
                    Other, 0x111786300 <AX element pid: 174, elementOrHash.elementID: 35888220672.1656>
                      Other, 0x111786440 <AX element pid: 174, elementOrHash.elementID: 35875792256.2062>
                  Other, 0x111786580 <AX element pid: 174, elementOrHash.elementID: 35888227712.1618>
                    Other, 0x1117866c0 <AX element pid: 174, elementOrHash.elementID: 35889593664.1657>
                      Image, 0x111786800 <AX element pid: 174, elementOrHash.elementID: 36055022592.1721>
                      Image, 0x111786940 <AX element pid: 174, elementOrHash.elementID: 36055012864.1722>
              Icon, 0x111786a80 <AX element pid: 174, elementOrHash.elementID: 35941709312.1555>
                Other, 0x111786bc0 <AX element pid: 174, elementOrHash.elementID: 35942350144.1574>
                  Other, 0x111786d00 <AX element pid: 174, elementOrHash.elementID: 35887740480.1603>
                    Other, 0x111786e40 <AX element pid: 174, elementOrHash.elementID: 35903660800.290>
                      Other, 0x111786f80 <AX element pid: 174, elementOrHash.elementID: 35875793536.2063>
                  Other, 0x1117870c0 <AX element pid: 174, elementOrHash.elementID: 35888278784.1604>
                    Other, 0x111787200 <AX element pid: 174, elementOrHash.elementID: 35887736896.1642>
                      Image, 0x111787340 <AX element pid: 174, elementOrHash.elementID: 36052131328.1699>
                      Image, 0x111787480 <AX element pid: 174, elementOrHash.elementID: 36052126720.1700>
              Icon, 0x1117875c0 <AX element pid: 174, elementOrHash.elementID: 35943691776.1546>
                Other, 0x111787700 <AX element pid: 174, elementOrHash.elementID: 35943604544.1564>
                  Other, 0x111787840 <AX element pid: 174, elementOrHash.elementID: 35957582336.1583>
                    Other, 0x111787980 <AX element pid: 174, elementOrHash.elementID: 35888280704.1622>
                      Other, 0x111787ac0 <AX element pid: 174, elementOrHash.elementID: 35904819584.2064>
                  Other, 0x111787c00 <AX element pid: 174, elementOrHash.elementID: 35888275584.1584>
                    Other, 0x111787d40 <AX element pid: 174, elementOrHash.elementID: 36004838272.1623>
                      Image, 0x111787e80 <AX element pid: 174, elementOrHash.elementID: 36052134400.1661>
                      Image, 0x11178c000 <AX element pid: 174, elementOrHash.elementID: 36052130304.1662>
              Icon, 0x11178c140 <AX element pid: 174, elementOrHash.elementID: 35941707776.137>
                Other, 0x11178c280 <AX element pid: 174, elementOrHash.elementID: 35942349696.179>
                  Other, 0x11178c3c0 <AX element pid: 174, elementOrHash.elementID: 35921984384.239>
                    Other, 0x11178c500 <AX element pid: 174, elementOrHash.elementID: 35903663360.302>
                      Other, 0x11178c640 <AX element pid: 174, elementOrHash.elementID: 35943796480.2065>
                  Other, 0x11178c780 <AX element pid: 174, elementOrHash.elementID: 35922153216.240>
                    Other, 0x11178c8c0 <AX element pid: 174, elementOrHash.elementID: 35921984832.307>
                      Image, 0x11178ca00 <AX element pid: 174, elementOrHash.elementID: 36039383040.397>
                      Image, 0x11178cb40 <AX element pid: 174, elementOrHash.elementID: 36039382528.398>
              Icon, 0x11178cc80 <AX element pid: 174, elementOrHash.elementID: 35905494528.1551>
                Other, 0x11178cdc0 <AX element pid: 174, elementOrHash.elementID: 35889612992.1570>
                  Other, 0x11178cf00 <AX element pid: 174, elementOrHash.elementID: 35889613440.1595>
                    Other, 0x11178d040 <AX element pid: 174, elementOrHash.elementID: 35889719296.1633>
                      Other, 0x11178d180 <AX element pid: 174, elementOrHash.elementID: 35875786496.2066>
                  Other, 0x11178d2c0 <AX element pid: 174, elementOrHash.elementID: 35889720576.1596>
                    Other, 0x11178d400 <AX element pid: 174, elementOrHash.elementID: 35889613888.1634>
                      Image, 0x11178d540 <AX element pid: 174, elementOrHash.elementID: 36055473152.1682>
                      Image, 0x11178d680 <AX element pid: 174, elementOrHash.elementID: 36055472640.1683>
              Icon, 0x11178d7c0 <AX element pid: 174, elementOrHash.elementID: 35943581184.1557>
                Other, 0x11178d900 <AX element pid: 174, elementOrHash.elementID: 35943596480.1576>
                  Other, 0x11178da40 <AX element pid: 174, elementOrHash.elementID: 35922182144.1607>
                    Other, 0x11178db80 <AX element pid: 174, elementOrHash.elementID: 35943793280.1645>
                      Other, 0x11178dcc0 <AX element pid: 174, elementOrHash.elementID: 35875782656.2067>
                  Other, 0x11178de00 <AX element pid: 174, elementOrHash.elementID: 35922155776.1608>
                    Other, 0x11178df40 <AX element pid: 174, elementOrHash.elementID: 35922182592.1646>
                      Image, 0x11178e080 <AX element pid: 174, elementOrHash.elementID: 36039388160.1705>
                      Image, 0x11178e1c0 <AX element pid: 174, elementOrHash.elementID: 36039387648.1706>
              Icon, 0x11178e300 <AX element pid: 174, elementOrHash.elementID: 35943677952.1368>
                Other, 0x11178e440 <AX element pid: 174, elementOrHash.elementID: 35943600512.1383>
                  Other, 0x11178e580 <AX element pid: 174, elementOrHash.elementID: 35921982592.1398>
                    Other, 0x11178e6c0 <AX element pid: 174, elementOrHash.elementID: 35887301888.1431>
                      Other, 0x11178e800 <AX element pid: 174, elementOrHash.elementID: 35875794816.2068>
                  Other, 0x11178e940 <AX element pid: 174, elementOrHash.elementID: 35922150656.1740>
                    Other, 0x11178ea80 <AX element pid: 174, elementOrHash.elementID: 35921983040.1751>
                      Image, 0x11178ebc0 <AX element pid: 174, elementOrHash.elementID: 36039377920.1773>
                      Image, 0x11178ed00 <AX element pid: 174, elementOrHash.elementID: 36039377408.1774>
              Icon, 0x11178ee40 <AX element pid: 174, elementOrHash.elementID: 35905491456.1547>
                Other, 0x11178ef80 <AX element pid: 174, elementOrHash.elementID: 35887693824.1565>
                  Other, 0x11178f0c0 <AX element pid: 174, elementOrHash.elementID: 35889610752.1585>
                    Other, 0x11178f200 <AX element pid: 174, elementOrHash.elementID: 35889715456.1624>
                      Other, 0x11178f340 <AX element pid: 174, elementOrHash.elementID: 35875791616.2069>
                  Other, 0x11178f480 <AX element pid: 174, elementOrHash.elementID: 35889716736.1586>
                    Other, 0x11178f5c0 <AX element pid: 174, elementOrHash.elementID: 35889611200.1625>
                      Image, 0x11178f700 <AX element pid: 174, elementOrHash.elementID: 36055470592.1664>
                      Image, 0x11178f840 <AX element pid: 174, elementOrHash.elementID: 36055470080.1665>
              Icon, 0x11178f980 <AX element pid: 174, elementOrHash.elementID: 35943708160.135>
                Other, 0x11178fac0 <AX element pid: 174, elementOrHash.elementID: 35943609024.177>
                  Other, 0x11178fc00 <AX element pid: 174, elementOrHash.elementID: 35909462528.235>
                    Other, 0x11178fd40 <AX element pid: 174, elementOrHash.elementID: 35889713536.1652>
                      Other, 0x11178fe80 <AX element pid: 174, elementOrHash.elementID: 35941852544.2070>
                  Other, 0x1117a0000 <AX element pid: 174, elementOrHash.elementID: 35903660160.236>
                    Other, 0x1117a0140 <AX element pid: 174, elementOrHash.elementID: 35909461632.303>
                      Image, 0x1117a0280 <AX element pid: 174, elementOrHash.elementID: 36021239808.391>
                      Image, 0x1117a03c0 <AX element pid: 174, elementOrHash.elementID: 36045234176.392>
              Icon, 0x1117a0500 <AX element pid: 174, elementOrHash.elementID: 35943593472.1554>
                Other, 0x1117a0640 <AX element pid: 174, elementOrHash.elementID: 35943600064.1573>
                  Other, 0x1117a0780 <AX element pid: 174, elementOrHash.elementID: 35922183040.1601>
                    Other, 0x1117a08c0 <AX element pid: 174, elementOrHash.elementID: 35889767808.1635>
                      Other, 0x1117a0a00 <AX element pid: 174, elementOrHash.elementID: 35944980608.2071>
                    Other, 0x1117a0b40 <AX element pid: 174, elementOrHash.elementID: 35889825024.1441>
                      Other, 0x1117a0c80 <AX element pid: 174, elementOrHash.elementID: 35889810048.1475>
                        Image, 0x1117a0dc0 <AX element pid: 174, elementOrHash.elementID: 36055537152.1486>
                  Other, 0x1117a0f00 <AX element pid: 174, elementOrHash.elementID: 35922157056.1602>
                    Other, 0x1117a1040 <AX element pid: 174, elementOrHash.elementID: 35922183488.1641>
                      Image, 0x1117a1180 <AX element pid: 174, elementOrHash.elementID: 36039390720.1696>
                      Image, 0x1117a12c0 <AX element pid: 174, elementOrHash.elementID: 36039390208.1697>
              Icon, 0x1117a1400 <AX element pid: 174, elementOrHash.elementID: 35943728640.126>
                Other, 0x1117a1540 <AX element pid: 174, elementOrHash.elementID: 35943609920.168>
                  Other, 0x1117a1680 <AX element pid: 174, elementOrHash.elementID: 35921979456.217>
                    Other, 0x1117a17c0 <AX element pid: 174, elementOrHash.elementID: 35943797120.284>
                      Other, 0x1117a1900 <AX element pid: 174, elementOrHash.elementID: 35875787136.2072>
                  Other, 0x1117a1a40 <AX element pid: 174, elementOrHash.elementID: 35921998976.218>
                    Other, 0x1117a1b80 <AX element pid: 174, elementOrHash.elementID: 35921979904.285>
                      Image, 0x1117a1cc0 <AX element pid: 174, elementOrHash.elementID: 36039288320.364>
                      Image, 0x1117a1e00 <AX element pid: 174, elementOrHash.elementID: 36039287808.365>
              Icon, 0x1117a1f40 <AX element pid: 174, elementOrHash.elementID: 35905396224.1354>
                Other, 0x1117a2080 <AX element pid: 174, elementOrHash.elementID: 35889626432.1385>
                  Other, 0x1117a21c0 <AX element pid: 174, elementOrHash.elementID: 35889807360.1400>
                    Other, 0x1117a2300 <AX element pid: 174, elementOrHash.elementID: 35889825664.1749>
                      Other, 0x1117a2440 <AX element pid: 174, elementOrHash.elementID: 35875785216.2073>
                  Other, 0x1117a2580 <AX element pid: 174, elementOrHash.elementID: 35889772928.1739>
                    Other, 0x1117a26c0 <AX element pid: 174, elementOrHash.elementID: 35889807808.1750>
                      Image, 0x1117a2800 <AX element pid: 174, elementOrHash.elementID: 36055535616.1770>
                      Image, 0x1117a2940 <AX element pid: 174, elementOrHash.elementID: 36055535104.1771>
              Icon, 0x1117a2a80 <AX element pid: 174, elementOrHash.elementID: 35943694336.119>
                Other, 0x1117a2bc0 <AX element pid: 174, elementOrHash.elementID: 35943604992.161>
                  Other, 0x1117a2d00 <AX element pid: 174, elementOrHash.elementID: 35920557184.203>
                    Other, 0x1117a2e40 <AX element pid: 174, elementOrHash.elementID: 35889771648.1430>
                      Other, 0x1117a2f80 <AX element pid: 174, elementOrHash.elementID: 35875796096.2074>
                  Other, 0x1117a30c0 <AX element pid: 174, elementOrHash.elementID: 35944979968.204>
                    Other, 0x1117a3200 <AX element pid: 174, elementOrHash.elementID: 35910755968.271>
                      Image, 0x1117a3340 <AX element pid: 174, elementOrHash.elementID: 36046516224.343>
                      Image, 0x1117a3480 <AX element pid: 174, elementOrHash.elementID: 36046515712.344>
              Icon, 0x1117a35c0 <AX element pid: 174, elementOrHash.elementID: 35904516096.1549>
                Other, 0x1117a3700 <AX element pid: 174, elementOrHash.elementID: 35907066880.1568>
                  Other, 0x1117a3840 <AX element pid: 174, elementOrHash.elementID: 35891482560.1591>
                    Other, 0x1117a3980 <AX element pid: 174, elementOrHash.elementID: 35889769728.1629>
                      Other, 0x1117a3ac0 <AX element pid: 174, elementOrHash.elementID: 35875789056.2075>
                  Other, 0x1117a3c00 <AX element pid: 174, elementOrHash.elementID: 35887504256.1592>
                    Other, 0x1117a3d40 <AX element pid: 174, elementOrHash.elementID: 35887807360.1630>
                      Image, 0x1117a3e80 <AX element pid: 174, elementOrHash.elementID: 36055015936.1676>
                      Image, 0x1117ac000 <AX element pid: 174, elementOrHash.elementID: 36055014912.1677>
            Icon, 0x1117ac140 <AX element pid: 174, elementOrHash.elementID: 36035589376.65>
              Icon, 0x1117ac280 <AX element pid: 174, elementOrHash.elementID: 36023791424.143>
            PageIndicator, 0x1117ac3c0 <AX element pid: 174, elementOrHash.elementID: 35941843584.66>
        Other, 0x1117ac500 <AX element pid: 174, elementOrHash.elementID: 36034925568.45>
      Other, 0x1117ac640 <AX element pid: 174, elementOrHash.elementID: 36034935808.32>
  Window, 0x1117ac780 <AX element pid: 174, elementOrHash.elementID: 36032077824.11>
    Other, 0x1117ac8c0 <AX element pid: 174, elementOrHash.elementID: 35953538624.20>
      Other, 0x1117aca00 <AX element pid: 174, elementOrHash.elementID: 35953538176.33>
  Window, 0x1117acb40 <AX element pid: 174, elementOrHash.elementID: 36018690304.12>
    Other, 0x1117acc80 <AX element pid: 174, elementOrHash.elementID: 36017882432.21>
      Other, 0x1117acdc0 <AX element pid: 174, elementOrHash.elementID: 36038462464.34>
        Other, 0x1117acf00 <AX element pid: 174, elementOrHash.elementID: 35920632704.46>
          Other, 0x1117ad040 <AX element pid: 174, elementOrHash.elementID: 35920548672.54>
            Other, 0x1117ad180 <AX element pid: 174, elementOrHash.elementID: 35887737344.1088>
            Other, 0x1117ad2c0 <AX element pid: 174, elementOrHash.elementID: 35943852544.1089>
            Other, 0x1117ad400 <AX element pid: 174, elementOrHash.elementID: 35920551360.69>
            Other, 0x1117ad540 <AX element pid: 174, elementOrHash.elementID: 35920551808.70>
            Other, 0x1117ad680 <AX element pid: 174, elementOrHash.elementID: 35890596928.1361>
            Other, 0x1117ad7c0 <AX element pid: 174, elementOrHash.elementID: 35887703232.1093>
            Other, 0x1117ad900 <AX element pid: 174, elementOrHash.elementID: 35920553152.73>
            Other, 0x1117ada40 <AX element pid: 174, elementOrHash.elementID: 35920549120.74>
      Other, 0x1117adb80 <AX element pid: 174, elementOrHash.elementID: 36056067584.1084>
        Other, 0x1117adcc0 <AX element pid: 174, elementOrHash.elementID: 11494289431044805875.9999>
          Other, 0x1117ade00 <AX element pid: 333, elementOrHash.elementID: 4309013472.4>
            Other, 0x1117adf40 <AX element pid: 333, elementOrHash.elementID: 4309041312.5>
              Other, 0x1117ae080 <AX element pid: 333, elementOrHash.elementID: 4308983520.6>
                Other, 0x1117ae1c0 <AX element pid: 333, elementOrHash.elementID: 4309005120.7>
      Other, 0x1117ae300 <AX element pid: 174, elementOrHash.elementID: 36046696960.36>
        Other, 0x1117ae440 <AX element pid: 174, elementOrHash.elementID: 35906212864.47>
          Other, 0x1117ae580 <AX element pid: 174, elementOrHash.elementID: 35922778688.55>
  Window, 0x1117ae6c0 <AX element pid: 174, elementOrHash.elementID: 36018691584.13>
    Other, 0x1117ae800 <AX element pid: 174, elementOrHash.elementID: 36017885568.22>
  Window, 0x1117ae940 <AX element pid: 174, elementOrHash.elementID: 36018685184.1812>
    Other, 0x1117aea80 <AX element pid: 174, elementOrHash.elementID: 35889648896.1813>
      Other, 0x1117aebc0 <AX element pid: 174, elementOrHash.elementID: 35887702784.1815>
  Window, 0x1117aed00 <AX element pid: 174, elementOrHash.elementID: 35951108864.14>
    Other, 0x1117aee40 <AX element pid: 174, elementOrHash.elementID: 35953539072.23>
      Other, 0x1117aef80 <AX element pid: 174, elementOrHash.elementID: 35953539968.37>
  Window, 0x1117af0c0 <AX element pid: 174, elementOrHash.elementID: 35920354816.15>
    Other, 0x1117af200 <AX element pid: 174, elementOrHash.elementID: 35923110400.24>
      Other, 0x1117af340 <AX element pid: 174, elementOrHash.elementID: 35923112192.38>
  Window, 0x1117af480 <AX element pid: 174, elementOrHash.elementID: 36036372480.9>
    Other, 0x1117af5c0 <AX element pid: 174, elementOrHash.elementID: 35942339840.25>
      Other, 0x1117af700 <AX element pid: 174, elementOrHash.elementID: 35942340288.39>
        Other, 0x1117af840 <AX element pid: 174, elementOrHash.elementID: 35942345216.48>
        Other, 0x1117af980 <AX element pid: 174, elementOrHash.elementID: 35942345664.49>
        Other, 0x1117afac0 <AX element pid: 174, elementOrHash.elementID: 35941851264.50>
          Other, 0x1117afc00 <AX element pid: 174, elementOrHash.elementID: 36036367360.56>
            Icon, 0x1117afd40 <AX element pid: 174, elementOrHash.elementID: 35943737856.6>
              Other, 0x1117afe80 <AX element pid: 174, elementOrHash.elementID: 35943844928.145>
                Other, 0x1117b8000 <AX element pid: 174, elementOrHash.elementID: 35943845376.185>
                  Other, 0x1117b8140 <AX element pid: 174, elementOrHash.elementID: 35943797760.251>
                    Other, 0x1117b8280 <AX element pid: 174, elementOrHash.elementID: 35943806720.319>
            Icon, 0x1117b83c0 <AX element pid: 174, elementOrHash.elementID: 35943739392.75>
              Other, 0x1117b8500 <AX element pid: 174, elementOrHash.elementID: 35943845824.146>
                Other, 0x1117b8640 <AX element pid: 174, elementOrHash.elementID: 35943846272.186>
                  Other, 0x1117b8780 <AX element pid: 174, elementOrHash.elementID: 35943792640.252>
                    Other, 0x1117b88c0 <AX element pid: 174, elementOrHash.elementID: 35943808000.320>
            Icon, 0x1117b8a00 <AX element pid: 174, elementOrHash.elementID: 35943740928.76>
              Other, 0x1117b8b40 <AX element pid: 174, elementOrHash.elementID: 35943846720.147>
                Other, 0x1117b8c80 <AX element pid: 174, elementOrHash.elementID: 35943847168.187>
                  Other, 0x1117b8dc0 <AX element pid: 174, elementOrHash.elementID: 35941855104.253>
                    Other, 0x1117b8f00 <AX element pid: 174, elementOrHash.elementID: 35944039040.321>
            Icon, 0x1117b9040 <AX element pid: 174, elementOrHash.elementID: 35944136704.77>
              Other, 0x1117b9180 <AX element pid: 174, elementOrHash.elementID: 35943847616.148>
                Other, 0x1117b92c0 <AX element pid: 174, elementOrHash.elementID: 35943848064.188>
                  Other, 0x1117b9400 <AX element pid: 174, elementOrHash.elementID: 35943795840.254>
                    Other, 0x1117b9540 <AX element pid: 174, elementOrHash.elementID: 35944040320.322>
            Icon, 0x1117b9680 <AX element pid: 174, elementOrHash.elementID: 35944138240.78>
              Other, 0x1117b97c0 <AX element pid: 174, elementOrHash.elementID: 35943848512.149>
                Other, 0x1117b9900 <AX element pid: 174, elementOrHash.elementID: 35943848960.189>
                  Other, 0x1117b9a40 <AX element pid: 174, elementOrHash.elementID: 35941858304.255>
                    Other, 0x1117b9b80 <AX element pid: 174, elementOrHash.elementID: 36017864704.1165>
            Icon, 0x1117b9cc0 <AX element pid: 174, elementOrHash.elementID: 35944139776.79>
              Other, 0x1117b9e00 <AX element pid: 174, elementOrHash.elementID: 35943849856.150>
                Other, 0x1117b9f40 <AX element pid: 174, elementOrHash.elementID: 35943850304.190>
                  Other, 0x1117ba080 <AX element pid: 174, elementOrHash.elementID: 35943799040.256>
                    Other, 0x1117ba1c0 <AX element pid: 174, elementOrHash.elementID: 35944043520.324>
            Icon, 0x1117ba300 <AX element pid: 174, elementOrHash.elementID: 35944141312.80>
              Other, 0x1117ba440 <AX element pid: 174, elementOrHash.elementID: 35943850752.151>
                Other, 0x1117ba580 <AX element pid: 174, elementOrHash.elementID: 35943851200.191>
                  Other, 0x1117ba6c0 <AX element pid: 174, elementOrHash.elementID: 35941853184.257>
                    Other, 0x1117ba800 <AX element pid: 174, elementOrHash.elementID: 35944044800.325>
          Other, 0x1117ba940 <AX element pid: 174, elementOrHash.elementID: 36036369408.57>
            Icon, 0x1117baa80 <AX element pid: 174, elementOrHash.elementID: 35941698560.81>
              Other, 0x1117babc0 <AX element pid: 174, elementOrHash.elementID: 35942346112.152>
                Other, 0x1117bad00 <AX element pid: 174, elementOrHash.elementID: 35943611712.192>
                  Other, 0x1117bae40 <AX element pid: 174, elementOrHash.elementID: 35941853824.258>
                    Other, 0x1117baf80 <AX element pid: 174, elementOrHash.elementID: 35943800960.326>
            Icon, 0x1117bb0c0 <AX element pid: 174, elementOrHash.elementID: 35943734784.82>
              Other, 0x1117bb200 <AX element pid: 174, elementOrHash.elementID: 35943841792.153>
                Other, 0x1117bb340 <AX element pid: 174, elementOrHash.elementID: 35943842240.193>
                  Other, 0x1117bb480 <AX element pid: 174, elementOrHash.elementID: 35943794560.259>
                    Other, 0x1117bb5c0 <AX element pid: 174, elementOrHash.elementID: 35943802240.327>
                  Other, 0x1117bb700 <AX element pid: 174, elementOrHash.elementID: 35943802880.260>
                    Other, 0x1117bb840 <AX element pid: 174, elementOrHash.elementID: 35943844032.328>
                      Image, 0x1117bb980 <AX element pid: 174, elementOrHash.elementID: 36036537344.415>
          Other, 0x1117bbac0 <AX element pid: 174, elementOrHash.elementID: 36036368384.58>
          Icon, 0x1117bbc00 <AX element pid: 174, elementOrHash.elementID: 35944142848.59>
            Other, 0x1117bbd40 <AX element pid: 174, elementOrHash.elementID: 35887479808.1147>
            Other, 0x1117bbe80 <AX element pid: 174, elementOrHash.elementID: 35887469568.1148>
            Other, 0x1117c0000 <AX element pid: 174, elementOrHash.elementID: 35891053184.513>
            Other, 0x1117c0140 <AX element pid: 174, elementOrHash.elementID: 35887477248.1149>
      Other, 0x1117c0280 <AX element pid: 174, elementOrHash.elementID: 35944048000.40>
        Other, 0x1117c03c0 <AX element pid: 174, elementOrHash.elementID: 36037143040.51>
          Other, 0x1117c0500 <AX element pid: 174, elementOrHash.elementID: 13117757763611807880.9999>
            Other, 0x1117c0640 <AX element pid: 303, elementOrHash.elementID: 4312005392.4>
              Other, 0x1117c0780 <AX element pid: 303, elementOrHash.elementID: 33807598848.5>
                Other, 0x1117c08c0 <AX element pid: 303, elementOrHash.elementID: 33807631232.6>
                  Other, 0x1117c0a00 <AX element pid: 303, elementOrHash.elementID: 33807630336.7>
          Other, 0x1117c0b40 <AX element pid: 174, elementOrHash.elementID: 2167965937006497152.9999>
            Other, 0x1117c0c80 <AX element pid: 303, elementOrHash.elementID: 33807632128.8>
              Other, 0x1117c0dc0 <AX element pid: 303, elementOrHash.elementID: 33807633920.9>
          Other, 0x1117c0f00 <AX element pid: 174, elementOrHash.elementID: 6852408606350722696.9999>
  Window, 0x1117c1040 <AX element pid: 174, elementOrHash.elementID: 36022010880.16>
    StatusBar, 0x1117c1180 <AX element pid: 174, elementOrHash.elementID: 36017866624.26>
      Other, 0x1117c12c0 <AX element pid: 174, elementOrHash.elementID: 36021977088.41>
        Other, 0x1117c1400 <AX element pid: 174, elementOrHash.elementID: 35873917120.1827>
          Other, 0x1117c1540 <AX element pid: 174, elementOrHash.elementID: 35873915328.1830>
            StaticText, 0x1117c1680 <AX element pid: 174, elementOrHash.elementID: 35891539328.1833>
            StaticText, 0x1117c17c0 <AX element pid: 174, elementOrHash.elementID: 35891529472.1834>
          Other, 0x1117c1900 <AX element pid: 174, elementOrHash.elementID: 35873922496.1831>
            Other, 0x1117c1a40 <AX element pid: 174, elementOrHash.elementID: 36057365504.1835>
            Image, 0x1117c1b80 <AX element pid: 174, elementOrHash.elementID: 35905546880.1836>
            StaticText, 0x1117c1cc0 <AX element pid: 174, elementOrHash.elementID: 35891533952.1837>
            Other, 0x1117c1e00 <AX element pid: 174, elementOrHash.elementID: 35888280064.1838>
    Other, 0x1117c1f40 <AX element pid: 174, elementOrHash.elementID: 36017881984.27>
  Window, 0x1117c2080 <AX element pid: 174, elementOrHash.elementID: 36032072704.17>
    Other, 0x1117c21c0 <AX element pid: 174, elementOrHash.elementID: 35953535488.28>
  Window, 0x1117c2300 <AX element pid: 174, elementOrHash.elementID: 36032076800.18>
    Other, 0x1117c2440 <AX element pid: 174, elementOrHash.elementID: 35953537728.29>
22:51:31.770 WebDriverAgentRunner-Runner[1324:114132] Found matches {(
    StatusBar
)} with root Application, pid: 174
22:51:31.770 WebDriverAgentRunner-Runner[1324:114132] <XCTContext: 0x1101c8ff0> finished activity <XCActivityRecord: 0x110d5ddc0> 2026-07-19 15:51:31 +0000: Find the StatusBar (Element at index 0) (0.23995s)
22:51:31.771 WebDriverAgentRunner-Runner[1324:114132] Creating future for 'checking for continuity enablement' with timeout 30.00
22:51:31.771 WebDriverAgentRunner-Runner[1324:114132] <XCTWaiter: 0x11175cab0> entering wait loop for 30.00s with expectations: `checking for continuity enablement`
22:51:31.772 WebDriverAgentRunner-Runner[1324:114132] Returning result XCTWaiterResultCompleted for synchronous waiter <XCTWaiter: 0x11175cab0>
22:51:31.772 WebDriverAgentRunner-Runner[1324:114132] Wait <XCTWaiterWait: 0x1117d34c0> completed after 0.001s
22:51:31.773 WebDriverAgentRunner-Runner[1324:114132] cleaning up checking for continuity enablement
22:51:31.773 WebDriverAgentRunner-Runner[1324:114132] Creating future for 'fetching attributes 'XC_kAXXCAttributeFrame', 'XC_kAXXCAttributeWindowDisplayId', 'XC_kAXXCAttributeWindowContextId' for AX element pid: 174, elementOrHash.elementID: 36017866624.26' with timeout 30.00
22:51:31.773 WebDriverAgentRunner-Runner[1324:114132] <XCTWaiter: 0x11175c720> entering wait loop for 30.00s with expectations: `fetching attributes 'XC_kAXXCAttributeFrame', 'XC_kAXXCAttributeWindowDisplayId', 'XC_kAXXCAttributeWindowContextId' for AX element pid: 174, elementOrHash.elementID: 36017866624.26`
22:51:31.774 WebDriverAgentRunner-Runner[1324:114132] Returning result XCTWaiterResultCompleted for synchronous waiter <XCTWaiter: 0x11175c720>
22:51:31.774 WebDriverAgentRunner-Runner[1324:114132] Wait <XCTWaiterWait: 0x1117d37c0> completed after 0.001s
22:51:31.774 WebDriverAgentRunner-Runner[1324:114132] cleaning up fetching attributes 'XC_kAXXCAttributeFrame', 'XC_kAXXCAttributeWindowDisplayId', 'XC_kAXXCAttributeWindowContextId' for AX element pid: 174, elementOrHash.elementID: 36017866624.26
22:51:31.774 WebDriverAgentRunner-Runner[1324:114132] StatusBar (AX element pid: 174, elementOrHash.elementID: 36017866624.26) faulted in {
    "XC_kAXXCAttributeFrame" =     {
        Height = 1366;
        Width = 32;
        X = 0;
        Y = 0;
    };
    "XC_kAXXCAttributeWindowContextId" = 2087488016;
    "XC_kAXXCAttributeWindowDisplayId" = 1;
}: (no error) for frame using XC_kAXXCAttributeFrame, XC_kAXXCAttributeWindowDisplayId, XC_kAXXCAttributeWindowContextId
22:51:31.774 WebDriverAgentRunner-Runner[1324:114132] getting parameterized attribute XC_kAXXCParameterizedAttributeConvertHostedViewFrame with parameter (
        {
        Height = 1366;
        Width = 32;
        X = 0;
        Y = 0;
    },
    2087488016,
    1
)
22:51:31.774 WebDriverAgentRunner-Runner[1324:114132] Creating future for 'getting parameterized attribute XC_kAXXCParameterizedAttributeConvertHostedViewFrame' with timeout 65.00
22:51:31.775 WebDriverAgentRunner-Runner[1324:114132] <XCTWaiter: 0x11175cd50> entering wait loop for 65.00s with expectations: `getting parameterized attribute XC_kAXXCParameterizedAttributeConvertHostedViewFrame`
22:51:31.775 WebDriverAgentRunner-Runner[1324:115069] Got parameterized attribute fetch for XC_kAXXCParameterizedAttributeConvertHostedViewFrame response with values {
    Height = 1366;
    Width = 32;
    X = 0;
    Y = 0;
}, error: (null)
22:51:31.775 WebDriverAgentRunner-Runner[1324:114132] Returning result XCTWaiterResultCompleted for synchronous waiter <XCTWaiter: 0x11175cd50>
22:51:31.776 WebDriverAgentRunner-Runner[1324:114132] Wait <XCTWaiterWait: 0x1117d11c0> completed after 0.001s
22:51:31.776 WebDriverAgentRunner-Runner[1324:114132] cleaning up getting parameterized attribute XC_kAXXCParameterizedAttributeConvertHostedViewFrame
22:51:31.776 WebDriverAgentRunner-Runner[1324:114132] No change when transforming rect {{0, 0}, {32, 1366}}, either portrait orientation or non-standard app configuration such as springboard
22:51:31.776 WebDriverAgentRunner-Runner[1324:114132] Fetching application interface orientation
22:51:31.776 WebDriverAgentRunner-Runner[1324:114132] Creating future for 'getting interface orientation' with timeout 65.00
22:51:31.776 WebDriverAgentRunner-Runner[1324:114132] <XCTWaiter: 0x11175d890> entering wait loop for 65.00s with expectations: `getting interface orientation`
22:51:31.776 WebDriverAgentRunner-Runner[1324:114132] Returning result XCTWaiterResultCompleted for synchronous waiter <XCTWaiter: 0x11175d890>
22:51:31.777 WebDriverAgentRunner-Runner[1324:114132] Wait <XCTWaiterWait: 0x1117d1540> completed after 0.001s
22:51:31.777 WebDriverAgentRunner-Runner[1324:114132] cleaning up getting interface orientation
22:51:31.777 WebDriverAgentRunner-Runner[1324:114132] Creating future for 'getting screen identifiers' with timeout 30.00
22:51:31.777 WebDriverAgentRunner-Runner[1324:114132] <XCTWaiter: 0x11175d320> entering wait loop for 30.00s with expectations: `getting screen identifiers`
22:51:31.777 WebDriverAgentRunner-Runner[1324:114132] Returning result XCTWaiterResultCompleted for synchronous waiter <XCTWaiter: 0x11175d320>
22:51:31.777 WebDriverAgentRunner-Runner[1324:114132] Wait <XCTWaiterWait: 0x1117d00c0> completed after 0.000s
22:51:31.777 WebDriverAgentRunner-Runner[1324:114132] cleaning up getting screen identifiers
22:51:31.778 WebDriverAgentRunner-Runner[1324:114132] Creating future for 'getting screen bounds' with timeout 30.00
22:51:31.778 WebDriverAgentRunner-Runner[1324:114132] <XCTWaiter: 0x11175d590> entering wait loop for 30.00s with expectations: `getting screen bounds`
22:51:31.778 WebDriverAgentRunner-Runner[1324:114132] Returning result XCTWaiterResultCompleted for synchronous waiter <XCTWaiter: 0x11175d590>
22:51:31.778 WebDriverAgentRunner-Runner[1324:114132] Wait <XCTWaiterWait: 0x1117d1b40> completed after 0.000s
22:51:31.778 WebDriverAgentRunner-Runner[1324:114132] cleaning up getting screen bounds
22:51:31.778 WebDriverAgentRunner-Runner[1324:114132] Creating future for 'getting screen scale' with timeout 30.00
22:51:31.778 WebDriverAgentRunner-Runner[1324:114132] <XCTWaiter: 0x11175e310> entering wait loop for 30.00s with expectations: `getting screen scale`
22:51:31.778 WebDriverAgentRunner-Runner[1324:114132] Returning result XCTWaiterResultCompleted for synchronous waiter <XCTWaiter: 0x11175e310>
22:51:31.779 WebDriverAgentRunner-Runner[1324:114132] Wait <XCTWaiterWait: 0x1117d1b40> completed after 0.000s
22:51:31.779 WebDriverAgentRunner-Runner[1324:114132] cleaning up getting screen scale
22:51:31.779 WebDriverAgentRunner-Runner[1324:114132] <XCTContext: 0x1101c8ff0> started activity <XCActivityRecord: 0x110d5d180> 2026-07-19 15:51:31 +0000: Find the Application 'com.apple.springboard'
    t =    82.69s Find the Application 'com.apple.springboard'
22:51:31.779 WebDriverAgentRunner-Runner[1324:114132] Executing query:

22:51:31.779 WebDriverAgentRunner-Runner[1324:114132] Creating future for 'checking for continuity enablement' with timeout 30.00
22:51:31.780 WebDriverAgentRunner-Runner[1324:114132] <XCTWaiter: 0x11175e730> entering wait loop for 30.00s with expectations: `checking for continuity enablement`
22:51:31.780 WebDriverAgentRunner-Runner[1324:114132] Returning result XCTWaiterResultCompleted for synchronous waiter <XCTWaiter: 0x11175e730>
22:51:31.781 WebDriverAgentRunner-Runner[1324:114132] Wait <XCTWaiterWait: 0x1117d22c0> completed after 0.001s
22:51:31.781 WebDriverAgentRunner-Runner[1324:114132] cleaning up checking for continuity enablement
22:51:31.781 WebDriverAgentRunner-Runner[1324:114132] Should evaluate query remotely? XCTDisableRemoteQueryEvaluation(d-write): YES, hasAutomationSession: YES, supportsRemoteEvaluation: YES
22:51:31.781 WebDriverAgentRunner-Runner[1324:114132] Getting matching snapshots for locally evaluated query
22:51:31.781 WebDriverAgentRunner-Runner[1324:114132] Evaluating query:
 
22:51:31.781 WebDriverAgentRunner-Runner[1324:114132] Getting root element snapshot
22:51:31.781 WebDriverAgentRunner-Runner[1324:114132] Getting snapshot for App element pid: 174 for query 
22:51:31.781 WebDriverAgentRunner-Runner[1324:114132] <XCTContext: 0x1101c8ff0> started activity <XCActivityRecord: 0x110d5d110> 2026-07-19 15:51:31 +0000: Requesting snapshot of accessibility hierarchy for app with pid 174
22:51:31.782 WebDriverAgentRunner-Runner[1324:114132] Query requires iOS snapshot attributes .
22:51:31.782 WebDriverAgentRunner-Runner[1324:114132] XCUIElementQuery <XCTElementSnapshotProvider> getting snapshot
22:51:31.782 WebDriverAgentRunner-Runner[1324:114132] Snapshot request has custom attributes 
22:51:31.782 WebDriverAgentRunner-Runner[1324:114132] Snapshot request has custom parameters {
    snapshotKeyHonorModalViews = 0;
}
22:51:31.782 WebDriverAgentRunner-Runner[1324:114132] Current snapshot generation is 46
22:51:31.782 WebDriverAgentRunner-Runner[1324:114132] Query rootElementSnapshot is non-null with generation count 15
22:51:31.782 WebDriverAgentRunner-Runner[1324:114132] Capturing a new snapshot
22:51:31.782 WebDriverAgentRunner-Runner[1324:114132] Fetching snapshot for App element pid: 174 from testmanagerd with attributes XC_kAXXCAttributeElementType, XC_kAXXCAttributeElementBaseType, XC_kAXXCAttributeParent, XC_kAXXCAttributeIdentifier, XC_kAXXCAttributeAutomationType, XC_kAXXCAttributeTraits and parameters {
    maxArrayCount = 2147483647;
    maxChildren = 2147483647;
    maxDepth = 50;
    snapshotKeyHonorModalViews = 0;
    traverseFromParentsToChildren = 1;
}.
22:51:31.782 WebDriverAgentRunner-Runner[1324:114132] Creating future for 'fetching snapshot from testmanagerd.' with timeout 65.00
22:51:31.783 WebDriverAgentRunner-Runner[1324:114132] <XCTWaiter: 0x11175f1e0> entering wait loop for 65.00s with expectations: `fetching snapshot from testmanagerd.`
    t =    82.70s     Requesting snapshot of accessibility hierarchy for app with pid 174
22:51:32.019 WebDriverAgentRunner-Runner[1324:115070] Got snapshot response with runtime issue support from testmanagerd.
22:51:32.019 WebDriverAgentRunner-Runner[1324:114132] Returning result XCTWaiterResultCompleted for synchronous waiter <XCTWaiter: 0x11175f1e0>
22:51:32.019 WebDriverAgentRunner-Runner[1324:114132] Wait <XCTWaiterWait: 0x1117d0ac0> completed after 0.237s
22:51:32.019 WebDriverAgentRunner-Runner[1324:114132] cleaning up fetching snapshot from testmanagerd.
22:51:32.020 WebDriverAgentRunner-Runner[1324:114132] <XCTContext: 0x1101c8ff0> finished activity <XCActivityRecord: 0x110d5d110> 2026-07-19 15:51:31 +0000: Requesting snapshot of accessibility hierarchy for app with pid 174 (0.238353s)
22:51:32.021 WebDriverAgentRunner-Runner[1324:114132] Found matches {(
    App element pid: 174
)} with root App element pid: 174
22:51:32.021 WebDriverAgentRunner-Runner[1324:114132] <XCTContext: 0x1101c8ff0> finished activity <XCActivityRecord: 0x110d5d180> 2026-07-19 15:51:31 +0000: Find the Application 'com.apple.springboard' (0.242242s)
22:51:32.021 WebDriverAgentRunner-Runner[1324:114132] XCUIElementQuery <XCTElementSnapshotProvider> getting snapshot
22:51:32.022 WebDriverAgentRunner-Runner[1324:114132] Snapshot request has custom attributes XC_kAXXCAttributeElementBaseType, XC_kAXXCAttributeValue, XC_kAXXCAttributeAutomationType, XC_kAXXCAttributeIdentifier, XC_kAXXCAttributeTraits, XC_kAXXCAttributeVerticalSizeClass, XC_kAXXCAttributeFrame, XC_kAXXCAttributeWindowDisplayId, XC_kAXXCAttributeWindowContextId, XC_kAXXCAttributeLabel, XC_kAXXCAttributeHorizontalSizeClass, XC_kAXXCAttributeHasNativeFocus, XC_kAXXCAttributePlaceholderValue, XC_kAXXCAttributeElementType
22:51:32.022 WebDriverAgentRunner-Runner[1324:114132] Current snapshot generation is 49
22:51:32.022 WebDriverAgentRunner-Runner[1324:114132] Query rootElementSnapshot is non-null with generation count 49
22:51:32.022 WebDriverAgentRunner-Runner[1324:114132] Capturing a new snapshot
22:51:32.022 WebDriverAgentRunner-Runner[1324:114132] Fetching snapshot for App element pid: 174 from testmanagerd with attributes XC_kAXXCAttributeElementBaseType, XC_kAXXCAttributeParent, XC_kAXXCAttributeAutomationType, XC_kAXXCAttributeIdentifier, XC_kAXXCAttributeTraits, XC_kAXXCAttributeVerticalSizeClass, XC_kAXXCAttributeFrame, XC_kAXXCAttributeWindowDisplayId, XC_kAXXCAttributeWindowContextId, XC_kAXXCAttributeLabel, XC_kAXXCAttributeHorizontalSizeClass, XC_kAXXCAttributeHasNativeFocus, XC_kAXXCAttributePlaceholderValue, XC_kAXXCAttributeTruncatedValue, XC_kAXXCAttributeElementType and parameters {
    maxArrayCount = 2147483647;
    maxChildren = 2147483647;
    maxDepth = 50;
    snapshotKeyHonorModalViews = 0;
    traverseFromParentsToChildren = 1;
}.
22:51:32.022 WebDriverAgentRunner-Runner[1324:114132] Creating future for 'fetching snapshot from testmanagerd.' with timeout 65.00
22:51:32.022 WebDriverAgentRunner-Runner[1324:114132] <XCTWaiter: 0x1116afa20> entering wait loop for 65.00s with expectations: `fetching snapshot from testmanagerd.`
22:51:32.252 WebDriverAgentRunner-Runner[1324:114190] Handling kAXPidStatusChangedNotification
22:51:32.253 WebDriverAgentRunner-Runner[1324:114190] Got kAXPidStatusChangedNotification for pid 1212: active
22:51:32.255 WebDriverAgentRunner-Runner[1324:114190] Handling kAXPidStatusChangedNotification
22:51:32.255 WebDriverAgentRunner-Runner[1324:114190] Got kAXPidStatusChangedNotification for pid 305: active
22:51:32.326 WebDriverAgentRunner-Runner[1324:114132] No application process found matching pid 1212, caching
22:51:32.327 WebDriverAgentRunner-Runner[1324:114132] No application process found matching pid 305, caching
22:51:32.359 WebDriverAgentRunner-Runner[1324:114190] Got snapshot response with runtime issue support from testmanagerd.
22:51:32.359 WebDriverAgentRunner-Runner[1324:114132] Returning result XCTWaiterResultCompleted for synchronous waiter <XCTWaiter: 0x1116afa20>
22:51:32.359 WebDriverAgentRunner-Runner[1324:114132] Wait <XCTWaiterWait: 0x11ad0cf80> completed after 0.337s
22:51:32.359 WebDriverAgentRunner-Runner[1324:114132] cleaning up fetching snapshot from testmanagerd.
22:51:32.359 WebDriverAgentRunner-Runner[1324:114132] Creating future for 'getting interface orientation' with timeout 65.00
22:51:32.360 WebDriverAgentRunner-Runner[1324:114132] <XCTWaiter: 0x11175c540> entering wait loop for 65.00s with expectations: `getting interface orientation`
22:51:32.360 WebDriverAgentRunner-Runner[1324:114132] Returning result XCTWaiterResultCompleted for synchronous waiter <XCTWaiter: 0x11175c540>
22:51:32.360 WebDriverAgentRunner-Runner[1324:114132] Wait <XCTWaiterWait: 0x1117b18c0> completed after 0.001s
22:51:32.360 WebDriverAgentRunner-Runner[1324:114132] cleaning up getting interface orientation
22:51:32.361 WebDriverAgentRunner-Runner[1324:114132] Creating future for 'getting screen identifiers' with timeout 30.00
22:51:32.361 WebDriverAgentRunner-Runner[1324:114132] <XCTWaiter: 0x11175e5b0> entering wait loop for 30.00s with expectations: `getting screen identifiers`
22:51:32.361 WebDriverAgentRunner-Runner[1324:114132] Returning result XCTWaiterResultCompleted for synchronous waiter <XCTWaiter: 0x11175e5b0>
22:51:32.361 WebDriverAgentRunner-Runner[1324:114132] Wait <XCTWaiterWait: 0x1117b2580> completed after 0.000s
22:51:32.361 WebDriverAgentRunner-Runner[1324:114132] cleaning up getting screen identifiers
22:51:32.361 WebDriverAgentRunner-Runner[1324:114132] Creating future for 'getting screen scale' with timeout 30.00
22:51:32.361 WebDriverAgentRunner-Runner[1324:114132] <XCTWaiter: 0x11175f3f0> entering wait loop for 30.00s with expectations: `getting screen scale`
22:51:32.361 WebDriverAgentRunner-Runner[1324:114132] Returning result XCTWaiterResultCompleted for synchronous waiter <XCTWaiter: 0x11175f3f0>
22:51:32.362 WebDriverAgentRunner-Runner[1324:114132] Wait <XCTWaiterWait: 0x1117b0c00> completed after 0.000s
22:51:32.362 WebDriverAgentRunner-Runner[1324:114132] cleaning up getting screen scale
22:51:32.367 WebDriverAgentRunner-Runner[1324:114132] Creating future for 'fetching attributes 'XC_kAXXCAttributeSystemAppApplication' for Device system-wide element' with timeout 65.00
22:51:32.367 WebDriverAgentRunner-Runner[1324:114132] <XCTWaiter: 0x11175c300> entering wait loop for 65.00s with expectations: `fetching attributes 'XC_kAXXCAttributeSystemAppApplication' for Device system-wide element`
22:51:32.367 WebDriverAgentRunner-Runner[1324:114154] Got attribute fetch response with values {
    "XC_kAXXCAttributeSystemAppApplication" = "AX element pid: 174, elementOrHash.elementID: 0.1";
}, error: (null)
22:51:32.368 WebDriverAgentRunner-Runner[1324:114132] Returning result XCTWaiterResultCompleted for synchronous waiter <XCTWaiter: 0x11175c300>
22:51:32.368 WebDriverAgentRunner-Runner[1324:114132] Wait <XCTWaiterWait: 0x1117b1c00> completed after 0.001s
22:51:32.368 WebDriverAgentRunner-Runner[1324:114132] cleaning up fetching attributes 'XC_kAXXCAttributeSystemAppApplication' for Device system-wide element
22:51:32.368 WebDriverAgentRunner-Runner[1324:114132] <XCTContext: 0x1101c8ff0> started activity <XCActivityRecord: 0x110d5ddc0> 2026-07-19 15:51:32 +0000: Get all elements bound by index for: Descendants matching type StatusBar
    t =    83.28s Get all elements bound by index for: Descendants matching type StatusBar
22:51:32.369 WebDriverAgentRunner-Runner[1324:114132] Creating future for 'getting screen identifiers' with timeout 30.00
22:51:32.369 WebDriverAgentRunner-Runner[1324:114132] <XCTWaiter: 0x11175cb70> entering wait loop for 30.00s with expectations: `getting screen identifiers`
22:51:32.369 WebDriverAgentRunner-Runner[1324:114132] Returning result XCTWaiterResultCompleted for synchronous waiter <XCTWaiter: 0x11175cb70>
22:51:32.369 WebDriverAgentRunner-Runner[1324:114132] Wait <XCTWaiterWait: 0x1117b3400> completed after 0.000s
22:51:32.369 WebDriverAgentRunner-Runner[1324:114132] cleaning up getting screen identifiers
22:51:32.369 WebDriverAgentRunner-Runner[1324:114132] Executing query:
↪︎ Descendants matching type StatusBar
22:51:32.369 WebDriverAgentRunner-Runner[1324:114132] Creating future for 'checking for continuity enablement' with timeout 30.00
22:51:32.370 WebDriverAgentRunner-Runner[1324:114132] <XCTWaiter: 0x11175cde0> entering wait loop for 30.00s with expectations: `checking for continuity enablement`
22:51:32.370 WebDriverAgentRunner-Runner[1324:114132] Returning result XCTWaiterResultCompleted for synchronous waiter <XCTWaiter: 0x11175cde0>
22:51:32.371 WebDriverAgentRunner-Runner[1324:114132] Wait <XCTWaiterWait: 0x1117b18c0> completed after 0.001s
22:51:32.371 WebDriverAgentRunner-Runner[1324:114132] cleaning up checking for continuity enablement
22:51:32.371 WebDriverAgentRunner-Runner[1324:114132] Should evaluate query remotely? XCTDisableRemoteQueryEvaluation(d-write): YES, hasAutomationSession: YES, supportsRemoteEvaluation: YES
22:51:32.371 WebDriverAgentRunner-Runner[1324:114132] Getting matching snapshots for locally evaluated query
22:51:32.371 WebDriverAgentRunner-Runner[1324:114132] Evaluating query:
 ↪︎ Descendants matching type StatusBar
22:51:32.371 WebDriverAgentRunner-Runner[1324:114132] Getting root element snapshot
22:51:32.371 WebDriverAgentRunner-Runner[1324:114132] Getting snapshot for App element pid: 174 for query ↪︎ Descendants matching type StatusBar
22:51:32.371 WebDriverAgentRunner-Runner[1324:114132] <XCTContext: 0x1101c8ff0> started activity <XCActivityRecord: 0x110d5d180> 2026-07-19 15:51:32 +0000: Requesting snapshot of accessibility hierarchy for app with pid 174
    t =    83.29s     Requesting snapshot of accessibility hierarchy for app with pid 174
22:51:32.372 WebDriverAgentRunner-Runner[1324:114132] Query requires iOS snapshot attributes XC_kAXXCAttributeElementType, XC_kAXXCAttributeElementBaseType, XC_kAXXCAttributeAutomationType, XC_kAXXCAttributeTraits.
22:51:32.372 WebDriverAgentRunner-Runner[1324:114132] XCUIElementQuery <XCTElementSnapshotProvider> getting snapshot
22:51:32.372 WebDriverAgentRunner-Runner[1324:114132] Snapshot request has custom attributes XC_kAXXCAttributeElementType, XC_kAXXCAttributeElementBaseType, XC_kAXXCAttributeAutomationType, XC_kAXXCAttributeTraits
22:51:32.372 WebDriverAgentRunner-Runner[1324:114132] Snapshot request has custom parameters {
    snapshotKeyHonorModalViews = 0;
}
22:51:32.372 WebDriverAgentRunner-Runner[1324:114132] Current snapshot generation is 57
22:51:32.372 WebDriverAgentRunner-Runner[1324:114132] Capturing a new snapshot
22:51:32.372 WebDriverAgentRunner-Runner[1324:114132] Fetching snapshot for App element pid: 174 from testmanagerd with attributes XC_kAXXCAttributeElementType, XC_kAXXCAttributeElementBaseType, XC_kAXXCAttributeParent, XC_kAXXCAttributeIdentifier, XC_kAXXCAttributeAutomationType, XC_kAXXCAttributeTraits and parameters {
    maxArrayCount = 2147483647;
    maxChildren = 2147483647;
    maxDepth = 50;
    snapshotKeyHonorModalViews = 0;
    traverseFromParentsToChildren = 1;
}.
22:51:32.372 WebDriverAgentRunner-Runner[1324:114132] Creating future for 'fetching snapshot from testmanagerd.' with timeout 65.00
22:51:32.372 WebDriverAgentRunner-Runner[1324:114132] <XCTWaiter: 0x11175c9c0> entering wait loop for 65.00s with expectations: `fetching snapshot from testmanagerd.`
22:51:32.644 WebDriverAgentRunner-Runner[1324:114154] Got snapshot response with runtime issue support from testmanagerd.
22:51:32.644 WebDriverAgentRunner-Runner[1324:114132] Returning result XCTWaiterResultCompleted for synchronous waiter <XCTWaiter: 0x11175c9c0>
22:51:32.644 WebDriverAgentRunner-Runner[1324:114132] Wait <XCTWaiterWait: 0x1117b0b00> completed after 0.272s
22:51:32.644 WebDriverAgentRunner-Runner[1324:114132] cleaning up fetching snapshot from testmanagerd.
22:51:32.644 WebDriverAgentRunner-Runner[1324:114132] <XCTContext: 0x1101c8ff0> finished activity <XCActivityRecord: 0x110d5d180> 2026-07-19 15:51:32 +0000: Requesting snapshot of accessibility hierarchy for app with pid 174 (0.273214s)
22:51:32.645 WebDriverAgentRunner-Runner[1324:114132] XCTPerformOnMainRunLoop[MT]: already on MT; performing block without run loop dispatch - timeouts will not be enforced.
    t =    83.56s     Find: Descendants matching type StatusBar
22:51:32.645 WebDriverAgentRunner-Runner[1324:114132] XCTElementQuery: set data source for rootElementSnapshot to (null)
22:51:32.645 WebDriverAgentRunner-Runner[1324:114132] Finding all matches with input Application, pid: 174 using transformers 
↪︎ Descendants matching type StatusBar
22:51:32.645 WebDriverAgentRunner-Runner[1324:114132] <XCTContext: 0x1101c8ff0> started activity <XCActivityRecord: 0x110d5d180> 2026-07-19 15:51:32 +0000: Find: Descendants matching type StatusBar
22:51:32.649 WebDriverAgentRunner-Runner[1324:114132] <XCTContext: 0x1101c8ff0> finished activity <XCActivityRecord: 0x110d5d180> 2026-07-19 15:51:32 +0000: Find: Descendants matching type StatusBar (0.00336695s)
22:51:32.649 WebDriverAgentRunner-Runner[1324:114132] [Match All] applied transformer `Descendants matching type StatusBar` to input {(
    Application, pid: 174
)}, found {(
    StatusBar
)}
22:51:32.649 WebDriverAgentRunner-Runner[1324:114132] [Match All] setting out related elements {(
)}
22:51:32.654 WebDriverAgentRunner-Runner[1324:114132] Current tree:
Application, 0x11ac76580, pid: 174 <App element pid: 174>
  Window, 0x11ac766c0 <AX element pid: 174, elementOrHash.elementID: 36032084992.10>
    Other, 0x11ac76800 <AX element pid: 174, elementOrHash.elementID: 35948119808.19>
      Other, 0x11ac76940 <AX element pid: 174, elementOrHash.elementID: 35948120256.30>
        Image, 0x11ac76a80 <AX element pid: 174, elementOrHash.elementID: 36036531200.42>
        Image, 0x11ac76bc0 <AX element pid: 174, elementOrHash.elementID: 36036531712.43>
      Other, 0x11ac76d00 <AX element pid: 174, elementOrHash.elementID: 35948119360.31>
        Other, 0x11ac76e40 <AX element pid: 174, elementOrHash.elementID: 35948131904.44>
          Other, 0x11ac76f80 <AX element pid: 174, elementOrHash.elementID: 35941697024.53>
            Other, 0x11ac770c0 <AX element pid: 174, elementOrHash.elementID: 35948131456.62>
              Other, 0x11ac77200 <AX element pid: 174, elementOrHash.elementID: 35948131008.97>
            Icon, 0x11ac77340 <AX element pid: 174, elementOrHash.elementID: 36035587328.63>
              Icon, 0x11ac77480 <AX element pid: 174, elementOrHash.elementID: 36035839104.98>
              Icon, 0x11ac775c0 <AX element pid: 174, elementOrHash.elementID: 36035839296.99>
              Icon, 0x11ac77700 <AX element pid: 174, elementOrHash.elementID: 36035839488.100>
              Icon, 0x11ac77840 <AX element pid: 174, elementOrHash.elementID: 36035839872.101>
              Icon, 0x11ac77980 <AX element pid: 174, elementOrHash.elementID: 36035840064.102>
              Icon, 0x11ac77ac0 <AX element pid: 174, elementOrHash.elementID: 36024175808.103>
              Icon, 0x11ac77c00 <AX element pid: 174, elementOrHash.elementID: 36023792960.104>
              Icon, 0x11ac77d40 <AX element pid: 174, elementOrHash.elementID: 36024840576.105>
              Icon, 0x11ac77e80 <AX element pid: 174, elementOrHash.elementID: 36024206656.106>
              Icon, 0x11ac14780 <AX element pid: 174, elementOrHash.elementID: 36023793344.107>
              Icon, 0x11ac14c80 <AX element pid: 174, elementOrHash.elementID: 36024183296.108>
              Icon, 0x11ac14b40 <AX element pid: 174, elementOrHash.elementID: 36024259456.109>
              Icon, 0x11ac14640 <AX element pid: 174, elementOrHash.elementID: 36024838464.110>
              Icon, 0x11ac14500 <AX element pid: 174, elementOrHash.elementID: 36024596928.111>
              Icon, 0x11ac14a00 <AX element pid: 174, elementOrHash.elementID: 36024207040.112>
              Icon, 0x11ac148c0 <AX element pid: 174, elementOrHash.elementID: 36024209536.113>
              Icon, 0x11ac143c0 <AX element pid: 174, elementOrHash.elementID: 36024186176.114>
            Icon, 0x11ac14280 <AX element pid: 174, elementOrHash.elementID: 36035588864.64>
              Icon, 0x11ac14140 <AX element pid: 174, elementOrHash.elementID: 35904843776.1376>
                Other, 0x11ac14000 <AX element pid: 174, elementOrHash.elementID: 35889589184.1392>
                  Other, 0x11ac14dc0 <AX element pid: 174, elementOrHash.elementID: 35889590080.1413>
                    Other, 0x11ac15040 <AX element pid: 174, elementOrHash.elementID: 36042307072.1621>
                      Other, 0x11ac14f00 <AX element pid: 174, elementOrHash.elementID: 35875789696.2048>
                  Other, 0x11ac152c0 <AX element pid: 174, elementOrHash.elementID: 35888248576.1414>
                    Other, 0x11ac15180 <AX element pid: 174, elementOrHash.elementID: 35889591872.1439>
                      Image, 0x1100c6f80 <AX element pid: 174, elementOrHash.elementID: 36055018496.1472>
                      Image, 0x1100c7c00 <AX element pid: 174, elementOrHash.elementID: 36055013376.1473>
              Icon, 0x1100c7d40 <AX element pid: 174, elementOrHash.elementID: 35943727104.116>
                Other, 0x11acca940 <AX element pid: 174, elementOrHash.elementID: 35943609472.158>
                  Other, 0x11accaa80 <AX element pid: 174, elementOrHash.elementID: 35923107712.197>
                    Other, 0x11accabc0 <AX element pid: 174, elementOrHash.elementID: 35889717376.1637>
                      Other, 0x11accb0c0 <AX element pid: 174, elementOrHash.elementID: 35875796736.2049>
                  Other, 0x11accb200 <AX element pid: 174, elementOrHash.elementID: 35904820864.198>
                    Other, 0x11accb340 <AX element pid: 174, elementOrHash.elementID: 35923099648.265>
                      Image, 0x11accb700 <AX element pid: 174, elementOrHash.elementID: 36044152320.334>
                      Image, 0x11accbe80 <AX element pid: 174, elementOrHash.elementID: 36044151808.335>
              Icon, 0x11accbd40 <AX element pid: 174, elementOrHash.elementID: 35943579648.129>
                Other, 0x11accbc00 <AX element pid: 174, elementOrHash.elementID: 35943596032.171>
                  Other, 0x11accbac0 <AX element pid: 174, elementOrHash.elementID: 35909462080.223>
                    Other, 0x11accb980 <AX element pid: 174, elementOrHash.elementID: 35904822144.264>
                      Other, 0x11accb840 <AX element pid: 174, elementOrHash.elementID: 35875790976.2050>
                  Other, 0x11accb480 <AX element pid: 174, elementOrHash.elementID: 35903662080.224>
                    Other, 0x11accb5c0 <AX element pid: 174, elementOrHash.elementID: 35909456704.291>
                      Image, 0x11accad00 <AX element pid: 174, elementOrHash.elementID: 36045230080.373>
                      Image, 0x11accaf80 <AX element pid: 174, elementOrHash.elementID: 36045229568.374>
              Icon, 0x11accae40 <AX element pid: 174, elementOrHash.elementID: 35905393152.1552>
                Other, 0x1117c2300 <AX element pid: 174, elementOrHash.elementID: 35889623744.1571>
                  Other, 0x1117c2440 <AX element pid: 174, elementOrHash.elementID: 35889624192.1597>
                    Other, 0x1117c2080 <AX element pid: 174, elementOrHash.elementID: 35943798400.306>
                      Other, 0x1117c21c0 <AX element pid: 174, elementOrHash.elementID: 35875797376.2051>
                  Other, 0x1117c1040 <AX element pid: 174, elementOrHash.elementID: 35889769088.1598>
                    Other, 0x1117c1f40 <AX element pid: 174, elementOrHash.elementID: 35889624640.1636>
                      Image, 0x1117c1180 <AX element pid: 174, elementOrHash.elementID: 36055533056.1687>
                      Image, 0x1117c12c0 <AX element pid: 174, elementOrHash.elementID: 36055532544.1688>
              Icon, 0x1117c1400 <AX element pid: 174, elementOrHash.elementID: 35943706624.1143>
                Other, 0x1117c1900 <AX element pid: 174, elementOrHash.elementID: 35943608576.1567>
                  Other, 0x1117c1e00 <AX element pid: 174, elementOrHash.elementID: 35921976768.1589>
                    Other, 0x1117c1cc0 <AX element pid: 174, elementOrHash.elementID: 35887330432.2047>
                      Other, 0x1117c1b80 <AX element pid: 174, elementOrHash.elementID: 35891044480.2052>
                  Other, 0x1117c1a40 <AX element pid: 174, elementOrHash.elementID: 35903654400.1590>
                    Other, 0x1117c1540 <AX element pid: 174, elementOrHash.elementID: 35887731968.1628>
                      Image, 0x1117c17c0 <AX element pid: 174, elementOrHash.elementID: 36053854208.1672>
                      Image, 0x1117c1680 <AX element pid: 174, elementOrHash.elementID: 36053856768.1673>
              Icon, 0x1117c0280 <AX element pid: 174, elementOrHash.elementID: 35956191232.134>
                Other, 0x1117c03c0 <AX element pid: 174, elementOrHash.elementID: 35948133248.176>
                  Other, 0x1117c0f00 <AX element pid: 174, elementOrHash.elementID: 35909465216.233>
                    Other, 0x1117c0b40 <AX element pid: 174, elementOrHash.elementID: 35976178944.300>
                      Other, 0x1117c0c80 <AX element pid: 174, elementOrHash.elementID: 35887331712.2053>
                  Other, 0x1117c0dc0 <AX element pid: 174, elementOrHash.elementID: 35976173824.234>
                    Other, 0x1117c0500 <AX element pid: 174, elementOrHash.elementID: 35909466112.301>
                      Image, 0x1117c0640 <AX element pid: 174, elementOrHash.elementID: 36039490560.388>
                      Image, 0x1117c0780 <AX element pid: 174, elementOrHash.elementID: 36039488512.389>
              Icon, 0x1117c08c0 <AX element pid: 174, elementOrHash.elementID: 35943679488.1563>
                Other, 0x1117c0a00 <AX element pid: 174, elementOrHash.elementID: 35943600960.1582>
                  Other, 0x1117c0140 <AX element pid: 174, elementOrHash.elementID: 35887739584.1619>
                    Other, 0x1117c0000 <AX element pid: 174, elementOrHash.elementID: 36017871744.288>
                      Other, 0x11ac10000 <AX element pid: 174, elementOrHash.elementID: 35875785856.2054>
                  Other, 0x11ac10140 <AX element pid: 174, elementOrHash.elementID: 35888281984.1620>
                    Other, 0x11ac10280 <AX element pid: 174, elementOrHash.elementID: 35887734208.1658>
                      Image, 0x11ac103c0 <AX element pid: 174, elementOrHash.elementID: 36053844480.1724>
                      Image, 0x11ac10500 <AX element pid: 174, elementOrHash.elementID: 36053843968.1725>
              Icon, 0x11ac10640 <AX element pid: 174, elementOrHash.elementID: 35904517632.1550>
                Other, 0x11ac10780 <AX element pid: 174, elementOrHash.elementID: 35892693632.1569>
                  Other, 0x11ac108c0 <AX element pid: 174, elementOrHash.elementID: 35892704384.1593>
                    Other, 0x11ac10a00 <AX element pid: 174, elementOrHash.elementID: 35887504896.1631>
                      Other, 0x11ac10b40 <AX element pid: 174, elementOrHash.elementID: 35875790336.2055>
                  Other, 0x11ac10c80 <AX element pid: 174, elementOrHash.elementID: 35888235136.1594>
                    Other, 0x11ac10dc0 <AX element pid: 174, elementOrHash.elementID: 35892692288.1632>
                      Image, 0x11ac10f00 <AX element pid: 174, elementOrHash.elementID: 36053856256.1679>
                      Image, 0x11ac11040 <AX element pid: 174, elementOrHash.elementID: 36053851136.1680>
              Icon, 0x11ac11180 <AX element pid: 174, elementOrHash.elementID: 35905394688.1556>
                Other, 0x11ac112c0 <AX element pid: 174, elementOrHash.elementID: 35889625088.1575>
                  Other, 0x11ac11400 <AX element pid: 174, elementOrHash.elementID: 35889625536.1605>
                    Other, 0x11ac11540 <AX element pid: 174, elementOrHash.elementID: 35889827584.1643>
                      Other, 0x11ac11680 <AX element pid: 174, elementOrHash.elementID: 35875795456.2056>
                  Other, 0x11ac117c0 <AX element pid: 174, elementOrHash.elementID: 35889771008.1606>
                    Other, 0x11ac11900 <AX element pid: 174, elementOrHash.elementID: 35889625984.1644>
                      Image, 0x11ac11a40 <AX element pid: 174, elementOrHash.elementID: 36055534080.1702>
                      Image, 0x11ac11b80 <AX element pid: 174, elementOrHash.elementID: 36055533568.1703>
              Icon, 0x11ac11cc0 <AX element pid: 174, elementOrHash.elementID: 35904840704.1561>
                Other, 0x11ac11e00 <AX element pid: 174, elementOrHash.elementID: 35889589632.1580>
                  Other, 0x11ac11f40 <AX element pid: 174, elementOrHash.elementID: 35889588288.1615>
                    Other, 0x11ac12080 <AX element pid: 174, elementOrHash.elementID: 35888230272.1654>
                      Other, 0x11ac121c0 <AX element pid: 174, elementOrHash.elementID: 35875798016.2057>
                  Other, 0x11ac12300 <AX element pid: 174, elementOrHash.elementID: 35888242816.1616>
                    Other, 0x11ac12440 <AX element pid: 174, elementOrHash.elementID: 35889588736.1655>
                      Image, 0x11ac12580 <AX element pid: 174, elementOrHash.elementID: 36055023104.1718>
                      Image, 0x11ac126c0 <AX element pid: 174, elementOrHash.elementID: 36055020544.1719>
              Icon, 0x11ac12800 <AX element pid: 174, elementOrHash.elementID: 35905489920.1560>
                Other, 0x11ac12940 <AX element pid: 174, elementOrHash.elementID: 35887708160.1579>
                  Other, 0x11ac12a80 <AX element pid: 174, elementOrHash.elementID: 35887694272.1613>
                    Other, 0x11ac12bc0 <AX element pid: 174, elementOrHash.elementID: 35893129728.1640>
                      Other, 0x11ac12d00 <AX element pid: 174, elementOrHash.elementID: 35891051520.2058>
                  Other, 0x11ac12e40 <AX element pid: 174, elementOrHash.elementID: 35889714816.1614>
                    Other, 0x11ac12f80 <AX element pid: 174, elementOrHash.elementID: 35887695168.1653>
                      Image, 0x11ac130c0 <AX element pid: 174, elementOrHash.elementID: 36055469568.1715>
                      Image, 0x11ac13200 <AX element pid: 174, elementOrHash.elementID: 36055469056.1716>
              Icon, 0x11ac13340 <AX element pid: 174, elementOrHash.elementID: 35904839168.1377>
                Other, 0x11ac13480 <AX element pid: 174, elementOrHash.elementID: 35887797504.1393>
                  Other, 0x11ac135c0 <AX element pid: 174, elementOrHash.elementID: 35887807808.1415>
                    Other, 0x11ac13700 <AX element pid: 174, elementOrHash.elementID: 35889721216.1440>
                      Other, 0x11ac13840 <AX element pid: 174, elementOrHash.elementID: 35887332352.2059>
                  Other, 0x11ac13980 <AX element pid: 174, elementOrHash.elementID: 35888221952.1416>
                    Other, 0x11ac13ac0 <AX element pid: 174, elementOrHash.elementID: 35887797952.1442>
                      Image, 0x11ac13c00 <AX element pid: 174, elementOrHash.elementID: 36055015424.1476>
                      Image, 0x11ac13d40 <AX element pid: 174, elementOrHash.elementID: 36055019520.1477>
              Icon, 0x11ac13e80 <AX element pid: 174, elementOrHash.elementID: 35943695872.140>
                Other, 0x111778000 <AX element pid: 174, elementOrHash.elementID: 35943605440.182>
                  Other, 0x111778140 <AX element pid: 174, elementOrHash.elementID: 35909463872.245>
                    Other, 0x111778280 <AX element pid: 174, elementOrHash.elementID: 35976178304.313>
                      Other, 0x1117783c0 <AX element pid: 174, elementOrHash.elementID: 35875787776.2060>
                  Other, 0x111778500 <AX element pid: 174, elementOrHash.elementID: 35908194688.246>
                    Other, 0x111778640 <AX element pid: 174, elementOrHash.elementID: 35909454912.314>
                      Image, 0x111778780 <AX element pid: 174, elementOrHash.elementID: 36039489024.407>
                      Image, 0x1117788c0 <AX element pid: 174, elementOrHash.elementID: 36039489536.408>
              Icon, 0x111778a00 <AX element pid: 174, elementOrHash.elementID: 35905492992.1548>
                Other, 0x111778b40 <AX element pid: 174, elementOrHash.elementID: 35889611648.1566>
                  Other, 0x111778c80 <AX element pid: 174, elementOrHash.elementID: 35889612096.1587>
                    Other, 0x111778dc0 <AX element pid: 174, elementOrHash.elementID: 35888216448.1626>
                      Other, 0x111778f00 <AX element pid: 174, elementOrHash.elementID: 35875783296.2061>
                  Other, 0x111779040 <AX element pid: 174, elementOrHash.elementID: 35889718656.1588>
                    Other, 0x111779180 <AX element pid: 174, elementOrHash.elementID: 35889612544.1627>
                      Image, 0x1117792c0 <AX element pid: 174, elementOrHash.elementID: 36055472128.1667>
                      Image, 0x111779400 <AX element pid: 174, elementOrHash.elementID: 36055471616.1668>
              Icon, 0x111779540 <AX element pid: 174, elementOrHash.elementID: 35904842240.1562>
                Other, 0x111779680 <AX element pid: 174, elementOrHash.elementID: 35889590528.1581>
                  Other, 0x1117797c0 <AX element pid: 174, elementOrHash.elementID: 35889590976.1617>
                    Other, 0x111779900 <AX element pid: 174, elementOrHash.elementID: 35888220672.1656>
                      Other, 0x111779a40 <AX element pid: 174, elementOrHash.elementID: 35875792256.2062>
                  Other, 0x111779b80 <AX element pid: 174, elementOrHash.elementID: 35888227712.1618>
                    Other, 0x111779cc0 <AX element pid: 174, elementOrHash.elementID: 35889593664.1657>
                      Image, 0x111779e00 <AX element pid: 174, elementOrHash.elementID: 36055022592.1721>
                      Image, 0x111779f40 <AX element pid: 174, elementOrHash.elementID: 36055012864.1722>
              Icon, 0x11177a080 <AX element pid: 174, elementOrHash.elementID: 35941709312.1555>
                Other, 0x11177a1c0 <AX element pid: 174, elementOrHash.elementID: 35942350144.1574>
                  Other, 0x11177a300 <AX element pid: 174, elementOrHash.elementID: 35887740480.1603>
                    Other, 0x11177a440 <AX element pid: 174, elementOrHash.elementID: 35903660800.290>
                      Other, 0x11177a580 <AX element pid: 174, elementOrHash.elementID: 35875793536.2063>
                  Other, 0x11177a6c0 <AX element pid: 174, elementOrHash.elementID: 35888278784.1604>
                    Other, 0x11177a800 <AX element pid: 174, elementOrHash.elementID: 35887736896.1642>
                      Image, 0x11177a940 <AX element pid: 174, elementOrHash.elementID: 36052131328.1699>
                      Image, 0x11177aa80 <AX element pid: 174, elementOrHash.elementID: 36052126720.1700>
              Icon, 0x11177abc0 <AX element pid: 174, elementOrHash.elementID: 35943691776.1546>
                Other, 0x11177ad00 <AX element pid: 174, elementOrHash.elementID: 35943604544.1564>
                  Other, 0x11177ae40 <AX element pid: 174, elementOrHash.elementID: 35957582336.1583>
                    Other, 0x11177af80 <AX element pid: 174, elementOrHash.elementID: 35888280704.1622>
                      Other, 0x11177b0c0 <AX element pid: 174, elementOrHash.elementID: 35904819584.2064>
                  Other, 0x11177b200 <AX element pid: 174, elementOrHash.elementID: 35888275584.1584>
                    Other, 0x11177b340 <AX element pid: 174, elementOrHash.elementID: 36004838272.1623>
                      Image, 0x11177b480 <AX element pid: 174, elementOrHash.elementID: 36052134400.1661>
                      Image, 0x11177b5c0 <AX element pid: 174, elementOrHash.elementID: 36052130304.1662>
              Icon, 0x11177b700 <AX element pid: 174, elementOrHash.elementID: 35941707776.137>
                Other, 0x11177b840 <AX element pid: 174, elementOrHash.elementID: 35942349696.179>
                  Other, 0x11177b980 <AX element pid: 174, elementOrHash.elementID: 35921984384.239>
                    Other, 0x11177bac0 <AX element pid: 174, elementOrHash.elementID: 35903663360.302>
                      Other, 0x11177bc00 <AX element pid: 174, elementOrHash.elementID: 35943796480.2065>
                  Other, 0x11177bd40 <AX element pid: 174, elementOrHash.elementID: 35922153216.240>
                    Other, 0x11177be80 <AX element pid: 174, elementOrHash.elementID: 35921984832.307>
                      Image, 0x11177c000 <AX element pid: 174, elementOrHash.elementID: 36039383040.397>
                      Image, 0x11177c140 <AX element pid: 174, elementOrHash.elementID: 36039382528.398>
              Icon, 0x11177c280 <AX element pid: 174, elementOrHash.elementID: 35905494528.1551>
                Other, 0x11177c3c0 <AX element pid: 174, elementOrHash.elementID: 35889612992.1570>
                  Other, 0x11177c500 <AX element pid: 174, elementOrHash.elementID: 35889613440.1595>
                    Other, 0x11177c640 <AX element pid: 174, elementOrHash.elementID: 35889719296.1633>
                      Other, 0x11177c780 <AX element pid: 174, elementOrHash.elementID: 35875786496.2066>
                  Other, 0x11177c8c0 <AX element pid: 174, elementOrHash.elementID: 35889720576.1596>
                    Other, 0x11177ca00 <AX element pid: 174, elementOrHash.elementID: 35889613888.1634>
                      Image, 0x11177cb40 <AX element pid: 174, elementOrHash.elementID: 36055473152.1682>
                      Image, 0x11177cc80 <AX element pid: 174, elementOrHash.elementID: 36055472640.1683>
              Icon, 0x11177cdc0 <AX element pid: 174, elementOrHash.elementID: 35943581184.1557>
                Other, 0x11177cf00 <AX element pid: 174, elementOrHash.elementID: 35943596480.1576>
                  Other, 0x11177d040 <AX element pid: 174, elementOrHash.elementID: 35922182144.1607>
                    Other, 0x11177d180 <AX element pid: 174, elementOrHash.elementID: 35943793280.1645>
                      Other, 0x11177d2c0 <AX element pid: 174, elementOrHash.elementID: 35875782656.2067>
                  Other, 0x11177d400 <AX element pid: 174, elementOrHash.elementID: 35922155776.1608>
                    Other, 0x11177d540 <AX element pid: 174, elementOrHash.elementID: 35922182592.1646>
                      Image, 0x11177d680 <AX element pid: 174, elementOrHash.elementID: 36039388160.1705>
                      Image, 0x11177d7c0 <AX element pid: 174, elementOrHash.elementID: 36039387648.1706>
              Icon, 0x11177d900 <AX element pid: 174, elementOrHash.elementID: 35943677952.1368>
                Other, 0x11177da40 <AX element pid: 174, elementOrHash.elementID: 35943600512.1383>
                  Other, 0x11177db80 <AX element pid: 174, elementOrHash.elementID: 35921982592.1398>
                    Other, 0x11177dcc0 <AX element pid: 174, elementOrHash.elementID: 35887301888.1431>
                      Other, 0x11177de00 <AX element pid: 174, elementOrHash.elementID: 35875794816.2068>
                  Other, 0x11177df40 <AX element pid: 174, elementOrHash.elementID: 35922150656.1740>
                    Other, 0x11177e080 <AX element pid: 174, elementOrHash.elementID: 35921983040.1751>
                      Image, 0x11177e1c0 <AX element pid: 174, elementOrHash.elementID: 36039377920.1773>
                      Image, 0x11177e300 <AX element pid: 174, elementOrHash.elementID: 36039377408.1774>
              Icon, 0x11177e440 <AX element pid: 174, elementOrHash.elementID: 35905491456.1547>
                Other, 0x11177e580 <AX element pid: 174, elementOrHash.elementID: 35887693824.1565>
                  Other, 0x11177e6c0 <AX element pid: 174, elementOrHash.elementID: 35889610752.1585>
                    Other, 0x11177e800 <AX element pid: 174, elementOrHash.elementID: 35889715456.1624>
                      Other, 0x11177e940 <AX element pid: 174, elementOrHash.elementID: 35875791616.2069>
                  Other, 0x11177ea80 <AX element pid: 174, elementOrHash.elementID: 35889716736.1586>
                    Other, 0x11177ebc0 <AX element pid: 174, elementOrHash.elementID: 35889611200.1625>
                      Image, 0x11177ed00 <AX element pid: 174, elementOrHash.elementID: 36055470592.1664>
                      Image, 0x11177ee40 <AX element pid: 174, elementOrHash.elementID: 36055470080.1665>
              Icon, 0x11177ef80 <AX element pid: 174, elementOrHash.elementID: 35943708160.135>
                Other, 0x11177f0c0 <AX element pid: 174, elementOrHash.elementID: 35943609024.177>
                  Other, 0x11177f200 <AX element pid: 174, elementOrHash.elementID: 35909462528.235>
                    Other, 0x11177f340 <AX element pid: 174, elementOrHash.elementID: 35889713536.1652>
                      Other, 0x11177f480 <AX element pid: 174, elementOrHash.elementID: 35941852544.2070>
                  Other, 0x11177f5c0 <AX element pid: 174, elementOrHash.elementID: 35903660160.236>
                    Other, 0x11177f700 <AX element pid: 174, elementOrHash.elementID: 35909461632.303>
                      Image, 0x11177f840 <AX element pid: 174, elementOrHash.elementID: 36021239808.391>
                      Image, 0x11177f980 <AX element pid: 174, elementOrHash.elementID: 36045234176.392>
              Icon, 0x11177fac0 <AX element pid: 174, elementOrHash.elementID: 35943593472.1554>
                Other, 0x11177fc00 <AX element pid: 174, elementOrHash.elementID: 35943600064.1573>
                  Other, 0x11177fd40 <AX element pid: 174, elementOrHash.elementID: 35922183040.1601>
                    Other, 0x11177fe80 <AX element pid: 174, elementOrHash.elementID: 35889767808.1635>
                      Other, 0x111784000 <AX element pid: 174, elementOrHash.elementID: 35944980608.2071>
                    Other, 0x111784140 <AX element pid: 174, elementOrHash.elementID: 35889825024.1441>
                      Other, 0x111784280 <AX element pid: 174, elementOrHash.elementID: 35889810048.1475>
                        Image, 0x1117843c0 <AX element pid: 174, elementOrHash.elementID: 36055537152.1486>
                  Other, 0x111784500 <AX element pid: 174, elementOrHash.elementID: 35922157056.1602>
                    Other, 0x111784640 <AX element pid: 174, elementOrHash.elementID: 35922183488.1641>
                      Image, 0x111784780 <AX element pid: 174, elementOrHash.elementID: 36039390720.1696>
                      Image, 0x1117848c0 <AX element pid: 174, elementOrHash.elementID: 36039390208.1697>
              Icon, 0x111784a00 <AX element pid: 174, elementOrHash.elementID: 35943728640.126>
                Other, 0x111784b40 <AX element pid: 174, elementOrHash.elementID: 35943609920.168>
                  Other, 0x111784c80 <AX element pid: 174, elementOrHash.elementID: 35921979456.217>
                    Other, 0x111784dc0 <AX element pid: 174, elementOrHash.elementID: 35943797120.284>
                      Other, 0x111784f00 <AX element pid: 174, elementOrHash.elementID: 35875787136.2072>
                  Other, 0x111785040 <AX element pid: 174, elementOrHash.elementID: 35921998976.218>
                    Other, 0x111785180 <AX element pid: 174, elementOrHash.elementID: 35921979904.285>
                      Image, 0x1117852c0 <AX element pid: 174, elementOrHash.elementID: 36039288320.364>
                      Image, 0x111785400 <AX element pid: 174, elementOrHash.elementID: 36039287808.365>
              Icon, 0x111785540 <AX element pid: 174, elementOrHash.elementID: 35905396224.1354>
                Other, 0x111785680 <AX element pid: 174, elementOrHash.elementID: 35889626432.1385>
                  Other, 0x1117857c0 <AX element pid: 174, elementOrHash.elementID: 35889807360.1400>
                    Other, 0x111785900 <AX element pid: 174, elementOrHash.elementID: 35889825664.1749>
                      Other, 0x111785a40 <AX element pid: 174, elementOrHash.elementID: 35875785216.2073>
                  Other, 0x111785b80 <AX element pid: 174, elementOrHash.elementID: 35889772928.1739>
                    Other, 0x111785cc0 <AX element pid: 174, elementOrHash.elementID: 35889807808.1750>
                      Image, 0x111785e00 <AX element pid: 174, elementOrHash.elementID: 36055535616.1770>
                      Image, 0x111785f40 <AX element pid: 174, elementOrHash.elementID: 36055535104.1771>
              Icon, 0x111786080 <AX element pid: 174, elementOrHash.elementID: 35943694336.119>
                Other, 0x1117861c0 <AX element pid: 174, elementOrHash.elementID: 35943604992.161>
                  Other, 0x111786300 <AX element pid: 174, elementOrHash.elementID: 35920557184.203>
                    Other, 0x111786440 <AX element pid: 174, elementOrHash.elementID: 35889771648.1430>
                      Other, 0x111786580 <AX element pid: 174, elementOrHash.elementID: 35875796096.2074>
                  Other, 0x1117866c0 <AX element pid: 174, elementOrHash.elementID: 35944979968.204>
                    Other, 0x111786800 <AX element pid: 174, elementOrHash.elementID: 35910755968.271>
                      Image, 0x111786940 <AX element pid: 174, elementOrHash.elementID: 36046516224.343>
                      Image, 0x111786a80 <AX element pid: 174, elementOrHash.elementID: 36046515712.344>
              Icon, 0x111786bc0 <AX element pid: 174, elementOrHash.elementID: 35904516096.1549>
                Other, 0x111786d00 <AX element pid: 174, elementOrHash.elementID: 35907066880.1568>
                  Other, 0x111786e40 <AX element pid: 174, elementOrHash.elementID: 35891482560.1591>
                    Other, 0x111786f80 <AX element pid: 174, elementOrHash.elementID: 35889769728.1629>
                      Other, 0x1117870c0 <AX element pid: 174, elementOrHash.elementID: 35875789056.2075>
                  Other, 0x111787200 <AX element pid: 174, elementOrHash.elementID: 35887504256.1592>
                    Other, 0x111787340 <AX element pid: 174, elementOrHash.elementID: 35887807360.1630>
                      Image, 0x111787480 <AX element pid: 174, elementOrHash.elementID: 36055015936.1676>
                      Image, 0x1117875c0 <AX element pid: 174, elementOrHash.elementID: 36055014912.1677>
            Icon, 0x111787700 <AX element pid: 174, elementOrHash.elementID: 36035589376.65>
              Icon, 0x111787840 <AX element pid: 174, elementOrHash.elementID: 36023791424.143>
            PageIndicator, 0x111787980 <AX element pid: 174, elementOrHash.elementID: 35941843584.66>
        Other, 0x111787ac0 <AX element pid: 174, elementOrHash.elementID: 36034925568.45>
      Other, 0x111787c00 <AX element pid: 174, elementOrHash.elementID: 36034935808.32>
  Window, 0x111787d40 <AX element pid: 174, elementOrHash.elementID: 36032077824.11>
    Other, 0x111787e80 <AX element pid: 174, elementOrHash.elementID: 35953538624.20>
      Other, 0x11178c000 <AX element pid: 174, elementOrHash.elementID: 35953538176.33>
  Window, 0x11178c140 <AX element pid: 174, elementOrHash.elementID: 36018690304.12>
    Other, 0x11178c280 <AX element pid: 174, elementOrHash.elementID: 36017882432.21>
      Other, 0x11178c3c0 <AX element pid: 174, elementOrHash.elementID: 36038462464.34>
        Other, 0x11178c500 <AX element pid: 174, elementOrHash.elementID: 35920632704.46>
          Other, 0x11178c640 <AX element pid: 174, elementOrHash.elementID: 35920548672.54>
            Other, 0x11178c780 <AX element pid: 174, elementOrHash.elementID: 35887737344.1088>
            Other, 0x11178c8c0 <AX element pid: 174, elementOrHash.elementID: 35943852544.1089>
            Other, 0x11178ca00 <AX element pid: 174, elementOrHash.elementID: 35920551360.69>
            Other, 0x11178cb40 <AX element pid: 174, elementOrHash.elementID: 35920551808.70>
            Other, 0x11178cc80 <AX element pid: 174, elementOrHash.elementID: 35890596928.1361>
            Other, 0x11178cdc0 <AX element pid: 174, elementOrHash.elementID: 35887703232.1093>
            Other, 0x11178cf00 <AX element pid: 174, elementOrHash.elementID: 35920553152.73>
            Other, 0x11178d040 <AX element pid: 174, elementOrHash.elementID: 35920549120.74>
      Other, 0x11178d180 <AX element pid: 174, elementOrHash.elementID: 36056067584.1084>
        Other, 0x11178d2c0 <AX element pid: 174, elementOrHash.elementID: 11494289431044805875.9999>
          Other, 0x11178d400 <AX element pid: 333, elementOrHash.elementID: 4309013472.4>
            Other, 0x11178d540 <AX element pid: 333, elementOrHash.elementID: 4309041312.5>
              Other, 0x11178d680 <AX element pid: 333, elementOrHash.elementID: 4308983520.6>
                Other, 0x11178d7c0 <AX element pid: 333, elementOrHash.elementID: 4309005120.7>
      Other, 0x11178d900 <AX element pid: 174, elementOrHash.elementID: 36046696960.36>
        Other, 0x11178da40 <AX element pid: 174, elementOrHash.elementID: 35906212864.47>
          Other, 0x11178db80 <AX element pid: 174, elementOrHash.elementID: 35922778688.55>
  Window, 0x11178dcc0 <AX element pid: 174, elementOrHash.elementID: 36018691584.13>
    Other, 0x11178de00 <AX element pid: 174, elementOrHash.elementID: 36017885568.22>
  Window, 0x11178df40 <AX element pid: 174, elementOrHash.elementID: 36018685184.1812>
    Other, 0x11178e080 <AX element pid: 174, elementOrHash.elementID: 35889648896.1813>
      Other, 0x11178e1c0 <AX element pid: 174, elementOrHash.elementID: 35887702784.1815>
  Window, 0x11178e300 <AX element pid: 174, elementOrHash.elementID: 35951108864.14>
    Other, 0x11178e440 <AX element pid: 174, elementOrHash.elementID: 35953539072.23>
      Other, 0x11178e580 <AX element pid: 174, elementOrHash.elementID: 35953539968.37>
  Window, 0x11178e6c0 <AX element pid: 174, elementOrHash.elementID: 35920354816.15>
    Other, 0x11178e800 <AX element pid: 174, elementOrHash.elementID: 35923110400.24>
      Other, 0x11178e940 <AX element pid: 174, elementOrHash.elementID: 35923112192.38>
  Window, 0x11178ea80 <AX element pid: 174, elementOrHash.elementID: 36036372480.9>
    Other, 0x11178ebc0 <AX element pid: 174, elementOrHash.elementID: 35942339840.25>
      Other, 0x11178ed00 <AX element pid: 174, elementOrHash.elementID: 35942340288.39>
        Other, 0x11178ee40 <AX element pid: 174, elementOrHash.elementID: 35942345216.48>
        Other, 0x11178ef80 <AX element pid: 174, elementOrHash.elementID: 35942345664.49>
        Other, 0x11178f0c0 <AX element pid: 174, elementOrHash.elementID: 35941851264.50>
          Other, 0x11178f200 <AX element pid: 174, elementOrHash.elementID: 36036367360.56>
            Icon, 0x11178f340 <AX element pid: 174, elementOrHash.elementID: 35943737856.6>
              Other, 0x11178f480 <AX element pid: 174, elementOrHash.elementID: 35943844928.145>
                Other, 0x11178f5c0 <AX element pid: 174, elementOrHash.elementID: 35943845376.185>
                  Other, 0x11178f700 <AX element pid: 174, elementOrHash.elementID: 35943797760.251>
                    Other, 0x11178f840 <AX element pid: 174, elementOrHash.elementID: 35943806720.319>
            Icon, 0x11178f980 <AX element pid: 174, elementOrHash.elementID: 35943739392.75>
              Other, 0x11178fac0 <AX element pid: 174, elementOrHash.elementID: 35943845824.146>
                Other, 0x11178fc00 <AX element pid: 174, elementOrHash.elementID: 35943846272.186>
                  Other, 0x11178fd40 <AX element pid: 174, elementOrHash.elementID: 35943792640.252>
                    Other, 0x11178fe80 <AX element pid: 174, elementOrHash.elementID: 35943808000.320>
            Icon, 0x1117a0000 <AX element pid: 174, elementOrHash.elementID: 35943740928.76>
              Other, 0x1117a0140 <AX element pid: 174, elementOrHash.elementID: 35943846720.147>
                Other, 0x1117a0280 <AX element pid: 174, elementOrHash.elementID: 35943847168.187>
                  Other, 0x1117a03c0 <AX element pid: 174, elementOrHash.elementID: 35941855104.253>
                    Other, 0x1117a0500 <AX element pid: 174, elementOrHash.elementID: 35944039040.321>
            Icon, 0x1117a0640 <AX element pid: 174, elementOrHash.elementID: 35944136704.77>
              Other, 0x1117a0780 <AX element pid: 174, elementOrHash.elementID: 35943847616.148>
                Other, 0x1117a08c0 <AX element pid: 174, elementOrHash.elementID: 35943848064.188>
                  Other, 0x1117a0a00 <AX element pid: 174, elementOrHash.elementID: 35943795840.254>
                    Other, 0x1117a0b40 <AX element pid: 174, elementOrHash.elementID: 35944040320.322>
            Icon, 0x1117a0c80 <AX element pid: 174, elementOrHash.elementID: 35944138240.78>
              Other, 0x1117a0dc0 <AX element pid: 174, elementOrHash.elementID: 35943848512.149>
                Other, 0x1117a0f00 <AX element pid: 174, elementOrHash.elementID: 35943848960.189>
                  Other, 0x1117a1040 <AX element pid: 174, elementOrHash.elementID: 35941858304.255>
                    Other, 0x1117a1180 <AX element pid: 174, elementOrHash.elementID: 36017864704.1165>
            Icon, 0x1117a12c0 <AX element pid: 174, elementOrHash.elementID: 35944139776.79>
              Other, 0x1117a1400 <AX element pid: 174, elementOrHash.elementID: 35943849856.150>
                Other, 0x1117a1540 <AX element pid: 174, elementOrHash.elementID: 35943850304.190>
                  Other, 0x1117a1680 <AX element pid: 174, elementOrHash.elementID: 35943799040.256>
                    Other, 0x1117a17c0 <AX element pid: 174, elementOrHash.elementID: 35944043520.324>
            Icon, 0x1117a1900 <AX element pid: 174, elementOrHash.elementID: 35944141312.80>
              Other, 0x1117a1a40 <AX element pid: 174, elementOrHash.elementID: 35943850752.151>
                Other, 0x1117a1b80 <AX element pid: 174, elementOrHash.elementID: 35943851200.191>
                  Other, 0x1117a1cc0 <AX element pid: 174, elementOrHash.elementID: 35941853184.257>
                    Other, 0x1117a1e00 <AX element pid: 174, elementOrHash.elementID: 35944044800.325>
          Other, 0x1117a1f40 <AX element pid: 174, elementOrHash.elementID: 36036369408.57>
            Icon, 0x1117a2080 <AX element pid: 174, elementOrHash.elementID: 35941698560.81>
              Other, 0x1117a21c0 <AX element pid: 174, elementOrHash.elementID: 35942346112.152>
                Other, 0x1117a2300 <AX element pid: 174, elementOrHash.elementID: 35943611712.192>
                  Other, 0x1117a2440 <AX element pid: 174, elementOrHash.elementID: 35941853824.258>
                    Other, 0x1117a2580 <AX element pid: 174, elementOrHash.elementID: 35943800960.326>
            Icon, 0x1117a26c0 <AX element pid: 174, elementOrHash.elementID: 35943734784.82>
              Other, 0x1117a2800 <AX element pid: 174, elementOrHash.elementID: 35943841792.153>
                Other, 0x1117a2940 <AX element pid: 174, elementOrHash.elementID: 35943842240.193>
                  Other, 0x1117a2a80 <AX element pid: 174, elementOrHash.elementID: 35943794560.259>
                    Other, 0x1117a2bc0 <AX element pid: 174, elementOrHash.elementID: 35943802240.327>
                  Other, 0x1117a2d00 <AX element pid: 174, elementOrHash.elementID: 35943802880.260>
                    Other, 0x1117a2e40 <AX element pid: 174, elementOrHash.elementID: 35943844032.328>
                      Image, 0x1117a2f80 <AX element pid: 174, elementOrHash.elementID: 36036537344.415>
          Other, 0x1117a30c0 <AX element pid: 174, elementOrHash.elementID: 36036368384.58>
          Icon, 0x1117a3200 <AX element pid: 174, elementOrHash.elementID: 35944142848.59>
            Other, 0x1117a3340 <AX element pid: 174, elementOrHash.elementID: 35887479808.1147>
            Other, 0x1117a3480 <AX element pid: 174, elementOrHash.elementID: 35887469568.1148>
            Other, 0x1117a35c0 <AX element pid: 174, elementOrHash.elementID: 35891053184.513>
            Other, 0x1117a3700 <AX element pid: 174, elementOrHash.elementID: 35887477248.1149>
      Other, 0x1117a3840 <AX element pid: 174, elementOrHash.elementID: 35944048000.40>
        Other, 0x1117a3980 <AX element pid: 174, elementOrHash.elementID: 36037143040.51>
          Other, 0x1117a3ac0 <AX element pid: 174, elementOrHash.elementID: 13117757763611807880.9999>
            Other, 0x1117a3c00 <AX element pid: 303, elementOrHash.elementID: 4312005392.4>
              Other, 0x1117a3d40 <AX element pid: 303, elementOrHash.elementID: 33807598848.5>
                Other, 0x1117a3e80 <AX element pid: 303, elementOrHash.elementID: 33807631232.6>
                  Other, 0x1117ac000 <AX element pid: 303, elementOrHash.elementID: 33807630336.7>
          Other, 0x1117ac140 <AX element pid: 174, elementOrHash.elementID: 2167965937006497152.9999>
            Other, 0x1117ac280 <AX element pid: 303, elementOrHash.elementID: 33807632128.8>
              Other, 0x1117ac3c0 <AX element pid: 303, elementOrHash.elementID: 33807633920.9>
          Other, 0x1117ac500 <AX element pid: 174, elementOrHash.elementID: 6852408606350722696.9999>
  Window, 0x1117ac640 <AX element pid: 174, elementOrHash.elementID: 36022010880.16>
    StatusBar, 0x1117ac780 <AX element pid: 174, elementOrHash.elementID: 36017866624.26>
      Other, 0x1117ac8c0 <AX element pid: 174, elementOrHash.elementID: 36021977088.41>
        Other, 0x1117aca00 <AX element pid: 174, elementOrHash.elementID: 35873917120.1827>
          Other, 0x1117acb40 <AX element pid: 174, elementOrHash.elementID: 35873915328.1830>
            StaticText, 0x1117acc80 <AX element pid: 174, elementOrHash.elementID: 35891539328.1833>
            StaticText, 0x1117acdc0 <AX element pid: 174, elementOrHash.elementID: 35891529472.1834>
          Other, 0x1117acf00 <AX element pid: 174, elementOrHash.elementID: 35873922496.1831>
            Other, 0x1117ad040 <AX element pid: 174, elementOrHash.elementID: 36057365504.1835>
            Image, 0x1117ad180 <AX element pid: 174, elementOrHash.elementID: 35905546880.1836>
            StaticText, 0x1117ad2c0 <AX element pid: 174, elementOrHash.elementID: 35891533952.1837>
            Other, 0x1117ad400 <AX element pid: 174, elementOrHash.elementID: 35888280064.1838>
    Other, 0x1117ad540 <AX element pid: 174, elementOrHash.elementID: 36017881984.27>
  Window, 0x1117ad680 <AX element pid: 174, elementOrHash.elementID: 36032072704.17>
    Other, 0x1117ad7c0 <AX element pid: 174, elementOrHash.elementID: 35953535488.28>
  Window, 0x1117ad900 <AX element pid: 174, elementOrHash.elementID: 36032076800.18>
    Other, 0x1117ada40 <AX element pid: 174, elementOrHash.elementID: 35953537728.29>
22:51:32.655 WebDriverAgentRunner-Runner[1324:114132] Found matches {(
    StatusBar
)} with root Application, pid: 174
22:51:32.655 WebDriverAgentRunner-Runner[1324:114132] <XCTContext: 0x1101c8ff0> finished activity <XCActivityRecord: 0x110d5ddc0> 2026-07-19 15:51:32 +0000: Get all elements bound by index for: Descendants matching type StatusBar (0.286605s)
22:51:32.655 WebDriverAgentRunner-Runner[1324:114132] <XCTContext: 0x1101c8ff0> started activity <XCActivityRecord: 0x110d5ddc0> 2026-07-19 15:51:32 +0000: Find the StatusBar (Element at index 0)
22:51:32.656 WebDriverAgentRunner-Runner[1324:114132] Executing query:
↪︎ Descendants matching type StatusBar
    ↪︎ Element at index 0
22:51:32.656 WebDriverAgentRunner-Runner[1324:114132] Creating future for 'checking for continuity enablement' with timeout 30.00
22:51:32.656 WebDriverAgentRunner-Runner[1324:114132] <XCTWaiter: 0x11175dbc0> entering wait loop for 30.00s with expectations: `checking for continuity enablement`
22:51:32.657 WebDriverAgentRunner-Runner[1324:114132] Returning result XCTWaiterResultCompleted for synchronous waiter <XCTWaiter: 0x11175dbc0>
22:51:32.657 WebDriverAgentRunner-Runner[1324:114132] Wait <XCTWaiterWait: 0x11ac09280> completed after 0.001s
22:51:32.658 WebDriverAgentRunner-Runner[1324:114132] cleaning up checking for continuity enablement
22:51:32.658 WebDriverAgentRunner-Runner[1324:114132] Should evaluate query remotely? XCTDisableRemoteQueryEvaluation(d-write): YES, hasAutomationSession: YES, supportsRemoteEvaluation: YES
    t =    83.57s Find the StatusBar (Element at index 0)
22:51:32.658 WebDriverAgentRunner-Runner[1324:114132] Getting matching snapshots for locally evaluated query
22:51:32.658 WebDriverAgentRunner-Runner[1324:114132] Evaluating query:
 ↪︎ Descendants matching type StatusBar
    ↪︎ Element at index 0
22:51:32.658 WebDriverAgentRunner-Runner[1324:114132] Getting root element snapshot
22:51:32.658 WebDriverAgentRunner-Runner[1324:114132] Getting snapshot for App element pid: 174 for query ↪︎ Descendants matching type StatusBar
    ↪︎ Element at index 0
22:51:32.658 WebDriverAgentRunner-Runner[1324:114132] <XCTContext: 0x1101c8ff0> started activity <XCActivityRecord: 0x110d5d180> 2026-07-19 15:51:32 +0000: Requesting snapshot of accessibility hierarchy for app with pid 174
22:51:32.659 WebDriverAgentRunner-Runner[1324:114132] Query requires iOS snapshot attributes XC_kAXXCAttributeElementType, XC_kAXXCAttributeElementBaseType, XC_kAXXCAttributeAutomationType, XC_kAXXCAttributeTraits.
22:51:32.659 WebDriverAgentRunner-Runner[1324:114132] XCUIElementQuery <XCTElementSnapshotProvider> getting snapshot
22:51:32.659 WebDriverAgentRunner-Runner[1324:114132] Snapshot request has custom attributes XC_kAXXCAttributeElementType, XC_kAXXCAttributeElementBaseType, XC_kAXXCAttributeAutomationType, XC_kAXXCAttributeTraits
22:51:32.659 WebDriverAgentRunner-Runner[1324:114132] Snapshot request has custom parameters {
    snapshotKeyHonorModalViews = 0;
}
22:51:32.659 WebDriverAgentRunner-Runner[1324:114132] Current snapshot generation is 61
22:51:32.659 WebDriverAgentRunner-Runner[1324:114132] Capturing a new snapshot
22:51:32.659 WebDriverAgentRunner-Runner[1324:114132] Fetching snapshot for App element pid: 174 from testmanagerd with attributes XC_kAXXCAttributeElementType, XC_kAXXCAttributeElementBaseType, XC_kAXXCAttributeParent, XC_kAXXCAttributeIdentifier, XC_kAXXCAttributeAutomationType, XC_kAXXCAttributeTraits and parameters {
    maxArrayCount = 2147483647;
    maxChildren = 2147483647;
    maxDepth = 50;
    snapshotKeyHonorModalViews = 0;
    traverseFromParentsToChildren = 1;
}.
22:51:32.659 WebDriverAgentRunner-Runner[1324:114132] Creating future for 'fetching snapshot from testmanagerd.' with timeout 65.00
22:51:32.660 WebDriverAgentRunner-Runner[1324:114132] <XCTWaiter: 0x11175ccc0> entering wait loop for 65.00s with expectations: `fetching snapshot from testmanagerd.`
    t =    83.57s     Requesting snapshot of accessibility hierarchy for app with pid 174
22:51:32.905 WebDriverAgentRunner-Runner[1324:115069] Got snapshot response with runtime issue support from testmanagerd.
22:51:32.906 WebDriverAgentRunner-Runner[1324:114132] Returning result XCTWaiterResultCompleted for synchronous waiter <XCTWaiter: 0x11175ccc0>
22:51:32.906 WebDriverAgentRunner-Runner[1324:114132] Wait <XCTWaiterWait: 0x11ac082c0> completed after 0.246s
22:51:32.906 WebDriverAgentRunner-Runner[1324:114132] cleaning up fetching snapshot from testmanagerd.
22:51:32.906 WebDriverAgentRunner-Runner[1324:114132] <XCTContext: 0x1101c8ff0> finished activity <XCActivityRecord: 0x110d5d180> 2026-07-19 15:51:32 +0000: Requesting snapshot of accessibility hierarchy for app with pid 174 (0.247705s)
22:51:32.906 WebDriverAgentRunner-Runner[1324:114132] XCTPerformOnMainRunLoop[MT]: already on MT; performing block without run loop dispatch - timeouts will not be enforced.
22:51:32.907 WebDriverAgentRunner-Runner[1324:114132] XCTElementQuery: set data source for rootElementSnapshot to (null)
22:51:32.907 WebDriverAgentRunner-Runner[1324:114132] Finding all matches with input Application, pid: 174 using transformers 
↪︎ Descendants matching type StatusBar
    ↪︎ Element at index 0
22:51:32.907 WebDriverAgentRunner-Runner[1324:114132] <XCTContext: 0x1101c8ff0> started activity <XCActivityRecord: 0x110d5d180> 2026-07-19 15:51:32 +0000: Find: Descendants matching type StatusBar
    t =    83.82s     Find: Descendants matching type StatusBar
22:51:32.910 WebDriverAgentRunner-Runner[1324:114132] <XCTContext: 0x1101c8ff0> finished activity <XCActivityRecord: 0x110d5d180> 2026-07-19 15:51:32 +0000: Find: Descendants matching type StatusBar (0.00336599s)
22:51:32.910 WebDriverAgentRunner-Runner[1324:114132] [Match All] applied transformer `Descendants matching type StatusBar` to input {(
    Application, pid: 174
)}, found {(
    StatusBar
)}
22:51:32.911 WebDriverAgentRunner-Runner[1324:114132] <XCTContext: 0x1101c8ff0> started activity <XCActivityRecord: 0x110d5d180> 2026-07-19 15:51:32 +0000: Find: Element at index 0
22:51:32.911 WebDriverAgentRunner-Runner[1324:114132] <XCTContext: 0x1101c8ff0> finished activity <XCActivityRecord: 0x110d5d180> 2026-07-19 15:51:32 +0000: Find: Element at index 0 (0.000313044s)
22:51:32.911 WebDriverAgentRunner-Runner[1324:114132] [Match All] applied transformer `Element at index 0` to input {(
    StatusBar
)}, found {(
    StatusBar
)}
22:51:32.911 WebDriverAgentRunner-Runner[1324:114132] [Match All] setting out related elements {(
)}
    t =    83.83s     Find: Element at index 0
22:51:32.917 WebDriverAgentRunner-Runner[1324:114132] Current tree:
Application, 0x1117adb80, pid: 174 <App element pid: 174>
  Window, 0x1117adcc0 <AX element pid: 174, elementOrHash.elementID: 36032084992.10>
    Other, 0x1117ade00 <AX element pid: 174, elementOrHash.elementID: 35948119808.19>
      Other, 0x1117adf40 <AX element pid: 174, elementOrHash.elementID: 35948120256.30>
        Image, 0x1117ae080 <AX element pid: 174, elementOrHash.elementID: 36036531200.42>
        Image, 0x1117ae1c0 <AX element pid: 174, elementOrHash.elementID: 36036531712.43>
      Other, 0x1117ae300 <AX element pid: 174, elementOrHash.elementID: 35948119360.31>
        Other, 0x1117ae440 <AX element pid: 174, elementOrHash.elementID: 35948131904.44>
          Other, 0x1117ae580 <AX element pid: 174, elementOrHash.elementID: 35941697024.53>
            Other, 0x1117ae6c0 <AX element pid: 174, elementOrHash.elementID: 35948131456.62>
              Other, 0x1117ae800 <AX element pid: 174, elementOrHash.elementID: 35948131008.97>
            Icon, 0x1117ae940 <AX element pid: 174, elementOrHash.elementID: 36035587328.63>
              Icon, 0x1117aea80 <AX element pid: 174, elementOrHash.elementID: 36035839104.98>
              Icon, 0x1117aebc0 <AX element pid: 174, elementOrHash.elementID: 36035839296.99>
              Icon, 0x1117aed00 <AX element pid: 174, elementOrHash.elementID: 36035839488.100>
              Icon, 0x1117aee40 <AX element pid: 174, elementOrHash.elementID: 36035839872.101>
              Icon, 0x1117aef80 <AX element pid: 174, elementOrHash.elementID: 36035840064.102>
              Icon, 0x1117af0c0 <AX element pid: 174, elementOrHash.elementID: 36024175808.103>
              Icon, 0x1117af200 <AX element pid: 174, elementOrHash.elementID: 36023792960.104>
              Icon, 0x1117af340 <AX element pid: 174, elementOrHash.elementID: 36024840576.105>
              Icon, 0x1117af480 <AX element pid: 174, elementOrHash.elementID: 36024206656.106>
              Icon, 0x1117af5c0 <AX element pid: 174, elementOrHash.elementID: 36023793344.107>
              Icon, 0x1117af700 <AX element pid: 174, elementOrHash.elementID: 36024183296.108>
              Icon, 0x1117af840 <AX element pid: 174, elementOrHash.elementID: 36024259456.109>
              Icon, 0x1117af980 <AX element pid: 174, elementOrHash.elementID: 36024838464.110>
              Icon, 0x1117afac0 <AX element pid: 174, elementOrHash.elementID: 36024596928.111>
              Icon, 0x1117afc00 <AX element pid: 174, elementOrHash.elementID: 36024207040.112>
              Icon, 0x1117afd40 <AX element pid: 174, elementOrHash.elementID: 36024209536.113>
              Icon, 0x1117afe80 <AX element pid: 174, elementOrHash.elementID: 36024186176.114>
            Icon, 0x1117b8000 <AX element pid: 174, elementOrHash.elementID: 36035588864.64>
              Icon, 0x1117b8140 <AX element pid: 174, elementOrHash.elementID: 35904843776.1376>
                Other, 0x1117b8280 <AX element pid: 174, elementOrHash.elementID: 35889589184.1392>
                  Other, 0x1117b83c0 <AX element pid: 174, elementOrHash.elementID: 35889590080.1413>
                    Other, 0x1117b8500 <AX element pid: 174, elementOrHash.elementID: 36042307072.1621>
                      Other, 0x1117b8640 <AX element pid: 174, elementOrHash.elementID: 35875789696.2048>
                  Other, 0x1117b8780 <AX element pid: 174, elementOrHash.elementID: 35888248576.1414>
                    Other, 0x1117b88c0 <AX element pid: 174, elementOrHash.elementID: 35889591872.1439>
                      Image, 0x1117b8a00 <AX element pid: 174, elementOrHash.elementID: 36055018496.1472>
                      Image, 0x1117b8b40 <AX element pid: 174, elementOrHash.elementID: 36055013376.1473>
              Icon, 0x1117b8c80 <AX element pid: 174, elementOrHash.elementID: 35943727104.116>
                Other, 0x1117b8dc0 <AX element pid: 174, elementOrHash.elementID: 35943609472.158>
                  Other, 0x1117b8f00 <AX element pid: 174, elementOrHash.elementID: 35923107712.197>
                    Other, 0x1117b9040 <AX element pid: 174, elementOrHash.elementID: 35889717376.1637>
                      Other, 0x1117b9180 <AX element pid: 174, elementOrHash.elementID: 35875796736.2049>
                  Other, 0x1117b92c0 <AX element pid: 174, elementOrHash.elementID: 35904820864.198>
                    Other, 0x1117b9400 <AX element pid: 174, elementOrHash.elementID: 35923099648.265>
                      Image, 0x1117b9540 <AX element pid: 174, elementOrHash.elementID: 36044152320.334>
                      Image, 0x1117b9680 <AX element pid: 174, elementOrHash.elementID: 36044151808.335>
              Icon, 0x1117b97c0 <AX element pid: 174, elementOrHash.elementID: 35943579648.129>
                Other, 0x1117b9900 <AX element pid: 174, elementOrHash.elementID: 35943596032.171>
                  Other, 0x1117b9a40 <AX element pid: 174, elementOrHash.elementID: 35909462080.223>
                    Other, 0x1117b9b80 <AX element pid: 174, elementOrHash.elementID: 35904822144.264>
                      Other, 0x1117b9cc0 <AX element pid: 174, elementOrHash.elementID: 35875790976.2050>
                  Other, 0x1117b9e00 <AX element pid: 174, elementOrHash.elementID: 35903662080.224>
                    Other, 0x1117b9f40 <AX element pid: 174, elementOrHash.elementID: 35909456704.291>
                      Image, 0x1117ba080 <AX element pid: 174, elementOrHash.elementID: 36045230080.373>
                      Image, 0x1117ba1c0 <AX element pid: 174, elementOrHash.elementID: 36045229568.374>
              Icon, 0x1117ba300 <AX element pid: 174, elementOrHash.elementID: 35905393152.1552>
                Other, 0x1117ba440 <AX element pid: 174, elementOrHash.elementID: 35889623744.1571>
                  Other, 0x1117ba580 <AX element pid: 174, elementOrHash.elementID: 35889624192.1597>
                    Other, 0x1117ba6c0 <AX element pid: 174, elementOrHash.elementID: 35943798400.306>
                      Other, 0x1117ba800 <AX element pid: 174, elementOrHash.elementID: 35875797376.2051>
                  Other, 0x1117ba940 <AX element pid: 174, elementOrHash.elementID: 35889769088.1598>
                    Other, 0x1117baa80 <AX element pid: 174, elementOrHash.elementID: 35889624640.1636>
                      Image, 0x1117babc0 <AX element pid: 174, elementOrHash.elementID: 36055533056.1687>
                      Image, 0x1117bad00 <AX element pid: 174, elementOrHash.elementID: 36055532544.1688>
              Icon, 0x1117bae40 <AX element pid: 174, elementOrHash.elementID: 35943706624.1143>
                Other, 0x1117baf80 <AX element pid: 174, elementOrHash.elementID: 35943608576.1567>
                  Other, 0x1117bb0c0 <AX element pid: 174, elementOrHash.elementID: 35921976768.1589>
                    Other, 0x1117bb200 <AX element pid: 174, elementOrHash.elementID: 35887330432.2047>
                      Other, 0x1117bb340 <AX element pid: 174, elementOrHash.elementID: 35891044480.2052>
                  Other, 0x1117bb480 <AX element pid: 174, elementOrHash.elementID: 35903654400.1590>
                    Other, 0x1117bb5c0 <AX element pid: 174, elementOrHash.elementID: 35887731968.1628>
                      Image, 0x1117bb700 <AX element pid: 174, elementOrHash.elementID: 36053854208.1672>
                      Image, 0x1117bb840 <AX element pid: 174, elementOrHash.elementID: 36053856768.1673>
              Icon, 0x1117bb980 <AX element pid: 174, elementOrHash.elementID: 35956191232.134>
                Other, 0x1117bbac0 <AX element pid: 174, elementOrHash.elementID: 35948133248.176>
                  Other, 0x1117bbc00 <AX element pid: 174, elementOrHash.elementID: 35909465216.233>
                    Other, 0x1117bbd40 <AX element pid: 174, elementOrHash.elementID: 35976178944.300>
                      Other, 0x1117bbe80 <AX element pid: 174, elementOrHash.elementID: 35887331712.2053>
                  Other, 0x1117cc000 <AX element pid: 174, elementOrHash.elementID: 35976173824.234>
                    Other, 0x1117cc140 <AX element pid: 174, elementOrHash.elementID: 35909466112.301>
                      Image, 0x1117cc280 <AX element pid: 174, elementOrHash.elementID: 36039490560.388>
                      Image, 0x1117cc3c0 <AX element pid: 174, elementOrHash.elementID: 36039488512.389>
              Icon, 0x1117cc500 <AX element pid: 174, elementOrHash.elementID: 35943679488.1563>
                Other, 0x1117cc640 <AX element pid: 174, elementOrHash.elementID: 35943600960.1582>
                  Other, 0x1117cc780 <AX element pid: 174, elementOrHash.elementID: 35887739584.1619>
                    Other, 0x1117cc8c0 <AX element pid: 174, elementOrHash.elementID: 36017871744.288>
                      Other, 0x1117cca00 <AX element pid: 174, elementOrHash.elementID: 35875785856.2054>
                  Other, 0x1117ccb40 <AX element pid: 174, elementOrHash.elementID: 35888281984.1620>
                    Other, 0x1117ccc80 <AX element pid: 174, elementOrHash.elementID: 35887734208.1658>
                      Image, 0x1117ccdc0 <AX element pid: 174, elementOrHash.elementID: 36053844480.1724>
                      Image, 0x1117ccf00 <AX element pid: 174, elementOrHash.elementID: 36053843968.1725>
              Icon, 0x1117cd040 <AX element pid: 174, elementOrHash.elementID: 35904517632.1550>
                Other, 0x1117cd180 <AX element pid: 174, elementOrHash.elementID: 35892693632.1569>
                  Other, 0x1117cd2c0 <AX element pid: 174, elementOrHash.elementID: 35892704384.1593>
                    Other, 0x1117cd400 <AX element pid: 174, elementOrHash.elementID: 35887504896.1631>
                      Other, 0x1117cd540 <AX element pid: 174, elementOrHash.elementID: 35875790336.2055>
                  Other, 0x1117cd680 <AX element pid: 174, elementOrHash.elementID: 35888235136.1594>
                    Other, 0x1117cd7c0 <AX element pid: 174, elementOrHash.elementID: 35892692288.1632>
                      Image, 0x1117cd900 <AX element pid: 174, elementOrHash.elementID: 36053856256.1679>
                      Image, 0x1117cda40 <AX element pid: 174, elementOrHash.elementID: 36053851136.1680>
              Icon, 0x1117cdb80 <AX element pid: 174, elementOrHash.elementID: 35905394688.1556>
                Other, 0x1117cdcc0 <AX element pid: 174, elementOrHash.elementID: 35889625088.1575>
                  Other, 0x1117cde00 <AX element pid: 174, elementOrHash.elementID: 35889625536.1605>
                    Other, 0x1117cdf40 <AX element pid: 174, elementOrHash.elementID: 35889827584.1643>
                      Other, 0x1117ce080 <AX element pid: 174, elementOrHash.elementID: 35875795456.2056>
                  Other, 0x1117ce1c0 <AX element pid: 174, elementOrHash.elementID: 35889771008.1606>
                    Other, 0x1117ce300 <AX element pid: 174, elementOrHash.elementID: 35889625984.1644>
                      Image, 0x1117ce440 <AX element pid: 174, elementOrHash.elementID: 36055534080.1702>
                      Image, 0x1117ce580 <AX element pid: 174, elementOrHash.elementID: 36055533568.1703>
              Icon, 0x1117ce6c0 <AX element pid: 174, elementOrHash.elementID: 35904840704.1561>
                Other, 0x1117ce800 <AX element pid: 174, elementOrHash.elementID: 35889589632.1580>
                  Other, 0x1117ce940 <AX element pid: 174, elementOrHash.elementID: 35889588288.1615>
                    Other, 0x1117cea80 <AX element pid: 174, elementOrHash.elementID: 35888230272.1654>
                      Other, 0x1117cebc0 <AX element pid: 174, elementOrHash.elementID: 35875798016.2057>
                  Other, 0x1117ced00 <AX element pid: 174, elementOrHash.elementID: 35888242816.1616>
                    Other, 0x1117cee40 <AX element pid: 174, elementOrHash.elementID: 35889588736.1655>
                      Image, 0x1117cef80 <AX element pid: 174, elementOrHash.elementID: 36055023104.1718>
                      Image, 0x1117cf0c0 <AX element pid: 174, elementOrHash.elementID: 36055020544.1719>
              Icon, 0x1117cf200 <AX element pid: 174, elementOrHash.elementID: 35905489920.1560>
                Other, 0x1117cf340 <AX element pid: 174, elementOrHash.elementID: 35887708160.1579>
                  Other, 0x1117cf480 <AX element pid: 174, elementOrHash.elementID: 35887694272.1613>
                    Other, 0x1117cf5c0 <AX element pid: 174, elementOrHash.elementID: 35893129728.1640>
                      Other, 0x1117cf700 <AX element pid: 174, elementOrHash.elementID: 35891051520.2058>
                  Other, 0x1117cf840 <AX element pid: 174, elementOrHash.elementID: 35889714816.1614>
                    Other, 0x1117cf980 <AX element pid: 174, elementOrHash.elementID: 35887695168.1653>
                      Image, 0x1117cfac0 <AX element pid: 174, elementOrHash.elementID: 36055469568.1715>
                      Image, 0x1117cfc00 <AX element pid: 174, elementOrHash.elementID: 36055469056.1716>
              Icon, 0x1117cfd40 <AX element pid: 174, elementOrHash.elementID: 35904839168.1377>
                Other, 0x1117cfe80 <AX element pid: 174, elementOrHash.elementID: 35887797504.1393>
                  Other, 0x1117e8000 <AX element pid: 174, elementOrHash.elementID: 35887807808.1415>
                    Other, 0x1117e8140 <AX element pid: 174, elementOrHash.elementID: 35889721216.1440>
                      Other, 0x1117e8280 <AX element pid: 174, elementOrHash.elementID: 35887332352.2059>
                  Other, 0x1117e83c0 <AX element pid: 174, elementOrHash.elementID: 35888221952.1416>
                    Other, 0x1117e8500 <AX element pid: 174, elementOrHash.elementID: 35887797952.1442>
                      Image, 0x1117e8640 <AX element pid: 174, elementOrHash.elementID: 36055015424.1476>
                      Image, 0x1117e8780 <AX element pid: 174, elementOrHash.elementID: 36055019520.1477>
              Icon, 0x1117e88c0 <AX element pid: 174, elementOrHash.elementID: 35943695872.140>
                Other, 0x1117e8a00 <AX element pid: 174, elementOrHash.elementID: 35943605440.182>
                  Other, 0x1117e8b40 <AX element pid: 174, elementOrHash.elementID: 35909463872.245>
                    Other, 0x1117e8c80 <AX element pid: 174, elementOrHash.elementID: 35976178304.313>
                      Other, 0x1117e8dc0 <AX element pid: 174, elementOrHash.elementID: 35875787776.2060>
                  Other, 0x1117e8f00 <AX element pid: 174, elementOrHash.elementID: 35908194688.246>
                    Other, 0x1117e9040 <AX element pid: 174, elementOrHash.elementID: 35909454912.314>
                      Image, 0x1117e9180 <AX element pid: 174, elementOrHash.elementID: 36039489024.407>
                      Image, 0x1117e92c0 <AX element pid: 174, elementOrHash.elementID: 36039489536.408>
              Icon, 0x1117e9400 <AX element pid: 174, elementOrHash.elementID: 35905492992.1548>
                Other, 0x1117e9540 <AX element pid: 174, elementOrHash.elementID: 35889611648.1566>
                  Other, 0x1117e9680 <AX element pid: 174, elementOrHash.elementID: 35889612096.1587>
                    Other, 0x1117e97c0 <AX element pid: 174, elementOrHash.elementID: 35888216448.1626>
                      Other, 0x1117e9900 <AX element pid: 174, elementOrHash.elementID: 35875783296.2061>
                  Other, 0x1117e9a40 <AX element pid: 174, elementOrHash.elementID: 35889718656.1588>
                    Other, 0x1117e9b80 <AX element pid: 174, elementOrHash.elementID: 35889612544.1627>
                      Image, 0x1117e9cc0 <AX element pid: 174, elementOrHash.elementID: 36055472128.1667>
                      Image, 0x1117e9e00 <AX element pid: 174, elementOrHash.elementID: 36055471616.1668>
              Icon, 0x1117e9f40 <AX element pid: 174, elementOrHash.elementID: 35904842240.1562>
                Other, 0x1117ea080 <AX element pid: 174, elementOrHash.elementID: 35889590528.1581>
                  Other, 0x1117ea1c0 <AX element pid: 174, elementOrHash.elementID: 35889590976.1617>
                    Other, 0x1117ea300 <AX element pid: 174, elementOrHash.elementID: 35888220672.1656>
                      Other, 0x1117ea440 <AX element pid: 174, elementOrHash.elementID: 35875792256.2062>
                  Other, 0x1117ea580 <AX element pid: 174, elementOrHash.elementID: 35888227712.1618>
                    Other, 0x1117ea6c0 <AX element pid: 174, elementOrHash.elementID: 35889593664.1657>
                      Image, 0x1117ea800 <AX element pid: 174, elementOrHash.elementID: 36055022592.1721>
                      Image, 0x1117ea940 <AX element pid: 174, elementOrHash.elementID: 36055012864.1722>
              Icon, 0x1117eaa80 <AX element pid: 174, elementOrHash.elementID: 35941709312.1555>
                Other, 0x1117eabc0 <AX element pid: 174, elementOrHash.elementID: 35942350144.1574>
                  Other, 0x1117ead00 <AX element pid: 174, elementOrHash.elementID: 35887740480.1603>
                    Other, 0x1117eae40 <AX element pid: 174, elementOrHash.elementID: 35903660800.290>
                      Other, 0x1117eaf80 <AX element pid: 174, elementOrHash.elementID: 35875793536.2063>
                  Other, 0x1117eb0c0 <AX element pid: 174, elementOrHash.elementID: 35888278784.1604>
                    Other, 0x1117eb200 <AX element pid: 174, elementOrHash.elementID: 35887736896.1642>
                      Image, 0x1117eb340 <AX element pid: 174, elementOrHash.elementID: 36052131328.1699>
                      Image, 0x1117eb480 <AX element pid: 174, elementOrHash.elementID: 36052126720.1700>
              Icon, 0x1117eb5c0 <AX element pid: 174, elementOrHash.elementID: 35943691776.1546>
                Other, 0x1117eb700 <AX element pid: 174, elementOrHash.elementID: 35943604544.1564>
                  Other, 0x1117eb840 <AX element pid: 174, elementOrHash.elementID: 35957582336.1583>
                    Other, 0x1117eb980 <AX element pid: 174, elementOrHash.elementID: 35888280704.1622>
                      Other, 0x1117ebac0 <AX element pid: 174, elementOrHash.elementID: 35904819584.2064>
                  Other, 0x1117ebc00 <AX element pid: 174, elementOrHash.elementID: 35888275584.1584>
                    Other, 0x1117ebd40 <AX element pid: 174, elementOrHash.elementID: 36004838272.1623>
                      Image, 0x1117ebe80 <AX element pid: 174, elementOrHash.elementID: 36052134400.1661>
                      Image, 0x1117ec000 <AX element pid: 174, elementOrHash.elementID: 36052130304.1662>
              Icon, 0x1117ec140 <AX element pid: 174, elementOrHash.elementID: 35941707776.137>
                Other, 0x1117ec280 <AX element pid: 174, elementOrHash.elementID: 35942349696.179>
                  Other, 0x1117ec3c0 <AX element pid: 174, elementOrHash.elementID: 35921984384.239>
                    Other, 0x1117ec500 <AX element pid: 174, elementOrHash.elementID: 35903663360.302>
                      Other, 0x1117ec640 <AX element pid: 174, elementOrHash.elementID: 35943796480.2065>
                  Other, 0x1117ec780 <AX element pid: 174, elementOrHash.elementID: 35922153216.240>
                    Other, 0x1117ec8c0 <AX element pid: 174, elementOrHash.elementID: 35921984832.307>
                      Image, 0x1117eca00 <AX element pid: 174, elementOrHash.elementID: 36039383040.397>
                      Image, 0x1117ecb40 <AX element pid: 174, elementOrHash.elementID: 36039382528.398>
              Icon, 0x1117ecc80 <AX element pid: 174, elementOrHash.elementID: 35905494528.1551>
                Other, 0x1117ecdc0 <AX element pid: 174, elementOrHash.elementID: 35889612992.1570>
                  Other, 0x1117ecf00 <AX element pid: 174, elementOrHash.elementID: 35889613440.1595>
                    Other, 0x1117ed040 <AX element pid: 174, elementOrHash.elementID: 35889719296.1633>
                      Other, 0x1117ed180 <AX element pid: 174, elementOrHash.elementID: 35875786496.2066>
                  Other, 0x1117ed2c0 <AX element pid: 174, elementOrHash.elementID: 35889720576.1596>
                    Other, 0x1117ed400 <AX element pid: 174, elementOrHash.elementID: 35889613888.1634>
                      Image, 0x1117ed540 <AX element pid: 174, elementOrHash.elementID: 36055473152.1682>
                      Image, 0x1117ed680 <AX element pid: 174, elementOrHash.elementID: 36055472640.1683>
              Icon, 0x1117ed7c0 <AX element pid: 174, elementOrHash.elementID: 35943581184.1557>
                Other, 0x1117ed900 <AX element pid: 174, elementOrHash.elementID: 35943596480.1576>
                  Other, 0x1117eda40 <AX element pid: 174, elementOrHash.elementID: 35922182144.1607>
                    Other, 0x1117edb80 <AX element pid: 174, elementOrHash.elementID: 35943793280.1645>
                      Other, 0x1117edcc0 <AX element pid: 174, elementOrHash.elementID: 35875782656.2067>
                  Other, 0x1117ede00 <AX element pid: 174, elementOrHash.elementID: 35922155776.1608>
                    Other, 0x1117edf40 <AX element pid: 174, elementOrHash.elementID: 35922182592.1646>
                      Image, 0x1117ee080 <AX element pid: 174, elementOrHash.elementID: 36039388160.1705>
                      Image, 0x1117ee1c0 <AX element pid: 174, elementOrHash.elementID: 36039387648.1706>
              Icon, 0x1117ee300 <AX element pid: 174, elementOrHash.elementID: 35943677952.1368>
                Other, 0x1117ee440 <AX element pid: 174, elementOrHash.elementID: 35943600512.1383>
                  Other, 0x1117ee580 <AX element pid: 174, elementOrHash.elementID: 35921982592.1398>
                    Other, 0x1117ee6c0 <AX element pid: 174, elementOrHash.elementID: 35887301888.1431>
                      Other, 0x1117ee800 <AX element pid: 174, elementOrHash.elementID: 35875794816.2068>
                  Other, 0x1117ee940 <AX element pid: 174, elementOrHash.elementID: 35922150656.1740>
                    Other, 0x1117eea80 <AX element pid: 174, elementOrHash.elementID: 35921983040.1751>
                      Image, 0x1117eebc0 <AX element pid: 174, elementOrHash.elementID: 36039377920.1773>
                      Image, 0x1117eed00 <AX element pid: 174, elementOrHash.elementID: 36039377408.1774>
              Icon, 0x1117eee40 <AX element pid: 174, elementOrHash.elementID: 35905491456.1547>
                Other, 0x1117eef80 <AX element pid: 174, elementOrHash.elementID: 35887693824.1565>
                  Other, 0x1117ef0c0 <AX element pid: 174, elementOrHash.elementID: 35889610752.1585>
                    Other, 0x1117ef200 <AX element pid: 174, elementOrHash.elementID: 35889715456.1624>
                      Other, 0x1117ef340 <AX element pid: 174, elementOrHash.elementID: 35875791616.2069>
                  Other, 0x1117ef480 <AX element pid: 174, elementOrHash.elementID: 35889716736.1586>
                    Other, 0x1117ef5c0 <AX element pid: 174, elementOrHash.elementID: 35889611200.1625>
                      Image, 0x1117ef700 <AX element pid: 174, elementOrHash.elementID: 36055470592.1664>
                      Image, 0x1117ef840 <AX element pid: 174, elementOrHash.elementID: 36055470080.1665>
              Icon, 0x1117ef980 <AX element pid: 174, elementOrHash.elementID: 35943708160.135>
                Other, 0x1117efac0 <AX element pid: 174, elementOrHash.elementID: 35943609024.177>
                  Other, 0x1117efc00 <AX element pid: 174, elementOrHash.elementID: 35909462528.235>
                    Other, 0x1117efd40 <AX element pid: 174, elementOrHash.elementID: 35889713536.1652>
                      Other, 0x1117efe80 <AX element pid: 174, elementOrHash.elementID: 35941852544.2070>
                  Other, 0x1117f0000 <AX element pid: 174, elementOrHash.elementID: 35903660160.236>
                    Other, 0x1117f0140 <AX element pid: 174, elementOrHash.elementID: 35909461632.303>
                      Image, 0x1117f0280 <AX element pid: 174, elementOrHash.elementID: 36021239808.391>
                      Image, 0x1117f03c0 <AX element pid: 174, elementOrHash.elementID: 36045234176.392>
              Icon, 0x1117f0500 <AX element pid: 174, elementOrHash.elementID: 35943593472.1554>
                Other, 0x1117f0640 <AX element pid: 174, elementOrHash.elementID: 35943600064.1573>
                  Other, 0x1117f0780 <AX element pid: 174, elementOrHash.elementID: 35922183040.1601>
                    Other, 0x1117f08c0 <AX element pid: 174, elementOrHash.elementID: 35889767808.1635>
                      Other, 0x1117f0a00 <AX element pid: 174, elementOrHash.elementID: 35944980608.2071>
                    Other, 0x1117f0b40 <AX element pid: 174, elementOrHash.elementID: 35889825024.1441>
                      Other, 0x1117f0c80 <AX element pid: 174, elementOrHash.elementID: 35889810048.1475>
                        Image, 0x1117f0dc0 <AX element pid: 174, elementOrHash.elementID: 36055537152.1486>
                  Other, 0x1117f0f00 <AX element pid: 174, elementOrHash.elementID: 35922157056.1602>
                    Other, 0x1117f1040 <AX element pid: 174, elementOrHash.elementID: 35922183488.1641>
                      Image, 0x1117f1180 <AX element pid: 174, elementOrHash.elementID: 36039390720.1696>
                      Image, 0x1117f12c0 <AX element pid: 174, elementOrHash.elementID: 36039390208.1697>
              Icon, 0x1117f1400 <AX element pid: 174, elementOrHash.elementID: 35943728640.126>
                Other, 0x1117f1540 <AX element pid: 174, elementOrHash.elementID: 35943609920.168>
                  Other, 0x1117f1680 <AX element pid: 174, elementOrHash.elementID: 35921979456.217>
                    Other, 0x1117f17c0 <AX element pid: 174, elementOrHash.elementID: 35943797120.284>
                      Other, 0x1117f1900 <AX element pid: 174, elementOrHash.elementID: 35875787136.2072>
                  Other, 0x1117f1a40 <AX element pid: 174, elementOrHash.elementID: 35921998976.218>
                    Other, 0x1117f1b80 <AX element pid: 174, elementOrHash.elementID: 35921979904.285>
                      Image, 0x1117f1cc0 <AX element pid: 174, elementOrHash.elementID: 36039288320.364>
                      Image, 0x1117f1e00 <AX element pid: 174, elementOrHash.elementID: 36039287808.365>
              Icon, 0x1117f1f40 <AX element pid: 174, elementOrHash.elementID: 35905396224.1354>
                Other, 0x1117f2080 <AX element pid: 174, elementOrHash.elementID: 35889626432.1385>
                  Other, 0x1117f21c0 <AX element pid: 174, elementOrHash.elementID: 35889807360.1400>
                    Other, 0x1117f2300 <AX element pid: 174, elementOrHash.elementID: 35889825664.1749>
                      Other, 0x1117f2440 <AX element pid: 174, elementOrHash.elementID: 35875785216.2073>
                  Other, 0x1117f2580 <AX element pid: 174, elementOrHash.elementID: 35889772928.1739>
                    Other, 0x1117f26c0 <AX element pid: 174, elementOrHash.elementID: 35889807808.1750>
                      Image, 0x1117f2800 <AX element pid: 174, elementOrHash.elementID: 36055535616.1770>
                      Image, 0x1117f2940 <AX element pid: 174, elementOrHash.elementID: 36055535104.1771>
              Icon, 0x1117f2a80 <AX element pid: 174, elementOrHash.elementID: 35943694336.119>
                Other, 0x1117f2bc0 <AX element pid: 174, elementOrHash.elementID: 35943604992.161>
                  Other, 0x1117f2d00 <AX element pid: 174, elementOrHash.elementID: 35920557184.203>
                    Other, 0x1117f2e40 <AX element pid: 174, elementOrHash.elementID: 35889771648.1430>
                      Other, 0x1117f2f80 <AX element pid: 174, elementOrHash.elementID: 35875796096.2074>
                  Other, 0x1117f30c0 <AX element pid: 174, elementOrHash.elementID: 35944979968.204>
                    Other, 0x1117f3200 <AX element pid: 174, elementOrHash.elementID: 35910755968.271>
                      Image, 0x1117f3340 <AX element pid: 174, elementOrHash.elementID: 36046516224.343>
                      Image, 0x1117f3480 <AX element pid: 174, elementOrHash.elementID: 36046515712.344>
              Icon, 0x1117f35c0 <AX element pid: 174, elementOrHash.elementID: 35904516096.1549>
                Other, 0x1117f3700 <AX element pid: 174, elementOrHash.elementID: 35907066880.1568>
                  Other, 0x1117f3840 <AX element pid: 174, elementOrHash.elementID: 35891482560.1591>
                    Other, 0x1117f3980 <AX element pid: 174, elementOrHash.elementID: 35889769728.1629>
                      Other, 0x1117f3ac0 <AX element pid: 174, elementOrHash.elementID: 35875789056.2075>
                  Other, 0x1117f3c00 <AX element pid: 174, elementOrHash.elementID: 35887504256.1592>
                    Other, 0x1117f3d40 <AX element pid: 174, elementOrHash.elementID: 35887807360.1630>
                      Image, 0x1117f3e80 <AX element pid: 174, elementOrHash.elementID: 36055015936.1676>
                      Image, 0x1117f4000 <AX element pid: 174, elementOrHash.elementID: 36055014912.1677>
            Icon, 0x1117f4140 <AX element pid: 174, elementOrHash.elementID: 36035589376.65>
              Icon, 0x1117f4280 <AX element pid: 174, elementOrHash.elementID: 36023791424.143>
            PageIndicator, 0x1117f43c0 <AX element pid: 174, elementOrHash.elementID: 35941843584.66>
        Other, 0x1117f4500 <AX element pid: 174, elementOrHash.elementID: 36034925568.45>
      Other, 0x1117f4640 <AX element pid: 174, elementOrHash.elementID: 36034935808.32>
  Window, 0x1117f4780 <AX element pid: 174, elementOrHash.elementID: 36032077824.11>
    Other, 0x1117f48c0 <AX element pid: 174, elementOrHash.elementID: 35953538624.20>
      Other, 0x1117f4a00 <AX element pid: 174, elementOrHash.elementID: 35953538176.33>
  Window, 0x1117f4b40 <AX element pid: 174, elementOrHash.elementID: 36018690304.12>
    Other, 0x1117f4c80 <AX element pid: 174, elementOrHash.elementID: 36017882432.21>
      Other, 0x1117f4dc0 <AX element pid: 174, elementOrHash.elementID: 36038462464.34>
        Other, 0x1117f4f00 <AX element pid: 174, elementOrHash.elementID: 35920632704.46>
          Other, 0x1117f5040 <AX element pid: 174, elementOrHash.elementID: 35920548672.54>
            Other, 0x1117f5180 <AX element pid: 174, elementOrHash.elementID: 35887737344.1088>
            Other, 0x1117f52c0 <AX element pid: 174, elementOrHash.elementID: 35943852544.1089>
            Other, 0x1117f5400 <AX element pid: 174, elementOrHash.elementID: 35920551360.69>
            Other, 0x1117f5540 <AX element pid: 174, elementOrHash.elementID: 35920551808.70>
            Other, 0x1117f5680 <AX element pid: 174, elementOrHash.elementID: 35890596928.1361>
            Other, 0x1117f57c0 <AX element pid: 174, elementOrHash.elementID: 35887703232.1093>
            Other, 0x1117f5900 <AX element pid: 174, elementOrHash.elementID: 35920553152.73>
            Other, 0x1117f5a40 <AX element pid: 174, elementOrHash.elementID: 35920549120.74>
      Other, 0x1117f5b80 <AX element pid: 174, elementOrHash.elementID: 36056067584.1084>
        Other, 0x1117f5cc0 <AX element pid: 174, elementOrHash.elementID: 11494289431044805875.9999>
          Other, 0x1117f5e00 <AX element pid: 333, elementOrHash.elementID: 4309013472.4>
            Other, 0x1117f5f40 <AX element pid: 333, elementOrHash.elementID: 4309041312.5>
              Other, 0x1117f6080 <AX element pid: 333, elementOrHash.elementID: 4308983520.6>
                Other, 0x1117f61c0 <AX element pid: 333, elementOrHash.elementID: 4309005120.7>
      Other, 0x1117f6300 <AX element pid: 174, elementOrHash.elementID: 36046696960.36>
        Other, 0x1117f6440 <AX element pid: 174, elementOrHash.elementID: 35906212864.47>
          Other, 0x1117f6580 <AX element pid: 174, elementOrHash.elementID: 35922778688.55>
  Window, 0x1117f66c0 <AX element pid: 174, elementOrHash.elementID: 36018691584.13>
    Other, 0x1117f6800 <AX element pid: 174, elementOrHash.elementID: 36017885568.22>
  Window, 0x1117f6940 <AX element pid: 174, elementOrHash.elementID: 36018685184.1812>
    Other, 0x1117f6a80 <AX element pid: 174, elementOrHash.elementID: 35889648896.1813>
      Other, 0x1117f6bc0 <AX element pid: 174, elementOrHash.elementID: 35887702784.1815>
  Window, 0x1117f6d00 <AX element pid: 174, elementOrHash.elementID: 35951108864.14>
    Other, 0x1117f6e40 <AX element pid: 174, elementOrHash.elementID: 35953539072.23>
      Other, 0x1117f6f80 <AX element pid: 174, elementOrHash.elementID: 35953539968.37>
  Window, 0x1117f70c0 <AX element pid: 174, elementOrHash.elementID: 35920354816.15>
    Other, 0x1117f7200 <AX element pid: 174, elementOrHash.elementID: 35923110400.24>
      Other, 0x1117f7340 <AX element pid: 174, elementOrHash.elementID: 35923112192.38>
  Window, 0x1117f7480 <AX element pid: 174, elementOrHash.elementID: 36036372480.9>
    Other, 0x1117f75c0 <AX element pid: 174, elementOrHash.elementID: 35942339840.25>
      Other, 0x1117f7700 <AX element pid: 174, elementOrHash.elementID: 35942340288.39>
        Other, 0x1117f7840 <AX element pid: 174, elementOrHash.elementID: 35942345216.48>
        Other, 0x1117f7980 <AX element pid: 174, elementOrHash.elementID: 35942345664.49>
        Other, 0x1117f7ac0 <AX element pid: 174, elementOrHash.elementID: 35941851264.50>
          Other, 0x1117f7c00 <AX element pid: 174, elementOrHash.elementID: 36036367360.56>
            Icon, 0x1117f7d40 <AX element pid: 174, elementOrHash.elementID: 35943737856.6>
              Other, 0x1117f7e80 <AX element pid: 174, elementOrHash.elementID: 35943844928.145>
                Other, 0x1117f8000 <AX element pid: 174, elementOrHash.elementID: 35943845376.185>
                  Other, 0x1117f8140 <AX element pid: 174, elementOrHash.elementID: 35943797760.251>
                    Other, 0x1117f8280 <AX element pid: 174, elementOrHash.elementID: 35943806720.319>
            Icon, 0x1117f83c0 <AX element pid: 174, elementOrHash.elementID: 35943739392.75>
              Other, 0x1117f8500 <AX element pid: 174, elementOrHash.elementID: 35943845824.146>
                Other, 0x1117f8640 <AX element pid: 174, elementOrHash.elementID: 35943846272.186>
                  Other, 0x1117f8780 <AX element pid: 174, elementOrHash.elementID: 35943792640.252>
                    Other, 0x1117f88c0 <AX element pid: 174, elementOrHash.elementID: 35943808000.320>
            Icon, 0x1117f8a00 <AX element pid: 174, elementOrHash.elementID: 35943740928.76>
              Other, 0x1117f8b40 <AX element pid: 174, elementOrHash.elementID: 35943846720.147>
                Other, 0x1117f8c80 <AX element pid: 174, elementOrHash.elementID: 35943847168.187>
                  Other, 0x1117f8dc0 <AX element pid: 174, elementOrHash.elementID: 35941855104.253>
                    Other, 0x1117f8f00 <AX element pid: 174, elementOrHash.elementID: 35944039040.321>
            Icon, 0x1117f9040 <AX element pid: 174, elementOrHash.elementID: 35944136704.77>
              Other, 0x1117f9180 <AX element pid: 174, elementOrHash.elementID: 35943847616.148>
                Other, 0x1117f92c0 <AX element pid: 174, elementOrHash.elementID: 35943848064.188>
                  Other, 0x1117f9400 <AX element pid: 174, elementOrHash.elementID: 35943795840.254>
                    Other, 0x1117f9540 <AX element pid: 174, elementOrHash.elementID: 35944040320.322>
            Icon, 0x1117f9680 <AX element pid: 174, elementOrHash.elementID: 35944138240.78>
              Other, 0x1117f97c0 <AX element pid: 174, elementOrHash.elementID: 35943848512.149>
                Other, 0x1117f9900 <AX element pid: 174, elementOrHash.elementID: 35943848960.189>
                  Other, 0x1117f9a40 <AX element pid: 174, elementOrHash.elementID: 35941858304.255>
                    Other, 0x1117f9b80 <AX element pid: 174, elementOrHash.elementID: 36017864704.1165>
            Icon, 0x1117f9cc0 <AX element pid: 174, elementOrHash.elementID: 35944139776.79>
              Other, 0x1117f9e00 <AX element pid: 174, elementOrHash.elementID: 35943849856.150>
                Other, 0x1117f9f40 <AX element pid: 174, elementOrHash.elementID: 35943850304.190>
                  Other, 0x1117fa080 <AX element pid: 174, elementOrHash.elementID: 35943799040.256>
                    Other, 0x1117fa1c0 <AX element pid: 174, elementOrHash.elementID: 35944043520.324>
            Icon, 0x1117fa300 <AX element pid: 174, elementOrHash.elementID: 35944141312.80>
              Other, 0x1117fa440 <AX element pid: 174, elementOrHash.elementID: 35943850752.151>
                Other, 0x1117fa580 <AX element pid: 174, elementOrHash.elementID: 35943851200.191>
                  Other, 0x1117fa6c0 <AX element pid: 174, elementOrHash.elementID: 35941853184.257>
                    Other, 0x1117fa800 <AX element pid: 174, elementOrHash.elementID: 35944044800.325>
          Other, 0x1117fa940 <AX element pid: 174, elementOrHash.elementID: 36036369408.57>
            Icon, 0x1117faa80 <AX element pid: 174, elementOrHash.elementID: 35941698560.81>
              Other, 0x1117fabc0 <AX element pid: 174, elementOrHash.elementID: 35942346112.152>
                Other, 0x1117fad00 <AX element pid: 174, elementOrHash.elementID: 35943611712.192>
                  Other, 0x1117fae40 <AX element pid: 174, elementOrHash.elementID: 35941853824.258>
                    Other, 0x1117faf80 <AX element pid: 174, elementOrHash.elementID: 35943800960.326>
            Icon, 0x1117fb0c0 <AX element pid: 174, elementOrHash.elementID: 35943734784.82>
              Other, 0x1117fb200 <AX element pid: 174, elementOrHash.elementID: 35943841792.153>
                Other, 0x1117fb340 <AX element pid: 174, elementOrHash.elementID: 35943842240.193>
                  Other, 0x1117fb480 <AX element pid: 174, elementOrHash.elementID: 35943794560.259>
                    Other, 0x1117fb5c0 <AX element pid: 174, elementOrHash.elementID: 35943802240.327>
                  Other, 0x1117fb700 <AX element pid: 174, elementOrHash.elementID: 35943802880.260>
                    Other, 0x1117fb840 <AX element pid: 174, elementOrHash.elementID: 35943844032.328>
                      Image, 0x1117fb980 <AX element pid: 174, elementOrHash.elementID: 36036537344.415>
          Other, 0x1117fbac0 <AX element pid: 174, elementOrHash.elementID: 36036368384.58>
          Icon, 0x1117fbc00 <AX element pid: 174, elementOrHash.elementID: 35944142848.59>
            Other, 0x1117fbd40 <AX element pid: 174, elementOrHash.elementID: 35887479808.1147>
            Other, 0x1117fbe80 <AX element pid: 174, elementOrHash.elementID: 35887469568.1148>
            Other, 0x11ac04000 <AX element pid: 174, elementOrHash.elementID: 35891053184.513>
            Other, 0x11ac04140 <AX element pid: 174, elementOrHash.elementID: 35887477248.1149>
      Other, 0x11ac04280 <AX element pid: 174, elementOrHash.elementID: 35944048000.40>
        Other, 0x11ac043c0 <AX element pid: 174, elementOrHash.elementID: 36037143040.51>
          Other, 0x11ac04500 <AX element pid: 174, elementOrHash.elementID: 13117757763611807880.9999>
            Other, 0x11ac04640 <AX element pid: 303, elementOrHash.elementID: 4312005392.4>
              Other, 0x11ac04780 <AX element pid: 303, elementOrHash.elementID: 33807598848.5>
                Other, 0x11ac048c0 <AX element pid: 303, elementOrHash.elementID: 33807631232.6>
                  Other, 0x11ac04a00 <AX element pid: 303, elementOrHash.elementID: 33807630336.7>
          Other, 0x11ac04b40 <AX element pid: 174, elementOrHash.elementID: 2167965937006497152.9999>
            Other, 0x11ac04c80 <AX element pid: 303, elementOrHash.elementID: 33807632128.8>
              Other, 0x11ac04dc0 <AX element pid: 303, elementOrHash.elementID: 33807633920.9>
          Other, 0x11ac04f00 <AX element pid: 174, elementOrHash.elementID: 6852408606350722696.9999>
  Window, 0x11ac05040 <AX element pid: 174, elementOrHash.elementID: 36022010880.16>
    StatusBar, 0x11ac05180 <AX element pid: 174, elementOrHash.elementID: 36017866624.26>
      Other, 0x11ac052c0 <AX element pid: 174, elementOrHash.elementID: 36021977088.41>
        Other, 0x11ac05400 <AX element pid: 174, elementOrHash.elementID: 35873917120.1827>
          Other, 0x11ac05540 <AX element pid: 174, elementOrHash.elementID: 35873915328.1830>
            StaticText, 0x11ac05680 <AX element pid: 174, elementOrHash.elementID: 35891539328.1833>
            StaticText, 0x11ac057c0 <AX element pid: 174, elementOrHash.elementID: 35891529472.1834>
          Other, 0x11ac05900 <AX element pid: 174, elementOrHash.elementID: 35873922496.1831>
            Other, 0x11ac05a40 <AX element pid: 174, elementOrHash.elementID: 36057365504.1835>
            Image, 0x11ac05b80 <AX element pid: 174, elementOrHash.elementID: 35905546880.1836>
            StaticText, 0x11ac05cc0 <AX element pid: 174, elementOrHash.elementID: 35891533952.1837>
            Other, 0x11ac05e00 <AX element pid: 174, elementOrHash.elementID: 35888280064.1838>
    Other, 0x11ac05f40 <AX element pid: 174, elementOrHash.elementID: 36017881984.27>
  Window, 0x11ac06080 <AX element pid: 174, elementOrHash.elementID: 36032072704.17>
    Other, 0x11ac061c0 <AX element pid: 174, elementOrHash.elementID: 35953535488.28>
  Window, 0x11ac06300 <AX element pid: 174, elementOrHash.elementID: 36032076800.18>
    Other, 0x11ac06440 <AX element pid: 174, elementOrHash.elementID: 35953537728.29>
22:51:32.917 WebDriverAgentRunner-Runner[1324:114132] Found matches {(
    StatusBar
)} with root Application, pid: 174
22:51:32.917 WebDriverAgentRunner-Runner[1324:114132] <XCTContext: 0x1101c8ff0> finished activity <XCActivityRecord: 0x110d5ddc0> 2026-07-19 15:51:32 +0000: Find the StatusBar (Element at index 0) (0.261739s)
22:51:32.918 WebDriverAgentRunner-Runner[1324:114132] Creating future for 'checking for continuity enablement' with timeout 30.00
22:51:32.918 WebDriverAgentRunner-Runner[1324:114132] <XCTWaiter: 0x11175dd40> entering wait loop for 30.00s with expectations: `checking for continuity enablement`
22:51:32.919 WebDriverAgentRunner-Runner[1324:114132] Returning result XCTWaiterResultCompleted for synchronous waiter <XCTWaiter: 0x11175dd40>
22:51:32.919 WebDriverAgentRunner-Runner[1324:114132] Wait <XCTWaiterWait: 0x11ac65cc0> completed after 0.001s
22:51:32.919 WebDriverAgentRunner-Runner[1324:114132] cleaning up checking for continuity enablement
22:51:32.919 WebDriverAgentRunner-Runner[1324:114132] Creating future for 'fetching attributes 'XC_kAXXCAttributeFrame', 'XC_kAXXCAttributeWindowDisplayId', 'XC_kAXXCAttributeWindowContextId' for AX element pid: 174, elementOrHash.elementID: 36017866624.26' with timeout 30.00
22:51:32.919 WebDriverAgentRunner-Runner[1324:114132] <XCTWaiter: 0x11175dda0> entering wait loop for 30.00s with expectations: `fetching attributes 'XC_kAXXCAttributeFrame', 'XC_kAXXCAttributeWindowDisplayId', 'XC_kAXXCAttributeWindowContextId' for AX element pid: 174, elementOrHash.elementID: 36017866624.26`
22:51:32.920 WebDriverAgentRunner-Runner[1324:114132] Returning result XCTWaiterResultCompleted for synchronous waiter <XCTWaiter: 0x11175dda0>
22:51:32.920 WebDriverAgentRunner-Runner[1324:114132] Wait <XCTWaiterWait: 0x11ac65f40> completed after 0.001s
22:51:32.920 WebDriverAgentRunner-Runner[1324:114132] cleaning up fetching attributes 'XC_kAXXCAttributeFrame', 'XC_kAXXCAttributeWindowDisplayId', 'XC_kAXXCAttributeWindowContextId' for AX element pid: 174, elementOrHash.elementID: 36017866624.26
22:51:32.920 WebDriverAgentRunner-Runner[1324:114132] StatusBar (AX element pid: 174, elementOrHash.elementID: 36017866624.26) faulted in {
    "XC_kAXXCAttributeFrame" =     {
        Height = 1366;
        Width = 32;
        X = 0;
        Y = 0;
    };
    "XC_kAXXCAttributeWindowContextId" = 2087488016;
    "XC_kAXXCAttributeWindowDisplayId" = 1;
}: (no error) for frame using XC_kAXXCAttributeFrame, XC_kAXXCAttributeWindowDisplayId, XC_kAXXCAttributeWindowContextId
22:51:32.920 WebDriverAgentRunner-Runner[1324:114132] getting parameterized attribute XC_kAXXCParameterizedAttributeConvertHostedViewFrame with parameter (
        {
        Height = 1366;
        Width = 32;
        X = 0;
        Y = 0;
    },
    2087488016,
    1
)
22:51:32.921 WebDriverAgentRunner-Runner[1324:114132] Creating future for 'getting parameterized attribute XC_kAXXCParameterizedAttributeConvertHostedViewFrame' with timeout 65.00
22:51:32.921 WebDriverAgentRunner-Runner[1324:114132] <XCTWaiter: 0x11175ce70> entering wait loop for 65.00s with expectations: `getting parameterized attribute XC_kAXXCParameterizedAttributeConvertHostedViewFrame`
22:51:32.921 WebDriverAgentRunner-Runner[1324:115069] Got parameterized attribute fetch for XC_kAXXCParameterizedAttributeConvertHostedViewFrame response with values {
    Height = 1366;
    Width = 32;
    X = 0;
    Y = 0;
}, error: (null)
22:51:32.922 WebDriverAgentRunner-Runner[1324:114132] Returning result XCTWaiterResultCompleted for synchronous waiter <XCTWaiter: 0x11175ce70>
22:51:32.922 WebDriverAgentRunner-Runner[1324:114132] Wait <XCTWaiterWait: 0x11ac65800> completed after 0.001s
22:51:32.922 WebDriverAgentRunner-Runner[1324:114132] cleaning up getting parameterized attribute XC_kAXXCParameterizedAttributeConvertHostedViewFrame
22:51:32.922 WebDriverAgentRunner-Runner[1324:114132] No change when transforming rect {{0, 0}, {32, 1366}}, either portrait orientation or non-standard app configuration such as springboard
22:51:32.922 WebDriverAgentRunner-Runner[1324:114132] Fetching application interface orientation
22:51:32.922 WebDriverAgentRunner-Runner[1324:114132] Creating future for 'getting interface orientation' with timeout 65.00
22:51:32.922 WebDriverAgentRunner-Runner[1324:114132] <XCTWaiter: 0x11175d080> entering wait loop for 65.00s with expectations: `getting interface orientation`
22:51:32.923 WebDriverAgentRunner-Runner[1324:114132] Returning result XCTWaiterResultCompleted for synchronous waiter <XCTWaiter: 0x11175d080>
22:51:32.923 WebDriverAgentRunner-Runner[1324:114132] Wait <XCTWaiterWait: 0x11ac65480> completed after 0.001s
22:51:32.923 WebDriverAgentRunner-Runner[1324:114132] cleaning up getting interface orientation
22:51:32.923 WebDriverAgentRunner-Runner[1324:114132] Creating future for 'getting screen identifiers' with timeout 30.00
22:51:32.923 WebDriverAgentRunner-Runner[1324:114132] <XCTWaiter: 0x11175cb10> entering wait loop for 30.00s with expectations: `getting screen identifiers`
22:51:32.923 WebDriverAgentRunner-Runner[1324:114132] Returning result XCTWaiterResultCompleted for synchronous waiter <XCTWaiter: 0x11175cb10>
22:51:32.923 WebDriverAgentRunner-Runner[1324:114132] Wait <XCTWaiterWait: 0x11ac66600> completed after 0.000s
22:51:32.924 WebDriverAgentRunner-Runner[1324:114132] cleaning up getting screen identifiers
22:51:32.924 WebDriverAgentRunner-Runner[1324:114132] Creating future for 'getting screen bounds' with timeout 30.00
22:51:32.924 WebDriverAgentRunner-Runner[1324:114132] <XCTWaiter: 0x11175cc30> entering wait loop for 30.00s with expectations: `getting screen bounds`
22:51:32.924 WebDriverAgentRunner-Runner[1324:114132] Returning result XCTWaiterResultCompleted for synchronous waiter <XCTWaiter: 0x11175cc30>
22:51:32.924 WebDriverAgentRunner-Runner[1324:114132] Wait <XCTWaiterWait: 0x11ac64f80> completed after 0.000s
22:51:32.924 WebDriverAgentRunner-Runner[1324:114132] cleaning up getting screen bounds
22:51:32.924 WebDriverAgentRunner-Runner[1324:114132] Creating future for 'getting screen scale' with timeout 30.00
22:51:32.925 WebDriverAgentRunner-Runner[1324:114132] <XCTWaiter: 0x11175d320> entering wait loop for 30.00s with expectations: `getting screen scale`
22:51:32.925 WebDriverAgentRunner-Runner[1324:114132] Returning result XCTWaiterResultCompleted for synchronous waiter <XCTWaiter: 0x11175d320>
22:51:32.925 WebDriverAgentRunner-Runner[1324:114132] Wait <XCTWaiterWait: 0x11ac64f80> completed after 0.000s
22:51:32.925 WebDriverAgentRunner-Runner[1324:114132] cleaning up getting screen scale
22:51:32.925 WebDriverAgentRunner-Runner[1324:114132] <XCTContext: 0x1101c8ff0> started activity <XCActivityRecord: 0x110d5d180> 2026-07-19 15:51:32 +0000: Find the Application 'com.apple.springboard'
    t =    83.84s Find the Application 'com.apple.springboard'
22:51:32.925 WebDriverAgentRunner-Runner[1324:114132] Executing query:

22:51:32.926 WebDriverAgentRunner-Runner[1324:114132] Creating future for 'checking for continuity enablement' with timeout 30.00
22:51:32.926 WebDriverAgentRunner-Runner[1324:114132] <XCTWaiter: 0x11175ec70> entering wait loop for 30.00s with expectations: `checking for continuity enablement`
22:51:32.926 WebDriverAgentRunner-Runner[1324:114132] Returning result XCTWaiterResultCompleted for synchronous waiter <XCTWaiter: 0x11175ec70>
22:51:32.927 WebDriverAgentRunner-Runner[1324:114132] Wait <XCTWaiterWait: 0x11ac64a80> completed after 0.001s
22:51:32.927 WebDriverAgentRunner-Runner[1324:114132] cleaning up checking for continuity enablement
22:51:32.927 WebDriverAgentRunner-Runner[1324:114132] Should evaluate query remotely? XCTDisableRemoteQueryEvaluation(d-write): YES, hasAutomationSession: YES, supportsRemoteEvaluation: YES
22:51:32.927 WebDriverAgentRunner-Runner[1324:114132] Getting matching snapshots for locally evaluated query
22:51:32.927 WebDriverAgentRunner-Runner[1324:114132] Evaluating query:
 
22:51:32.927 WebDriverAgentRunner-Runner[1324:114132] Getting root element snapshot
22:51:32.927 WebDriverAgentRunner-Runner[1324:114132] Getting snapshot for App element pid: 174 for query 
22:51:32.927 WebDriverAgentRunner-Runner[1324:114132] <XCTContext: 0x1101c8ff0> started activity <XCActivityRecord: 0x110d5d110> 2026-07-19 15:51:32 +0000: Requesting snapshot of accessibility hierarchy for app with pid 174
22:51:32.928 WebDriverAgentRunner-Runner[1324:114132] Query requires iOS snapshot attributes .
22:51:32.928 WebDriverAgentRunner-Runner[1324:114132] XCUIElementQuery <XCTElementSnapshotProvider> getting snapshot
22:51:32.928 WebDriverAgentRunner-Runner[1324:114132] Snapshot request has custom attributes 
22:51:32.928 WebDriverAgentRunner-Runner[1324:114132] Snapshot request has custom parameters {
    snapshotKeyHonorModalViews = 0;
}
22:51:32.928 WebDriverAgentRunner-Runner[1324:114132] Current snapshot generation is 69
22:51:32.929 WebDriverAgentRunner-Runner[1324:114132] Query rootElementSnapshot is non-null with generation count 49
22:51:32.929 WebDriverAgentRunner-Runner[1324:114132] Capturing a new snapshot
22:51:32.929 WebDriverAgentRunner-Runner[1324:114132] Fetching snapshot for App element pid: 174 from testmanagerd with attributes XC_kAXXCAttributeElementType, XC_kAXXCAttributeElementBaseType, XC_kAXXCAttributeParent, XC_kAXXCAttributeIdentifier, XC_kAXXCAttributeAutomationType, XC_kAXXCAttributeTraits and parameters {
    maxArrayCount = 2147483647;
    maxChildren = 2147483647;
    maxDepth = 50;
    snapshotKeyHonorModalViews = 0;
    traverseFromParentsToChildren = 1;
}.
22:51:32.929 WebDriverAgentRunner-Runner[1324:114132] Creating future for 'fetching snapshot from testmanagerd.' with timeout 65.00
22:51:32.929 WebDriverAgentRunner-Runner[1324:114132] <XCTWaiter: 0x11175eeb0> entering wait loop for 65.00s with expectations: `fetching snapshot from testmanagerd.`
    t =    83.84s     Requesting snapshot of accessibility hierarchy for app with pid 174
22:51:33.152 WebDriverAgentRunner-Runner[1324:114154] Got snapshot response with runtime issue support from testmanagerd.
22:51:33.152 WebDriverAgentRunner-Runner[1324:114132] Returning result XCTWaiterResultCompleted for synchronous waiter <XCTWaiter: 0x11175eeb0>
22:51:33.152 WebDriverAgentRunner-Runner[1324:114132] Wait <XCTWaiterWait: 0x11ac65e00> completed after 0.223s
22:51:33.152 WebDriverAgentRunner-Runner[1324:114132] cleaning up fetching snapshot from testmanagerd.
22:51:33.153 WebDriverAgentRunner-Runner[1324:114132] <XCTContext: 0x1101c8ff0> finished activity <XCActivityRecord: 0x110d5d110> 2026-07-19 15:51:32 +0000: Requesting snapshot of accessibility hierarchy for app with pid 174 (0.225194s)
22:51:33.153 WebDriverAgentRunner-Runner[1324:114132] Found matches {(
    App element pid: 174
)} with root App element pid: 174
22:51:33.154 WebDriverAgentRunner-Runner[1324:114132] <XCTContext: 0x1101c8ff0> finished activity <XCActivityRecord: 0x110d5d180> 2026-07-19 15:51:32 +0000: Find the Application 'com.apple.springboard' (0.22881s)
22:51:33.154 WebDriverAgentRunner-Runner[1324:114132] XCUIElementQuery <XCTElementSnapshotProvider> getting snapshot
22:51:33.154 WebDriverAgentRunner-Runner[1324:114132] Snapshot request has custom attributes XC_kAXXCAttributeElementBaseType, XC_kAXXCAttributeValue, XC_kAXXCAttributeAutomationType, XC_kAXXCAttributeIdentifier, XC_kAXXCAttributeTraits, XC_kAXXCAttributeVerticalSizeClass, XC_kAXXCAttributeFrame, XC_kAXXCAttributeWindowDisplayId, XC_kAXXCAttributeWindowContextId, XC_kAXXCAttributeLabel, XC_kAXXCAttributeHorizontalSizeClass, XC_kAXXCAttributeHasNativeFocus, XC_kAXXCAttributePlaceholderValue, XC_kAXXCAttributeElementType
22:51:33.154 WebDriverAgentRunner-Runner[1324:114132] Current snapshot generation is 72
22:51:33.155 WebDriverAgentRunner-Runner[1324:114132] Query rootElementSnapshot is non-null with generation count 72
22:51:33.155 WebDriverAgentRunner-Runner[1324:114132] Capturing a new snapshot
22:51:33.155 WebDriverAgentRunner-Runner[1324:114132] Fetching snapshot for App element pid: 174 from testmanagerd with attributes XC_kAXXCAttributeElementBaseType, XC_kAXXCAttributeParent, XC_kAXXCAttributeAutomationType, XC_kAXXCAttributeIdentifier, XC_kAXXCAttributeTraits, XC_kAXXCAttributeVerticalSizeClass, XC_kAXXCAttributeFrame, XC_kAXXCAttributeWindowDisplayId, XC_kAXXCAttributeWindowContextId, XC_kAXXCAttributeLabel, XC_kAXXCAttributeHorizontalSizeClass, XC_kAXXCAttributeHasNativeFocus, XC_kAXXCAttributePlaceholderValue, XC_kAXXCAttributeTruncatedValue, XC_kAXXCAttributeElementType and parameters {
    maxArrayCount = 2147483647;
    maxChildren = 2147483647;
    maxDepth = 50;
    snapshotKeyHonorModalViews = 0;
    traverseFromParentsToChildren = 1;
}.
22:51:33.155 WebDriverAgentRunner-Runner[1324:114132] Creating future for 'fetching snapshot from testmanagerd.' with timeout 65.00
22:51:33.155 WebDriverAgentRunner-Runner[1324:114132] <XCTWaiter: 0x1116af390> entering wait loop for 65.00s with expectations: `fetching snapshot from testmanagerd.`
22:51:33.492 WebDriverAgentRunner-Runner[1324:114154] Got snapshot response with runtime issue support from testmanagerd.
22:51:33.492 WebDriverAgentRunner-Runner[1324:114132] Returning result XCTWaiterResultCompleted for synchronous waiter <XCTWaiter: 0x1116af390>
22:51:33.492 WebDriverAgentRunner-Runner[1324:114132] Wait <XCTWaiterWait: 0x1117d3400> completed after 0.337s
22:51:33.492 WebDriverAgentRunner-Runner[1324:114132] cleaning up fetching snapshot from testmanagerd.
22:51:33.492 WebDriverAgentRunner-Runner[1324:114132] Creating future for 'getting interface orientation' with timeout 65.00
22:51:33.493 WebDriverAgentRunner-Runner[1324:114132] <XCTWaiter: 0x11175db00> entering wait loop for 65.00s with expectations: `getting interface orientation`
22:51:33.493 WebDriverAgentRunner-Runner[1324:114132] Returning result XCTWaiterResultCompleted for synchronous waiter <XCTWaiter: 0x11175db00>
22:51:33.494 WebDriverAgentRunner-Runner[1324:114132] Wait <XCTWaiterWait: 0x11ac1b740> completed after 0.001s
22:51:33.494 WebDriverAgentRunner-Runner[1324:114132] cleaning up getting interface orientation
22:51:33.494 WebDriverAgentRunner-Runner[1324:114132] Creating future for 'getting screen identifiers' with timeout 30.00
22:51:33.494 WebDriverAgentRunner-Runner[1324:114132] <XCTWaiter: 0x11175c0c0> entering wait loop for 30.00s with expectations: `getting screen identifiers`
22:51:33.494 WebDriverAgentRunner-Runner[1324:114132] Returning result XCTWaiterResultCompleted for synchronous waiter <XCTWaiter: 0x11175c0c0>
22:51:33.494 WebDriverAgentRunner-Runner[1324:114132] Wait <XCTWaiterWait: 0x11ac1a7c0> completed after 0.000s
22:51:33.494 WebDriverAgentRunner-Runner[1324:114132] cleaning up getting screen identifiers
22:51:33.494 WebDriverAgentRunner-Runner[1324:114132] Creating future for 'getting screen scale' with timeout 30.00
22:51:33.495 WebDriverAgentRunner-Runner[1324:114132] <XCTWaiter: 0x11175e6a0> entering wait loop for 30.00s with expectations: `getting screen scale`
22:51:33.495 WebDriverAgentRunner-Runner[1324:114132] Returning result XCTWaiterResultCompleted for synchronous waiter <XCTWaiter: 0x11175e6a0>
22:51:33.495 WebDriverAgentRunner-Runner[1324:114132] Wait <XCTWaiterWait: 0x11ac18600> completed after 0.000s
22:51:33.495 WebDriverAgentRunner-Runner[1324:114132] cleaning up getting screen scale
22:51:33.501 WebDriverAgentRunner-Runner[1324:114132] Creating future for 'fetching attributes 'XC_kAXXCAttributeSystemAppApplication' for Device system-wide element' with timeout 65.00
22:51:33.502 WebDriverAgentRunner-Runner[1324:114132] <XCTWaiter: 0x11175ed30> entering wait loop for 65.00s with expectations: `fetching attributes 'XC_kAXXCAttributeSystemAppApplication' for Device system-wide element`
22:51:33.508 WebDriverAgentRunner-Runner[1324:115069] Got attribute fetch response with values {
    "XC_kAXXCAttributeSystemAppApplication" = "AX element pid: 174, elementOrHash.elementID: 0.1";
}, error: (null)
22:51:33.508 WebDriverAgentRunner-Runner[1324:114132] Returning result XCTWaiterResultCompleted for synchronous waiter <XCTWaiter: 0x11175ed30>
22:51:33.509 WebDriverAgentRunner-Runner[1324:114132] Wait <XCTWaiterWait: 0x11ac1afc0> completed after 0.007s
22:51:33.509 WebDriverAgentRunner-Runner[1324:114132] cleaning up fetching attributes 'XC_kAXXCAttributeSystemAppApplication' for Device system-wide element
22:51:33.509 WebDriverAgentRunner-Runner[1324:114132] Creating future for 'fetching attributes 'XC_kAXXCAttributeFocusedApplications' for AX element pid: 174, elementOrHash.elementID: 0.1' with timeout 65.00
22:51:33.509 WebDriverAgentRunner-Runner[1324:114132] <XCTWaiter: 0x11175e220> entering wait loop for 65.00s with expectations: `fetching attributes 'XC_kAXXCAttributeFocusedApplications' for AX element pid: 174, elementOrHash.elementID: 0.1`
22:51:33.515 WebDriverAgentRunner-Runner[1324:114435] Got attribute fetch response with values {
    "XC_kAXXCAttributeFocusedApplications" =     (
        "AX element pid: 303, elementOrHash.elementID: 0.1",
        "AX element pid: 174, elementOrHash.elementID: 0.1"
    );
}, error: (null)
22:51:33.515 WebDriverAgentRunner-Runner[1324:114132] Returning result XCTWaiterResultCompleted for synchronous waiter <XCTWaiter: 0x11175e220>
22:51:33.515 WebDriverAgentRunner-Runner[1324:114132] Wait <XCTWaiterWait: 0x11ac1a2c0> completed after 0.006s
22:51:33.515 WebDriverAgentRunner-Runner[1324:114132] cleaning up fetching attributes 'XC_kAXXCAttributeFocusedApplications' for AX element pid: 174, elementOrHash.elementID: 0.1
22:51:33.516 WebDriverAgentRunner-Runner[1324:114132] Active application elements: (
    "AX element pid: 303, elementOrHash.elementID: 0.1",
    "AX element pid: 174, elementOrHash.elementID: 0.1"
)
    t =    84.46s Find the Application 'com.apple.springboard'
22:51:33.542 WebDriverAgentRunner-Runner[1324:114132] <XCTContext: 0x1101c8ff0> started activity <XCActivityRecord: 0x110d5ddc0> 2026-07-19 15:51:33 +0000: Find the Application 'com.apple.springboard'
22:51:33.543 WebDriverAgentRunner-Runner[1324:114132] Executing query:

22:51:33.543 WebDriverAgentRunner-Runner[1324:114132] Creating future for 'checking for continuity enablement' with timeout 30.00
22:51:33.543 WebDriverAgentRunner-Runner[1324:114132] <XCTWaiter: 0x11175d1d0> entering wait loop for 30.00s with expectations: `checking for continuity enablement`
22:51:33.544 WebDriverAgentRunner-Runner[1324:114132] Returning result XCTWaiterResultCompleted for synchronous waiter <XCTWaiter: 0x11175d1d0>
22:51:33.544 WebDriverAgentRunner-Runner[1324:114132] Wait <XCTWaiterWait: 0x11ac18e80> completed after 0.001s
22:51:33.545 WebDriverAgentRunner-Runner[1324:114132] cleaning up checking for continuity enablement
22:51:33.545 WebDriverAgentRunner-Runner[1324:114132] Should evaluate query remotely? XCTDisableRemoteQueryEvaluation(d-write): YES, hasAutomationSession: YES, supportsRemoteEvaluation: YES
22:51:33.545 WebDriverAgentRunner-Runner[1324:114132] Getting matching snapshots for locally evaluated query
22:51:33.545 WebDriverAgentRunner-Runner[1324:114132] Evaluating query:
 
22:51:33.545 WebDriverAgentRunner-Runner[1324:114132] Getting root element snapshot
22:51:33.545 WebDriverAgentRunner-Runner[1324:114132] Getting snapshot for App element pid: 174 for query 
    t =    84.46s     Requesting snapshot of accessibility hierarchy for app with pid 174
22:51:33.545 WebDriverAgentRunner-Runner[1324:114132] <XCTContext: 0x1101c8ff0> started activity <XCActivityRecord: 0x110d5d180> 2026-07-19 15:51:33 +0000: Requesting snapshot of accessibility hierarchy for app with pid 174
22:51:33.546 WebDriverAgentRunner-Runner[1324:114132] Query requires iOS snapshot attributes .
22:51:33.546 WebDriverAgentRunner-Runner[1324:114132] XCUIElementQuery <XCTElementSnapshotProvider> getting snapshot
22:51:33.546 WebDriverAgentRunner-Runner[1324:114132] Snapshot request has custom attributes 
22:51:33.546 WebDriverAgentRunner-Runner[1324:114132] Snapshot request has custom parameters {
    snapshotKeyHonorModalViews = 0;
}
22:51:33.547 WebDriverAgentRunner-Runner[1324:114132] Current snapshot generation is 81
22:51:33.547 WebDriverAgentRunner-Runner[1324:114132] Query rootElementSnapshot is non-null with generation count 72
22:51:33.547 WebDriverAgentRunner-Runner[1324:114132] Capturing a new snapshot
22:51:33.547 WebDriverAgentRunner-Runner[1324:114132] Fetching snapshot for App element pid: 174 from testmanagerd with attributes XC_kAXXCAttributeElementType, XC_kAXXCAttributeElementBaseType, XC_kAXXCAttributeParent, XC_kAXXCAttributeIdentifier, XC_kAXXCAttributeAutomationType, XC_kAXXCAttributeTraits and parameters {
    maxArrayCount = 2147483647;
    maxChildren = 2147483647;
    maxDepth = 50;
    snapshotKeyHonorModalViews = 0;
    traverseFromParentsToChildren = 1;
}.
22:51:33.547 WebDriverAgentRunner-Runner[1324:114132] Creating future for 'fetching snapshot from testmanagerd.' with timeout 65.00
22:51:33.548 WebDriverAgentRunner-Runner[1324:114132] <XCTWaiter: 0x11175d560> entering wait loop for 65.00s with expectations: `fetching snapshot from testmanagerd.`
22:51:33.789 WebDriverAgentRunner-Runner[1324:115069] Got snapshot response with runtime issue support from testmanagerd.
22:51:33.790 WebDriverAgentRunner-Runner[1324:114132] Returning result XCTWaiterResultCompleted for synchronous waiter <XCTWaiter: 0x11175d560>
22:51:33.790 WebDriverAgentRunner-Runner[1324:114132] Wait <XCTWaiterWait: 0x11ac1ab00> completed after 0.242s
22:51:33.790 WebDriverAgentRunner-Runner[1324:114132] cleaning up fetching snapshot from testmanagerd.
22:51:33.791 WebDriverAgentRunner-Runner[1324:114132] <XCTContext: 0x1101c8ff0> finished activity <XCActivityRecord: 0x110d5d180> 2026-07-19 15:51:33 +0000: Requesting snapshot of accessibility hierarchy for app with pid 174 (0.245091s)
22:51:33.792 WebDriverAgentRunner-Runner[1324:114132] Found matches {(
    App element pid: 174
)} with root App element pid: 174
22:51:33.792 WebDriverAgentRunner-Runner[1324:114132] <XCTContext: 0x1101c8ff0> finished activity <XCActivityRecord: 0x110d5ddc0> 2026-07-19 15:51:33 +0000: Find the Application 'com.apple.springboard' (0.250533s)
22:51:33.793 WebDriverAgentRunner-Runner[1324:114132] XCUIElementQuery <XCTElementSnapshotProvider> getting snapshot
22:51:33.793 WebDriverAgentRunner-Runner[1324:114132] Snapshot request has custom attributes XC_kAXXCAttributeElementBaseType, XC_kAXXCAttributeValue, XC_kAXXCAttributeAutomationType, XC_kAXXCAttributeIdentifier, XC_kAXXCAttributeTraits, XC_kAXXCAttributeVerticalSizeClass, XC_kAXXCAttributeFrame, XC_kAXXCAttributeWindowDisplayId, XC_kAXXCAttributeWindowContextId, XC_kAXXCAttributeLabel, XC_kAXXCAttributeHorizontalSizeClass, XC_kAXXCAttributeHasNativeFocus, XC_kAXXCAttributePlaceholderValue, XC_kAXXCAttributeElementType
22:51:33.793 WebDriverAgentRunner-Runner[1324:114132] Current snapshot generation is 84
22:51:33.793 WebDriverAgentRunner-Runner[1324:114132] Query rootElementSnapshot is non-null with generation count 84
22:51:33.793 WebDriverAgentRunner-Runner[1324:114132] Capturing a new snapshot
22:51:33.793 WebDriverAgentRunner-Runner[1324:114132] Fetching snapshot for App element pid: 174 from testmanagerd with attributes XC_kAXXCAttributeElementBaseType, XC_kAXXCAttributeParent, XC_kAXXCAttributeAutomationType, XC_kAXXCAttributeIdentifier, XC_kAXXCAttributeTraits, XC_kAXXCAttributeVerticalSizeClass, XC_kAXXCAttributeFrame, XC_kAXXCAttributeWindowDisplayId, XC_kAXXCAttributeWindowContextId, XC_kAXXCAttributeLabel, XC_kAXXCAttributeHorizontalSizeClass, XC_kAXXCAttributeHasNativeFocus, XC_kAXXCAttributePlaceholderValue, XC_kAXXCAttributeTruncatedValue, XC_kAXXCAttributeElementType and parameters {
    maxArrayCount = 2147483647;
    maxChildren = 2147483647;
    maxDepth = 50;
    snapshotKeyHonorModalViews = 0;
    traverseFromParentsToChildren = 1;
}.
22:51:33.793 WebDriverAgentRunner-Runner[1324:114132] Creating future for 'fetching snapshot from testmanagerd.' with timeout 65.00
22:51:33.794 WebDriverAgentRunner-Runner[1324:114132] <XCTWaiter: 0x11175cc00> entering wait loop for 65.00s with expectations: `fetching snapshot from testmanagerd.`
22:51:34.120 WebDriverAgentRunner-Runner[1324:114154] Got snapshot response with runtime issue support from testmanagerd.
22:51:34.120 WebDriverAgentRunner-Runner[1324:114132] Returning result XCTWaiterResultCompleted for synchronous waiter <XCTWaiter: 0x11175cc00>
22:51:34.120 WebDriverAgentRunner-Runner[1324:114132] Wait <XCTWaiterWait: 0x11ad0f800> completed after 0.326s
22:51:34.120 WebDriverAgentRunner-Runner[1324:114132] cleaning up fetching snapshot from testmanagerd.
22:51:34.120 WebDriverAgentRunner-Runner[1324:114132] Creating future for 'getting interface orientation' with timeout 65.00
22:51:34.121 WebDriverAgentRunner-Runner[1324:114132] <XCTWaiter: 0x11175d0b0> entering wait loop for 65.00s with expectations: `getting interface orientation`
22:51:34.121 WebDriverAgentRunner-Runner[1324:114132] Returning result XCTWaiterResultCompleted for synchronous waiter <XCTWaiter: 0x11175d0b0>
22:51:34.122 WebDriverAgentRunner-Runner[1324:114132] Wait <XCTWaiterWait: 0x1103e3c80> completed after 0.001s
22:51:34.122 WebDriverAgentRunner-Runner[1324:114132] cleaning up getting interface orientation
22:51:35.830 WebDriverAgentRunner-Runner[1324:114132] Creating future for 'fetching attributes 'XC_kAXXCAttributeSystemAppApplication' for Device system-wide element' with timeout 65.00
22:51:35.830 WebDriverAgentRunner-Runner[1324:114132] <XCTWaiter: 0x11175f660> entering wait loop for 65.00s with expectations: `fetching attributes 'XC_kAXXCAttributeSystemAppApplication' for Device system-wide element`
22:51:35.831 WebDriverAgentRunner-Runner[1324:115070] Got attribute fetch response with values {
    "XC_kAXXCAttributeSystemAppApplication" = "AX element pid: 174, elementOrHash.elementID: 0.1";
}, error: (null)
22:51:35.831 WebDriverAgentRunner-Runner[1324:114132] Returning result XCTWaiterResultCompleted for synchronous waiter <XCTWaiter: 0x11175f660>
22:51:35.831 WebDriverAgentRunner-Runner[1324:114132] Wait <XCTWaiterWait: 0x1103e0800> completed after 0.001s
22:51:35.831 WebDriverAgentRunner-Runner[1324:114132] cleaning up fetching attributes 'XC_kAXXCAttributeSystemAppApplication' for Device system-wide element
22:51:35.831 WebDriverAgentRunner-Runner[1324:114132] Creating future for 'fetching attributes 'XC_kAXXCAttributeFocusedApplications' for AX element pid: 174, elementOrHash.elementID: 0.1' with timeout 65.00
22:51:35.831 WebDriverAgentRunner-Runner[1324:114132] <XCTWaiter: 0x11175f960> entering wait loop for 65.00s with expectations: `fetching attributes 'XC_kAXXCAttributeFocusedApplications' for AX element pid: 174, elementOrHash.elementID: 0.1`
22:51:35.834 WebDriverAgentRunner-Runner[1324:115070] Got attribute fetch response with values {
    "XC_kAXXCAttributeFocusedApplications" =     (
        "AX element pid: 303, elementOrHash.elementID: 0.1",
        "AX element pid: 174, elementOrHash.elementID: 0.1"
    );
}, error: (null)
22:51:35.834 WebDriverAgentRunner-Runner[1324:114132] Returning result XCTWaiterResultCompleted for synchronous waiter <XCTWaiter: 0x11175f960>
22:51:35.834 WebDriverAgentRunner-Runner[1324:114132] Wait <XCTWaiterWait: 0x1103e3140> completed after 0.003s
22:51:35.834 WebDriverAgentRunner-Runner[1324:114132] cleaning up fetching attributes 'XC_kAXXCAttributeFocusedApplications' for AX element pid: 174, elementOrHash.elementID: 0.1
22:51:35.834 WebDriverAgentRunner-Runner[1324:114132] Active application elements: (
    "AX element pid: 303, elementOrHash.elementID: 0.1",
    "AX element pid: 174, elementOrHash.elementID: 0.1"
)
22:51:35.858 WebDriverAgentRunner-Runner[1324:114132] Creating future for 'getting interface orientation' with timeout 65.00
22:51:35.858 WebDriverAgentRunner-Runner[1324:114132] <XCTWaiter: 0x11175fc00> entering wait loop for 65.00s with expectations: `getting interface orientation`
22:51:35.858 WebDriverAgentRunner-Runner[1324:114132] Returning result XCTWaiterResultCompleted for synchronous waiter <XCTWaiter: 0x11175fc00>
22:51:35.858 WebDriverAgentRunner-Runner[1324:114132] Wait <XCTWaiterWait: 0x1103e0740> completed after 0.000s
22:51:35.858 WebDriverAgentRunner-Runner[1324:114132] cleaning up getting interface orientation
22:51:35.859 WebDriverAgentRunner-Runner[1324:114132] Requesting local synthesis of event: 
<XCSynthesizedEventRecord 'Swipe Point Array display 0'>
Path 1:
	Touch down at 1207.0, 717.0, offset=0.00s
	Move to 1169.0, 717.0, offset=0.04s
	Move to 1068.0, 717.0, offset=0.07s
	Move to 872.0, 705.0, offset=0.11s
	Move to 602.0, 684.0, offset=0.15s
	Move to 468.0, 676.0, offset=0.19s
	Move to 422.0, 674.0, offset=0.21s
	Touch up at 422.0, 674.0, offset=0.22s
22:51:36.026 WebDriverAgentRunner-Runner[1324:114190] Handling kAXUserTestingNotification
22:51:36.026 WebDriverAgentRunner-Runner[1324:114190] Received kAXUserTestingNotification from AX element pid: 174, elementOrHash.elementID: 0.1: {
    controllerClass = SBSwitcherViewController;
    event = ViewDidAppear;
}
22:51:36.026 WebDriverAgentRunner-Runner[1324:114190] Handling kAXUserTestingNotification
22:51:36.026 WebDriverAgentRunner-Runner[1324:114190] Received kAXUserTestingNotification from AX element pid: 174, elementOrHash.elementID: 0.1: {
    controllerClass = SBGridSwitcherViewController;
    event = ViewDidAppear;
}
22:51:36.034 WebDriverAgentRunner-Runner[1324:114190] Handling kAXUserTestingNotification
22:51:36.034 WebDriverAgentRunner-Runner[1324:114190] Received kAXUserTestingNotification from AX element pid: 174, elementOrHash.elementID: 0.1: {
    event = TouchEventsCompleted;
}
22:51:36.123 WebDriverAgentRunner-Runner[1324:115069] Handling kAXUserTestingNotification
22:51:36.123 WebDriverAgentRunner-Runner[1324:115069] Received kAXUserTestingNotification from AX element pid: 174, elementOrHash.elementID: 0.1: {
    event = TouchEventsCompleted;
}
22:51:37.659 WebDriverAgentRunner-Runner[1324:114190] Handling kAXUserTestingNotification
22:51:37.660 WebDriverAgentRunner-Runner[1324:114190] Received kAXUserTestingNotification from AX element pid: 174, elementOrHash.elementID: 0.1: {
    controllerClass = SBRootFolderController;
    event = ViewDidDisappear;
}
22:51:37.660 WebDriverAgentRunner-Runner[1324:114190] Handling kAXUserTestingNotification
22:51:37.660 WebDriverAgentRunner-Runner[1324:114190] Received kAXUserTestingNotification from AX element pid: 174, elementOrHash.elementID: 0.1: {
    controllerClass = SBRootFolderController;
    event = ViewDidAppear;
}
22:51:37.660 WebDriverAgentRunner-Runner[1324:114190] Handling kAXUserTestingNotification
22:51:37.660 WebDriverAgentRunner-Runner[1324:114190] Received kAXUserTestingNotification from AX element pid: 174, elementOrHash.elementID: 0.1: {
    controllerClass = SBSwitcherViewController;
    event = ViewDidDisappear;
}
22:51:37.661 WebDriverAgentRunner-Runner[1324:114190] Handling kAXUserTestingNotification
22:51:37.661 WebDriverAgentRunner-Runner[1324:114190] Received kAXUserTestingNotification from AX element pid: 174, elementOrHash.elementID: 0.1: {
    controllerClass = SBGridSwitcherViewController;
    event = ViewDidDisappear;
}
22:51:38.111 WebDriverAgentRunner-Runner[1324:114132] Creating future for 'fetching attributes 'XC_kAXXCAttributeSystemAppApplication' for Device system-wide element' with timeout 65.00
22:51:38.112 WebDriverAgentRunner-Runner[1324:114132] <XCTWaiter: 0x1116aff90> entering wait loop for 65.00s with expectations: `fetching attributes 'XC_kAXXCAttributeSystemAppApplication' for Device system-wide element`
22:51:38.112 WebDriverAgentRunner-Runner[1324:115069] Got attribute fetch response with values {
    "XC_kAXXCAttributeSystemAppApplication" = "AX element pid: 174, elementOrHash.elementID: 0.1";
}, error: (null)
22:51:38.113 WebDriverAgentRunner-Runner[1324:114132] Returning result XCTWaiterResultCompleted for synchronous waiter <XCTWaiter: 0x1116aff90>
22:51:38.113 WebDriverAgentRunner-Runner[1324:114132] Wait <XCTWaiterWait: 0x1103e2d00> completed after 0.001s
22:51:38.113 WebDriverAgentRunner-Runner[1324:114132] cleaning up fetching attributes 'XC_kAXXCAttributeSystemAppApplication' for Device system-wide element
22:51:38.113 WebDriverAgentRunner-Runner[1324:114132] Creating future for 'fetching attributes 'XC_kAXXCAttributeFocusedApplications' for AX element pid: 174, elementOrHash.elementID: 0.1' with timeout 65.00
22:51:38.113 WebDriverAgentRunner-Runner[1324:114132] <XCTWaiter: 0x11175ec10> entering wait loop for 65.00s with expectations: `fetching attributes 'XC_kAXXCAttributeFocusedApplications' for AX element pid: 174, elementOrHash.elementID: 0.1`
22:51:38.116 WebDriverAgentRunner-Runner[1324:115069] Got attribute fetch response with values {
    "XC_kAXXCAttributeFocusedApplications" =     (
        "AX element pid: 303, elementOrHash.elementID: 0.1",
        "AX element pid: 174, elementOrHash.elementID: 0.1"
    );
}, error: (null)
22:51:38.116 WebDriverAgentRunner-Runner[1324:114132] Returning result XCTWaiterResultCompleted for synchronous waiter <XCTWaiter: 0x11175ec10>
22:51:38.116 WebDriverAgentRunner-Runner[1324:114132] Wait <XCTWaiterWait: 0x1103e3500> completed after 0.003s
22:51:38.116 WebDriverAgentRunner-Runner[1324:114132] cleaning up fetching attributes 'XC_kAXXCAttributeFocusedApplications' for AX element pid: 174, elementOrHash.elementID: 0.1
22:51:38.116 WebDriverAgentRunner-Runner[1324:114132] Active application elements: (
    "AX element pid: 303, elementOrHash.elementID: 0.1",
    "AX element pid: 174, elementOrHash.elementID: 0.1"
)
22:51:38.140 WebDriverAgentRunner-Runner[1324:114132] Creating future for 'getting interface orientation' with timeout 65.00
22:51:38.140 WebDriverAgentRunner-Runner[1324:114132] <XCTWaiter: 0x11175c750> entering wait loop for 65.00s with expectations: `getting interface orientation`
22:51:38.141 WebDriverAgentRunner-Runner[1324:114132] Returning result XCTWaiterResultCompleted for synchronous waiter <XCTWaiter: 0x11175c750>
22:51:38.141 WebDriverAgentRunner-Runner[1324:114132] Wait <XCTWaiterWait: 0x1103e1e40> completed after 0.001s
22:51:38.141 WebDriverAgentRunner-Runner[1324:114132] cleaning up getting interface orientation
22:51:38.141 WebDriverAgentRunner-Runner[1324:114132] Requesting local synthesis of event: 
<XCSynthesizedEventRecord 'Swipe Point Array display 0'>
Path 1:
	Touch down at 135.0, 695.0, offset=0.00s
	Move to 169.0, 692.0, offset=0.04s
	Move to 243.0, 694.0, offset=0.08s
	Move to 352.0, 695.0, offset=0.12s
	Move to 452.0, 697.0, offset=0.16s
	Move to 563.0, 697.0, offset=0.19s
	Move to 723.0, 697.0, offset=0.23s
	Move to 940.0, 697.0, offset=0.27s
	Move to 1115.0, 694.0, offset=0.31s
	Move to 1205.0, 692.0, offset=0.35s
	Move to 1217.0, 690.0, offset=0.40s
	Move to 1217.0, 690.0, offset=0.41s
	Touch up at 1217.0, 690.0, offset=0.42s
22:51:38.195 WebDriverAgentRunner-Runner[1324:115069] Handling kAXPidStatusChangedNotification
22:51:38.196 WebDriverAgentRunner-Runner[1324:115069] Got kAXPidStatusChangedNotification for pid 1212: active
22:51:38.196 WebDriverAgentRunner-Runner[1324:115069] Handling kAXPidStatusChangedNotification
22:51:38.197 WebDriverAgentRunner-Runner[1324:115069] Got kAXPidStatusChangedNotification for pid 305: active
22:51:38.246 WebDriverAgentRunner-Runner[1324:114132] No application process found matching pid 1212, caching
22:51:38.247 WebDriverAgentRunner-Runner[1324:114132] No application process found matching pid 305, caching
22:51:38.399 WebDriverAgentRunner-Runner[1324:114190] Handling kAXUserTestingNotification
22:51:38.400 WebDriverAgentRunner-Runner[1324:114190] Received kAXUserTestingNotification from AX element pid: 305, elementOrHash.elementID: 0.1: {
    controllerClass = SPUIResultsViewController;
    event = ViewDidAppear;
}
22:51:38.401 WebDriverAgentRunner-Runner[1324:114190] Handling kAXUserTestingNotification
22:51:38.405 WebDriverAgentRunner-Runner[1324:114190] Received kAXUserTestingNotification from AX element pid: 305, elementOrHash.elementID: 0.1: {
    controllerClass = SearchUIResultsCollectionViewController;
    event = ViewDidAppear;
}
22:51:38.427 WebDriverAgentRunner-Runner[1324:114190] Handling kAXUserTestingNotification
22:51:38.427 WebDriverAgentRunner-Runner[1324:114190] Received kAXUserTestingNotification from AX element pid: 305, elementOrHash.elementID: 0.1: {
    controllerClass = SPUIProactiveResultsViewController;
    event = ViewDidDisappear;
}
22:51:38.427 WebDriverAgentRunner-Runner[1324:114190] Handling kAXUserTestingNotification
22:51:38.427 WebDriverAgentRunner-Runner[1324:114190] Received kAXUserTestingNotification from AX element pid: 305, elementOrHash.elementID: 0.1: {
    controllerClass = SearchUIResultsCollectionViewController;
    event = ViewDidDisappear;
}
22:51:38.429 WebDriverAgentRunner-Runner[1324:114190] Handling kAXPidStatusChangedNotification
22:51:38.430 WebDriverAgentRunner-Runner[1324:114190] Got kAXPidStatusChangedNotification for pid 1313: active
22:51:38.433 WebDriverAgentRunner-Runner[1324:114190] Handling kAXUserTestingNotification
22:51:38.434 WebDriverAgentRunner-Runner[1324:114190] Received kAXUserTestingNotification from AX element pid: 174, elementOrHash.elementID: 0.1: {
    controllerClass = UICompatibilityInputViewController;
    event = ViewDidAppear;
}
22:51:38.434 WebDriverAgentRunner-Runner[1324:114190] Handling kAXPidStatusChangedNotification
22:51:38.434 WebDriverAgentRunner-Runner[1324:114190] Got kAXPidStatusChangedNotification for pid 1313: active
22:51:38.449 WebDriverAgentRunner-Runner[1324:114132] No application process found matching pid 1313, caching
22:51:38.449 WebDriverAgentRunner-Runner[1324:114132] No application process found matching pid 1313, caching
22:51:38.451 WebDriverAgentRunner-Runner[1324:114190] Handling kAXUserTestingNotification
22:51:38.451 WebDriverAgentRunner-Runner[1324:114190] Received kAXUserTestingNotification from AX element pid: 1212, elementOrHash.elementID: 0.1: {
    controllerClass = "_UIViewServiceViewControllerOperator";
    event = ViewDidAppear;
}
22:51:38.476 WebDriverAgentRunner-Runner[1324:115113] Handling kAXUserTestingNotification
22:51:38.476 WebDriverAgentRunner-Runner[1324:115113] Received kAXUserTestingNotification from AX element pid: 305, elementOrHash.elementID: 0.1: {
    controllerClass = UICompatibilityInputViewController;
    event = ViewDidAppear;
}
22:51:38.476 WebDriverAgentRunner-Runner[1324:115113] Handling kAXUserTestingNotification
22:51:38.476 WebDriverAgentRunner-Runner[1324:115113] Received kAXUserTestingNotification from AX element pid: 305, elementOrHash.elementID: 0.1: {
    controllerClass = UISystemInputAssistantViewController;
    event = ViewDidAppear;
}
22:51:38.477 WebDriverAgentRunner-Runner[1324:115113] Handling kAXUserTestingNotification
22:51:38.477 WebDriverAgentRunner-Runner[1324:115113] Received kAXUserTestingNotification from AX element pid: 305, elementOrHash.elementID: 0.1: {
    controllerClass = UIPredictionViewController;
    event = ViewDidAppear;
}
22:51:38.493 WebDriverAgentRunner-Runner[1324:115113] Handling kAXUserTestingNotification
22:51:38.496 WebDriverAgentRunner-Runner[1324:115113] Received kAXUserTestingNotification from AX element pid: 305, elementOrHash.elementID: 0.1: {
    controllerClass = UICompatibilityInputViewController;
    event = ViewDidDisappear;
}
22:51:38.498 WebDriverAgentRunner-Runner[1324:115113] Handling kAXUserTestingNotification
22:51:38.499 WebDriverAgentRunner-Runner[1324:115113] Received kAXUserTestingNotification from AX element pid: 305, elementOrHash.elementID: 0.1: {
    controllerClass = UISystemInputAssistantViewController;
    event = ViewDidDisappear;
}
22:51:38.500 WebDriverAgentRunner-Runner[1324:115113] Handling kAXUserTestingNotification
22:51:38.501 WebDriverAgentRunner-Runner[1324:115113] Received kAXUserTestingNotification from AX element pid: 305, elementOrHash.elementID: 0.1: {
    controllerClass = UIPredictionViewController;
    event = ViewDidDisappear;
}
22:51:38.501 WebDriverAgentRunner-Runner[1324:115113] Handling kAXUserTestingNotification
22:51:38.502 WebDriverAgentRunner-Runner[1324:115113] Received kAXUserTestingNotification from AX element pid: 305, elementOrHash.elementID: 0.1: {
    controllerClass = UICompatibilityInputViewController;
    event = ViewDidAppear;
}
22:51:38.506 WebDriverAgentRunner-Runner[1324:115113] Handling kAXUserTestingNotification
22:51:38.506 WebDriverAgentRunner-Runner[1324:115113] Received kAXUserTestingNotification from AX element pid: 305, elementOrHash.elementID: 0.1: {
    controllerClass = UICompatibilityInputViewController;
    event = ViewDidDisappear;
}
22:51:38.508 WebDriverAgentRunner-Runner[1324:115113] Handling kAXUserTestingNotification
22:51:38.509 WebDriverAgentRunner-Runner[1324:115113] Received kAXUserTestingNotification from AX element pid: 305, elementOrHash.elementID: 0.1: {
    controllerClass = UIInputWindowController;
    event = ViewDidAppear;
}
22:51:38.509 WebDriverAgentRunner-Runner[1324:115113] Handling kAXUserTestingNotification
22:51:38.510 WebDriverAgentRunner-Runner[1324:115113] Received kAXUserTestingNotification from AX element pid: 305, elementOrHash.elementID: 0.1: {
    controllerClass = UICompatibilityInputViewController;
    event = ViewDidAppear;
}
22:51:38.511 WebDriverAgentRunner-Runner[1324:115113] Handling kAXUserTestingNotification
22:51:38.513 WebDriverAgentRunner-Runner[1324:115113] Received kAXUserTestingNotification from AX element pid: 305, elementOrHash.elementID: 0.1: {
    controllerClass = UISystemInputAssistantViewController;
    event = ViewDidAppear;
}
22:51:38.516 WebDriverAgentRunner-Runner[1324:115113] Handling kAXUserTestingNotification
22:51:38.516 WebDriverAgentRunner-Runner[1324:115113] Received kAXUserTestingNotification from AX element pid: 305, elementOrHash.elementID: 0.1: {
    controllerClass = UIPredictionViewController;
    event = ViewDidAppear;
}
22:51:38.516 WebDriverAgentRunner-Runner[1324:115113] Handling kAXUserTestingNotification
22:51:38.516 WebDriverAgentRunner-Runner[1324:115113] Received kAXUserTestingNotification from AX element pid: 1212, elementOrHash.elementID: 0.1: {
    controllerClass = UIViewController;
    event = ViewDidAppear;
}
22:51:38.517 WebDriverAgentRunner-Runner[1324:115113] Handling kAXUserTestingNotification
22:51:38.517 WebDriverAgentRunner-Runner[1324:115113] Received kAXUserTestingNotification from AX element pid: 1212, elementOrHash.elementID: 0.1: {
    controllerClass = KVKeyboardViewController;
    event = ViewDidAppear;
}
22:51:38.517 WebDriverAgentRunner-Runner[1324:115113] Handling kAXUserTestingNotification
22:51:38.517 WebDriverAgentRunner-Runner[1324:115113] Received kAXUserTestingNotification from AX element pid: 1212, elementOrHash.elementID: 0.1: {
    controllerClass = KVEffectViewController;
    event = ViewDidAppear;
}
22:51:38.555 WebDriverAgentRunner-Runner[1324:114190] Handling kAXUserTestingNotification
22:51:38.555 WebDriverAgentRunner-Runner[1324:114190] Received kAXUserTestingNotification from AX element pid: 1212, elementOrHash.elementID: 0.1: {
    controllerClass = KeyboardViewController;
    event = ViewDidAppear;
}
22:51:38.556 WebDriverAgentRunner-Runner[1324:114190] Handling kAXUserTestingNotification
22:51:38.556 WebDriverAgentRunner-Runner[1324:114190] Received kAXUserTestingNotification from AX element pid: 1212, elementOrHash.elementID: 0.1: {
    controllerClass = KVBackgroundViewController;
    event = ViewDidAppear;
}
22:51:38.557 WebDriverAgentRunner-Runner[1324:114190] Handling kAXUserTestingNotification
22:51:38.557 WebDriverAgentRunner-Runner[1324:114190] Received kAXUserTestingNotification from AX element pid: 1212, elementOrHash.elementID: 0.1: {
    controllerClass = UIViewController;
    event = ViewDidAppear;
}
22:51:38.557 WebDriverAgentRunner-Runner[1324:114190] Handling kAXUserTestingNotification
22:51:38.557 WebDriverAgentRunner-Runner[1324:114190] Received kAXUserTestingNotification from AX element pid: 1212, elementOrHash.elementID: 0.1: {
    controllerClass = KVKeyboardViewController;
    event = ViewDidAppear;
}
22:51:38.558 WebDriverAgentRunner-Runner[1324:114190] Handling kAXUserTestingNotification
22:51:38.558 WebDriverAgentRunner-Runner[1324:114190] Received kAXUserTestingNotification from AX element pid: 1212, elementOrHash.elementID: 0.1: {
    controllerClass = KVEffectViewController;
    event = ViewDidAppear;
}
22:51:38.558 WebDriverAgentRunner-Runner[1324:114190] Handling kAXUserTestingNotification
22:51:38.558 WebDriverAgentRunner-Runner[1324:114190] Received kAXUserTestingNotification from AX element pid: 305, elementOrHash.elementID: 0.1: {
    controllerClass = "_UIRemoteInputViewController";
    event = ViewDidAppear;
}
22:51:38.567 WebDriverAgentRunner-Runner[1324:114190] Handling kAXPidStatusChangedNotification
22:51:38.568 WebDriverAgentRunner-Runner[1324:114190] Got kAXPidStatusChangedNotification for pid 1313: active
22:51:38.619 WebDriverAgentRunner-Runner[1324:115113] Handling kAXUserTestingNotification
22:51:38.620 WebDriverAgentRunner-Runner[1324:115113] Received kAXUserTestingNotification from AX element pid: 174, elementOrHash.elementID: 0.1: {
    event = TouchEventsCompleted;
}
22:51:38.620 WebDriverAgentRunner-Runner[1324:115113] Handling kAXUserTestingNotification
22:51:38.621 WebDriverAgentRunner-Runner[1324:115113] Received kAXUserTestingNotification from AX element pid: 174, elementOrHash.elementID: 0.1: {
    controllerClass = SBSpotlightTransientOverlayViewController;
    event = ViewDidAppear;
}
22:51:38.621 WebDriverAgentRunner-Runner[1324:115113] Handling kAXUserTestingNotification
22:51:38.621 WebDriverAgentRunner-Runner[1324:115113] Received kAXUserTestingNotification from AX element pid: 174, elementOrHash.elementID: 0.1: {
    controllerClass = SBSpotlightTransientOverlaySpotlightViewController;
    event = ViewDidAppear;
}
22:51:38.622 WebDriverAgentRunner-Runner[1324:115113] Handling kAXUserTestingNotification
22:51:38.631 WebDriverAgentRunner-Runner[1324:115113] Received kAXUserTestingNotification from AX element pid: 174, elementOrHash.elementID: 0.1: {
    controllerClass = SPUIRemoteSearchViewController;
    event = ViewDidAppear;
}
22:51:38.631 WebDriverAgentRunner-Runner[1324:115113] Handling kAXUserTestingNotification
22:51:38.633 WebDriverAgentRunner-Runner[1324:115113] Received kAXUserTestingNotification from AX element pid: 174, elementOrHash.elementID: 0.1: {
    event = TouchEventsCompleted;
}
22:51:38.659 WebDriverAgentRunner-Runner[1324:114132] No application process found matching pid 1313, caching
22:51:38.664 WebDriverAgentRunner-Runner[1324:115069] Handling kAXPidStatusChangedNotification
22:51:38.666 WebDriverAgentRunner-Runner[1324:115069] Got kAXPidStatusChangedNotification for pid 1313: active
22:51:38.764 WebDriverAgentRunner-Runner[1324:114132] No application process found matching pid 1313, caching
22:51:39.070 WebDriverAgentRunner-Runner[1324:115069] Handling kAXUserTestingNotification
22:51:39.070 WebDriverAgentRunner-Runner[1324:115069] Received kAXUserTestingNotification from AX element pid: 305, elementOrHash.elementID: 0.1: {
    controllerClass = UICompatibilityInputViewController;
    event = ViewDidAppear;
}
22:52:11.014 WebDriverAgentRunner-Runner[1324:115070] Handling kAXPidStatusChangedNotification
22:52:11.015 WebDriverAgentRunner-Runner[1324:115070] Got kAXPidStatusChangedNotification for pid 1320: active
22:52:11.095 WebDriverAgentRunner-Runner[1324:114132] No application process found matching pid 1320, caching
22:52:25.121 WebDriverAgentRunner-Runner[1324:115114] Handling kAXUserTestingNotification
22:52:25.121 WebDriverAgentRunner-Runner[1324:115114] Received kAXUserTestingNotification from AX element pid: 174, elementOrHash.elementID: 0.1: {
    event = TouchEventsCompleted;
}
22:52:25.121 WebDriverAgentRunner-Runner[1324:115114] Handling kAXUserTestingNotification
22:52:25.121 WebDriverAgentRunner-Runner[1324:115114] Received kAXUserTestingNotification from AX element pid: 174, elementOrHash.elementID: 0.1: {
    event = TouchEventsCompleted;
}
22:52:25.131 WebDriverAgentRunner-Runner[1324:114190] Handling kAXPidStatusChangedNotification
22:52:25.131 WebDriverAgentRunner-Runner[1324:114190] Got kAXPidStatusChangedNotification for pid 1313: active
22:52:25.169 WebDriverAgentRunner-Runner[1324:115113] Handling kAXUserTestingNotification
22:52:25.170 WebDriverAgentRunner-Runner[1324:115113] Received kAXUserTestingNotification from AX element pid: 174, elementOrHash.elementID: 0.1: {
    controllerClass = UICompatibilityInputViewController;
    event = ViewDidDisappear;
}
22:52:25.170 WebDriverAgentRunner-Runner[1324:115113] Handling kAXUserTestingNotification
22:52:25.170 WebDriverAgentRunner-Runner[1324:115113] Received kAXUserTestingNotification from AX element pid: 174, elementOrHash.elementID: 0.1: {
    controllerClass = UICompatibilityInputViewController;
    event = ViewDidDisappear;
}
22:52:25.200 WebDriverAgentRunner-Runner[1324:114132] No application process found matching pid 1313, caching
22:52:25.240 WebDriverAgentRunner-Runner[1324:115114] Handling kAXPidStatusChangedNotification
22:52:25.241 WebDriverAgentRunner-Runner[1324:115114] Got kAXPidStatusChangedNotification for pid 1313: active
22:52:25.284 WebDriverAgentRunner-Runner[1324:114132] No application process found matching pid 1313, caching
22:52:25.586 WebDriverAgentRunner-Runner[1324:114190] Handling kAXUserTestingNotification
22:52:25.586 WebDriverAgentRunner-Runner[1324:114190] Received kAXUserTestingNotification from AX element pid: 1212, elementOrHash.elementID: 0.1: {
    controllerClass = KeyboardViewController;
    event = ViewDidDisappear;
}
22:52:25.586 WebDriverAgentRunner-Runner[1324:115114] Handling kAXUserTestingNotification
22:52:25.586 WebDriverAgentRunner-Runner[1324:115114] Received kAXUserTestingNotification from AX element pid: 1212, elementOrHash.elementID: 0.1: {
    controllerClass = KVBackgroundViewController;
    event = ViewDidDisappear;
}
22:52:25.588 WebDriverAgentRunner-Runner[1324:115114] Handling kAXUserTestingNotification
22:52:25.588 WebDriverAgentRunner-Runner[1324:115114] Received kAXUserTestingNotification from AX element pid: 1212, elementOrHash.elementID: 0.1: {
    controllerClass = UIViewController;
    event = ViewDidDisappear;
}
22:52:25.590 WebDriverAgentRunner-Runner[1324:114190] Handling kAXUserTestingNotification
22:52:25.590 WebDriverAgentRunner-Runner[1324:114190] Received kAXUserTestingNotification from AX element pid: 1212, elementOrHash.elementID: 0.1: {
    controllerClass = KVKeyboardViewController;
    event = ViewDidDisappear;
}
22:52:25.590 WebDriverAgentRunner-Runner[1324:114190] Handling kAXUserTestingNotification
22:52:25.590 WebDriverAgentRunner-Runner[1324:114190] Received kAXUserTestingNotification from AX element pid: 1212, elementOrHash.elementID: 0.1: {
    controllerClass = KVEffectViewController;
    event = ViewDidDisappear;
}
22:52:25.590 WebDriverAgentRunner-Runner[1324:114190] Handling kAXUserTestingNotification
22:52:25.591 WebDriverAgentRunner-Runner[1324:114190] Received kAXUserTestingNotification from AX element pid: 305, elementOrHash.elementID: 0.1: {
    controllerClass = UICompatibilityInputViewController;
    event = ViewDidDisappear;
}
22:52:25.594 WebDriverAgentRunner-Runner[1324:115114] Handling kAXUserTestingNotification
22:52:25.594 WebDriverAgentRunner-Runner[1324:115114] Received kAXUserTestingNotification from AX element pid: 305, elementOrHash.elementID: 0.1: {
    controllerClass = UICompatibilityInputViewController;
    event = ViewDidDisappear;
}
22:52:25.594 WebDriverAgentRunner-Runner[1324:115114] Handling kAXUserTestingNotification
22:52:25.594 WebDriverAgentRunner-Runner[1324:115114] Received kAXUserTestingNotification from AX element pid: 305, elementOrHash.elementID: 0.1: {
    controllerClass = "_UIRemoteInputViewController";
    event = ViewDidDisappear;
}
22:52:25.595 WebDriverAgentRunner-Runner[1324:115114] Handling kAXUserTestingNotification
22:52:25.595 WebDriverAgentRunner-Runner[1324:115114] Received kAXUserTestingNotification from AX element pid: 305, elementOrHash.elementID: 0.1: {
    controllerClass = UISystemInputAssistantViewController;
    event = ViewDidDisappear;
}
22:52:25.595 WebDriverAgentRunner-Runner[1324:115114] Handling kAXUserTestingNotification
22:52:25.595 WebDriverAgentRunner-Runner[1324:115114] Received kAXUserTestingNotification from AX element pid: 305, elementOrHash.elementID: 0.1: {
    controllerClass = UIPredictionViewController;
    event = ViewDidDisappear;
}
22:52:25.595 WebDriverAgentRunner-Runner[1324:115114] Handling kAXUserTestingNotification
22:52:25.595 WebDriverAgentRunner-Runner[1324:115114] Received kAXUserTestingNotification from AX element pid: 305, elementOrHash.elementID: 0.1: {
    controllerClass = UICompatibilityInputViewController;
    event = ViewDidDisappear;
}
22:52:25.595 WebDriverAgentRunner-Runner[1324:115114] Handling kAXUserTestingNotification
22:52:25.595 WebDriverAgentRunner-Runner[1324:115114] Received kAXUserTestingNotification from AX element pid: 305, elementOrHash.elementID: 0.1: {
    controllerClass = UICompatibilityInputViewController;
    event = ViewDidDisappear;
}
22:52:26.186 WebDriverAgentRunner-Runner[1324:115114] Handling kAXUserTestingNotification
22:52:26.186 WebDriverAgentRunner-Runner[1324:115114] Received kAXUserTestingNotification from AX element pid: 174, elementOrHash.elementID: 0.1: {
    controllerClass = SBSpotlightTransientOverlayViewController;
    event = ViewDidDisappear;
}
22:52:26.186 WebDriverAgentRunner-Runner[1324:115114] Handling kAXUserTestingNotification
22:52:26.187 WebDriverAgentRunner-Runner[1324:115114] Received kAXUserTestingNotification from AX element pid: 174, elementOrHash.elementID: 0.1: {
    controllerClass = SBSpotlightTransientOverlaySpotlightViewController;
    event = ViewDidDisappear;
}
22:52:26.263 WebDriverAgentRunner-Runner[1324:114190] Handling kAXUserTestingNotification
22:52:26.264 WebDriverAgentRunner-Runner[1324:114190] Received kAXUserTestingNotification from AX element pid: 174, elementOrHash.elementID: 0.1: {
    controllerClass = SPUIRemoteSearchViewController;
    event = ViewDidDisappear;
}
22:52:26.264 WebDriverAgentRunner-Runner[1324:114190] Handling kAXUserTestingNotification
22:52:26.264 WebDriverAgentRunner-Runner[1324:114190] Received kAXUserTestingNotification from AX element pid: 305, elementOrHash.elementID: 0.1: {
    controllerClass = SPUIProactiveResultsViewController;
    event = ViewDidAppear;
}
22:52:26.265 WebDriverAgentRunner-Runner[1324:114190] Handling kAXUserTestingNotification
22:52:26.265 WebDriverAgentRunner-Runner[1324:114190] Received kAXUserTestingNotification from AX element pid: 305, elementOrHash.elementID: 0.1: {
    controllerClass = SearchUIResultsCollectionViewController;
    event = ViewDidAppear;
}
22:52:26.265 WebDriverAgentRunner-Runner[1324:114190] Handling kAXUserTestingNotification
22:52:26.265 WebDriverAgentRunner-Runner[1324:114190] Received kAXUserTestingNotification from AX element pid: 305, elementOrHash.elementID: 0.1: {
    controllerClass = SPUIResultsViewController;
    event = ViewDidDisappear;
}
22:52:26.265 WebDriverAgentRunner-Runner[1324:114190] Handling kAXUserTestingNotification
22:52:26.265 WebDriverAgentRunner-Runner[1324:114190] Received kAXUserTestingNotification from AX element pid: 305, elementOrHash.elementID: 0.1: {
    controllerClass = SearchUIResultsCollectionViewController;
    event = ViewDidDisappear;
}
22:52:27.379 WebDriverAgentRunner-Runner[1324:114132] Creating future for 'fetching attributes 'XC_kAXXCAttributeSystemAppApplication' for Device system-wide element' with timeout 65.00
22:52:27.379 WebDriverAgentRunner-Runner[1324:114132] <XCTWaiter: 0x11175c750> entering wait loop for 65.00s with expectations: `fetching attributes 'XC_kAXXCAttributeSystemAppApplication' for Device system-wide element`
22:52:27.380 WebDriverAgentRunner-Runner[1324:115112] Got attribute fetch response with values {
    "XC_kAXXCAttributeSystemAppApplication" = "AX element pid: 174, elementOrHash.elementID: 0.1";
}, error: (null)
22:52:27.380 WebDriverAgentRunner-Runner[1324:114132] Returning result XCTWaiterResultCompleted for synchronous waiter <XCTWaiter: 0x11175c750>
22:52:27.380 WebDriverAgentRunner-Runner[1324:114132] Wait <XCTWaiterWait: 0x11ac1a7c0> completed after 0.001s
22:52:27.380 WebDriverAgentRunner-Runner[1324:114132] cleaning up fetching attributes 'XC_kAXXCAttributeSystemAppApplication' for Device system-wide element
22:52:27.380 WebDriverAgentRunner-Runner[1324:114132] Creating future for 'fetching attributes 'XC_kAXXCAttributeFocusedApplications' for AX element pid: 174, elementOrHash.elementID: 0.1' with timeout 65.00
22:52:27.380 WebDriverAgentRunner-Runner[1324:114132] <XCTWaiter: 0x11175fc90> entering wait loop for 65.00s with expectations: `fetching attributes 'XC_kAXXCAttributeFocusedApplications' for AX element pid: 174, elementOrHash.elementID: 0.1`
22:52:27.383 WebDriverAgentRunner-Runner[1324:114190] Got attribute fetch response with values {
    "XC_kAXXCAttributeFocusedApplications" =     (
        "AX element pid: 303, elementOrHash.elementID: 0.1",
        "AX element pid: 174, elementOrHash.elementID: 0.1"
    );
}, error: (null)
22:52:27.383 WebDriverAgentRunner-Runner[1324:114132] Returning result XCTWaiterResultCompleted for synchronous waiter <XCTWaiter: 0x11175fc90>
22:52:27.383 WebDriverAgentRunner-Runner[1324:114132] Wait <XCTWaiterWait: 0x11ac18e00> completed after 0.003s
22:52:27.384 WebDriverAgentRunner-Runner[1324:114132] cleaning up fetching attributes 'XC_kAXXCAttributeFocusedApplications' for AX element pid: 174, elementOrHash.elementID: 0.1
22:52:27.384 WebDriverAgentRunner-Runner[1324:114132] Active application elements: (
    "AX element pid: 303, elementOrHash.elementID: 0.1",
    "AX element pid: 174, elementOrHash.elementID: 0.1"
)
22:52:27.409 WebDriverAgentRunner-Runner[1324:114132] Creating future for 'getting interface orientation' with timeout 65.00
22:52:27.409 WebDriverAgentRunner-Runner[1324:114132] <XCTWaiter: 0x11175f870> entering wait loop for 65.00s with expectations: `getting interface orientation`
22:52:27.409 WebDriverAgentRunner-Runner[1324:114132] Returning result XCTWaiterResultCompleted for synchronous waiter <XCTWaiter: 0x11175f870>
22:52:27.409 WebDriverAgentRunner-Runner[1324:114132] Wait <XCTWaiterWait: 0x11ac18c40> completed after 0.000s
22:52:27.409 WebDriverAgentRunner-Runner[1324:114132] cleaning up getting interface orientation
22:52:27.410 WebDriverAgentRunner-Runner[1324:114132] Requesting local synthesis of event: 
<XCSynthesizedEventRecord 'Swipe Point Array display 0'>
Path 1:
	Touch down at 661.0, 129.0, offset=0.00s
	Move to 661.0, 134.0, offset=0.04s
	Move to 692.0, 212.0, offset=0.08s
	Move to 756.0, 412.0, offset=0.12s
	Move to 782.0, 604.0, offset=0.16s
	Move to 792.0, 648.0, offset=0.19s
	Move to 793.0, 654.0, offset=0.22s
	Touch up at 793.0, 654.0, offset=0.23s
22:52:27.679 WebDriverAgentRunner-Runner[1324:115112] Handling kAXUserTestingNotification
22:52:27.679 WebDriverAgentRunner-Runner[1324:115112] Received kAXUserTestingNotification from AX element pid: 174, elementOrHash.elementID: 0.1: {
    event = TouchEventsCompleted;
}
22:52:27.679 WebDriverAgentRunner-Runner[1324:115112] Handling kAXUserTestingNotification
22:52:27.679 WebDriverAgentRunner-Runner[1324:115112] Received kAXUserTestingNotification from AX element pid: 174, elementOrHash.elementID: 0.1: {
    event = TouchEventsCompleted;
}
22:52:29.013 WebDriverAgentRunner-Runner[1324:115114] Handling kAXPidStatusChangedNotification
22:52:29.013 WebDriverAgentRunner-Runner[1324:115114] Got kAXPidStatusChangedNotification for pid 1212: active
22:52:29.027 WebDriverAgentRunner-Runner[1324:115114] Handling kAXPidStatusChangedNotification
22:52:29.027 WebDriverAgentRunner-Runner[1324:115114] Got kAXPidStatusChangedNotification for pid 305: active
22:52:29.078 WebDriverAgentRunner-Runner[1324:114132] No application process found matching pid 1212, caching
22:52:29.078 WebDriverAgentRunner-Runner[1324:114132] No application process found matching pid 305, caching
22:52:29.877 WebDriverAgentRunner-Runner[1324:114132] Creating future for 'fetching attributes 'XC_kAXXCAttributeSystemAppApplication' for Device system-wide element' with timeout 65.00
22:52:29.878 WebDriverAgentRunner-Runner[1324:114132] <XCTWaiter: 0x1116af4b0> entering wait loop for 65.00s with expectations: `fetching attributes 'XC_kAXXCAttributeSystemAppApplication' for Device system-wide element`
22:52:29.878 WebDriverAgentRunner-Runner[1324:115112] Got attribute fetch response with values {
    "XC_kAXXCAttributeSystemAppApplication" = "AX element pid: 174, elementOrHash.elementID: 0.1";
}, error: (null)
22:52:29.879 WebDriverAgentRunner-Runner[1324:114132] Returning result XCTWaiterResultCompleted for synchronous waiter <XCTWaiter: 0x1116af4b0>
22:52:29.879 WebDriverAgentRunner-Runner[1324:114132] Wait <XCTWaiterWait: 0x11ac1b440> completed after 0.001s
22:52:29.879 WebDriverAgentRunner-Runner[1324:114132] cleaning up fetching attributes 'XC_kAXXCAttributeSystemAppApplication' for Device system-wide element
22:52:29.879 WebDriverAgentRunner-Runner[1324:114132] Creating future for 'fetching attributes 'XC_kAXXCAttributeFocusedApplications' for AX element pid: 174, elementOrHash.elementID: 0.1' with timeout 65.00
22:52:29.879 WebDriverAgentRunner-Runner[1324:114132] <XCTWaiter: 0x1116afcf0> entering wait loop for 65.00s with expectations: `fetching attributes 'XC_kAXXCAttributeFocusedApplications' for AX element pid: 174, elementOrHash.elementID: 0.1`
22:52:29.882 WebDriverAgentRunner-Runner[1324:115113] Got attribute fetch response with values {
    "XC_kAXXCAttributeFocusedApplications" =     (
        "AX element pid: 303, elementOrHash.elementID: 0.1",
        "AX element pid: 174, elementOrHash.elementID: 0.1"
    );
}, error: (null)
22:52:29.882 WebDriverAgentRunner-Runner[1324:114132] Returning result XCTWaiterResultCompleted for synchronous waiter <XCTWaiter: 0x1116afcf0>
22:52:29.882 WebDriverAgentRunner-Runner[1324:114132] Wait <XCTWaiterWait: 0x11ac1adc0> completed after 0.003s
22:52:29.882 WebDriverAgentRunner-Runner[1324:114132] cleaning up fetching attributes 'XC_kAXXCAttributeFocusedApplications' for AX element pid: 174, elementOrHash.elementID: 0.1
22:52:29.882 WebDriverAgentRunner-Runner[1324:114132] Active application elements: (
    "AX element pid: 303, elementOrHash.elementID: 0.1",
    "AX element pid: 174, elementOrHash.elementID: 0.1"
)
22:52:29.904 WebDriverAgentRunner-Runner[1324:114132] Creating future for 'getting interface orientation' with timeout 65.00
22:52:29.904 WebDriverAgentRunner-Runner[1324:114132] <XCTWaiter: 0x11175f240> entering wait loop for 65.00s with expectations: `getting interface orientation`
22:52:29.905 WebDriverAgentRunner-Runner[1324:114132] Returning result XCTWaiterResultCompleted for synchronous waiter <XCTWaiter: 0x11175f240>
22:52:29.905 WebDriverAgentRunner-Runner[1324:114132] Wait <XCTWaiterWait: 0x11ac1b200> completed after 0.001s
22:52:29.905 WebDriverAgentRunner-Runner[1324:114132] cleaning up getting interface orientation
22:52:29.906 WebDriverAgentRunner-Runner[1324:114132] Requesting local synthesis of event: 
<XCSynthesizedEventRecord 'Swipe Point Array display 0'>
Path 1:
	Touch down at 720.0, 134.0, offset=0.00s
	Move to 720.0, 153.0, offset=0.04s
	Move to 704.0, 296.0, offset=0.08s
	Move to 677.0, 612.0, offset=0.12s
	Move to 668.0, 805.0, offset=0.15s
	Move to 664.0, 880.0, offset=0.19s
	Move to 664.0, 882.0, offset=0.21s
	Touch up at 664.0, 882.0, offset=0.22s
22:52:30.165 WebDriverAgentRunner-Runner[1324:115113] Handling kAXUserTestingNotification
22:52:30.165 WebDriverAgentRunner-Runner[1324:115113] Received kAXUserTestingNotification from AX element pid: 174, elementOrHash.elementID: 0.1: {
    event = TouchEventsCompleted;
}
22:52:30.165 WebDriverAgentRunner-Runner[1324:115113] Handling kAXUserTestingNotification
22:52:30.165 WebDriverAgentRunner-Runner[1324:115113] Received kAXUserTestingNotification from AX element pid: 174, elementOrHash.elementID: 0.1: {
    event = TouchEventsCompleted;
}
22:52:45.193 WebDriverAgentRunner-Runner[1324:115112] Handling kAXPidStatusChangedNotification
22:52:45.194 WebDriverAgentRunner-Runner[1324:115112] Got kAXPidStatusChangedNotification for pid 879: active
22:52:45.235 WebDriverAgentRunner-Runner[1324:114132] No application process found matching pid 879, caching
22:54:19.198 WebDriverAgentRunner-Runner[1324:114132] Creating future for 'getting appearance mode' with timeout 30.00
22:54:19.199 WebDriverAgentRunner-Runner[1324:114132] <XCTWaiter: 0x11175f750> entering wait loop for 30.00s with expectations: `getting appearance mode`
22:54:19.201 WebDriverAgentRunner-Runner[1324:114132] Returning result XCTWaiterResultCompleted for synchronous waiter <XCTWaiter: 0x11175f750>
22:54:19.201 WebDriverAgentRunner-Runner[1324:114132] Wait <XCTWaiterWait: 0x11ac72840> completed after 0.002s
22:54:19.201 WebDriverAgentRunner-Runner[1324:114132] cleaning up getting appearance mode
22:54:36.523 WebDriverAgentRunner-Runner[1324:114132] Creating future for 'fetching attributes 'XC_kAXXCAttributeSystemAppApplication' for Device system-wide element' with timeout 65.00
22:54:36.523 WebDriverAgentRunner-Runner[1324:114132] <XCTWaiter: 0x11175ec70> entering wait loop for 65.00s with expectations: `fetching attributes 'XC_kAXXCAttributeSystemAppApplication' for Device system-wide element`
22:54:36.524 WebDriverAgentRunner-Runner[1324:117941] Got attribute fetch response with values {
    "XC_kAXXCAttributeSystemAppApplication" = "AX element pid: 174, elementOrHash.elementID: 0.1";
}, error: (null)
22:54:36.524 WebDriverAgentRunner-Runner[1324:114132] Returning result XCTWaiterResultCompleted for synchronous waiter <XCTWaiter: 0x11175ec70>
22:54:36.524 WebDriverAgentRunner-Runner[1324:114132] Wait <XCTWaiterWait: 0x1117d1580> completed after 0.001s
22:54:36.524 WebDriverAgentRunner-Runner[1324:114132] cleaning up fetching attributes 'XC_kAXXCAttributeSystemAppApplication' for Device system-wide element
22:54:36.524 WebDriverAgentRunner-Runner[1324:114132] Creating future for 'fetching attributes 'XC_kAXXCAttributeFocusedApplications' for AX element pid: 174, elementOrHash.elementID: 0.1' with timeout 65.00
22:54:36.524 WebDriverAgentRunner-Runner[1324:114132] <XCTWaiter: 0x11175f6c0> entering wait loop for 65.00s with expectations: `fetching attributes 'XC_kAXXCAttributeFocusedApplications' for AX element pid: 174, elementOrHash.elementID: 0.1`
22:54:36.528 WebDriverAgentRunner-Runner[1324:117941] Got attribute fetch response with values {
    "XC_kAXXCAttributeFocusedApplications" =     (
        "AX element pid: 303, elementOrHash.elementID: 0.1",
        "AX element pid: 174, elementOrHash.elementID: 0.1"
    );
}, error: (null)
22:54:36.528 WebDriverAgentRunner-Runner[1324:114132] Returning result XCTWaiterResultCompleted for synchronous waiter <XCTWaiter: 0x11175f6c0>
22:54:36.528 WebDriverAgentRunner-Runner[1324:114132] Wait <XCTWaiterWait: 0x1117d1640> completed after 0.003s
22:54:36.528 WebDriverAgentRunner-Runner[1324:114132] cleaning up fetching attributes 'XC_kAXXCAttributeFocusedApplications' for AX element pid: 174, elementOrHash.elementID: 0.1
22:54:36.528 WebDriverAgentRunner-Runner[1324:114132] Active application elements: (
    "AX element pid: 303, elementOrHash.elementID: 0.1",
    "AX element pid: 174, elementOrHash.elementID: 0.1"
)
22:54:36.537 WebDriverAgentRunner-Runner[1324:114132] Creating future for 'getting interface orientation' with timeout 65.00
22:54:36.537 WebDriverAgentRunner-Runner[1324:114132] <XCTWaiter: 0x11175f6f0> entering wait loop for 65.00s with expectations: `getting interface orientation`
22:54:36.538 WebDriverAgentRunner-Runner[1324:114132] Returning result XCTWaiterResultCompleted for synchronous waiter <XCTWaiter: 0x11175f6f0>
22:54:36.538 WebDriverAgentRunner-Runner[1324:114132] Wait <XCTWaiterWait: 0x1117d1940> completed after 0.001s
22:54:36.538 WebDriverAgentRunner-Runner[1324:114132] cleaning up getting interface orientation
    t =   267.45s Find the Application 'com.apple.springboard'
22:54:36.539 WebDriverAgentRunner-Runner[1324:114132] <XCTContext: 0x1101c8ff0> started activity <XCActivityRecord: 0x110d5cf50> 2026-07-19 15:54:36 +0000: Find the Application 'com.apple.springboard'
22:54:36.539 WebDriverAgentRunner-Runner[1324:114132] Executing query:

22:54:36.539 WebDriverAgentRunner-Runner[1324:114132] Creating future for 'checking for continuity enablement' with timeout 30.00
22:54:36.539 WebDriverAgentRunner-Runner[1324:114132] <XCTWaiter: 0x11175fa20> entering wait loop for 30.00s with expectations: `checking for continuity enablement`
22:54:36.541 WebDriverAgentRunner-Runner[1324:114132] Returning result XCTWaiterResultCompleted for synchronous waiter <XCTWaiter: 0x11175fa20>
22:54:36.541 WebDriverAgentRunner-Runner[1324:114132] Wait <XCTWaiterWait: 0x1117d1c80> completed after 0.001s
22:54:36.541 WebDriverAgentRunner-Runner[1324:114132] cleaning up checking for continuity enablement
22:54:36.541 WebDriverAgentRunner-Runner[1324:114132] Should evaluate query remotely? XCTDisableRemoteQueryEvaluation(d-write): YES, hasAutomationSession: YES, supportsRemoteEvaluation: YES
22:54:36.541 WebDriverAgentRunner-Runner[1324:114132] Getting matching snapshots for locally evaluated query
22:54:36.541 WebDriverAgentRunner-Runner[1324:114132] Evaluating query:
 
22:54:36.541 WebDriverAgentRunner-Runner[1324:114132] Getting root element snapshot
22:54:36.541 WebDriverAgentRunner-Runner[1324:114132] Getting snapshot for App element pid: 174 for query 
    t =   267.46s     Requesting snapshot of accessibility hierarchy for app with pid 174
22:54:36.541 WebDriverAgentRunner-Runner[1324:114132] <XCTContext: 0x1101c8ff0> started activity <XCActivityRecord: 0x110d5d030> 2026-07-19 15:54:36 +0000: Requesting snapshot of accessibility hierarchy for app with pid 174
22:54:36.542 WebDriverAgentRunner-Runner[1324:114132] Query requires iOS snapshot attributes .
22:54:36.542 WebDriverAgentRunner-Runner[1324:114132] XCUIElementQuery <XCTElementSnapshotProvider> getting snapshot
22:54:36.542 WebDriverAgentRunner-Runner[1324:114132] Snapshot request has custom attributes 
22:54:36.542 WebDriverAgentRunner-Runner[1324:114132] Snapshot request has custom parameters {
    snapshotKeyHonorModalViews = 0;
}
22:54:36.542 WebDriverAgentRunner-Runner[1324:114132] Current snapshot generation is 3825
22:54:36.542 WebDriverAgentRunner-Runner[1324:114132] Query rootElementSnapshot is non-null with generation count 84
22:54:36.542 WebDriverAgentRunner-Runner[1324:114132] Capturing a new snapshot
22:54:36.542 WebDriverAgentRunner-Runner[1324:114132] Fetching snapshot for App element pid: 174 from testmanagerd with attributes XC_kAXXCAttributeElementType, XC_kAXXCAttributeElementBaseType, XC_kAXXCAttributeParent, XC_kAXXCAttributeIdentifier, XC_kAXXCAttributeAutomationType, XC_kAXXCAttributeTraits and parameters {
    maxArrayCount = 2147483647;
    maxChildren = 2147483647;
    maxDepth = 50;
    snapshotKeyHonorModalViews = 0;
    traverseFromParentsToChildren = 1;
}.
22:54:36.542 WebDriverAgentRunner-Runner[1324:114132] Creating future for 'fetching snapshot from testmanagerd.' with timeout 65.00
22:54:36.543 WebDriverAgentRunner-Runner[1324:114132] <XCTWaiter: 0x1116afa80> entering wait loop for 65.00s with expectations: `fetching snapshot from testmanagerd.`
22:54:36.688 WebDriverAgentRunner-Runner[1324:117945] Got snapshot response with runtime issue support from testmanagerd.
22:54:36.688 WebDriverAgentRunner-Runner[1324:114132] Returning result XCTWaiterResultCompleted for synchronous waiter <XCTWaiter: 0x1116afa80>
22:54:36.688 WebDriverAgentRunner-Runner[1324:114132] Wait <XCTWaiterWait: 0x1117d2100> completed after 0.146s
22:54:36.688 WebDriverAgentRunner-Runner[1324:114132] cleaning up fetching snapshot from testmanagerd.
22:54:36.689 WebDriverAgentRunner-Runner[1324:114132] <XCTContext: 0x1101c8ff0> finished activity <XCActivityRecord: 0x110d5d030> 2026-07-19 15:54:36 +0000: Requesting snapshot of accessibility hierarchy for app with pid 174 (0.14721s)
22:54:36.689 WebDriverAgentRunner-Runner[1324:114132] Found matches {(
    App element pid: 174
)} with root App element pid: 174
22:54:36.690 WebDriverAgentRunner-Runner[1324:114132] <XCTContext: 0x1101c8ff0> finished activity <XCActivityRecord: 0x110d5cf50> 2026-07-19 15:54:36 +0000: Find the Application 'com.apple.springboard' (0.150882s)
22:54:36.690 WebDriverAgentRunner-Runner[1324:114132] Creating future for 'checking for continuity enablement' with timeout 30.00
22:54:36.690 WebDriverAgentRunner-Runner[1324:114132] <XCTWaiter: 0x11ad64450> entering wait loop for 30.00s with expectations: `checking for continuity enablement`
22:54:36.691 WebDriverAgentRunner-Runner[1324:114132] Returning result XCTWaiterResultCompleted for synchronous waiter <XCTWaiter: 0x11ad64450>
22:54:36.691 WebDriverAgentRunner-Runner[1324:114132] Wait <XCTWaiterWait: 0x11acaca40> completed after 0.001s
22:54:36.691 WebDriverAgentRunner-Runner[1324:114132] cleaning up checking for continuity enablement
22:54:36.691 WebDriverAgentRunner-Runner[1324:114132] Creating future for 'fetching attributes 'XC_kAXXCAttributeFrame', 'XC_kAXXCAttributeWindowDisplayId', 'XC_kAXXCAttributeWindowContextId' for App element pid: 174' with timeout 30.00
22:54:36.691 WebDriverAgentRunner-Runner[1324:114132] <XCTWaiter: 0x11ad645d0> entering wait loop for 30.00s with expectations: `fetching attributes 'XC_kAXXCAttributeFrame', 'XC_kAXXCAttributeWindowDisplayId', 'XC_kAXXCAttributeWindowContextId' for App element pid: 174`
22:54:36.692 WebDriverAgentRunner-Runner[1324:114132] Returning result XCTWaiterResultCompleted for synchronous waiter <XCTWaiter: 0x11ad645d0>
22:54:36.692 WebDriverAgentRunner-Runner[1324:114132] Wait <XCTWaiterWait: 0x11acac140> completed after 0.001s
22:54:36.692 WebDriverAgentRunner-Runner[1324:114132] cleaning up fetching attributes 'XC_kAXXCAttributeFrame', 'XC_kAXXCAttributeWindowDisplayId', 'XC_kAXXCAttributeWindowContextId' for App element pid: 174
22:54:36.692 WebDriverAgentRunner-Runner[1324:114132] App element pid: 174 (App element pid: 174) faulted in {
    "XC_kAXXCAttributeFrame" =     {
        Height = 1024;
        Width = 1366;
        X = 0;
        Y = 0;
    };
    "XC_kAXXCAttributeWindowContextId" = 419046886;
    "XC_kAXXCAttributeWindowDisplayId" = 0;
}: (no error) for frame using XC_kAXXCAttributeFrame, XC_kAXXCAttributeWindowDisplayId, XC_kAXXCAttributeWindowContextId
22:54:36.693 WebDriverAgentRunner-Runner[1324:114132] Creating future for 'checking for continuity enablement' with timeout 30.00
22:54:36.693 WebDriverAgentRunner-Runner[1324:114132] <XCTWaiter: 0x11ad649f0> entering wait loop for 30.00s with expectations: `checking for continuity enablement`
22:54:36.693 WebDriverAgentRunner-Runner[1324:114132] Returning result XCTWaiterResultCompleted for synchronous waiter <XCTWaiter: 0x11ad649f0>
22:54:36.694 WebDriverAgentRunner-Runner[1324:114132] Wait <XCTWaiterWait: 0x11acac740> completed after 0.001s
22:54:36.694 WebDriverAgentRunner-Runner[1324:114132] cleaning up checking for continuity enablement
22:54:36.694 WebDriverAgentRunner-Runner[1324:114132] Creating future for 'fetching attributes 'XC_kAXXCAttributeElementType', 'XC_kAXXCAttributeElementBaseType', 'XC_kAXXCAttributeTraits', 'XC_kAXXCAttributeAutomationType' for App element pid: 174' with timeout 30.00
22:54:36.694 WebDriverAgentRunner-Runner[1324:114132] <XCTWaiter: 0x11ad64ba0> entering wait loop for 30.00s with expectations: `fetching attributes 'XC_kAXXCAttributeElementType', 'XC_kAXXCAttributeElementBaseType', 'XC_kAXXCAttributeTraits', 'XC_kAXXCAttributeAutomationType' for App element pid: 174`
22:54:36.694 WebDriverAgentRunner-Runner[1324:114132] Returning result XCTWaiterResultCompleted for synchronous waiter <XCTWaiter: 0x11ad64ba0>
22:54:36.695 WebDriverAgentRunner-Runner[1324:114132] Wait <XCTWaiterWait: 0x11acac540> completed after 0.001s
22:54:36.695 WebDriverAgentRunner-Runner[1324:114132] cleaning up fetching attributes 'XC_kAXXCAttributeElementType', 'XC_kAXXCAttributeElementBaseType', 'XC_kAXXCAttributeTraits', 'XC_kAXXCAttributeAutomationType' for App element pid: 174
22:54:36.695 WebDriverAgentRunner-Runner[1324:114132] App element pid: 174 (App element pid: 174) faulted in {
    "XC_kAXXCAttributeAutomationType" = 1;
    "XC_kAXXCAttributeElementBaseType" = UISystemShellApplication;
    "XC_kAXXCAttributeElementType" = SpringBoard;
    "XC_kAXXCAttributeTraits" = 0;
}: (no error) for elementType using XC_kAXXCAttributeElementType, XC_kAXXCAttributeElementBaseType, XC_kAXXCAttributeTraits, XC_kAXXCAttributeAutomationType
22:54:36.695 WebDriverAgentRunner-Runner[1324:114132] Preferring automation type 2 instead of legacy element type OTHER derived from class/trait: SpringBoard:UISystemShellApplication 0
22:54:36.695 WebDriverAgentRunner-Runner[1324:114132] Uncaptured runtime issue reported: Automation type mismatch: computed Other from legacy attributes vs Application from modern attribute.
22:54:36.695 WebDriverAgentRunner-Runner[1324:114132] Computed elementType Application.
22:54:36.695 WebDriverAgentRunner-Runner[1324:114132] <XCTContext: 0x1101c8ff0> started activity <XCActivityRecord: 0x110d5d0a0> 2026-07-19 15:54:36 +0000: Find the Application 'com.apple.springboard'
22:54:36.695 WebDriverAgentRunner-Runner[1324:114132] Executing query:

22:54:36.695 WebDriverAgentRunner-Runner[1324:114132] Creating future for 'checking for continuity enablement' with timeout 30.00
22:54:36.696 WebDriverAgentRunner-Runner[1324:114132] <XCTWaiter: 0x11ad64f90> entering wait loop for 30.00s with expectations: `checking for continuity enablement`
    t =   267.61s Find the Application 'com.apple.springboard'
22:54:36.696 WebDriverAgentRunner-Runner[1324:114132] Returning result XCTWaiterResultCompleted for synchronous waiter <XCTWaiter: 0x11ad64f90>
22:54:36.697 WebDriverAgentRunner-Runner[1324:114132] Wait <XCTWaiterWait: 0x11acace00> completed after 0.001s
22:54:36.697 WebDriverAgentRunner-Runner[1324:114132] cleaning up checking for continuity enablement
22:54:36.697 WebDriverAgentRunner-Runner[1324:114132] Should evaluate query remotely? XCTDisableRemoteQueryEvaluation(d-write): YES, hasAutomationSession: YES, supportsRemoteEvaluation: YES
22:54:36.697 WebDriverAgentRunner-Runner[1324:114132] Getting matching snapshots for locally evaluated query
22:54:36.697 WebDriverAgentRunner-Runner[1324:114132] Evaluating query:
 
22:54:36.697 WebDriverAgentRunner-Runner[1324:114132] Getting root element snapshot
22:54:36.697 WebDriverAgentRunner-Runner[1324:114132] Getting snapshot for App element pid: 174 for query 
22:54:36.697 WebDriverAgentRunner-Runner[1324:114132] <XCTContext: 0x1101c8ff0> started activity <XCActivityRecord: 0x110d5ce00> 2026-07-19 15:54:36 +0000: Requesting snapshot of accessibility hierarchy for app with pid 174
22:54:36.697 WebDriverAgentRunner-Runner[1324:114132] Query requires iOS snapshot attributes .
22:54:36.697 WebDriverAgentRunner-Runner[1324:114132] XCUIElementQuery <XCTElementSnapshotProvider> getting snapshot
22:54:36.698 WebDriverAgentRunner-Runner[1324:114132] Snapshot request has custom attributes 
22:54:36.698 WebDriverAgentRunner-Runner[1324:114132] Snapshot request has custom parameters {
    snapshotKeyHonorModalViews = 0;
}
22:54:36.698 WebDriverAgentRunner-Runner[1324:114132] Current snapshot generation is 3832
22:54:36.698 WebDriverAgentRunner-Runner[1324:114132] Query rootElementSnapshot is non-null with generation count 3827
22:54:36.698 WebDriverAgentRunner-Runner[1324:114132] Capturing a new snapshot
22:54:36.698 WebDriverAgentRunner-Runner[1324:114132] Fetching snapshot for App element pid: 174 from testmanagerd with attributes XC_kAXXCAttributeElementType, XC_kAXXCAttributeElementBaseType, XC_kAXXCAttributeParent, XC_kAXXCAttributeIdentifier, XC_kAXXCAttributeAutomationType, XC_kAXXCAttributeTraits and parameters {
    maxArrayCount = 2147483647;
    maxChildren = 2147483647;
    maxDepth = 50;
    snapshotKeyHonorModalViews = 0;
    traverseFromParentsToChildren = 1;
}.
22:54:36.698 WebDriverAgentRunner-Runner[1324:114132] Creating future for 'fetching snapshot from testmanagerd.' with timeout 65.00
22:54:36.698 WebDriverAgentRunner-Runner[1324:114132] <XCTWaiter: 0x11ad657d0> entering wait loop for 65.00s with expectations: `fetching snapshot from testmanagerd.`
    t =   267.61s     Requesting snapshot of accessibility hierarchy for app with pid 174
22:54:36.797 WebDriverAgentRunner-Runner[1324:116152] Got snapshot response with runtime issue support from testmanagerd.
22:54:36.798 WebDriverAgentRunner-Runner[1324:114132] Returning result XCTWaiterResultCompleted for synchronous waiter <XCTWaiter: 0x11ad657d0>
22:54:36.798 WebDriverAgentRunner-Runner[1324:114132] Wait <XCTWaiterWait: 0x11acad280> completed after 0.100s
22:54:36.798 WebDriverAgentRunner-Runner[1324:114132] cleaning up fetching snapshot from testmanagerd.
22:54:36.798 WebDriverAgentRunner-Runner[1324:114132] <XCTContext: 0x1101c8ff0> finished activity <XCActivityRecord: 0x110d5ce00> 2026-07-19 15:54:36 +0000: Requesting snapshot of accessibility hierarchy for app with pid 174 (0.100895s)
22:54:36.798 WebDriverAgentRunner-Runner[1324:114132] Found matches {(
    App element pid: 174
)} with root App element pid: 174
22:54:36.799 WebDriverAgentRunner-Runner[1324:114132] <XCTContext: 0x1101c8ff0> finished activity <XCActivityRecord: 0x110d5d0a0> 2026-07-19 15:54:36 +0000: Find the Application 'com.apple.springboard' (0.103502s)
22:54:36.799 WebDriverAgentRunner-Runner[1324:114132] Creating future for 'checking for continuity enablement' with timeout 30.00
22:54:36.799 WebDriverAgentRunner-Runner[1324:114132] <XCTWaiter: 0x11ad65020> entering wait loop for 30.00s with expectations: `checking for continuity enablement`
22:54:36.800 WebDriverAgentRunner-Runner[1324:114132] Returning result XCTWaiterResultCompleted for synchronous waiter <XCTWaiter: 0x11ad65020>
22:54:36.800 WebDriverAgentRunner-Runner[1324:114132] Wait <XCTWaiterWait: 0x11ac02d80> completed after 0.001s
22:54:36.800 WebDriverAgentRunner-Runner[1324:114132] cleaning up checking for continuity enablement
22:54:36.800 WebDriverAgentRunner-Runner[1324:114132] Creating future for 'fetching attributes 'XC_kAXXCAttributeFrame', 'XC_kAXXCAttributeWindowDisplayId', 'XC_kAXXCAttributeWindowContextId' for App element pid: 174' with timeout 30.00
22:54:36.800 WebDriverAgentRunner-Runner[1324:114132] <XCTWaiter: 0x11ad650b0> entering wait loop for 30.00s with expectations: `fetching attributes 'XC_kAXXCAttributeFrame', 'XC_kAXXCAttributeWindowDisplayId', 'XC_kAXXCAttributeWindowContextId' for App element pid: 174`
22:54:36.801 WebDriverAgentRunner-Runner[1324:114132] Returning result XCTWaiterResultCompleted for synchronous waiter <XCTWaiter: 0x11ad650b0>
22:54:36.801 WebDriverAgentRunner-Runner[1324:114132] Wait <XCTWaiterWait: 0x11ac03080> completed after 0.001s
22:54:36.801 WebDriverAgentRunner-Runner[1324:114132] cleaning up fetching attributes 'XC_kAXXCAttributeFrame', 'XC_kAXXCAttributeWindowDisplayId', 'XC_kAXXCAttributeWindowContextId' for App element pid: 174
22:54:36.801 WebDriverAgentRunner-Runner[1324:114132] App element pid: 174 (App element pid: 174) faulted in {
    "XC_kAXXCAttributeFrame" =     {
        Height = 1024;
        Width = 1366;
        X = 0;
        Y = 0;
    };
    "XC_kAXXCAttributeWindowContextId" = 419046886;
    "XC_kAXXCAttributeWindowDisplayId" = 0;
}: (no error) for frame using XC_kAXXCAttributeFrame, XC_kAXXCAttributeWindowDisplayId, XC_kAXXCAttributeWindowContextId
22:54:36.801 WebDriverAgentRunner-Runner[1324:114132] Creating future for 'checking for continuity enablement' with timeout 30.00
22:54:36.801 WebDriverAgentRunner-Runner[1324:114132] <XCTWaiter: 0x11ad64960> entering wait loop for 30.00s with expectations: `checking for continuity enablement`
22:54:36.802 WebDriverAgentRunner-Runner[1324:114132] Returning result XCTWaiterResultCompleted for synchronous waiter <XCTWaiter: 0x11ad64960>
22:54:36.802 WebDriverAgentRunner-Runner[1324:114132] Wait <XCTWaiterWait: 0x11ac00cc0> completed after 0.001s
22:54:36.802 WebDriverAgentRunner-Runner[1324:114132] cleaning up checking for continuity enablement
22:54:36.802 WebDriverAgentRunner-Runner[1324:114132] Creating future for 'fetching attributes 'XC_kAXXCAttributeElementType', 'XC_kAXXCAttributeElementBaseType', 'XC_kAXXCAttributeTraits', 'XC_kAXXCAttributeAutomationType' for App element pid: 174' with timeout 30.00
22:54:36.803 WebDriverAgentRunner-Runner[1324:114132] <XCTWaiter: 0x11ad64150> entering wait loop for 30.00s with expectations: `fetching attributes 'XC_kAXXCAttributeElementType', 'XC_kAXXCAttributeElementBaseType', 'XC_kAXXCAttributeTraits', 'XC_kAXXCAttributeAutomationType' for App element pid: 174`
22:54:36.803 WebDriverAgentRunner-Runner[1324:114132] Returning result XCTWaiterResultCompleted for synchronous waiter <XCTWaiter: 0x11ad64150>
22:54:36.803 WebDriverAgentRunner-Runner[1324:114132] Wait <XCTWaiterWait: 0x11ac023c0> completed after 0.001s
22:54:36.804 WebDriverAgentRunner-Runner[1324:114132] cleaning up fetching attributes 'XC_kAXXCAttributeElementType', 'XC_kAXXCAttributeElementBaseType', 'XC_kAXXCAttributeTraits', 'XC_kAXXCAttributeAutomationType' for App element pid: 174
22:54:36.804 WebDriverAgentRunner-Runner[1324:114132] App element pid: 174 (App element pid: 174) faulted in {
    "XC_kAXXCAttributeAutomationType" = 1;
    "XC_kAXXCAttributeElementBaseType" = UISystemShellApplication;
    "XC_kAXXCAttributeElementType" = SpringBoard;
    "XC_kAXXCAttributeTraits" = 0;
}: (no error) for elementType using XC_kAXXCAttributeElementType, XC_kAXXCAttributeElementBaseType, XC_kAXXCAttributeTraits, XC_kAXXCAttributeAutomationType
22:54:36.804 WebDriverAgentRunner-Runner[1324:114132] Preferring automation type 2 instead of legacy element type OTHER derived from class/trait: SpringBoard:UISystemShellApplication 0
22:54:36.804 WebDriverAgentRunner-Runner[1324:114132] Uncaptured runtime issue reported: Automation type mismatch: computed Other from legacy attributes vs Application from modern attribute.
22:54:36.804 WebDriverAgentRunner-Runner[1324:114132] Computed elementType Application.
22:54:36.804 WebDriverAgentRunner-Runner[1324:114132] Creating future for 'getting interface orientation' with timeout 65.00
22:54:36.804 WebDriverAgentRunner-Runner[1324:114132] <XCTWaiter: 0x11ad656b0> entering wait loop for 65.00s with expectations: `getting interface orientation`
22:54:36.804 WebDriverAgentRunner-Runner[1324:114132] Returning result XCTWaiterResultCompleted for synchronous waiter <XCTWaiter: 0x11ad656b0>
22:54:36.805 WebDriverAgentRunner-Runner[1324:114132] Wait <XCTWaiterWait: 0x11ac037c0> completed after 0.001s
22:54:36.805 WebDriverAgentRunner-Runner[1324:114132] cleaning up getting interface orientation
22:54:36.805 WebDriverAgentRunner-Runner[1324:114132] Creating future for 'checking for continuity enablement' with timeout 30.00
22:54:36.805 WebDriverAgentRunner-Runner[1324:114132] <XCTWaiter: 0x11ad653b0> entering wait loop for 30.00s with expectations: `checking for continuity enablement`
22:54:36.806 WebDriverAgentRunner-Runner[1324:114132] Returning result XCTWaiterResultCompleted for synchronous waiter <XCTWaiter: 0x11ad653b0>
22:54:36.806 WebDriverAgentRunner-Runner[1324:114132] Wait <XCTWaiterWait: 0x11ac01e40> completed after 0.001s
22:54:36.806 WebDriverAgentRunner-Runner[1324:114132] cleaning up checking for continuity enablement
22:54:36.806 WebDriverAgentRunner-Runner[1324:114132] Creating future for 'fetching attributes 'XC_kAXXCAttributeWindowDisplayId' for App element pid: 174' with timeout 30.00
22:54:36.806 WebDriverAgentRunner-Runner[1324:114132] <XCTWaiter: 0x11ad65c50> entering wait loop for 30.00s with expectations: `fetching attributes 'XC_kAXXCAttributeWindowDisplayId' for App element pid: 174`
22:54:36.807 WebDriverAgentRunner-Runner[1324:114132] Returning result XCTWaiterResultCompleted for synchronous waiter <XCTWaiter: 0x11ad65c50>
22:54:36.807 WebDriverAgentRunner-Runner[1324:114132] Wait <XCTWaiterWait: 0x11ac00f00> completed after 0.000s
22:54:36.807 WebDriverAgentRunner-Runner[1324:114132] cleaning up fetching attributes 'XC_kAXXCAttributeWindowDisplayId' for App element pid: 174
22:54:36.807 WebDriverAgentRunner-Runner[1324:114132] Application, pid: 174 (App element pid: 174) faulted in {
    "XC_kAXXCAttributeWindowDisplayId" = 0;
}: (no error) for displayID using XC_kAXXCAttributeWindowDisplayId
22:54:36.807 WebDriverAgentRunner-Runner[1324:114132] Fetched display ID for Application, pid: 174 was 0, checked nearest remote ancestor (null), got (null)
22:54:36.807 WebDriverAgentRunner-Runner[1324:114132] Creating future for 'getting screen identifiers' with timeout 30.00
22:54:36.807 WebDriverAgentRunner-Runner[1324:114132] <XCTWaiter: 0x11ad66070> entering wait loop for 30.00s with expectations: `getting screen identifiers`
22:54:36.807 WebDriverAgentRunner-Runner[1324:114132] Returning result XCTWaiterResultCompleted for synchronous waiter <XCTWaiter: 0x11ad66070>
22:54:36.807 WebDriverAgentRunner-Runner[1324:114132] Wait <XCTWaiterWait: 0x11ac03580> completed after 0.000s
22:54:36.808 WebDriverAgentRunner-Runner[1324:114132] cleaning up getting screen identifiers
22:54:36.808 WebDriverAgentRunner-Runner[1324:114132] Creating future for 'getting screen bounds' with timeout 30.00
22:54:36.808 WebDriverAgentRunner-Runner[1324:114132] <XCTWaiter: 0x11ad66460> entering wait loop for 30.00s with expectations: `getting screen bounds`
22:54:36.808 WebDriverAgentRunner-Runner[1324:114132] Returning result XCTWaiterResultCompleted for synchronous waiter <XCTWaiter: 0x11ad66460>
22:54:36.808 WebDriverAgentRunner-Runner[1324:114132] Wait <XCTWaiterWait: 0x11ac02780> completed after 0.000s
22:54:36.808 WebDriverAgentRunner-Runner[1324:114132] cleaning up getting screen bounds
22:54:36.808 WebDriverAgentRunner-Runner[1324:114132] Creating future for 'getting screen scale' with timeout 30.00
22:54:36.808 WebDriverAgentRunner-Runner[1324:114132] <XCTWaiter: 0x11ad66730> entering wait loop for 30.00s with expectations: `getting screen scale`
22:54:36.808 WebDriverAgentRunner-Runner[1324:114132] Returning result XCTWaiterResultCompleted for synchronous waiter <XCTWaiter: 0x11ad66730>
22:54:36.808 WebDriverAgentRunner-Runner[1324:114132] Wait <XCTWaiterWait: 0x11ac02780> completed after 0.000s
22:54:36.809 WebDriverAgentRunner-Runner[1324:114132] cleaning up getting screen scale
22:54:36.809 WebDriverAgentRunner-Runner[1324:114132] <XCTContext: 0x1101c8ff0> started activity <XCActivityRecord: 0x110d5ca80> 2026-07-19 15:54:36 +0000: Find the Application 'com.apple.springboard'
    t =   267.72s Find the Application 'com.apple.springboard'
22:54:36.809 WebDriverAgentRunner-Runner[1324:114132] Executing query:

22:54:36.809 WebDriverAgentRunner-Runner[1324:114132] Creating future for 'checking for continuity enablement' with timeout 30.00
22:54:36.809 WebDriverAgentRunner-Runner[1324:114132] <XCTWaiter: 0x11ad66af0> entering wait loop for 30.00s with expectations: `checking for continuity enablement`
22:54:36.810 WebDriverAgentRunner-Runner[1324:114132] Returning result XCTWaiterResultCompleted for synchronous waiter <XCTWaiter: 0x11ad66af0>
22:54:36.810 WebDriverAgentRunner-Runner[1324:114132] Wait <XCTWaiterWait: 0x11ac018c0> completed after 0.001s
22:54:36.811 WebDriverAgentRunner-Runner[1324:114132] cleaning up checking for continuity enablement
22:54:36.811 WebDriverAgentRunner-Runner[1324:114132] Should evaluate query remotely? XCTDisableRemoteQueryEvaluation(d-write): YES, hasAutomationSession: YES, supportsRemoteEvaluation: YES
22:54:36.811 WebDriverAgentRunner-Runner[1324:114132] Getting matching snapshots for locally evaluated query
22:54:36.811 WebDriverAgentRunner-Runner[1324:114132] Evaluating query:
 
22:54:36.811 WebDriverAgentRunner-Runner[1324:114132] Getting root element snapshot
22:54:36.811 WebDriverAgentRunner-Runner[1324:114132] Getting snapshot for App element pid: 174 for query 
22:54:36.811 WebDriverAgentRunner-Runner[1324:114132] <XCTContext: 0x1101c8ff0> started activity <XCActivityRecord: 0x110d5c9a0> 2026-07-19 15:54:36 +0000: Requesting snapshot of accessibility hierarchy for app with pid 174
22:54:36.811 WebDriverAgentRunner-Runner[1324:114132] Query requires iOS snapshot attributes .
22:54:36.811 WebDriverAgentRunner-Runner[1324:114132] XCUIElementQuery <XCTElementSnapshotProvider> getting snapshot
22:54:36.811 WebDriverAgentRunner-Runner[1324:114132] Snapshot request has custom attributes 
22:54:36.811 WebDriverAgentRunner-Runner[1324:114132] Snapshot request has custom parameters {
    snapshotKeyHonorModalViews = 0;
}
22:54:36.812 WebDriverAgentRunner-Runner[1324:114132] Current snapshot generation is 3841
22:54:36.812 WebDriverAgentRunner-Runner[1324:114132] Query rootElementSnapshot is non-null with generation count 3833
22:54:36.812 WebDriverAgentRunner-Runner[1324:114132] Capturing a new snapshot
22:54:36.812 WebDriverAgentRunner-Runner[1324:114132] Fetching snapshot for App element pid: 174 from testmanagerd with attributes XC_kAXXCAttributeElementType, XC_kAXXCAttributeElementBaseType, XC_kAXXCAttributeParent, XC_kAXXCAttributeIdentifier, XC_kAXXCAttributeAutomationType, XC_kAXXCAttributeTraits and parameters {
    maxArrayCount = 2147483647;
    maxChildren = 2147483647;
    maxDepth = 50;
    snapshotKeyHonorModalViews = 0;
    traverseFromParentsToChildren = 1;
}.
22:54:36.812 WebDriverAgentRunner-Runner[1324:114132] Creating future for 'fetching snapshot from testmanagerd.' with timeout 65.00
22:54:36.812 WebDriverAgentRunner-Runner[1324:114132] <XCTWaiter: 0x11ad67330> entering wait loop for 65.00s with expectations: `fetching snapshot from testmanagerd.`
    t =   267.73s     Requesting snapshot of accessibility hierarchy for app with pid 174
22:54:36.898 WebDriverAgentRunner-Runner[1324:117946] Got snapshot response with runtime issue support from testmanagerd.
22:54:36.898 WebDriverAgentRunner-Runner[1324:114132] Returning result XCTWaiterResultCompleted for synchronous waiter <XCTWaiter: 0x11ad67330>
22:54:36.899 WebDriverAgentRunner-Runner[1324:114132] Wait <XCTWaiterWait: 0x11ac00980> completed after 0.087s
22:54:36.899 WebDriverAgentRunner-Runner[1324:114132] cleaning up fetching snapshot from testmanagerd.
22:54:36.899 WebDriverAgentRunner-Runner[1324:114132] <XCTContext: 0x1101c8ff0> finished activity <XCActivityRecord: 0x110d5c9a0> 2026-07-19 15:54:36 +0000: Requesting snapshot of accessibility hierarchy for app with pid 174 (0.0879279s)
22:54:36.899 WebDriverAgentRunner-Runner[1324:114132] Found matches {(
    App element pid: 174
)} with root App element pid: 174
22:54:36.899 WebDriverAgentRunner-Runner[1324:114132] <XCTContext: 0x1101c8ff0> finished activity <XCActivityRecord: 0x110d5ca80> 2026-07-19 15:54:36 +0000: Find the Application 'com.apple.springboard' (0.090663s)
22:54:36.900 WebDriverAgentRunner-Runner[1324:114132] Creating future for 'checking for continuity enablement' with timeout 30.00
22:54:36.900 WebDriverAgentRunner-Runner[1324:114132] <XCTWaiter: 0x11175f960> entering wait loop for 30.00s with expectations: `checking for continuity enablement`
22:54:36.901 WebDriverAgentRunner-Runner[1324:114132] Returning result XCTWaiterResultCompleted for synchronous waiter <XCTWaiter: 0x11175f960>
22:54:36.901 WebDriverAgentRunner-Runner[1324:114132] Wait <XCTWaiterWait: 0x110c63000> completed after 0.001s
22:54:36.901 WebDriverAgentRunner-Runner[1324:114132] cleaning up checking for continuity enablement
22:54:36.901 WebDriverAgentRunner-Runner[1324:114132] Creating future for 'fetching attributes 'XC_kAXXCAttributeFrame', 'XC_kAXXCAttributeWindowDisplayId', 'XC_kAXXCAttributeWindowContextId' for App element pid: 174' with timeout 30.00
22:54:36.901 WebDriverAgentRunner-Runner[1324:114132] <XCTWaiter: 0x11175cb70> entering wait loop for 30.00s with expectations: `fetching attributes 'XC_kAXXCAttributeFrame', 'XC_kAXXCAttributeWindowDisplayId', 'XC_kAXXCAttributeWindowContextId' for App element pid: 174`
22:54:36.902 WebDriverAgentRunner-Runner[1324:114132] Returning result XCTWaiterResultCompleted for synchronous waiter <XCTWaiter: 0x11175cb70>
22:54:36.902 WebDriverAgentRunner-Runner[1324:114132] Wait <XCTWaiterWait: 0x110c63e40> completed after 0.001s
22:54:36.902 WebDriverAgentRunner-Runner[1324:114132] cleaning up fetching attributes 'XC_kAXXCAttributeFrame', 'XC_kAXXCAttributeWindowDisplayId', 'XC_kAXXCAttributeWindowContextId' for App element pid: 174
22:54:36.902 WebDriverAgentRunner-Runner[1324:114132] App element pid: 174 (App element pid: 174) faulted in {
    "XC_kAXXCAttributeFrame" =     {
        Height = 1024;
        Width = 1366;
        X = 0;
        Y = 0;
    };
    "XC_kAXXCAttributeWindowContextId" = 419046886;
    "XC_kAXXCAttributeWindowDisplayId" = 0;
}: (no error) for frame using XC_kAXXCAttributeFrame, XC_kAXXCAttributeWindowDisplayId, XC_kAXXCAttributeWindowContextId
22:54:36.902 WebDriverAgentRunner-Runner[1324:114132] Creating future for 'checking for continuity enablement' with timeout 30.00
22:54:36.902 WebDriverAgentRunner-Runner[1324:114132] <XCTWaiter: 0x11175c780> entering wait loop for 30.00s with expectations: `checking for continuity enablement`
22:54:36.903 WebDriverAgentRunner-Runner[1324:114132] Returning result XCTWaiterResultCompleted for synchronous waiter <XCTWaiter: 0x11175c780>
22:54:36.903 WebDriverAgentRunner-Runner[1324:114132] Wait <XCTWaiterWait: 0x110c61c00> completed after 0.001s
22:54:36.903 WebDriverAgentRunner-Runner[1324:114132] cleaning up checking for continuity enablement
22:54:36.903 WebDriverAgentRunner-Runner[1324:114132] Creating future for 'fetching attributes 'XC_kAXXCAttributeElementType', 'XC_kAXXCAttributeElementBaseType', 'XC_kAXXCAttributeTraits', 'XC_kAXXCAttributeAutomationType' for App element pid: 174' with timeout 30.00
22:54:36.903 WebDriverAgentRunner-Runner[1324:114132] <XCTWaiter: 0x11ad66b80> entering wait loop for 30.00s with expectations: `fetching attributes 'XC_kAXXCAttributeElementType', 'XC_kAXXCAttributeElementBaseType', 'XC_kAXXCAttributeTraits', 'XC_kAXXCAttributeAutomationType' for App element pid: 174`
22:54:36.904 WebDriverAgentRunner-Runner[1324:114132] Returning result XCTWaiterResultCompleted for synchronous waiter <XCTWaiter: 0x11ad66b80>
22:54:36.904 WebDriverAgentRunner-Runner[1324:114132] Wait <XCTWaiterWait: 0x110c61380> completed after 0.001s
22:54:36.904 WebDriverAgentRunner-Runner[1324:114132] cleaning up fetching attributes 'XC_kAXXCAttributeElementType', 'XC_kAXXCAttributeElementBaseType', 'XC_kAXXCAttributeTraits', 'XC_kAXXCAttributeAutomationType' for App element pid: 174
22:54:36.904 WebDriverAgentRunner-Runner[1324:114132] App element pid: 174 (App element pid: 174) faulted in {
    "XC_kAXXCAttributeAutomationType" = 1;
    "XC_kAXXCAttributeElementBaseType" = UISystemShellApplication;
    "XC_kAXXCAttributeElementType" = SpringBoard;
    "XC_kAXXCAttributeTraits" = 0;
}: (no error) for elementType using XC_kAXXCAttributeElementType, XC_kAXXCAttributeElementBaseType, XC_kAXXCAttributeTraits, XC_kAXXCAttributeAutomationType
22:54:36.904 WebDriverAgentRunner-Runner[1324:114132] Preferring automation type 2 instead of legacy element type OTHER derived from class/trait: SpringBoard:UISystemShellApplication 0
22:54:36.905 WebDriverAgentRunner-Runner[1324:114132] Uncaptured runtime issue reported: Automation type mismatch: computed Other from legacy attributes vs Application from modern attribute.
22:54:36.905 WebDriverAgentRunner-Runner[1324:114132] Computed elementType Application.
22:54:36.905 WebDriverAgentRunner-Runner[1324:114132] <XCTContext: 0x1101c8ff0> started activity <XCActivityRecord: 0x110d5c8c0> 2026-07-19 15:54:36 +0000: Find the Application 'com.apple.springboard'
22:54:36.905 WebDriverAgentRunner-Runner[1324:114132] Executing query:

22:54:36.905 WebDriverAgentRunner-Runner[1324:114132] Creating future for 'checking for continuity enablement' with timeout 30.00
22:54:36.905 WebDriverAgentRunner-Runner[1324:114132] <XCTWaiter: 0x11ad661c0> entering wait loop for 30.00s with expectations: `checking for continuity enablement`
22:54:36.906 WebDriverAgentRunner-Runner[1324:114132] Returning result XCTWaiterResultCompleted for synchronous waiter <XCTWaiter: 0x11ad661c0>
    t =   267.82s Find the Application 'com.apple.springboard'
22:54:36.906 WebDriverAgentRunner-Runner[1324:114132] Wait <XCTWaiterWait: 0x110c631c0> completed after 0.001s
22:54:36.906 WebDriverAgentRunner-Runner[1324:114132] cleaning up checking for continuity enablement
22:54:36.906 WebDriverAgentRunner-Runner[1324:114132] Should evaluate query remotely? XCTDisableRemoteQueryEvaluation(d-write): YES, hasAutomationSession: YES, supportsRemoteEvaluation: YES
22:54:36.907 WebDriverAgentRunner-Runner[1324:114132] Getting matching snapshots for locally evaluated query
22:54:36.907 WebDriverAgentRunner-Runner[1324:114132] Evaluating query:
 
22:54:36.907 WebDriverAgentRunner-Runner[1324:114132] Getting root element snapshot
22:54:36.907 WebDriverAgentRunner-Runner[1324:114132] Getting snapshot for App element pid: 174 for query 
22:54:36.907 WebDriverAgentRunner-Runner[1324:114132] <XCTContext: 0x1101c8ff0> started activity <XCActivityRecord: 0x110d5c7e0> 2026-07-19 15:54:36 +0000: Requesting snapshot of accessibility hierarchy for app with pid 174
22:54:36.907 WebDriverAgentRunner-Runner[1324:114132] Query requires iOS snapshot attributes .
22:54:36.907 WebDriverAgentRunner-Runner[1324:114132] XCUIElementQuery <XCTElementSnapshotProvider> getting snapshot
22:54:36.907 WebDriverAgentRunner-Runner[1324:114132] Snapshot request has custom attributes 
22:54:36.907 WebDriverAgentRunner-Runner[1324:114132] Snapshot request has custom parameters {
    snapshotKeyHonorModalViews = 0;
}
22:54:36.907 WebDriverAgentRunner-Runner[1324:114132] Current snapshot generation is 3847
22:54:36.908 WebDriverAgentRunner-Runner[1324:114132] Query rootElementSnapshot is non-null with generation count 3842
22:54:36.908 WebDriverAgentRunner-Runner[1324:114132] Capturing a new snapshot
22:54:36.908 WebDriverAgentRunner-Runner[1324:114132] Fetching snapshot for App element pid: 174 from testmanagerd with attributes XC_kAXXCAttributeElementType, XC_kAXXCAttributeElementBaseType, XC_kAXXCAttributeParent, XC_kAXXCAttributeIdentifier, XC_kAXXCAttributeAutomationType, XC_kAXXCAttributeTraits and parameters {
    maxArrayCount = 2147483647;
    maxChildren = 2147483647;
    maxDepth = 50;
    snapshotKeyHonorModalViews = 0;
    traverseFromParentsToChildren = 1;
}.
22:54:36.908 WebDriverAgentRunner-Runner[1324:114132] Creating future for 'fetching snapshot from testmanagerd.' with timeout 65.00
22:54:36.908 WebDriverAgentRunner-Runner[1324:114132] <XCTWaiter: 0x11ad67660> entering wait loop for 65.00s with expectations: `fetching snapshot from testmanagerd.`
    t =   267.82s     Requesting snapshot of accessibility hierarchy for app with pid 174
22:54:36.992 WebDriverAgentRunner-Runner[1324:117941] Got snapshot response with runtime issue support from testmanagerd.
22:54:36.992 WebDriverAgentRunner-Runner[1324:114132] Returning result XCTWaiterResultCompleted for synchronous waiter <XCTWaiter: 0x11ad67660>
22:54:36.992 WebDriverAgentRunner-Runner[1324:114132] Wait <XCTWaiterWait: 0x110c60a40> completed after 0.084s
22:54:36.993 WebDriverAgentRunner-Runner[1324:114132] cleaning up fetching snapshot from testmanagerd.
22:54:36.993 WebDriverAgentRunner-Runner[1324:114132] <XCTContext: 0x1101c8ff0> finished activity <XCActivityRecord: 0x110d5c7e0> 2026-07-19 15:54:36 +0000: Requesting snapshot of accessibility hierarchy for app with pid 174 (0.085799s)
22:54:36.993 WebDriverAgentRunner-Runner[1324:114132] Found matches {(
    App element pid: 174
)} with root App element pid: 174
22:54:36.993 WebDriverAgentRunner-Runner[1324:114132] <XCTContext: 0x1101c8ff0> finished activity <XCActivityRecord: 0x110d5c8c0> 2026-07-19 15:54:36 +0000: Find the Application 'com.apple.springboard' (0.088665s)
22:54:36.994 WebDriverAgentRunner-Runner[1324:114132] Creating future for 'checking for continuity enablement' with timeout 30.00
22:54:36.994 WebDriverAgentRunner-Runner[1324:114132] <XCTWaiter: 0x1116af7e0> entering wait loop for 30.00s with expectations: `checking for continuity enablement`
22:54:36.994 WebDriverAgentRunner-Runner[1324:114132] Returning result XCTWaiterResultCompleted for synchronous waiter <XCTWaiter: 0x1116af7e0>
22:54:36.995 WebDriverAgentRunner-Runner[1324:114132] Wait <XCTWaiterWait: 0x1117b3240> completed after 0.001s
22:54:36.995 WebDriverAgentRunner-Runner[1324:114132] cleaning up checking for continuity enablement
22:54:36.995 WebDriverAgentRunner-Runner[1324:114132] Creating future for 'fetching attributes 'XC_kAXXCAttributeFrame', 'XC_kAXXCAttributeWindowDisplayId', 'XC_kAXXCAttributeWindowContextId' for App element pid: 174' with timeout 30.00
22:54:36.995 WebDriverAgentRunner-Runner[1324:114132] <XCTWaiter: 0x1116af9c0> entering wait loop for 30.00s with expectations: `fetching attributes 'XC_kAXXCAttributeFrame', 'XC_kAXXCAttributeWindowDisplayId', 'XC_kAXXCAttributeWindowContextId' for App element pid: 174`
22:54:36.996 WebDriverAgentRunner-Runner[1324:114132] Returning result XCTWaiterResultCompleted for synchronous waiter <XCTWaiter: 0x1116af9c0>
22:54:36.996 WebDriverAgentRunner-Runner[1324:114132] Wait <XCTWaiterWait: 0x1117b0140> completed after 0.001s
22:54:36.996 WebDriverAgentRunner-Runner[1324:114132] cleaning up fetching attributes 'XC_kAXXCAttributeFrame', 'XC_kAXXCAttributeWindowDisplayId', 'XC_kAXXCAttributeWindowContextId' for App element pid: 174
22:54:36.996 WebDriverAgentRunner-Runner[1324:114132] App element pid: 174 (App element pid: 174) faulted in {
    "XC_kAXXCAttributeFrame" =     {
        Height = 1024;
        Width = 1366;
        X = 0;
        Y = 0;
    };
    "XC_kAXXCAttributeWindowContextId" = 419046886;
    "XC_kAXXCAttributeWindowDisplayId" = 0;
}: (no error) for frame using XC_kAXXCAttributeFrame, XC_kAXXCAttributeWindowDisplayId, XC_kAXXCAttributeWindowContextId
22:54:36.996 WebDriverAgentRunner-Runner[1324:114132] Creating future for 'checking for continuity enablement' with timeout 30.00
22:54:36.996 WebDriverAgentRunner-Runner[1324:114132] <XCTWaiter: 0x1116af780> entering wait loop for 30.00s with expectations: `checking for continuity enablement`
22:54:36.997 WebDriverAgentRunner-Runner[1324:114132] Returning result XCTWaiterResultCompleted for synchronous waiter <XCTWaiter: 0x1116af780>
22:54:36.997 WebDriverAgentRunner-Runner[1324:114132] Wait <XCTWaiterWait: 0x1117b2080> completed after 0.001s
22:54:36.997 WebDriverAgentRunner-Runner[1324:114132] cleaning up checking for continuity enablement
22:54:36.997 WebDriverAgentRunner-Runner[1324:114132] Creating future for 'fetching attributes 'XC_kAXXCAttributeElementType', 'XC_kAXXCAttributeElementBaseType', 'XC_kAXXCAttributeTraits', 'XC_kAXXCAttributeAutomationType' for App element pid: 174' with timeout 30.00
22:54:36.997 WebDriverAgentRunner-Runner[1324:114132] <XCTWaiter: 0x1116afd50> entering wait loop for 30.00s with expectations: `fetching attributes 'XC_kAXXCAttributeElementType', 'XC_kAXXCAttributeElementBaseType', 'XC_kAXXCAttributeTraits', 'XC_kAXXCAttributeAutomationType' for App element pid: 174`
22:54:36.998 WebDriverAgentRunner-Runner[1324:114132] Returning result XCTWaiterResultCompleted for synchronous waiter <XCTWaiter: 0x1116afd50>
22:54:36.998 WebDriverAgentRunner-Runner[1324:114132] Wait <XCTWaiterWait: 0x1117b3180> completed after 0.001s
22:54:36.998 WebDriverAgentRunner-Runner[1324:114132] cleaning up fetching attributes 'XC_kAXXCAttributeElementType', 'XC_kAXXCAttributeElementBaseType', 'XC_kAXXCAttributeTraits', 'XC_kAXXCAttributeAutomationType' for App element pid: 174
22:54:36.998 WebDriverAgentRunner-Runner[1324:114132] App element pid: 174 (App element pid: 174) faulted in {
    "XC_kAXXCAttributeAutomationType" = 1;
    "XC_kAXXCAttributeElementBaseType" = UISystemShellApplication;
    "XC_kAXXCAttributeElementType" = SpringBoard;
    "XC_kAXXCAttributeTraits" = 0;
}: (no error) for elementType using XC_kAXXCAttributeElementType, XC_kAXXCAttributeElementBaseType, XC_kAXXCAttributeTraits, XC_kAXXCAttributeAutomationType
22:54:36.998 WebDriverAgentRunner-Runner[1324:114132] Preferring automation type 2 instead of legacy element type OTHER derived from class/trait: SpringBoard:UISystemShellApplication 0
22:54:36.998 WebDriverAgentRunner-Runner[1324:114132] Uncaptured runtime issue reported: Automation type mismatch: computed Other from legacy attributes vs Application from modern attribute.
22:54:36.998 WebDriverAgentRunner-Runner[1324:114132] Computed elementType Application.
22:54:36.998 WebDriverAgentRunner-Runner[1324:114132] Creating future for 'getting interface orientation' with timeout 65.00
22:54:36.998 WebDriverAgentRunner-Runner[1324:114132] <XCTWaiter: 0x11ad67120> entering wait loop for 65.00s with expectations: `getting interface orientation`
22:54:36.999 WebDriverAgentRunner-Runner[1324:114132] Returning result XCTWaiterResultCompleted for synchronous waiter <XCTWaiter: 0x11ad67120>
22:54:36.999 WebDriverAgentRunner-Runner[1324:114132] Wait <XCTWaiterWait: 0x1117b3880> completed after 0.000s
22:54:36.999 WebDriverAgentRunner-Runner[1324:114132] cleaning up getting interface orientation
22:54:36.999 WebDriverAgentRunner-Runner[1324:114132] Creating future for 'checking for continuity enablement' with timeout 30.00
22:54:36.999 WebDriverAgentRunner-Runner[1324:114132] <XCTWaiter: 0x11ad67e40> entering wait loop for 30.00s with expectations: `checking for continuity enablement`
22:54:37.000 WebDriverAgentRunner-Runner[1324:114132] Returning result XCTWaiterResultCompleted for synchronous waiter <XCTWaiter: 0x11ad67e40>
22:54:37.000 WebDriverAgentRunner-Runner[1324:114132] Wait <XCTWaiterWait: 0x1117b1ac0> completed after 0.001s
22:54:37.000 WebDriverAgentRunner-Runner[1324:114132] cleaning up checking for continuity enablement
22:54:37.000 WebDriverAgentRunner-Runner[1324:114132] Creating future for 'fetching attributes 'XC_kAXXCAttributeWindowDisplayId' for App element pid: 174' with timeout 30.00
22:54:37.000 WebDriverAgentRunner-Runner[1324:114132] <XCTWaiter: 0x11ad67330> entering wait loop for 30.00s with expectations: `fetching attributes 'XC_kAXXCAttributeWindowDisplayId' for App element pid: 174`
22:54:37.000 WebDriverAgentRunner-Runner[1324:114132] Returning result XCTWaiterResultCompleted for synchronous waiter <XCTWaiter: 0x11ad67330>
22:54:37.001 WebDriverAgentRunner-Runner[1324:114132] Wait <XCTWaiterWait: 0x1117b3580> completed after 0.000s
22:54:37.001 WebDriverAgentRunner-Runner[1324:114132] cleaning up fetching attributes 'XC_kAXXCAttributeWindowDisplayId' for App element pid: 174
22:54:37.001 WebDriverAgentRunner-Runner[1324:114132] Application, pid: 174 (App element pid: 174) faulted in {
    "XC_kAXXCAttributeWindowDisplayId" = 0;
}: (no error) for displayID using XC_kAXXCAttributeWindowDisplayId
22:54:37.001 WebDriverAgentRunner-Runner[1324:114132] Fetched display ID for Application, pid: 174 was 0, checked nearest remote ancestor (null), got (null)
22:54:37.001 WebDriverAgentRunner-Runner[1324:114132] Creating future for 'getting screen identifiers' with timeout 30.00
22:54:37.001 WebDriverAgentRunner-Runner[1324:114132] <XCTWaiter: 0x11ad67090> entering wait loop for 30.00s with expectations: `getting screen identifiers`
22:54:37.001 WebDriverAgentRunner-Runner[1324:114132] Returning result XCTWaiterResultCompleted for synchronous waiter <XCTWaiter: 0x11ad67090>
22:54:37.001 WebDriverAgentRunner-Runner[1324:114132] Wait <XCTWaiterWait: 0x1117b1b80> completed after 0.000s
22:54:37.001 WebDriverAgentRunner-Runner[1324:114132] cleaning up getting screen identifiers
22:54:37.001 WebDriverAgentRunner-Runner[1324:114132] Creating future for 'getting screen bounds' with timeout 30.00
22:54:37.001 WebDriverAgentRunner-Runner[1324:114132] <XCTWaiter: 0x11ad67930> entering wait loop for 30.00s with expectations: `getting screen bounds`
22:54:37.002 WebDriverAgentRunner-Runner[1324:114132] Returning result XCTWaiterResultCompleted for synchronous waiter <XCTWaiter: 0x11ad67930>
22:54:37.002 WebDriverAgentRunner-Runner[1324:114132] Wait <XCTWaiterWait: 0x1117b3a80> completed after 0.000s
22:54:37.002 WebDriverAgentRunner-Runner[1324:114132] cleaning up getting screen bounds
22:54:37.002 WebDriverAgentRunner-Runner[1324:114132] Creating future for 'getting screen scale' with timeout 30.00
22:54:37.002 WebDriverAgentRunner-Runner[1324:114132] <XCTWaiter: 0x11ad67c90> entering wait loop for 30.00s with expectations: `getting screen scale`
22:54:37.002 WebDriverAgentRunner-Runner[1324:114132] Returning result XCTWaiterResultCompleted for synchronous waiter <XCTWaiter: 0x11ad67c90>
22:54:37.002 WebDriverAgentRunner-Runner[1324:114132] Wait <XCTWaiterWait: 0x1117b3a80> completed after 0.000s
22:54:37.002 WebDriverAgentRunner-Runner[1324:114132] cleaning up getting screen scale
22:54:37.002 WebDriverAgentRunner-Runner[1324:114132] Requesting local synthesis of event: 
<XCSynthesizedEventRecord 'W3C Touch Action display 0'>
Path 1:
	Touch down at 134.0, 646.0, offset=0.00s
	Move to 882.0, 646.0, offset=0.20s
	Touch up at 882.0, 646.0, offset=0.20s
22:54:37.047 WebDriverAgentRunner-Runner[1324:117946] Handling kAXPidStatusChangedNotification
22:54:37.047 WebDriverAgentRunner-Runner[1324:117946] Got kAXPidStatusChangedNotification for pid 1212: active
22:54:37.047 WebDriverAgentRunner-Runner[1324:117946] Handling kAXPidStatusChangedNotification
22:54:37.047 WebDriverAgentRunner-Runner[1324:117946] Got kAXPidStatusChangedNotification for pid 305: active
22:54:37.103 WebDriverAgentRunner-Runner[1324:114132] No application process found matching pid 1212, caching
22:54:37.103 WebDriverAgentRunner-Runner[1324:114132] No application process found matching pid 305, caching
22:54:37.231 WebDriverAgentRunner-Runner[1324:116152] Handling kAXUserTestingNotification
22:54:37.232 WebDriverAgentRunner-Runner[1324:116152] Received kAXUserTestingNotification from AX element pid: 305, elementOrHash.elementID: 0.1: {
    controllerClass = SPUIResultsViewController;
    event = ViewDidAppear;
}
22:54:37.232 WebDriverAgentRunner-Runner[1324:116152] Handling kAXUserTestingNotification
22:54:37.232 WebDriverAgentRunner-Runner[1324:116152] Received kAXUserTestingNotification from AX element pid: 305, elementOrHash.elementID: 0.1: {
    controllerClass = SearchUIResultsCollectionViewController;
    event = ViewDidAppear;
}
22:54:37.232 WebDriverAgentRunner-Runner[1324:116152] Handling kAXUserTestingNotification
22:54:37.233 WebDriverAgentRunner-Runner[1324:116152] Received kAXUserTestingNotification from AX element pid: 305, elementOrHash.elementID: 0.1: {
    controllerClass = SPUIProactiveResultsViewController;
    event = ViewDidDisappear;
}
22:54:37.234 WebDriverAgentRunner-Runner[1324:116152] Handling kAXUserTestingNotification
22:54:37.234 WebDriverAgentRunner-Runner[1324:116152] Received kAXUserTestingNotification from AX element pid: 305, elementOrHash.elementID: 0.1: {
    controllerClass = SearchUIResultsCollectionViewController;
    event = ViewDidDisappear;
}
22:54:37.235 WebDriverAgentRunner-Runner[1324:116152] Handling kAXUserTestingNotification
22:54:37.236 WebDriverAgentRunner-Runner[1324:116152] Received kAXUserTestingNotification from AX element pid: 174, elementOrHash.elementID: 0.1: {
    event = TouchEventsCompleted;
}
22:54:37.242 WebDriverAgentRunner-Runner[1324:118213] Handling kAXUserTestingNotification
22:54:37.247 WebDriverAgentRunner-Runner[1324:118213] Received kAXUserTestingNotification from AX element pid: 174, elementOrHash.elementID: 0.1: {
    controllerClass = SBSpotlightTransientOverlayViewController;
    event = ViewDidAppear;
}
22:54:37.248 WebDriverAgentRunner-Runner[1324:118213] Handling kAXUserTestingNotification
22:54:37.249 WebDriverAgentRunner-Runner[1324:118213] Received kAXUserTestingNotification from AX element pid: 174, elementOrHash.elementID: 0.1: {
    controllerClass = SBSpotlightTransientOverlaySpotlightViewController;
    event = ViewDidAppear;
}
22:54:37.249 WebDriverAgentRunner-Runner[1324:118213] Handling kAXUserTestingNotification
22:54:37.250 WebDriverAgentRunner-Runner[1324:118213] Received kAXUserTestingNotification from AX element pid: 174, elementOrHash.elementID: 0.1: {
    controllerClass = SPUIRemoteSearchViewController;
    event = ViewDidAppear;
}
22:54:37.251 WebDriverAgentRunner-Runner[1324:118213] Handling kAXUserTestingNotification
22:54:37.255 WebDriverAgentRunner-Runner[1324:118213] Received kAXUserTestingNotification from AX element pid: 174, elementOrHash.elementID: 0.1: {
    event = TouchEventsCompleted;
}
22:54:37.255 WebDriverAgentRunner-Runner[1324:118213] Handling kAXPidStatusChangedNotification
22:54:37.256 WebDriverAgentRunner-Runner[1324:118213] Got kAXPidStatusChangedNotification for pid 1313: active
22:54:37.256 WebDriverAgentRunner-Runner[1324:117946] Handling kAXUserTestingNotification
22:54:37.257 WebDriverAgentRunner-Runner[1324:117946] Received kAXUserTestingNotification from AX element pid: 174, elementOrHash.elementID: 0.1: {
    controllerClass = UICompatibilityInputViewController;
    event = ViewDidAppear;
}
22:54:37.274 WebDriverAgentRunner-Runner[1324:118213] Handling kAXUserTestingNotification
22:54:37.275 WebDriverAgentRunner-Runner[1324:118213] Received kAXUserTestingNotification from AX element pid: 1212, elementOrHash.elementID: 0.1: {
    controllerClass = "_UIViewServiceViewControllerOperator";
    event = ViewDidAppear;
}
22:54:37.284 WebDriverAgentRunner-Runner[1324:116152] Handling kAXUserTestingNotification
22:54:37.285 WebDriverAgentRunner-Runner[1324:116152] Received kAXUserTestingNotification from AX element pid: 305, elementOrHash.elementID: 0.1: {
    controllerClass = UICompatibilityInputViewController;
    event = ViewDidAppear;
}
22:54:37.285 WebDriverAgentRunner-Runner[1324:116152] Handling kAXUserTestingNotification
22:54:37.286 WebDriverAgentRunner-Runner[1324:116152] Received kAXUserTestingNotification from AX element pid: 305, elementOrHash.elementID: 0.1: {
    controllerClass = UISystemInputAssistantViewController;
    event = ViewDidAppear;
}
22:54:37.286 WebDriverAgentRunner-Runner[1324:116152] Handling kAXUserTestingNotification
22:54:37.286 WebDriverAgentRunner-Runner[1324:116152] Received kAXUserTestingNotification from AX element pid: 305, elementOrHash.elementID: 0.1: {
    controllerClass = UIPredictionViewController;
    event = ViewDidAppear;
}
22:54:37.286 WebDriverAgentRunner-Runner[1324:116152] Handling kAXUserTestingNotification
22:54:37.286 WebDriverAgentRunner-Runner[1324:116152] Received kAXUserTestingNotification from AX element pid: 305, elementOrHash.elementID: 0.1: {
    controllerClass = UICompatibilityInputViewController;
    event = ViewDidDisappear;
}
22:54:37.287 WebDriverAgentRunner-Runner[1324:116152] Handling kAXUserTestingNotification
22:54:37.287 WebDriverAgentRunner-Runner[1324:116152] Received kAXUserTestingNotification from AX element pid: 305, elementOrHash.elementID: 0.1: {
    controllerClass = UISystemInputAssistantViewController;
    event = ViewDidDisappear;
}
22:54:37.288 WebDriverAgentRunner-Runner[1324:116152] Handling kAXUserTestingNotification
22:54:37.288 WebDriverAgentRunner-Runner[1324:116152] Received kAXUserTestingNotification from AX element pid: 305, elementOrHash.elementID: 0.1: {
    controllerClass = UIPredictionViewController;
    event = ViewDidDisappear;
}
22:54:37.288 WebDriverAgentRunner-Runner[1324:116152] Handling kAXUserTestingNotification
22:54:37.288 WebDriverAgentRunner-Runner[1324:116152] Received kAXUserTestingNotification from AX element pid: 305, elementOrHash.elementID: 0.1: {
    controllerClass = UICompatibilityInputViewController;
    event = ViewDidAppear;
}
22:54:37.288 WebDriverAgentRunner-Runner[1324:116152] Handling kAXUserTestingNotification
22:54:37.289 WebDriverAgentRunner-Runner[1324:116152] Received kAXUserTestingNotification from AX element pid: 305, elementOrHash.elementID: 0.1: {
    controllerClass = UICompatibilityInputViewController;
    event = ViewDidDisappear;
}
22:54:37.289 WebDriverAgentRunner-Runner[1324:116152] Handling kAXUserTestingNotification
22:54:37.290 WebDriverAgentRunner-Runner[1324:116152] Received kAXUserTestingNotification from AX element pid: 305, elementOrHash.elementID: 0.1: {
    controllerClass = UIInputWindowController;
    event = ViewDidAppear;
}
22:54:37.290 WebDriverAgentRunner-Runner[1324:116152] Handling kAXUserTestingNotification
22:54:37.290 WebDriverAgentRunner-Runner[1324:116152] Received kAXUserTestingNotification from AX element pid: 305, elementOrHash.elementID: 0.1: {
    controllerClass = UICompatibilityInputViewController;
    event = ViewDidAppear;
}
22:54:37.291 WebDriverAgentRunner-Runner[1324:116152] Handling kAXUserTestingNotification
22:54:37.291 WebDriverAgentRunner-Runner[1324:116152] Received kAXUserTestingNotification from AX element pid: 305, elementOrHash.elementID: 0.1: {
    controllerClass = UISystemInputAssistantViewController;
    event = ViewDidAppear;
}
22:54:37.291 WebDriverAgentRunner-Runner[1324:116152] Handling kAXUserTestingNotification
22:54:37.291 WebDriverAgentRunner-Runner[1324:116152] Received kAXUserTestingNotification from AX element pid: 305, elementOrHash.elementID: 0.1: {
    controllerClass = UIPredictionViewController;
    event = ViewDidAppear;
}
22:54:37.318 WebDriverAgentRunner-Runner[1324:116152] Handling kAXPidStatusChangedNotification
22:54:37.319 WebDriverAgentRunner-Runner[1324:116152] Got kAXPidStatusChangedNotification for pid 1313: active
22:54:37.320 WebDriverAgentRunner-Runner[1324:114132] No application process found matching pid 1313, caching
22:54:37.321 WebDriverAgentRunner-Runner[1324:114132] No application process found matching pid 1313, caching
22:54:37.331 WebDriverAgentRunner-Runner[1324:116152] Handling kAXUserTestingNotification
22:54:37.331 WebDriverAgentRunner-Runner[1324:116152] Received kAXUserTestingNotification from AX element pid: 305, elementOrHash.elementID: 0.1: {
    controllerClass = "_UIRemoteInputViewController";
    event = ViewDidAppear;
}
22:54:37.350 WebDriverAgentRunner-Runner[1324:117946] Handling kAXUserTestingNotification
22:54:37.354 WebDriverAgentRunner-Runner[1324:117946] Received kAXUserTestingNotification from AX element pid: 1212, elementOrHash.elementID: 0.1: {
    controllerClass = UIViewController;
    event = ViewDidAppear;
}
22:54:37.355 WebDriverAgentRunner-Runner[1324:117946] Handling kAXUserTestingNotification
22:54:37.358 WebDriverAgentRunner-Runner[1324:117946] Received kAXUserTestingNotification from AX element pid: 1212, elementOrHash.elementID: 0.1: {
    controllerClass = KVKeyboardViewController;
    event = ViewDidAppear;
}
22:54:37.363 WebDriverAgentRunner-Runner[1324:117946] Handling kAXUserTestingNotification
22:54:37.364 WebDriverAgentRunner-Runner[1324:117946] Received kAXUserTestingNotification from AX element pid: 1212, elementOrHash.elementID: 0.1: {
    controllerClass = KVEffectViewController;
    event = ViewDidAppear;
}
22:54:37.365 WebDriverAgentRunner-Runner[1324:117946] Handling kAXUserTestingNotification
22:54:37.366 WebDriverAgentRunner-Runner[1324:117946] Received kAXUserTestingNotification from AX element pid: 1212, elementOrHash.elementID: 0.1: {
    controllerClass = KeyboardViewController;
    event = ViewDidAppear;
}
22:54:37.366 WebDriverAgentRunner-Runner[1324:117946] Handling kAXUserTestingNotification
22:54:37.367 WebDriverAgentRunner-Runner[1324:117946] Received kAXUserTestingNotification from AX element pid: 1212, elementOrHash.elementID: 0.1: {
    controllerClass = KVBackgroundViewController;
    event = ViewDidAppear;
}
22:54:37.367 WebDriverAgentRunner-Runner[1324:117946] Handling kAXUserTestingNotification
22:54:37.368 WebDriverAgentRunner-Runner[1324:117946] Received kAXUserTestingNotification from AX element pid: 1212, elementOrHash.elementID: 0.1: {
    controllerClass = UIViewController;
    event = ViewDidAppear;
}
22:54:37.368 WebDriverAgentRunner-Runner[1324:117946] Handling kAXUserTestingNotification
22:54:37.368 WebDriverAgentRunner-Runner[1324:117946] Received kAXUserTestingNotification from AX element pid: 1212, elementOrHash.elementID: 0.1: {
    controllerClass = KVKeyboardViewController;
    event = ViewDidAppear;
}
22:54:37.368 WebDriverAgentRunner-Runner[1324:117946] Handling kAXUserTestingNotification
22:54:37.369 WebDriverAgentRunner-Runner[1324:117946] Received kAXUserTestingNotification from AX element pid: 1212, elementOrHash.elementID: 0.1: {
    controllerClass = KVEffectViewController;
    event = ViewDidAppear;
}
22:54:37.385 WebDriverAgentRunner-Runner[1324:118213] Handling kAXPidStatusChangedNotification
22:54:37.386 WebDriverAgentRunner-Runner[1324:118213] Got kAXPidStatusChangedNotification for pid 1313: active
22:54:37.421 WebDriverAgentRunner-Runner[1324:114132] No application process found matching pid 1313, caching
22:54:37.421 WebDriverAgentRunner-Runner[1324:114132] Overriding application state timeout, 60.0 -> 2.0
22:54:37.422 WebDriverAgentRunner-Runner[1324:114132] <XCTContext: 0x1101c8ff0> started activity <XCActivityRecord: 0x110d5c620> 2026-07-19 15:54:37 +0000: Wait for com.apple.springboard to idle
22:54:37.422 WebDriverAgentRunner-Runner[1324:114132] Creating future for 'getting screen identifiers' with timeout 30.00
22:54:37.422 WebDriverAgentRunner-Runner[1324:114132] <XCTWaiter: 0x11175e280> entering wait loop for 30.00s with expectations: `getting screen identifiers`
    t =   268.34s Wait for com.apple.springboard to idle
22:54:37.422 WebDriverAgentRunner-Runner[1324:114132] Returning result XCTWaiterResultCompleted for synchronous waiter <XCTWaiter: 0x11175e280>
22:54:37.422 WebDriverAgentRunner-Runner[1324:114132] Wait <XCTWaiterWait: 0x1117b3440> completed after 0.000s
22:54:37.423 WebDriverAgentRunner-Runner[1324:114132] cleaning up getting screen identifiers
22:54:37.423 WebDriverAgentRunner-Runner[1324:114132] Waiting for com.apple.springboard (PID 174) quiescence...
22:54:37.423 WebDriverAgentRunner-Runner[1324:114132] Requesting main run loop idle notification using automation session for com.apple.springboard (pid:174)
22:54:37.423 WebDriverAgentRunner-Runner[1324:114132] Requesting animations idle notification using automation session for com.apple.springboard (pid:174)
22:54:37.423 WebDriverAgentRunner-Runner[1324:114132] Waiting on quiescence state variables
22:54:37.423 WebDriverAgentRunner-Runner[1324:114132] KVO change: checked status of Expect value of 'foreground' of com.apple.springboard (pid:174) to be '0': fulfill=NO
22:54:37.425 WebDriverAgentRunner-Runner[1324:114132] KVO change: checked status of Expect value of 'foreground' of com.apple.springboard (pid:174) to be '0': fulfill=NO
22:54:37.425 WebDriverAgentRunner-Runner[1324:114132] isQuiescent: self.eventLoopHasIdled: NO && self.animationsHaveFinished: NO
22:54:37.426 WebDriverAgentRunner-Runner[1324:114132] KVO change: checked status of Expect value of 'isQuiescent' of com.apple.springboard (pid:174) to be '1': fulfill=NO
22:54:37.427 WebDriverAgentRunner-Runner[1324:114132] isQuiescent: self.eventLoopHasIdled: NO && self.animationsHaveFinished: NO
22:54:37.427 WebDriverAgentRunner-Runner[1324:114132] KVO change: checked status of Expect value of 'isQuiescent' of com.apple.springboard (pid:174) to be '1': fulfill=NO
22:54:37.427 WebDriverAgentRunner-Runner[1324:114132] Not fulfilling (Expect value of 'foreground' of com.apple.springboard (pid:174) to be '0' OR Expect value of 'isQuiescent' of com.apple.springboard (pid:174) to be '1') because no subexpectations are fulfilled
22:54:37.428 WebDriverAgentRunner-Runner[1324:114132] <XCTWaiter: 0x11adac090> entering wait loop for 2.00s with expectations: `(Expect value of 'foreground' of com.apple.springboard (pid:174) to be '0' OR Expect value of 'isQuiescent' of com.apple.springboard (pid:174) to be '1')`
22:54:37.493 WebDriverAgentRunner-Runner[1324:118213] Handling kAXPidStatusChangedNotification
22:54:37.493 WebDriverAgentRunner-Runner[1324:118213] Got kAXPidStatusChangedNotification for pid 1313: active
22:54:37.528 WebDriverAgentRunner-Runner[1324:114132] No application process found matching pid 1313, caching
22:54:37.816 WebDriverAgentRunner-Runner[1324:117946] Handling kAXUserTestingNotification
22:54:37.817 WebDriverAgentRunner-Runner[1324:117946] Received kAXUserTestingNotification from AX element pid: 305, elementOrHash.elementID: 0.1: {
    controllerClass = UICompatibilityInputViewController;
    event = ViewDidAppear;
}
22:54:38.027 WebDriverAgentRunner-Runner[1324:118213] Got event loop idle reply for com.apple.springboard (PID 174)
22:54:38.027 WebDriverAgentRunner-Runner[1324:118213] Event loop is idle.
22:54:38.027 WebDriverAgentRunner-Runner[1324:118213] com.apple.springboard (pid:174) eventLoopHasIdled NO -> YES
22:54:38.027 WebDriverAgentRunner-Runner[1324:117946] Posting KVO notifications for eventLoopHasIdled
22:54:38.028 WebDriverAgentRunner-Runner[1324:117946] isQuiescent: self.eventLoopHasIdled: YES && self.animationsHaveFinished: NO
22:54:38.028 WebDriverAgentRunner-Runner[1324:117946] isQuiescent: self.eventLoopHasIdled: YES && self.animationsHaveFinished: NO
22:54:38.028 WebDriverAgentRunner-Runner[1324:117946] KVO change: checked status of Expect value of 'isQuiescent' of com.apple.springboard (pid:174) to be '1': fulfill=NO
22:54:38.106 WebDriverAgentRunner-Runner[1324:116152] Got animations reply for com.apple.springboard (PID 174)
22:54:38.106 WebDriverAgentRunner-Runner[1324:116152] Animations are not active.
22:54:38.106 WebDriverAgentRunner-Runner[1324:117946] com.apple.springboard (pid:174) animationsHaveFinished NO -> YES
22:54:38.107 WebDriverAgentRunner-Runner[1324:116152] Posting KVO notifications for animationsHaveFinished
22:54:38.107 WebDriverAgentRunner-Runner[1324:116152] isQuiescent: self.eventLoopHasIdled: YES && self.animationsHaveFinished: YES
22:54:38.107 WebDriverAgentRunner-Runner[1324:116152] isQuiescent: self.eventLoopHasIdled: YES && self.animationsHaveFinished: YES
22:54:38.107 WebDriverAgentRunner-Runner[1324:116152] KVO change: checked status of Expect value of 'isQuiescent' of com.apple.springboard (pid:174) to be '1': fulfill=YES
22:54:38.107 WebDriverAgentRunner-Runner[1324:116152] Fulfilling (Expect value of 'foreground' of com.apple.springboard (pid:174) to be '0' OR Expect value of 'isQuiescent' of com.apple.springboard (pid:174) to be '1') because Expect value of 'isQuiescent' of com.apple.springboard (pid:174) to be '1' is fulfilled
22:54:38.107 WebDriverAgentRunner-Runner[1324:114132] Returning result XCTWaiterResultCompleted for synchronous waiter <XCTWaiter: 0x11adac090>
22:54:38.107 WebDriverAgentRunner-Runner[1324:114132] Wait <XCTWaiterWait: 0x1117b1900> completed after 0.680s
22:54:38.107 WebDriverAgentRunner-Runner[1324:114132] cleaning up (Expect value of 'foreground' of com.apple.springboard (pid:174) to be '0' OR Expect value of 'isQuiescent' of com.apple.springboard (pid:174) to be '1')
22:54:38.107 WebDriverAgentRunner-Runner[1324:114132] cleaning up Expect value of 'foreground' of com.apple.springboard (pid:174) to be '0'
22:54:38.108 WebDriverAgentRunner-Runner[1324:114132] cleaning up Expect value of 'foreground' of com.apple.springboard (pid:174) to be '0'
22:54:38.108 WebDriverAgentRunner-Runner[1324:114132] cleaning up Expect value of 'isQuiescent' of com.apple.springboard (pid:174) to be '1'
22:54:38.108 WebDriverAgentRunner-Runner[1324:114132] cleaning up Expect value of 'isQuiescent' of com.apple.springboard (pid:174) to be '1'
22:54:38.108 WebDriverAgentRunner-Runner[1324:114132] com.apple.springboard has quiesced or quiescence timeout has elapsed.
22:54:38.108 WebDriverAgentRunner-Runner[1324:114132] <XCTContext: 0x1101c8ff0> finished activity <XCActivityRecord: 0x110d5c620> 2026-07-19 15:54:37 +0000: Wait for com.apple.springboard to idle (0.686293s)
22:54:38.108 WebDriverAgentRunner-Runner[1324:114132] Overriding application state timeout, 2.0 -> 60.0
22:55:01.554 WebDriverAgentRunner-Runner[1324:118213] Handling kAXPidStatusChangedNotification
22:55:01.554 WebDriverAgentRunner-Runner[1324:118213] Got kAXPidStatusChangedNotification for pid 1328: active
22:55:01.604 WebDriverAgentRunner-Runner[1324:114132] No application process found matching pid 1328, caching
22:55:31.603 WebDriverAgentRunner-Runner[1324:118213] Handling kAXPidStatusChangedNotification
22:55:31.603 WebDriverAgentRunner-Runner[1324:118213] Got kAXPidStatusChangedNotification for pid 1328: active
22:55:31.613 WebDriverAgentRunner-Runner[1324:114132] No application process found matching pid 1328, caching
22:59:53.752 WebDriverAgentRunner-Runner[1324:118320] Handling kAXPidStatusChangedNotification
22:59:53.752 WebDriverAgentRunner-Runner[1324:118320] Got kAXPidStatusChangedNotification for pid 1329: active
22:59:53.793 WebDriverAgentRunner-Runner[1324:119202] Handling kAXPidStatusChangedNotification
22:59:53.793 WebDriverAgentRunner-Runner[1324:119202] Got kAXPidStatusChangedNotification for pid 1329: active
22:59:53.831 WebDriverAgentRunner-Runner[1324:114132] No application process found matching pid 1329, caching
22:59:53.831 WebDriverAgentRunner-Runner[1324:114132] No application process found matching pid 1329, caching
22:59:54.232 WebDriverAgentRunner-Runner[1324:122452] Handling kAXPidStatusChangedNotification
22:59:54.233 WebDriverAgentRunner-Runner[1324:122452] Got kAXPidStatusChangedNotification for pid 1330: active
22:59:54.291 WebDriverAgentRunner-Runner[1324:114132] No application process found matching pid 1330, caching
22:59:54.421 WebDriverAgentRunner-Runner[1324:122452] Handling kAXPidStatusChangedNotification
22:59:54.421 WebDriverAgentRunner-Runner[1324:122452] Got kAXPidStatusChangedNotification for pid 1330: active
22:59:54.514 WebDriverAgentRunner-Runner[1324:114132] No application process found matching pid 1330, caching
22:59:54.531 WebDriverAgentRunner-Runner[1324:119202] Handling kAXPidStatusChangedNotification
22:59:54.532 WebDriverAgentRunner-Runner[1324:119202] Got kAXPidStatusChangedNotification for pid 1331: active
22:59:54.631 WebDriverAgentRunner-Runner[1324:114132] No application process found matching pid 1331, caching
22:59:54.717 WebDriverAgentRunner-Runner[1324:119202] Handling kAXPidStatusChangedNotification
22:59:54.717 WebDriverAgentRunner-Runner[1324:119202] Got kAXPidStatusChangedNotification for pid 1332: active
22:59:54.754 WebDriverAgentRunner-Runner[1324:114132] No application process found matching pid 1332, caching
22:59:54.855 WebDriverAgentRunner-Runner[1324:119202] Handling kAXPidStatusChangedNotification
22:59:54.856 WebDriverAgentRunner-Runner[1324:119202] Got kAXPidStatusChangedNotification for pid 1332: active
22:59:54.858 WebDriverAgentRunner-Runner[1324:114132] No application process found matching pid 1332, caching
22:59:55.273 WebDriverAgentRunner-Runner[1324:119202] Handling kAXPidStatusChangedNotification
22:59:55.274 WebDriverAgentRunner-Runner[1324:119202] Got kAXPidStatusChangedNotification for pid 1329: active
22:59:55.320 WebDriverAgentRunner-Runner[1324:114132] No application process found matching pid 1329, caching
22:59:55.441 WebDriverAgentRunner-Runner[1324:119202] Handling kAXPidStatusChangedNotification
22:59:55.441 WebDriverAgentRunner-Runner[1324:119202] Got kAXPidStatusChangedNotification for pid 1333: active
22:59:55.511 WebDriverAgentRunner-Runner[1324:118320] Handling kAXPidStatusChangedNotification
22:59:55.511 WebDriverAgentRunner-Runner[1324:118320] Got kAXPidStatusChangedNotification for pid 1333: active
22:59:55.550 WebDriverAgentRunner-Runner[1324:114132] No application process found matching pid 1333, caching
22:59:55.550 WebDriverAgentRunner-Runner[1324:114132] No application process found matching pid 1333, caching
22:59:55.691 WebDriverAgentRunner-Runner[1324:119202] Handling kAXPidStatusChangedNotification
22:59:55.691 WebDriverAgentRunner-Runner[1324:119202] Got kAXPidStatusChangedNotification for pid 1334: active
22:59:55.731 WebDriverAgentRunner-Runner[1324:118320] Handling kAXPidStatusChangedNotification
22:59:55.731 WebDriverAgentRunner-Runner[1324:118320] Got kAXPidStatusChangedNotification for pid 1334: active
22:59:55.739 WebDriverAgentRunner-Runner[1324:119202] Handling kAXPidStatusChangedNotification
22:59:55.739 WebDriverAgentRunner-Runner[1324:119202] Got kAXPidStatusChangedNotification for pid 1332: active
22:59:55.785 WebDriverAgentRunner-Runner[1324:119202] Handling kAXPidStatusChangedNotification
22:59:55.786 WebDriverAgentRunner-Runner[1324:119202] Got kAXPidStatusChangedNotification for pid 1330: active
22:59:55.806 WebDriverAgentRunner-Runner[1324:123039] Handling kAXPidStatusChangedNotification
22:59:55.806 WebDriverAgentRunner-Runner[1324:123039] Got kAXPidStatusChangedNotification for pid 1333: active
22:59:55.813 WebDriverAgentRunner-Runner[1324:114132] No application process found matching pid 1334, caching
22:59:55.814 WebDriverAgentRunner-Runner[1324:114132] No application process found matching pid 1334, caching
22:59:55.814 WebDriverAgentRunner-Runner[1324:114132] No application process found matching pid 1332, caching
22:59:55.814 WebDriverAgentRunner-Runner[1324:114132] No application process found matching pid 1330, caching
22:59:55.814 WebDriverAgentRunner-Runner[1324:114132] No application process found matching pid 1333, caching
22:59:56.131 WebDriverAgentRunner-Runner[1324:123039] Handling kAXPidStatusChangedNotification
22:59:56.131 WebDriverAgentRunner-Runner[1324:123039] Got kAXPidStatusChangedNotification for pid 1335: active
22:59:56.172 WebDriverAgentRunner-Runner[1324:114132] No application process found matching pid 1335, caching
22:59:56.220 WebDriverAgentRunner-Runner[1324:123039] Handling kAXPidStatusChangedNotification
22:59:56.220 WebDriverAgentRunner-Runner[1324:123039] Got kAXPidStatusChangedNotification for pid 1335: active
22:59:56.285 WebDriverAgentRunner-Runner[1324:123039] Handling kAXPidStatusChangedNotification
22:59:56.285 WebDriverAgentRunner-Runner[1324:123039] Got kAXPidStatusChangedNotification for pid 1334: active
22:59:56.309 WebDriverAgentRunner-Runner[1324:114132] No application process found matching pid 1335, caching
22:59:56.309 WebDriverAgentRunner-Runner[1324:114132] No application process found matching pid 1334, caching
22:59:56.429 WebDriverAgentRunner-Runner[1324:119202] Handling kAXPidStatusChangedNotification
22:59:56.429 WebDriverAgentRunner-Runner[1324:119202] Got kAXPidStatusChangedNotification for pid 1335: active
22:59:56.521 WebDriverAgentRunner-Runner[1324:114132] No application process found matching pid 1335, caching
23:00:03.398 WebDriverAgentRunner-Runner[1324:123039] Handling kAXPidStatusChangedNotification
23:00:03.398 WebDriverAgentRunner-Runner[1324:123039] Got kAXPidStatusChangedNotification for pid 1336: active
23:00:03.473 WebDriverAgentRunner-Runner[1324:114132] No application process found matching pid 1336, caching
23:00:08.526 WebDriverAgentRunner-Runner[1324:123039] Handling kAXPidStatusChangedNotification
23:00:08.527 WebDriverAgentRunner-Runner[1324:123039] Got kAXPidStatusChangedNotification for pid 1337: active
23:00:08.591 WebDriverAgentRunner-Runner[1324:114132] No application process found matching pid 1337, caching
23:00:08.643 WebDriverAgentRunner-Runner[1324:123039] Handling kAXPidStatusChangedNotification
23:00:08.643 WebDriverAgentRunner-Runner[1324:123039] Got kAXPidStatusChangedNotification for pid 1337: active
23:00:08.702 WebDriverAgentRunner-Runner[1324:114132] No application process found matching pid 1337, caching
23:00:09.091 WebDriverAgentRunner-Runner[1324:122452] Handling kAXPidStatusChangedNotification
23:00:09.091 WebDriverAgentRunner-Runner[1324:122452] Got kAXPidStatusChangedNotification for pid 1337: active
23:00:09.159 WebDriverAgentRunner-Runner[1324:114132] No application process found matching pid 1337, caching
23:00:25.348 WebDriverAgentRunner-Runner[1324:123291] Handling kAXPidStatusChangedNotification
23:00:25.348 WebDriverAgentRunner-Runner[1324:123291] Got kAXPidStatusChangedNotification for pid 1338: active
23:00:25.481 WebDriverAgentRunner-Runner[1324:122452] Handling kAXPidStatusChangedNotification
23:00:25.482 WebDriverAgentRunner-Runner[1324:122452] Got kAXPidStatusChangedNotification for pid 1338: active
23:00:25.485 WebDriverAgentRunner-Runner[1324:114132] No application process found matching pid 1338, caching
23:00:25.485 WebDriverAgentRunner-Runner[1324:114132] No application process found matching pid 1338, caching
23:00:25.759 WebDriverAgentRunner-Runner[1324:123291] Handling kAXPidStatusChangedNotification
23:00:25.760 WebDriverAgentRunner-Runner[1324:123291] Got kAXPidStatusChangedNotification for pid 1338: active
23:00:25.813 WebDriverAgentRunner-Runner[1324:114132] No application process found matching pid 1338, caching
23:00:35.445 WebDriverAgentRunner-Runner[1324:122452] Handling kAXPidStatusChangedNotification
23:00:35.446 WebDriverAgentRunner-Runner[1324:122452] Got kAXPidStatusChangedNotification for pid 1336: active
23:00:35.484 WebDriverAgentRunner-Runner[1324:114132] No application process found matching pid 1336, caching
23:00:45.963 WebDriverAgentRunner-Runner[1324:123291] Handling kAXPidStatusChangedNotification
23:00:45.963 WebDriverAgentRunner-Runner[1324:123291] Got kAXPidStatusChangedNotification for pid 1247: active
23:00:46.003 WebDriverAgentRunner-Runner[1324:114132] No application process found matching pid 1247, caching
23:00:46.153 WebDriverAgentRunner-Runner[1324:122452] Handling kAXPidStatusChangedNotification
23:00:46.153 WebDriverAgentRunner-Runner[1324:122452] Got kAXPidStatusChangedNotification for pid 1247: active
23:00:46.211 WebDriverAgentRunner-Runner[1324:114132] No application process found matching pid 1247, caching
23:03:01.664 WebDriverAgentRunner-Runner[1324:123645] Handling kAXPidStatusChangedNotification
23:03:01.665 WebDriverAgentRunner-Runner[1324:123645] Got kAXPidStatusChangedNotification for pid 866: active
23:03:01.698 WebDriverAgentRunner-Runner[1324:114132] No application process found matching pid 866, caching
23:03:02.319 WebDriverAgentRunner-Runner[1324:123646] Handling kAXPidStatusChangedNotification
23:03:02.320 WebDriverAgentRunner-Runner[1324:123646] Got kAXPidStatusChangedNotification for pid 308: active
23:03:02.415 WebDriverAgentRunner-Runner[1324:123645] Handling kAXPidStatusChangedNotification
23:03:02.415 WebDriverAgentRunner-Runner[1324:123645] Got kAXPidStatusChangedNotification for pid 866: active
23:03:02.427 WebDriverAgentRunner-Runner[1324:114132] No application process found matching pid 308, caching
23:03:02.428 WebDriverAgentRunner-Runner[1324:114132] No application process found matching pid 866, caching
{"time":"2026-07-19T23:03:12.133831+07:00","level":"ERROR","msg":"conn1 closed unexpectedly","module":"go-ios/testmanagerd","udid":"00008027-000404D13439002E","error":"EOF"}
{"time":"2026-07-19T23:03:12.134072+07:00","level":"INFO","msg":"Killing test runner","module":"go-ios/testmanagerd","udid":"00008027-000404D13439002E","pid":1324}
{"time":"2026-07-19T23:03:12.134203+07:00","level":"INFO","msg":"Killing test runner","module":"go-ios/testmanagerd","pid":1324}
{"time":"2026-07-19T23:03:12.149499+07:00","level":"INFO","msg":"Nothing to kill, process is already dead","module":"go-ios/testmanagerd","udid":"00008027-000404D13439002E","pid":1324}
{"time":"2026-07-19T23:03:12.149929+07:00","level":"ERROR","msg":"Failed running WDA","error":"lost connection to testmanagerd. the test-runner may have been killed"}
