{"time":"2026-08-14T17:19:53.876632+07:00","level":"WARN","msg":"go-ios agent is not running. You might need to start it with 'ios tunnel start' for ios17+. Use ENABLE_GO_IOS_AGENT=user for userspace tunnel or ENABLE_GO_IOS_AGENT=kernel for kernel tunnel for the experimental daemon mode."}
{"time":"2026-08-14T17:19:53.87793+07:00","level":"INFO","msg":"no udid specified using first device in list","module":"go-ios","udid":"00008120-001278CA3693C01E"}
{"time":"2026-08-14T17:19:53.878219+07:00","level":"WARN","msg":"failed to get tunnel info","udid":"00008120-001278CA3693C01E"}
{"time":"2026-08-14T17:19:53.878273+07:00","level":"INFO","msg":"Running wda","bundleid":"app.andromeda8191.beaver129","testbundleid":"app.andromeda8191.beaver129","xctestconfig":"WebDriverAgentRunner.xctest"}
{"time":"2026-08-14T17:19:54.033549+07:00","level":"ERROR","msg":"Failed running WDA","error":"runXUITestWithBundleIdsXcode15Ctx: cannot create a tunnel connection to testmanagerd: ConnectToServiceTunnelIface: Cannot connect to com.apple.dt.testmanagerd.remote, missing tunnel address and RSD port. To start the tunnel, run `ios tunnel start`"}
{"time":"2026-08-14T17:20:04.375732+07:00","level":"WARN","msg":"go-ios agent is not running. You might need to start it with 'ios tunnel start' for ios17+. Use ENABLE_GO_IOS_AGENT=user for userspace tunnel or ENABLE_GO_IOS_AGENT=kernel for kernel tunnel for the experimental daemon mode."}
{"time":"2026-08-14T17:20:04.376835+07:00","level":"INFO","msg":"no udid specified using first device in list","module":"go-ios","udid":"00008120-001278CA3693C01E"}
{"time":"2026-08-14T17:20:04.37725+07:00","level":"WARN","msg":"failed to get tunnel info","udid":"00008120-001278CA3693C01E"}
{"time":"2026-08-14T17:20:04.377334+07:00","level":"INFO","msg":"Running wda","bundleid":"app.andromeda8191.beaver129","testbundleid":"app.andromeda8191.beaver129","xctestconfig":"WebDriverAgentRunner.xctest"}
{"time":"2026-08-14T17:20:04.810054+07:00","level":"ERROR","msg":"Failed running WDA","error":"runXUITestWithBundleIdsXcode15Ctx: cannot create a tunnel connection to testmanagerd: ConnectToServiceTunnelIface: Cannot connect to com.apple.dt.testmanagerd.remote, missing tunnel address and RSD port. To start the tunnel, run `ios tunnel start`"}
{"time":"2026-08-14T17:20:15.168284+07:00","level":"WARN","msg":"go-ios agent is not running. You might need to start it with 'ios tunnel start' for ios17+. Use ENABLE_GO_IOS_AGENT=user for userspace tunnel or ENABLE_GO_IOS_AGENT=kernel for kernel tunnel for the experimental daemon mode."}
{"time":"2026-08-14T17:20:15.169467+07:00","level":"INFO","msg":"no udid specified using first device in list","module":"go-ios","udid":"00008120-001278CA3693C01E"}
{"time":"2026-08-14T17:20:15.169847+07:00","level":"WARN","msg":"failed to get tunnel info","udid":"00008120-001278CA3693C01E"}
{"time":"2026-08-14T17:20:15.169935+07:00","level":"INFO","msg":"Running wda","bundleid":"app.andromeda8191.beaver129","testbundleid":"app.andromeda8191.beaver129","xctestconfig":"WebDriverAgentRunner.xctest"}
{"time":"2026-08-14T17:20:15.322585+07:00","level":"ERROR","msg":"Failed running WDA","error":"runXUITestWithBundleIdsXcode15Ctx: cannot create a tunnel connection to testmanagerd: ConnectToServiceTunnelIface: Cannot connect to com.apple.dt.testmanagerd.remote, missing tunnel address and RSD port. To start the tunnel, run `ios tunnel start`"}
{"time":"2026-08-14T17:20:25.678283+07:00","level":"WARN","msg":"go-ios agent is not running. You might need to start it with 'ios tunnel start' for ios17+. Use ENABLE_GO_IOS_AGENT=user for userspace tunnel or ENABLE_GO_IOS_AGENT=kernel for kernel tunnel for the experimental daemon mode."}
{"time":"2026-08-14T17:20:25.679392+07:00","level":"INFO","msg":"no udid specified using first device in list","module":"go-ios","udid":"00008120-001278CA3693C01E"}
{"time":"2026-08-14T17:20:25.679774+07:00","level":"WARN","msg":"failed to get tunnel info","udid":"00008120-001278CA3693C01E"}
{"time":"2026-08-14T17:20:25.679853+07:00","level":"INFO","msg":"Running wda","bundleid":"app.andromeda8191.beaver129","testbundleid":"app.andromeda8191.beaver129","xctestconfig":"WebDriverAgentRunner.xctest"}
{"time":"2026-08-14T17:20:25.765794+07:00","level":"ERROR","msg":"Failed running WDA","error":"runXUITestWithBundleIdsXcode15Ctx: cannot create a tunnel connection to testmanagerd: ConnectToServiceTunnelIface: Cannot connect to com.apple.dt.testmanagerd.remote, missing tunnel address and RSD port. To start the tunnel, run `ios tunnel start`"}
{"time":"2026-08-14T17:20:36.127052+07:00","level":"WARN","msg":"go-ios agent is not running. You might need to start it with 'ios tunnel start' for ios17+. Use ENABLE_GO_IOS_AGENT=user for userspace tunnel or ENABLE_GO_IOS_AGENT=kernel for kernel tunnel for the experimental daemon mode."}
{"time":"2026-08-14T17:20:36.128279+07:00","level":"INFO","msg":"no udid specified using first device in list","module":"go-ios","udid":"00008120-001278CA3693C01E"}
{"time":"2026-08-14T17:20:36.128662+07:00","level":"WARN","msg":"failed to get tunnel info","udid":"00008120-001278CA3693C01E"}
{"time":"2026-08-14T17:20:36.128714+07:00","level":"INFO","msg":"Running wda","bundleid":"app.andromeda8191.beaver129","testbundleid":"app.andromeda8191.beaver129","xctestconfig":"WebDriverAgentRunner.xctest"}
{"time":"2026-08-14T17:20:36.213806+07:00","level":"ERROR","msg":"Failed running WDA","error":"runXUITestWithBundleIdsXcode15Ctx: cannot create a tunnel connection to testmanagerd: ConnectToServiceTunnelIface: Cannot connect to com.apple.dt.testmanagerd.remote, missing tunnel address and RSD port. To start the tunnel, run `ios tunnel start`"}
{"time":"2026-08-14T17:20:46.569544+07:00","level":"WARN","msg":"go-ios agent is not running. You might need to start it with 'ios tunnel start' for ios17+. Use ENABLE_GO_IOS_AGENT=user for userspace tunnel or ENABLE_GO_IOS_AGENT=kernel for kernel tunnel for the experimental daemon mode."}
{"time":"2026-08-14T17:20:46.570711+07:00","level":"INFO","msg":"no udid specified using first device in list","module":"go-ios","udid":"00008120-001278CA3693C01E"}
{"time":"2026-08-14T17:20:46.571053+07:00","level":"WARN","msg":"failed to get tunnel info","udid":"00008120-001278CA3693C01E"}
{"time":"2026-08-14T17:20:46.57111+07:00","level":"INFO","msg":"Running wda","bundleid":"app.andromeda8191.beaver129","testbundleid":"app.andromeda8191.beaver129","xctestconfig":"WebDriverAgentRunner.xctest"}
{"time":"2026-08-14T17:20:46.656042+07:00","level":"ERROR","msg":"Failed running WDA","error":"runXUITestWithBundleIdsXcode15Ctx: cannot create a tunnel connection to testmanagerd: ConnectToServiceTunnelIface: Cannot connect to com.apple.dt.testmanagerd.remote, missing tunnel address and RSD port. To start the tunnel, run `ios tunnel start`"}
{"time":"2026-08-14T17:20:57.022418+07:00","level":"WARN","msg":"go-ios agent is not running. You might need to start it with 'ios tunnel start' for ios17+. Use ENABLE_GO_IOS_AGENT=user for userspace tunnel or ENABLE_GO_IOS_AGENT=kernel for kernel tunnel for the experimental daemon mode."}
{"time":"2026-08-14T17:20:57.023593+07:00","level":"INFO","msg":"no udid specified using first device in list","module":"go-ios","udid":"00008120-001278CA3693C01E"}
{"time":"2026-08-14T17:20:57.023909+07:00","level":"WARN","msg":"failed to get tunnel info","udid":"00008120-001278CA3693C01E"}
{"time":"2026-08-14T17:20:57.023965+07:00","level":"INFO","msg":"Running wda","bundleid":"app.andromeda8191.beaver129","testbundleid":"app.andromeda8191.beaver129","xctestconfig":"WebDriverAgentRunner.xctest"}
{"time":"2026-08-14T17:20:57.102407+07:00","level":"ERROR","msg":"Failed running WDA","error":"runXUITestWithBundleIdsXcode15Ctx: cannot create a tunnel connection to testmanagerd: ConnectToServiceTunnelIface: Cannot connect to com.apple.dt.testmanagerd.remote, missing tunnel address and RSD port. To start the tunnel, run `ios tunnel start`"}
{"time":"2026-08-14T17:21:07.460862+07:00","level":"WARN","msg":"go-ios agent is not running. You might need to start it with 'ios tunnel start' for ios17+. Use ENABLE_GO_IOS_AGENT=user for userspace tunnel or ENABLE_GO_IOS_AGENT=kernel for kernel tunnel for the experimental daemon mode."}
{"time":"2026-08-14T17:21:07.462107+07:00","level":"INFO","msg":"no udid specified using first device in list","module":"go-ios","udid":"00008120-001278CA3693C01E"}
{"time":"2026-08-14T17:21:07.462432+07:00","level":"WARN","msg":"failed to get tunnel info","udid":"00008120-001278CA3693C01E"}
{"time":"2026-08-14T17:21:07.462537+07:00","level":"INFO","msg":"Running wda","bundleid":"app.andromeda8191.beaver129","testbundleid":"app.andromeda8191.beaver129","xctestconfig":"WebDriverAgentRunner.xctest"}
{"time":"2026-08-14T17:21:07.547058+07:00","level":"ERROR","msg":"Failed running WDA","error":"runXUITestWithBundleIdsXcode15Ctx: cannot create a tunnel connection to testmanagerd: ConnectToServiceTunnelIface: Cannot connect to com.apple.dt.testmanagerd.remote, missing tunnel address and RSD port. To start the tunnel, run `ios tunnel start`"}
{"time":"2026-08-14T17:21:17.908609+07:00","level":"WARN","msg":"go-ios agent is not running. You might need to start it with 'ios tunnel start' for ios17+. Use ENABLE_GO_IOS_AGENT=user for userspace tunnel or ENABLE_GO_IOS_AGENT=kernel for kernel tunnel for the experimental daemon mode."}
{"time":"2026-08-14T17:21:17.909805+07:00","level":"INFO","msg":"no udid specified using first device in list","module":"go-ios","udid":"00008120-001278CA3693C01E"}
{"time":"2026-08-14T17:21:17.910165+07:00","level":"WARN","msg":"failed to get tunnel info","udid":"00008120-001278CA3693C01E"}
{"time":"2026-08-14T17:21:17.910265+07:00","level":"INFO","msg":"Running wda","bundleid":"app.andromeda8191.beaver129","testbundleid":"app.andromeda8191.beaver129","xctestconfig":"WebDriverAgentRunner.xctest"}
{"time":"2026-08-14T17:21:17.993549+07:00","level":"ERROR","msg":"Failed running WDA","error":"runXUITestWithBundleIdsXcode15Ctx: cannot create a tunnel connection to testmanagerd: ConnectToServiceTunnelIface: Cannot connect to com.apple.dt.testmanagerd.remote, missing tunnel address and RSD port. To start the tunnel, run `ios tunnel start`"}
{"time":"2026-08-14T17:21:28.362859+07:00","level":"WARN","msg":"go-ios agent is not running. You might need to start it with 'ios tunnel start' for ios17+. Use ENABLE_GO_IOS_AGENT=user for userspace tunnel or ENABLE_GO_IOS_AGENT=kernel for kernel tunnel for the experimental daemon mode."}
{"time":"2026-08-14T17:21:28.364438+07:00","level":"INFO","msg":"no udid specified using first device in list","module":"go-ios","udid":"00008120-001278CA3693C01E"}
{"time":"2026-08-14T17:21:28.364931+07:00","level":"WARN","msg":"failed to get tunnel info","udid":"00008120-001278CA3693C01E"}
{"time":"2026-08-14T17:21:28.365023+07:00","level":"INFO","msg":"Running wda","bundleid":"app.andromeda8191.beaver129","testbundleid":"app.andromeda8191.beaver129","xctestconfig":"WebDriverAgentRunner.xctest"}
{"time":"2026-08-14T17:21:28.431977+07:00","level":"ERROR","msg":"Failed running WDA","error":"runXUITestWithBundleIdsXcode15Ctx: cannot create a tunnel connection to testmanagerd: ConnectToServiceTunnelIface: Cannot connect to com.apple.dt.testmanagerd.remote, missing tunnel address and RSD port. To start the tunnel, run `ios tunnel start`"}
{"time":"2026-08-14T17:21:38.802297+07:00","level":"WARN","msg":"go-ios agent is not running. You might need to start it with 'ios tunnel start' for ios17+. Use ENABLE_GO_IOS_AGENT=user for userspace tunnel or ENABLE_GO_IOS_AGENT=kernel for kernel tunnel for the experimental daemon mode."}
{"time":"2026-08-14T17:21:38.803272+07:00","level":"INFO","msg":"no udid specified using first device in list","module":"go-ios","udid":"00008120-001278CA3693C01E"}
{"time":"2026-08-14T17:21:38.803574+07:00","level":"WARN","msg":"failed to get tunnel info","udid":"00008120-001278CA3693C01E"}
{"time":"2026-08-14T17:21:38.803628+07:00","level":"INFO","msg":"Running wda","bundleid":"app.andromeda8191.beaver129","testbundleid":"app.andromeda8191.beaver129","xctestconfig":"WebDriverAgentRunner.xctest"}
{"time":"2026-08-14T17:21:38.875465+07:00","level":"ERROR","msg":"Failed running WDA","error":"runXUITestWithBundleIdsXcode15Ctx: cannot create a tunnel connection to testmanagerd: ConnectToServiceTunnelIface: Cannot connect to com.apple.dt.testmanagerd.remote, missing tunnel address and RSD port. To start the tunnel, run `ios tunnel start`"}
{"time":"2026-08-14T17:21:49.249781+07:00","level":"WARN","msg":"go-ios agent is not running. You might need to start it with 'ios tunnel start' for ios17+. Use ENABLE_GO_IOS_AGENT=user for userspace tunnel or ENABLE_GO_IOS_AGENT=kernel for kernel tunnel for the experimental daemon mode."}
{"time":"2026-08-14T17:21:49.251423+07:00","level":"INFO","msg":"no udid specified using first device in list","module":"go-ios","udid":"00008120-001278CA3693C01E"}
{"time":"2026-08-14T17:21:49.251818+07:00","level":"WARN","msg":"failed to get tunnel info","udid":"00008120-001278CA3693C01E"}
{"time":"2026-08-14T17:21:49.25189+07:00","level":"INFO","msg":"Running wda","bundleid":"app.andromeda8191.beaver129","testbundleid":"app.andromeda8191.beaver129","xctestconfig":"WebDriverAgentRunner.xctest"}
{"time":"2026-08-14T17:21:49.314718+07:00","level":"ERROR","msg":"Failed running WDA","error":"runXUITestWithBundleIdsXcode15Ctx: cannot create a tunnel connection to testmanagerd: ConnectToServiceTunnelIface: Cannot connect to com.apple.dt.testmanagerd.remote, missing tunnel address and RSD port. To start the tunnel, run `ios tunnel start`"}
{"time":"2026-08-14T17:21:59.683785+07:00","level":"WARN","msg":"go-ios agent is not running. You might need to start it with 'ios tunnel start' for ios17+. Use ENABLE_GO_IOS_AGENT=user for userspace tunnel or ENABLE_GO_IOS_AGENT=kernel for kernel tunnel for the experimental daemon mode."}
{"time":"2026-08-14T17:21:59.684899+07:00","level":"INFO","msg":"no udid specified using first device in list","module":"go-ios","udid":"00008120-001278CA3693C01E"}
{"time":"2026-08-14T17:21:59.685296+07:00","level":"WARN","msg":"failed to get tunnel info","udid":"00008120-001278CA3693C01E"}
{"time":"2026-08-14T17:21:59.685379+07:00","level":"INFO","msg":"Running wda","bundleid":"app.andromeda8191.beaver129","testbundleid":"app.andromeda8191.beaver129","xctestconfig":"WebDriverAgentRunner.xctest"}
{"time":"2026-08-14T17:21:59.800973+07:00","level":"ERROR","msg":"Failed running WDA","error":"runXUITestWithBundleIdsXcode15Ctx: cannot create a tunnel connection to testmanagerd: ConnectToServiceTunnelIface: Cannot connect to com.apple.dt.testmanagerd.remote, missing tunnel address and RSD port. To start the tunnel, run `ios tunnel start`"}
{"time":"2026-08-14T17:22:10.173026+07:00","level":"WARN","msg":"go-ios agent is not running. You might need to start it with 'ios tunnel start' for ios17+. Use ENABLE_GO_IOS_AGENT=user for userspace tunnel or ENABLE_GO_IOS_AGENT=kernel for kernel tunnel for the experimental daemon mode."}
{"time":"2026-08-14T17:22:10.174034+07:00","level":"INFO","msg":"no udid specified using first device in list","module":"go-ios","udid":"00008120-001278CA3693C01E"}
{"time":"2026-08-14T17:22:10.174335+07:00","level":"WARN","msg":"failed to get tunnel info","udid":"00008120-001278CA3693C01E"}
{"time":"2026-08-14T17:22:10.17439+07:00","level":"INFO","msg":"Running wda","bundleid":"app.andromeda8191.beaver129","testbundleid":"app.andromeda8191.beaver129","xctestconfig":"WebDriverAgentRunner.xctest"}
{"time":"2026-08-14T17:22:10.314948+07:00","level":"ERROR","msg":"Failed running WDA","error":"runXUITestWithBundleIdsXcode15Ctx: cannot create a tunnel connection to testmanagerd: ConnectToServiceTunnelIface: Cannot connect to com.apple.dt.testmanagerd.remote, missing tunnel address and RSD port. To start the tunnel, run `ios tunnel start`"}
{"time":"2026-08-14T17:22:20.68336+07:00","level":"WARN","msg":"go-ios agent is not running. You might need to start it with 'ios tunnel start' for ios17+. Use ENABLE_GO_IOS_AGENT=user for userspace tunnel or ENABLE_GO_IOS_AGENT=kernel for kernel tunnel for the experimental daemon mode."}
{"time":"2026-08-14T17:22:20.684818+07:00","level":"INFO","msg":"no udid specified using first device in list","module":"go-ios","udid":"00008120-001278CA3693C01E"}
{"time":"2026-08-14T17:22:20.685178+07:00","level":"WARN","msg":"failed to get tunnel info","udid":"00008120-001278CA3693C01E"}
{"time":"2026-08-14T17:22:20.685294+07:00","level":"INFO","msg":"Running wda","bundleid":"app.andromeda8191.beaver129","testbundleid":"app.andromeda8191.beaver129","xctestconfig":"WebDriverAgentRunner.xctest"}
{"time":"2026-08-14T17:22:20.750778+07:00","level":"ERROR","msg":"Failed running WDA","error":"runXUITestWithBundleIdsXcode15Ctx: cannot create a tunnel connection to testmanagerd: ConnectToServiceTunnelIface: Cannot connect to com.apple.dt.testmanagerd.remote, missing tunnel address and RSD port. To start the tunnel, run `ios tunnel start`"}
{"time":"2026-08-14T17:22:31.127291+07:00","level":"WARN","msg":"go-ios agent is not running. You might need to start it with 'ios tunnel start' for ios17+. Use ENABLE_GO_IOS_AGENT=user for userspace tunnel or ENABLE_GO_IOS_AGENT=kernel for kernel tunnel for the experimental daemon mode."}
{"time":"2026-08-14T17:22:31.128241+07:00","level":"INFO","msg":"no udid specified using first device in list","module":"go-ios","udid":"00008120-001278CA3693C01E"}
{"time":"2026-08-14T17:22:31.128549+07:00","level":"WARN","msg":"failed to get tunnel info","udid":"00008120-001278CA3693C01E"}
{"time":"2026-08-14T17:22:31.128604+07:00","level":"INFO","msg":"Running wda","bundleid":"app.andromeda8191.beaver129","testbundleid":"app.andromeda8191.beaver129","xctestconfig":"WebDriverAgentRunner.xctest"}
{"time":"2026-08-14T17:22:31.200192+07:00","level":"ERROR","msg":"Failed running WDA","error":"runXUITestWithBundleIdsXcode15Ctx: cannot create a tunnel connection to testmanagerd: ConnectToServiceTunnelIface: Cannot connect to com.apple.dt.testmanagerd.remote, missing tunnel address and RSD port. To start the tunnel, run `ios tunnel start`"}
{"time":"2026-08-14T17:22:41.580119+07:00","level":"WARN","msg":"go-ios agent is not running. You might need to start it with 'ios tunnel start' for ios17+. Use ENABLE_GO_IOS_AGENT=user for userspace tunnel or ENABLE_GO_IOS_AGENT=kernel for kernel tunnel for the experimental daemon mode."}
{"time":"2026-08-14T17:22:41.580994+07:00","level":"INFO","msg":"no udid specified using first device in list","module":"go-ios","udid":"00008120-001278CA3693C01E"}
{"time":"2026-08-14T17:22:41.581231+07:00","level":"WARN","msg":"failed to get tunnel info","udid":"00008120-001278CA3693C01E"}
{"time":"2026-08-14T17:22:41.581277+07:00","level":"INFO","msg":"Running wda","bundleid":"app.andromeda8191.beaver129","testbundleid":"app.andromeda8191.beaver129","xctestconfig":"WebDriverAgentRunner.xctest"}
{"time":"2026-08-14T17:22:41.643927+07:00","level":"ERROR","msg":"Failed running WDA","error":"runXUITestWithBundleIdsXcode15Ctx: cannot create a tunnel connection to testmanagerd: ConnectToServiceTunnelIface: Cannot connect to com.apple.dt.testmanagerd.remote, missing tunnel address and RSD port. To start the tunnel, run `ios tunnel start`"}
{"time":"2026-08-14T17:22:52.007514+07:00","level":"WARN","msg":"go-ios agent is not running. You might need to start it with 'ios tunnel start' for ios17+. Use ENABLE_GO_IOS_AGENT=user for userspace tunnel or ENABLE_GO_IOS_AGENT=kernel for kernel tunnel for the experimental daemon mode."}
{"time":"2026-08-14T17:22:52.008642+07:00","level":"INFO","msg":"no udid specified using first device in list","module":"go-ios","udid":"00008120-001278CA3693C01E"}
{"time":"2026-08-14T17:22:52.008939+07:00","level":"WARN","msg":"failed to get tunnel info","udid":"00008120-001278CA3693C01E"}
{"time":"2026-08-14T17:22:52.008992+07:00","level":"INFO","msg":"Running wda","bundleid":"app.andromeda8191.beaver129","testbundleid":"app.andromeda8191.beaver129","xctestconfig":"WebDriverAgentRunner.xctest"}
{"time":"2026-08-14T17:22:52.092484+07:00","level":"ERROR","msg":"Failed running WDA","error":"runXUITestWithBundleIdsXcode15Ctx: cannot create a tunnel connection to testmanagerd: ConnectToServiceTunnelIface: Cannot connect to com.apple.dt.testmanagerd.remote, missing tunnel address and RSD port. To start the tunnel, run `ios tunnel start`"}
{"time":"2026-08-14T17:23:02.45997+07:00","level":"WARN","msg":"go-ios agent is not running. You might need to start it with 'ios tunnel start' for ios17+. Use ENABLE_GO_IOS_AGENT=user for userspace tunnel or ENABLE_GO_IOS_AGENT=kernel for kernel tunnel for the experimental daemon mode."}
{"time":"2026-08-14T17:23:02.460872+07:00","level":"INFO","msg":"no udid specified using first device in list","module":"go-ios","udid":"00008120-001278CA3693C01E"}
{"time":"2026-08-14T17:23:02.46117+07:00","level":"WARN","msg":"failed to get tunnel info","udid":"00008120-001278CA3693C01E"}
{"time":"2026-08-14T17:23:02.461218+07:00","level":"INFO","msg":"Running wda","bundleid":"app.andromeda8191.beaver129","testbundleid":"app.andromeda8191.beaver129","xctestconfig":"WebDriverAgentRunner.xctest"}
{"time":"2026-08-14T17:23:02.536469+07:00","level":"ERROR","msg":"Failed running WDA","error":"runXUITestWithBundleIdsXcode15Ctx: cannot create a tunnel connection to testmanagerd: ConnectToServiceTunnelIface: Cannot connect to com.apple.dt.testmanagerd.remote, missing tunnel address and RSD port. To start the tunnel, run `ios tunnel start`"}
{"time":"2026-08-14T17:23:12.900598+07:00","level":"WARN","msg":"go-ios agent is not running. You might need to start it with 'ios tunnel start' for ios17+. Use ENABLE_GO_IOS_AGENT=user for userspace tunnel or ENABLE_GO_IOS_AGENT=kernel for kernel tunnel for the experimental daemon mode."}
{"time":"2026-08-14T17:23:12.90168+07:00","level":"INFO","msg":"no udid specified using first device in list","module":"go-ios","udid":"00008120-001278CA3693C01E"}
{"time":"2026-08-14T17:23:12.90199+07:00","level":"WARN","msg":"failed to get tunnel info","udid":"00008120-001278CA3693C01E"}
{"time":"2026-08-14T17:23:12.902046+07:00","level":"INFO","msg":"Running wda","bundleid":"app.andromeda8191.beaver129","testbundleid":"app.andromeda8191.beaver129","xctestconfig":"WebDriverAgentRunner.xctest"}
{"time":"2026-08-14T17:23:12.983174+07:00","level":"ERROR","msg":"Failed running WDA","error":"runXUITestWithBundleIdsXcode15Ctx: cannot create a tunnel connection to testmanagerd: ConnectToServiceTunnelIface: Cannot connect to com.apple.dt.testmanagerd.remote, missing tunnel address and RSD port. To start the tunnel, run `ios tunnel start`"}
{"time":"2026-08-14T17:23:23.361411+07:00","level":"WARN","msg":"go-ios agent is not running. You might need to start it with 'ios tunnel start' for ios17+. Use ENABLE_GO_IOS_AGENT=user for userspace tunnel or ENABLE_GO_IOS_AGENT=kernel for kernel tunnel for the experimental daemon mode."}
{"time":"2026-08-14T17:23:23.362775+07:00","level":"INFO","msg":"no udid specified using first device in list","module":"go-ios","udid":"00008120-001278CA3693C01E"}
{"time":"2026-08-14T17:23:23.363195+07:00","level":"WARN","msg":"failed to get tunnel info","udid":"00008120-001278CA3693C01E"}
{"time":"2026-08-14T17:23:23.363259+07:00","level":"INFO","msg":"Running wda","bundleid":"app.andromeda8191.beaver129","testbundleid":"app.andromeda8191.beaver129","xctestconfig":"WebDriverAgentRunner.xctest"}
{"time":"2026-08-14T17:23:23.423626+07:00","level":"ERROR","msg":"Failed running WDA","error":"runXUITestWithBundleIdsXcode15Ctx: cannot create a tunnel connection to testmanagerd: ConnectToServiceTunnelIface: Cannot connect to com.apple.dt.testmanagerd.remote, missing tunnel address and RSD port. To start the tunnel, run `ios tunnel start`"}
{"time":"2026-08-14T17:23:33.806743+07:00","level":"WARN","msg":"go-ios agent is not running. You might need to start it with 'ios tunnel start' for ios17+. Use ENABLE_GO_IOS_AGENT=user for userspace tunnel or ENABLE_GO_IOS_AGENT=kernel for kernel tunnel for the experimental daemon mode."}
{"time":"2026-08-14T17:23:33.808225+07:00","level":"INFO","msg":"no udid specified using first device in list","module":"go-ios","udid":"00008120-001278CA3693C01E"}
{"time":"2026-08-14T17:23:33.808734+07:00","level":"WARN","msg":"failed to get tunnel info","udid":"00008120-001278CA3693C01E"}
{"time":"2026-08-14T17:23:33.808815+07:00","level":"INFO","msg":"Running wda","bundleid":"app.andromeda8191.beaver129","testbundleid":"app.andromeda8191.beaver129","xctestconfig":"WebDriverAgentRunner.xctest"}
{"time":"2026-08-14T17:23:33.869347+07:00","level":"ERROR","msg":"Failed running WDA","error":"runXUITestWithBundleIdsXcode15Ctx: cannot create a tunnel connection to testmanagerd: ConnectToServiceTunnelIface: Cannot connect to com.apple.dt.testmanagerd.remote, missing tunnel address and RSD port. To start the tunnel, run `ios tunnel start`"}
{"time":"2026-08-14T17:23:44.237869+07:00","level":"WARN","msg":"go-ios agent is not running. You might need to start it with 'ios tunnel start' for ios17+. Use ENABLE_GO_IOS_AGENT=user for userspace tunnel or ENABLE_GO_IOS_AGENT=kernel for kernel tunnel for the experimental daemon mode."}
{"time":"2026-08-14T17:23:44.23883+07:00","level":"INFO","msg":"no udid specified using first device in list","module":"go-ios","udid":"00008120-001278CA3693C01E"}
{"time":"2026-08-14T17:23:44.239075+07:00","level":"WARN","msg":"failed to get tunnel info","udid":"00008120-001278CA3693C01E"}
{"time":"2026-08-14T17:23:44.239119+07:00","level":"INFO","msg":"Running wda","bundleid":"app.andromeda8191.beaver129","testbundleid":"app.andromeda8191.beaver129","xctestconfig":"WebDriverAgentRunner.xctest"}
{"time":"2026-08-14T17:23:44.377316+07:00","level":"ERROR","msg":"Failed running WDA","error":"runXUITestWithBundleIdsXcode15Ctx: cannot create a tunnel connection to testmanagerd: ConnectToServiceTunnelIface: Cannot connect to com.apple.dt.testmanagerd.remote, missing tunnel address and RSD port. To start the tunnel, run `ios tunnel start`"}
{"time":"2026-08-14T17:23:54.752764+07:00","level":"WARN","msg":"go-ios agent is not running. You might need to start it with 'ios tunnel start' for ios17+. Use ENABLE_GO_IOS_AGENT=user for userspace tunnel or ENABLE_GO_IOS_AGENT=kernel for kernel tunnel for the experimental daemon mode."}
{"time":"2026-08-14T17:23:54.754072+07:00","level":"INFO","msg":"no udid specified using first device in list","module":"go-ios","udid":"00008120-001278CA3693C01E"}
{"time":"2026-08-14T17:23:54.754466+07:00","level":"WARN","msg":"failed to get tunnel info","udid":"00008120-001278CA3693C01E"}
{"time":"2026-08-14T17:23:54.75452+07:00","level":"INFO","msg":"Running wda","bundleid":"app.andromeda8191.beaver129","testbundleid":"app.andromeda8191.beaver129","xctestconfig":"WebDriverAgentRunner.xctest"}
{"time":"2026-08-14T17:23:54.803388+07:00","level":"ERROR","msg":"Failed running WDA","error":"runXUITestWithBundleIdsXcode15Ctx: cannot create a tunnel connection to testmanagerd: ConnectToServiceTunnelIface: Cannot connect to com.apple.dt.testmanagerd.remote, missing tunnel address and RSD port. To start the tunnel, run `ios tunnel start`"}
{"time":"2026-08-14T17:24:05.169429+07:00","level":"WARN","msg":"go-ios agent is not running. You might need to start it with 'ios tunnel start' for ios17+. Use ENABLE_GO_IOS_AGENT=user for userspace tunnel or ENABLE_GO_IOS_AGENT=kernel for kernel tunnel for the experimental daemon mode."}
{"time":"2026-08-14T17:24:05.170509+07:00","level":"INFO","msg":"no udid specified using first device in list","module":"go-ios","udid":"00008120-001278CA3693C01E"}
{"time":"2026-08-14T17:24:05.170994+07:00","level":"WARN","msg":"failed to get tunnel info","udid":"00008120-001278CA3693C01E"}
{"time":"2026-08-14T17:24:05.171079+07:00","level":"INFO","msg":"Running wda","bundleid":"app.andromeda8191.beaver129","testbundleid":"app.andromeda8191.beaver129","xctestconfig":"WebDriverAgentRunner.xctest"}
{"time":"2026-08-14T17:24:05.272168+07:00","level":"ERROR","msg":"Failed running WDA","error":"runXUITestWithBundleIdsXcode15Ctx: cannot create a tunnel connection to testmanagerd: ConnectToServiceTunnelIface: Cannot connect to com.apple.dt.testmanagerd.remote, missing tunnel address and RSD port. To start the tunnel, run `ios tunnel start`"}
{"time":"2026-08-14T17:24:15.646889+07:00","level":"WARN","msg":"go-ios agent is not running. You might need to start it with 'ios tunnel start' for ios17+. Use ENABLE_GO_IOS_AGENT=user for userspace tunnel or ENABLE_GO_IOS_AGENT=kernel for kernel tunnel for the experimental daemon mode."}
{"time":"2026-08-14T17:24:15.648045+07:00","level":"INFO","msg":"no udid specified using first device in list","module":"go-ios","udid":"00008120-001278CA3693C01E"}
{"time":"2026-08-14T17:24:15.648426+07:00","level":"WARN","msg":"failed to get tunnel info","udid":"00008120-001278CA3693C01E"}
{"time":"2026-08-14T17:24:15.648484+07:00","level":"INFO","msg":"Running wda","bundleid":"app.andromeda8191.beaver129","testbundleid":"app.andromeda8191.beaver129","xctestconfig":"WebDriverAgentRunner.xctest"}
{"time":"2026-08-14T17:24:15.759935+07:00","level":"ERROR","msg":"Failed running WDA","error":"runXUITestWithBundleIdsXcode15Ctx: cannot create a tunnel connection to testmanagerd: ConnectToServiceTunnelIface: Cannot connect to com.apple.dt.testmanagerd.remote, missing tunnel address and RSD port. To start the tunnel, run `ios tunnel start`"}
{"time":"2026-08-14T17:24:26.130005+07:00","level":"WARN","msg":"go-ios agent is not running. You might need to start it with 'ios tunnel start' for ios17+. Use ENABLE_GO_IOS_AGENT=user for userspace tunnel or ENABLE_GO_IOS_AGENT=kernel for kernel tunnel for the experimental daemon mode."}
{"time":"2026-08-14T17:24:26.130977+07:00","level":"INFO","msg":"no udid specified using first device in list","module":"go-ios","udid":"00008120-001278CA3693C01E"}
{"time":"2026-08-14T17:24:26.131248+07:00","level":"WARN","msg":"failed to get tunnel info","udid":"00008120-001278CA3693C01E"}
{"time":"2026-08-14T17:24:26.131304+07:00","level":"INFO","msg":"Running wda","bundleid":"app.andromeda8191.beaver129","testbundleid":"app.andromeda8191.beaver129","xctestconfig":"WebDriverAgentRunner.xctest"}
{"time":"2026-08-14T17:24:26.201168+07:00","level":"ERROR","msg":"Failed running WDA","error":"runXUITestWithBundleIdsXcode15Ctx: cannot create a tunnel connection to testmanagerd: ConnectToServiceTunnelIface: Cannot connect to com.apple.dt.testmanagerd.remote, missing tunnel address and RSD port. To start the tunnel, run `ios tunnel start`"}
{"time":"2026-08-14T17:24:36.559092+07:00","level":"WARN","msg":"go-ios agent is not running. You might need to start it with 'ios tunnel start' for ios17+. Use ENABLE_GO_IOS_AGENT=user for userspace tunnel or ENABLE_GO_IOS_AGENT=kernel for kernel tunnel for the experimental daemon mode."}
{"time":"2026-08-14T17:24:36.560372+07:00","level":"INFO","msg":"no udid specified using first device in list","module":"go-ios","udid":"00008120-001278CA3693C01E"}
{"time":"2026-08-14T17:24:36.560718+07:00","level":"WARN","msg":"failed to get tunnel info","udid":"00008120-001278CA3693C01E"}
{"time":"2026-08-14T17:24:36.560797+07:00","level":"INFO","msg":"Running wda","bundleid":"app.andromeda8191.beaver129","testbundleid":"app.andromeda8191.beaver129","xctestconfig":"WebDriverAgentRunner.xctest"}
{"time":"2026-08-14T17:24:36.659137+07:00","level":"ERROR","msg":"Failed running WDA","error":"runXUITestWithBundleIdsXcode15Ctx: cannot create a tunnel connection to testmanagerd: ConnectToServiceTunnelIface: Cannot connect to com.apple.dt.testmanagerd.remote, missing tunnel address and RSD port. To start the tunnel, run `ios tunnel start`"}
{"time":"2026-08-14T17:24:47.019936+07:00","level":"WARN","msg":"go-ios agent is not running. You might need to start it with 'ios tunnel start' for ios17+. Use ENABLE_GO_IOS_AGENT=user for userspace tunnel or ENABLE_GO_IOS_AGENT=kernel for kernel tunnel for the experimental daemon mode."}
{"time":"2026-08-14T17:24:47.02105+07:00","level":"INFO","msg":"no udid specified using first device in list","module":"go-ios","udid":"00008120-001278CA3693C01E"}
{"time":"2026-08-14T17:24:47.021384+07:00","level":"WARN","msg":"failed to get tunnel info","udid":"00008120-001278CA3693C01E"}
{"time":"2026-08-14T17:24:47.021472+07:00","level":"INFO","msg":"Running wda","bundleid":"app.andromeda8191.beaver129","testbundleid":"app.andromeda8191.beaver129","xctestconfig":"WebDriverAgentRunner.xctest"}
{"time":"2026-08-14T17:24:47.105258+07:00","level":"ERROR","msg":"Failed running WDA","error":"runXUITestWithBundleIdsXcode15Ctx: cannot create a tunnel connection to testmanagerd: ConnectToServiceTunnelIface: Cannot connect to com.apple.dt.testmanagerd.remote, missing tunnel address and RSD port. To start the tunnel, run `ios tunnel start`"}
{"time":"2026-08-14T17:24:57.457331+07:00","level":"WARN","msg":"go-ios agent is not running. You might need to start it with 'ios tunnel start' for ios17+. Use ENABLE_GO_IOS_AGENT=user for userspace tunnel or ENABLE_GO_IOS_AGENT=kernel for kernel tunnel for the experimental daemon mode."}
{"time":"2026-08-14T17:24:57.458382+07:00","level":"INFO","msg":"no udid specified using first device in list","module":"go-ios","udid":"00008120-001278CA3693C01E"}
{"time":"2026-08-14T17:24:57.458768+07:00","level":"WARN","msg":"failed to get tunnel info","udid":"00008120-001278CA3693C01E"}
{"time":"2026-08-14T17:24:57.458823+07:00","level":"INFO","msg":"Running wda","bundleid":"app.andromeda8191.beaver129","testbundleid":"app.andromeda8191.beaver129","xctestconfig":"WebDriverAgentRunner.xctest"}
{"time":"2026-08-14T17:24:57.543618+07:00","level":"ERROR","msg":"Failed running WDA","error":"runXUITestWithBundleIdsXcode15Ctx: cannot create a tunnel connection to testmanagerd: ConnectToServiceTunnelIface: Cannot connect to com.apple.dt.testmanagerd.remote, missing tunnel address and RSD port. To start the tunnel, run `ios tunnel start`"}
{"time":"2026-08-14T17:25:07.899777+07:00","level":"WARN","msg":"go-ios agent is not running. You might need to start it with 'ios tunnel start' for ios17+. Use ENABLE_GO_IOS_AGENT=user for userspace tunnel or ENABLE_GO_IOS_AGENT=kernel for kernel tunnel for the experimental daemon mode."}
{"time":"2026-08-14T17:25:07.900877+07:00","level":"INFO","msg":"no udid specified using first device in list","module":"go-ios","udid":"00008120-001278CA3693C01E"}
{"time":"2026-08-14T17:25:07.901291+07:00","level":"WARN","msg":"failed to get tunnel info","udid":"00008120-001278CA3693C01E"}
{"time":"2026-08-14T17:25:07.901371+07:00","level":"INFO","msg":"Running wda","bundleid":"app.andromeda8191.beaver129","testbundleid":"app.andromeda8191.beaver129","xctestconfig":"WebDriverAgentRunner.xctest"}
{"time":"2026-08-14T17:25:07.98568+07:00","level":"ERROR","msg":"Failed running WDA","error":"runXUITestWithBundleIdsXcode15Ctx: cannot create a tunnel connection to testmanagerd: ConnectToServiceTunnelIface: Cannot connect to com.apple.dt.testmanagerd.remote, missing tunnel address and RSD port. To start the tunnel, run `ios tunnel start`"}
{"time":"2026-08-14T17:25:18.341125+07:00","level":"WARN","msg":"go-ios agent is not running. You might need to start it with 'ios tunnel start' for ios17+. Use ENABLE_GO_IOS_AGENT=user for userspace tunnel or ENABLE_GO_IOS_AGENT=kernel for kernel tunnel for the experimental daemon mode."}
{"time":"2026-08-14T17:25:18.342207+07:00","level":"INFO","msg":"no udid specified using first device in list","module":"go-ios","udid":"00008120-001278CA3693C01E"}
{"time":"2026-08-14T17:25:18.342559+07:00","level":"WARN","msg":"failed to get tunnel info","udid":"00008120-001278CA3693C01E"}
{"time":"2026-08-14T17:25:18.342639+07:00","level":"INFO","msg":"Running wda","bundleid":"app.andromeda8191.beaver129","testbundleid":"app.andromeda8191.beaver129","xctestconfig":"WebDriverAgentRunner.xctest"}
{"time":"2026-08-14T17:25:18.443257+07:00","level":"ERROR","msg":"Failed running WDA","error":"runXUITestWithBundleIdsXcode15Ctx: cannot create a tunnel connection to testmanagerd: ConnectToServiceTunnelIface: Cannot connect to com.apple.dt.testmanagerd.remote, missing tunnel address and RSD port. To start the tunnel, run `ios tunnel start`"}
{"time":"2026-08-14T17:25:28.792791+07:00","level":"WARN","msg":"go-ios agent is not running. You might need to start it with 'ios tunnel start' for ios17+. Use ENABLE_GO_IOS_AGENT=user for userspace tunnel or ENABLE_GO_IOS_AGENT=kernel for kernel tunnel for the experimental daemon mode."}
{"time":"2026-08-14T17:25:28.793842+07:00","level":"INFO","msg":"no udid specified using first device in list","module":"go-ios","udid":"00008120-001278CA3693C01E"}
{"time":"2026-08-14T17:25:28.794253+07:00","level":"WARN","msg":"failed to get tunnel info","udid":"00008120-001278CA3693C01E"}
{"time":"2026-08-14T17:25:28.794314+07:00","level":"INFO","msg":"Running wda","bundleid":"app.andromeda8191.beaver129","testbundleid":"app.andromeda8191.beaver129","xctestconfig":"WebDriverAgentRunner.xctest"}
{"time":"2026-08-14T17:25:28.858357+07:00","level":"ERROR","msg":"Failed running WDA","error":"runXUITestWithBundleIdsXcode15Ctx: cannot create a tunnel connection to testmanagerd: ConnectToServiceTunnelIface: Cannot connect to com.apple.dt.testmanagerd.remote, missing tunnel address and RSD port. To start the tunnel, run `ios tunnel start`"}
{"time":"2026-08-14T17:25:39.203134+07:00","level":"WARN","msg":"go-ios agent is not running. You might need to start it with 'ios tunnel start' for ios17+. Use ENABLE_GO_IOS_AGENT=user for userspace tunnel or ENABLE_GO_IOS_AGENT=kernel for kernel tunnel for the experimental daemon mode."}
{"time":"2026-08-14T17:25:39.20458+07:00","level":"INFO","msg":"no udid specified using first device in list","module":"go-ios","udid":"00008120-001278CA3693C01E"}
{"time":"2026-08-14T17:25:39.205014+07:00","level":"WARN","msg":"failed to get tunnel info","udid":"00008120-001278CA3693C01E"}
{"time":"2026-08-14T17:25:39.205087+07:00","level":"INFO","msg":"Running wda","bundleid":"app.andromeda8191.beaver129","testbundleid":"app.andromeda8191.beaver129","xctestconfig":"WebDriverAgentRunner.xctest"}
{"time":"2026-08-14T17:25:39.325798+07:00","level":"ERROR","msg":"Failed running WDA","error":"runXUITestWithBundleIdsXcode15Ctx: cannot create a tunnel connection to testmanagerd: ConnectToServiceTunnelIface: Cannot connect to com.apple.dt.testmanagerd.remote, missing tunnel address and RSD port. To start the tunnel, run `ios tunnel start`"}
{"time":"2026-08-14T17:25:49.681941+07:00","level":"WARN","msg":"go-ios agent is not running. You might need to start it with 'ios tunnel start' for ios17+. Use ENABLE_GO_IOS_AGENT=user for userspace tunnel or ENABLE_GO_IOS_AGENT=kernel for kernel tunnel for the experimental daemon mode."}
{"time":"2026-08-14T17:25:49.6831+07:00","level":"INFO","msg":"no udid specified using first device in list","module":"go-ios","udid":"00008120-001278CA3693C01E"}
{"time":"2026-08-14T17:25:49.68336+07:00","level":"WARN","msg":"failed to get tunnel info","udid":"00008120-001278CA3693C01E"}
{"time":"2026-08-14T17:25:49.683435+07:00","level":"INFO","msg":"Running wda","bundleid":"app.andromeda8191.beaver129","testbundleid":"app.andromeda8191.beaver129","xctestconfig":"WebDriverAgentRunner.xctest"}
{"time":"2026-08-14T17:25:49.763734+07:00","level":"ERROR","msg":"Failed running WDA","error":"runXUITestWithBundleIdsXcode15Ctx: cannot create a tunnel connection to testmanagerd: ConnectToServiceTunnelIface: Cannot connect to com.apple.dt.testmanagerd.remote, missing tunnel address and RSD port. To start the tunnel, run `ios tunnel start`"}
{"time":"2026-08-14T17:26:00.119001+07:00","level":"WARN","msg":"go-ios agent is not running. You might need to start it with 'ios tunnel start' for ios17+. Use ENABLE_GO_IOS_AGENT=user for userspace tunnel or ENABLE_GO_IOS_AGENT=kernel for kernel tunnel for the experimental daemon mode."}
{"time":"2026-08-14T17:26:00.120206+07:00","level":"INFO","msg":"no udid specified using first device in list","module":"go-ios","udid":"00008120-001278CA3693C01E"}
{"time":"2026-08-14T17:26:00.120574+07:00","level":"WARN","msg":"failed to get tunnel info","udid":"00008120-001278CA3693C01E"}
{"time":"2026-08-14T17:26:00.120649+07:00","level":"INFO","msg":"Running wda","bundleid":"app.andromeda8191.beaver129","testbundleid":"app.andromeda8191.beaver129","xctestconfig":"WebDriverAgentRunner.xctest"}
{"time":"2026-08-14T17:26:00.216725+07:00","level":"ERROR","msg":"Failed running WDA","error":"runXUITestWithBundleIdsXcode15Ctx: cannot create a tunnel connection to testmanagerd: ConnectToServiceTunnelIface: Cannot connect to com.apple.dt.testmanagerd.remote, missing tunnel address and RSD port. To start the tunnel, run `ios tunnel start`"}
{"time":"2026-08-14T17:26:10.56715+07:00","level":"WARN","msg":"go-ios agent is not running. You might need to start it with 'ios tunnel start' for ios17+. Use ENABLE_GO_IOS_AGENT=user for userspace tunnel or ENABLE_GO_IOS_AGENT=kernel for kernel tunnel for the experimental daemon mode."}
{"time":"2026-08-14T17:26:10.568149+07:00","level":"INFO","msg":"no udid specified using first device in list","module":"go-ios","udid":"00008120-001278CA3693C01E"}
{"time":"2026-08-14T17:26:10.568538+07:00","level":"WARN","msg":"failed to get tunnel info","udid":"00008120-001278CA3693C01E"}
{"time":"2026-08-14T17:26:10.568593+07:00","level":"INFO","msg":"Running wda","bundleid":"app.andromeda8191.beaver129","testbundleid":"app.andromeda8191.beaver129","xctestconfig":"WebDriverAgentRunner.xctest"}
{"time":"2026-08-14T17:26:10.661147+07:00","level":"ERROR","msg":"Failed running WDA","error":"runXUITestWithBundleIdsXcode15Ctx: cannot create a tunnel connection to testmanagerd: ConnectToServiceTunnelIface: Cannot connect to com.apple.dt.testmanagerd.remote, missing tunnel address and RSD port. To start the tunnel, run `ios tunnel start`"}
{"time":"2026-08-14T17:26:21.010353+07:00","level":"WARN","msg":"go-ios agent is not running. You might need to start it with 'ios tunnel start' for ios17+. Use ENABLE_GO_IOS_AGENT=user for userspace tunnel or ENABLE_GO_IOS_AGENT=kernel for kernel tunnel for the experimental daemon mode."}
{"time":"2026-08-14T17:26:21.011566+07:00","level":"INFO","msg":"no udid specified using first device in list","module":"go-ios","udid":"00008120-001278CA3693C01E"}
{"time":"2026-08-14T17:26:21.011971+07:00","level":"WARN","msg":"failed to get tunnel info","udid":"00008120-001278CA3693C01E"}
{"time":"2026-08-14T17:26:21.01205+07:00","level":"INFO","msg":"Running wda","bundleid":"app.andromeda8191.beaver129","testbundleid":"app.andromeda8191.beaver129","xctestconfig":"WebDriverAgentRunner.xctest"}
{"time":"2026-08-14T17:26:21.073087+07:00","level":"ERROR","msg":"Failed running WDA","error":"runXUITestWithBundleIdsXcode15Ctx: cannot create a tunnel connection to testmanagerd: ConnectToServiceTunnelIface: Cannot connect to com.apple.dt.testmanagerd.remote, missing tunnel address and RSD port. To start the tunnel, run `ios tunnel start`"}
{"time":"2026-08-14T17:26:31.428079+07:00","level":"WARN","msg":"go-ios agent is not running. You might need to start it with 'ios tunnel start' for ios17+. Use ENABLE_GO_IOS_AGENT=user for userspace tunnel or ENABLE_GO_IOS_AGENT=kernel for kernel tunnel for the experimental daemon mode."}
{"time":"2026-08-14T17:26:31.429091+07:00","level":"INFO","msg":"no udid specified using first device in list","module":"go-ios","udid":"00008120-001278CA3693C01E"}
{"time":"2026-08-14T17:26:31.429439+07:00","level":"WARN","msg":"failed to get tunnel info","udid":"00008120-001278CA3693C01E"}
{"time":"2026-08-14T17:26:31.429551+07:00","level":"INFO","msg":"Running wda","bundleid":"app.andromeda8191.beaver129","testbundleid":"app.andromeda8191.beaver129","xctestconfig":"WebDriverAgentRunner.xctest"}
{"time":"2026-08-14T17:26:31.552502+07:00","level":"ERROR","msg":"Failed running WDA","error":"runXUITestWithBundleIdsXcode15Ctx: cannot create a tunnel connection to testmanagerd: ConnectToServiceTunnelIface: Cannot connect to com.apple.dt.testmanagerd.remote, missing tunnel address and RSD port. To start the tunnel, run `ios tunnel start`"}
{"time":"2026-08-14T17:26:41.90821+07:00","level":"WARN","msg":"go-ios agent is not running. You might need to start it with 'ios tunnel start' for ios17+. Use ENABLE_GO_IOS_AGENT=user for userspace tunnel or ENABLE_GO_IOS_AGENT=kernel for kernel tunnel for the experimental daemon mode."}
{"time":"2026-08-14T17:26:41.909277+07:00","level":"INFO","msg":"no udid specified using first device in list","module":"go-ios","udid":"00008120-001278CA3693C01E"}
{"time":"2026-08-14T17:26:41.909676+07:00","level":"WARN","msg":"failed to get tunnel info","udid":"00008120-001278CA3693C01E"}
{"time":"2026-08-14T17:26:41.909767+07:00","level":"INFO","msg":"Running wda","bundleid":"app.andromeda8191.beaver129","testbundleid":"app.andromeda8191.beaver129","xctestconfig":"WebDriverAgentRunner.xctest"}
{"time":"2026-08-14T17:26:41.974867+07:00","level":"ERROR","msg":"Failed running WDA","error":"runXUITestWithBundleIdsXcode15Ctx: cannot create a tunnel connection to testmanagerd: ConnectToServiceTunnelIface: Cannot connect to com.apple.dt.testmanagerd.remote, missing tunnel address and RSD port. To start the tunnel, run `ios tunnel start`"}
{"time":"2026-08-14T17:26:52.332521+07:00","level":"WARN","msg":"go-ios agent is not running. You might need to start it with 'ios tunnel start' for ios17+. Use ENABLE_GO_IOS_AGENT=user for userspace tunnel or ENABLE_GO_IOS_AGENT=kernel for kernel tunnel for the experimental daemon mode."}
{"time":"2026-08-14T17:26:52.333736+07:00","level":"INFO","msg":"no udid specified using first device in list","module":"go-ios","udid":"00008120-001278CA3693C01E"}
{"time":"2026-08-14T17:26:52.334103+07:00","level":"WARN","msg":"failed to get tunnel info","udid":"00008120-001278CA3693C01E"}
{"time":"2026-08-14T17:26:52.334231+07:00","level":"INFO","msg":"Running wda","bundleid":"app.andromeda8191.beaver129","testbundleid":"app.andromeda8191.beaver129","xctestconfig":"WebDriverAgentRunner.xctest"}
{"time":"2026-08-14T17:26:52.435683+07:00","level":"ERROR","msg":"Failed running WDA","error":"runXUITestWithBundleIdsXcode15Ctx: cannot create a tunnel connection to testmanagerd: ConnectToServiceTunnelIface: Cannot connect to com.apple.dt.testmanagerd.remote, missing tunnel address and RSD port. To start the tunnel, run `ios tunnel start`"}
{"time":"2026-08-14T17:27:02.785894+07:00","level":"WARN","msg":"go-ios agent is not running. You might need to start it with 'ios tunnel start' for ios17+. Use ENABLE_GO_IOS_AGENT=user for userspace tunnel or ENABLE_GO_IOS_AGENT=kernel for kernel tunnel for the experimental daemon mode."}
{"time":"2026-08-14T17:27:02.787151+07:00","level":"INFO","msg":"no udid specified using first device in list","module":"go-ios","udid":"00008120-001278CA3693C01E"}
{"time":"2026-08-14T17:27:02.787557+07:00","level":"WARN","msg":"failed to get tunnel info","udid":"00008120-001278CA3693C01E"}
{"time":"2026-08-14T17:27:02.787635+07:00","level":"INFO","msg":"Running wda","bundleid":"app.andromeda8191.beaver129","testbundleid":"app.andromeda8191.beaver129","xctestconfig":"WebDriverAgentRunner.xctest"}
{"time":"2026-08-14T17:27:02.887431+07:00","level":"ERROR","msg":"Failed running WDA","error":"runXUITestWithBundleIdsXcode15Ctx: cannot create a tunnel connection to testmanagerd: ConnectToServiceTunnelIface: Cannot connect to com.apple.dt.testmanagerd.remote, missing tunnel address and RSD port. To start the tunnel, run `ios tunnel start`"}
{"time":"2026-08-14T17:27:13.240451+07:00","level":"WARN","msg":"go-ios agent is not running. You might need to start it with 'ios tunnel start' for ios17+. Use ENABLE_GO_IOS_AGENT=user for userspace tunnel or ENABLE_GO_IOS_AGENT=kernel for kernel tunnel for the experimental daemon mode."}
{"time":"2026-08-14T17:27:13.241563+07:00","level":"INFO","msg":"no udid specified using first device in list","module":"go-ios","udid":"00008120-001278CA3693C01E"}
{"time":"2026-08-14T17:27:13.241818+07:00","level":"WARN","msg":"failed to get tunnel info","udid":"00008120-001278CA3693C01E"}
{"time":"2026-08-14T17:27:13.241897+07:00","level":"INFO","msg":"Running wda","bundleid":"app.andromeda8191.beaver129","testbundleid":"app.andromeda8191.beaver129","xctestconfig":"WebDriverAgentRunner.xctest"}
{"time":"2026-08-14T17:27:13.332554+07:00","level":"ERROR","msg":"Failed running WDA","error":"runXUITestWithBundleIdsXcode15Ctx: cannot create a tunnel connection to testmanagerd: ConnectToServiceTunnelIface: Cannot connect to com.apple.dt.testmanagerd.remote, missing tunnel address and RSD port. To start the tunnel, run `ios tunnel start`"}
{"time":"2026-08-14T17:27:23.690535+07:00","level":"WARN","msg":"go-ios agent is not running. You might need to start it with 'ios tunnel start' for ios17+. Use ENABLE_GO_IOS_AGENT=user for userspace tunnel or ENABLE_GO_IOS_AGENT=kernel for kernel tunnel for the experimental daemon mode."}
{"time":"2026-08-14T17:27:23.691678+07:00","level":"INFO","msg":"no udid specified using first device in list","module":"go-ios","udid":"00008120-001278CA3693C01E"}
{"time":"2026-08-14T17:27:23.692046+07:00","level":"WARN","msg":"failed to get tunnel info","udid":"00008120-001278CA3693C01E"}
{"time":"2026-08-14T17:27:23.692099+07:00","level":"INFO","msg":"Running wda","bundleid":"app.andromeda8191.beaver129","testbundleid":"app.andromeda8191.beaver129","xctestconfig":"WebDriverAgentRunner.xctest"}
{"time":"2026-08-14T17:27:23.77589+07:00","level":"ERROR","msg":"Failed running WDA","error":"runXUITestWithBundleIdsXcode15Ctx: cannot create a tunnel connection to testmanagerd: ConnectToServiceTunnelIface: Cannot connect to com.apple.dt.testmanagerd.remote, missing tunnel address and RSD port. To start the tunnel, run `ios tunnel start`"}
{"time":"2026-08-14T17:27:34.135015+07:00","level":"WARN","msg":"go-ios agent is not running. You might need to start it with 'ios tunnel start' for ios17+. Use ENABLE_GO_IOS_AGENT=user for userspace tunnel or ENABLE_GO_IOS_AGENT=kernel for kernel tunnel for the experimental daemon mode."}
{"time":"2026-08-14T17:27:34.136235+07:00","level":"INFO","msg":"no udid specified using first device in list","module":"go-ios","udid":"00008120-001278CA3693C01E"}
{"time":"2026-08-14T17:27:34.136703+07:00","level":"WARN","msg":"failed to get tunnel info","udid":"00008120-001278CA3693C01E"}
{"time":"2026-08-14T17:27:34.136782+07:00","level":"INFO","msg":"Running wda","bundleid":"app.andromeda8191.beaver129","testbundleid":"app.andromeda8191.beaver129","xctestconfig":"WebDriverAgentRunner.xctest"}
{"time":"2026-08-14T17:27:34.221863+07:00","level":"ERROR","msg":"Failed running WDA","error":"runXUITestWithBundleIdsXcode15Ctx: cannot create a tunnel connection to testmanagerd: ConnectToServiceTunnelIface: Cannot connect to com.apple.dt.testmanagerd.remote, missing tunnel address and RSD port. To start the tunnel, run `ios tunnel start`"}
{"time":"2026-08-14T17:27:44.580058+07:00","level":"WARN","msg":"go-ios agent is not running. You might need to start it with 'ios tunnel start' for ios17+. Use ENABLE_GO_IOS_AGENT=user for userspace tunnel or ENABLE_GO_IOS_AGENT=kernel for kernel tunnel for the experimental daemon mode."}
{"time":"2026-08-14T17:27:44.581719+07:00","level":"INFO","msg":"no udid specified using first device in list","module":"go-ios","udid":"00008120-001278CA3693C01E"}
{"time":"2026-08-14T17:27:44.582397+07:00","level":"WARN","msg":"failed to get tunnel info","udid":"00008120-001278CA3693C01E"}
{"time":"2026-08-14T17:27:44.582454+07:00","level":"INFO","msg":"Running wda","bundleid":"app.andromeda8191.beaver129","testbundleid":"app.andromeda8191.beaver129","xctestconfig":"WebDriverAgentRunner.xctest"}
{"time":"2026-08-14T17:27:44.641063+07:00","level":"ERROR","msg":"Failed running WDA","error":"runXUITestWithBundleIdsXcode15Ctx: cannot create a tunnel connection to testmanagerd: ConnectToServiceTunnelIface: Cannot connect to com.apple.dt.testmanagerd.remote, missing tunnel address and RSD port. To start the tunnel, run `ios tunnel start`"}
{"time":"2026-08-14T17:27:55.000738+07:00","level":"WARN","msg":"go-ios agent is not running. You might need to start it with 'ios tunnel start' for ios17+. Use ENABLE_GO_IOS_AGENT=user for userspace tunnel or ENABLE_GO_IOS_AGENT=kernel for kernel tunnel for the experimental daemon mode."}
{"time":"2026-08-14T17:27:55.002509+07:00","level":"INFO","msg":"no udid specified using first device in list","module":"go-ios","udid":"00008120-001278CA3693C01E"}
{"time":"2026-08-14T17:27:55.003433+07:00","level":"WARN","msg":"failed to get tunnel info","udid":"00008120-001278CA3693C01E"}
{"time":"2026-08-14T17:27:55.003499+07:00","level":"INFO","msg":"Running wda","bundleid":"app.andromeda8191.beaver129","testbundleid":"app.andromeda8191.beaver129","xctestconfig":"WebDriverAgentRunner.xctest"}
{"time":"2026-08-14T17:27:55.073153+07:00","level":"ERROR","msg":"Failed running WDA","error":"runXUITestWithBundleIdsXcode15Ctx: cannot create a tunnel connection to testmanagerd: ConnectToServiceTunnelIface: Cannot connect to com.apple.dt.testmanagerd.remote, missing tunnel address and RSD port. To start the tunnel, run `ios tunnel start`"}
{"time":"2026-08-14T17:28:05.430241+07:00","level":"WARN","msg":"go-ios agent is not running. You might need to start it with 'ios tunnel start' for ios17+. Use ENABLE_GO_IOS_AGENT=user for userspace tunnel or ENABLE_GO_IOS_AGENT=kernel for kernel tunnel for the experimental daemon mode."}
{"time":"2026-08-14T17:28:05.431391+07:00","level":"INFO","msg":"no udid specified using first device in list","module":"go-ios","udid":"00008120-001278CA3693C01E"}
{"time":"2026-08-14T17:28:05.43176+07:00","level":"WARN","msg":"failed to get tunnel info","udid":"00008120-001278CA3693C01E"}
{"time":"2026-08-14T17:28:05.431839+07:00","level":"INFO","msg":"Running wda","bundleid":"app.andromeda8191.beaver129","testbundleid":"app.andromeda8191.beaver129","xctestconfig":"WebDriverAgentRunner.xctest"}
{"time":"2026-08-14T17:28:05.552918+07:00","level":"ERROR","msg":"Failed running WDA","error":"runXUITestWithBundleIdsXcode15Ctx: cannot create a tunnel connection to testmanagerd: ConnectToServiceTunnelIface: Cannot connect to com.apple.dt.testmanagerd.remote, missing tunnel address and RSD port. To start the tunnel, run `ios tunnel start`"}
{"time":"2026-08-14T17:28:15.911787+07:00","level":"WARN","msg":"go-ios agent is not running. You might need to start it with 'ios tunnel start' for ios17+. Use ENABLE_GO_IOS_AGENT=user for userspace tunnel or ENABLE_GO_IOS_AGENT=kernel for kernel tunnel for the experimental daemon mode."}
{"time":"2026-08-14T17:28:15.912917+07:00","level":"INFO","msg":"no udid specified using first device in list","module":"go-ios","udid":"00008120-001278CA3693C01E"}
{"time":"2026-08-14T17:28:15.913225+07:00","level":"WARN","msg":"failed to get tunnel info","udid":"00008120-001278CA3693C01E"}
{"time":"2026-08-14T17:28:15.913309+07:00","level":"INFO","msg":"Running wda","bundleid":"app.andromeda8191.beaver129","testbundleid":"app.andromeda8191.beaver129","xctestconfig":"WebDriverAgentRunner.xctest"}
{"time":"2026-08-14T17:28:15.977469+07:00","level":"ERROR","msg":"Failed running WDA","error":"runXUITestWithBundleIdsXcode15Ctx: cannot create a tunnel connection to testmanagerd: ConnectToServiceTunnelIface: Cannot connect to com.apple.dt.testmanagerd.remote, missing tunnel address and RSD port. To start the tunnel, run `ios tunnel start`"}
{"time":"2026-08-14T17:28:26.33189+07:00","level":"WARN","msg":"go-ios agent is not running. You might need to start it with 'ios tunnel start' for ios17+. Use ENABLE_GO_IOS_AGENT=user for userspace tunnel or ENABLE_GO_IOS_AGENT=kernel for kernel tunnel for the experimental daemon mode."}
{"time":"2026-08-14T17:28:26.333154+07:00","level":"INFO","msg":"no udid specified using first device in list","module":"go-ios","udid":"00008120-001278CA3693C01E"}
{"time":"2026-08-14T17:28:26.333502+07:00","level":"WARN","msg":"failed to get tunnel info","udid":"00008120-001278CA3693C01E"}
{"time":"2026-08-14T17:28:26.333581+07:00","level":"INFO","msg":"Running wda","bundleid":"app.andromeda8191.beaver129","testbundleid":"app.andromeda8191.beaver129","xctestconfig":"WebDriverAgentRunner.xctest"}
{"time":"2026-08-14T17:28:26.446591+07:00","level":"ERROR","msg":"Failed running WDA","error":"runXUITestWithBundleIdsXcode15Ctx: cannot create a tunnel connection to testmanagerd: ConnectToServiceTunnelIface: Cannot connect to com.apple.dt.testmanagerd.remote, missing tunnel address and RSD port. To start the tunnel, run `ios tunnel start`"}
{"time":"2026-08-14T17:28:36.795422+07:00","level":"WARN","msg":"go-ios agent is not running. You might need to start it with 'ios tunnel start' for ios17+. Use ENABLE_GO_IOS_AGENT=user for userspace tunnel or ENABLE_GO_IOS_AGENT=kernel for kernel tunnel for the experimental daemon mode."}
{"time":"2026-08-14T17:28:36.79647+07:00","level":"INFO","msg":"no udid specified using first device in list","module":"go-ios","udid":"00008120-001278CA3693C01E"}
{"time":"2026-08-14T17:28:36.796872+07:00","level":"WARN","msg":"failed to get tunnel info","udid":"00008120-001278CA3693C01E"}
{"time":"2026-08-14T17:28:36.796961+07:00","level":"INFO","msg":"Running wda","bundleid":"app.andromeda8191.beaver129","testbundleid":"app.andromeda8191.beaver129","xctestconfig":"WebDriverAgentRunner.xctest"}
{"time":"2026-08-14T17:28:36.899463+07:00","level":"ERROR","msg":"Failed running WDA","error":"runXUITestWithBundleIdsXcode15Ctx: cannot create a tunnel connection to testmanagerd: ConnectToServiceTunnelIface: Cannot connect to com.apple.dt.testmanagerd.remote, missing tunnel address and RSD port. To start the tunnel, run `ios tunnel start`"}
{"time":"2026-08-14T17:28:47.257737+07:00","level":"WARN","msg":"go-ios agent is not running. You might need to start it with 'ios tunnel start' for ios17+. Use ENABLE_GO_IOS_AGENT=user for userspace tunnel or ENABLE_GO_IOS_AGENT=kernel for kernel tunnel for the experimental daemon mode."}
{"time":"2026-08-14T17:28:47.258802+07:00","level":"INFO","msg":"no udid specified using first device in list","module":"go-ios","udid":"00008120-001278CA3693C01E"}
{"time":"2026-08-14T17:28:47.259182+07:00","level":"WARN","msg":"failed to get tunnel info","udid":"00008120-001278CA3693C01E"}
{"time":"2026-08-14T17:28:47.259268+07:00","level":"INFO","msg":"Running wda","bundleid":"app.andromeda8191.beaver129","testbundleid":"app.andromeda8191.beaver129","xctestconfig":"WebDriverAgentRunner.xctest"}
{"time":"2026-08-14T17:28:47.34065+07:00","level":"ERROR","msg":"Failed running WDA","error":"runXUITestWithBundleIdsXcode15Ctx: cannot create a tunnel connection to testmanagerd: ConnectToServiceTunnelIface: Cannot connect to com.apple.dt.testmanagerd.remote, missing tunnel address and RSD port. To start the tunnel, run `ios tunnel start`"}
{"time":"2026-08-14T17:28:57.705166+07:00","level":"WARN","msg":"go-ios agent is not running. You might need to start it with 'ios tunnel start' for ios17+. Use ENABLE_GO_IOS_AGENT=user for userspace tunnel or ENABLE_GO_IOS_AGENT=kernel for kernel tunnel for the experimental daemon mode."}
{"time":"2026-08-14T17:28:57.706317+07:00","level":"INFO","msg":"no udid specified using first device in list","module":"go-ios","udid":"00008120-001278CA3693C01E"}
{"time":"2026-08-14T17:28:57.706634+07:00","level":"WARN","msg":"failed to get tunnel info","udid":"00008120-001278CA3693C01E"}
{"time":"2026-08-14T17:28:57.706681+07:00","level":"INFO","msg":"Running wda","bundleid":"app.andromeda8191.beaver129","testbundleid":"app.andromeda8191.beaver129","xctestconfig":"WebDriverAgentRunner.xctest"}
{"time":"2026-08-14T17:28:57.778605+07:00","level":"ERROR","msg":"Failed running WDA","error":"runXUITestWithBundleIdsXcode15Ctx: cannot create a tunnel connection to testmanagerd: ConnectToServiceTunnelIface: Cannot connect to com.apple.dt.testmanagerd.remote, missing tunnel address and RSD port. To start the tunnel, run `ios tunnel start`"}
{"time":"2026-08-14T17:29:08.137276+07:00","level":"WARN","msg":"go-ios agent is not running. You might need to start it with 'ios tunnel start' for ios17+. Use ENABLE_GO_IOS_AGENT=user for userspace tunnel or ENABLE_GO_IOS_AGENT=kernel for kernel tunnel for the experimental daemon mode."}
{"time":"2026-08-14T17:29:08.138352+07:00","level":"INFO","msg":"no udid specified using first device in list","module":"go-ios","udid":"00008120-001278CA3693C01E"}
{"time":"2026-08-14T17:29:08.13874+07:00","level":"WARN","msg":"failed to get tunnel info","udid":"00008120-001278CA3693C01E"}
{"time":"2026-08-14T17:29:08.138796+07:00","level":"INFO","msg":"Running wda","bundleid":"app.andromeda8191.beaver129","testbundleid":"app.andromeda8191.beaver129","xctestconfig":"WebDriverAgentRunner.xctest"}
{"time":"2026-08-14T17:29:08.227585+07:00","level":"ERROR","msg":"Failed running WDA","error":"runXUITestWithBundleIdsXcode15Ctx: cannot create a tunnel connection to testmanagerd: ConnectToServiceTunnelIface: Cannot connect to com.apple.dt.testmanagerd.remote, missing tunnel address and RSD port. To start the tunnel, run `ios tunnel start`"}
{"time":"2026-08-14T17:29:18.58468+07:00","level":"WARN","msg":"go-ios agent is not running. You might need to start it with 'ios tunnel start' for ios17+. Use ENABLE_GO_IOS_AGENT=user for userspace tunnel or ENABLE_GO_IOS_AGENT=kernel for kernel tunnel for the experimental daemon mode."}
{"time":"2026-08-14T17:29:18.585891+07:00","level":"INFO","msg":"no udid specified using first device in list","module":"go-ios","udid":"00008120-001278CA3693C01E"}
{"time":"2026-08-14T17:29:18.586301+07:00","level":"WARN","msg":"failed to get tunnel info","udid":"00008120-001278CA3693C01E"}
{"time":"2026-08-14T17:29:18.58638+07:00","level":"INFO","msg":"Running wda","bundleid":"app.andromeda8191.beaver129","testbundleid":"app.andromeda8191.beaver129","xctestconfig":"WebDriverAgentRunner.xctest"}
{"time":"2026-08-14T17:29:18.660774+07:00","level":"ERROR","msg":"Failed running WDA","error":"runXUITestWithBundleIdsXcode15Ctx: cannot create a tunnel connection to testmanagerd: ConnectToServiceTunnelIface: Cannot connect to com.apple.dt.testmanagerd.remote, missing tunnel address and RSD port. To start the tunnel, run `ios tunnel start`"}
{"time":"2026-08-14T17:29:29.014934+07:00","level":"WARN","msg":"go-ios agent is not running. You might need to start it with 'ios tunnel start' for ios17+. Use ENABLE_GO_IOS_AGENT=user for userspace tunnel or ENABLE_GO_IOS_AGENT=kernel for kernel tunnel for the experimental daemon mode."}
{"time":"2026-08-14T17:29:29.016539+07:00","level":"INFO","msg":"no udid specified using first device in list","module":"go-ios","udid":"00008120-001278CA3693C01E"}
{"time":"2026-08-14T17:29:29.017403+07:00","level":"WARN","msg":"failed to get tunnel info","udid":"00008120-001278CA3693C01E"}
{"time":"2026-08-14T17:29:29.017579+07:00","level":"INFO","msg":"Running wda","bundleid":"app.andromeda8191.beaver129","testbundleid":"app.andromeda8191.beaver129","xctestconfig":"WebDriverAgentRunner.xctest"}
{"time":"2026-08-14T17:29:29.080899+07:00","level":"ERROR","msg":"Failed running WDA","error":"runXUITestWithBundleIdsXcode15Ctx: cannot create a tunnel connection to testmanagerd: ConnectToServiceTunnelIface: Cannot connect to com.apple.dt.testmanagerd.remote, missing tunnel address and RSD port. To start the tunnel, run `ios tunnel start`"}
{"time":"2026-08-14T17:29:39.440455+07:00","level":"WARN","msg":"go-ios agent is not running. You might need to start it with 'ios tunnel start' for ios17+. Use ENABLE_GO_IOS_AGENT=user for userspace tunnel or ENABLE_GO_IOS_AGENT=kernel for kernel tunnel for the experimental daemon mode."}
{"time":"2026-08-14T17:29:39.441798+07:00","level":"INFO","msg":"no udid specified using first device in list","module":"go-ios","udid":"00008120-001278CA3693C01E"}
{"time":"2026-08-14T17:29:39.442113+07:00","level":"WARN","msg":"failed to get tunnel info","udid":"00008120-001278CA3693C01E"}
{"time":"2026-08-14T17:29:39.442159+07:00","level":"INFO","msg":"Running wda","bundleid":"app.andromeda8191.beaver129","testbundleid":"app.andromeda8191.beaver129","xctestconfig":"WebDriverAgentRunner.xctest"}
{"time":"2026-08-14T17:29:39.565873+07:00","level":"ERROR","msg":"Failed running WDA","error":"runXUITestWithBundleIdsXcode15Ctx: cannot create a tunnel connection to testmanagerd: ConnectToServiceTunnelIface: Cannot connect to com.apple.dt.testmanagerd.remote, missing tunnel address and RSD port. To start the tunnel, run `ios tunnel start`"}
{"time":"2026-08-14T17:29:49.925126+07:00","level":"WARN","msg":"go-ios agent is not running. You might need to start it with 'ios tunnel start' for ios17+. Use ENABLE_GO_IOS_AGENT=user for userspace tunnel or ENABLE_GO_IOS_AGENT=kernel for kernel tunnel for the experimental daemon mode."}
{"time":"2026-08-14T17:29:49.926526+07:00","level":"INFO","msg":"no udid specified using first device in list","module":"go-ios","udid":"00008120-001278CA3693C01E"}
{"time":"2026-08-14T17:29:49.926889+07:00","level":"WARN","msg":"failed to get tunnel info","udid":"00008120-001278CA3693C01E"}
{"time":"2026-08-14T17:29:49.92696+07:00","level":"INFO","msg":"Running wda","bundleid":"app.andromeda8191.beaver129","testbundleid":"app.andromeda8191.beaver129","xctestconfig":"WebDriverAgentRunner.xctest"}
{"time":"2026-08-14T17:29:49.983289+07:00","level":"ERROR","msg":"Failed running WDA","error":"runXUITestWithBundleIdsXcode15Ctx: cannot create a tunnel connection to testmanagerd: ConnectToServiceTunnelIface: Cannot connect to com.apple.dt.testmanagerd.remote, missing tunnel address and RSD port. To start the tunnel, run `ios tunnel start`"}
{"time":"2026-08-14T17:30:00.339493+07:00","level":"WARN","msg":"go-ios agent is not running. You might need to start it with 'ios tunnel start' for ios17+. Use ENABLE_GO_IOS_AGENT=user for userspace tunnel or ENABLE_GO_IOS_AGENT=kernel for kernel tunnel for the experimental daemon mode."}
{"time":"2026-08-14T17:30:00.340563+07:00","level":"INFO","msg":"no udid specified using first device in list","module":"go-ios","udid":"00008120-001278CA3693C01E"}
{"time":"2026-08-14T17:30:00.340864+07:00","level":"WARN","msg":"failed to get tunnel info","udid":"00008120-001278CA3693C01E"}
{"time":"2026-08-14T17:30:00.340936+07:00","level":"INFO","msg":"Running wda","bundleid":"app.andromeda8191.beaver129","testbundleid":"app.andromeda8191.beaver129","xctestconfig":"WebDriverAgentRunner.xctest"}
{"time":"2026-08-14T17:30:00.449595+07:00","level":"ERROR","msg":"Failed running WDA","error":"runXUITestWithBundleIdsXcode15Ctx: cannot create a tunnel connection to testmanagerd: ConnectToServiceTunnelIface: Cannot connect to com.apple.dt.testmanagerd.remote, missing tunnel address and RSD port. To start the tunnel, run `ios tunnel start`"}
{"time":"2026-08-14T17:30:10.803414+07:00","level":"WARN","msg":"go-ios agent is not running. You might need to start it with 'ios tunnel start' for ios17+. Use ENABLE_GO_IOS_AGENT=user for userspace tunnel or ENABLE_GO_IOS_AGENT=kernel for kernel tunnel for the experimental daemon mode."}
{"time":"2026-08-14T17:30:10.805409+07:00","level":"INFO","msg":"no udid specified using first device in list","module":"go-ios","udid":"00008120-001278CA3693C01E"}
{"time":"2026-08-14T17:30:10.805887+07:00","level":"WARN","msg":"failed to get tunnel info","udid":"00008120-001278CA3693C01E"}
{"time":"2026-08-14T17:30:10.806078+07:00","level":"INFO","msg":"Running wda","bundleid":"app.andromeda8191.beaver129","testbundleid":"app.andromeda8191.beaver129","xctestconfig":"WebDriverAgentRunner.xctest"}
{"time":"2026-08-14T17:30:10.87224+07:00","level":"ERROR","msg":"Failed running WDA","error":"runXUITestWithBundleIdsXcode15Ctx: cannot create a tunnel connection to testmanagerd: ConnectToServiceTunnelIface: Cannot connect to com.apple.dt.testmanagerd.remote, missing tunnel address and RSD port. To start the tunnel, run `ios tunnel start`"}
{"time":"2026-08-14T17:30:21.218549+07:00","level":"WARN","msg":"go-ios agent is not running. You might need to start it with 'ios tunnel start' for ios17+. Use ENABLE_GO_IOS_AGENT=user for userspace tunnel or ENABLE_GO_IOS_AGENT=kernel for kernel tunnel for the experimental daemon mode."}
{"time":"2026-08-14T17:30:21.219611+07:00","level":"INFO","msg":"no udid specified using first device in list","module":"go-ios","udid":"00008120-001278CA3693C01E"}
{"time":"2026-08-14T17:30:21.219941+07:00","level":"WARN","msg":"failed to get tunnel info","udid":"00008120-001278CA3693C01E"}
{"time":"2026-08-14T17:30:21.220015+07:00","level":"INFO","msg":"Running wda","bundleid":"app.andromeda8191.beaver129","testbundleid":"app.andromeda8191.beaver129","xctestconfig":"WebDriverAgentRunner.xctest"}
{"time":"2026-08-14T17:30:21.347744+07:00","level":"ERROR","msg":"Failed running WDA","error":"runXUITestWithBundleIdsXcode15Ctx: cannot create a tunnel connection to testmanagerd: ConnectToServiceTunnelIface: Cannot connect to com.apple.dt.testmanagerd.remote, missing tunnel address and RSD port. To start the tunnel, run `ios tunnel start`"}
{"time":"2026-08-14T17:30:31.706129+07:00","level":"WARN","msg":"go-ios agent is not running. You might need to start it with 'ios tunnel start' for ios17+. Use ENABLE_GO_IOS_AGENT=user for userspace tunnel or ENABLE_GO_IOS_AGENT=kernel for kernel tunnel for the experimental daemon mode."}
{"time":"2026-08-14T17:30:31.707841+07:00","level":"INFO","msg":"no udid specified using first device in list","module":"go-ios","udid":"00008120-001278CA3693C01E"}
{"time":"2026-08-14T17:30:31.708606+07:00","level":"WARN","msg":"failed to get tunnel info","udid":"00008120-001278CA3693C01E"}
{"time":"2026-08-14T17:30:31.708686+07:00","level":"INFO","msg":"Running wda","bundleid":"app.andromeda8191.beaver129","testbundleid":"app.andromeda8191.beaver129","xctestconfig":"WebDriverAgentRunner.xctest"}
{"time":"2026-08-14T17:30:31.795991+07:00","level":"ERROR","msg":"Failed running WDA","error":"runXUITestWithBundleIdsXcode15Ctx: cannot create a tunnel connection to testmanagerd: ConnectToServiceTunnelIface: Cannot connect to com.apple.dt.testmanagerd.remote, missing tunnel address and RSD port. To start the tunnel, run `ios tunnel start`"}
{"time":"2026-08-14T17:30:42.146354+07:00","level":"WARN","msg":"go-ios agent is not running. You might need to start it with 'ios tunnel start' for ios17+. Use ENABLE_GO_IOS_AGENT=user for userspace tunnel or ENABLE_GO_IOS_AGENT=kernel for kernel tunnel for the experimental daemon mode."}
{"time":"2026-08-14T17:30:42.147477+07:00","level":"INFO","msg":"no udid specified using first device in list","module":"go-ios","udid":"00008120-001278CA3693C01E"}
{"time":"2026-08-14T17:30:42.147913+07:00","level":"WARN","msg":"failed to get tunnel info","udid":"00008120-001278CA3693C01E"}
{"time":"2026-08-14T17:30:42.148+07:00","level":"INFO","msg":"Running wda","bundleid":"app.andromeda8191.beaver129","testbundleid":"app.andromeda8191.beaver129","xctestconfig":"WebDriverAgentRunner.xctest"}
{"time":"2026-08-14T17:30:42.237478+07:00","level":"ERROR","msg":"Failed running WDA","error":"runXUITestWithBundleIdsXcode15Ctx: cannot create a tunnel connection to testmanagerd: ConnectToServiceTunnelIface: Cannot connect to com.apple.dt.testmanagerd.remote, missing tunnel address and RSD port. To start the tunnel, run `ios tunnel start`"}
{"time":"2026-08-14T17:30:52.59507+07:00","level":"WARN","msg":"go-ios agent is not running. You might need to start it with 'ios tunnel start' for ios17+. Use ENABLE_GO_IOS_AGENT=user for userspace tunnel or ENABLE_GO_IOS_AGENT=kernel for kernel tunnel for the experimental daemon mode."}
{"time":"2026-08-14T17:30:52.596697+07:00","level":"INFO","msg":"no udid specified using first device in list","module":"go-ios","udid":"00008120-001278CA3693C01E"}
{"time":"2026-08-14T17:30:52.597282+07:00","level":"WARN","msg":"failed to get tunnel info","udid":"00008120-001278CA3693C01E"}
{"time":"2026-08-14T17:30:52.597358+07:00","level":"INFO","msg":"Running wda","bundleid":"app.andromeda8191.beaver129","testbundleid":"app.andromeda8191.beaver129","xctestconfig":"WebDriverAgentRunner.xctest"}
{"time":"2026-08-14T17:30:52.678962+07:00","level":"ERROR","msg":"Failed running WDA","error":"runXUITestWithBundleIdsXcode15Ctx: cannot create a tunnel connection to testmanagerd: ConnectToServiceTunnelIface: Cannot connect to com.apple.dt.testmanagerd.remote, missing tunnel address and RSD port. To start the tunnel, run `ios tunnel start`"}
{"time":"2026-08-14T17:31:03.030677+07:00","level":"WARN","msg":"go-ios agent is not running. You might need to start it with 'ios tunnel start' for ios17+. Use ENABLE_GO_IOS_AGENT=user for userspace tunnel or ENABLE_GO_IOS_AGENT=kernel for kernel tunnel for the experimental daemon mode."}
{"time":"2026-08-14T17:31:03.031794+07:00","level":"INFO","msg":"no udid specified using first device in list","module":"go-ios","udid":"00008120-001278CA3693C01E"}
{"time":"2026-08-14T17:31:03.032054+07:00","level":"WARN","msg":"failed to get tunnel info","udid":"00008120-001278CA3693C01E"}
{"time":"2026-08-14T17:31:03.032102+07:00","level":"INFO","msg":"Running wda","bundleid":"app.andromeda8191.beaver129","testbundleid":"app.andromeda8191.beaver129","xctestconfig":"WebDriverAgentRunner.xctest"}
{"time":"2026-08-14T17:31:03.093648+07:00","level":"ERROR","msg":"Failed running WDA","error":"runXUITestWithBundleIdsXcode15Ctx: cannot create a tunnel connection to testmanagerd: ConnectToServiceTunnelIface: Cannot connect to com.apple.dt.testmanagerd.remote, missing tunnel address and RSD port. To start the tunnel, run `ios tunnel start`"}
{"time":"2026-08-14T17:31:13.453184+07:00","level":"WARN","msg":"go-ios agent is not running. You might need to start it with 'ios tunnel start' for ios17+. Use ENABLE_GO_IOS_AGENT=user for userspace tunnel or ENABLE_GO_IOS_AGENT=kernel for kernel tunnel for the experimental daemon mode."}
{"time":"2026-08-14T17:31:13.454354+07:00","level":"INFO","msg":"no udid specified using first device in list","module":"go-ios","udid":"00008120-001278CA3693C01E"}
{"time":"2026-08-14T17:31:13.454708+07:00","level":"WARN","msg":"failed to get tunnel info","udid":"00008120-001278CA3693C01E"}
{"time":"2026-08-14T17:31:13.454802+07:00","level":"INFO","msg":"Running wda","bundleid":"app.andromeda8191.beaver129","testbundleid":"app.andromeda8191.beaver129","xctestconfig":"WebDriverAgentRunner.xctest"}
{"time":"2026-08-14T17:31:13.510971+07:00","level":"ERROR","msg":"Failed running WDA","error":"runXUITestWithBundleIdsXcode15Ctx: cannot create a tunnel connection to testmanagerd: ConnectToServiceTunnelIface: Cannot connect to com.apple.dt.testmanagerd.remote, missing tunnel address and RSD port. To start the tunnel, run `ios tunnel start`"}
{"time":"2026-08-14T17:31:23.852568+07:00","level":"WARN","msg":"go-ios agent is not running. You might need to start it with 'ios tunnel start' for ios17+. Use ENABLE_GO_IOS_AGENT=user for userspace tunnel or ENABLE_GO_IOS_AGENT=kernel for kernel tunnel for the experimental daemon mode."}
{"time":"2026-08-14T17:31:23.853684+07:00","level":"INFO","msg":"no udid specified using first device in list","module":"go-ios","udid":"00008120-001278CA3693C01E"}
{"time":"2026-08-14T17:31:23.854046+07:00","level":"WARN","msg":"failed to get tunnel info","udid":"00008120-001278CA3693C01E"}
{"time":"2026-08-14T17:31:23.85412+07:00","level":"INFO","msg":"Running wda","bundleid":"app.andromeda8191.beaver129","testbundleid":"app.andromeda8191.beaver129","xctestconfig":"WebDriverAgentRunner.xctest"}
{"time":"2026-08-14T17:31:23.912917+07:00","level":"ERROR","msg":"Failed running WDA","error":"runXUITestWithBundleIdsXcode15Ctx: cannot create a tunnel connection to testmanagerd: ConnectToServiceTunnelIface: Cannot connect to com.apple.dt.testmanagerd.remote, missing tunnel address and RSD port. To start the tunnel, run `ios tunnel start`"}
{"time":"2026-08-14T17:31:34.271283+07:00","level":"WARN","msg":"go-ios agent is not running. You might need to start it with 'ios tunnel start' for ios17+. Use ENABLE_GO_IOS_AGENT=user for userspace tunnel or ENABLE_GO_IOS_AGENT=kernel for kernel tunnel for the experimental daemon mode."}
{"time":"2026-08-14T17:31:34.272483+07:00","level":"INFO","msg":"no udid specified using first device in list","module":"go-ios","udid":"00008120-001278CA3693C01E"}
{"time":"2026-08-14T17:31:34.272848+07:00","level":"WARN","msg":"failed to get tunnel info","udid":"00008120-001278CA3693C01E"}
{"time":"2026-08-14T17:31:34.272917+07:00","level":"INFO","msg":"Running wda","bundleid":"app.andromeda8191.beaver129","testbundleid":"app.andromeda8191.beaver129","xctestconfig":"WebDriverAgentRunner.xctest"}
{"time":"2026-08-14T17:31:34.336276+07:00","level":"ERROR","msg":"Failed running WDA","error":"runXUITestWithBundleIdsXcode15Ctx: cannot create a tunnel connection to testmanagerd: ConnectToServiceTunnelIface: Cannot connect to com.apple.dt.testmanagerd.remote, missing tunnel address and RSD port. To start the tunnel, run `ios tunnel start`"}
{"time":"2026-08-14T17:31:44.695345+07:00","level":"WARN","msg":"go-ios agent is not running. You might need to start it with 'ios tunnel start' for ios17+. Use ENABLE_GO_IOS_AGENT=user for userspace tunnel or ENABLE_GO_IOS_AGENT=kernel for kernel tunnel for the experimental daemon mode."}
{"time":"2026-08-14T17:31:44.69694+07:00","level":"INFO","msg":"no udid specified using first device in list","module":"go-ios","udid":"00008120-001278CA3693C01E"}
{"time":"2026-08-14T17:31:44.697658+07:00","level":"WARN","msg":"failed to get tunnel info","udid":"00008120-001278CA3693C01E"}
{"time":"2026-08-14T17:31:44.69774+07:00","level":"INFO","msg":"Running wda","bundleid":"app.andromeda8191.beaver129","testbundleid":"app.andromeda8191.beaver129","xctestconfig":"WebDriverAgentRunner.xctest"}
{"time":"2026-08-14T17:31:44.759928+07:00","level":"ERROR","msg":"Failed running WDA","error":"runXUITestWithBundleIdsXcode15Ctx: cannot create a tunnel connection to testmanagerd: ConnectToServiceTunnelIface: Cannot connect to com.apple.dt.testmanagerd.remote, missing tunnel address and RSD port. To start the tunnel, run `ios tunnel start`"}
{"time":"2026-08-14T17:31:55.120465+07:00","level":"WARN","msg":"go-ios agent is not running. You might need to start it with 'ios tunnel start' for ios17+. Use ENABLE_GO_IOS_AGENT=user for userspace tunnel or ENABLE_GO_IOS_AGENT=kernel for kernel tunnel for the experimental daemon mode."}
{"time":"2026-08-14T17:31:55.121695+07:00","level":"INFO","msg":"no udid specified using first device in list","module":"go-ios","udid":"00008120-001278CA3693C01E"}
{"time":"2026-08-14T17:31:55.121992+07:00","level":"WARN","msg":"failed to get tunnel info","udid":"00008120-001278CA3693C01E"}
{"time":"2026-08-14T17:31:55.12207+07:00","level":"INFO","msg":"Running wda","bundleid":"app.andromeda8191.beaver129","testbundleid":"app.andromeda8191.beaver129","xctestconfig":"WebDriverAgentRunner.xctest"}
{"time":"2026-08-14T17:31:55.243333+07:00","level":"ERROR","msg":"Failed running WDA","error":"runXUITestWithBundleIdsXcode15Ctx: cannot create a tunnel connection to testmanagerd: ConnectToServiceTunnelIface: Cannot connect to com.apple.dt.testmanagerd.remote, missing tunnel address and RSD port. To start the tunnel, run `ios tunnel start`"}
{"time":"2026-08-14T17:32:05.601073+07:00","level":"WARN","msg":"go-ios agent is not running. You might need to start it with 'ios tunnel start' for ios17+. Use ENABLE_GO_IOS_AGENT=user for userspace tunnel or ENABLE_GO_IOS_AGENT=kernel for kernel tunnel for the experimental daemon mode."}
{"time":"2026-08-14T17:32:05.602177+07:00","level":"INFO","msg":"no udid specified using first device in list","module":"go-ios","udid":"00008120-001278CA3693C01E"}
{"time":"2026-08-14T17:32:05.602617+07:00","level":"WARN","msg":"failed to get tunnel info","udid":"00008120-001278CA3693C01E"}
{"time":"2026-08-14T17:32:05.602671+07:00","level":"INFO","msg":"Running wda","bundleid":"app.andromeda8191.beaver129","testbundleid":"app.andromeda8191.beaver129","xctestconfig":"WebDriverAgentRunner.xctest"}
{"time":"2026-08-14T17:32:05.701992+07:00","level":"ERROR","msg":"Failed running WDA","error":"runXUITestWithBundleIdsXcode15Ctx: cannot create a tunnel connection to testmanagerd: ConnectToServiceTunnelIface: Cannot connect to com.apple.dt.testmanagerd.remote, missing tunnel address and RSD port. To start the tunnel, run `ios tunnel start`"}
{"time":"2026-08-14T17:32:16.061206+07:00","level":"WARN","msg":"go-ios agent is not running. You might need to start it with 'ios tunnel start' for ios17+. Use ENABLE_GO_IOS_AGENT=user for userspace tunnel or ENABLE_GO_IOS_AGENT=kernel for kernel tunnel for the experimental daemon mode."}
{"time":"2026-08-14T17:32:16.062469+07:00","level":"INFO","msg":"no udid specified using first device in list","module":"go-ios","udid":"00008120-001278CA3693C01E"}
{"time":"2026-08-14T17:32:16.062879+07:00","level":"WARN","msg":"failed to get tunnel info","udid":"00008120-001278CA3693C01E"}
{"time":"2026-08-14T17:32:16.062945+07:00","level":"INFO","msg":"Running wda","bundleid":"app.andromeda8191.beaver129","testbundleid":"app.andromeda8191.beaver129","xctestconfig":"WebDriverAgentRunner.xctest"}
{"time":"2026-08-14T17:32:16.136852+07:00","level":"ERROR","msg":"Failed running WDA","error":"runXUITestWithBundleIdsXcode15Ctx: cannot create a tunnel connection to testmanagerd: ConnectToServiceTunnelIface: Cannot connect to com.apple.dt.testmanagerd.remote, missing tunnel address and RSD port. To start the tunnel, run `ios tunnel start`"}
{"time":"2026-08-14T17:32:26.506738+07:00","level":"WARN","msg":"go-ios agent is not running. You might need to start it with 'ios tunnel start' for ios17+. Use ENABLE_GO_IOS_AGENT=user for userspace tunnel or ENABLE_GO_IOS_AGENT=kernel for kernel tunnel for the experimental daemon mode."}
{"time":"2026-08-14T17:32:26.507943+07:00","level":"INFO","msg":"no udid specified using first device in list","module":"go-ios","udid":"00008120-001278CA3693C01E"}
{"time":"2026-08-14T17:32:26.508248+07:00","level":"WARN","msg":"failed to get tunnel info","udid":"00008120-001278CA3693C01E"}
{"time":"2026-08-14T17:32:26.50832+07:00","level":"INFO","msg":"Running wda","bundleid":"app.andromeda8191.beaver129","testbundleid":"app.andromeda8191.beaver129","xctestconfig":"WebDriverAgentRunner.xctest"}
{"time":"2026-08-14T17:32:26.584478+07:00","level":"ERROR","msg":"Failed running WDA","error":"runXUITestWithBundleIdsXcode15Ctx: cannot create a tunnel connection to testmanagerd: ConnectToServiceTunnelIface: Cannot connect to com.apple.dt.testmanagerd.remote, missing tunnel address and RSD port. To start the tunnel, run `ios tunnel start`"}
{"time":"2026-08-14T17:32:36.944432+07:00","level":"WARN","msg":"go-ios agent is not running. You might need to start it with 'ios tunnel start' for ios17+. Use ENABLE_GO_IOS_AGENT=user for userspace tunnel or ENABLE_GO_IOS_AGENT=kernel for kernel tunnel for the experimental daemon mode."}
{"time":"2026-08-14T17:32:36.945514+07:00","level":"INFO","msg":"no udid specified using first device in list","module":"go-ios","udid":"00008120-001278CA3693C01E"}
{"time":"2026-08-14T17:32:36.945976+07:00","level":"WARN","msg":"failed to get tunnel info","udid":"00008120-001278CA3693C01E"}
{"time":"2026-08-14T17:32:36.946051+07:00","level":"INFO","msg":"Running wda","bundleid":"app.andromeda8191.beaver129","testbundleid":"app.andromeda8191.beaver129","xctestconfig":"WebDriverAgentRunner.xctest"}
{"time":"2026-08-14T17:32:37.025872+07:00","level":"ERROR","msg":"Failed running WDA","error":"runXUITestWithBundleIdsXcode15Ctx: cannot create a tunnel connection to testmanagerd: ConnectToServiceTunnelIface: Cannot connect to com.apple.dt.testmanagerd.remote, missing tunnel address and RSD port. To start the tunnel, run `ios tunnel start`"}
{"time":"2026-08-14T17:32:47.383042+07:00","level":"WARN","msg":"go-ios agent is not running. You might need to start it with 'ios tunnel start' for ios17+. Use ENABLE_GO_IOS_AGENT=user for userspace tunnel or ENABLE_GO_IOS_AGENT=kernel for kernel tunnel for the experimental daemon mode."}
{"time":"2026-08-14T17:32:47.384294+07:00","level":"INFO","msg":"no udid specified using first device in list","module":"go-ios","udid":"00008120-001278CA3693C01E"}
{"time":"2026-08-14T17:32:47.384565+07:00","level":"WARN","msg":"failed to get tunnel info","udid":"00008120-001278CA3693C01E"}
{"time":"2026-08-14T17:32:47.384642+07:00","level":"INFO","msg":"Running wda","bundleid":"app.andromeda8191.beaver129","testbundleid":"app.andromeda8191.beaver129","xctestconfig":"WebDriverAgentRunner.xctest"}
{"time":"2026-08-14T17:32:47.448802+07:00","level":"ERROR","msg":"Failed running WDA","error":"runXUITestWithBundleIdsXcode15Ctx: cannot create a tunnel connection to testmanagerd: ConnectToServiceTunnelIface: Cannot connect to com.apple.dt.testmanagerd.remote, missing tunnel address and RSD port. To start the tunnel, run `ios tunnel start`"}
{"time":"2026-08-14T17:32:57.797996+07:00","level":"WARN","msg":"go-ios agent is not running. You might need to start it with 'ios tunnel start' for ios17+. Use ENABLE_GO_IOS_AGENT=user for userspace tunnel or ENABLE_GO_IOS_AGENT=kernel for kernel tunnel for the experimental daemon mode."}
{"time":"2026-08-14T17:32:57.799167+07:00","level":"INFO","msg":"no udid specified using first device in list","module":"go-ios","udid":"00008120-001278CA3693C01E"}
{"time":"2026-08-14T17:32:57.799593+07:00","level":"WARN","msg":"failed to get tunnel info","udid":"00008120-001278CA3693C01E"}
{"time":"2026-08-14T17:32:57.799672+07:00","level":"INFO","msg":"Running wda","bundleid":"app.andromeda8191.beaver129","testbundleid":"app.andromeda8191.beaver129","xctestconfig":"WebDriverAgentRunner.xctest"}
{"time":"2026-08-14T17:32:57.914907+07:00","level":"ERROR","msg":"Failed running WDA","error":"runXUITestWithBundleIdsXcode15Ctx: cannot create a tunnel connection to testmanagerd: ConnectToServiceTunnelIface: Cannot connect to com.apple.dt.testmanagerd.remote, missing tunnel address and RSD port. To start the tunnel, run `ios tunnel start`"}
{"time":"2026-08-14T17:33:08.272419+07:00","level":"WARN","msg":"go-ios agent is not running. You might need to start it with 'ios tunnel start' for ios17+. Use ENABLE_GO_IOS_AGENT=user for userspace tunnel or ENABLE_GO_IOS_AGENT=kernel for kernel tunnel for the experimental daemon mode."}
{"time":"2026-08-14T17:33:08.27355+07:00","level":"INFO","msg":"no udid specified using first device in list","module":"go-ios","udid":"00008120-001278CA3693C01E"}
{"time":"2026-08-14T17:33:08.274019+07:00","level":"WARN","msg":"failed to get tunnel info","udid":"00008120-001278CA3693C01E"}
{"time":"2026-08-14T17:33:08.274101+07:00","level":"INFO","msg":"Running wda","bundleid":"app.andromeda8191.beaver129","testbundleid":"app.andromeda8191.beaver129","xctestconfig":"WebDriverAgentRunner.xctest"}
{"time":"2026-08-14T17:33:08.359413+07:00","level":"ERROR","msg":"Failed running WDA","error":"runXUITestWithBundleIdsXcode15Ctx: cannot create a tunnel connection to testmanagerd: ConnectToServiceTunnelIface: Cannot connect to com.apple.dt.testmanagerd.remote, missing tunnel address and RSD port. To start the tunnel, run `ios tunnel start`"}
{"time":"2026-08-14T17:33:18.714826+07:00","level":"WARN","msg":"go-ios agent is not running. You might need to start it with 'ios tunnel start' for ios17+. Use ENABLE_GO_IOS_AGENT=user for userspace tunnel or ENABLE_GO_IOS_AGENT=kernel for kernel tunnel for the experimental daemon mode."}
{"time":"2026-08-14T17:33:18.716015+07:00","level":"INFO","msg":"no udid specified using first device in list","module":"go-ios","udid":"00008120-001278CA3693C01E"}
{"time":"2026-08-14T17:33:18.716358+07:00","level":"WARN","msg":"failed to get tunnel info","udid":"00008120-001278CA3693C01E"}
{"time":"2026-08-14T17:33:18.716447+07:00","level":"INFO","msg":"Running wda","bundleid":"app.andromeda8191.beaver129","testbundleid":"app.andromeda8191.beaver129","xctestconfig":"WebDriverAgentRunner.xctest"}
{"time":"2026-08-14T17:33:18.770594+07:00","level":"ERROR","msg":"Failed running WDA","error":"runXUITestWithBundleIdsXcode15Ctx: cannot create a tunnel connection to testmanagerd: ConnectToServiceTunnelIface: Cannot connect to com.apple.dt.testmanagerd.remote, missing tunnel address and RSD port. To start the tunnel, run `ios tunnel start`"}
{"time":"2026-08-14T17:33:29.120075+07:00","level":"WARN","msg":"go-ios agent is not running. You might need to start it with 'ios tunnel start' for ios17+. Use ENABLE_GO_IOS_AGENT=user for userspace tunnel or ENABLE_GO_IOS_AGENT=kernel for kernel tunnel for the experimental daemon mode."}
{"time":"2026-08-14T17:33:29.121135+07:00","level":"INFO","msg":"no udid specified using first device in list","module":"go-ios","udid":"00008120-001278CA3693C01E"}
{"time":"2026-08-14T17:33:29.121512+07:00","level":"WARN","msg":"failed to get tunnel info","udid":"00008120-001278CA3693C01E"}
{"time":"2026-08-14T17:33:29.121593+07:00","level":"INFO","msg":"Running wda","bundleid":"app.andromeda8191.beaver129","testbundleid":"app.andromeda8191.beaver129","xctestconfig":"WebDriverAgentRunner.xctest"}
{"time":"2026-08-14T17:33:29.252982+07:00","level":"ERROR","msg":"Failed running WDA","error":"runXUITestWithBundleIdsXcode15Ctx: cannot create a tunnel connection to testmanagerd: ConnectToServiceTunnelIface: Cannot connect to com.apple.dt.testmanagerd.remote, missing tunnel address and RSD port. To start the tunnel, run `ios tunnel start`"}
{"time":"2026-08-14T17:33:39.605147+07:00","level":"WARN","msg":"go-ios agent is not running. You might need to start it with 'ios tunnel start' for ios17+. Use ENABLE_GO_IOS_AGENT=user for userspace tunnel or ENABLE_GO_IOS_AGENT=kernel for kernel tunnel for the experimental daemon mode."}
{"time":"2026-08-14T17:33:39.60639+07:00","level":"INFO","msg":"no udid specified using first device in list","module":"go-ios","udid":"00008120-001278CA3693C01E"}
{"time":"2026-08-14T17:33:39.60675+07:00","level":"WARN","msg":"failed to get tunnel info","udid":"00008120-001278CA3693C01E"}
{"time":"2026-08-14T17:33:39.606807+07:00","level":"INFO","msg":"Running wda","bundleid":"app.andromeda8191.beaver129","testbundleid":"app.andromeda8191.beaver129","xctestconfig":"WebDriverAgentRunner.xctest"}
{"time":"2026-08-14T17:33:39.65978+07:00","level":"ERROR","msg":"Failed running WDA","error":"runXUITestWithBundleIdsXcode15Ctx: cannot create a tunnel connection to testmanagerd: ConnectToServiceTunnelIface: Cannot connect to com.apple.dt.testmanagerd.remote, missing tunnel address and RSD port. To start the tunnel, run `ios tunnel start`"}
{"time":"2026-08-14T17:33:50.013717+07:00","level":"WARN","msg":"go-ios agent is not running. You might need to start it with 'ios tunnel start' for ios17+. Use ENABLE_GO_IOS_AGENT=user for userspace tunnel or ENABLE_GO_IOS_AGENT=kernel for kernel tunnel for the experimental daemon mode."}
{"time":"2026-08-14T17:33:50.014791+07:00","level":"INFO","msg":"no udid specified using first device in list","module":"go-ios","udid":"00008120-001278CA3693C01E"}
{"time":"2026-08-14T17:33:50.015163+07:00","level":"WARN","msg":"failed to get tunnel info","udid":"00008120-001278CA3693C01E"}
{"time":"2026-08-14T17:33:50.015221+07:00","level":"INFO","msg":"Running wda","bundleid":"app.andromeda8191.beaver129","testbundleid":"app.andromeda8191.beaver129","xctestconfig":"WebDriverAgentRunner.xctest"}
{"time":"2026-08-14T17:33:50.140503+07:00","level":"ERROR","msg":"Failed running WDA","error":"runXUITestWithBundleIdsXcode15Ctx: cannot create a tunnel connection to testmanagerd: ConnectToServiceTunnelIface: Cannot connect to com.apple.dt.testmanagerd.remote, missing tunnel address and RSD port. To start the tunnel, run `ios tunnel start`"}
{"time":"2026-08-14T17:34:00.501468+07:00","level":"WARN","msg":"go-ios agent is not running. You might need to start it with 'ios tunnel start' for ios17+. Use ENABLE_GO_IOS_AGENT=user for userspace tunnel or ENABLE_GO_IOS_AGENT=kernel for kernel tunnel for the experimental daemon mode."}
{"time":"2026-08-14T17:34:00.502699+07:00","level":"INFO","msg":"no udid specified using first device in list","module":"go-ios","udid":"00008120-001278CA3693C01E"}
{"time":"2026-08-14T17:34:00.503082+07:00","level":"WARN","msg":"failed to get tunnel info","udid":"00008120-001278CA3693C01E"}
{"time":"2026-08-14T17:34:00.503167+07:00","level":"INFO","msg":"Running wda","bundleid":"app.andromeda8191.beaver129","testbundleid":"app.andromeda8191.beaver129","xctestconfig":"WebDriverAgentRunner.xctest"}
{"time":"2026-08-14T17:34:00.565792+07:00","level":"ERROR","msg":"Failed running WDA","error":"runXUITestWithBundleIdsXcode15Ctx: cannot create a tunnel connection to testmanagerd: ConnectToServiceTunnelIface: Cannot connect to com.apple.dt.testmanagerd.remote, missing tunnel address and RSD port. To start the tunnel, run `ios tunnel start`"}
{"time":"2026-08-14T17:34:10.924724+07:00","level":"WARN","msg":"go-ios agent is not running. You might need to start it with 'ios tunnel start' for ios17+. Use ENABLE_GO_IOS_AGENT=user for userspace tunnel or ENABLE_GO_IOS_AGENT=kernel for kernel tunnel for the experimental daemon mode."}
{"time":"2026-08-14T17:34:10.925854+07:00","level":"INFO","msg":"no udid specified using first device in list","module":"go-ios","udid":"00008120-001278CA3693C01E"}
{"time":"2026-08-14T17:34:10.926088+07:00","level":"WARN","msg":"failed to get tunnel info","udid":"00008120-001278CA3693C01E"}
{"time":"2026-08-14T17:34:10.926167+07:00","level":"INFO","msg":"Running wda","bundleid":"app.andromeda8191.beaver129","testbundleid":"app.andromeda8191.beaver129","xctestconfig":"WebDriverAgentRunner.xctest"}
{"time":"2026-08-14T17:34:11.030182+07:00","level":"ERROR","msg":"Failed running WDA","error":"runXUITestWithBundleIdsXcode15Ctx: cannot create a tunnel connection to testmanagerd: ConnectToServiceTunnelIface: Cannot connect to com.apple.dt.testmanagerd.remote, missing tunnel address and RSD port. To start the tunnel, run `ios tunnel start`"}
{"time":"2026-08-14T17:34:21.386721+07:00","level":"WARN","msg":"go-ios agent is not running. You might need to start it with 'ios tunnel start' for ios17+. Use ENABLE_GO_IOS_AGENT=user for userspace tunnel or ENABLE_GO_IOS_AGENT=kernel for kernel tunnel for the experimental daemon mode."}
{"time":"2026-08-14T17:34:21.388355+07:00","level":"INFO","msg":"no udid specified using first device in list","module":"go-ios","udid":"00008120-001278CA3693C01E"}
{"time":"2026-08-14T17:34:21.389416+07:00","level":"WARN","msg":"failed to get tunnel info","udid":"00008120-001278CA3693C01E"}
{"time":"2026-08-14T17:34:21.389608+07:00","level":"INFO","msg":"Running wda","bundleid":"app.andromeda8191.beaver129","testbundleid":"app.andromeda8191.beaver129","xctestconfig":"WebDriverAgentRunner.xctest"}
{"time":"2026-08-14T17:34:21.473217+07:00","level":"ERROR","msg":"Failed running WDA","error":"runXUITestWithBundleIdsXcode15Ctx: cannot create a tunnel connection to testmanagerd: ConnectToServiceTunnelIface: Cannot connect to com.apple.dt.testmanagerd.remote, missing tunnel address and RSD port. To start the tunnel, run `ios tunnel start`"}
{"time":"2026-08-14T17:34:31.832523+07:00","level":"WARN","msg":"go-ios agent is not running. You might need to start it with 'ios tunnel start' for ios17+. Use ENABLE_GO_IOS_AGENT=user for userspace tunnel or ENABLE_GO_IOS_AGENT=kernel for kernel tunnel for the experimental daemon mode."}
{"time":"2026-08-14T17:34:31.833698+07:00","level":"INFO","msg":"no udid specified using first device in list","module":"go-ios","udid":"00008120-001278CA3693C01E"}
{"time":"2026-08-14T17:34:31.834056+07:00","level":"WARN","msg":"failed to get tunnel info","udid":"00008120-001278CA3693C01E"}
{"time":"2026-08-14T17:34:31.834132+07:00","level":"INFO","msg":"Running wda","bundleid":"app.andromeda8191.beaver129","testbundleid":"app.andromeda8191.beaver129","xctestconfig":"WebDriverAgentRunner.xctest"}
{"time":"2026-08-14T17:34:31.893762+07:00","level":"ERROR","msg":"Failed running WDA","error":"runXUITestWithBundleIdsXcode15Ctx: cannot create a tunnel connection to testmanagerd: ConnectToServiceTunnelIface: Cannot connect to com.apple.dt.testmanagerd.remote, missing tunnel address and RSD port. To start the tunnel, run `ios tunnel start`"}
{"time":"2026-08-14T17:34:42.240707+07:00","level":"WARN","msg":"go-ios agent is not running. You might need to start it with 'ios tunnel start' for ios17+. Use ENABLE_GO_IOS_AGENT=user for userspace tunnel or ENABLE_GO_IOS_AGENT=kernel for kernel tunnel for the experimental daemon mode."}
{"time":"2026-08-14T17:34:42.241981+07:00","level":"INFO","msg":"no udid specified using first device in list","module":"go-ios","udid":"00008120-001278CA3693C01E"}
{"time":"2026-08-14T17:34:42.242323+07:00","level":"WARN","msg":"failed to get tunnel info","udid":"00008120-001278CA3693C01E"}
{"time":"2026-08-14T17:34:42.242424+07:00","level":"INFO","msg":"Running wda","bundleid":"app.andromeda8191.beaver129","testbundleid":"app.andromeda8191.beaver129","xctestconfig":"WebDriverAgentRunner.xctest"}
{"time":"2026-08-14T17:34:42.321383+07:00","level":"ERROR","msg":"Failed running WDA","error":"runXUITestWithBundleIdsXcode15Ctx: cannot create a tunnel connection to testmanagerd: ConnectToServiceTunnelIface: Cannot connect to com.apple.dt.testmanagerd.remote, missing tunnel address and RSD port. To start the tunnel, run `ios tunnel start`"}
{"time":"2026-08-14T17:34:52.669976+07:00","level":"WARN","msg":"go-ios agent is not running. You might need to start it with 'ios tunnel start' for ios17+. Use ENABLE_GO_IOS_AGENT=user for userspace tunnel or ENABLE_GO_IOS_AGENT=kernel for kernel tunnel for the experimental daemon mode."}
{"time":"2026-08-14T17:34:52.671088+07:00","level":"INFO","msg":"no udid specified using first device in list","module":"go-ios","udid":"00008120-001278CA3693C01E"}
{"time":"2026-08-14T17:34:52.67138+07:00","level":"WARN","msg":"failed to get tunnel info","udid":"00008120-001278CA3693C01E"}
{"time":"2026-08-14T17:34:52.671459+07:00","level":"INFO","msg":"Running wda","bundleid":"app.andromeda8191.beaver129","testbundleid":"app.andromeda8191.beaver129","xctestconfig":"WebDriverAgentRunner.xctest"}
{"time":"2026-08-14T17:34:52.827555+07:00","level":"ERROR","msg":"Failed running WDA","error":"runXUITestWithBundleIdsXcode15Ctx: cannot create a tunnel connection to testmanagerd: ConnectToServiceTunnelIface: Cannot connect to com.apple.dt.testmanagerd.remote, missing tunnel address and RSD port. To start the tunnel, run `ios tunnel start`"}
{"time":"2026-08-14T17:35:03.181562+07:00","level":"WARN","msg":"go-ios agent is not running. You might need to start it with 'ios tunnel start' for ios17+. Use ENABLE_GO_IOS_AGENT=user for userspace tunnel or ENABLE_GO_IOS_AGENT=kernel for kernel tunnel for the experimental daemon mode."}
{"time":"2026-08-14T17:35:03.182671+07:00","level":"INFO","msg":"no udid specified using first device in list","module":"go-ios","udid":"ec12e067c6cc565d2c43e7bf2aefb95c0420a0e4"}
{"time":"2026-08-14T17:35:03.182911+07:00","level":"WARN","msg":"failed to get tunnel info","udid":"ec12e067c6cc565d2c43e7bf2aefb95c0420a0e4"}
{"time":"2026-08-14T17:35:03.18296+07:00","level":"INFO","msg":"Running wda","bundleid":"app.andromeda8191.beaver129","testbundleid":"app.andromeda8191.beaver129","xctestconfig":"WebDriverAgentRunner.xctest"}
{"time":"2026-08-14T17:35:05.03093+07:00","level":"INFO","msg":"Launching process","module":"go-ios/instruments","channel_id":"com.apple.instruments.server.services.processcontrol","bundleID":"app.andromeda8191.beaver129"}
{"time":"2026-08-14T17:35:05.106381+07:00","level":"INFO","msg":"Process started successfully","module":"go-ios/instruments","channel_id":"com.apple.instruments.server.services.processcontrol","pid":1505,"bundleID":"app.andromeda8191.beaver129"}
03:35:05.126 WebDriverAgentRunner-Runner[1505:32689] Linked XCTest.framework from /Developer/Library/Frameworks/XCTest.framework/XCTest, built with Xcode 1330(13E6049a), modified on 16:07:19 Giờ mùa hè Thái Bình Dương Chủ Nhật, ngày 24 tháng 4, 2022
XCTest.framework bundle version: 0
03:35:05.127 WebDriverAgentRunner-Runner[1505:32689] System uptime: 2:43:39
03:35:05.127 WebDriverAgentRunner-Runner[1505:32689] Process arguments: (
    "/var/containers/Bundle/Application/97E43E73-C114-4873-A3B1-A750757E215E/WebDriverAgentRunner-Runner.app/WebDriverAgentRunner-Runner",
    "-NSTreatUnknownArgumentsAsOpen",
    NO,
    "-ApplePersistenceIgnoreState",
    YES
)
03:35:05.128 WebDriverAgentRunner-Runner[1505:32689] Process environment: {
    "CA_ASSERT_MAIN_THREAD_TRANSACTIONS" = 0;
    "CA_DEBUG_TRANSACTIONS" = 0;
    "CFFIXED_USER_HOME" = "/private/var/mobile/Containers/Data/Application/ADE2F291-8411-4BAE-9798-16FD656B955D";
    "DYLD_INSERT_LIBRARIES" = "/Developer/usr/lib/libMainThreadChecker.dylib";
    "H264_BITRATE" = 900000;
    "H264_FPS" = 20;
    "H264_GOP" = 10;
    "H264_MAX_HEIGHT" = 720;
    "H264_MAX_WIDTH" = 720;
    "H264_QUALITY" = 18;
    "H264_SERVER_PORT" = 8002;
    HOME = "/private/var/mobile/Containers/Data/Application/ADE2F291-8411-4BAE-9798-16FD656B955D";
    LOGNAME = mobile;
    "MJPEG_FIX_ORIENTATION" = true;
    "MJPEG_FRAME_TIMEOUT" = "0.45";
    "MJPEG_SCALING_FACTOR" = 35;
    "MJPEG_SERVER_FRAMERATE" = 24;
    "MJPEG_SERVER_PORT" = 8001;
    "MJPEG_SERVER_SCREENSHOT_QUALITY" = 15;
    "MTC_CRASH_ON_REPORT" = 1;
    NSUnbufferedIO = YES;
    "OS_ACTIVITY_DT_MODE" = YES;
    PATH = "/usr/bin:/bin:/usr/sbin:/sbin";
    SHELL = "/bin/sh";
    "SOLUMATE_WDA_SWIPE_SECRET" = SolumateSwipeLocal2026;
    "SQLITE_ENABLE_THREAD_ASSERTIONS" = 1;
    TMPDIR = "/private/var/mobile/Containers/Data/Application/ADE2F291-8411-4BAE-9798-16FD656B955D/tmp/";
    USER = mobile;
    "USE_PORT" = 8000;
    XCTestBundlePath = "/private/var/containers/Bundle/Application/97E43E73-C114-4873-A3B1-A750757E215E/WebDriverAgentRunner-Runner.app/PlugIns/WebDriverAgentRunner.xctest";
    XCTestConfigurationFilePath = "/private/var/mobile/Containers/Data/Application/ADE2F291-8411-4BAE-9798-16FD656B955D/tmp/6b409791-77b0-46c6-941d-1ab193168849.xctestconfiguration";
    XCTestSessionIdentifier = "6b409791-77b0-46c6-941d-1ab193168849";
    "XPC_FLAGS" = 0x0;
    "XPC_SERVICE_NAME" = "UIKitApplication:app.andromeda8191.beaver129[9349][rb-legacy]";
    "__CF_USER_TEXT_ENCODING" = "0x1F5:0:0";
}
03:35:05.128 WebDriverAgentRunner-Runner[1505:32689] App Sandbox active: YES
03:35:05.128 WebDriverAgentRunner-Runner[1505:32689] Creating future for 'preparing IDE session' with timeout 600.00
03:35:05.129 WebDriverAgentRunner-Runner[1505:32689] Exchanging capabilities with testmanagerd
03:35:05.132 WebDriverAgentRunner-Runner[1505:32703] Received capabilities for testmanagerd: <XCTCapabilities: 0x280ddd280>: {
    "Siri request with audio URL capability" = 1;
    "Siri request with text capability" = 1;
    XCTProtectedResourceBluetoothIdentifier = 1;
    XCTProtectedResourceCalendarIdentifier = 1;
    XCTProtectedResourceCameraIdentifier = 1;
    XCTProtectedResourceContactsIdentifier = 1;
    XCTProtectedResourceFocusIdentifier = 1;
    XCTProtectedResourceHealthIdentifier = 1;
    XCTProtectedResourceHomeKitIdentifier = 1;
    XCTProtectedResourceKeyboardNetworkIdentifier = 1;
    XCTProtectedResourceLocalNetworkIdentifier = 1;
    XCTProtectedResourceLocationIdentifier = 1;
    XCTProtectedResourceMediaLibraryIdentifier = 1;
    XCTProtectedResourceMicrophoneIdentifier = 1;
    XCTProtectedResourcePhotosIdentifier = 1;
    XCTProtectedResourceRemindersIdentifier = 1;
    XCTProtectedResourceUserTrackingIdentifier = 1;
    "element at point capability" = 1;
    "enable automation mode" = 1;
    "enable faux collection view cells capability" = 1;
    "fetch element attributes capability" = 2;
    "fetch parameterized attribute capability" = 3;
    "get / set appearance mode" = 1;
    "get Siri enabled status capability" = 1;
    "get device orientation capability" = 1;
    "inject assistant recognition audio paths capability" = 1;
    "inject assistant recognition strings capability" = 1;
    "launch application capability" = 1;
    "load accessibility capability" = 1;
    "look up bundle id capability" = 1;
    "monitor application capability" = 1;
    "override implicit event confirmation interval" = 1;
    "perform AX action capability" = 1;
    "perform device event capability" = 1;
    "press with pressure capability" = 1;
    "provides client state updates" = 1;
    "register for AX notification capability" = 1;
    "request DT service hub connection capability" = 2;
    "request a specific image format/XCTCapabilityImageFormat_HEIC" = 1;
    "request a specific image format/XCTCapabilityImageFormat_JPEG" = 1;
    "request a specific image format/XCTCapabilityImageFormat_PNG" = 1;
    "request automation session capability" = 2;
    "request background assertion capability" = 2;
    "request element snapshot capability" = 3;
    "request screenshot capability" = 3;
    "request spindump capability" = 1;
    "request unsupported bundle identifiers for automation sessions" = 2;
    "run an accessibility audit" = 1;
    "send string capability" = 1;
    "set AX timeout capability" = 1;
    "set device orientation capability" = 1;
    "set element attribute capability" = 1;
    "signpost listening" = 1;
    "snapshot request runtime issue reporting" = 1;
    "snapshot request runtime issue reporting/automation type mismatch" = 1;
    "synthesize event capability" = 1;
    "system provides kAXXCAttributeBannerIsStickyAttribute" = 1;
    "terminate application capability" = 1;
    "toggle localizable strings data gathering capability" = 1;
    "transfer harness connection socket capability" = 2;
    "unload accessibility capability" = 1;
    "unregister for AX notification capability" = 1;
}
03:35:05.133 WebDriverAgentRunner-Runner[1505:32689] <XCTWaiter: 0x2824d2290, state: XCTWaiterStateInProgress> entering wait loop for 600.00s with expectations: `preparing IDE session`
03:35:05.133 WebDriverAgentRunner-Runner[1505:32703] Requesting serialized transport wrapper for IDE connection
03:35:05.135 WebDriverAgentRunner-Runner[1505:32703] Creating transport with received transport data
03:35:05.135 WebDriverAgentRunner-Runner[1505:32703] Creating connection with transport <DTXFileDescriptorTransport: 0x2824d6140>
03:35:05.135 WebDriverAgentRunner-Runner[1505:32703] Creating the proxy channel with connection <DTXConnection 0x2830d01e0 : x1>
03:35:05.136 WebDriverAgentRunner-Runner[1505:32689] Returning result XCTWaiterResultCompleted for waiter <XCTWaiter: 0x2824d2290, state: XCTWaiterStateFinished>
03:35:05.136 WebDriverAgentRunner-Runner[1505:32689] Creating future for 'requesting test configuration' with timeout 600.00
03:35:05.136 WebDriverAgentRunner-Runner[1505:32689] Notifying test runner ready
03:35:05.137 WebDriverAgentRunner-Runner[1505:32689] <XCTWaiter: 0x2824d6300, state: XCTWaiterStateInProgress> entering wait loop for 600.00s with expectations: `requesting test configuration`
03:35:05.138 WebDriverAgentRunner-Runner[1505:32702] -[XCTRunnerDaemonSession(XCTMessagingRole_UIApplicationStateUpdating) _XCT_applicationDidUpdateState:] app.andromeda8191.beaver129@/private/var/containers/Bundle/Application/97E43E73-C114-4873-A3B1-A750757E215E/WebDriverAgentRunner-Runner.app pid: 1505 state: running background
03:35:05.141 WebDriverAgentRunner-Runner[1505:32702] Received test runner ready reply. Waiting for request to start running tests.
03:35:05.141 WebDriverAgentRunner-Runner[1505:32689] Returning result XCTWaiterResultCompleted for waiter <XCTWaiter: 0x2824d6300, state: XCTWaiterStateFinished>
03:35:05.141 WebDriverAgentRunner-Runner[1505:32689] Loading test bundle at: file:///private/var/containers/Bundle/Application/97E43E73-C114-4873-A3B1-A750757E215E/WebDriverAgentRunner-Runner.app/PlugIns/WebDriverAgentRunner.xctest/
03:35:05.149 WebDriverAgentRunner-Runner[1505:32689] Finished loading test bundle
03:35:05.149 WebDriverAgentRunner-Runner[1505:32689] Running tests with active test configuration: <XCTestConfiguration: 0x1037071e0>
	                  testBundleURL:file:///private/var/containers/Bundle/Application/97E43E73-C114-4873-A3B1-A750757E215E/WebDriverAgentRunner-Runner.app/PlugIns/WebDriverAgentRunner.xctest
	         testBundleRelativePath:(null)
	              productModuleName:WebDriverAgentRunner
	                    testsToSkip:
	                     testsToRun:(null)
	             reportResultsToIDE:YES
	               testsDrivenByIDE:no
	              sessionIdentifier:6B409791-77B0-46C6-941D-1AB193168849
	      disablePerformanceMetrics:no
	treatMissingBaselinesAsFailures:no
	                baselineFileURL:(null)
	       baselineFileRelativePath:(null)
	          targetApplicationPath:/private/var/containers/Bundle/Application/97E43E73-C114-4873-A3B1-A750757E215E/WebDriverAgentRunner-Runner.app
	      targetApplicationBundleID:app.andromeda8191.beaver129
	 testApplicationDependencies:(null)
	 testApplicationUserOverrides:(null)
	     targetApplicationArguments:(null)
	   targetApplicationEnvironment:(null)
	                  reportActivities:YES
	          testsMustRunOnMainThread:YES
	            initializeForUITesting:YES
	          initializeForMultiDevice:no
	    shouldExtractMultiDeviceRequirements:no
	   multiDeviceRequirementsFilePath:(null)
	            traceCollectionEnabled:(null)
	 enablePerformanceTestsDiagnostics:(null)
	 aggregateStatisticsBeforeCrash:
{
    XCSuiteRecordsKey =     {
    };
}
	        automationFrameworkPath:/Developer/Library/PrivateFrameworks/XCTAutomationSupport.framework
	                     emitOSLogs:no
	       systemAttachmentLifetime:2
	         userAttachmentLifetime:0
	   gatherLocalizableStringsData:no
	          testExecutionOrdering:alphabetical
	    randomExecutionOrderingSeed:(null)
	               repetitionPolicy:<XCTRepetitionPolicy: 0x280fd2e20>
	            mode:None
	            maximumIterations:1
	            repeatInNewRunnerProcess:NO

	            testTimeoutsEnabled:NO
	 defaultTestExecutionTimeAllowance:600
	 maximumTestExecutionTimeAllowance:0
	                IDECapabilities:<XCTCapabilities: 0x280ddd630>: {
    "XCTIssue capability" = 1;
    "daemon container sandbox extension" = 1;
    "delayed attachment transfer" = 1;
    "expected failure test capability" = 1;
    "request diagnostics for specific devices" = 1;
    "skipped test capability" = 1;
    "test case run configurations" = 1;
    "test iterations" = 1;
    "test timeout capability" = 1;
    "ubiquitous test identifiers" = 1;
}
	         applicationBundleInfos:(null)

03:35:05.150 WebDriverAgentRunner-Runner[1505:32689] <XCTWaiter: 0x2824d6530, state: XCTWaiterStateInProgress> entering wait loop for 600.00s with expectations: `requesting ready for testing`
03:35:06.150 WebDriverAgentRunner-Runner[1505:32700] _IDE_startExecutingTestPlanWithProtocolVersion:36
03:35:06.151 WebDriverAgentRunner-Runner[1505:32689] Returning result XCTWaiterResultCompleted for waiter <XCTWaiter: 0x2824d6530, state: XCTWaiterStateFinished>
03:35:06.152 WebDriverAgentRunner-Runner[1505:32689] <XCTWaiter: 0x2824d26f0, state: XCTWaiterStateResolved> entering wait loop for 600.00s with expectations: `IDE proxy`
03:35:06.153 WebDriverAgentRunner-Runner[1505:32689] Returning result XCTWaiterResultCompleted for waiter <XCTWaiter: 0x2824d26f0, state: XCTWaiterStateFinished>
03:35:06.154 WebDriverAgentRunner-Runner[1505:32689] Initializing for UI testing.
03:35:06.167 WebDriverAgentRunner-Runner[1505:32689] Linked XCTAutomationSupport.framework from /Developer/Library/PrivateFrameworks/XCTAutomationSupport.framework/XCTAutomationSupport, built with Xcode 1330(13E6049a), modified on 16:07:20 Giờ mùa hè Thái Bình Dương Chủ Nhật, ngày 24 tháng 4, 2022
XCTAutomationSupport.framework bundle version: 0
03:35:06.168 WebDriverAgentRunner-Runner[1505:32689] <XCTWaiter: 0x2824d6c30, state: XCTWaiterStateResolved> entering wait loop for 60.00s with expectations: `initiating daemon session`
03:35:06.168 WebDriverAgentRunner-Runner[1505:32689] Returning result XCTWaiterResultCompleted for waiter <XCTWaiter: 0x2824d6c30, state: XCTWaiterStateFinished>
03:35:06.169 WebDriverAgentRunner-Runner[1505:32689] Creating future for 'enabling automation mode' with timeout 60.00
03:35:06.170 WebDriverAgentRunner-Runner[1505:32689] <XCTWaiter: 0x2824d2290, state: XCTWaiterStateInProgress> entering wait loop for 60.00s with expectations: `enabling automation mode`
03:35:06.191 WebDriverAgentRunner-Runner[1505:32689] Returning result XCTWaiterResultCompleted for waiter <XCTWaiter: 0x2824d2290, state: XCTWaiterStateFinished>
03:35:06.192 WebDriverAgentRunner-Runner[1505:32689] Creating future for 'loading Accessibility' with timeout 70.00
03:35:06.194 WebDriverAgentRunner-Runner[1505:32689] <XCTWaiter: 0x2824d2290, state: XCTWaiterStateInProgress> entering wait loop for 70.00s with expectations: `loading Accessibility`
03:35:06.528 WebDriverAgentRunner-Runner[1505:32689] Returning result XCTWaiterResultCompleted for waiter <XCTWaiter: 0x2824d2290, state: XCTWaiterStateFinished>
03:35:06.529 WebDriverAgentRunner-Runner[1505:32689] Creating future for 'enabling localized string gathering' with timeout 70.00
03:35:06.529 WebDriverAgentRunner-Runner[1505:32689] <XCTWaiter: 0x2824dde30, state: XCTWaiterStateInProgress> entering wait loop for 70.00s with expectations: `enabling localized string gathering`
03:35:06.531 WebDriverAgentRunner-Runner[1505:32689] Returning result XCTWaiterResultCompleted for waiter <XCTWaiter: 0x2824dde30, state: XCTWaiterStateFinished>
03:35:06.531 WebDriverAgentRunner-Runner[1505:32689] Creating future for 'setting AX timeout to 60.00s' with timeout 65.00
03:35:06.531 WebDriverAgentRunner-Runner[1505:32689] <XCTWaiter: 0x2824d8380, state: XCTWaiterStateInProgress> entering wait loop for 65.00s with expectations: `setting AX timeout to 60.00s`
03:35:06.531 WebDriverAgentRunner-Runner[1505:32689] Returning result XCTWaiterResultCompleted for waiter <XCTWaiter: 0x2824d8380, state: XCTWaiterStateFinished>
03:35:06.531 WebDriverAgentRunner-Runner[1505:32689] Creating future for 'registering for kAXUserTestingNotification' with timeout 65.00
03:35:06.532 WebDriverAgentRunner-Runner[1505:32689] <XCTWaiter: 0x2824dde30, state: XCTWaiterStateInProgress> entering wait loop for 65.00s with expectations: `registering for kAXUserTestingNotification`
03:35:06.532 WebDriverAgentRunner-Runner[1505:32689] Returning result XCTWaiterResultCompleted for waiter <XCTWaiter: 0x2824dde30, state: XCTWaiterStateFinished>
03:35:06.532 WebDriverAgentRunner-Runner[1505:32689] Creating future for 'registering for kAXAlertNotification' with timeout 65.00
03:35:06.532 WebDriverAgentRunner-Runner[1505:32689] <XCTWaiter: 0x2824d8380, state: XCTWaiterStateInProgress> entering wait loop for 65.00s with expectations: `registering for kAXAlertNotification`
03:35:06.532 WebDriverAgentRunner-Runner[1505:32689] Returning result XCTWaiterResultCompleted for waiter <XCTWaiter: 0x2824d8380, state: XCTWaiterStateFinished>
03:35:06.532 WebDriverAgentRunner-Runner[1505:32689] Creating future for 'registering for kAXPidStatusChangedNotification' with timeout 65.00
03:35:06.533 WebDriverAgentRunner-Runner[1505:32689] <XCTWaiter: 0x2824dde30, state: XCTWaiterStateInProgress> entering wait loop for 65.00s with expectations: `registering for kAXPidStatusChangedNotification`
03:35:06.533 WebDriverAgentRunner-Runner[1505:32689] Returning result XCTWaiterResultCompleted for waiter <XCTWaiter: 0x2824dde30, state: XCTWaiterStateFinished>
03:35:06.533 WebDriverAgentRunner-Runner[1505:32689] Creating future for 'requesting background assertion for test process' with timeout 30.00
03:35:06.533 WebDriverAgentRunner-Runner[1505:32689] <XCTWaiter: 0x2824dde30, state: XCTWaiterStateInProgress> entering wait loop for 30.00s with expectations: `requesting background assertion for test process`
03:35:06.535 WebDriverAgentRunner-Runner[1505:32703] Got reply for background assertion for 1505, acquired: YES.
03:35:06.535 WebDriverAgentRunner-Runner[1505:32689] Returning result XCTWaiterResultCompleted for waiter <XCTWaiter: 0x2824dde30, state: XCTWaiterStateFinished>
03:35:06.535 WebDriverAgentRunner-Runner[1505:32689] Test runner is already executing in the background.
03:35:06.535 WebDriverAgentRunner-Runner[1505:32689] Done initializing for UI testing.
03:35:06.536 WebDriverAgentRunner-Runner[1505:32689] Loading test suite...
03:35:06.575 WebDriverAgentRunner-Runner[1505:32689] Finished loading test suite, took 0.039s
03:35:06.575 WebDriverAgentRunner-Runner[1505:32689] <XCTWaiter: 0x2824d1f10, state: XCTWaiterStateResolved> entering wait loop for 598.55s with expectations: `preparing execution worker`
03:35:06.575 WebDriverAgentRunner-Runner[1505:32689] Returning result XCTWaiterResultCompleted for waiter <XCTWaiter: 0x2824d1f10, state: XCTWaiterStateFinished>
03:35:06.575 WebDriverAgentRunner-Runner[1505:32689] Entering test execution event loop
03:35:06.575 WebDriverAgentRunner-Runner[1505:32689] -[XCTRunnerIDESession testBundleWillStart:]
03:35:06.575 WebDriverAgentRunner-Runner[1505:32689] Running suite...
03:35:06.576 WebDriverAgentRunner-Runner[1505:32689] -[XCTRunnerIDESession testSuiteWillStart:]
03:35:06.577 WebDriverAgentRunner-Runner[1505:32689] -[XCTRunnerIDESession testSuiteWillStart:]
03:35:06.578 WebDriverAgentRunner-Runner[1505:32689] -[XCTRunnerIDESession testSuiteWillStart:]
03:35:06.578 WebDriverAgentRunner-Runner[1505:32689] <XCTContext: 0x281ac49c0> started activity <XCActivityRecord: 0x282cc4870> 2026-08-14 10:35:06 +0000: Suite Set Up
03:35:07.025 WebDriverAgentRunner-Runner[1505:32689] <XCTContext: 0x281ac49c0> finished activity <XCActivityRecord: 0x282cc4870> 2026-08-14 10:35:06 +0000: Suite Set Up (0.447112s)
03:35:07.027 WebDriverAgentRunner-Runner[1505:32689] -[XCTRunnerIDESession testCaseWillStart:] UITestingUITests testRunner
03:35:07.028 WebDriverAgentRunner-Runner[1505:32689] <XCTContext: 0x281ae7d40> started activity <XCActivityRecord: 0x282cd4fa0> 2026-08-14 10:35:07 +0000: Start Test at 2026-08-14 03:35:07.028
03:35:07.029 WebDriverAgentRunner-Runner[1505:32689] Creating future for 'getting screen identifiers' with timeout 30.00
03:35:07.029 WebDriverAgentRunner-Runner[1505:32689] <XCTWaiter: 0x2824c4e00, state: XCTWaiterStateResolved> entering wait loop for 30.00s with expectations: `getting screen identifiers`
03:35:07.030 WebDriverAgentRunner-Runner[1505:32689] Returning result XCTWaiterResultCompleted for waiter <XCTWaiter: 0x2824c4e00, state: XCTWaiterStateFinished>
03:35:07.030 WebDriverAgentRunner-Runner[1505:32689] <XCTContext: 0x281ae7d40> finished activity <XCActivityRecord: 0x282cd4fa0> 2026-08-14 10:35:07 +0000: Start Test at 2026-08-14 03:35:07.028 (0.0012989s)
03:35:07.031 WebDriverAgentRunner-Runner[1505:32689] <XCTContext: 0x281ae7d40> started activity <XCActivityRecord: 0x282cddf40> 2026-08-14 10:35:07 +0000: Set Up
03:35:07.031 WebDriverAgentRunner-Runner[1505:32689] <XCTWaiter: 0x2824c4e70, state: XCTWaiterStateResolved> entering wait loop for 2592000.00s with expectations: `failable invocation block completion`
03:35:07.032 WebDriverAgentRunner-Runner[1505:32689] Returning result XCTWaiterResultCompleted for waiter <XCTWaiter: 0x2824c4e70, state: XCTWaiterStateFinished>
03:35:07.032 WebDriverAgentRunner-Runner[1505:32689] <XCTContext: 0x281ae7d40> finished activity <XCActivityRecord: 0x282cddf40> 2026-08-14 10:35:07 +0000: Set Up (0.00113201s)
03:35:07.032 WebDriverAgentRunner-Runner[1505:32689] _assertObjectsInvalidAfterScope
03:35:07.101 WebDriverAgentRunner-Runner[1505:32689] Creating future for 'getting screen identifiers' with timeout 30.00
03:35:07.102 WebDriverAgentRunner-Runner[1505:32689] <XCTWaiter: 0x2824c0150, state: XCTWaiterStateResolved> entering wait loop for 30.00s with expectations: `getting screen identifiers`
03:35:07.102 WebDriverAgentRunner-Runner[1505:32689] Returning result XCTWaiterResultCompleted for waiter <XCTWaiter: 0x2824c0150, state: XCTWaiterStateFinished>
03:35:07.103 WebDriverAgentRunner-Runner[1505:32689] Creating future for 'getting screen identifiers' with timeout 30.00
03:35:07.104 WebDriverAgentRunner-Runner[1505:32689] <XCTWaiter: 0x2824c5490, state: XCTWaiterStateResolved> entering wait loop for 30.00s with expectations: `getting screen identifiers`
03:35:07.104 WebDriverAgentRunner-Runner[1505:32689] Returning result XCTWaiterResultCompleted for waiter <XCTWaiter: 0x2824c5490, state: XCTWaiterStateFinished>
03:35:37.153 WebDriverAgentRunner-Runner[1505:32700] Handling kAXPidStatusChangedNotification
03:35:37.154 WebDriverAgentRunner-Runner[1505:32700] Got kAXPidStatusChangedNotification for pid 1509: active
03:36:07.165 WebDriverAgentRunner-Runner[1505:32698] Handling kAXPidStatusChangedNotification
03:36:07.165 WebDriverAgentRunner-Runner[1505:32698] Got kAXPidStatusChangedNotification for pid 1509: active
03:36:42.985 WebDriverAgentRunner-Runner[1505:32703] Handling kAXPidStatusChangedNotification
03:36:42.985 WebDriverAgentRunner-Runner[1505:32703] Got kAXPidStatusChangedNotification for pid 1516: active
03:37:13.004 WebDriverAgentRunner-Runner[1505:32703] Handling kAXPidStatusChangedNotification
03:37:13.005 WebDriverAgentRunner-Runner[1505:32703] Got kAXPidStatusChangedNotification for pid 1516: active
03:37:48.936 WebDriverAgentRunner-Runner[1505:32703] Handling kAXPidStatusChangedNotification
03:37:48.937 WebDriverAgentRunner-Runner[1505:32703] Got kAXPidStatusChangedNotification for pid 1524: active
03:38:18.957 WebDriverAgentRunner-Runner[1505:32703] Handling kAXPidStatusChangedNotification
03:38:18.957 WebDriverAgentRunner-Runner[1505:32703] Got kAXPidStatusChangedNotification for pid 1524: active
03:38:54.907 WebDriverAgentRunner-Runner[1505:32698] Handling kAXPidStatusChangedNotification
03:38:54.908 WebDriverAgentRunner-Runner[1505:32698] Got kAXPidStatusChangedNotification for pid 1532: active
03:39:24.919 WebDriverAgentRunner-Runner[1505:32700] Handling kAXPidStatusChangedNotification
03:39:24.919 WebDriverAgentRunner-Runner[1505:32700] Got kAXPidStatusChangedNotification for pid 1532: active
03:40:00.608 WebDriverAgentRunner-Runner[1505:32698] Handling kAXPidStatusChangedNotification
03:40:00.608 WebDriverAgentRunner-Runner[1505:32698] Got kAXPidStatusChangedNotification for pid 1539: active
03:40:30.625 WebDriverAgentRunner-Runner[1505:32700] Handling kAXPidStatusChangedNotification
03:40:30.626 WebDriverAgentRunner-Runner[1505:32700] Got kAXPidStatusChangedNotification for pid 1539: active
03:41:06.583 WebDriverAgentRunner-Runner[1505:32698] Handling kAXPidStatusChangedNotification
03:41:06.584 WebDriverAgentRunner-Runner[1505:32698] Got kAXPidStatusChangedNotification for pid 1547: active
03:41:36.599 WebDriverAgentRunner-Runner[1505:32703] Handling kAXPidStatusChangedNotification
03:41:36.599 WebDriverAgentRunner-Runner[1505:32703] Got kAXPidStatusChangedNotification for pid 1547: active
03:42:12.670 WebDriverAgentRunner-Runner[1505:32698] Handling kAXPidStatusChangedNotification
03:42:12.670 WebDriverAgentRunner-Runner[1505:32698] Got kAXPidStatusChangedNotification for pid 1554: active
03:42:42.689 WebDriverAgentRunner-Runner[1505:32703] Handling kAXPidStatusChangedNotification
03:42:42.690 WebDriverAgentRunner-Runner[1505:32703] Got kAXPidStatusChangedNotification for pid 1554: active
03:43:18.608 WebDriverAgentRunner-Runner[1505:32700] Handling kAXPidStatusChangedNotification
03:43:18.608 WebDriverAgentRunner-Runner[1505:32700] Got kAXPidStatusChangedNotification for pid 1562: active
03:43:48.646 WebDriverAgentRunner-Runner[1505:32698] Handling kAXPidStatusChangedNotification
03:43:48.647 WebDriverAgentRunner-Runner[1505:32698] Got kAXPidStatusChangedNotification for pid 1562: active
03:44:24.591 WebDriverAgentRunner-Runner[1505:32700] Handling kAXPidStatusChangedNotification
03:44:24.591 WebDriverAgentRunner-Runner[1505:32700] Got kAXPidStatusChangedNotification for pid 1570: active
03:44:54.607 WebDriverAgentRunner-Runner[1505:32698] Handling kAXPidStatusChangedNotification
03:44:54.608 WebDriverAgentRunner-Runner[1505:32698] Got kAXPidStatusChangedNotification for pid 1570: active
03:45:30.599 WebDriverAgentRunner-Runner[1505:32698] Handling kAXPidStatusChangedNotification
03:45:30.600 WebDriverAgentRunner-Runner[1505:32698] Got kAXPidStatusChangedNotification for pid 1577: active
03:46:00.614 WebDriverAgentRunner-Runner[1505:32703] Handling kAXPidStatusChangedNotification
03:46:00.614 WebDriverAgentRunner-Runner[1505:32703] Got kAXPidStatusChangedNotification for pid 1577: active
03:46:36.588 WebDriverAgentRunner-Runner[1505:32703] Handling kAXPidStatusChangedNotification
03:46:36.589 WebDriverAgentRunner-Runner[1505:32703] Got kAXPidStatusChangedNotification for pid 1585: active
03:47:06.617 WebDriverAgentRunner-Runner[1505:32700] Handling kAXPidStatusChangedNotification
03:47:06.617 WebDriverAgentRunner-Runner[1505:32700] Got kAXPidStatusChangedNotification for pid 1585: active
03:47:42.606 WebDriverAgentRunner-Runner[1505:32703] Handling kAXPidStatusChangedNotification
03:47:42.607 WebDriverAgentRunner-Runner[1505:32703] Got kAXPidStatusChangedNotification for pid 1592: active
03:48:12.627 WebDriverAgentRunner-Runner[1505:32703] Handling kAXPidStatusChangedNotification
03:48:12.627 WebDriverAgentRunner-Runner[1505:32703] Got kAXPidStatusChangedNotification for pid 1592: active
03:48:48.608 WebDriverAgentRunner-Runner[1505:32700] Handling kAXPidStatusChangedNotification
03:48:48.608 WebDriverAgentRunner-Runner[1505:32700] Got kAXPidStatusChangedNotification for pid 1600: active
03:49:18.625 WebDriverAgentRunner-Runner[1505:32703] Handling kAXPidStatusChangedNotification
03:49:18.626 WebDriverAgentRunner-Runner[1505:32703] Got kAXPidStatusChangedNotification for pid 1600: active
03:49:54.698 WebDriverAgentRunner-Runner[1505:32700] Handling kAXPidStatusChangedNotification
03:49:54.699 WebDriverAgentRunner-Runner[1505:32700] Got kAXPidStatusChangedNotification for pid 1608: active
03:50:24.721 WebDriverAgentRunner-Runner[1505:32700] Handling kAXPidStatusChangedNotification
03:50:24.722 WebDriverAgentRunner-Runner[1505:32700] Got kAXPidStatusChangedNotification for pid 1608: active
03:51:00.688 WebDriverAgentRunner-Runner[1505:32698] Handling kAXPidStatusChangedNotification
03:51:00.689 WebDriverAgentRunner-Runner[1505:32698] Got kAXPidStatusChangedNotification for pid 1615: active
03:51:30.707 WebDriverAgentRunner-Runner[1505:32698] Handling kAXPidStatusChangedNotification
03:51:30.708 WebDriverAgentRunner-Runner[1505:32698] Got kAXPidStatusChangedNotification for pid 1615: active
03:52:06.738 WebDriverAgentRunner-Runner[1505:32698] Handling kAXPidStatusChangedNotification
03:52:06.739 WebDriverAgentRunner-Runner[1505:32698] Got kAXPidStatusChangedNotification for pid 1623: active
03:52:36.768 WebDriverAgentRunner-Runner[1505:32700] Handling kAXPidStatusChangedNotification
03:52:36.768 WebDriverAgentRunner-Runner[1505:32700] Got kAXPidStatusChangedNotification for pid 1623: active
03:53:12.779 WebDriverAgentRunner-Runner[1505:32700] Handling kAXPidStatusChangedNotification
03:53:12.779 WebDriverAgentRunner-Runner[1505:32700] Got kAXPidStatusChangedNotification for pid 1631: active
03:53:42.828 WebDriverAgentRunner-Runner[1505:32700] Handling kAXPidStatusChangedNotification
03:53:42.829 WebDriverAgentRunner-Runner[1505:32700] Got kAXPidStatusChangedNotification for pid 1631: active
03:54:18.828 WebDriverAgentRunner-Runner[1505:32698] Handling kAXPidStatusChangedNotification
03:54:18.829 WebDriverAgentRunner-Runner[1505:32698] Got kAXPidStatusChangedNotification for pid 1639: active
03:54:48.851 WebDriverAgentRunner-Runner[1505:32700] Handling kAXPidStatusChangedNotification
03:54:48.851 WebDriverAgentRunner-Runner[1505:32700] Got kAXPidStatusChangedNotification for pid 1639: active
03:55:24.886 WebDriverAgentRunner-Runner[1505:32700] Handling kAXPidStatusChangedNotification
03:55:24.886 WebDriverAgentRunner-Runner[1505:32700] Got kAXPidStatusChangedNotification for pid 1646: active
03:55:54.906 WebDriverAgentRunner-Runner[1505:32698] Handling kAXPidStatusChangedNotification
03:55:54.906 WebDriverAgentRunner-Runner[1505:32698] Got kAXPidStatusChangedNotification for pid 1646: active
03:56:30.619 WebDriverAgentRunner-Runner[1505:32703] Handling kAXPidStatusChangedNotification
03:56:30.619 WebDriverAgentRunner-Runner[1505:32703] Got kAXPidStatusChangedNotification for pid 1654: active
03:57:00.641 WebDriverAgentRunner-Runner[1505:32700] Handling kAXPidStatusChangedNotification
03:57:00.642 WebDriverAgentRunner-Runner[1505:32700] Got kAXPidStatusChangedNotification for pid 1654: active
03:57:36.580 WebDriverAgentRunner-Runner[1505:32703] Handling kAXPidStatusChangedNotification
03:57:36.580 WebDriverAgentRunner-Runner[1505:32703] Got kAXPidStatusChangedNotification for pid 1662: active
03:58:06.607 WebDriverAgentRunner-Runner[1505:32700] Handling kAXPidStatusChangedNotification
03:58:06.608 WebDriverAgentRunner-Runner[1505:32700] Got kAXPidStatusChangedNotification for pid 1662: active
03:58:42.609 WebDriverAgentRunner-Runner[1505:32698] Handling kAXPidStatusChangedNotification
03:58:42.609 WebDriverAgentRunner-Runner[1505:32698] Got kAXPidStatusChangedNotification for pid 1669: active
03:59:12.625 WebDriverAgentRunner-Runner[1505:32703] Handling kAXPidStatusChangedNotification
03:59:12.625 WebDriverAgentRunner-Runner[1505:32703] Got kAXPidStatusChangedNotification for pid 1669: active
03:59:48.626 WebDriverAgentRunner-Runner[1505:32703] Handling kAXPidStatusChangedNotification
03:59:48.626 WebDriverAgentRunner-Runner[1505:32703] Got kAXPidStatusChangedNotification for pid 1677: active
04:00:18.628 WebDriverAgentRunner-Runner[1505:32700] Handling kAXPidStatusChangedNotification
04:00:18.628 WebDriverAgentRunner-Runner[1505:32700] Got kAXPidStatusChangedNotification for pid 1677: active
04:00:54.609 WebDriverAgentRunner-Runner[1505:32698] Handling kAXPidStatusChangedNotification
04:00:54.609 WebDriverAgentRunner-Runner[1505:32698] Got kAXPidStatusChangedNotification for pid 1684: active
04:01:24.625 WebDriverAgentRunner-Runner[1505:32698] Handling kAXPidStatusChangedNotification
04:01:24.626 WebDriverAgentRunner-Runner[1505:32698] Got kAXPidStatusChangedNotification for pid 1684: active
04:02:00.590 WebDriverAgentRunner-Runner[1505:32703] Handling kAXPidStatusChangedNotification
04:02:00.591 WebDriverAgentRunner-Runner[1505:32703] Got kAXPidStatusChangedNotification for pid 1692: active
04:02:30.612 WebDriverAgentRunner-Runner[1505:32698] Handling kAXPidStatusChangedNotification
04:02:30.613 WebDriverAgentRunner-Runner[1505:32698] Got kAXPidStatusChangedNotification for pid 1692: active
04:03:06.639 WebDriverAgentRunner-Runner[1505:32698] Handling kAXPidStatusChangedNotification
04:03:06.640 WebDriverAgentRunner-Runner[1505:32698] Got kAXPidStatusChangedNotification for pid 1700: active
04:03:36.662 WebDriverAgentRunner-Runner[1505:32698] Handling kAXPidStatusChangedNotification
04:03:36.662 WebDriverAgentRunner-Runner[1505:32698] Got kAXPidStatusChangedNotification for pid 1700: active
04:04:12.606 WebDriverAgentRunner-Runner[1505:32703] Handling kAXPidStatusChangedNotification
04:04:12.606 WebDriverAgentRunner-Runner[1505:32703] Got kAXPidStatusChangedNotification for pid 1707: active
04:04:42.630 WebDriverAgentRunner-Runner[1505:32698] Handling kAXPidStatusChangedNotification
04:04:42.630 WebDriverAgentRunner-Runner[1505:32698] Got kAXPidStatusChangedNotification for pid 1707: active
04:05:18.588 WebDriverAgentRunner-Runner[1505:32703] Handling kAXPidStatusChangedNotification
04:05:18.588 WebDriverAgentRunner-Runner[1505:32703] Got kAXPidStatusChangedNotification for pid 1715: active
04:05:48.604 WebDriverAgentRunner-Runner[1505:32703] Handling kAXPidStatusChangedNotification
04:05:48.604 WebDriverAgentRunner-Runner[1505:32703] Got kAXPidStatusChangedNotification for pid 1715: active
04:06:24.586 WebDriverAgentRunner-Runner[1505:32700] Handling kAXPidStatusChangedNotification
04:06:24.586 WebDriverAgentRunner-Runner[1505:32700] Got kAXPidStatusChangedNotification for pid 1722: active
04:06:54.609 WebDriverAgentRunner-Runner[1505:32698] Handling kAXPidStatusChangedNotification
04:06:54.609 WebDriverAgentRunner-Runner[1505:32698] Got kAXPidStatusChangedNotification for pid 1722: active
04:07:30.588 WebDriverAgentRunner-Runner[1505:32703] Handling kAXPidStatusChangedNotification
04:07:30.589 WebDriverAgentRunner-Runner[1505:32703] Got kAXPidStatusChangedNotification for pid 1730: active
04:08:00.601 WebDriverAgentRunner-Runner[1505:32700] Handling kAXPidStatusChangedNotification
04:08:00.602 WebDriverAgentRunner-Runner[1505:32700] Got kAXPidStatusChangedNotification for pid 1730: active
04:08:36.627 WebDriverAgentRunner-Runner[1505:32698] Handling kAXPidStatusChangedNotification
04:08:36.627 WebDriverAgentRunner-Runner[1505:32698] Got kAXPidStatusChangedNotification for pid 1738: active
04:09:06.650 WebDriverAgentRunner-Runner[1505:32698] Handling kAXPidStatusChangedNotification
04:09:06.651 WebDriverAgentRunner-Runner[1505:32698] Got kAXPidStatusChangedNotification for pid 1738: active
04:09:42.605 WebDriverAgentRunner-Runner[1505:32700] Handling kAXPidStatusChangedNotification
04:09:42.605 WebDriverAgentRunner-Runner[1505:32700] Got kAXPidStatusChangedNotification for pid 1745: active
04:10:12.624 WebDriverAgentRunner-Runner[1505:32700] Handling kAXPidStatusChangedNotification
04:10:12.625 WebDriverAgentRunner-Runner[1505:32700] Got kAXPidStatusChangedNotification for pid 1745: active
04:10:48.596 WebDriverAgentRunner-Runner[1505:32698] Handling kAXPidStatusChangedNotification
04:10:48.596 WebDriverAgentRunner-Runner[1505:32698] Got kAXPidStatusChangedNotification for pid 1753: active
04:11:18.614 WebDriverAgentRunner-Runner[1505:32703] Handling kAXPidStatusChangedNotification
04:11:18.615 WebDriverAgentRunner-Runner[1505:32703] Got kAXPidStatusChangedNotification for pid 1753: active
04:11:54.625 WebDriverAgentRunner-Runner[1505:32700] Handling kAXPidStatusChangedNotification
04:11:54.626 WebDriverAgentRunner-Runner[1505:32700] Got kAXPidStatusChangedNotification for pid 1760: active
04:12:24.642 WebDriverAgentRunner-Runner[1505:32700] Handling kAXPidStatusChangedNotification
04:12:24.643 WebDriverAgentRunner-Runner[1505:32700] Got kAXPidStatusChangedNotification for pid 1760: active
04:13:00.594 WebDriverAgentRunner-Runner[1505:32700] Handling kAXPidStatusChangedNotification
04:13:00.594 WebDriverAgentRunner-Runner[1505:32700] Got kAXPidStatusChangedNotification for pid 1768: active
04:13:30.614 WebDriverAgentRunner-Runner[1505:32698] Handling kAXPidStatusChangedNotification
04:13:30.615 WebDriverAgentRunner-Runner[1505:32698] Got kAXPidStatusChangedNotification for pid 1768: active
04:14:06.635 WebDriverAgentRunner-Runner[1505:32700] Handling kAXPidStatusChangedNotification
04:14:06.635 WebDriverAgentRunner-Runner[1505:32700] Got kAXPidStatusChangedNotification for pid 1775: active
04:14:36.658 WebDriverAgentRunner-Runner[1505:32703] Handling kAXPidStatusChangedNotification
04:14:36.658 WebDriverAgentRunner-Runner[1505:32703] Got kAXPidStatusChangedNotification for pid 1775: active
04:15:12.596 WebDriverAgentRunner-Runner[1505:32700] Handling kAXPidStatusChangedNotification
04:15:12.596 WebDriverAgentRunner-Runner[1505:32700] Got kAXPidStatusChangedNotification for pid 1783: active
04:15:34.159 WebDriverAgentRunner-Runner[1505:32700] Handling kAXPidStatusChangedNotification
04:15:34.160 WebDriverAgentRunner-Runner[1505:32700] Got kAXPidStatusChangedNotification for pid 167: active
04:15:34.268 WebDriverAgentRunner-Runner[1505:32700] Handling kAXPidStatusChangedNotification
04:15:34.268 WebDriverAgentRunner-Runner[1505:32700] Got kAXPidStatusChangedNotification for pid 167: active
04:15:42.609 WebDriverAgentRunner-Runner[1505:32703] Handling kAXPidStatusChangedNotification
04:15:42.610 WebDriverAgentRunner-Runner[1505:32703] Got kAXPidStatusChangedNotification for pid 1783: active
04:16:18.665 WebDriverAgentRunner-Runner[1505:32698] Handling kAXPidStatusChangedNotification
04:16:18.666 WebDriverAgentRunner-Runner[1505:32698] Got kAXPidStatusChangedNotification for pid 1791: active
04:16:48.688 WebDriverAgentRunner-Runner[1505:32703] Handling kAXPidStatusChangedNotification
04:16:48.688 WebDriverAgentRunner-Runner[1505:32703] Got kAXPidStatusChangedNotification for pid 1791: active
04:17:24.705 WebDriverAgentRunner-Runner[1505:32698] Handling kAXPidStatusChangedNotification
04:17:24.706 WebDriverAgentRunner-Runner[1505:32698] Got kAXPidStatusChangedNotification for pid 1798: active
04:17:54.722 WebDriverAgentRunner-Runner[1505:32698] Handling kAXPidStatusChangedNotification
04:17:54.723 WebDriverAgentRunner-Runner[1505:32698] Got kAXPidStatusChangedNotification for pid 1798: active
04:18:30.615 WebDriverAgentRunner-Runner[1505:32698] Handling kAXPidStatusChangedNotification
04:18:30.616 WebDriverAgentRunner-Runner[1505:32698] Got kAXPidStatusChangedNotification for pid 1806: active
04:19:00.635 WebDriverAgentRunner-Runner[1505:32698] Handling kAXPidStatusChangedNotification
04:19:00.636 WebDriverAgentRunner-Runner[1505:32698] Got kAXPidStatusChangedNotification for pid 1806: active
04:19:36.645 WebDriverAgentRunner-Runner[1505:32698] Handling kAXPidStatusChangedNotification
04:19:36.645 WebDriverAgentRunner-Runner[1505:32698] Got kAXPidStatusChangedNotification for pid 1813: active
04:20:06.673 WebDriverAgentRunner-Runner[1505:32698] Handling kAXPidStatusChangedNotification
04:20:06.674 WebDriverAgentRunner-Runner[1505:32698] Got kAXPidStatusChangedNotification for pid 1813: active
04:20:42.623 WebDriverAgentRunner-Runner[1505:32703] Handling kAXPidStatusChangedNotification
04:20:42.624 WebDriverAgentRunner-Runner[1505:32703] Got kAXPidStatusChangedNotification for pid 1821: active
04:21:12.647 WebDriverAgentRunner-Runner[1505:32700] Handling kAXPidStatusChangedNotification
04:21:12.648 WebDriverAgentRunner-Runner[1505:32700] Got kAXPidStatusChangedNotification for pid 1821: active
04:21:23.569 WebDriverAgentRunner-Runner[1505:32703] Handling kAXPidStatusChangedNotification
04:21:23.570 WebDriverAgentRunner-Runner[1505:32703] Got kAXPidStatusChangedNotification for pid 1394: active
04:21:23.816 WebDriverAgentRunner-Runner[1505:32700] Handling kAXPidStatusChangedNotification
04:21:23.816 WebDriverAgentRunner-Runner[1505:32700] Got kAXPidStatusChangedNotification for pid 1394: active
04:21:33.370 WebDriverAgentRunner-Runner[1505:32703] Handling kAXPidStatusChangedNotification
04:21:33.370 WebDriverAgentRunner-Runner[1505:32703] Got kAXPidStatusChangedNotification for pid 1830: active
04:21:33.417 WebDriverAgentRunner-Runner[1505:32703] Handling kAXPidStatusChangedNotification
04:21:33.418 WebDriverAgentRunner-Runner[1505:32703] Got kAXPidStatusChangedNotification for pid 1830: active
04:21:33.460 WebDriverAgentRunner-Runner[1505:32698] Handling kAXPidStatusChangedNotification
04:21:33.461 WebDriverAgentRunner-Runner[1505:32698] Got kAXPidStatusChangedNotification for pid 413: active
04:21:39.694 WebDriverAgentRunner-Runner[1505:32698] Handling kAXPidStatusChangedNotification
04:21:39.695 WebDriverAgentRunner-Runner[1505:32698] Got kAXPidStatusChangedNotification for pid 1830: active
04:21:48.655 WebDriverAgentRunner-Runner[1505:32700] Handling kAXPidStatusChangedNotification
04:21:48.655 WebDriverAgentRunner-Runner[1505:32700] Got kAXPidStatusChangedNotification for pid 1837: active
04:22:18.673 WebDriverAgentRunner-Runner[1505:32700] Handling kAXPidStatusChangedNotification
04:22:18.674 WebDriverAgentRunner-Runner[1505:32700] Got kAXPidStatusChangedNotification for pid 1837: active
04:22:23.989 WebDriverAgentRunner-Runner[1505:32700] Handling kAXPidStatusChangedNotification
04:22:23.989 WebDriverAgentRunner-Runner[1505:32700] Got kAXPidStatusChangedNotification for pid 1846: active
04:22:54.749 WebDriverAgentRunner-Runner[1505:32700] Handling kAXPidStatusChangedNotification
04:22:54.749 WebDriverAgentRunner-Runner[1505:32700] Got kAXPidStatusChangedNotification for pid 1857: active
04:22:56.930 WebDriverAgentRunner-Runner[1505:32700] Handling kAXPidStatusChangedNotification
04:22:56.931 WebDriverAgentRunner-Runner[1505:32700] Got kAXPidStatusChangedNotification for pid 1830: active
04:23:03.246 WebDriverAgentRunner-Runner[1505:32698] Handling kAXPidStatusChangedNotification
04:23:03.246 WebDriverAgentRunner-Runner[1505:32698] Got kAXPidStatusChangedNotification for pid 1830: active
04:23:24.764 WebDriverAgentRunner-Runner[1505:32703] Handling kAXPidStatusChangedNotification
04:23:24.764 WebDriverAgentRunner-Runner[1505:32703] Got kAXPidStatusChangedNotification for pid 1857: active
04:23:25.515 WebDriverAgentRunner-Runner[1505:32703] Handling kAXPidStatusChangedNotification
04:23:25.516 WebDriverAgentRunner-Runner[1505:32703] Got kAXPidStatusChangedNotification for pid 433: active
04:23:25.826 WebDriverAgentRunner-Runner[1505:32700] Handling kAXPidStatusChangedNotification
04:23:25.827 WebDriverAgentRunner-Runner[1505:32700] Got kAXPidStatusChangedNotification for pid 433: active
04:23:58.258 WebDriverAgentRunner-Runner[1505:32700] Handling kAXPidStatusChangedNotification
04:23:58.258 WebDriverAgentRunner-Runner[1505:32700] Got kAXPidStatusChangedNotification for pid 433: active
04:23:58.513 WebDriverAgentRunner-Runner[1505:32700] Handling kAXPidStatusChangedNotification
04:23:58.513 WebDriverAgentRunner-Runner[1505:32700] Got kAXPidStatusChangedNotification for pid 433: active
04:24:00.675 WebDriverAgentRunner-Runner[1505:32700] Handling kAXPidStatusChangedNotification
04:24:00.675 WebDriverAgentRunner-Runner[1505:32700] Got kAXPidStatusChangedNotification for pid 1879: active
04:24:24.953 WebDriverAgentRunner-Runner[1505:32700] Handling kAXPidStatusChangedNotification
04:24:24.955 WebDriverAgentRunner-Runner[1505:32700] Got kAXPidStatusChangedNotification for pid 1883: active
04:24:30.672 WebDriverAgentRunner-Runner[1505:32700] Handling kAXPidStatusChangedNotification
04:24:30.672 WebDriverAgentRunner-Runner[1505:32700] Got kAXPidStatusChangedNotification for pid 1879: active
04:24:30.680 WebDriverAgentRunner-Runner[1505:32703] Handling kAXPidStatusChangedNotification
04:24:30.680 WebDriverAgentRunner-Runner[1505:32703] Got kAXPidStatusChangedNotification for pid 1885: active
04:24:31.300 WebDriverAgentRunner-Runner[1505:32700] Handling kAXPidStatusChangedNotification
04:24:31.300 WebDriverAgentRunner-Runner[1505:32700] Got kAXPidStatusChangedNotification for pid 1885: active
04:25:06.705 WebDriverAgentRunner-Runner[1505:32698] Handling kAXPidStatusChangedNotification
04:25:06.705 WebDriverAgentRunner-Runner[1505:32698] Got kAXPidStatusChangedNotification for pid 1893: active
04:25:25.665 WebDriverAgentRunner-Runner[1505:32703] Handling kAXPidStatusChangedNotification
04:25:25.665 WebDriverAgentRunner-Runner[1505:32703] Got kAXPidStatusChangedNotification for pid 1846: active
04:25:36.689 WebDriverAgentRunner-Runner[1505:32698] Handling kAXPidStatusChangedNotification
04:25:36.690 WebDriverAgentRunner-Runner[1505:32698] Got kAXPidStatusChangedNotification for pid 1893: active
04:25:36.731 WebDriverAgentRunner-Runner[1505:32703] Handling kAXPidStatusChangedNotification
04:25:36.731 WebDriverAgentRunner-Runner[1505:32703] Got kAXPidStatusChangedNotification for pid 1897: active
04:26:12.547 WebDriverAgentRunner-Runner[1505:32700] Handling kAXPidStatusChangedNotification
04:26:12.547 WebDriverAgentRunner-Runner[1505:32700] Got kAXPidStatusChangedNotification for pid 1904: active
04:26:42.570 WebDriverAgentRunner-Runner[1505:32700] Handling kAXPidStatusChangedNotification
04:26:42.571 WebDriverAgentRunner-Runner[1505:32700] Got kAXPidStatusChangedNotification for pid 1904: active
04:27:16.304 WebDriverAgentRunner-Runner[1505:32698] Handling kAXPidStatusChangedNotification
04:27:16.304 WebDriverAgentRunner-Runner[1505:32698] Got kAXPidStatusChangedNotification for pid 99: active
04:27:18.575 WebDriverAgentRunner-Runner[1505:32700] Handling kAXPidStatusChangedNotification
04:27:18.575 WebDriverAgentRunner-Runner[1505:32700] Got kAXPidStatusChangedNotification for pid 1915: active
04:27:41.198 WebDriverAgentRunner-Runner[1505:32703] Handling kAXPidStatusChangedNotification
04:27:41.198 WebDriverAgentRunner-Runner[1505:32703] Got kAXPidStatusChangedNotification for pid 1897: active
04:27:48.457 WebDriverAgentRunner-Runner[1505:32700] Handling kAXPidStatusChangedNotification
04:27:48.458 WebDriverAgentRunner-Runner[1505:32700] Got kAXPidStatusChangedNotification for pid 1915: active
04:28:24.193 WebDriverAgentRunner-Runner[1505:32698] Handling kAXPidStatusChangedNotification
04:28:24.193 WebDriverAgentRunner-Runner[1505:32698] Got kAXPidStatusChangedNotification for pid 1923: active
04:28:54.217 WebDriverAgentRunner-Runner[1505:32698] Handling kAXPidStatusChangedNotification
04:28:54.218 WebDriverAgentRunner-Runner[1505:32698] Got kAXPidStatusChangedNotification for pid 1923: active
04:29:30.202 WebDriverAgentRunner-Runner[1505:32703] Handling kAXPidStatusChangedNotification
04:29:30.202 WebDriverAgentRunner-Runner[1505:32703] Got kAXPidStatusChangedNotification for pid 1931: active
04:30:00.219 WebDriverAgentRunner-Runner[1505:32703] Handling kAXPidStatusChangedNotification
04:30:00.220 WebDriverAgentRunner-Runner[1505:32703] Got kAXPidStatusChangedNotification for pid 1931: active
04:30:36.022 WebDriverAgentRunner-Runner[1505:32703] Handling kAXPidStatusChangedNotification
04:30:36.022 WebDriverAgentRunner-Runner[1505:32703] Got kAXPidStatusChangedNotification for pid 1938: active
04:31:06.041 WebDriverAgentRunner-Runner[1505:32700] Handling kAXPidStatusChangedNotification
04:31:06.042 WebDriverAgentRunner-Runner[1505:32700] Got kAXPidStatusChangedNotification for pid 1938: active
04:31:42.100 WebDriverAgentRunner-Runner[1505:32703] Handling kAXPidStatusChangedNotification
04:31:42.100 WebDriverAgentRunner-Runner[1505:32703] Got kAXPidStatusChangedNotification for pid 1946: active
04:32:12.120 WebDriverAgentRunner-Runner[1505:32698] Handling kAXPidStatusChangedNotification
04:32:12.121 WebDriverAgentRunner-Runner[1505:32698] Got kAXPidStatusChangedNotification for pid 1946: active
04:32:48.011 WebDriverAgentRunner-Runner[1505:32700] Handling kAXPidStatusChangedNotification
04:32:48.012 WebDriverAgentRunner-Runner[1505:32700] Got kAXPidStatusChangedNotification for pid 1953: active
04:33:18.030 WebDriverAgentRunner-Runner[1505:32700] Handling kAXPidStatusChangedNotification
04:33:18.030 WebDriverAgentRunner-Runner[1505:32700] Got kAXPidStatusChangedNotification for pid 1953: active
04:33:54.033 WebDriverAgentRunner-Runner[1505:32698] Handling kAXPidStatusChangedNotification
04:33:54.033 WebDriverAgentRunner-Runner[1505:32698] Got kAXPidStatusChangedNotification for pid 1961: active
04:34:24.041 WebDriverAgentRunner-Runner[1505:32700] Handling kAXPidStatusChangedNotification
04:34:24.042 WebDriverAgentRunner-Runner[1505:32700] Got kAXPidStatusChangedNotification for pid 1961: active
04:35:00.098 WebDriverAgentRunner-Runner[1505:32703] Handling kAXPidStatusChangedNotification
04:35:00.099 WebDriverAgentRunner-Runner[1505:32703] Got kAXPidStatusChangedNotification for pid 1969: active
04:35:30.125 WebDriverAgentRunner-Runner[1505:32698] Handling kAXPidStatusChangedNotification
04:35:30.126 WebDriverAgentRunner-Runner[1505:32698] Got kAXPidStatusChangedNotification for pid 1969: active
04:36:06.010 WebDriverAgentRunner-Runner[1505:32703] Handling kAXPidStatusChangedNotification
04:36:06.010 WebDriverAgentRunner-Runner[1505:32703] Got kAXPidStatusChangedNotification for pid 1976: active
04:36:36.029 WebDriverAgentRunner-Runner[1505:32698] Handling kAXPidStatusChangedNotification
04:36:36.030 WebDriverAgentRunner-Runner[1505:32698] Got kAXPidStatusChangedNotification for pid 1976: active
04:37:12.018 WebDriverAgentRunner-Runner[1505:32700] Handling kAXPidStatusChangedNotification
04:37:12.018 WebDriverAgentRunner-Runner[1505:32700] Got kAXPidStatusChangedNotification for pid 1984: active
04:37:42.036 WebDriverAgentRunner-Runner[1505:32698] Handling kAXPidStatusChangedNotification
04:37:42.037 WebDriverAgentRunner-Runner[1505:32698] Got kAXPidStatusChangedNotification for pid 1984: active
04:38:17.979 WebDriverAgentRunner-Runner[1505:32703] Handling kAXPidStatusChangedNotification
04:38:17.979 WebDriverAgentRunner-Runner[1505:32703] Got kAXPidStatusChangedNotification for pid 1991: active
04:38:47.993 WebDriverAgentRunner-Runner[1505:32700] Handling kAXPidStatusChangedNotification
04:38:47.994 WebDriverAgentRunner-Runner[1505:32700] Got kAXPidStatusChangedNotification for pid 1991: active
04:39:24.009 WebDriverAgentRunner-Runner[1505:32700] Handling kAXPidStatusChangedNotification
04:39:24.009 WebDriverAgentRunner-Runner[1505:32700] Got kAXPidStatusChangedNotification for pid 1999: active
04:39:54.033 WebDriverAgentRunner-Runner[1505:32703] Handling kAXPidStatusChangedNotification
04:39:54.033 WebDriverAgentRunner-Runner[1505:32703] Got kAXPidStatusChangedNotification for pid 1999: active
{"time":"2026-08-14T18:40:10.666127+07:00","level":"INFO","msg":"os signal 15 received, closing..."}
{"time":"2026-08-14T18:40:10.666319+07:00","level":"INFO","msg":"Done Closing"}
{"time":"2026-08-14T18:40:10.666352+07:00","level":"INFO","msg":"Killing test runner","module":"go-ios/testmanagerd","udid":"ec12e067c6cc565d2c43e7bf2aefb95c0420a0e4","pid":1505}
